# .PCD v0.7 - Point Cloud Data file format
VERSION 0.7
FIELDS x y z intensity
SIZE 4 4 4 4
TYPE F F F F
COUNT 1 1 1 1
WIDTH 4115
HEIGHT 1
VIEWPOINT 0 0 0 1 0 0 0
POINTS 4115
DATA ascii
-6.3374343 0.2241933 1.0598332 12
-6.3057532 0.31000715 1.0426682 11
-6.323432 0.24070759 1.1584741 12.5
-6.3282509 0.24225537 1.2065529 14
-6.3357291 0.23044467 1.3475497 14
-6.2627993 0.38750169 0.83875316 10
-6.2506089 0.094037369 0.95740443 11
-6.2887144 0.28233361 0.98558521 11
-6.2780132 0.32579476 0.97218525 11
-6.2439713 0.48326716 0.96965623 11
-6.2053585 0.1061866 1.056721 12
-6.2939572 0.15681341 1.2537727 13
-6.2910552 0.2535224 1.2653593 11
-6.2282505 0.041876074 1.3437883 12.5
-6.2957988 0.19593526 1.3567337 15
-6.26859 0.2084119 1.3220446 14
-6.2352433 0.3095147 1.3581771 13
-6.2177596 0.29464966 1.4732471 12
-6.2967796 0.23144239 1.5247782 14
-6.1252542 0.047428753 0.96181643 11
-6.1523976 -0.032958478 1.2810011 15
-6.1505051 0.07114014 1.2376509 13
-6.1608405 0.14999285 1.3654691 13
-6.0025373 -0.13864879 0.8680144 11
-6.0308924 -0.24480444 1.2160703 12
-6.0247211 0.36585146 1.3523502 13
-6.0101686 0.43973041 1.4326684 13
-6.0343666 0.44887984 1.6966721 14
-6.0085573 0.52681041 1.8021203 15
-5.9081335 0.7106815 0.63555717 9
-5.9543686 -0.22687638 0.8952527 11
-5.9512248 0.80955136 0.88085765 12
-5.9294901 0.94411749 0.83754563 15
-5.9691601 -0.25021502 0.9218415 15
-5.9347396 0.74388993 0.97426975 12
-5.9131517 1.0287122 0.9206925 15
-5.9291158 0.86988723 1.0813589 15
-5.9042115 1.0246052 1.0738249 11
-5.9440308 0.83122736 1.1930827 13
-5.9235716 0.94286084 1.1306494 12
-5.9072695 0.67985868 1.2760468 13
-5.9232888 0.95238805 1.2564042 12.5
-5.9086237 0.96424645 1.325403 12
-5.9447651 0.38705534 1.4863125 13
-5.9791961 0.41991419 1.4923654 15
-5.9307003 0.95764256 1.4242358 13.666667
-5.9205379 0.37815374 1.5513399 14.166667
-5.9899416 0.43768036 1.52157 14
-5.9172211 0.8144303 1.5840536 14
-5.9139113 0.97782451 1.5483464 14
-5.9312458 1.0496868 1.5167408 13
-5.9130454 0.25067106 1.6385978 14
-5.9662824 0.37999052 1.6499707 14.5
-5.9744596 0.44515097 1.6162251 15
-5.9448957 0.86468863 1.6243337 13.666667
-5.9519506 0.94158632 1.6520916 14.5
-5.9254036 0.97407544 1.7663268 14.666667
-5.9646754 0.56047916 1.8148251 15
-5.9175501 0.98642564 1.8277982 15
-5.8161745 -0.30974928 0.64165491 10
-5.8972392 0.51562238 0.68618578 10
-5.8537908 0.67463422 0.76681948 15
-5.8121285 1.0665039 0.75307107 12
-5.8717422 1.0371029 0.87083405 12
-5.8180666 1.1784924 0.82258487 11
-5.8900852 1.064537 0.95422006 13
-5.8559337 0.65347731 1.1560247 11.5
-5.8363357 1.0475888 1.1369833 12.666667
-5.8586507 -0.39888549 1.2498417 12
-5.8655515 0.61662716 1.2885015 15
-5.8867111 0.99569237 1.3630552 13
-5.8754387 0.23850091 1.4948595 13
-5.8299675 0.33651993 1.4702266 13
-5.8444748 0.99405318 1.4258064 14
-5.8539519 1.036611 1.4449588 13.5
-5.8439913 0.11888824 1.5615492 14
-5.8635874 0.26183042 1.594978 14
-5.841362 1.1094798 1.5148538 12
-5.8596368 0.24693878 1.6296166 14
-5.8943572 0.31701997 1.6293501 13
-5.8951793 0.98735023 1.7580882 15
-5.8806868 1.0226885 1.7473201 15
-5.8937249 0.37611854 1.8869859 15
-5.898581 1.0078692 1.8115488 15
-5.8460197 0.9268828 2.03508 14
-5.7998524 0.48463491 0.57031655 10
-5.7568855 -0.13885336 0.68191737 10
-5.7446399 -0.47428018 0.85782379 10
-5.795413 0.40930536 0.8685692 11
-5.7189841 -0.74117613 1.0301234 12
-5.7014065 -0.63133353 1.0013171 14
-5.7827401 -0.49044824 1.0848068 15
-5.7946568 -0.48151025 1.1838988 15
-5.7564654 -0.56007975 1.2849764 14
-5.7385154 -0.53465176 1.4358666 12
-5.7446604 0.10586452 1.7093016 15
-5.7122612 -0.35084212 1.8948703 15
-5.6256948 0.44275725 0.49388373 9
-5.6456022 0.34078994 0.74784368 15
-5.6574631 -0.61412585 0.81957537 10
-5.6745181 -0.65208119 0.93891925 12
-5.6497793 -0.7042219 1.0970037 15
-5.6266699 -0.67133981 1.2256875 15
-5.6891193 0.046801463 1.3584268 15
-5.6486173 1.1001426 1.3926053 13
-5.6897902 -0.65210378 1.4621806 15
-5.6704135 0.34833664 1.7552541 14
-5.5560541 0.26805243 0.23602439 8.5
-5.5343227 0.18957952 0.59486717 13
-5.5136042 0.21039161 0.52205545 10
-5.5326366 0.19415854 0.61492968 11
-5.5341144 -0.54341489 0.7833252 14
-5.5164728 -0.83105314 0.81952882 11
-5.5830293 -0.61538374 0.8261503 12
-5.5654778 -0.89439172 1.1233917 15
-5.5147886 -0.26715794 1.3145398 14
-5.5564127 -0.17055954 1.3382434 13
-5.5479207 -0.14780396 1.4630241 14.5
-5.528707 -0.20830582 1.6285845 14
-5.5771976 -0.19415464 1.6919047 15
-5.5391402 1.2168299 1.7598001 15
-5.4697104 -0.14520529 -0.018399822 6
-5.478303 -0.080416314 0.095582552 7
-5.4506598 0.047196992 0.18454476 8
-5.4613428 0.14340833 0.16587391 9.125
-5.4987183 0.10334294 0.25947148 8
-5.4712029 0.14899775 0.36402333 10.25
-5.4303617 0.085038297 0.40805033 11.5
-5.4138374 0.048869502 0.59260458 10
-5.4798737 -0.173473 0.6738162 10
-5.4573841 0.14267968 0.63245726 15
-5.4629731 -0.037683137 0.71443731 15
-5.4002924 -1.011574 0.89573598 12
-5.4089913 -0.91649854 0.81048882 10
-5.4667006 -0.83012086 0.86862785 12
-5.4649196 -0.74018431 0.8492502 11
-5.4377284 -0.69177377 0.80140764 11
-5.4762397 -0.7807163 0.98391646 14
-5.475646 1.2246661 0.91777033 11
-5.4183335 1.3269019 0.91216975 15
-5.4997673 -0.92567974 1.1910156 12
-5.4770689 -0.28606674 1.2858683 13
-5.4366131 1.253913 1.271202 15
-5.4239101 -0.3355113 1.3296245 13
-5.403585 1.346866 1.3700422 12
-5.4373813 -0.30339602 1.4097669 15
-5.4851131 -0.21848826 1.5879891 15
-5.4272594 -0.32584491 1.6772271 14
-5.4057288 0.089708723 1.6890415 14
-5.4822578 -0.12979163 1.7700031 15
-5.4106712 -0.046823036 1.7871408 15
-5.3126473 -0.16129149 0.097715892 8
-5.3902144 -0.054047767 0.064560093 8
-5.3071995 0.42073566 0.097928375 9
-5.3764057 -0.027272349 0.19816718 9.5
-5.3450532 -0.045591116 0.27002373 9
-5.3347583 -0.071342565 0.31128573 11
-5.3113952 -0.10513123 0.49801949 13
-5.3601704 -0.047171213 0.45349824 10
-5.3934174 0.01451893 0.58238769 14
-5.3229227 -0.12471534 0.66509891 12.5
-5.3612552 0.079926237 0.6169306 13
-5.3856597 -0.78155649 0.79367137 11
-5.3836789 -1.0677415 0.83289897 11
-5.338098 -1.197874 1.0228385 13
-5.3560271 -1.1540723 1.1753186 14.75
-5.3348455 -0.41686153 1.2522305 13
-5.3603864 1.2051212 1.2855073 13
-5.3781958 1.2929057 1.386255 15
-5.3589325 -0.43505105 1.4257551 14.5
-5.3495374 -0.37055248 1.4005989 14
-5.3224735 -0.43348408 1.5255098 14.5
-5.3642278 1.2616519 1.6118097 15
-5.3445635 -0.40478358 1.7241849 14
-5.356132 -0.16853364 1.7818279 15
-5.2350016 -0.22494401 -0.10667008 6
-5.2235126 -0.21740772 0.061124537 7.5
-5.25032 -0.19239883 0.055426881 7
-5.2760401 -0.16325456 0.13274138 8
-5.2071943 0.65754831 0.10669005 8
-5.2437172 0.47592974 0.24403176 10
-5.2208066 0.73645413 0.25795543 11
-5.2000146 -0.26427609 0.31404787 8
-5.2411671 0.46871871 0.32920903 9.666667
-5.2421441 -0.25109139 0.43852147 11.5
-5.2926669 -0.12885234 0.4722057 10
-5.2076044 0.50887877 0.40238908 12
-5.267323 -0.24810511 0.58330214 10.5
-5.2048893 0.46115002 0.57188928 10
-5.2816525 -0.21943989 0.65720439 14
-5.2836142 -0.14105491 0.62148476 15
-5.2542253 -0.50736517 0.75833672 15
-5.2545285 -1.2086538 1.0366637 15
-5.2091246 -1.3096216 1.2808651 14.5
-5.25594 1.3650088 1.2241106 14
-5.2929807 -0.51521522 1.3821106 14
-5.2354832 -0.6499961 1.4337261 15
-5.2841187 1.3178444 1.477765 15
-5.2375207 -0.66007274 1.5178019 15
-5.2597747 -0.53903151 1.5341054 14.5
-5.2145004 -0.68551749 1.6469822 14
-5.105917 -0.46329641 0.063992873 8
-5.1302204 0.57664305 0.035500865 7
-5.1477695 -0.32760078 0.13904537 8
-5.1285 1.8966473 0.12102853 7
-5.1763678 0.50372785 0.219531 9.25
-5.1842294 1.9833492 0.22476259 10
-5.1794095 -0.28946874 0.37216532 8
-5.1096892 1.8089395 0.33553481 10
-5.1129804 -0.45108792 0.46112308 10
-5.1180868 -0.36798388 0.48683384 9
-5.1716552 0.48391852 0.42707574 11.25
-5.1166205 0.53461683 0.42524287 9
-5.1688914 1.9935868 0.4451575 13
-5.1068602 -0.411695 0.53267425 9
-5.1370354 -0.3430931 0.55850405 11
-5.1731639 -0.26083285 0.57279354 13
-5.1800933 0.49124321 0.50878727 10
-5.1604195 1.957919 0.58498538 13
-5.1675348 -0.56966811 0.64489371 10
-5.1394563 -0.41398606 0.60759681 11
-5.1172519 -0.70110917 0.7896024 14.5
-5.1904254 -0.6816957 0.71698266 10
-5.1197462 -0.57809442 0.74297023 12
-5.1112509 -0.48449552 0.76306301 12
-5.1612477 -1.3401908 0.96666247 12.5
-5.1563792 -1.3649665 1.0137076 13
-5.1042876 1.4680682 1.089367 12
-5.123837 -0.70218813 1.1699947 12
-5.1862659 -1.333672 1.2245407 15
-5.1379237 -0.73098165 1.394927 15
-5.1013837 1.4703166 1.3974645 14
-5.1438084 -0.76844263 1.4377512 15
-5.1809173 -0.72179514 1.5177827 15
-5.1371784 -0.15277341 2.0462425 15
-5.0627661 0.5397408 0.16783544 10
-5.0489907 0.60223943 0.12856515 9
-5.0788312 -0.44951969 0.23266175 9.5
-5.0800343 0.57616419 0.25692862 11
-5.0993419 1.8349274 0.26065117 9
-5.0429244 2.0479341 0.22821017 10
-5.021523 -0.53459954 0.36566949 9
-5.0812111 -0.47770736 0.30276519 10
-5.0695858 0.52852368 0.37706274 9.5
-5.021225 -0.54350239 0.47589627 10
-5.0696959 -0.4867925 0.49849439 9
-5.0747218 0.57144254 0.48139659 10
-5.0406632 -0.50651902 0.57801646 10
-5.0889196 -0.47447821 0.5653699 12
-5.0910015 -0.45898035 0.68829244 11
-5.0098176 1.5362692 0.6627419 10
-5.014349 1.5391599 1.0291147 12
-5.0407848 1.5091158 1.2629291 13
-5.010643 -0.87591797 1.3077236 13
-5.0215011 1.4637852 1.4437133 13
-5.0010157 1.5052023 1.4026949 15
-5.0119457 -0.95645058 1.5420696 15
-5.0845304 -0.88078105 1.5254616 15
-5.0547085 -0.56525403 1.73931 15
-4.9100685 0.81396967 -0.11518931 4
-4.9717817 -0.42745331 -0.030639136 8
-4.9453983 -0.61418641 0.086091645 7.5
-4.9442511 -0.71276134 0.10845464 8
-4.9522257 -0.64914471 0.12705253 7.5
-4.9701204 -0.58333862 0.16136396 9
-4.9765515 -0.47049531 0.10241297 8
-4.9998188 0.59316599 0.16450466 8
-4.94065 0.66096681 0.14382574 9.5
-4.9404254 -0.66870391 0.29270902 8
-4.9764161 0.66737473 0.24659812 10
-4.938736 2.1076014 0.20999548 10
-4.9055429 -0.67519361 0.33149108 10
-4.9782567 -0.57156277 0.38177955 8
-4.9509525 2.1731312 0.39835557 13
-4.9437075 -0.64719176 0.4334617 10.5
-4.9749074 -0.58174074 0.43947276 11
-4.9447036 0.6416989 0.43528068 12.5
-4.9411469 -0.65968585 0.5435949 11
-4.9204206 1.6562945 0.70126325 10
-4.9476752 -1.3022674 0.95783782 14
-4.9407139 1.5970836 0.93673044 12
-4.9380326 1.6009707 0.93064022 11
-4.9124417 1.5936583 1.0945672 12
-4.9852805 1.5477395 1.1893272 12
-4.9051657 -1.3558373 1.2381622 14
-4.9337025 -1.0151969 1.2824272 14
-4.9094796 1.5878807 1.2415482 14
-4.9162545 -1.0786716 1.3490554 14.333333
-4.9895616 -0.9734906 1.3430003 13.5
-4.9534435 1.5678042 1.3259491 13
-4.9498749 2.0961392 1.351392 13
-4.9606724 -1.0202956 1.4372923 14.5
-4.9766397 1.5141264 1.4499793 15
-4.9127903 1.6119787 1.4911913 14
-4.9884353 1.4357122 1.5287882 14
-4.9553723 1.5569927 1.5448902 14.5
-4.9005494 -1.0425928 1.6270243 14
-4.9834108 1.8174462 2.1298223 15
-4.8356366 2.0827291 -0.086797096 5
-4.8462138 -0.77946872 0.05451633 7
-4.8445477 -0.75181508 0.15767924 8.333333
-4.8403969 -0.67454171 0.10234815 8
-4.8707585 2.1878583 0.18431002 10
-4.8353124 0.69803882 0.20189801 10
-4.8668694 0.70538598 0.25914547 10
-4.829278 -0.80295247 0.31887424 9
-4.874001 -0.54762369 0.32463551 9
-4.8844452 -0.72871512 0.40931016 9
-4.8086715 0.73838419 0.47983366 15
-4.8645554 2.1824439 0.51438308 14
-4.8111348 -0.84673721 0.66118836 15
-4.8400311 1.6806363 0.66668445 10
-4.884944 -0.92630839 0.7312122 15
-4.8791142 1.9129536 0.77497095 11
-4.8984203 1.5967681 0.96281058 11
-4.8617454 -1.152178 1.0876786 14.5
-4.8299212 1.6823686 1.0319659 12
-4.8762364 -1.1282407 1.1289408 15
-4.8461914 -1.3425026 1.2839836 13
-4.895895 -1.0990387 1.2443326 14
-4.8834214 1.5920224 1.2326182 14
-4.8020043 1.6427896 1.2521647 14
-4.8885427 -1.0724702 1.3451377 14
-4.8755002 1.5872961 1.3494277 14
-4.8118691 -1.1276337 1.5446767 15
-4.8790121 1.5853004 1.5711917 15
-4.8162603 1.6322588 1.5438509 15
-4.8783288 1.6446699 1.7320118 15
-4.7154875 -0.94184756 0.077976875 8
-4.7916918 -0.85349196 0.031379405 7
-4.7237158 -0.96455449 0.14889336 8
-4.7946968 -0.8069064 0.23881435 10
-4.7684288 0.78370762 0.29556182 11
-4.7363477 0.81343508 0.27975222 12
-4.7623887 1.7644851 0.2462465 8
-4.7456326 2.4251506 0.24431713 10
-4.7546077 -0.96681231 0.31368479 9
-4.7579899 1.7590811 0.32760811 11
-4.7369518 -0.94833493 0.45551774 11.5
-4.7649355 0.7583847 0.48074156 13
-4.7087145 2.3180482 0.44078901 9
-4.7144933 -0.9513824 0.56852984 12.666667
-4.7778559 -0.88286704 0.56447488 14
-4.7573757 0.96609265 0.56577587 15
-4.7203207 2.4149523 0.5793196 14
-4.7580476 -1.1133642 0.69427884 11
-4.753376 -0.95078677 0.67168087 12.5
-4.7703023 -0.85562319 0.62405139 12.666667
-4.7676277 1.7720402 0.68847203 10
-4.7478886 -1.1162138 0.75981349 10.5
-4.7181082 -1.0325371 0.70356679 14
-4.7467675 1.7352297 0.79018271 12.25
-4.7983832 1.8127298 0.77963364 15
-4.7056198 2.312108 0.72487235 11
-4.7166247 -1.0341158 0.86011869 12
-4.7535667 1.8275063 0.85855949 11
-4.7102127 2.2849085 0.80104405 11
-4.7265658 -1.062541 0.9366883 11.75
-4.7631993 1.7426296 0.96733737 11
-4.7044282 2.2962046 0.94780463 12
-4.7785716 1.7025288 1.0071197 13
-4.7910151 1.6589428 1.1671942 12
-4.7179437 2.2762759 1.1000408 13
-4.7140145 -1.5115509 1.2524328 14
-4.7880473 -1.1720409 1.2973957 14
-4.7778621 1.6680648 1.2650038 14
-4.7030377 -1.5339769 1.3912202 13
-4.7887039 -1.3769647 1.3678936 14
-4.7856703 1.6800715 1.3581797 14
-4.7705851 1.7734855 1.3302068 13
-4.7160521 -1.5335827 1.4768091 14
-4.7609925 -1.4500628 1.4491431 15
-4.7841983 1.6428099 1.4153559 15
-4.7610588 -1.4289662 1.5404364 15
-4.7651925 1.6927394 1.539508 14.5
-4.778491 -1.3835046 1.6333079 15
-4.7786818 -0.9258517 1.6871251 14
-4.7951217 1.6748731 1.6611894 15
-4.7667594 -0.95439267 1.7814703 15
-4.7248511 2.0083401 1.778891 14
-4.766891 -1.107287 1.8988028 15
-4.6285858 1.0375445 -0.12276732 4
-4.6110029 0.90395868 0.071393102 8
-4.6201367 -1.1075718 0.16031118 8.5
-4.633461 -1.0685172 0.1303459 8.5
-4.6507607 0.83289623 0.16697642 10
-4.6615105 2.2777624 0.18996197 8
-4.6459255 2.3650014 0.16157407 9
-4.6026034 -1.1224667 0.22155742 9
-4.6219635 -1.0566262 0.21406767 9
-4.6317019 0.84566844 0.26224935 10
-4.6095157 0.90325809 0.24872373 11
-4.6295085 1.2107087 0.29628533 12
-4.6780252 2.2849793 0.2294575 11
-4.6361966 2.3408294 0.27379504 9.5
-4.6103082 -1.1215394 0.31114858 10
-4.6672087 -1.0252323 0.3772282 9.666667
-4.6270576 0.86382127 0.37571204 10.75
-4.6504512 2.3431828 0.34024522 9.75
-4.627223 -1.1185844 0.44385961 10
-4.6258731 -1.064037 0.439255 11
-4.648746 0.88550937 0.42608982 15
-4.6630378 2.3201859 0.46992591 12.333333
-4.6369753 2.4136572 0.44551063 14
-4.6371398 -1.0444174 0.55714571 10
-4.6100116 1.1003469 0.59654468 14
-4.6368008 1.3691914 0.57240236 9
-4.6047359 1.4008965 0.57951432 10
-4.6227121 1.5497602 0.56583041 12
-4.6395559 1.6009285 0.55528873 9
-4.6991401 2.2860014 0.55597264 15
-4.646419 -1.1457314 0.62480295 12
-4.6550474 -1.0793039 0.63782597 10.625
-4.6561036 0.84237033 0.62698758 11
-4.6489739 0.96734583 0.68680274 10.666667
-4.6195774 1.3543059 0.6770159 11
-4.6328487 2.2237775 0.68666464 10
-4.6495838 2.3182452 0.65223879 9.5
-4.6027007 -1.211921 0.73943555 11
-4.6456475 -1.1495061 0.73618466 11.125
-4.6480103 -1.056314 0.75520897 10.5
-4.6383753 0.93170452 0.78380644 11
-4.622344 1.9285146 0.74437815 11
-4.6066074 2.0438709 0.73970509 12.5
-4.6432385 2.1041808 0.76826024 10.5
-4.6998014 2.2691309 0.73296714 10
-4.6397743 -1.2275836 0.85622078 15
-4.623601 -1.1469008 0.84222394 12.875
-4.6561465 -1.074905 0.8611421 12.4375
-4.636426 2.0439055 0.89289409 12
-4.6141891 2.2986515 0.85595852 10
-4.6700854 2.3180425 0.82787257 11
-4.664712 -1.0846435 0.9384234 12
-4.604136 -2.2435846 1.0493045 13
-4.6575694 -1.104254 1.0478845 13
-4.667006 -1.0827425 1.0589212 13
-4.6284366 -1.1165862 1.1180344 13.5
-4.6784811 -1.052712 1.1092362 12.5
-4.6688156 2.2921717 1.1400714 13
-4.6683578 2.3130703 1.1339753 13
-4.6920142 -1.2526654 1.2976068 14
-4.686307 -1.5192918 1.3468531 14
-4.6870966 -1.4929305 1.4272979 14
-4.6230631 2.19262 1.4346275 15
-4.6830797 -1.1338949 1.5866982 15
-4.6775656 -1.5543634 1.684182 14
-4.5094028 1.137579 -0.080948509 3
-4.5994062 1.3079941 -0.0076277703 6
-4.5069366 1.7685221 -0.045808133 5
-4.5541339 -1.1677015 0.090610594 8
-4.5737901 -1.2179158 0.13356094 8.333333
-4.5290818 0.92086869 0.18248732 11
-4.5792713 -1.2399353 0.27144659 10
-4.5688004 1.0503765 0.29896024 9
-4.5925579 2.0878077 0.25192404 10
-4.5451565 2.1176033 0.2966111 9.75
-4.5039067 -2.2492576 0.306862 10
-4.5436659 0.92096215 0.3508724 13
-4.5138593 1.1407005 0.35681167 14
-4.5524206 2.0861702 0.34818617 10
-4.5358515 2.1186123 0.34874347 13.5
-4.525084 2.5518861 0.30591619 11
-4.5648532 -1.2391007 0.433449 9
-4.5867171 -1.1635815 0.41466516 9
-4.5664105 0.92357624 0.47079673 15
-4.535419 1.0216602 0.47153339 9
-4.5424619 2.0956011 0.43690258 10
-4.5476508 2.1225245 0.42208219 12.125
-4.5080323 2.5515859 0.44267568 13
-4.5123072 -1.2178264 0.51827025 8
-4.5784922 -1.16249 0.58941829 11.5
-4.5292702 1.0482534 0.56520027 9.5
-4.5527086 1.1658443 0.58668262 10
-4.5830774 2.0613725 0.56929874 14.75
-4.5868793 2.3815207 0.53720659 11.5
-4.5440969 -1.2239354 0.67822111 11.5
-4.577435 -1.1578976 0.64907163 13.5
-4.519587 1.0402224 0.69507194 10
-4.5167251 1.1338071 0.66776609 10
-4.5800982 1.3371981 0.69928676 15
-4.544107 2.083761 0.62256384 10
-4.5383425 2.159265 0.64287549 9
-4.5288262 2.5214305 0.60416371 15
-4.5131636 -1.30954 0.72267389 11
-4.5745025 -1.2754396 0.73995161 12
-4.5989313 -1.1347203 0.724801 10
-4.5639105 1.153018 0.75629735 15
-4.5690818 1.9704895 0.74355876 11
-4.5853376 2.1436546 0.78878534 14
-4.5206251 -1.3120345 0.81083471 13
-4.517787 -1.2945887 0.83031493 11
-4.5712996 -1.150656 0.87761897 12
-4.5912061 -1.0832759 0.85283494 11.5
-4.5740952 1.9846177 0.87745523 12
-4.5152292 2.0683548 0.8688761 12
-4.5792928 2.1634214 0.84772849 14
-4.5744057 2.3671346 0.80544364 11
-4.5009475 -1.4025552 0.91221744 15
-4.5387049 -1.2412298 0.93122894 12.5
-4.5381718 -1.1609671 0.94052732 12.833333
-4.5520616 -1.0781113 0.97009265 15
-4.518981 -1.2198527 1.0406429 14
-4.5574346 -1.165666 1.0359229 13.6
-4.5750151 -1.0911738 1.092171 14
-4.5285964 2.0749724 1.0023407 12
-4.5587115 2.1414766 1.0262794 14
-4.5658517 -1.1526971 1.1538156 13.5
-4.5956678 2.0103204 1.2506316 14
-4.5966258 2.039264 1.3020434 14
-4.5530939 2.1836786 1.4686795 15
-4.5871978 2.0720057 1.5772952 15
-4.4867463 1.1991162 -0.16197351 3
-4.4280725 -1.3454119 0.076526843 7.5
-4.4122505 -1.3856881 0.15719901 8
-4.4922237 1.4026904 0.18921278 8.5
-4.4983468 1.6652397 0.15179276 9
-4.4545331 2.4563878 0.19396766 10
-4.4110098 2.5339828 0.17273468 8
-4.4833493 -2.4848378 0.20578015 9
-4.4404988 -1.4259359 0.28924111 11
-4.4469385 1.0064218 0.21722645 10
-4.4223161 1.2511497 0.28424478 12
-4.4227734 1.777043 0.2617273 9
-4.458303 2.2772427 0.26649967 11.5
-4.48281 2.4571614 0.27003723 10.5
-4.4720001 2.503202 0.26583225 10
-4.422709 -1.4450611 0.33584285 9
-4.4178214 1.7687545 0.37515011 11.5
-4.4112072 2.2497904 0.38815212 9
-4.4342656 2.5306261 0.31356448 10.666666
-4.4291658 -1.2642502 0.40920782 11
-4.421443 0.9723959 0.44474071 10
-4.4036145 1.0126413 0.42991498 11
-4.4320612 1.2478325 0.40920007 13
-4.4191327 1.7712313 0.41714427 10
-4.4549274 2.4905963 0.43217322 11
-4.439724 2.5173781 0.45757514 13.666667
-4.4981298 -1.4115369 0.56779802 10
-4.4512053 -1.3746488 0.50273079 10
-4.4108682 1.1404641 0.55703664 11.333333
-4.4542971 1.5398048 0.53908879 10
-4.4265261 2.2371609 0.55169201 10
-4.4820886 2.4723511 0.52484351 11.666666
-4.4525938 2.5319836 0.53916633 15
-4.4092498 -1.4332824 0.60720658 15
-4.4177227 -1.3972584 0.68381709 13
-4.4758549 -1.2343581 0.63247132 11
-4.4227209 1.165302 0.63277197 11
-4.4195166 2.2274611 0.64493364 11
-4.467237 2.3408425 0.61528689 10.5
-4.4795513 1.0599778 0.73118681 11.2
-4.4112759 -1.4438102 0.87723923 12
-4.4849005 -1.3531132 0.84845471 13.75
-4.4657359 2.1043725 0.86212498 12
-4.4321356 2.2297087 0.81912267 12
-4.4109702 2.4398317 0.84700239 14
-4.487052 -1.3443702 0.92119688 14
-4.4564838 2.0704052 0.9606266 11
-4.4466081 2.2374527 0.91751355 12
-4.4651742 2.4639106 0.93631327 12
-4.4195447 -1.4548962 1.0507084 13.5
-4.4491744 -1.3256862 1.0689424 13
-4.4327388 -1.2866102 1.0094101 12
-4.4741225 2.4401813 1.0286486 13
-4.4130912 -1.4305431 1.1521027 14
-4.4081783 2.2486241 1.1164113 12
-4.4109211 -1.4691865 1.2750791 15
-4.4337382 2.4792566 1.2525564 14
-4.4190536 -1.4675114 1.3480613 15
-4.4478941 2.2520356 1.4847349 15
-4.4430203 2.1694 1.5210061 15
-4.4537635 -1.3369507 1.7001868 14
-4.4395823 2.0301213 1.7593377 14
-4.4649553 -1.3617857 1.8302505 15
-4.3139305 0.49373388 -0.1897867 3
-4.3715205 0.91866851 -0.14411078 1
-4.3364816 1.1597446 -0.16767992 2
-4.3650432 1.2356668 -0.13893308 2
-4.3756723 1.4265215 -0.13328387 3
-4.3896523 1.0729529 -0.071823306 7
-4.3403063 -1.4434938 0.066204488 7.6666665
-4.3160682 -2.7181771 0.12687847 8.75
-4.3684483 -1.5122702 0.14078972 8
-4.3389525 -1.4462987 0.13697208 8.333333
-4.3526015 1.0409797 0.16331303 10
-4.3679576 1.5073189 0.15880048 9.666667
-4.3795099 2.5550196 0.18508075 8
-4.3646235 -1.5045927 0.20415705 9
-4.3408937 -1.4339056 0.24114728 9.5
-4.346683 -1.3784994 0.28080785 9
-4.3607106 -1.2231038 0.22273611 9
-4.3669229 1.0755532 0.27617958 12.5
-4.3389006 1.1444772 0.25526738 10.611112
-4.393611 1.2534044 0.28096727 11.5
-4.3496685 1.3528426 0.28506619 13.5
-4.3750124 1.6500905 0.27528065 10.166667
-4.3253012 1.8789099 0.26867241 12
-4.3390431 2.2375422 0.27201897 9
-4.3357944 2.3465092 0.24732299 8.5
-4.3634667 2.5652857 0.26634645 7.5
-4.330235 -1.5740166 0.38708255 11
-4.3285112 -1.4573944 0.34677356 9.6999998
-4.3740468 1.0563438 0.30105221 12.333333
-4.3255453 1.1239569 0.35201564 11
-4.3914156 1.2602885 0.36739236 12.5
-4.3414273 1.5752143 0.3462972 11.5
-4.3718982 1.6680332 0.3699033 11
-4.3640652 1.744657 0.35746804 12.611111
-4.3466496 2.2616177 0.3337189 10.604166
-4.381978 2.4246361 0.3008222 11
-4.3540525 2.5332425 0.35108554 13
-4.3198576 2.6041651 0.38352892 12.5
-4.330832 -1.4579351 0.4669067 10.416667
-4.3390722 1.0784789 0.49229226 12.5
-4.3486705 1.1660222 0.4404701 11.75
-4.3881717 1.2600355 0.43199107 14.5
-4.3933773 1.5901613 0.47816989 9
-4.3803811 1.6739053 0.45926946 9
-4.3710694 1.7028385 0.41235036 8
-4.3216915 2.2694118 0.45490986 11.9375
-4.3228936 2.5631504 0.44117001 9
-4.332304 -1.4510902 0.52334309 10.4
-4.3755541 1.1562856 0.54168421 10.5
-4.3957152 1.2019894 0.56722039 11
-4.3098407 1.5636265 0.53706533 11
-4.3297205 2.2503974 0.54248309 11.4
-4.3942628 2.4888077 0.59012938 9
-4.3505754 -1.4387233 0.66127485 10.333333
-4.3661661 -1.3941101 0.67553627 12
-4.337388 2.2701929 0.61562747 12.5
-4.3544703 2.366425 0.62864274 13
-4.3623991 2.5533025 0.65177608 10
-4.3476391 -2.6690226 0.78915358 11
-4.3514533 -1.5212407 0.746068 14
-4.3205485 -1.4589554 0.7550168 11.6
-4.3329582 -1.3874424 0.74894911 12.5
-4.3392849 2.2283106 0.74053848 11.375
-4.3186703 -1.4653214 0.85055488 12.333333
-4.3891878 2.1734591 0.87741667 12
-4.3125839 -1.4553963 0.90763044 11.666667
-4.3925676 -1.3540406 0.91941512 12
-4.3696198 2.172729 0.90109974 11
-4.341805 2.2334621 0.94768226 12.7
-4.3562579 2.5875323 0.93412477 11
-4.3827319 -2.5316353 1.0948591 15
-4.317266 -1.5084951 1.0696321 14
-4.3379726 -1.4825889 1.0792484 13.666667
-4.3959665 -1.3901056 1.0144435 12
-4.3315163 2.229003 1.0455478 13
-4.341784 -1.4592659 1.1363541 14.333333
-4.3250833 2.2379146 1.1160163 12.5
-4.3936067 2.497884 1.1886232 14
-4.3106008 -1.5470847 1.2940295 14.5
-4.3834004 -1.4386297 1.2769586 14.666667
-4.3536882 2.2326024 1.2470413 13.75
-4.3362184 -2.703505 1.3085591 14
-4.3112116 -1.5456947 1.3691877 15
-4.3596916 -1.4869332 1.3540823 15
-4.3814363 -1.3694365 1.3561907 14
-4.3521509 2.2267299 1.3523966 14.5
-4.3185558 -1.5123798 1.4436935 14
-4.3487463 -2.6909251 1.5365695 15
-4.3396735 2.2481165 1.5460416 15
-4.33179 2.5565164 1.561757 13.5
-4.3015695 -1.582969 1.6555333 15
-4.3279815 2.2478418 1.6345534 15
-4.2653694 0.76269436 -0.16029516 1
-4.2153354 1.158111 -0.14904115 0
-4.2046328 1.9235371 -0.12371913 2
-4.2838278 -1.5610229 0.068264686 7
-4.2799711 -1.4306769 0.013183032 8
-4.2433586 1.3687059 0.084782697 8
-4.2425761 2.9245479 0.010165093 3
-4.2912679 -2.6496153 0.19516659 9
-4.2977381 -1.4419755 0.10562018 8
-4.243 2.6422508 0.19678161 8
-4.2317419 -2.8710361 0.26964191 10
-4.2171082 -2.7294459 0.26618886 10
-4.2596626 -1.5446751 0.27973014 9.666667
-4.2892032 -1.481225 0.2630032 9
-4.2955966 1.1532643 0.25272596 10
-4.2334433 1.3690683 0.22744152 9
-4.2479949 1.4977049 0.2430805 9
-4.2387133 1.5299002 0.28918353 11.5
-4.2017474 -1.6319294 0.36215091 10
-4.2370815 -1.5568831 0.33777055 10.5
-4.2866869 -1.4965944 0.34976009 10
-4.2894144 1.1085979 0.35780618 9
-4.2744784 1.2905531 0.35676047 10
-4.2268248 1.4460319 0.36055884 11.5
-4.2636309 1.5118198 0.3647235 10
-4.2985158 2.2841852 0.34967527 10
-4.2037401 2.4290466 0.32326075 12.333333
-4.2589917 2.5732999 0.30651185 11
-4.2469144 2.6412921 0.38643757 9
-4.2143817 2.7437396 0.30914459 11.5
-4.2499666 -2.8426993 0.4138878 11
-4.2426009 -2.7227721 0.48502892 12
-4.2631426 -1.534467 0.47273135 10.333333
-4.2961779 -1.4971943 0.4590916 10
-4.2205172 1.3479005 0.49037075 10.5
-4.2403097 1.5047759 0.46182927 11.5
-4.207962 2.426111 0.48490062 15
-4.2762132 2.6161931 0.47667378 10.5
-4.2568069 -2.7441695 0.5536446 8.5
-4.2724338 -1.5078189 0.53778791 14
-4.2994876 -1.4788282 0.50018579 13
-4.289537 2.2710223 0.55573994 12
-4.220582 -2.7493994 0.65204966 13
-4.2571373 -2.6904404 0.6634447 11
-4.2968445 -1.6092467 0.67781252 13
-4.2956133 2.6029041 0.63718575 12
-4.2436085 -1.7431424 0.72301286 14.5
-4.2555947 -1.6035523 0.71711075 12
-4.2529216 -1.56174 0.75870645 11.5
-4.2829208 2.3467216 0.76290429 10
-4.2090616 -2.8688979 0.88576847 15
-4.2327518 -2.7645254 0.86567432 12
-4.2096281 -1.7015805 0.88714695 13
-4.2581263 -1.5490307 0.85074627 13
-4.2293854 -2.7466912 0.94438994 12
-4.2328739 -1.6008936 0.99566877 14
-4.2611866 -1.5735303 0.96126348 14
-4.2469821 -2.8477972 1.0641978 13
-4.2596116 -2.6961992 1.0953468 13
-4.2958364 -1.5478263 1.0311922 13
-4.2956862 -1.4969641 1.0726103 14
-4.206851 -2.7802119 1.1155877 13
-4.2988973 -1.5528373 1.1387608 14
-4.252872 -2.7534227 1.2301587 14
-4.2656698 -1.6113554 1.2523687 15
-4.2865133 -1.5575995 1.3275106 14
-4.2875528 -2.7743278 1.4428221 15
-4.2817822 -1.5878223 1.4854038 15
-4.2266049 -1.6014148 1.5230868 14
-4.1355481 1.4419694 -0.14179485 1
-4.1185684 -2.6542614 -0.014088722 7
-4.1243501 -1.7556206 0.061887018 7.5999999
-4.1781263 -1.675163 0.047884945 8
-4.1392403 3.0692534 0.059821244 4
-4.1291575 -1.748835 0.14089346 8.2142859
-4.1686831 -1.664377 0.14813967 8.5
-4.1297855 -1.7541486 0.23734488 9
-4.1246343 1.5350685 0.22027421 8
-4.1848512 2.6496923 0.22311358 10.5
-4.1121516 2.7148113 0.27146688 8.333333
-4.1254058 -1.7461075 0.3375009 9
-4.1870809 -1.6592969 0.33814234 9
-4.1969099 1.3967937 0.36668789 13
-4.193398 1.4333227 0.34762734 13.25
-4.1248655 -1.7406908 0.44738081 10.1
-4.143023 -1.6658239 0.4121787 12
-4.1894512 1.4386932 0.42734921 8.5
-4.1280713 2.7335114 0.40671676 12.5
-4.1419187 2.9735377 0.44062161 11
-4.1128731 -1.8259495 0.52366471 10.666667
-4.110076 -1.7806062 0.53253126 10.5
-4.1651316 -1.699859 0.58258861 11
-4.113749 2.7486975 0.53190964 14
-4.1567307 -2.9104397 0.69733042 13
-4.1400657 -1.7279783 0.64004612 11.833333
-4.1993022 -1.6438996 0.65035522 11
-4.1333404 -2.9214692 0.74601847 14
-4.1254444 -1.7034043 0.76213807 12
-4.1686563 -1.6875882 0.72681528 12
-4.1826963 -2.8538296 0.84053993 15
-4.1092176 -1.8109039 0.82139063 15
-4.1648169 -1.6825674 0.86920267 13.75
-4.1269488 -3.1096797 0.97701293 13
-4.1105447 -3.0471244 0.97065639 10
-4.1536064 -2.9049368 0.98943067 13
-4.1900592 -2.7531035 0.90257144 12
-4.1071353 -2.9306879 1.0049266 13
-4.1861291 -2.7706647 1.0414674 13
-4.1204934 -1.8343434 1.0523611 11.5
-4.1732926 2.3942344 1.0932338 13
-4.1615834 -2.8400524 1.1100925 13
-4.109726 -1.881914 1.1776905 13.5
-4.1142631 -1.7941039 1.1122799 13
-4.1633091 -1.8107541 1.2423419 13
-4.1579576 -1.7282236 1.2560698 15
-4.1896458 -1.6997969 1.2413354 14
-4.1868296 -2.8902674 1.3552778 14
-4.12784 -1.8548347 1.3651354 15
-4.1575541 -2.8643703 1.4782701 14.5
-4.1407042 -1.7192514 1.4097424 15
-4.1238298 -1.9387051 1.5374806 13
-4.1422596 -1.8514712 1.5551341 15
-4.1030183 -3.0868413 1.7082762 13
-4.1055465 2.6279187 1.8536937 15
-4.1220016 2.4372885 2.1728542 15
-4.0005445 0.29869881 -0.19824851 2
-4.0584755 0.74647409 -0.1899831 1.3333334
-4.0164518 1.0035641 -0.14944561 0
-4.0617628 -3.0516958 0.055102564 7.5
-4.0393424 -1.9087113 0.03188508 8
-4.0559626 -1.8416415 0.088572308 7.75
-4.0925703 -3.0121756 0.13226201 9
-4.0155153 -2.7396586 0.16160055 9
-4.0823112 -2.6898186 0.19858618 10
-4.0251131 -1.929127 0.12429404 8.625
-4.0437393 -1.8680843 0.14403476 8.4375
-4.0912352 -1.7812099 0.11710951 7.5
-4.0215902 2.6744969 0.1049888 6
-4.0528283 2.880204 0.14314361 6
-4.0033979 -3.1018403 0.23821887 9.5
-4.0269589 -1.9083036 0.26489025 9.75
-4.0472174 -1.8576626 0.25194937 9.1785717
-4.0766745 2.756304 0.26721817 10
-4.0082779 -1.9203689 0.32743806 10.25
-4.0415392 -1.8743484 0.34582025 10
-4.0442772 -3.0400901 0.4399209 11
-4.0051579 -1.9204136 0.44705787 9
-4.044692 -1.8676976 0.44562942 10.583333
-4.0995283 -1.7513781 0.4101865 10
-4.0059967 2.7689059 0.45883688 11.5
-4.0468798 -1.8604747 0.54254818 11.083333
-4.0878625 2.7703669 0.58581984 15
-4.0232711 -1.9274538 0.63488567 11.5
-4.0450807 -1.8812904 0.64057475 12.5
-4.060142 -2.9613874 0.74707323 14
-4.0324965 -1.9323483 0.74211693 11.7
-4.0585604 -1.864586 0.74654841 11.928572
-4.0041537 -3.1077368 0.83754939 12
-4.0382695 -2.9837754 0.81157845 12
-4.0248156 -1.9157776 0.85548812 12.5
-4.0692353 -1.8666389 0.86070615 11.5625
-4.0795593 -3.0336642 0.9134295 14
-4.0393233 -1.9424051 0.93678188 13
-4.0557561 -1.8786501 0.94712919 12.5
-4.0166812 -3.102345 1.0617224 12
-4.0596642 -3.02315 1.0443608 13
-4.0380454 -1.9312943 1.0622214 13.428572
-4.0633063 -1.8945479 1.057685 13
-4.0286674 2.8021774 1.0647392 13
-4.0575471 -3.0886104 1.1746827 14
-4.0829916 -2.9976797 1.1778792 14
-4.0269761 -2.0121212 1.1281052 13
-4.0295234 -1.9475231 1.1574459 13.875
-4.0609102 -1.8803396 1.1457754 13.2
-4.0064602 2.4199171 1.1001949 13
-4.0311394 2.7747164 1.1388713 13
-4.0469031 -1.9362562 1.2478936 14.75
-4.0765114 -1.8786761 1.2556696 14
-4.0646133 2.6555293 1.2619191 12
-4.0300469 -3.0152535 1.3923295 15
-4.07651 -2.9332874 1.3989916 15
-4.0382748 -2.0085082 1.3520185 14.5
-4.0486493 -1.940223 1.3139937 15
-4.0579596 -1.8891667 1.3872936 14.5
-4.0225816 2.817975 1.3326905 15
-4.0079417 -3.1095691 1.4557412 14
-4.0534892 -3.0305042 1.461619 15
-4.0838065 -2.950047 1.458963 15
-4.0901904 -1.8763974 1.4201348 13
-4.0620513 -3.0855718 1.5426909 15
-4.0348244 -1.9235095 1.5689564 14.5
-4.0609345 -1.8907558 1.5255823 15
-4.0057597 2.5178919 1.5741069 14
-3.9316843 -0.14492889 -0.19147362 3
-3.9753001 0.80013978 -0.14678542 0
-3.9743803 1.1107764 -0.14605345 1
-3.9456508 1.3513731 -0.14570914 0
-3.9615426 1.4962332 -0.10429388 3
-3.9246225 2.7415018 -0.054673843 2.5
-3.9816356 -2.7738628 0.037853692 8
-3.9944394 -1.9174427 0.066582136 8
-3.9382846 -3.1473222 0.19297655 9
-3.9668434 -2.5523808 0.10028635 8
-3.9631197 2.5481253 0.17977378 8
-3.9590414 -3.2450643 0.25812295 9
-3.9123466 2.5466671 0.23378037 8.25
-3.9279475 2.9892507 0.26676074 9.5
-3.9530327 3.0934322 0.26025867 9
-3.9450862 3.1941681 0.28651458 8
-3.9776049 -1.8898299 0.36153209 11
-3.9317732 2.4592814 0.34393507 8
-3.9232357 2.5457144 0.34523576 10.875
-3.926574 2.77633 0.39967591 9
-3.937582 2.8604546 0.33763742 11.2
-3.9185519 2.9262896 0.31207564 8
-3.9136519 -3.2429485 0.41515267 9
-3.9537423 -1.9500781 0.41775307 9
-3.9134371 2.5447724 0.46351832 11.75
-3.925889 2.8877654 0.47323313 10
-3.9155223 2.9297979 0.45854872 12
-3.9039602 2.5481081 0.52587354 11.5
-3.9298124 2.7444808 0.56432563 14
-3.9544806 2.8756378 0.55622774 11.166667
-3.9430354 2.9328716 0.52315861 11.5
-3.9470451 -2.0174334 0.69756097 11
-3.9885886 -1.9271802 0.61898279 10
-3.9016387 2.5251803 0.64866269 11
-3.9668479 2.8428257 0.6886223 10
-3.9273944 2.9182222 0.61194515 11.5
-3.9416888 -3.239254 0.76919252 11.333333
-3.93958 2.5148826 0.74601585 11.5
-3.9451458 2.868634 0.75699502 12.5
-3.9222534 -3.2629082 0.88771719 11
-3.9754684 -3.0935333 0.89307237 12
-3.9860914 -1.9624879 0.87314779 13
-3.9175794 2.5184817 0.89477319 11.75
-3.932399 2.8962924 0.84720671 11
-3.9166739 -3.4306056 0.96138537 13
-3.9391518 -3.2443826 0.94133925 11
-3.9459748 -3.1184976 0.94290358 12.666667
-3.9582694 -3.0925038 0.97887224 13
-3.9895751 -1.9363662 0.93255156 15
-3.9127705 2.5186102 0.970676 13
-3.9452922 2.8763969 0.92011213 12.75
-3.9613822 2.9155185 0.94162863 12
-3.904201 2.4974456 1.0453767 13.5
-3.915607 2.8676808 1.0440025 13
-3.9366055 2.9286742 1.0364578 13
-3.9669998 -3.3708444 1.1816775 15
-3.9321332 -3.2652228 1.1402802 11
-3.9611292 -3.0971656 1.166904 14
-3.9724424 -2.075825 1.180702 15
-3.9319785 2.4975207 1.1281862 14
-3.9168839 2.5115278 1.1953558 14
-3.9810412 -1.98367 1.2588863 14.5
-3.9170525 2.5167656 1.2590964 14.5
-3.9472358 2.8642766 1.221663 13.75
-3.992662 -3.188081 1.3116157 14
-3.9429452 2.5176818 1.3156707 14.666667
-3.9786916 2.8112338 1.3667305 13
-3.9520509 -3.2225621 1.4708189 15
-3.9836335 -1.9568927 1.4293178 14
-3.9058912 2.8826654 1.4033368 14
-3.9542003 -3.2937672 1.5870367 15
-3.9915309 2.8590584 1.5746325 15
-3.9171805 -3.3136327 1.7260826 15
-3.9888933 2.8170822 1.8168886 15
-3.8692539 1.1487876 -0.17397088 0
-3.8492911 1.3932898 -0.17301291 0
-3.8082602 1.4892741 -0.15183792 0
-3.8485467 -2.7220619 -0.084531017 8
-3.8592584 -2.5704269 -0.023589339 8
-3.8873901 2.4720478 -0.072798818 1.5
-3.8977787 -2.8952098 0.099844642 8
-3.8868175 -2.6154385 0.068482429 8
-3.8577247 3.2511332 0.058213055 3
-3.8873806 -3.1086812 0.1424402 8
-3.8788218 2.5757682 0.14231358 8
-3.8266194 2.6099412 0.19160853 8
-3.8613844 2.9546776 0.1829031 8.5
-3.8735843 2.5743859 0.26035318 8.6000004
-3.8102536 2.6374035 0.29176399 8
-3.8752329 2.8687401 0.27705544 9.5
-3.8917871 2.9086041 0.21970505 8
-3.8145969 3.0128372 0.2516523 8
-3.873174 2.5727539 0.35479128 11.1
-3.8158171 2.6384037 0.39338398 10
-3.88533 2.7836747 0.31923482 7
-3.8691587 2.9630327 0.35339943 9
-3.8019683 -3.3337803 0.48771688 9
-3.8455091 2.5809059 0.45921442 10.5
-3.8257873 2.6377511 0.47306857 14
-3.8662879 2.9520273 0.45288682 11.333333
-3.8656762 2.5667553 0.56807292 10.5
-3.8197777 2.6378644 0.51230627 10.75
-3.8451431 2.9584205 0.55013651 10.375
-3.8448801 2.5785861 0.67224586 11.75
-3.8124328 2.6050656 0.62065119 9.833333
-3.8805075 2.9580107 0.61030513 9.5
-3.834435 -3.302423 0.79366267 10
-3.823679 -3.2952917 0.76045775 12
-3.856776 2.5582695 0.74757087 11.083333
-3.8207643 2.6117456 0.72925526 11.5
-3.8448315 2.7498157 0.75977272 11
-3.8825126 2.8772454 0.75131309 12.5
-3.8336844 2.9604564 0.75225586 10.4
-3.8662827 2.559617 0.8440882 12.916667
-3.8528073 2.9483824 0.85424787 11.875
-3.8150859 -3.3465188 0.98571891 13
-3.859951 -3.2856035 0.95391542 12
-3.873904 2.4957509 0.90807134 11
-3.8562703 2.5636623 0.95206493 12.6
-3.8231087 2.6425476 0.93486249 12.5
-3.8188305 2.9630737 0.94734019 11.8
-3.8066716 -3.3052363 1.0244064 12
-3.8260357 -3.278528 1.051204 13
-3.8499129 2.555578 1.0544398 12.833333
-3.8281436 2.9610267 1.0581299 13.333333
-3.8175488 -3.6595113 1.131074 14
-3.8514097 2.5633614 1.1515316 13.4375
-3.8495979 2.9361725 1.136874 13.1
-3.8906808 -3.3796997 1.2242627 14
-3.8829851 -3.2504582 1.2436974 14
-3.8632476 2.547401 1.2506044 14
-3.8765135 2.9117684 1.2342975 14
-3.8848772 -3.2607486 1.3454779 14
-3.8487291 2.5491138 1.346284 14.714286
-3.8145235 2.6556838 1.3266251 15
-3.8724191 2.8986723 1.3470743 15
-3.8447623 2.9548185 1.3426563 13.333333
-3.8964438 -3.2607222 1.4767424 13
-3.8829384 2.4978976 1.4023892 13
-3.8408375 2.5494299 1.4389728 15
-3.8151612 2.6054053 1.4290147 14.5
-3.8828502 2.8495007 1.4268528 14
-3.8450363 2.9320884 1.4069386 15
-3.8883922 -3.2774138 1.5284408 14.5
-3.864922 2.5552104 1.5418462 15
-3.8282366 2.6291831 1.552618 14
-3.8839381 2.8826611 1.5517777 15
-3.8086402 2.519407 1.6904279 15
-3.8184054 2.9694364 1.6101207 14.5
-3.85637 -3.3161964 1.7001854 14.5
-3.8759043 2.917659 1.759485 15
-3.8109207 -3.4544132 1.8345567 15
-3.8730907 -3.3878264 2.0662558 14
-3.7619207 0.61166573 -0.18119498 0.5
-3.7533715 0.84255415 -0.17343235 0
-3.7365806 1.2780969 -0.14990456 0
-3.7039444 1.5392674 -0.10389082 2
-3.7978513 -2.7377534 -0.019728931 8
-3.7717712 -3.442421 0.06755311 8
-3.7524889 -3.3529725 0.029688658 8
-3.7192209 -2.9473035 0.073666468 7.6666665
-3.7031417 -2.8844481 0.017591365 8
-3.735888 -3.1719322 0.11655702 8
-3.7636578 -2.9945197 0.15368584 9
-3.7387137 3.3056521 0.15380861 5.3333335
-3.7529073 3.0240042 0.25180262 8.666667
-3.7547271 -3.3511302 0.3439154 9.333333
-3.7835994 2.6467531 0.34553701 10.333333
-3.7710817 2.9910054 0.30675435 9
-3.7397523 3.0479517 0.31857705 8.5
-3.7498405 -3.4250309 0.45770317 10
-3.7574079 -3.3641737 0.47085097 11
-3.7939723 2.7039719 0.43801874 9
-3.7060411 3.0796478 0.49289292 15
-3.738023 -3.3831308 0.51812881 9
-3.7950146 2.6175919 0.55925184 11
-3.7899048 2.991847 0.53786629 11
-3.7624552 3.0304081 0.57397312 10.5
-3.7029872 -3.4839518 0.66178697 9
-3.7415798 -3.3949373 0.61597741 9
-3.7904365 2.9928644 0.66996443 10
-3.7273977 -3.5154727 0.75381809 12
-3.7031355 -3.4114196 0.74732465 11
-3.761245 -3.3827136 0.73006761 10.5
-3.7841487 2.6532996 0.77145845 11
-3.7991321 2.971364 0.7235899 11
-3.7386124 3.025497 0.7652173 10
-3.7106125 -3.4072783 0.85533804 12
-3.7890604 -3.3634157 0.84069526 13
-3.7806265 2.594538 0.87155992 12
-3.7899725 2.6138661 0.89221442 14.5
-3.7154648 2.7601976 0.80168009 10.5
-3.7448318 -3.3633153 0.93601555 13.5
-3.7798827 2.6035035 0.94164252 12.5
-3.7176909 -3.4596963 1.0714309 12.333333
-3.7542815 -3.3933883 1.0612559 14
-3.784936 2.9771399 1.0386711 11
-3.7057045 -3.4303696 1.1572189 13
-3.7829566 -3.3517683 1.1213382 13.75
-3.7687674 2.9948215 1.1629722 13
-3.7099204 -3.5499806 1.2124977 13
-3.7355993 -3.4459751 1.227504 13.6
-3.7551763 -3.3795855 1.25757 13.666667
-3.7845027 2.9535892 1.2279925 13
-3.7250888 -3.4211576 1.3043011 12
-3.7674954 -3.3430245 1.30919 14
-3.7767107 3.0157931 1.3126323 13.25
-3.7422886 -3.4296157 1.463768 14.333333
-3.789592 -3.3850398 1.4090704 15
-3.7990453 2.955657 1.4193311 15
-3.7487912 -3.4409988 1.5704094 14.5
-3.7622769 -3.3732696 1.6298361 14
-3.7255402 -3.4670272 1.808286 14
-3.6681135 -3.5073316 -0.11656254 7
-3.6491535 -0.0089220535 -0.18925361 1
-3.633163 0.22507678 -0.19103226 0
-3.6592145 0.42996514 -0.18533383 0
-3.6490951 1.6914303 -0.14199674 0
-3.6170616 2.1554441 -0.082481235 0
-3.634927 -3.0028851 0.078829788 7.5
-3.6449103 -2.9861841 0.081485748 7.75
-3.6503246 -2.9675891 0.15239736 9
-3.65749 -3.4776132 0.29680139 9
-3.6641798 -2.9631398 0.20725071 9
-3.6827147 3.0786312 0.23841694 8
-3.6659641 3.1453507 0.22946486 11
-3.6340616 3.4496067 0.2007347 8
-3.6324856 -3.5173166 0.33939743 9
-3.6414461 -3.4886792 0.33473632 9.5
-3.6818023 3.0814016 0.33154225 9
-3.6268563 3.330256 0.33895949 9.5
-3.6967106 -3.4570005 0.46797547 10
-3.6563663 3.0892074 0.50116003 13.5
-3.6258199 -3.5251708 0.62181652 11
-3.649179 3.0879836 0.66206956 10.5
-3.6456146 -3.537468 0.79505193 11
-3.6080742 3.1162767 0.74068463 13
-3.620194 -3.6040943 0.86686367 11
-3.6336217 -3.5355749 0.85011834 12.5
-3.6784003 -3.441098 0.89446932 12
-3.6219168 3.1020718 0.80824649 14
-3.6112885 -3.6067138 0.9914344 13
-3.6620371 -3.5272341 0.92254937 12
-3.6474807 3.0563681 0.92179745 12
-3.664362 -3.5334995 1.0308807 15
-3.6637893 -3.4727774 1.040511 13
-3.6549456 -3.6030276 1.152207 13
-3.6274204 -3.5942225 1.1923001 13
-3.6842718 -3.4861076 1.1292561 13.5
-3.626642 -3.5636754 1.2585953 14
-3.649085 -3.4746535 1.2503394 13.333333
-3.6708241 -3.4884512 1.3204948 14
-3.6090019 3.0573893 1.398847 15
-3.6076181 -3.5594132 1.4899067 15
-3.6757133 -3.4927764 1.4600382 15
-3.6419637 -3.5910957 1.5344952 15
-3.6885614 3.0648639 1.5319544 13
-3.6047018 -3.8332825 1.9537708 13
-3.6608944 3.1040828 1.9494358 14
-3.5664778 0.49202615 -0.1757984 0
-3.5827451 0.68010437 -0.18725896 1
-3.5746918 1.4745148 -0.14079002 0
-3.5098796 -3.6980085 -0.097748533 6
-3.5717413 -3.0423744 -0.04237847 8
-3.5411084 2.354275 -0.082739547 0
-3.5936434 2.863889 -0.014028952 1
-3.5849495 -3.0206115 0.060653821 6.5
-3.5586519 3.1130717 0.0083593717 1
-3.5824559 -3.1025383 0.18177931 7
-3.584095 -3.0210085 0.23439382 9
-3.5098238 -3.6031578 0.31719759 9
-3.5688953 3.1227756 0.33085942 9
-3.5340755 3.1812844 0.55126095 9.333333
-3.5689955 -3.5580103 0.67756331 11
-3.5212309 3.1563776 0.75954825 12
-3.560385 -3.703064 0.86391699 10
-3.5581629 3.1400278 0.85223305 14
-3.5111308 3.2231591 0.8710404 13
-3.5373201 3.2147563 0.95383441 13
-3.5861487 -3.5949593 1.0506202 15
-3.5033762 -3.793921 1.1772734 11
-3.5706284 -3.6359947 1.1726021 14.5
-3.5429404 3.1473632 1.2870785 15
-3.5059838 3.2215631 1.2180173 15
-3.5668478 -3.7344456 1.373219 15
-3.5398915 -3.6133864 1.3054959 15
-3.5590842 3.1284175 1.355986 14.5
-3.583746 -3.6627903 1.4982486 15
-3.5716963 3.0598259 1.4882619 14
-3.5358362 -3.8416781 1.5730407 14
-3.5825098 -3.6728585 1.5979565 15
-3.5071964 -3.8272748 1.7530503 15
-3.5587797 -3.7439597 1.9188256 15
-3.4475684 0.13869977 -0.18134689 0
-3.490778 2.5315535 -0.077533409 0
-3.4892473 3.0295389 0.0041401321 0
-3.4670079 3.45033 0.049762242 2.5
-3.423831 3.526351 0.0066955858 4
-3.4721091 -3.7605102 0.15494451 9
-3.4910529 3.1854351 0.22285779 8
-3.4525993 3.2885978 0.2520645 11
-3.4038429 3.2602801 0.33853105 9.5
-3.4069645 3.2559743 0.46925572 8
-3.4822719 3.1868534 0.52006119 9
-3.4363258 3.2418537 0.53194654 12.5
-3.4323506 3.2434087 0.62397981 10.5
-3.4138377 3.229722 0.7939195 12
-3.4759278 3.185725 0.86309117 12
-3.4567471 3.2392678 0.86257666 12
-3.4667659 3.2263184 0.99407727 12
-3.4454908 -3.8992455 1.0210971 13
-3.493573 3.1492653 1.0850244 13.5
-3.4143665 3.2365618 1.0710093 14
-3.467526 -3.7781391 1.1007683 13
-3.4757462 3.1925604 1.2428114 15
-3.4353435 -3.8150599 1.3701047 14
-3.4808338 3.1749866 1.3498647 13.666667
-3.4234073 3.2405612 1.3138578 14.5
-3.4643524 3.1742206 1.5830923 15
-3.4585326 -3.9261608 1.6981437 14
-3.4799194 3.1527538 1.7646935 15
-3.3560641 -0.89090145 -0.21367037 2
-3.3435423 -0.19992959 -0.19845647 0
-3.3179555 -0.030245904 -0.18186493 1
-3.3836515 0.94107282 -0.18401749 1
-3.3031321 1.3058169 -0.15382355 0
-3.3751085 1.7894042 -0.10329916 0
-3.3922539 2.7240798 -0.023260692 0
-3.3360658 -3.9213717 0.061835997 8
-3.378854 3.3149555 0.19849718 8
-3.338094 3.5799582 0.11425985 4
-3.3963046 3.2875783 0.25800776 8
-3.3965073 3.2707415 0.36848769 9
-3.383821 -3.6781685 0.49696186 10
-3.337853 -3.9269438 0.6469242 11
-3.3835065 3.2701418 0.67598271 11
-3.3132513 3.3156056 0.64074773 10.5
-3.3443167 3.2854004 0.79519886 12
-3.3373702 -3.9333904 0.95622212 12
-3.3867369 -3.7885914 0.92809552 15
-3.3057401 -3.9670513 1.043499 15
-3.3126485 3.2668526 1.0089158 14
-3.3238626 3.3104038 1.0253505 12
-3.3150916 -4.0097651 1.1620455 11
-3.3874965 3.260026 1.1291414 13.5
-3.317575 -4.0680404 1.2337489 15
-3.3427477 3.2915976 1.2568923 15
-3.3595951 3.3379881 1.2291795 12
-3.3535085 -3.977293 1.3606397 14
-3.3651414 3.2297788 1.3768824 15
-3.314033 -4.0391455 1.4242146 12
-3.3352897 -3.9633684 1.4251595 12.5
-3.3412514 -3.9905732 1.5459067 13.5
-3.3686457 -4.025516 1.8571024 15
-3.2214417 -6.697422 -0.098572165 7
-3.2427044 3.1755936 -0.0061678807 0
-3.2188356 3.7116582 -0.00098461041 4
-3.20839 -3.9657393 0.060680781 7.5
-3.2362134 -3.944154 0.15590756 8.5
-3.256465 -3.9572215 0.25933143 8
-3.2179055 3.4392884 0.246563 10
-3.2038572 3.3847103 0.37973019 9
-3.2644205 3.6971822 0.33519673 8
-3.2651024 -4.0000043 0.47080663 9
-3.2303939 -3.9548774 0.40361258 10
-3.2742105 3.3433769 0.45619002 9.5
-3.2305048 -4.0011845 0.66911215 11
-3.2669086 3.3518276 0.65675396 11.5
-3.2757244 3.4126716 0.64960343 10
-3.2280939 -4.0182047 0.76137716 10.666667
-3.2555368 -3.9777615 0.73789102 11.333333
-3.2708321 3.3526382 0.75751019 11.5
-3.210542 -4.0543337 0.83901954 12
-3.2742271 -3.999578 0.80343139 9.5
-3.2301757 -4.0272646 0.96308386 12
-3.2715795 -3.9844973 0.90954882 13
-3.2194462 3.3913233 0.95547831 13
-3.2092505 -4.1110606 1.0837561 13
-3.2445483 -4.0485287 1.0513203 12.666667
-3.2949672 -3.9697049 1.0915744 12
-3.274987 3.341459 1.0492491 14
-3.2039001 3.4071057 1.0456181 12
-3.2108097 -4.0648942 1.1333661 12.8
-3.257638 -3.9840436 1.1418903 15
-3.2451618 3.3393259 1.1051809 14
-3.2082837 -4.110847 1.2553618 14
-3.229018 -4.0625715 1.2435508 13.125
-3.2991953 -3.8686006 1.2330167 13
-3.240387 -4.05057 1.3427559 13.666667
-3.2392337 -4.0604348 1.4419909 14.5
-3.2190356 -4.1434908 1.5051066 15
-3.2251625 -4.1146655 1.6692617 14
-3.2597926 -4.0028386 1.6868718 14
-3.2619991 -4.0979619 1.7702763 15
-3.2005925 -4.1363983 1.8272088 14
-3.1097169 -1.0905306 -0.23161776 1
-3.1047959 -0.94194573 -0.23645926 0
-3.1350129 2.1108391 -0.11553167 1
-3.1767056 -3.9432619 -0.078317866 7
-3.1325397 2.0951152 -0.072547294 0
-3.1026027 2.884335 -0.081558481 1
-3.169467 3.3234782 -0.0086317826 0
-3.1960511 -3.96346 0.060685761 8
-3.1838124 -4.0421553 0.11460645 8
-3.1477804 3.6850002 0.19797416 8
-3.1451395 -4.2390456 0.28300366 9
-3.1978312 -3.9811661 0.20592204 9
-3.1039529 3.4924922 0.26740694 8
-3.1627507 -1.76412 0.37907052 13.5
-3.1465995 3.4695799 0.31300393 7.5
-3.1969974 -4.0228 0.51190221 8
-3.1073883 3.4737699 0.53162849 14
-3.1389546 -4.2354698 0.64441252 10.5
-3.1805458 -4.1052351 0.61295438 10
-3.1105447 3.4678781 0.63177562 9
-3.1374018 3.5067306 0.66313279 10
-3.1750183 3.4421291 0.71961576 11.5
-3.1618402 -4.1220074 0.82073885 11
-3.191479 -4.0647559 0.85289145 11.4
-3.132194 3.4415581 0.83801097 13.2
-3.1795945 -4.1128349 0.90670329 11.5
-3.1954696 -4.0292397 0.99152327 13
-3.1856501 3.3640172 0.96401274 11.5
-3.1693172 -4.1758475 1.0708184 15
-3.1898379 -4.0789065 1.0930693 15
-3.1682711 3.4051101 1.0136373 14
-3.1848636 -4.123435 1.1479206 13
-3.1676378 -4.0852904 1.1283236 13
-3.1569676 3.4231946 1.1181221 14
-3.1973641 3.3789489 1.2534274 15
-3.1202788 3.4405565 1.2596755 15
-3.1577063 -4.2241635 1.3665948 14.5
-3.1823351 -4.6188669 1.5149628 14
-3.1463556 3.3605769 1.5579568 13
-3.1712599 -4.2128682 1.8245541 15
-3.0968843 -1.1291834 -0.20216988 3
-3.0234604 -0.70733804 -0.21493869 0
-3.0976353 -0.63068956 -0.21079193 0
-3.0293062 -4.4084768 -0.10638815 7
-3.0918071 -4.2573242 -0.063128717 7
-3.0508027 1.7841384 -0.095412321 1
-3.0515001 -4.397068 0.015424293 8
-3.0121975 3.5172272 0.29460827 8
-3.0763035 3.4798896 0.39464521 8
-3.0459082 3.5683079 0.32732338 11
-3.0896814 -1.5273893 0.41791582 15
-3.0101075 3.5319781 0.48164675 9
-3.0364797 -4.2026281 0.59790647 10
-3.0180995 3.5340343 0.54872996 10.333333
-3.0489798 3.4919996 0.74337775 13
-3.0641551 3.5089114 0.74644357 12
-3.0065072 -4.5192518 0.82342237 11
-3.0423822 3.5272107 0.87850237 12.5
-3.068244 3.4745743 0.90596539 12
-3.0218971 3.5847795 0.94748598 11
-3.0826206 -4.1575651 1.0577869 14
-3.0740113 3.5134552 1.1399068 15
-3.0868282 -4.1498857 1.2170018 15
-3.0895705 -4.0957336 1.2152091 14
-3.0586994 3.4650638 1.3413972 15
-3.0621846 -4.5002828 1.4830887 14
-3.0648906 -4.4033175 1.4019792 14
-3.0678518 -4.2140589 1.402938 14
-3.0580537 3.4295564 1.4051154 12
-3.0898898 -4.396616 1.6145619 15
-3.0594738 -4.2836361 1.6000139 15
-2.9223545 1.369049 -0.11280668 3
-2.9427986 1.5679028 -0.10973214 2
-2.9610641 1.7707628 -0.097634159 0
-2.9206638 2.5501325 -0.094939977 0
-2.9343116 3.4964871 -0.018828729 0
-2.9173932 3.902689 0.024437796 5
-2.9909184 3.5905335 0.22570574 8
-2.941226 3.5663586 0.36812556 9.5
-2.9158764 3.6201456 0.33760113 11
-2.9700255 3.9071238 0.32484251 8
-2.971781 -1.6324828 0.45263812 14
-2.9670615 3.5721426 0.4540005 8.666667
-2.9588997 3.5928206 0.86900187 13
-2.9120452 -4.4975305 0.98416758 12
-2.9573705 3.5306654 0.96303493 14.5
-2.9511509 3.6085339 0.93776596 15
-2.9036903 -4.5441852 1.0472647 15
-2.9711764 -4.4834552 1.0400755 13
-2.9372866 -4.4772425 1.1317651 15
-2.963119 3.5521035 1.1435295 14.5
-2.9495795 -4.5327487 1.2495732 13.5
-2.9883687 3.5385742 1.2605455 14.333333
-2.9402492 3.6410947 1.2928095 13
-2.9689596 -4.4903851 1.359071 13.666667
-2.9011612 -4.6164665 1.4923861 15
-2.9011939 -4.5492268 1.4033546 13
-2.9877687 -4.4904728 1.4867499 15
-2.9619448 3.5754013 1.4758128 14
-2.9094386 3.6433005 1.4441626 15
-2.9222183 -4.5675135 1.7497751 15
-2.9490466 -4.4845929 1.7021142 15
-2.8176701 -1.0440243 -0.20717557 2
-2.8498502 -0.91787928 -0.22607411 0
-2.8775177 -0.54391378 -0.19106683 0
-2.8566344 2.0160151 -0.12240583 0
-2.8077457 1.8644667 -0.091266125 0
-2.8109002 3.0771468 -0.055642802 0
-2.8173566 3.5793631 -0.029853441 3
-2.8152013 -1.6882479 0.15171616 9.5
-2.8473084 3.6638958 0.15734851 8
-2.8797734 3.6542513 0.26325154 8
-2.8177447 -4.6202583 0.39892155 8
-2.8214269 -1.7668604 0.33759591 10
-2.8639951 3.6435204 0.48484087 9
-2.8656862 3.6452372 0.52898234 11.5
-2.837729 3.7207625 0.62757194 10
-2.8344712 -4.6905398 0.79254025 12
-2.8484592 3.62954 0.7838462 13
-2.8637264 -4.6532521 0.85018808 12
-2.8990219 -4.5528474 0.87901902 12
-2.8405132 -4.6465564 0.93595868 10
-2.8853109 -4.5384779 0.95897609 12
-2.8408298 3.6686821 0.94003534 11
-2.8298552 -4.7522864 1.0426202 14
-2.8788712 -4.6497455 1.0116638 12.5
-2.800987 -4.7207289 1.1190385 13
-2.898633 -4.6618171 1.1085616 13
-2.8632298 -4.551342 1.1448807 12
-2.8279054 -4.7081633 1.2634809 11
-2.814723 -4.6899362 1.2382519 12
-2.8196909 3.6551812 1.2427609 14
-2.8562689 -4.5931196 1.3707491 14
-2.8371181 -4.7144041 1.4568659 15
-2.8569322 -4.6799645 1.4309579 12
-2.8034875 3.6473467 1.4073522 14
-2.8051195 -4.769639 1.5691442 14
-2.8806274 -4.6515532 1.5412498 14.5
-2.8583412 -4.5974569 1.5089808 14
-2.833374 -4.7281671 1.637762 15
-2.8803911 -4.6191487 1.6048319 14
-2.8807445 -4.6649652 1.7539972 15
-2.8069842 -4.8809233 2.0468307 15
-2.7823994 -4.7340055 -0.26607433 7
-2.7033162 -1.3953499 -0.17624147 2
-2.7214537 -0.57723874 -0.19339117 0
-2.7990625 0.281001 -0.19447845 0
-2.7218952 0.89954025 -0.19193703 0
-2.7036293 1.8380421 -0.10520384 0
-2.7187006 1.9237722 -0.12390097 0
-2.7607749 2.1718256 -0.11709496 0
-2.7842274 2.9299502 -0.073103398 0
-2.7074885 3.7153101 -0.027781395 3
-2.7956774 -2.5574358 0.1797832 9
-2.7654157 3.7547507 0.19058618 7
-2.730417 4.0396776 0.17327718 7
-2.734592 -1.4815775 0.26526573 12.5
-2.768816 3.7187941 0.26150399 8
-2.7275178 -1.5148592 0.34078136 10
-2.736105 -1.4939612 0.31155279 10
-2.7186499 -1.3619614 0.38581073 10
-2.714128 3.762677 0.30846852 8
-2.714684 -4.7810884 0.48761371 8
-2.7212188 -2.4287779 0.46072298 13
-2.7735047 -2.3466079 0.45317981 15
-2.7263212 -1.9194292 0.42721951 15
-2.731488 -1.395151 0.47042653 11
-2.7748618 -1.2780482 0.4670454 13
-2.7865744 -1.2229702 0.50742871 12
-2.7223744 3.7539468 0.58586055 12
-2.7345731 -4.7918591 0.68333584 11
-2.7947278 -4.6882114 0.69476795 11
-2.7688985 3.7074785 0.64912558 11.5
-2.7073727 -4.8502579 0.79277956 11
-2.7582936 -4.7824855 0.85245687 10
-2.73544 3.7499533 0.83853215 10
-2.7344553 -4.8482947 0.93333173 12
-2.7390218 -4.796391 0.99209404 14
-2.7659686 3.7182927 0.94327444 14
-2.7362037 -4.8084397 1.0890337 12
-2.7442162 -4.781692 1.0509633 11
-2.7580953 3.7510588 1.0704144 13.5
-2.7698112 -4.8108315 1.1223916 14
-2.7239037 3.6941411 1.1255797 15
-2.7164164 3.7281449 1.1248784 15
-2.7418966 -4.8689442 1.2608712 15
-2.7611899 -4.7622852 1.2373884 13
-2.752193 -4.7508774 1.3664356 15
-2.7568874 -4.8416214 1.4039258 13
-2.7330689 -4.8677588 1.5396461 13
-2.7462089 -4.7979517 1.5633974 15
-2.7268245 -4.8307023 1.6543165 13
-2.7444389 3.6414044 1.6237341 15
-2.7923017 -4.0256395 2.0417655 15
-2.6541977 1.7579448 -0.12255313 0.5
-2.6271026 -5.1152349 -0.035741378 8
-2.687397 2.4211168 -0.087365985 0
-2.6723099 3.1393769 -0.066787325 0
-2.6572089 4.1304746 0.088148609 5
-2.6187549 -1.6069815 0.18461083 11
-2.6872671 -1.6343244 0.20477559 10
-2.6885478 3.7797093 0.27742648 8
-2.6174383 3.831938 0.26762262 8
-2.6628764 3.7485664 0.36516005 11.25
-2.6068647 -5.2259393 0.47890911 11
-2.6930692 -1.8076388 0.45401025 15
-2.6554263 3.7787163 0.46407023 8
-2.6414893 3.8342149 0.48075879 10
-2.6820681 3.7022049 0.52836013 12
-2.6250203 3.8458023 0.54636258 10.666667
-2.6553791 -4.9101534 0.60030222 9
-2.6029241 3.7459974 0.62347305 13
-2.6166854 -4.9769778 0.77913386 11
-2.6596818 3.7571738 0.78434837 13
-2.6180563 3.8082352 0.74418968 13
-2.6999085 -5.129725 0.80656236 13
-2.6818488 -4.9124961 0.87138617 12
-2.6994081 3.7378113 0.85611206 13
-2.685534 -4.8468289 0.93105555 11
-2.6553509 3.7745812 0.93729419 13.5
-2.6667273 -4.9104133 1.065467 11
-2.6808336 -4.8650236 1.056199 12.5
-2.6254952 -5.0181212 1.1348732 15
-2.6386178 -4.9370518 1.1706476 13
-2.6193509 -4.8987088 1.1437199 12
-2.6192722 3.8493581 1.1422305 12
-2.6544197 -4.9463363 1.2550669 13
-2.6892312 -4.8793182 1.2911242 14
-2.607101 -5.1547613 1.3784566 14
-2.6067572 -5.004549 1.3538779 13.5
-2.6384733 -4.9798307 1.3795706 12.5
-2.6859078 -4.8709621 1.3697201 14
-2.6800585 3.7332573 1.3877519 14.5
-2.6853297 -4.8801289 1.4197454 14
-2.6394022 -5.0085931 1.5474968 15
-2.6761105 -4.965086 1.5901539 15
-2.6994183 -4.9309044 1.7008858 15
-2.5639384 0.086539589 -0.20826232 1
-2.5022407 0.62778014 -0.21729155 0
-2.5431006 0.96932799 -0.20278099 0
-2.5059826 0.6886754 -0.19776464 0
-2.5496562 0.77370405 -0.18763009 0
-2.5363193 1.2049718 -0.15809524 0
-2.5461679 1.547145 -0.10654647 2
-2.5353167 1.9168612 -0.10211623 0
-2.5337889 3.2947021 -0.066778451 0
-2.5692277 3.8666763 0.0680627 6
-2.5830827 3.8535106 0.14435644 7
-2.5242136 -1.6298456 0.20227097 13
-2.5544376 3.8904073 0.24147747 9
-2.5082393 3.9070752 0.25472525 8
-2.5158935 3.9206991 0.31624457 11
-2.5882587 4.1513381 0.3689968 9
-2.5150268 -2.416054 0.46167037 13
-2.5984726 3.8966756 0.43046299 8
-2.5910802 3.839036 0.59531891 9
-2.5846639 -4.9581757 0.75088233 10.5
-2.5960021 3.8713722 0.79025829 12
-2.5478551 3.8526075 0.85301721 14
-2.5522592 -4.9118361 0.98160625 10
-2.5811212 -5.0090637 1.065071 12
-2.5334949 3.8405375 1.0517231 13
-2.5439966 -4.9663696 1.2122415 11.5
-2.5594685 3.8496182 1.2841223 15
-2.5910869 3.8317397 1.3499154 13
-2.5767202 -5.4210835 1.4394858 14
-2.5249043 -4.9095364 1.406122 15
-2.5460644 -5.3176036 1.5869572 15
-2.5930192 3.8041365 1.5003295 15
-2.5903361 -5.029284 1.9293132 15
-2.483578 -0.84673578 -0.20718683 1
-2.4508069 0.3830348 -0.20547348 0
-2.4681406 -1.3218281 -0.19450286 1
-2.4432433 -1.0333295 -0.19445881 0
-2.4435737 -0.42086041 -0.19440232 0
-2.447469 1.1401842 -0.18090086 0
-2.40892 1.748547 -0.13178822 0
-2.4152138 2.9068449 -0.10037221 2
-2.4157345 3.3786693 -0.054388851 1
-2.4449077 4.2182999 0.16868232 6
-2.4181294 3.9636748 0.2523995 8
-2.4625981 -3.0560322 0.35513172 13
-2.4798646 3.9296727 0.34943551 9
-2.4003887 -2.8913369 0.43504721 15
-2.495178 -2.5468841 0.4211269 14
-2.4212325 -1.6857721 0.4787885 15
-2.4538164 -1.5974226 0.4199248 10
-2.4450791 3.9519458 0.46383134 10.4
-2.4170768 3.9673483 0.53017426 11
-2.4364622 3.9693289 0.65073723 14
-2.4020445 3.9498239 0.77284443 14
-2.402349 3.8691921 0.8054114 15
-2.4604228 3.9133141 0.86508256 13.333333
-2.4342453 3.943516 0.96872222 14
-2.4428668 3.9164615 1.0564198 13
-2.4742606 3.8970165 1.2270323 14
-2.4431818 3.926424 1.2164351 13
-2.4141409 3.9627819 1.3602207 14
-2.4623079 3.9069157 1.4552824 15
-2.4970415 -5.3186626 1.7127318 15
-2.4063511 3.9268234 1.9831281 15
-2.3772125 -0.34565699 -0.22292328 1
-2.3988385 0.34254634 -0.2310518 0
-2.3772731 0.69195378 -0.220899 0
-2.3328104 0.84883839 -0.21314053 0
-2.339853 1.0148497 -0.20872791 0
-2.3509622 -0.31070217 -0.19515081 0
-2.3108313 1.4231015 -0.1622526 1.5
-2.3879344 1.5349355 -0.19240269 0
-2.3603771 1.9769889 -0.11619057 0
-2.3790545 -3.1365638 0.088691734 7
-2.3131423 4.295013 0.016966024 4
-2.357774 -3.0487516 0.1454085 10
-2.3706653 4.2833571 0.28769273 7
-2.3747127 -2.2377727 0.38749519 12
-2.3556859 3.98947 0.34987929 9.166667
-2.3799493 -2.2301629 0.46359989 14
-2.3334227 -1.9478183 0.46877512 15
-2.3645942 4.0414262 0.49406514 10.5
-2.3283312 4.0495205 0.57734954 12.25
-2.3808043 4.0346231 0.63216037 10.5
-2.3261113 4.0722575 0.74447131 12.5
-2.3456833 4.0036025 0.91094261 14
-2.395937 4.0100179 1.1174941 12
-2.3351309 3.9874001 1.4397767 14.5
-2.3301494 4.017817 1.4235158 15
-2.3187425 4.0764785 1.5337478 14
-2.2947614 -0.71970135 -0.21768458 1
-2.2926526 1.2461233 -0.16812177 0
-2.2618906 1.5464416 -0.10486965 0
-2.2766726 2.1512136 -0.13353629 1
-2.2257895 2.0766182 -0.085040376 0
-2.2367983 4.3178329 -0.044593371 5
-2.2159972 -2.1163552 0.092866153 9
-2.2583802 -1.9318035 0.019011332 9
-2.286844 -3.2762065 0.1720397 10
-2.2325053 -2.0387878 0.13346051 9
-2.2195332 -1.9979851 0.1570375 8
-2.2024214 4.4708877 0.1487816 6
-2.2485867 -3.3326015 0.22504658 8
-2.2021406 -2.0212991 0.24379173 14
-2.2415798 -1.9862528 0.22863008 10.8
-2.2454703 4.3240242 0.28156596 8
-2.2185688 -2.0172606 0.31635305 10
-2.2510867 -1.9455668 0.37121078 10
-2.2445748 1.6415311 0.30642051 10
-2.2672958 4.0578113 0.37666172 10
-2.2435498 4.1066408 0.37293705 8
-2.2335174 -1.9669803 0.4404411 13.666667
-2.2777803 1.6372893 0.46459603 13
-2.2487512 3.9555733 0.47265768 11
-2.2467995 3.9547827 0.56585401 12
-2.2602797 4.0877695 0.65520579 13.5
-2.2970903 4.0254922 0.79185665 12
-2.2570782 4.1079783 0.95410585 14
-2.2393348 4.1026063 1.2291467 12
-2.2150464 4.0744562 1.3212101 13
-2.2693996 4.0392642 1.4107159 14.5
-2.2029119 4.1038113 1.450274 15
-2.2918406 3.9894488 1.5629766 13
-2.2772474 -5.6635604 1.6945658 15
-2.2609079 3.979423 1.6649512 15
-2.2080925 -5.9211183 1.9268365 14
-2.2644732 -4.6180601 2.0988674 15
-2.1118238 -1.4322929 -0.20252725 1
-2.1718369 -0.8931039 -0.22081889 2
-2.1157181 0.52290183 -0.21594641 0
-2.105449 0.90232944 -0.20307115 0
-2.1348584 -1.1354208 -0.19416448 0
-2.1477029 1.1244987 -0.18606782 0.5
-2.1638415 1.7364182 -0.1349736 0.33333334
-2.1375124 1.8867831 -0.10697196 1
-2.1689174 2.0513904 -0.12948677 1
-2.1495059 2.2443571 -0.13590026 0
-2.147501 1.8473183 -0.046949048 3
-2.1294565 2.9585514 -0.089527249 1
-2.1449621 -2.2197516 0.08134675 9
-2.1444895 -2.1462126 0.096503928 9
-2.150512 -2.0421531 0.14948609 8.833333
-2.1565084 -3.6938884 0.28733405 12
-2.1034596 -2.1006927 0.26041541 9.5
-2.1450906 -2.0410585 0.25716656 10.4
-2.1103091 1.4268373 0.28421065 10
-2.1852942 4.4476008 0.29805017 7
-2.1723228 -2.0268137 0.33727932 12
-2.1263051 4.140964 0.38752642 10.5
-2.1185312 1.4227935 0.4539738 12.5
-2.1800051 4.1588311 0.44768801 9.5
-2.1103992 -5.8630643 0.50571662 9
-2.1399584 4.1888375 0.52610254 10.333333
-2.1922185 4.1393719 0.65784347 11
-2.1970005 3.9893651 0.79600418 14
-2.1914809 4.1478872 0.96351421 11
-2.1030147 4.2068591 0.9079228 14
-2.1153138 -5.8717079 1.1353136 15
-2.1295764 4.1220989 1.1480005 13.666667
-2.1100547 4.147769 1.295179 15
-2.1875496 -5.92274 1.3992848 14
-2.13359 4.1473045 1.4443628 14
-2.106679 -5.9129171 1.5900072 14
-2.190345 -5.8269 1.5661736 14
-2.1357486 4.0975633 1.6830825 15
-2.1968527 -5.885406 1.7115453 12
-2.1216912 4.1836438 1.7539706 14
-2.144371 -5.8396201 1.8311458 15
-2.1111624 -5.92134 1.9167356 15
-2.0642183 -0.64482313 -0.21347491 1
-2.0327895 0.77531272 -0.21768913 1
-2.0832627 2.1463523 -0.13817865 0
-2.0225475 -2.2694924 0.10708754 10
-2.0660524 -2.148133 0.17193039 9.75
-2.0972712 -2.0849409 0.18499525 8.5
-2.0351169 -2.2567642 0.25648287 12.3125
-2.0710318 -2.139909 0.24521181 12.75
-2.0813599 -2.0340488 0.29364717 9
-2.0914588 1.4274701 0.2764096 10
-2.0085714 4.2313943 0.29925239 7
-2.0922487 4.4284124 0.23439439 7
-2.0104258 -2.2091846 0.33234346 10
-2.0492365 -2.1633914 0.33803859 10.333333
-2.0775146 1.4302157 0.3344394 10.333333
-2.084825 4.1515436 0.3473947 10.5
-2.0401208 4.2699523 0.36409345 9
-2.0234215 -3.4305441 0.45256752 13
-2.0409327 -2.0802271 0.47429705 11
-2.0665028 1.4220401 0.45288292 12
-2.056083 4.2735968 0.4574194 9.5
-2.0904164 1.4456736 0.50656706 14
-2.0678737 4.2085986 0.5532127 10
-2.0133481 -5.8845711 0.71804518 11
-2.0384881 4.2194738 0.88308173 12
-2.0766811 4.2359509 1.0149724 15
-2.0758626 4.1311951 1.145264 14
-2.0344005 4.2280779 1.1138197 14
-2.0006483 -5.903717 1.2778841 15
-2.0407581 4.1806388 1.314676 12
-2.0146525 4.2586327 1.361715 14
-2.0049863 -5.9215193 1.4920486 14
-2.0954196 -5.9343038 1.5668894 14
-2.0009308 -5.896739 1.5280406 13
-2.0531962 -5.9333334 1.7247789 14.5
-2.0298121 -5.9435692 1.8511144 15
-2.0599823 4.1885009 1.9103631 15
-1.9745229 -1.2047876 -0.2046095 0
-1.9735959 -0.21619402 -0.23413621 0
-1.9615204 0.60679138 -0.18096346 0
-1.9270726 1.8474839 -0.16457707 0
-1.9218229 2.0426624 -0.10859258 1
-1.9788431 2.4674091 -0.1239015 0
-1.9885942 2.1145947 -0.095286421 0
-1.9512541 3.4819117 -0.033933338 0
-1.9412441 -2.7092879 0.18680103 12
-1.9951446 1.8080937 0.25332585 9
-1.9101045 4.3598766 0.28873897 9
-1.9677205 4.2348113 0.37792003 10
-1.9602641 4.3070397 0.37624091 9.5
-1.9773892 -2.2545438 0.43936193 15
-1.9077044 1.5663016 0.46623969 13
-1.9716594 4.2790403 0.46661225 10.333333
-1.9418442 4.3316784 0.46031207 10.333333
-1.9411514 -2.362849 0.53489155 14.5
-1.9935883 4.3046007 0.58792341 10
-1.93571 4.2876635 0.6818105 11
-1.9445697 4.306716 0.79154205 15
-1.9594363 4.2793155 0.92669874 15
-1.9710995 4.2449822 1.0501304 14.5
-1.9766217 4.2280841 1.1597903 14
-1.929278 4.3038497 1.1163861 15
-1.969524 4.2624359 1.3462079 14
-1.9045225 4.2396092 1.5941235 15
-1.9930435 -5.9240394 1.6678107 15
-1.9574643 -5.7956309 1.6924369 15
-1.9620221 4.292871 1.6402359 13
-1.9536015 -5.9213557 1.7542405 13.5
-1.9955072 4.2079115 1.7537004 14
-1.9654096 -5.953424 1.860374 13
-1.9172488 4.3296647 1.8751523 15
-1.9735048 -3.958529 2.0512178 15
-1.830844 -0.14777724 -0.23913755 0
-1.8325461 0.74191993 -0.20201747 0
-1.8025311 -0.92251015 -0.18735106 0
-1.8475738 3.3761094 -0.036428168 0
-1.8294017 3.9527545 -0.018266542 2
-1.8103895 -2.7123098 0.16687456 10
-1.8621318 4.3602743 0.13543843 6
-1.8029877 -2.6100862 0.23349638 12
-1.8964839 -2.558326 0.20093055 11
-1.8770406 -2.7025175 0.36357561 13
-1.84462 1.5948448 0.36061898 11
-1.8597088 4.3604755 0.35510254 9.333333
-1.8307642 4.406321 0.30913246 8
-1.8960694 -2.4185987 0.4773629 12
-1.8480537 1.6092713 0.43024316 12.5
-1.8141184 1.7172518 0.45630616 12
-1.8060011 4.4369183 0.47376165 9
-1.8423263 4.3718047 0.56497729 10.5
-1.8236215 4.4382348 0.534217 9.5
-1.8973118 4.3634024 0.76086926 14
-1.8531319 4.405458 0.75951642 12
-1.8799285 4.3567514 0.84566551 11
-1.845001 4.3554349 0.93535823 13.5
-1.8181375 4.4242091 0.9622919 14
-1.8294771 4.361001 1.0046848 13.5
-1.810523 -5.7769136 1.215333 13
-1.8670237 4.3681102 1.2016793 12
-1.823976 4.358232 1.3450433 14
-1.8208958 -5.9385166 1.556161 14
-1.8310896 -5.7344532 1.5718148 12.5
-1.8673915 4.3296766 1.5580429 14
-1.8928452 -5.8680711 1.6788174 15
-1.8085395 4.4183502 1.7296463 15
-1.8030351 -5.3144379 2.0550632 15
-1.7344187 -1.6372329 -0.2368128 2
-1.735664 -1.5086418 -0.20595686 2
-1.7783954 -1.2236179 -0.23871908 0
-1.7724044 0.38801855 -0.20386456 0
-1.7179979 0.4511531 -0.21598822 1
-1.7480606 2.2577429 -0.1342196 0
-1.751052 2.9038672 -0.074481808 0
-1.7610035 -2.607651 0.038209386 9
-1.7692586 4.6211138 0.073720589 4.5
-1.7503039 -2.6388793 0.13946329 8.5
-1.7586923 -2.6281047 0.23645142 10.333333
-1.7978919 -2.5855906 0.23731275 13
-1.7715398 1.8552545 0.26302999 8
-1.7429334 -2.6397393 0.32820886 11.833333
-1.7678705 -2.5616076 0.37227148 10
-1.7767996 4.4343305 0.3512353 8.25
-1.7609493 -2.59324 0.43080762 15
-1.7666026 2.0140584 0.4382557 14
-1.7596537 4.426096 0.44589639 8.666667
-1.7356791 4.4624181 0.5049206 13
-1.7542318 4.4499044 0.62956893 11.5
-1.7037133 4.490593 0.70640635 13
-1.7105134 4.503139 0.79225862 13
-1.725125 -5.7150331 0.88354063 11
-1.7903814 4.43578 0.8857823 13
-1.7050344 -5.6889539 0.96074009 12
-1.7662222 4.3878884 0.9369204 12
-1.7014006 4.4968405 0.91099465 11
-1.7460352 -5.7148805 1.0480326 11
-1.7188101 4.4461055 1.0411528 13
-1.7695434 -5.7405639 1.1226285 13.5
-1.7460005 4.3650765 1.2838149 15
-1.7409968 -5.6841993 1.3957508 13.5
-1.7298751 4.4399767 1.3971952 15
-1.7739731 -5.7604728 1.4123824 14
-1.7090048 4.3879309 1.436343 14
-1.7276309 4.4660568 1.4601864 14
-1.7370046 4.4596639 1.5387869 15
-1.7972778 4.3529253 1.6423749 15
-1.6489226 -2.2000389 -0.23425639 2
-1.6490606 -1.8258122 -0.2331228 1.5
-1.6133676 -1.5075634 -0.24011426 0
-1.6755418 -0.40021217 -0.2360682 1
-1.6315517 -0.14805934 -0.19627427 0
-1.684606 1.7711356 -0.16078442 1
-1.6003819 2.0980492 -0.1474752 0
-1.6762903 3.545619 -0.031468883 0
-1.6709001 3.751282 -0.022976916 0
-1.6738094 -2.6872883 0.080444403 7
-1.6936694 -3.5161221 0.10408086 9
-1.6638278 -2.8878579 0.12118275 11
-1.6332381 -2.7291894 0.12521951 9
-1.6760523 -2.6708603 0.16141187 8.5
-1.6964979 4.4751973 0.12105254 6
-1.6346481 -2.7208481 0.25187317 10.166667
-1.6376619 4.5330887 0.34796461 9.25
-1.6595027 -2.6183128 0.46570733 11
-1.6930212 1.9154881 0.46181747 13
-1.6387773 4.4913268 0.48596403 12
-1.6312102 4.5566201 0.46710327 12
-1.6464421 4.5241518 0.64301282 11.5
-1.6014438 -5.6153526 0.74067461 11
-1.6538081 4.4771466 0.74637425 10.5
-1.6158178 -5.6225395 0.81029695 11
-1.6655329 4.4767041 0.8632583 13.166667
-1.6550997 4.3136668 0.99582869 14
-1.6442561 -5.6394873 1.1023165 13
-1.6849478 4.5205731 1.1592293 11
-1.610085 4.4933476 1.22483 15
-1.6355927 4.5207052 1.2650284 13
-1.6394048 4.5063324 1.7738153 15
-1.6616296 -5.3839326 1.8598521 15
-1.689013 -5.1593695 1.9954342 15
-1.5579202 -1.8488694 -0.23434098 0
-1.582211 -0.58523184 -0.23027578 0
-1.5943351 -0.33173782 -0.21514574 0
-1.5070055 3.4767382 -0.033223789 0
-1.521099 3.9450798 -0.019189071 0.5
-1.5857354 -2.7834516 0.045253668 9
-1.5697463 -2.862427 0.1888738 9.5
-1.5819114 -2.7923567 0.14822307 9
-1.5884209 -5.0396509 0.21532956 9
-1.5503609 -2.9273126 0.21060267 12
-1.5677589 -2.859726 0.23245583 11.833333
-1.58428 -2.7906766 0.25300059 10.666667
-1.5221545 -3.5340757 0.37070462 14
-1.5353863 -2.9353213 0.35076845 12.5
-1.5612129 -2.8359828 0.35720226 11
-1.5851976 -2.7432334 0.33773005 10
-1.527565 -2.9390385 0.45115876 13
-1.5768038 -2.7308919 0.45914471 12
-1.5900761 1.7866942 0.43809074 12
-1.5920818 1.8058501 0.42266443 12
-1.5004064 4.5886464 0.45833459 11
-1.5621397 -2.9081893 0.53149551 15
-1.5900931 4.5907202 0.5660488 11
-1.5569851 4.6136332 0.50486231 10
-1.5234613 4.5474567 0.69591796 15
-1.5137892 4.6426888 0.63427973 12
-1.5262611 4.6214781 0.71909654 13
-1.5853623 4.5676904 0.84894019 13
-1.5971528 4.6144748 0.89103144 12
-1.5939156 -5.6233683 0.95133799 12
-1.5194432 4.5698676 0.95486122 12
-1.5186807 4.6283407 0.91890091 12.5
-1.5907078 4.5037713 1.0744195 13
-1.5345914 4.5562725 1.1714824 13.333333
-1.5562276 4.5398412 1.3177696 14.5
-1.5387735 4.5515041 1.4588087 14.5
-1.514367 4.5953312 1.5244701 15
-1.4235657 -2.3959441 -0.23517574 3
-1.4223959 -2.0050452 -0.23664439 1
-1.4099693 -1.5593265 -0.22536711 0.5
-1.4229779 -1.1228762 -0.22019099 0
-1.4166365 2.0977647 -0.14243196 0
-1.4947249 -4.950902 -0.056915428 7.5
-1.4927588 3.6444287 -0.025441339 0
-1.4194826 -3.0711217 0.39170843 10
-1.442466 4.6504817 0.34814852 7
-1.4018379 -3.0950575 0.41438347 15
-1.4719136 4.6518149 0.42531121 7
-1.4283198 -5.4481273 0.58924001 9
-1.4040325 4.7265439 0.57529712 10
-1.4680425 -5.4633508 0.6499638 11
-1.4325169 4.7057381 0.67771292 12
-1.420293 4.6583781 0.78353268 13
-1.4623934 4.6321931 0.95301574 11
-1.409313 4.6532111 1.0002624 15
-1.4550829 -5.4981055 1.1725364 11
-1.4880352 -5.4705234 1.2259109 12
-1.4058943 4.6727219 1.2763939 15
-1.4405396 -5.5190525 1.3244412 14
-1.4319721 -5.5158391 1.4462814 14
-1.4528118 -5.4990168 1.4882103 12
-1.4141577 4.6909771 1.4055992 13
-1.4994296 -5.2951241 1.5708034 13
-1.4970403 4.5814404 1.5411233 15
-1.4033566 4.6960554 1.5504576 14
-1.4351956 -5.4624782 1.6979209 14
-1.4277257 -5.5558357 1.7518475 15
-1.412008 -5.4108863 1.8067389 13
-1.4158063 -5.5207853 1.9783088 15
-1.3754884 -1.7007055 -0.22459723 0
-1.3613088 -0.10813732 -0.23546611 0
-1.3846503 1.576592 -0.13235164 1
-1.3857892 2.1691675 -0.10291664 0
-1.3216407 -4.9713311 -0.017234214 8
-1.386505 2.5362465 -0.064482309 0
-1.3518187 3.8712051 -0.027691305 0
-1.3255183 -3.1822546 0.048600473 8
-1.3390501 -4.9366245 0.10664342 8
-1.3214409 -3.1803796 0.15438502 9.5
-1.311267 -4.8824182 0.35026044 11
-1.3090367 -3.8424535 0.37654269 14
-1.3936676 -3.1885657 0.31204998 9
-1.344836 4.7146807 0.3352412 9
-1.3801969 -3.0801666 0.46673036 13
-1.3518945 4.7564349 0.45289648 11
-1.386802 -3.1358902 0.5048719 15
-1.3048735 4.7417068 0.55569857 11.5
-1.3707888 -5.3412948 0.84230673 11.5
-1.3230639 4.7663088 0.83738816 13
-1.3775417 -5.4760542 0.90961599 14
-1.3329903 4.6748796 0.96739566 12.5
-1.3368151 -5.5286174 1.0373312 10
-1.3244374 4.6823916 1.0995545 13
-1.3348284 4.7226267 1.020347 13
-1.3122801 -5.4114132 1.1147346 13
-1.3058171 -5.3694243 1.1955118 14
-1.3187897 -5.4166574 1.3323951 14
-1.3077425 -5.3692055 1.3608011 12
-1.3218244 4.7221451 1.3109365 12
-1.3178332 -5.3952513 1.4058233 13
-1.3135201 4.764782 1.4756083 14
-1.3886129 -5.4564867 1.5167003 12
-1.3269742 -5.1482582 1.6120059 14
-1.3974084 4.6398773 2.0902309 15
-1.3096536 -5.3800797 2.1026275 15
-1.2227391 -1.5627272 -0.22016981 1
-1.2040207 -0.068442702 -0.2141802 1
-1.2504138 1.8338861 -0.12909229 0
-1.225284 1.9744202 -0.11866055 2
-1.2110907 2.0953186 -0.13423136 0
-1.2940044 -4.8659606 -0.029149832 7
-1.2608589 2.7362766 -0.058363169 4
-1.2959207 3.2183506 -0.038259491 0
-1.2329613 3.8543267 -0.026681989 0
-1.2579769 -3.2094598 0.057136815 7
-1.2375829 4.8293219 0.17881125 7.5
-1.2907947 4.7352176 0.28255945 8
-1.2681533 4.7970681 0.32835352 8
-1.2317601 4.7850814 0.4427847 8.5
-1.2856472 4.81741 0.40634018 9
-1.2989914 4.7706299 0.5648737 8
-1.2677838 4.7835989 0.69358134 10
-1.234166 4.8426809 0.64433914 10.5
-1.2955613 -5.415246 0.84257829 10
-1.2098137 -5.3046112 0.82455748 12
-1.2046165 4.8325901 0.85745817 12
-1.2322899 -5.318336 0.97190362 10
-1.2974473 -5.4169779 1.0720385 13
-1.2440391 -5.3490472 1.0834086 14
-1.2561345 -5.0888095 1.0799726 11
-1.2377881 4.8138199 1.0317655 13
-1.2290691 -5.3169055 1.1896191 13
-1.2340093 4.7838225 1.4061251 15
-1.1728072 -1.8932723 -0.2280436 3
-1.148127 -1.5572189 -0.234405 0
-1.1850401 -1.4640936 -0.22459723 0
-1.1958467 -0.73058033 -0.24746315 0
-1.1376474 -0.046552133 -0.18835615 0
-1.1249726 0.11451806 -0.19278483 1
-1.1709598 0.49712557 -0.19434585 1
-1.1820235 -4.8133287 -0.013166851 7
-1.103112 -4.7013202 -0.055967208 7
-1.127203 -4.6792755 -0.01541853 8.5
-1.1963906 3.4316938 -0.020882519 0
-1.1126447 3.6364441 -0.069092065 2
-1.1343328 -4.7066164 0.068204999 8.5
-1.1278087 -4.6878729 0.048971508 8.5
-1.1581972 -4.7321286 0.19225983 9.25
-1.1836364 -3.1314089 0.14573042 10
-1.1331573 -4.7088361 0.22901666 7.5
-1.1006646 -4.6994224 0.2528114 9
-1.1177832 4.8557019 0.37113225 8
-1.1784467 4.9235415 0.38500333 8
-1.1867503 -3.3364286 0.45887128 15
-1.1116431 4.9038239 0.68323487 11
-1.1494786 4.8636456 0.77638227 9
-1.1062949 4.9012394 0.75704217 11
-1.1130475 4.8836074 0.85285777 11.5
-1.1062677 4.9309521 0.8364349 10
-1.1720341 -5.3207626 0.94928193 12
-1.1014525 -5.2155948 0.9489072 12
-1.1335498 4.9720259 0.98831642 13
-1.136309 -5.2799201 1.0196071 12.5
-1.1004664 4.8914027 1.0642291 13
-1.1115923 4.9169083 1.0619775 11.666667
-1.1073183 -5.2222772 1.1669559 12
-1.1085051 4.8938046 1.1901376 13
-1.1689161 4.9293742 1.1137031 13
-1.1264353 -5.2841511 1.2615882 14.5
-1.1098336 -5.190382 1.2842611 11
-1.132785 4.855845 1.2642895 14
-1.1152164 4.8741708 1.330802 14
-1.1905541 -5.2766538 1.4478317 13
-1.1288337 -5.3223848 1.5517339 13.5
-1.1888951 4.8250837 1.5155443 14
-1.1444732 4.8522472 1.6810585 14
-1.183058 4.8303962 1.8631113 15
-1.0790352 -4.707922 -0.22952832 8
-1.0204339 -3.1072457 -0.24036691 3
-1.0635928 -1.6566119 -0.2238494 1.5
-1.0549906 -0.5251447 -0.24308781 0
-1.0934769 -0.26855639 -0.2409092 0
-1.0161521 1.4196631 -0.16944124 0
-1.0242037 1.7288903 -0.1338874 0
-1.0770015 2.1454852 -0.13178711 2
-1.0311593 -4.7522717 -0.018716661 7
-1.071358 -4.6713843 -0.035758995 7
-1.0572773 2.5715835 -0.078362957 3
-1.086297 -4.7176819 0.041199971 8
-1.0895467 -3.4586735 0.084839195 10
-1.0519536 -3.0973785 0.13409671 9
-1.0988266 4.9468632 0.17628801 8
-1.0513395 -4.7595048 0.28190631 11
-1.0834693 -4.6748691 0.37521359 12
-1.0346462 -3.539818 0.38025993 11.5
-1.061496 4.94276 0.33975446 8.8571424
-1.0103947 4.8833442 0.4536632 9
-1.0615278 4.9379086 0.44566306 8.8125
-1.0389534 4.9271975 0.54570121 9.7894735
-1.0550032 4.930213 0.65641379 11.038462
-1.0231924 -5.1940727 0.75611711 10
-1.0493807 4.9286265 0.74887556 11
-1.0214295 -5.2276144 0.85831553 10.5
-1.05194 4.8810563 0.83330524 13
-1.0481702 4.9297943 0.85607576 12.125
-1.0276148 4.8934674 0.92471671 12.5
-1.0455811 4.9218144 0.9450829 11.727273
-1.0356086 4.8852816 1.0582452 12.8
-1.0374233 4.9203129 1.0447218 11.666667
-1.0139257 -5.260818 1.1259401 11
-1.0457133 4.8964086 1.1928766 13.25
-1.0438904 4.9196215 1.1490871 13.642858
-1.0236785 -5.1336169 1.2940779 13
-1.0269185 4.8933253 1.2512805 12.25
-1.0365827 4.9206362 1.2580932 13.7
-1.0625235 -5.2305465 1.3118285 11
-1.0435371 -5.1839991 1.3639488 12.5
-1.0541328 4.890811 1.3519846 14.666667
-1.05787 4.9084592 1.3673941 13.5
-1.0180937 -5.2228398 1.4256037 15
-1.0503101 -5.1960964 1.446615 12
-1.0184766 4.8773742 1.4659389 14.5
-1.0389286 4.9420409 1.431507 13.5
-1.0307208 -5.2291918 1.5261489 14
-1.0485302 4.8924074 1.5344867 15
-1.0241359 4.8832507 1.6531178 14.666667
-1.0405949 4.9165897 1.6330062 14.166667
-1.0076858 4.8833427 1.7509575 14
-1.0628388 4.9301305 1.7749504 15
-1.0724765 -5.2063422 1.8329746 15
-1.0523822 -5.1500816 1.838114 14
-1.0656599 4.9117379 1.8361448 15
-1.0993574 4.8407106 1.9571087 15
-1.0500652 -5.2333937 2.0434823 15
-1.0321771 -4.4475136 2.0886526 15
-1.0283388 4.9346037 2.0873051 15
-0.99985063 -1.7855493 -0.23764814 1
-0.90938753 -1.2533581 -0.21274209 0
-0.91184151 -0.67158073 -0.26406616 0
-0.96438879 -0.32686129 -0.24173883 0
-0.95843339 -4.8048911 -0.10752311 5
-0.91241646 1.6476939 -0.13512231 0
-0.94115937 1.8492466 -0.13513187 0
-0.97694457 -5.0272241 -0.080207847 7
-0.97364688 4.9373918 0.15696754 7
-0.95000345 4.894197 0.24172638 7
-0.96296239 -3.6125271 0.33894673 9.666667
-0.92983615 4.8830395 0.33997503 8
-0.98428315 4.9310002 0.33048052 8
-0.9113428 -4.9351144 0.43062094 12
-0.9611637 4.8650565 0.47399071 10.125
-0.96924669 4.9238486 0.40739602 8
-0.99798095 4.8929768 0.54289156 9
-0.98716551 4.9447207 0.53482985 10
-0.94584882 -5.1099253 0.65449488 9
-0.99373776 4.8882732 0.65666753 10.5
-0.98337787 4.9236426 0.66238028 10.25
-0.92484033 -5.1260042 0.73678637 11
-0.90738142 4.7978382 0.73381346 10
-0.94925791 4.8454366 0.76053816 11.8
-0.95840394 4.9114842 0.74606496 12.833333
-0.92897666 -5.1284943 0.83426291 12
-0.95921218 4.8477826 0.85974497 11.666667
-0.98278952 4.9308691 0.83848041 12.666667
-0.95293725 -5.1262622 0.92936641 12.5
-0.9248302 4.7921071 0.90925467 11
-0.96152103 4.8503861 0.97567087 11
-0.97114664 4.9269099 0.9761734 14.5
-0.95302022 -5.0922818 1.0886369 15
-0.9884944 4.8711438 1.0943651 12
-0.98670554 4.909061 1.0778916 14.25
-0.92929578 -5.0749555 1.1821132 13
-0.92482394 -5.1411195 1.2335263 12
-0.99243808 -4.9335527 1.2483929 12
-0.97710907 4.8734484 1.2749361 14
-0.99226695 4.9100614 1.2007562 13
-0.91229802 -5.1270475 1.3240167 12
-0.98432732 4.9258184 1.3000518 14
-0.94066066 -5.1715755 1.4473027 14.5
-0.9888196 4.9277296 1.4342797 13
-0.95490462 -5.1204433 1.5529275 14
-0.93589312 4.7672815 1.5259445 15
-0.93898749 -5.1773472 1.6150681 14.5
-0.99154758 4.8969116 1.631705 14
-0.98325658 4.9073811 1.6192987 14
-0.99424112 -4.9569192 1.8870233 15
-0.97817206 4.8704605 1.8428454 14.5
-0.9103694 -4.8584909 1.9848189 15
-0.99946642 4.8829575 1.9034282 15
-0.88695759 -1.5872481 -0.21362017 2
-0.80831367 -4.9137187 -0.13087267 8
-0.87681282 -4.8904147 -0.10902614 6
-0.82464385 1.1998676 -0.1898254 1
-0.84236741 1.9473779 -0.1409629 0
-0.84352702 2.17925 -0.12336536 0
-0.8692041 2.2862811 -0.12771283 0
-0.89765042 2.3448551 -0.13118416 1
-0.83938402 -5.0227642 -0.064003147 7.75
-0.82295543 -4.9981093 -0.051754415 7
-0.82946956 3.0939152 -0.099739052 2
-0.88950229 3.4606094 -0.069332264 1
-0.81990027 -5.0295606 0.022040011 7
-0.83207238 -4.9304395 0.086748444 9
-0.84280324 -4.9948211 0.16468549 9
-0.8308351 -5.0347161 0.33671668 10
-0.83399647 -4.9958811 0.35645241 9
-0.81785244 -5.0378804 0.40307298 12
-0.81433123 4.6417098 0.42693424 9.5
-0.84651589 4.7859707 0.55189562 12
-0.84089345 -5.0463223 0.62021202 11
-0.8525179 4.6573305 0.67901546 13
-0.8758747 4.7352228 0.66514069 10
-0.88086659 -5.0622592 1.0347527 13
-0.81059068 4.6312313 1.0157996 15
-0.81316888 -5.0828414 1.1176534 14
-0.84667331 -5.0805736 1.2995331 14
-0.80447191 4.8324962 1.2269565 14
-0.82827795 4.670681 1.3560207 14
-0.86154991 -5.1038918 1.4215984 15
-0.80597484 4.6138821 1.4127405 15
-0.80829328 -5.1790667 1.5727297 15
-0.84072435 -5.1276727 1.6548529 13
-0.85245031 -5.0323462 1.6452564 14
-0.89075762 -5.1531506 1.759007 15
-0.83547181 -4.8577299 1.764439 14
-0.87145239 -5.1615853 1.8427836 14
-0.7098102 -1.4291488 -0.21187882 1
-0.79234576 -1.1679652 -0.22003111 0
-0.77050757 -0.68908662 -0.26816577 0
-0.79154336 0.058302663 -0.20753793 0
-0.76704085 1.0384914 -0.20010369 0
-0.70773667 1.0821085 -0.18074067 0
-0.73891193 1.9482188 -0.1536632 0
-0.71635044 2.2970114 -0.11764636 0
-0.71480006 2.3643768 -0.13314185 0
-0.78765094 -4.9875631 -0.002894813 8
-0.76722509 -5.0098085 0.093196444 8
-0.74675041 -4.9863806 0.060514294 7.6666665
-0.77852058 3.091929 0.0020591971 0
-0.77173197 3.3456988 0.017946457 1
-0.77711582 -5.0077386 0.17428796 8
-0.74424267 -4.9859366 0.14404187 8.333333
-0.79931986 -5.0184174 0.26858923 8
-0.73784411 -4.9810562 0.22423175 8
-0.71312678 4.5409899 0.33186004 9
-0.7599588 -4.9905586 0.41656905 9
-0.703426 4.4901013 0.44644925 11
-0.77042127 4.6154661 0.47142631 9
-0.70061547 -4.7035646 0.5838775 9
-0.72410774 -4.6281204 0.55853528 11.1
-0.73572093 -4.580596 0.591564 14
-0.78191024 4.617434 0.54442096 12
-0.75746584 4.8382726 0.52354747 10
-0.70738852 -4.6591549 0.61036468 13
-0.76576889 4.5803461 0.62125152 13
-0.7834062 4.6091261 0.67862356 12
-0.75668234 -4.6455235 0.73364335 11
-0.75876975 4.5683594 0.7684691 13.333333
-0.76120472 -5.0076537 0.81864405 12
-0.71212351 -4.9791231 0.883775 12
-0.74179327 -4.7820315 0.97542822 11
-0.77155626 -4.9932642 1.0167547 14
-0.7735402 4.5490837 1.0198447 13.5
-0.72685349 4.8348136 1.0005674 13
-0.76473671 -4.9785995 1.1294531 12.666667
-0.76265651 -5.0221801 1.2172248 14
-0.77625734 -4.9570479 1.3160373 13
-0.76313567 -5.0246267 1.4574281 14.5
-0.77898455 -5.0077205 1.6384642 15
-0.75460124 4.6246343 1.6457905 14
-0.74591261 -4.9776626 1.725872 15
-0.7940731 -4.3710108 2.051435 15
-0.66683936 -2.6788976 -0.26547953 0
-0.68534023 -2.0416968 -0.2330807 0
-0.63675886 -1.7177008 -0.24354941 2
-0.67714697 -1.527936 -0.21426341 2
-0.66098863 -0.034701545 -0.23238736 0
-0.6050691 0.27112687 -0.2145981 1
-0.63460892 0.50501424 -0.22338103 0
-0.68783784 0.93393725 -0.18419304 0
-0.66398323 2.1409156 -0.15129657 0
-0.65717846 2.3389921 -0.11926647 0.5
-0.68707937 2.9221067 -0.10738248 1
-0.69655246 -4.949461 -0.087152399 7
-0.63801581 -4.8879671 -0.028934829 7
-0.62067938 -4.7545705 -0.073987357 7
-0.65708995 -4.6903415 -0.013913387 8
-0.68187845 3.1814435 -0.089862317 1
-0.66330576 3.2475197 -0.074050784 0
-0.61822492 -4.7561483 0.08686959 9
-0.67003632 3.166492 0.0093203392 0
-0.69491017 -4.9155874 0.11200312 9
-0.67043406 -4.7096071 0.11578292 10
-0.65742224 -4.7559209 0.22072956 10
-0.62050897 -4.8786097 0.38229817 11
-0.66358745 -4.728395 0.37345514 9
-0.6105293 4.3750577 0.35384482 8
-0.64919496 4.4657598 0.35167933 8
-0.65992957 4.7637267 0.39804605 9
-0.65759695 -4.6746249 0.44792622 10
-0.61175013 4.3790545 0.45389768 13
-0.64511985 4.4740143 0.48084387 10
-0.62031019 -4.7455854 0.56114358 11.5
-0.68556166 -4.623508 0.54008371 10
-0.6104545 4.393055 0.56215483 10.5
-0.67424637 4.452837 0.57832175 13
-0.6690588 4.5311594 0.51923907 12
-0.62653691 -4.8169346 0.62680787 11
-0.68081892 -4.7510543 0.6358192 10.5
-0.61669701 4.3489857 0.6945346 14
-0.63603663 4.4845085 0.6222741 13
-0.69535047 -4.7272072 0.75404322 10
-0.65638012 -4.9444022 0.8567695 12
-0.60910225 -4.899785 0.86526322 14
-0.69786322 4.5306501 0.82970613 11
-0.67371958 4.7755837 0.83130091 11.5
-0.64609098 -4.9387236 0.95528221 12.166667
-0.66586339 -4.8649573 0.95451909 12
-0.62290984 4.3720489 0.94023818 13
-0.63926494 -5.0346732 1.1567416 14
-0.65322357 -4.9340701 1.1353068 13.25
-0.65584511 4.4106846 1.1329188 12
-0.64746606 -4.8736119 1.2376511 14
-0.68676901 4.4186845 1.2592086 15
-0.60741371 4.316514 1.3366309 15
-0.624708 4.4257412 1.3250237 15
-0.69053811 -4.9611597 1.4074571 13
-0.6163978 -5.0428276 1.5686728 12
-0.68870038 4.4275608 1.5656364 15
-0.67737579 -4.9218321 1.6057667 14
-0.66983604 -4.9617658 1.8186227 14
-0.58652902 -0.70950681 -0.22355971 0
-0.54517031 0.26938924 -0.25702554 0
-0.53088289 2.376878 -0.12364256 1
-0.56397325 2.4703434 -0.12587172 0
-0.5848968 2.5819914 -0.12619798 0
-0.57683486 -4.7650828 -0.012160405 7
-0.51810253 2.7214727 -0.084709689 0
-0.52752334 3.2870278 -0.049319845 0
-0.5507313 -4.8327713 0.024052842 8
-0.54992628 3.3174753 0.0094263498 0.5
-0.5299654 3.5655079 0.014882584 1
-0.53686506 -4.8272309 0.26907659 9
-0.55394989 -4.8525672 0.33696362 9.333333
-0.55171734 4.2950888 0.32586932 9.25
-0.59111631 4.3594575 0.36906731 11
-0.55268621 -4.8453546 0.4776291 12
-0.5994873 -4.7780156 0.43006015 9
-0.55381674 -4.6962247 0.49405935 11
-0.52757329 4.2599134 0.49867737 9
-0.5598439 4.3280482 0.46737704 9
-0.58549762 4.4287457 0.46516067 9
-0.527628 -4.832047 0.51026416 10
-0.55968612 -4.77038 0.51749098 11.75
-0.51082218 4.1963158 0.53071916 9
-0.54572248 4.267024 0.55618459 10
-0.59545755 -4.8479838 0.66873914 11
-0.53006607 4.2440562 0.62578273 11.8
-0.55647445 -4.8151903 0.75052494 12
-0.56461167 -4.7789774 0.71377242 12.5
-0.52655411 4.1882772 0.78901166 13
-0.5420773 4.2501097 0.75630623 10.5
-0.55601895 4.3539677 0.71349508 13.5
-0.56797022 -4.8351254 0.84742695 11
-0.54939526 4.2580638 0.85795665 12.5
-0.5391199 -4.8510785 0.9042632 12
-0.53887492 4.2449765 0.92311257 14
-0.59340411 4.304812 0.95277566 14
-0.55779815 -4.9691768 1.0692552 13
-0.54760289 -4.8535161 1.0670657 12.5
-0.59580392 4.3356609 1.0238954 12
-0.59943408 -4.905127 1.153434 14
-0.5915044 -4.8878098 1.1317787 11
-0.54571229 4.2920594 1.1208644 14.5
-0.5551641 -4.8659806 1.2479501 14
-0.5240528 4.2104435 1.2487601 15
-0.5987671 4.3122444 1.2243683 14
-0.59885067 -4.8996849 1.3889929 15
-0.56112981 -4.8573637 1.4684395 14
-0.50592297 4.166698 1.4097545 15
-0.52904141 4.2237883 1.4835325 14
-0.57091892 -4.8761415 1.5409117 14
-0.59393799 -4.835885 1.883581 15
-0.51932704 -4.7593465 1.8127259 13
-0.55296683 -4.8944416 1.9903076 14
-0.59987158 -4.8323536 2.0118814 14
-0.45481282 -1.8081223 -0.23377477 3
-0.40506065 -1.3122896 -0.24763346 0
-0.43755388 -0.73250622 -0.2280978 0
-0.45997125 -0.12200546 -0.22142084 0
-0.41143686 -4.6862144 -0.12888581 6
-0.47937199 1.7990062 -0.15268226 0
-0.47535124 2.0111761 -0.14592727 0
-0.46009654 2.4509325 -0.12057758 1
-0.47497258 2.83725 -0.1094927 0
-0.49849918 3.0225835 -0.078168616 1
-0.47397891 3.3666065 -0.060426995 1
-0.43191844 -4.7058859 0.039011199 9
-0.42916378 -4.7377381 0.14338051 8.666667
-0.42167255 4.1784158 0.26208618 8
-0.42433956 -4.744894 0.30300605 8
-0.42835376 4.1111236 0.34586823 9
-0.48465499 -4.7806134 0.43537459 11.5
-0.41984105 4.0962501 0.49975392 10
-0.4410648 4.1577959 0.43921301 9.5
-0.49874836 4.2094197 0.45207381 10.5
-0.4233526 4.4052892 0.44463488 9
-0.42670572 -4.7547317 0.52336121 10.5
-0.41322166 4.0916748 0.54611534 10
-0.45506203 4.1652389 0.53298324 10.333333
-0.48695046 4.2099929 0.54345638 11
-0.4084487 -4.7462716 0.66669846 12
-0.41156808 4.0811901 0.649167 11
-0.44308251 4.1515145 0.66752821 10.75
-0.43718639 -4.774838 0.71040684 13.166667
-0.46609646 4.1544514 0.75763363 12.8
-0.40476766 -4.7072082 0.87417066 12
-0.49228379 4.1744967 0.82029742 12.5
-0.49157444 4.2376699 0.86636072 13
-0.42227781 4.3776693 0.80070084 12
-0.47952175 -4.8020306 0.98980844 15
-0.43104935 4.0623231 0.9486078 14
-0.44986099 4.1740952 0.92547125 11.5
-0.43435943 -4.7721972 1.03205 12
-0.40578592 4.0553231 1.0864944 14
-0.49474072 4.1908488 1.0860372 14
-0.45230526 -4.798305 1.1325445 14
-0.43414235 4.1057749 1.1080369 14
-0.46587443 -4.7695017 1.2466581 12
-0.46754268 4.1626358 1.2011899 13
-0.4763743 4.2117515 1.4643048 14
-0.47225282 -4.8422885 1.5966915 13
-0.44663739 4.1523857 1.5295042 15
-0.43807787 -4.8743596 1.651597 13
-0.48352501 -4.8567772 1.7779689 15
-0.49089846 -4.8140779 1.8750119 14
-0.40386522 -4.7167583 1.8908348 15
-0.42352524 -4.8412352 2.0048919 14
-0.34618291 -2.141674 -0.2528699 1
-0.31181049 -0.8579936 -0.22384435 0
-0.33585906 -0.79352802 -0.22402968 0
-0.35338986 0.21752879 -0.22232926 0.5
-0.33768871 0.73698068 -0.23329422 0
-0.34392631 0.81765234 -0.21355759 0
-0.34598356 1.3206217 -0.18393233 0
-0.38696513 1.6114256 -0.16311839 0
-0.37236241 1.9199264 -0.14775692 0
-0.33419678 2.11343 -0.14861059 0
-0.35205194 2.3270407 -0.12121031 1
-0.32406947 3.1154289 -0.1047033 0
-0.32317623 3.3997138 -0.040008627 0
-0.31550589 3.4696994 -0.058435589 2
-0.36498317 -4.6294079 0.071449898 8
-0.36108688 3.1860919 0.0040733838 0
-0.35810494 -4.8119411 0.14507723 9
-0.39655849 4.1043344 0.16778597 8
-0.31666225 3.9127088 0.31551537 7
-0.34287825 4.0107436 0.34534511 8
-0.33909163 -4.7047696 0.49665731 10
-0.3672508 -4.5299997 0.4446713 9
-0.33068082 3.9870317 0.4379372 9
-0.35605302 4.0662622 0.47108668 11
-0.34227401 4.0330234 0.5408147 12
-0.39056474 4.333622 0.57777679 10
-0.34709442 -4.6753907 0.63027865 9
-0.33030415 3.9762831 0.65704697 11
-0.34610862 4.0227666 0.63805455 10.5
-0.38678426 -4.7327709 0.74461359 10.5
-0.31075197 -4.6792655 0.74669987 12
-0.3166354 3.9454331 0.7509377 11.25
-0.36895394 4.1077809 0.73235011 15
-0.37775758 -4.7371058 0.87728322 12
-0.32512823 3.9013259 0.84151679 13
-0.39347365 4.0445671 0.86073864 13
-0.3392216 -4.796576 0.90673995 10
-0.3330977 3.9642792 0.92600763 13.5
-0.37418053 4.0260472 0.93613857 13
-0.36181965 -4.665637 1.019273 12
-0.33047363 3.9377525 1.0453948 14.666667
-0.37757707 -4.7425494 1.1267858 14
-0.32886213 3.9469655 1.1556929 15
-0.38644928 4.042758 1.1255436 13
-0.39535254 -4.7557425 1.2864223 15
-0.34091216 -4.6870203 1.2969488 14
-0.32736224 3.9459651 1.2927152 14
-0.32063723 -4.7089472 1.3992482 15
-0.39823136 4.0890093 1.3251722 15
-0.36636466 -4.7084441 1.4337671 15
-0.31171727 3.8956792 1.447642 15
-0.39155585 4.0450773 1.5296868 15
-0.36757672 -4.7081208 1.7068362 14
-0.3226532 -4.5442595 1.7388128 14
-0.33818072 -4.7303782 2.0319307 14
-0.28656858 -1.0436622 -0.22588666 0.5
-0.25948018 0.037111167 -0.22144906 1
-0.20644253 0.29843789 -0.21913256 0
-0.21564093 0.85287863 -0.1876893 0
-0.21826985 1.3531833 -0.15586856 0
-0.29984516 2.189733 -0.14277187 0
-0.25286168 -4.3239546 -0.0071305297 8
-0.22269182 -4.2401114 -0.057615303 7
-0.20970021 3.3158603 -0.043705173 2
-0.26614168 3.4589343 -0.03056542 0
-0.22707859 3.7884505 -0.018463634 0
-0.28825092 3.4795389 0.011059247 1
-0.23823655 -4.6025467 0.29640162 10
-0.20691979 -4.5784302 0.27496302 10
-0.22768845 3.8340058 0.28353599 8.5
-0.26073292 4.2857528 0.23420842 6
-0.24730505 3.8536336 0.3650912 10
-0.21641932 3.9051614 0.34699282 10
-0.28468445 -4.665792 0.43213668 10.5
-0.22349343 3.7714767 0.43079245 8
-0.22941902 3.876713 0.44187263 11
-0.26991105 3.9468782 0.4635551 11
-0.25176138 -4.6352115 0.59994107 11
-0.2516377 3.8689439 0.55270839 11.5
-0.28885728 3.9677179 0.5434202 10
-0.20892809 3.7917161 0.64019972 11
-0.26256266 3.8798938 0.61644733 11
-0.26066709 -4.6713924 0.72203362 13
-0.20672309 3.7864461 0.73878026 12.4
-0.26510856 3.8351252 0.79736948 10.5
-0.26495233 3.8694963 0.8409248 13
-0.26417273 -4.6171556 0.94314677 12.5
-0.22484262 -4.5832663 0.95280892 13
-0.21139912 3.77249 0.93714988 12
-0.26888305 3.9071505 0.94805115 12
-0.27464247 -4.6153026 1.0747011 12
-0.20019907 -4.582746 1.0286237 11
-0.21456625 3.7802968 1.0354207 14.5
-0.25413427 3.8465574 1.0285059 13.333333
-0.24635719 -4.6492538 1.1684027 14
-0.23947014 -4.5923777 1.1786493 13
-0.20058607 3.7675519 1.1543404 13
-0.26612133 -4.7484813 1.2049023 14
-0.22101776 -4.6287689 1.2408317 14
-0.27958369 3.9323587 1.2570567 13
-0.25036222 -4.6571751 1.3045365 12
-0.26303369 -4.6228409 1.4232107 14
-0.29788935 3.9328387 1.5348934 14
-0.24478541 -4.6759558 1.6968187 14
-0.20937338 -4.5724807 1.6790429 15
-0.27302587 3.9552813 1.6544641 15
-0.29356322 3.9448936 1.8563435 15
-0.24165916 -4.1047077 2.0639598 15
-0.15046369 -1.3232471 -0.2361059 0
-0.10016651 -1.0424113 -0.21863095 1
-0.1734076 -0.85650533 -0.22677842 0
-0.11056978 0.3124541 -0.22210878 1
-0.10713121 0.72783697 -0.22535527 0
-0.13754244 0.90483862 -0.20826776 0
-0.15239358 1.0706547 -0.20732799 0
-0.18909821 0.88155115 -0.19854747 0
-0.1137847 0.92369515 -0.18641861 0.5
-0.18239956 1.8863642 -0.14263359 0
-0.13502389 2.2233193 -0.12228192 0.5
-0.19890901 -4.2823925 -0.02260473 6
-0.14607026 2.9916525 -0.078814737 0
-0.19354339 3.0999975 -0.014778722 0
-0.14529409 3.7095704 0.032715391 3
-0.1403131 -4.5257344 0.16815896 7.5
-0.17859818 -4.5607324 0.2758058 9
-0.16486226 -4.5621872 0.33343387 9
-0.13583472 3.7305207 0.38271928 12
-0.18799062 3.8273647 0.3271229 8
-0.12880021 -4.5345783 0.45121813 10
-0.12163968 3.6890163 0.45632654 10
-0.16779251 3.7578259 0.46961716 9.7142859
-0.16762565 -4.5594592 0.54106301 11
-0.14239006 3.6764596 0.53703707 9.75
-0.17281318 3.7549589 0.5630545 10.5
-0.17661567 3.8052962 0.5978511 14
-0.1329426 -4.552897 0.67221266 12
-0.14097445 3.6918626 0.66960233 12
-0.15301318 3.7423444 0.64257652 12
-0.16237451 -4.5487967 0.74626422 13
-0.14864303 3.7187774 0.74590641 12.333333
-0.1139895 -4.4818325 0.83230782 14
-0.12324283 3.6636002 0.81137311 14
-0.1561394 -4.5842342 0.94759315 12.666667
-0.11702586 3.7184255 0.9029479 13
-0.13541752 3.67713 1.0287424 14
-0.15319201 3.7208195 1.063228 14
-0.18554866 -4.6025085 1.1102611 14
-0.1599379 -4.5673232 1.1101521 12
-0.10651512 3.621031 1.1274008 15
-0.17903319 3.7470255 1.1262442 13
-0.14683871 3.6780086 1.2052604 14
-0.1361253 -4.6117249 1.4168916 15
-0.11422582 -4.5304174 1.4053915 13
-0.16934925 -4.6434126 1.5734254 13
-0.17898574 -4.6370692 1.7116307 15
-0.17633562 -4.4615898 1.8351279 15
-0.029454364 -2.100584 -0.25917339 2
-0.087367862 -0.99516082 -0.21868588 0
-0.093244672 0.2091392 -0.20425029 0
-0.099022694 0.48415124 -0.21657521 0
-0.053696729 0.58441693 -0.21801257 1
-0.040579084 0.9653278 -0.20459229 0
-0.059768721 0.95105267 -0.19113822 0
-0.061520305 -4.3360119 -0.085433736 5
-0.040185023 -4.2735825 -0.0094151469 8
-0.059361067 2.3928697 -0.093915977 0
-0.065528706 2.8816144 -0.065789953 0
-0.072349355 3.0711823 -0.058362447 3
-0.020783726 -4.440527 0.048343167 8
-0.0051492872 -3.5356791 0.07370346 10
-0.075888731 3.3473666 0.00292747 1
-0.041303683 -3.5604875 0.12540372 11
-0.098424323 -4.5011396 0.24820799 8
-0.034481466 -4.4515352 0.24401273 9
-0.081686616 3.6556425 0.31355554 8.5
-0.052429494 -4.4541631 0.46670783 11.75
-0.029084347 3.5631819 0.44428873 9.875
-0.072644301 3.6462834 0.46006227 10.952382
-0.096297443 3.7158399 0.45863512 12
-0.053768285 -4.4827709 0.54442734 10
-0.0375183 3.5502112 0.50900102 10
-0.071429089 -4.5111299 0.64017546 12.5
-0.029920017 -4.4687181 0.68337488 12
-0.022136696 -4.3996067 0.67653716 11
-0.0055808667 3.4887424 0.65286279 11
-0.03572537 3.5660036 0.6380235 11
-0.061624918 3.625818 0.64601141 11.333333
-0.054975763 3.5673721 0.71356684 12
-0.065018974 3.6216097 0.73462838 12.5
-0.051830418 -4.4936318 0.81981713 12
-0.052707437 3.6135619 0.81082845 13
-0.081294708 3.6183827 0.95701516 13.666667
-0.033531867 -4.5137744 1.0156474 13
-0.095767707 -4.3830619 1.0554503 11
-0.032599024 3.5221763 1.0398985 14.333333
-0.066339038 -4.4481506 1.1357043 13.666667
-0.042662594 -4.4979458 1.2611055 15
-0.077877633 -4.5331106 1.3420297 12
-0.054601379 -4.479867 1.3086571 12
-0.06887275 3.5791922 1.3009378 14
-0.084550463 -4.525157 1.4114079 12
-0.081303246 3.6303566 1.4889745 15
-0.088790253 -4.5244102 1.853487 15
-0.018160604 -4.4902024 1.8141527 14
0.093769304 -1.5659624 -0.24150291 1
0.086644441 -0.81469375 -0.22644287 0
0.096386634 -0.7959156 -0.22212344 0
0.034577291 0.79902178 -0.21194512 1
0.020774724 0.97811043 -0.20827161 0
0.046415303 1.0032233 -0.21116582 0
0.079885423 1.12854 -0.2013375 2
0.096495733 0.71961695 -0.17609675 0
0.039349776 1.1528206 -0.17606127 2
0.0041503692 1.5184968 -0.1636028 0
0.061590843 -3.6312447 -0.038380522 10
0.050530195 -3.4454422 -0.085924797 6
0.066781469 2.1816423 -0.093668431 0
0.051066779 2.4750907 -0.082914822 1
0.091839083 2.8904448 -0.028417038 0
0.051130265 -3.5182521 0.046324003 7.5999999
0.040188342 -3.4804468 0.023575749 7.25
0.035743065 -4.3877048 0.1743443 8.5
0.01935767 -3.5508304 0.15889306 9.666667
0.0062579927 3.5527256 0.23831241 7.5
0.010978865 -4.4335876 0.35788113 9
0.035159651 -4.3739128 0.33496267 13
0.02073404 3.4778104 0.38327232 8.5
0.022461129 3.5112231 0.36094779 9
0.06983076 3.8522863 0.34640858 9
0.09319222 3.4159994 0.4764604 11.5
0.095750138 3.3731048 0.53657389 11
0.045649312 3.4576771 0.52815652 12.2
0.041668043 -4.3846626 0.61637282 11.5
0.075700864 3.3880935 0.68295515 13
0.0033372291 3.4966357 0.61040139 12
0.029320193 3.5138817 0.66385496 13
0.01995543 -4.4352756 0.73444414 12
0.046816275 3.454423 0.71349907 11
0.033350006 -4.4339561 0.84693342 13
0.092667215 -4.382884 0.84662396 13
0.024472881 3.4652166 0.80709273 14.5
0.087655991 -4.39467 0.98747426 13
0.093890168 3.3610401 0.9274345 14
0.046543956 3.4535072 0.98796844 13.5
0.029992759 3.5119424 0.94285256 11
0.0049402807 -4.4300666 1.0586618 12.5
0.090755016 -4.3690109 1.0307157 13.5
0.078662947 3.372256 1.0609134 15
0.061420064 3.403929 1.0026016 13
0.037603766 -4.421278 1.190482 13
0.034735467 -4.4363704 1.2549877 15
0.061616015 3.4671643 1.204392 15
0.034101553 -4.4619069 1.3301678 13
0.043967031 -4.4219112 1.4329712 15
0.076580033 -4.4439349 1.9000773 14
0.11264263 -1.8976783 -0.26038703 2
0.16661336 -1.2290511 -0.22297071 2
0.14741965 -1.1484787 -0.22373372 1
0.11449651 -0.85435826 -0.22497568 0
0.11593229 0.3091895 -0.22344519 0
0.1822416 0.75771338 -0.20622621 0
0.11252215 0.73489249 -0.19021384 0
0.12494048 0.86182845 -0.18410702 0
0.15846007 0.90838319 -0.18407968 0
0.14776295 1.0209775 -0.17758694 1
0.10654414 1.3355294 -0.18802989 1
0.17199272 1.8520962 -0.12978423 1
0.15693103 2.0485947 -0.11513917 0
0.18460298 2.1932857 -0.10719331 0
0.15983745 2.4676363 -0.1014331 1
0.11672556 -4.3299494 -0.091129124 6
0.18102606 -3.7753551 -0.053428557 9
0.10316783 -3.4289603 -0.042440925 7
0.11114818 2.39922 -0.088360526 0
0.18695931 2.7515974 -0.0744505 1
0.14076175 2.9003286 -0.056918111 2
0.18463354 -3.6462564 0.058495507 7
0.13084416 -4.3237395 0.14917667 11
0.18983331 -3.7185113 0.1134515 8
0.16705266 3.6526153 0.13114879 5
0.11671846 -4.3448992 0.25317064 9
0.12591186 3.362045 0.25140461 9
0.15032911 3.6825078 0.28875476 8
0.14149964 -4.3468103 0.34636667 9.833333
0.13289239 -4.2215939 0.35129687 8
0.15484719 3.3431587 0.33691692 9
0.11602302 3.5902839 0.39461374 9
0.14390203 3.6158607 0.30712968 8
0.1510659 -4.3413901 0.47914317 9
0.17799506 3.2886689 0.40219942 12
0.15731557 3.3344121 0.45247972 10.333333
0.16466685 -4.3075247 0.52896655 13
0.14927526 -4.2995687 0.56938142 10
0.18404867 3.2536201 0.55407518 12
0.14617454 3.3236263 0.54487538 11
0.15456399 -4.3342896 0.67214566 12.5
0.1528158 3.2560182 0.66458553 12
0.12616129 3.3561735 0.633533 11.375
0.10072768 3.4207821 0.62348372 10
0.17112483 -4.3217273 0.79722434 10
0.19250135 3.2324455 0.7774775 13.5
0.12918961 3.3249032 0.75321853 12.833333
0.14921121 -4.3321323 0.8532697 13.25
0.19367391 -4.2800612 0.85718203 13
0.18228787 3.2717462 0.87623513 13.5
0.11143809 3.3373427 0.83029723 13.333333
0.15051441 -4.3347936 0.95263076 13.25
0.16151363 3.2659495 0.92039478 14.5
0.11303223 3.334172 0.98401397 13
0.16356979 -4.3356204 1.056196 14
0.17307676 3.2358363 1.065576 14
0.16409853 3.3246994 1.05011 15
0.14992869 3.2484601 1.1723646 15
0.16425616 3.2597029 1.2160289 14
0.1364181 3.3031974 1.2601622 15
0.11521211 -4.3625407 1.3334078 13
0.19219129 3.2064691 1.3156714 15
0.12555857 -4.3912053 1.4723207 15
0.12947929 3.0373731 1.4425379 15
0.16744417 -4.3373442 1.5255604 15
0.24120159 -3.3998399 -0.23932922 5
0.2700755 -2.7332981 -0.27310333 1
0.2823168 -2.4070182 -0.26346037 0
0.29826519 -1.4694389 -0.27566251 0
0.21188572 -1.365062 -0.22925825 0
0.24845257 -0.86429572 -0.22327717 0
0.2961989 -0.75819713 -0.20775534 0
0.22383022 0.06828744 -0.22955436 0
0.22808675 0.47572035 -0.21652651 0
0.29439834 -3.6147885 -0.11365627 8
0.2391962 0.74729937 -0.18958683 0.40000001
0.26843387 0.9923597 -0.17848083 1
0.2609784 1.1993998 -0.16909254 2
0.21088141 -4.2496176 -0.04149935 8
0.28928357 -3.8080244 0.0078215161 8
0.28578171 -3.7555337 0.072818592 7.5
0.21625318 -4.2646961 0.27853206 9.5
0.25872913 -4.1792569 0.22476521 9
0.24343482 3.1818676 0.26475087 8
0.22438255 3.2664897 0.24966528 8
0.25833315 3.5200474 0.26941484 8
0.24225391 -4.3032241 0.36565199 9
0.27896827 -4.2440104 0.36582863 10.5
0.27544034 3.0976737 0.36435214 8
0.2649169 3.1960826 0.32841545 9
0.23416664 3.2019725 0.39286268 9
0.24363858 -4.2595239 0.47490755 10.5
0.25365192 3.1791584 0.45318508 12
0.21530709 3.2211299 0.47002885 11.666667
0.20019524 -4.2471848 0.59506977 12
0.25580594 3.1673336 0.53166544 11.625
0.22633457 -4.2842584 0.67686152 12
0.24640541 3.1647985 0.64716935 12.375
0.26667732 -4.2377696 0.75309002 13
0.24313325 3.0877454 0.75848788 13
0.20613882 3.1784286 0.82938063 12
0.24227883 -4.268261 0.95073169 12.4
0.27083096 3.1243904 0.9534595 14
0.20768403 3.2363803 0.95302707 14
0.22405469 -4.2928066 1.0775199 11
0.21036248 -4.307076 1.1730946 15
0.27600974 -4.2636561 1.1542181 15
0.27624559 3.1490932 1.1215627 13
0.20033899 -4.373467 1.3225194 14
0.23650406 3.1858864 1.3604966 14.5
0.28596646 -4.2223449 1.4003823 14
0.25584826 -4.2498369 1.5396473 14
0.28718501 -4.2643933 1.921378 15
0.21639983 -4.3109684 2.1223879 15
0.30514178 -1.2370561 -0.22284763 0
0.3629857 -1.0760005 -0.23458931 0
0.33843422 0.74781948 -0.20454904 0
0.36016911 -3.2102399 -0.1282718 8
0.38581544 0.59347278 -0.19357835 0
0.37171975 0.72591531 -0.18310043 0
0.39766088 0.85385543 -0.17434777 1
0.34622112 1.1768644 -0.17005509 2
0.3411122 1.2225196 -0.16702022 1
0.37741253 2.1982849 -0.10552584 0
0.32232475 -3.8291998 -0.081784084 9
0.33154678 2.4304297 -0.094537616 0
0.38492495 2.5051231 -0.086808503 3
0.32882532 2.7408166 -0.065646671 2
0.37066627 -4.257659 0.00094262668 7
0.34330234 -4.1403913 0.11741988 11
0.37250993 -3.8869021 0.11222091 10
0.36276841 -4.1607256 0.25836012 10.5
0.38843831 3.0273318 0.29351911 9
0.32132953 -4.2053833 0.3429302 9
0.33932865 2.9996572 0.32440329 10
0.32086602 -4.2187705 0.4605867 11
0.37255207 -4.1248765 0.43133399 14
0.34246573 3.064584 0.45614985 10.5
0.31703508 3.1242478 0.4597919 9
0.37658122 -4.1756339 0.53055954 11
0.39638129 2.9667013 0.56251472 12
0.31615743 3.0646336 0.53360742 12
0.31666261 3.1129639 0.58822137 13
0.31014577 -4.2290282 0.6144293 14
0.34546041 2.9915645 0.68435526 11
0.34647971 3.084465 0.68368191 11
0.30824941 3.1121492 0.66872847 11
0.36349317 -4.2059937 0.73188096 14
0.38186267 -4.1723685 0.74620241 10
0.3609032 2.9579208 0.72255039 12
0.345828 3.0186265 0.75922155 14.166667
0.30840996 -4.1758165 0.87243098 14
0.37781462 2.9427052 0.87098312 13
0.32136005 3.0599036 0.84768772 14.5
0.37211037 -4.1946778 0.90357602 13
0.34442416 3.0121245 0.93551391 15
0.38651431 -4.1844292 1.0242497 14
0.32527065 3.0328798 1.0047117 14
0.32699785 -4.2021651 1.1942514 12
0.36341828 -4.1803308 1.1281574 14
0.31708714 2.9715118 1.1117958 15
0.35395795 3.0732999 1.1242592 13
0.37969333 2.9804261 1.2187212 14
0.35280055 3.070524 1.2703782 14
0.31639609 3.054666 1.3650998 15
0.32634091 -4.2076998 1.4421362 13
0.36972231 -4.167325 1.4759533 14
0.32743192 3.0333986 1.431631 15
0.32097325 3.0624938 1.5475171 15
0.33646944 -4.2403445 1.7847848 14
0.45228553 -2.1896691 -0.27910465 0
0.46536067 -1.9419357 -0.28372297 0
0.49544477 -1.4380485 -0.27820083 0
0.44939566 -1.0627162 -0.22003882 1
0.43124226 -0.85836267 -0.21298592 0
0.45750979 -0.74205667 -0.22063841 0
0.41470474 -0.59092766 -0.2045341 0
0.42966992 -0.62110841 -0.18568262 0
0.46638596 0.50225919 -0.18067712 0
0.48233983 0.69524288 -0.17020546 0.33333334
0.47499168 0.72728914 -0.18152784 0
0.41185904 0.89572686 -0.17527609 1
0.46643248 0.93797392 -0.18221663 1.5
0.42362383 1.1910563 -0.16681772 3
0.41994855 1.2569089 -0.16683386 3
0.4559997 1.4258828 -0.1583356 1
0.42583296 2.2357645 -0.10179426 0
0.41809797 -4.0387745 -0.0087957559 9.5
0.47297311 -3.9676809 -0.0061464687 7
0.43116191 2.7220592 -0.091548674 2
0.43527976 -3.9557974 0.067263894 8.5
0.47942141 -4.0482621 0.15147935 8
0.40637803 -4.1208014 0.23405939 11
0.48981038 -4.0621333 0.24061894 9.5
0.44722679 -4.104506 0.30948001 9.5
0.48727128 -4.085597 0.32410675 9
0.4695107 2.8804779 0.36093146 10.75
0.46131739 3.0490775 0.34036025 12.5
0.42591083 3.2263379 0.31419539 9
0.48761353 2.8520136 0.44916683 10.25
0.42092422 2.921982 0.48247129 11
0.45563287 -4.1132259 0.50509685 11
0.4586997 -4.0846004 0.54257327 13
0.44917473 2.8867614 0.50811303 11.5
0.4454982 2.9323208 0.55610448 14
0.4299598 -4.1414423 0.64368689 11
0.4395341 2.8672063 0.64821637 12.25
0.41600427 2.9308689 0.69899762 13
0.40757784 -4.1590843 0.79452831 12
0.48240745 2.8388667 0.70910686 14
0.42894271 2.9202199 0.71283394 13
0.40557149 3.0612726 0.78782946 11
0.41906539 -4.1691694 0.8270033 10.75
0.49349174 2.786041 0.97094572 14.5
0.4430539 2.876122 0.94962418 13
0.42180544 2.9545755 0.93231469 15
0.40106505 3.0295217 0.93506765 12
0.41101581 2.9720576 1.0337862 12
0.47109097 -4.1364274 1.1704304 13
0.48733631 -4.0625305 1.150948 13
0.48290363 -4.2180023 1.2161553 15
0.46990511 -4.116478 1.2735057 12
0.47139534 2.8349755 1.2029549 15
0.40302134 2.9621897 1.2684025 14
0.45066905 -4.2286615 1.3504982 12
0.41440809 -4.1467376 1.3394179 14
0.4521153 -4.1666512 1.4554651 13.666667
0.44609299 -4.1370029 1.5650305 14
0.4984962 -4.0636916 1.6874119 13
0.56821609 -2.0686762 -0.27113283 1
0.53837162 -1.486878 -0.21635941 2
0.58664232 -1.2725689 -0.21005896 2
0.58670026 -1.0456178 -0.22003408 0
0.54296619 -0.71048969 -0.20599896 0
0.58894742 -0.43600515 -0.205459 0
0.53800917 -0.45991296 -0.19073211 0
0.53569734 0.46798092 -0.17318574 0
0.50605047 0.54378706 -0.18218431 0
0.56283587 0.7128917 -0.17330733 0.5
0.55145478 1.1562421 -0.16555376 3
0.55823803 1.278405 -0.16697837 2
0.56221622 2.1806319 -0.10995141 1
0.52360171 -3.933949 -0.06646923 7
0.56724614 2.4080799 -0.09472841 1
0.52769423 3.158772 -0.0073346612 4
0.56278586 -4.0220122 0.077410728 9
0.58490056 -3.9612789 0.031819291 7.5
0.53125662 -4.0493326 0.15936649 9
0.59469783 -3.9651568 0.17061414 10
0.59506911 3.0964711 0.15531039 7
0.53939229 -4.0299811 0.22468847 11
0.54787874 -4.0188498 0.35714015 10
0.5735783 2.6958647 0.32320148 8
0.55988067 2.7593217 0.34698194 10.666667
0.50314713 2.8215737 0.31651771 9
0.5830726 2.6875417 0.44979835 9.5
0.53177363 2.7878132 0.41987643 12.5
0.52417332 2.8157451 0.43375328 9
0.56668639 -4.0379014 0.5256201 11.5
0.53039223 2.7653944 0.51480615 11
0.55779648 2.8497851 0.51969552 10
0.55345303 2.9691565 0.5013622 10
0.58221394 2.6924043 0.66224319 13.5
0.52469397 2.7462263 0.69288152 14.5
0.53460759 2.7741122 0.76752877 13
0.50049686 2.8179593 0.71347147 13
0.53594089 -4.0547352 0.8082757 12.5
0.59114039 2.6016986 0.82057977 13
0.51928794 2.7717402 0.80616188 15
0.51616585 2.8189905 0.82467937 12.5
0.56694221 -4.1209307 0.93805528 14
0.51300925 -4.0657086 1.0328299 13.5
0.55714583 2.7277117 1.0827829 14
0.53581315 -4.0697021 1.1110357 15
0.59946305 -4.0115013 1.2694209 14
0.59183919 -3.901186 1.3515368 13
0.51108247 -4.1603365 1.5014158 13
0.58778691 -4.0245991 1.6098148 15
0.50909209 -4.1961532 1.8849183 14
0.53314906 -4.080759 2.128258 15
0.69644439 -1.3563099 -0.36185893 0
0.68334264 -1.0176032 -0.20230903 2
0.66937631 -0.97282082 -0.21832928 0
0.65910637 -0.6574645 -0.21104819 0.25
0.65892005 -0.34085193 -0.21100542 0
0.6695866 0.15785864 -0.20281026 1
0.62685966 -0.53061903 -0.19001783 0
0.65764952 -0.4548305 -0.19375248 0.25
0.63511676 -0.35792473 -0.19618432 0
0.69820005 0.089971542 -0.17594311 0
0.6850934 0.15448982 -0.1815006 0
0.66432285 0.26970807 -0.18612608 0
0.63744843 0.32107589 -0.17825606 0
0.64514393 0.45793283 -0.1746728 0.16666667
0.69070321 0.5027591 -0.16968156 0
0.62443316 0.85293269 -0.17078796 0
0.65118873 0.90666413 -0.17273112 2
0.6954065 -3.9305093 -0.055846401 7
0.69396502 2.2014256 -0.080689736 0
0.67437714 2.6611011 -0.087733716 0
0.64212805 -3.9692187 0.0790857 8
0.61320496 2.9539871 0.060667478 5
0.67286849 -4.017364 0.17186788 10
0.650594 -3.9330308 0.12450629 8.333333
0.61830229 -4.0122657 0.24710768 10
0.64100063 -3.9461577 0.26218247 12
0.64093083 2.6782813 0.29397294 10
0.64674854 -3.9616702 0.39033356 10
0.64857441 2.6395786 0.34264189 10.666667
0.66982412 -4.0122957 0.41197938 11
0.6775654 2.5928321 0.4079676 13
0.62552822 2.687623 0.46095434 10
0.65085286 -3.9603772 0.51642436 11
0.63361019 -3.8678195 0.58140874 9
0.68206179 2.5573511 0.5429545 12
0.60861111 2.7111781 0.54329646 15
0.64996761 -3.9683201 0.64488012 12
0.62115198 2.6479337 0.68162012 11.333333
0.65529323 2.6543717 0.72493517 13
0.63474733 -3.8618672 0.86256224 10
0.69460541 2.5374436 0.84870023 14
0.66199613 2.6286905 0.89443439 12
0.65295917 -3.9520025 0.92310411 13
0.63099551 2.6184924 0.90692407 13
0.62402755 -4.0817418 1.0307404 15
0.6249795 2.6656759 1.067216 13
0.66955018 -4.0589395 1.1870072 14
0.62582064 -3.8780506 1.2599342 12
0.68232918 2.6112769 1.2676753 14
0.6973145 -4.0106626 1.9725412 15
0.71598458 -2.9466269 -0.25667131 3
0.76759791 -2.4009044 -0.27108404 2
0.72061074 -0.74622852 -0.20936267 1
0.7924087 0.075449936 -0.21186936 0
0.76915544 0.17573822 -0.20671336 0
0.72244722 -3.9243956 -0.12350758 9
0.74652976 -3.8923421 -0.11627288 6
0.75258785 -0.6418283 -0.19980612 1
0.78468078 -0.58946323 -0.19809194 1
0.70751637 -0.48956105 -0.17711857 0
0.70137447 -0.025257688 -0.17760734 0
0.70941949 0.011125426 -0.19038922 0
0.73605913 0.25530085 -0.18778454 0
0.7516467 0.42251307 -0.17279088 0
0.7541883 0.63461423 -0.16990626 1.3333334
0.72470862 0.70918918 -0.18254985 0
0.7862339 0.89158791 -0.18396197 2
0.78325379 0.97953707 -0.14544275 0
0.72792703 -3.9387231 -0.013145778 8
0.7753306 -3.8579111 -0.049712367 9
0.79958737 2.0914078 -0.092958979 0
0.75195283 -3.8783319 0.07774432 8.25
0.76706475 2.8347418 0.081592932 6
0.7096917 -3.9687126 0.18633561 10
0.78031009 2.8886089 0.10501596 8
0.78515697 2.4648798 0.23433682 8
0.78813291 2.8115032 0.20501448 8.5
0.77507144 -3.9493334 0.31057096 11
0.7918734 -3.8842824 0.31492245 8
0.77937001 2.4667377 0.35865411 10.5
0.76192409 2.5007071 0.37937248 13
0.74485111 2.4942434 0.49936751 12
0.76009351 2.5112488 0.42180905 14
0.73556638 -3.907407 0.53063256 11
0.72598511 -3.8692858 0.50512034 15
0.75492525 2.446485 0.55286235 12.5
0.73511952 2.5061262 0.56208432 11
0.72726059 -3.9356391 0.62052947 12
0.76812333 2.3873291 0.66537213 12.5
0.793136 2.4007487 0.62793064 10
0.76553476 -3.8684113 0.71301597 13
0.78341383 2.4083786 0.79641008 15
0.71892977 2.5478525 0.72577548 15
0.71142751 -3.9215798 0.84795266 15
0.7118758 -3.8882239 0.83034039 14
0.77899081 2.3374827 0.84592044 15
0.76662523 2.4317906 0.86633623 13.333333
0.79529595 -3.8486419 0.96915483 11
0.7795524 -3.9045596 1.0510132 10.5
0.78334808 -3.8992865 1.0966028 11
0.79809999 -3.765326 1.0709025 11
0.76931894 2.4590423 1.4463962 15
0.78900421 -3.9214363 2.0565765 15
0.80664295 -0.94139725 -0.20563991 2
0.81031334 -0.83861047 -0.20348512 2
0.82771158 -3.8738647 -0.10456089 9
0.89795136 -0.47226754 -0.19479847 1
0.83189732 -0.31992501 -0.18345872 1
0.87206852 -0.24074008 -0.17995466 1
0.86220145 0.33932167 -0.18135493 1.5
0.84007883 0.54148269 -0.17029385 1
0.8429203 0.82284147 -0.16902418 2
0.82959163 0.99816746 -0.16836257 3
0.83410352 1.2256054 -0.14611776 3
0.81245762 1.3778523 -0.12866065 0
0.86536461 -3.812664 -0.031369884 7
0.87998492 -3.7878509 -0.042069316 7
0.82243747 -3.845552 0.19207774 8
0.85522401 2.3639359 0.29882556 11
0.82960755 -3.8346105 0.30929822 9
0.8840102 2.3333268 0.34339604 11.5
0.84762239 2.4488742 0.36705419 12
0.89435947 -3.7771709 0.43136144 9
0.89880025 2.2521706 0.46671975 9
0.85709149 2.3380787 0.46148798 10
0.85119593 -3.9059982 0.55066496 13
0.88774836 -3.8077166 0.54902071 9.5
0.80632293 2.3918474 0.53823364 13
0.88219255 2.2900219 0.64045203 14
0.85697138 2.3300829 0.63468093 10.25
0.86923057 -3.8561583 0.71006197 12
0.89805961 2.2848887 0.7244451 13
0.82040536 -3.9795864 0.80996144 11
0.87062734 -3.8192611 0.88955694 13
0.89230424 2.1666062 0.83983034 13
0.83931977 2.35057 0.83114481 12
0.87952673 -3.8308394 0.97038192 14
0.87597668 2.2852323 0.97909665 14
0.82246077 2.3752518 0.98964572 13
0.81498998 -3.8213761 1.0879095 13
0.89577222 -3.7740021 1.0639229 12
0.86452979 -3.840157 1.1484575 15
0.87758297 2.2564263 1.1113751 14
0.83935314 -3.984823 1.2141991 13
0.83649129 -3.8088574 1.2764429 14
0.83795434 -3.9311676 1.3145275 15
0.8407613 -3.8428717 1.3480651 12
0.87486565 -3.7995126 1.3453925 13
0.87374163 -3.8696251 1.4548404 14
0.88947314 -3.8845136 1.5829754 13
0.86333913 -3.8779304 1.680517 13
0.86535847 -3.8587916 1.7138889 14
0.96440947 -0.75878608 -0.21161379 2
0.97739458 -1.2799363 -0.18871495 2
0.91332138 -0.62696415 -0.19980846 2
0.93528885 -0.43929225 -0.19271418 1
0.98231101 -0.32032883 -0.19028829 1
0.98819143 0.35501724 -0.17645979 1
0.99725223 0.59192085 -0.16579726 2
0.92466879 0.63779718 -0.16990747 0
0.93996888 0.84832895 -0.17305207 0
0.98671079 1.2789426 -0.16185042 0
0.93486768 1.7480922 -0.13614854 0
0.93948257 -3.762114 -0.025775557 7
0.97701275 -3.606668 -0.072417676 6
0.92568773 -3.7521875 0.054011025 8
0.94817233 -3.6410847 0.055697884 8.666667
0.98359627 -3.5935152 0.054161359 8
0.95193714 2.6426628 0.025340373 7
0.9404698 -3.7609835 0.17673884 8.666667
0.95481998 -3.6480241 0.14098023 8.6999998
0.95424628 2.4963455 0.14129511 7
0.91763985 -3.7631233 0.27244616 10.5
0.94974267 -3.6399395 0.24648827 9.8999996
0.97160858 2.1408346 0.28168797 8.5
0.95596659 2.2116747 0.25538647 8
0.97196913 -3.8164203 0.33255693 10
0.90707189 -3.7720237 0.31323749 9
0.97349817 -3.6360412 0.36036229 9.5
0.98275679 2.1528802 0.37801686 11.857142
0.97859377 2.5661337 0.39436662 9
0.92495739 -3.7706971 0.4557932 11.333333
0.957932 -3.6372221 0.4489325 11.214286
0.97926515 2.1646154 0.42130837 11.333333
0.93552053 2.2392914 0.44525969 11.1
0.93794936 -3.7597353 0.55414623 12
0.97244316 -3.6363137 0.57716459 11.8
0.97112566 2.159977 0.54976976 12.447369
0.92076445 2.2303259 0.56052071 13.5
0.93469572 -3.7147055 0.65663058 13
0.96679288 -3.6402304 0.64452922 12.583333
0.97057956 2.1606231 0.6525749 12.8
0.94443107 -3.8354795 0.70151085 14
0.95025277 -3.7592385 0.73252583 12
0.96618664 -3.6472211 0.76551098 13.75
0.98379821 2.1434307 0.7246781 14.666667
0.9204185 2.2411728 0.74394065 13.5
0.94884712 -3.7157195 0.87491518 11.5
0.98115849 -3.6468229 0.85088837 13.666667
0.97267324 2.1455226 0.8510465 12.375
0.95163149 -3.7720335 0.96222442 15
0.97939467 -3.6228933 0.93381023 14.5
0.97126538 2.1492181 0.90641803 12.833333
0.9138214 2.2220054 0.92649037 12.5
0.95638895 -3.7656407 1.0643784 15
0.9864412 -3.650317 1.0338749 12
0.96803129 2.1484201 1.0500526 13.727273
0.93276012 2.2092812 1.0148153 13
0.93525445 -3.782676 1.1588837 15
0.95149094 -3.6816823 1.1637224 12
0.97744304 2.1435714 1.1410903 14
0.92168564 2.2268496 1.198693 14
0.97835207 -3.6563213 1.246644 14
0.95954913 2.1377563 1.2425047 14.75
0.95204484 2.2210112 1.2238141 15
0.92812926 -3.7126796 1.3806804 13
0.92289436 -3.6811202 1.3571914 14
0.95607293 2.1443217 1.3439581 15
0.91769832 -3.8315039 1.4945096 12
0.96088433 2.1333382 1.4314967 15
0.99954325 -3.7703705 1.5523974 15
0.9854092 -3.6693187 1.5093402 15
0.96609372 -3.70644 1.7624748 14
0.99053216 -3.6764767 1.8111272 14
0.92039078 -3.7306879 2.0135176 15
1.0392104 -2.8701005 -0.25298172 0
1.0342692 -2.7103915 -0.24919665 0
1.0898168 -0.67134392 -0.2120384 2
1.091194 -3.1583357 -0.13126349 8
1.0549086 -0.66757721 -0.18870421 2
1.0704529 -0.13869777 -0.17319687 2
1.069298 -0.020869853 -0.19175394 2
1.0735763 0.1065429 -0.18300231 2
1.0753795 0.68887675 -0.16917758 3
1.0418953 0.96725214 -0.17117868 2
1.0226592 1.3517387 -0.15812446 0
1.0401751 1.4675771 -0.12964097 0.5
1.0855633 1.5995324 -0.13697597 0
1.0253004 -3.6400309 -0.04779797 7.5
1.0613748 2.3832057 -0.049214672 3
1.0654047 2.5014868 -0.069947168 6
1.0134901 -3.6062896 0.038815811 7.3333335
1.0316987 -3.5741374 0.049055804 8.916667
1.0443854 -3.6273603 0.19008264 11.25
1.0620562 -3.5558031 0.14215492 8
1.0349263 2.1486347 0.14312513 7
1.0200548 -3.6037242 0.25895855 11.166667
1.0614374 -3.5606091 0.24354491 9.8000002
1.0310835 2.1554141 0.28324181 9.125
1.001774 2.5334098 0.23933463 9
1.0142436 -3.606173 0.3537342 9.666667
1.0662636 -3.5636637 0.33020088 10
1.0163374 2.1612341 0.36753935 11.5
1.0546983 -3.5652115 0.45367542 11.166667
1.024033 2.139993 0.45708936 11.625
1.0141011 -3.6091888 0.51164275 11
1.0557997 -3.5642736 0.51996398 11
1.0212921 2.1507392 0.56742251 12.166667
1.0276558 -3.6016023 0.69662887 12.5
1.060033 -3.5698831 0.65354335 11.166667
1.0426948 2.1630881 0.6507414 14
1.0322056 -3.6259713 0.78377813 14.5
1.0714811 -3.5699117 0.74874496 12.666667
1.0402814 2.1325834 0.74054414 14
1.0174875 -3.6200664 0.86524719 14.25
1.0211816 -3.5683849 0.88167316 14
1.00642 2.1202557 0.83890051 13.5
1.015717 -3.6158481 0.95780158 14
1.0510987 -3.5877206 0.94719219 12.5
1.072827 2.1161699 0.95737672 15
1.0114081 -3.64343 1.0541488 15
1.0913395 -3.577055 1.0222869 13
1.014914 2.0982344 1.0565706 12.5
1.0361178 -3.6463535 1.1746114 12
1.0779048 -3.5991099 1.1784726 14
1.0527726 1.8808826 1.1485609 13.5
1.0211436 2.0986664 1.1561048 14
1.0856111 -3.5883193 1.2501934 13
1.012641 2.0915012 1.2729031 14
1.006471 2.0858333 1.3149536 14
1.0607346 2.1592386 1.3072715 15
1.0100543 2.0692213 1.4474937 15
1.0397855 -3.6324985 1.5268393 13
1.0457379 -3.6086898 1.6624168 14.5
1.0985149 -3.6063933 1.7082921 14
1.1676564 -3.048835 -0.10824942 8
1.13475 -0.59484339 -0.19466814 2
1.1972735 -0.14520779 -0.1829347 2
1.1305305 1.2026519 -0.1704355 0
1.1168001 1.4698385 -0.12997116 0
1.1600404 -3.6199412 -0.04273073 8
1.1963682 -3.5107214 -0.033054322 6
1.1391932 -3.5159173 0.056002274 10
1.1922598 -3.4451306 0.066802241 8
1.1338439 -3.4983637 0.19357207 10
1.1498898 -3.5171998 0.24527356 10.5
1.1396302 2.1865077 0.2837798 11
1.1438345 -3.5070207 0.33837199 11.5
1.1867632 2.0921972 0.31360137 8
1.1564727 2.2874002 0.30860648 9.5
1.159027 -3.5162864 0.42319238 10
1.1415612 -3.5191767 0.59836173 15
1.17219 -3.4886458 0.50800967 10
1.1094224 2.1236863 0.51447517 11
1.1229461 -3.5444989 0.65672129 11.25
1.1766586 -3.4784214 0.67454445 10
1.1267545 2.2495039 0.68572289 11
1.1545613 -3.5350606 0.76510119 12.5
1.1825933 -3.483808 0.73843127 10
1.1093853 -3.5545666 0.85423982 12.5
1.1623173 -3.4815609 0.87895936 14
1.1648573 -3.519521 0.93595243 14
1.182232 -3.4852405 0.91016042 14
1.1743215 2.3435256 0.9683615 13
1.1659516 -3.5105917 1.013489 11
1.1577303 -3.5298297 1.357056 12.333333
1.1217169 -3.6495092 1.4002932 13
1.1782868 -3.5070148 1.4425019 14
1.1462014 -3.5343294 1.5906918 14
1.1682001 -3.5252688 1.6625581 14
1.1193331 -3.6248138 2.024478 15
1.2206436 -2.4368286 -0.26174423 0
1.2206848 -0.61089444 -0.20058575 3
1.2424459 -0.14077145 -0.17425935 2.5
1.2811153 0.25437689 -0.17495519 3
1.2713636 0.42597297 -0.15179586 2
1.2217174 1.4273223 -0.14598414 1
1.2860301 1.5474966 -0.15027817 1
1.2375226 1.9853288 -0.18888804 5
1.2245562 -3.4663477 -0.030277615 7.5
1.2120655 -3.4630527 0.045265771 7.6666665
1.293473 -3.3838749 0.034722354 10
1.2663707 2.2167261 0.093554385 8
1.2580358 -3.4180107 0.14789465 8.666667
1.2607218 -3.3917704 0.14942059 9.25
1.2679113 2.2271137 0.13325271 8
1.2595327 -3.41939 0.24165969 8.625
1.2680665 2.2108114 0.23582435 9
1.2582456 -3.4265199 0.3440662 9.25
1.2717586 -3.3903086 0.31851652 10
1.2061678 -3.4660838 0.49337521 10.25
1.2822592 -3.397588 0.45193574 13
1.2286285 2.3288527 0.44870454 12
1.246053 -3.4645717 0.57001531 9
1.2713574 2.3597929 0.59403569 13
1.2252913 -3.4671309 0.63594544 12
1.2447557 2.3192964 0.68183672 14
1.2640119 -3.4588299 0.7486757 12.333333
1.242475 2.3146691 0.74064481 15
1.2452198 -3.4398227 0.83072221 11
1.2555815 -3.4642961 0.99500841 15
1.2361853 -3.4619019 1.0331688 12.5
1.249311 -3.4605298 1.1105736 14
1.273586 -3.4588487 1.3632392 15
1.2169561 -3.5150244 1.5044388 15
1.2608858 -3.500334 1.7902479 14
1.3022189 -0.13604787 -0.1915803 3
1.3262962 0.3957918 -0.15899067 3
1.3432167 0.66806757 -0.14340451 3
1.3529742 0.91558516 -0.13721578 3
1.3430054 -3.4129 -0.030765446 8
1.3763696 -3.3431048 -0.0026743528 8
1.3702383 -3.3343058 0.050920852 8.75
1.3324405 2.2468905 0.036541469 7
1.3895161 -3.3137796 0.12939264 8.333333
1.3621995 -3.3452809 0.24462439 12
1.3624754 -3.3361027 0.34121439 9.875
1.3436954 2.3792439 0.36773282 10.75
1.3032622 -3.4486923 0.4004977 11
1.3708484 -3.3400915 0.46129334 10.1
1.3856289 2.2875314 0.40336338 10
1.3659054 2.3553066 0.4337436 9.75
1.3491695 2.4047894 0.49040204 12
1.3647604 -3.3583162 0.54267251 10.4
1.3484889 2.3737473 0.53529477 11.5
1.3688552 2.4077127 0.51547223 12
1.305216 -3.4428368 0.66680849 12.5
1.383411 -3.3369801 0.63217115 12.25
1.3927792 -3.2927935 0.60972989 15
1.3921181 2.2405779 0.60392898 9
1.3242934 2.3670697 0.65506589 13
1.3476957 2.4115691 0.6516068 13
1.3757762 -3.3460209 0.74245602 12.428572
1.3766799 2.367213 0.72786474 14
1.393319 2.4180536 0.71442467 14
1.3171147 -3.4144676 0.87624109 10
1.3601588 -3.3431838 0.86346185 13.75
1.3463758 2.3187001 0.84945989 14.5
1.381639 -3.352165 0.95735604 13
1.3613718 -3.3753221 1.0949535 11
1.3552912 -3.4198823 1.146979 13
1.3778392 -3.3608086 1.1711684 12.5
1.332785 -3.4116962 1.2530292 11.5
1.3200353 -3.4220786 1.3605891 13.5
1.3918976 -3.3395898 1.3412088 13
1.3172659 -3.5025818 1.7698159 14
1.3401742 -3.4023986 1.7805096 14
1.3399301 -3.4579408 1.9419161 15
1.4668598 0.15000689 -0.27240065 0
1.4016089 -0.15040693 -0.19451445 3
1.4124564 1.3297193 -0.12161596 2
1.4162521 1.6727313 -0.11881932 2
1.4947244 -3.4228716 0.081133798 12
1.4474322 -3.3222709 0.044036221 7.6428571
1.4482676 -3.2988961 0.082407959 7.5
1.4173795 -3.3060138 0.13199361 9
1.4973243 2.4561965 0.1913131 7
1.4714743 -3.4301183 0.26459539 9.5
1.4560164 -3.3321595 0.25000834 8.8000002
1.4311333 -3.2918463 0.28327805 9.25
1.4783311 2.2081287 0.26455313 8.5
1.4152361 2.3895156 0.24482594 9
1.4681848 2.4741664 0.23588091 9
1.4265481 -3.319699 0.32504851 9.333333
1.4435337 -3.2999139 0.37636444 10
1.4647802 2.1482902 0.36704925 11.166667
1.4784096 2.2436099 0.31927085 9.833334
1.471378 -3.4915872 0.49979109 11
1.442028 -3.3234649 0.43143994 10.285714
1.4382539 -3.2999251 0.40161648 10
1.4709268 2.254215 0.44061208 11.666667
1.4416052 2.4595349 0.46193621 11.75
1.4240236 2.513556 0.43230683 9
1.4191495 -3.3113694 0.53307319 11.166667
1.4881665 2.289346 0.54972661 12.5
1.4135159 2.3825681 0.57346576 13.25
1.4522072 2.4670181 0.51110882 11.4
1.4445419 -3.3386412 0.64117068 12
1.4565309 2.2888536 0.67566442 12
1.4413584 2.3476136 0.63720059 13
1.4183029 2.4163187 0.62859464 13
1.4372644 -3.339977 0.75253141 12.8
1.4301339 2.323828 0.74642223 13.666667
1.407292 2.4220455 0.70159239 14
1.4692769 -3.4174492 0.87161535 14
1.4382071 -3.3391578 0.8590129 13.375
1.4652827 2.2799003 0.84683603 15
1.4592208 2.4087734 0.801211 14
1.4208143 -3.4293773 0.97784925 15
1.4356089 -3.3506136 0.95260906 13.25
1.4178706 -3.3329351 1.0084181 12
1.4486885 2.4324446 1.0622534 13
1.4875108 -3.4365036 1.1668978 12
1.4122206 -3.3145237 1.1286063 15
1.4511857 -3.3592038 1.2615507 13
1.4344778 2.5349653 1.2368585 15
1.4180274 -3.3244386 1.4823302 12
1.4405236 -3.3380425 1.5723939 13
1.4121066 -3.3999107 1.6514895 15
1.5659317 0.11851945 -0.17440346 4
1.5104405 0.2844058 -0.15261815 4
1.5186443 0.32267588 -0.16192815 4
1.5980377 0.8357442 -0.14967653 0
1.578856 -3.3912482 0.086884953 12
1.5132155 -3.3572547 0.18107158 8
1.5455137 -3.4375999 0.23752506 12.166666
1.5127534 2.2149332 0.27225158 9
1.5341495 2.3768399 0.27515209 9
1.5684953 2.6226847 0.25349718 8
1.5119408 -3.2700453 0.36795515 11
1.5248145 2.1431224 0.34591568 10.333333
1.5184821 2.2211967 0.39764073 11
1.5145737 2.3784719 0.3109048 10
1.5672841 2.5687003 0.37824973 10
1.502286 -3.3837993 0.44671595 11.5
1.5394018 -3.2770314 0.41207457 12
1.5588316 2.176125 0.44572669 11.333333
1.5452415 2.2522721 0.45088276 12
1.521099 2.4423211 0.45792481 10.5
1.546616 2.5351024 0.42432392 11.333333
1.5599504 2.1175902 0.53420103 13
1.5822307 2.2506797 0.5094189 10.75
1.5506761 2.3543549 0.53939873 12
1.5120968 2.4939294 0.53489363 11.5
1.5744463 -3.478035 0.61192518 12
1.5478944 2.17659 0.6449483 13
1.5665165 2.2895873 0.64923942 12.25
1.5981207 2.355696 0.6971302 11
1.5302349 2.4137678 0.61082286 13
1.5250214 -3.4041109 0.79152215 12
1.5491767 -3.3232861 0.75485289 13.5
1.524421 2.2652819 0.74356127 13.5
1.5427217 -3.425878 0.84956306 13.166667
1.5127156 2.2876906 0.85423607 15
1.5295572 2.4199264 0.8693338 13
1.5534908 2.5210803 0.94356525 12.5
1.5405606 -3.4595106 1.0411458 14
1.5733489 2.4512725 1.0643303 14.5
1.5024372 2.5207059 1.1370873 13
1.5405476 -3.342402 1.555889 13
1.6717608 0.0030842093 -0.24958135 0
1.6706951 0.8989557 -0.10403771 4
1.6858925 1.9918309 0.13256003 7
1.6431657 1.9922873 0.26017323 11
1.6679956 2.2448843 0.25898486 8.5
1.6137396 2.131268 0.35733017 9.5
1.6754036 2.2484252 0.35601088 10.166667
1.6703068 2.2191484 0.46168494 11
1.6987842 2.1860051 0.50772184 12
1.6604182 2.2311304 0.5430252 12
1.6554319 2.2654686 0.65390241 11
1.6583462 2.2780697 0.71461421 14
1.663271 2.3105469 0.73849499 13.75
1.6587583 -3.3992898 1.138272 12
1.7470864 -2.2317808 -0.29954425 1
1.779174 1.0587169 -0.13399801 2
1.7188288 2.2622406 0.26619554 9
1.7343591 2.2561612 0.33489776 10.071428
1.7479379 2.1624448 0.45558184 11.4
1.7117119 2.2208872 0.46669304 11
1.7207015 2.2114301 0.52007514 12
1.7152165 2.2298591 0.6187005 12
1.7334028 2.6530476 0.97953308 13
1.7865015 2.6627917 1.0224913 12
1.7010206 2.6070421 1.2950914 15
1.7760205 2.666218 1.4256687 15
1.7984771 2.6824791 1.502113 15
1.8311702 -2.4571304 -0.27619046 2
1.8015414 0.67411304 -0.22709367 2
1.8284352 -4.0871258 0.031699125 8
1.8559412 1.8959121 0.077264152 7
1.820686 2.0182877 0.23157114 9
1.8160483 2.2426229 0.31299034 9
1.8310862 2.6373827 0.87701398 13
1.9578246 -5.4747529 -0.11436158 8
2.035414 -0.97122657 -0.34787953 0
2.1242218 -1.7661176 -0.33583447 0
2.1313791 -0.081685446 -0.24129109 0
2.1840861 0.28862715 -0.22527321 1
2.1653693 0.55967963 -0.21190523 2
2.2577138 -0.94542181 -0.34743121 1
2.3481328 0.2110312 -0.22046074 1
2.3162358 -4.9288177 0.16262279 11
2.3627653 -4.9345527 0.61309707 15
2.4573777 -1.9101927 -0.33848411 1
2.4919307 -1.6836581 -0.33422372 1
2.4141352 -1.2978134 -0.332286 1
2.4894009 -0.83243829 -0.33514369 2
2.4377294 0.32875422 -0.20391238 2
2.4931216 -1.1323287 0.32638803 10.5
2.560169 -1.3311405 0.19817451 14
2.5283651 -1.2519038 0.18012904 13.75
2.5145068 -1.1130062 0.27180496 15
2.5258863 -1.1592449 0.45205253 11.75
2.5781984 -1.2133685 0.66981757 13
2.5976019 -1.1922839 0.94710523 15
2.6729 -1.0200855 -0.131447 6
2.6172972 -1.2821109 0.30667657 10.5
2.6071172 -1.2803862 0.56108999 13.5
2.7605398 -2.4175069 0.13273692 8
2.7765749 -0.90737015 0.15139264 9
2.7606812 -0.93921047 0.86789221 15
2.7071991 -1.0071748 1.0139185 12
2.7560532 4.4975405 1.2357835 12
2.8172462 -2.4725761 0.15203653 13
2.8478191 -2.3711536 0.19426274 8
2.8188608 -2.2666385 0.18624811 8.5
2.8564832 4.5341926 0.20936202 7
2.8687181 4.5206099 0.58117956 9
2.8920453 -0.81768304 0.78350061 14
2.8874509 -0.84261471 0.85705596 13
2.9652398 -2.1542594 0.16850001 8
2.9928784 -2.2031817 0.20957588 9
2.9723015 4.4036574 0.29018682 8
2.9705224 -0.760189 0.77347821 14
2.9054723 4.4480586 0.70854825 10
2.9888065 -0.79246467 0.87807435 12
2.9051535 -0.82974869 0.90346253 15
2.9147146 4.4386911 1.211213 13
3.0365298 4.2871609 0.79656482 10
3.0401866 -0.76669282 0.83853132 14
3.0825229 4.2280202 0.95112842 12
3.0958326 4.1741486 1.4668071 13
3.1622527 4.1492906 0.16219819 7
3.1836691 4.0782743 0.36696577 9
3.1654494 4.0890679 0.42002413 9
3.1535182 4.1109314 0.40138194 9
3.193979 4.1245198 0.58703589 9
3.1979997 4.0758405 0.69886619 9
3.1778457 3.7222238 1.3936036 14
3.1732359 4.1119032 1.3082259 12
3.1647956 3.7088349 1.6412581 14
3.1777945 4.0747066 1.7409174 15
3.1286631 3.7670515 1.891712 15
3.2320683 4.0522089 0.0731792 6.5
3.2721336 -0.66496366 0.15307491 12
3.2973866 3.7873518 0.17971084 7
3.2918584 3.7349887 0.21054904 7
3.2218025 3.828589 0.23317766 7.5
3.2170446 4.0502 0.22329751 8
3.2490556 3.7817628 0.39030081 8
3.2648547 4.1406102 0.35938156 8
3.2649176 3.7838209 0.42989105 8
3.2435713 3.8248494 0.44955316 9
3.267844 3.7681041 0.55441719 9.5
3.2757101 4.1235838 0.56467468 9
3.2340748 -0.74097651 0.77012682 15
3.2351797 -0.70047003 1.0609704 10
3.2098513 4.1115422 1.0450823 11
3.2656612 3.725503 1.2791229 13
3.2847672 3.7252333 1.5801497 14
3.2285054 3.9637578 1.9897953 15
3.3613555 -0.55508101 0.1987877 8
3.3496587 3.5928702 0.19303352 6
3.3133574 3.742574 0.16846219 7
3.332406 3.6870804 0.25713992 7.6666665
3.3174703 3.7152109 0.29028589 8
3.3731604 3.5880072 0.34735143 7
3.3540556 3.6363635 0.37549284 8.5
3.3229098 3.75103 0.35184246 9
3.3936896 -2.3675265 0.42362097 8
3.3766372 3.6303477 0.54410076 10
3.3727226 3.665247 0.65802544 10
3.336843 3.7954187 0.68697405 9
3.3782425 3.5769236 0.74235189 10
3.3519132 3.6596482 0.88772184 11.5
3.3401077 3.8972275 0.8557843 11
3.394273 3.5729148 0.95363742 12
3.344753 3.6450937 0.97624594 12
3.3703506 3.6656914 1.0339066 12.5
3.3778276 3.5778549 1.1582811 11.5
3.3731186 3.5798097 1.2469726 14
3.3356099 3.6153901 1.2354308 14
3.3630714 3.5827808 1.3471268 14.416667
3.3545024 3.6210632 1.3021921 14
3.3752356 3.5850527 1.4640735 15
3.3534296 3.6057751 1.4885026 14
3.3792164 3.5843329 1.5198284 15
3.3439794 3.6414864 1.5369329 14.333333
3.3680358 3.7063498 1.5913023 14
3.3673689 3.6079783 1.6525031 15
3.3992953 3.5268309 1.7140633 14
3.3439603 3.6821363 1.889163 14
3.3912153 3.6209805 2.1818631 15
3.4527936 3.5510433 0.17818104 7
3.4023192 3.602813 0.1806123 7
3.4764912 3.5269375 0.21763244 8
3.48278 3.4948354 0.3407031 8.666667
3.4534936 3.5482216 0.34260824 9
3.4159698 3.6012337 0.37559894 9
3.4370618 3.4840198 0.45874813 8
3.4576828 3.5458221 0.44344974 9.5
3.4827495 3.4794347 0.53363907 9.5
3.462826 3.5388346 0.51651347 9.5
3.490557 3.4944172 0.6579383 9.833333
3.4366739 3.5459948 0.65928847 10.285714
3.4045753 3.6015227 0.62081724 10
3.4817379 3.4830911 0.76802748 11
3.4592516 3.5199018 0.73701572 11
3.4851468 3.4752626 0.88776571 12
3.4460049 3.5377812 0.84733808 11
3.4702213 3.4850059 0.93031818 12
3.4539411 3.5292401 0.93883073 11.666667
3.4785879 3.4684432 1.0505058 12.833333
3.4134493 3.5766344 1.0843195 12
3.4816353 3.4661477 1.166172 12.666667
3.4018683 3.5844135 1.1346453 14
3.4211841 3.5842888 1.285913 12
3.4620559 3.4874995 1.3540398 13
3.449712 3.5297837 1.3742893 13.25
3.4108417 3.546102 1.4541519 14.5
3.4693227 3.4500401 1.5265816 13
3.4415147 3.5680053 1.778487 14
3.4636292 3.4516695 1.8881967 15
3.4026105 -0.64331126 1.9079968 14
3.4037981 3.5910361 1.99703 15
3.5232632 -1.9411058 0.0097586596 9
3.5316651 -0.49768642 0.14632292 11
3.5978072 3.3390977 0.16866237 7
3.5615168 -0.57751894 0.30764759 13
3.5243466 3.4780443 0.37585613 8.5
3.5766242 -2.9028747 0.41746464 10
3.5230508 -1.9313463 0.46984613 10
3.5965726 -2.9297559 0.60494089 11
3.5153568 3.478543 0.63166159 10
3.586719 3.4763732 0.70436215 9
3.5298891 3.4228175 0.96512073 12
3.5975525 3.5187941 0.9167999 12
3.540652 -0.42667091 1.1633503 12
3.5606875 3.3600276 1.3032163 13
3.596226 3.4889469 1.3174691 14
3.5161428 3.4532189 1.4024353 12
3.5453706 3.4629791 1.8088968 15
3.5592527 3.4360571 2.1710289 15
3.5352559 -4.0457921 2.6311429 15
3.6534128 -2.8639617 0.037953481 7
3.6860595 3.4701309 0.01814591 6
3.6517181 3.2607055 0.13828008 6.5
3.6299617 3.3210227 0.15611658 7
3.6266298 3.479326 0.14158161 7
3.6089969 3.5259292 0.15856133 8
3.6251838 -2.9275522 0.2770296 9
3.6370099 -2.8608174 0.29907218 9
3.6573205 3.4704547 0.28318155 7
3.6070194 3.53351 0.20996971 8
3.6257601 -2.9530203 0.35671425 11
3.6124492 3.5236523 0.48613372 8
3.649353 3.4416385 0.55352551 9.5
3.6786723 -3.1365795 0.64898753 11.5
3.6476753 -3.0805755 0.66403466 10.5
3.6089635 -2.9354644 0.62378824 9
3.6195028 -0.3604449 0.66736412 12
3.618727 3.5051577 0.60959619 10
3.61534 -3.0198967 0.79879254 10
3.6911874 -2.9490223 0.72886509 12
3.6730344 3.496069 0.76765245 10
3.6009064 3.359565 0.88251299 11
3.67678 3.4048064 0.81807828 10.5
3.6804287 3.5339727 0.86479342 12
3.6226075 3.4651387 0.94641262 10.5
3.6496577 3.4634221 1.0285597 13
3.652086 -0.29837415 1.1366948 11
3.68115 3.3775394 1.1417862 13
3.6609275 3.4083703 1.1764135 13
3.6107399 3.3415153 1.2881612 14
3.6422937 3.4373152 1.2893505 14.5
3.6667011 3.3792813 1.3558308 14
3.6029553 3.4642055 1.3795172 14
3.689693 3.3552601 1.5385294 14
3.6142006 3.3994811 2.1673846 15
3.74687 -2.6231637 0.062253755 10
3.7323761 3.1949449 0.050732624 6
3.7430079 3.2011242 0.077939883 7
3.7521539 3.3250866 0.065172084 6
3.7744093 3.3077159 0.18217637 8
3.7482922 3.3307469 0.24948408 8
3.7423258 -3.0386269 0.37123632 10
3.7520232 3.3016267 0.31553838 8
3.7063465 3.418937 0.37539223 8.5
3.7060728 3.3866656 0.47569045 9
3.7012961 -3.1822951 0.55247915 11
3.7014325 -3.0120349 0.69454944 12
3.7456059 3.3533759 0.67449075 9
3.795368 -2.9960318 0.70155191 13
3.7033477 -0.38687262 0.7371456 15
3.7414019 3.344686 0.86126596 9
3.7109303 3.3427677 0.98519433 12
3.744771 3.3263841 1.0348895 11.5
3.7903221 3.2879326 1.1977161 12
3.7240791 3.3565941 1.131138 14
3.7262318 -0.25582999 1.2164187 14
3.7374949 3.3522944 1.5055778 15
3.8486423 -2.4952528 0.0071250102 9
3.8770437 3.2014344 0.04783636 6
3.8237071 3.3048093 0.090485021 7
3.8749702 -1.7527385 0.38340884 14
3.8935301 3.0990775 0.45373121 9
3.8997059 3.1183491 0.44892994 9
3.8760264 3.0836489 0.5929482 9
3.8718505 3.2339988 0.54950202 9
3.8384781 3.2802072 0.64339566 10
3.8476923 3.0701735 0.79456478 11
3.8243048 3.2035513 0.77416718 11
3.8397763 3.1342466 1.6036237 14
3.8071804 3.2173171 1.6260413 12
3.8531485 2.986948 2.2993953 15
3.8658667 -3.5364592 2.5242589 15
3.9007535 -2.7623615 -0.091404624 6
3.9473014 -3.1036904 0.17227975 8
3.9386721 3.1429074 0.24120773 8
3.9850519 -2.7034726 0.56561708 12
3.9047546 -0.23439501 0.72906333 10
3.9448323 -0.18892097 0.74506247 12
3.9794824 2.9647348 0.8572014 12
3.934937 3.080786 0.85999852 9
3.9343665 3.1995702 1.06092 13
3.957639 -0.090730049 1.1865618 11
3.9627566 -0.044440184 1.322454 13
3.9015436 -0.25662044 1.6445535 12
3.9088867 3.0323863 1.6204929 15
3.9802766 -3.8378758 2.4970088 15
4.0099659 -2.676743 -0.16340826 6
4.0964079 3.1272304 0.11085312 6
4.0483761 2.9222269 0.28583542 8
4.0658092 2.7281239 0.89134359 11
4.0225835 2.918196 0.93124062 11
4.0078044 2.9209752 1.0440781 12
4.0245099 2.9081554 1.2126336 11
4.0125771 2.8748155 1.3720956 15
4.0247173 2.9274931 1.33881 13
4.0215435 2.9450946 1.4384651 13
4.0561395 2.8482673 1.7194806 13.5
4.0317883 -3.8717837 2.4379017 14
4.1828356 2.7324605 0.054438774 6
4.1400614 0.061205152 0.13713123 9
4.1946573 2.6996875 0.14803578 8
4.1320472 -2.6380827 0.31109226 12
4.1756067 2.7218852 0.34529966 7.75
4.1997681 2.7497201 0.46237054 9
4.1746635 2.7707403 0.55339348 9
4.1380382 2.9381938 1.0585916 10
4.1880755 2.6529987 1.2572019 15
4.1995821 2.6722331 1.4630519 15
4.1785026 2.7113867 1.9567256 15
4.1641288 2.6304276 2.0589433 15
4.2285786 -2.4341764 -0.085169457 6
4.2970462 -2.5162423 0.0047372752 9
4.2090693 2.7225523 0.035721403 7
4.2925072 2.6326296 0.16315834 7
4.2625818 0.07119038 0.37871292 9
4.2844682 0.12935753 0.44355676 10
4.2867355 0.16169776 0.51160151 10
4.2494965 2.592849 0.68070388 8
4.2081661 2.6425288 0.89424765 10
4.2948117 2.1847765 1.0940686 10
4.2296681 2.5912654 1.1984565 14
4.2368793 0.078606732 1.2667722 15
4.2334995 2.6634238 1.221024 12
4.225812 2.7055786 1.2107315 14
4.2282925 2.4988334 1.3252456 14
4.2621975 2.5490372 1.3400429 13
4.2894368 2.4285545 1.5013286 15
4.2222896 2.603498 1.5249672 14
4.2487884 2.5929775 1.6441615 14
4.2782831 2.5457141 1.7940056 13
4.277863 2.5811327 1.9279265 15
4.2669334 2.4034133 2.3319936 15
4.2670379 -3.4187076 2.5284519 15
4.2452812 -3.6878366 2.8616073 15
4.3196054 2.5396817 0.077361614 6.6666665
4.3462119 2.5611477 0.11777103 7
4.3885174 2.4332144 0.23156163 8
4.3404589 2.6783528 0.2076503 7
4.308423 0.21907665 0.3350001 10
4.3728852 2.4345851 0.35338798 9
4.3105302 0.14656928 0.45843005 10.5
4.3143029 0.21007153 0.48833218 10
4.3279963 0.10217736 0.56215441 11
4.376451 2.5834932 0.5324139 9
4.3415422 2.4466772 0.68996227 11
4.3594518 2.4317043 0.72946316 11
4.3539553 2.7155819 0.7854439 9
4.3931389 2.3598082 0.83916146 12
4.3045454 2.5707834 0.82594645 10
4.3371019 2.661622 0.87456763 12
4.3496428 2.458133 0.9909879 13
4.3824968 2.5477741 0.99426848 12.5
4.357595 0.17587191 1.1699022 10
4.3973846 2.3020043 1.1123065 13
4.3654447 0.037200086 1.3416626 11
4.3570204 2.348994 1.3400441 15
4.343792 2.4127378 1.3733366 15
4.387949 2.3693213 1.403038 15
4.3347573 2.250567 2.4269311 15
4.3749719 -3.2919667 2.5183029 15
4.4367542 2.3592319 -0.030230626 7
4.4763699 -1.294089 0.039445635 8
4.4826703 2.3239062 0.060255196 7
4.4483447 2.4999831 0.024455566 7
4.4791594 2.3052881 0.13899663 8
4.4966059 2.4664989 0.158659 7
4.4680457 2.3298702 0.27421039 8
4.4914861 -1.2199492 0.32031578 9
4.4148197 2.4041326 0.54778641 11
4.4884129 2.2869232 0.61761945 9
4.4548278 2.3260441 0.6472522 10
4.4525633 1.225415 0.79635847 11
4.4469452 1.1285526 0.87434942 11
4.4776487 2.2577381 0.83834803 11.25
4.4269814 2.3251281 0.81952804 11
4.4418368 2.2388098 0.95269305 12
4.4447489 1.1536885 1.0493314 12.785714
4.4883986 2.296021 1.000404 11
4.44698 1.0960604 1.1471021 15
4.429769 1.166418 1.1215847 13.75
4.4934378 2.2475936 1.1635895 14
4.434062 0.2101077 1.2187703 15
4.429318 1.1371975 1.2421954 14
4.4916973 2.2208071 1.2162774 14
4.4089389 2.3480885 1.2190124 12
4.4565601 0.2926909 1.3267248 15
4.4280524 0.13125946 1.450183 15
4.4919496 0.85955441 1.5103922 14
4.4600768 1.0939226 1.6601971 12
4.4771113 2.2551241 1.7497815 12.5
4.4340448 2.3495677 1.7503536 14
4.4514332 2.2909753 1.9901999 14
4.5172763 2.3320262 -0.0099925725 6.6666665
4.5614257 2.1694202 0.19970123 8
4.5210352 2.2320821 0.12095593 6.5
4.5925279 2.1492486 0.24930562 8
4.5520434 2.2088478 0.39627182 9
4.5749469 0.33966294 0.430693 8
4.5462584 2.1709557 0.46492511 8.5
4.5764771 0.32232705 0.54433936 9.5
4.5205655 2.1846991 0.53421402 10
4.5301671 2.2754004 0.54123485 8.5
4.5295739 1.1491407 0.79339969 11
4.5368295 1.0741793 0.83934599 11
4.5036082 1.2330108 0.84662741 12
4.5442433 0.31592882 0.98425782 13
4.5300336 1.1644249 0.91860193 13
4.5673752 2.1299331 1.0162328 13
4.5128388 0.21899709 1.1463531 15
4.5206132 2.1778653 1.1547513 11.5
4.5216198 0.30942217 1.3606366 12
4.5501513 2.1552777 1.3500675 13.5
4.513504 1.0033823 1.4405329 11
4.5942965 2.073092 1.4818348 12
4.5690823 2.1186414 1.4073501 15
4.5511508 1.0351921 1.546526 13.5
4.5646977 1.6953657 1.7552677 13
4.551806 2.1749654 1.888793 15
4.5793376 0.94118077 1.9186459 14
4.5181336 2.2074294 1.9567058 15
4.5464373 2.118907 2.0057654 15
4.5783854 1.8364626 2.3846598 15
4.679204 2.1768844 -0.098016128 7
4.6981387 1.9625689 0.10358613 7
4.6796021 1.9720311 0.2677339 7
4.6433568 2.0784724 0.20575681 8
4.6934876 1.9159485 0.47752318 10
4.6455884 2.0811496 0.43191639 8
4.6672831 2.0126424 0.69256383 11
4.6382232 2.1040754 0.65210867 8
4.6693425 2.0169401 0.78444988 10
4.6453905 -1.0635645 0.81936938 12
4.6915197 1.9390658 0.84195453 12
4.6094255 2.1228096 0.81691825 12
4.6430488 1.5827142 1.0593611 10
4.6787648 1.9260489 1.038679 13
4.6518397 2.0169952 1.0520073 13
4.6264596 2.1529903 1.0440294 12.5
4.6008568 0.37622082 1.1095434 10
4.6743064 0.44282916 1.1446646 14
4.6870747 0.29694763 1.2770576 15
4.6730733 2.0020039 1.2902652 13
4.6616464 1.9092619 1.3174138 15
4.6801214 1.9440274 1.4604759 15
4.6013999 2.1156557 1.5318024 15
4.6087604 2.2005432 1.673192 12
4.6247945 2.0317025 1.7564088 14
4.6514983 2.0652354 1.9683906 15
4.6290708 0.82427031 2.1120691 14
4.6654449 1.866825 2.3761156 15
4.6843448 -3.142731 2.4939909 15
4.7719264 1.8923097 0.16387451 7.5
4.7570434 1.9976016 0.1566357 8
4.7708907 1.8705801 0.24092777 8
4.7418485 1.9141688 0.6728068 11
4.7342129 2.0425076 0.61390215 11
4.7455964 1.8277745 0.70422357 11
4.7555399 1.8745837 0.83751237 11.75
4.7285485 2.0050251 0.85972607 10
4.767746 1.8071625 0.92910069 12
4.7116971 2.0529659 0.99880785 13
4.7466741 1.8787103 1.0435152 13
4.783278 1.8325734 1.2686429 11
4.7049136 1.9487824 1.2462466 13
4.7246137 2.0325243 1.2207025 13
4.7520342 1.8491162 1.3119702 15
4.7160468 1.8987762 1.561435 13
4.7097516 1.912187 1.562519 12
4.7549615 1.9231445 1.9630616 14
4.7408209 1.850949 2.1389413 13.5
4.7700324 -3.6515234 2.5408361 15
4.847826 1.7180179 -0.011451966 6
4.8294683 1.777262 0.047272924 6
4.8045793 1.9322541 0.27310219 8
4.8155456 1.8833539 0.31493518 8
4.8088527 1.8381094 0.45380384 10
4.8247943 1.7271184 0.99948305 14
4.8501587 1.743315 1.0526676 12
4.8128085 1.8996478 1.1805934 10
4.8206091 1.8536531 1.5775285 14
4.805357 -3.0152113 2.5811396 15
4.9832525 1.6823111 -0.10130289 6
4.9885387 1.628464 -0.032298673 6
4.9585972 1.5769916 0.042884901 7
4.9094419 1.7360916 0.084988669 7
4.9384279 0.75694257 0.15206373 8
4.903645 0.6122213 0.27903384 9
4.9580655 1.6509399 0.48275143 8
4.9950733 1.6922776 0.50339705 9
4.9620175 1.570348 0.73652214 11
4.9602923 1.6057096 1.0887631 11
4.9428115 0.50943065 1.2285103 14
4.9658575 1.5791911 1.6134262 15
4.9133344 -3.0374703 2.8548224 15
5.0458488 1.5200489 0.18678999 8
5.0906372 0.36030513 0.24919869 8
5.0438528 1.6128795 0.22569697 8
5.0809851 1.5341274 0.35419792 8
5.0966754 1.4447737 0.44643039 9
5.0971241 1.4135203 0.7761302 12
5.0327654 0.63802224 1.302429 14
5.0963697 1.3625294 1.300054 11
5.0661449 1.4668124 1.4355607 12.5
5.0799289 1.3097106 1.5602976 15
5.052598 1.2955363 2.3223269 14
5.022583 -2.8225598 2.8177474 15
5.1313119 -9.3942032 -0.53257132 7
5.1883802 -4.4555683 -0.051864792 8
5.1826992 1.3640904 -0.0043762168 7
5.1402755 1.4207529 -0.052659705 7
5.1387753 1.5346221 -0.030893156 7
5.1856947 0.81280774 0.057764661 7
5.1636004 1.2716055 0.015750846 6.5
5.1802621 1.3410289 0.0534233 7
5.1274815 1.4529306 0.002395832 7
5.1106458 1.5407876 0.079009555 7
5.1472168 0.78591359 0.19428416 8
5.1778183 0.84701431 0.12391629 8
5.1735058 1.1937886 0.13437308 7
5.1885061 1.2756765 0.15612128 8
5.1542454 1.4103281 0.16356279 7.5
5.1907082 1.0968028 0.28380689 8
5.1505923 1.3745538 0.24002747 8
5.1215887 1.4136372 0.26400283 8
5.1003232 -4.6200724 0.30423614 8
5.1514215 1.3822756 0.37153491 8.666667
5.1175475 1.4241768 0.37962598 9
5.1384668 1.3971791 0.448522 9
5.1615214 1.4859508 0.4859944 10
5.179143 1.2681187 0.55887389 8
5.14782 1.3563058 0.55689919 9.125
5.1244898 1.4172729 0.59095407 10
5.1624813 1.3422636 0.64689392 10
5.1946082 1.4338135 0.64242476 10
5.1785769 1.0994512 0.72083497 11
5.181963 1.2977703 0.7421568 10
5.1367979 1.38907 0.75920647 10
5.1213541 1.4120916 0.75357884 10
5.1467972 1.3390036 0.85827619 11
5.1181383 1.3653725 0.92743492 12.333333
5.1576691 1.1538454 1.0423299 12
5.1331844 1.3611441 1.3986698 12
5.1652975 1.4655638 1.3516982 14
5.1793485 1.2410151 1.4814663 15
5.1246367 1.3730105 1.4657747 12
5.171195 1.2666959 1.5513369 13.5
5.115654 1.3546878 1.5455461 15
5.1638246 1.2699099 1.6297894 15
5.1270728 1.3265281 1.6128005 15
5.1043243 -8.7399664 2.3579454 15
5.1054373 -8.3619957 2.8819752 13
5.1774478 -3.114548 3.0884423 15
5.2754622 -5.3718958 -0.12084389 8
5.233532 1.300239 -0.029260136 7
5.2914557 -4.2715168 0.030247908 7
5.2157683 0.54016364 0.020362327 7
5.2036295 0.75829947 0.021706503 7
5.2372975 0.84826815 0.051509123 7.25
5.208581 0.92437589 0.077560395 6
5.2315865 1.2565286 0.081709951 7.75
5.204823 1.327037 0.074784629 7
5.244698 0.063244417 0.15729721 8
5.2860622 0.93588722 0.11934814 7
5.2379222 1.0492237 0.18722342 7.5
5.2305713 1.2740577 0.16769786 8
5.216023 1.312384 0.1518749 7.5
5.2589369 1.0069216 0.20670894 8
5.226541 1.2657604 0.26565471 8.333333
5.2055631 1.3890486 0.20087963 9
5.2624168 -4.3833823 0.31219554 8
5.2858477 0.98708665 0.39495113 9
5.2428741 1.0386354 0.31846917 8
5.2013745 1.1756153 0.31858039 9
5.2375412 1.011906 0.46811312 9.5
5.2129703 1.2933336 0.44470981 9.5
5.2262797 1.2253937 0.57878357 9
5.2376418 1.3400536 0.52359784 10
5.2287335 1.2639728 0.63983965 10
5.2090173 1.316734 0.66063333 9
5.2282066 0.81965315 0.74113232 11
5.2181849 1.059584 0.78374845 11
5.2140484 1.243795 0.78384924 11
5.2213831 1.3331032 0.78149021 10
5.2837505 0.97276592 0.82309544 11
5.2263613 1.0157949 0.8177883 12
5.2178125 1.2463189 0.89950997 12
5.2163725 0.96562213 0.99750996 14
5.2844243 1.0784644 0.94950819 12
5.2953701 0.82436031 1.447719 15
5.2844005 0.63629478 2.7396598 15
5.34232 0.51808155 0.069239393 7
5.3302965 0.95128137 0.036408149 7.125
5.3161793 0.96424079 0.1475434 7.5
5.3927836 0.85805601 0.28953013 8
5.3008313 0.98475963 0.21528301 8
5.3288507 0.90590852 0.32792151 9
5.3154659 0.78801721 0.49809888 10.5
5.3238912 1.0305344 0.4940542 10
5.3115897 0.93070626 0.75186664 11
5.3189206 0.91509187 0.94225377 12
5.3497505 1.0001162 1.1315385 11
5.359468 -8.5930595 2.5932209 14
5.3591428 0.52277529 2.6494603 15
5.4245625 -4.1692562 -0.0036254341 8
5.4012861 0.85865879 0.31121817 8
5.4079399 0.59564692 0.48738 8
5.4508052 -6.4381232 0.52253449 9
5.4298153 -8.5463123 2.6128471 14
5.5049767 0.58127308 0.12690338 8
5.6980143 0.63594562 0.47404709 9
5.7721963 -8.3018026 2.5287545 15
5.8793511 -1.5585576 3.1727057 15
5.9904027 0.18278658 0.26465571 8
5.9646745 0.050239392 0.50053728 10
5.9716239 -2.1139393 3.0251589 15
6.0176406 0.1263327 0.064049572 7
6.0158582 0.15351684 0.81387353 11
6.0484896 -5.6210294 2.305722 12
6.0618238 -8.0760889 2.4251513 15
6.0099607 -8.1093922 2.6044445 14
6.1405096 -0.048327819 -0.0099998638 5
6.1106296 0.051404323 0.33324316 8
6.1867876 -0.26047635 0.63607705 11
6.1677222 0.012386816 0.95624483 12
6.2209859 -0.31692111 0.4597519 10
6.2804046 -0.14941266 1.0543807 13
6.2408223 -0.37323776 1.1453558 14
6.2251048 -0.20868559 1.2954773 13
6.2532077 -7.9011288 2.6074383 14
6.2710657 -7.9962597 2.8551881 15
6.2231236 -7.8367448 3.0333312 15
6.3134565 -1.4308891 0.15124869 7
6.3500509 -0.33612227 1.3586493 13
6.3354616 -4.7649832 2.2368498 12
6.4575539 -0.4604063 -0.23289034 6
6.4409719 -0.41763958 1.5561904 14
6.4973016 -4.8104682 2.2875981 15
6.4862671 -4.7794833 2.2823799 15
6.4263663 -7.7802854 2.5144145 14
6.4533911 -7.8054848 3.0320859 14
6.5971146 -0.60767484 0.10396834 8
6.5911398 -1.3523293 1.6068194 14
6.5857792 -1.2682643 1.6020906 13
6.5883327 -1.297719 1.8099654 14
6.5678811 -4.5646901 2.2992198 15
6.5686264 -4.5554128 2.3042006 15
6.5502119 -7.7275877 2.6867752 15
6.5363898 -7.7431693 2.8358734 15
6.6609902 -1.3157854 0.95836478 12
6.6330752 -1.4123993 1.7918057 15
6.6977053 -1.4724677 2.0213399 15
6.6192122 -4.8644638 2.1792233 14
6.6597881 -4.0973034 2.1751831 14
6.7542582 -0.91538656 -0.050742738 7
6.7044673 -0.83273351 0.97282225 11
6.7335391 -1.2429988 1.2999046 14
6.7102623 -1.5053486 1.3496666 11
6.8293471 -1.2378356 0.33220264 9
6.8536057 -1.7158409 1.1360239 11
6.877708 -1.0898081 1.5142022 13
6.8133459 -5.1777425 2.1264286 15
6.8540897 -1.7381251 2.1456285 14
6.8420763 -1.1314849 2.2589316 15
6.8459477 -7.9181566 2.3755157 13
6.8081641 -7.5415001 2.3476598 14
6.8800044 -7.4902167 2.4183292 14
6.9643188 -7.4935513 2.3963521 14
6.9046688 -7.5439219 2.4237828 14
6.95961 -7.4173512 2.683156 14
7.0435605 -1.9983602 1.4154328 13
7.0619307 -1.9543402 1.5923871 13
7.0751243 -2.000989 1.7394577 14
7.0096469 -1.9398588 1.7912949 14
7.0498314 -7.773994 2.4102316 14
7.0878019 -7.3338814 2.5252988 15
7.0525098 -7.3074164 2.6827276 12
7.184269 -7.6124663 2.4032688 14
7.1499696 -7.3395319 2.7235327 13
7.2764616 -7.18009 2.7090569 15
7.3856077 -5.4835196 2.0400956 14
7.3727274 -7.1069455 2.8674624 15
7.4862561 -7.0570955 2.4698341 14
7.5472989 -7.0047975 2.5114295 13
7.5706315 -7.0092483 2.6491416 15
7.5860038 -6.970819 2.7013566 14
7.6256824 -6.89252 2.4043796 11
7.6316905 -6.9876451 2.8165886 12
7.9224577 -6.8886452 2.3132873 12
8.1189861 -2.9680283 -0.29983601 7
8.1132946 -2.7293813 1.5363556 12
8.2452326 -2.943284 1.7537559 12.5
8.2835064 -2.9985085 1.9435854 13
8.3685694 -3.1254363 1.4873562 11
8.3236771 -6.7203817 2.4784071 14
8.3500452 -6.4147367 3.0400782 15
8.5531416 -9.7214031 2.0353658 12
8.5204134 -3.7034824 2.3786592 15
8.6878529 -9.6985016 1.3833965 12
8.7194271 -9.5962391 1.3541448 10
8.7386694 -9.6996021 1.8220836 11
8.7843447 -3.8305037 2.1917562 13
8.743412 -4.0551105 2.4975002 15
8.8890448 -9.5114412 1.4339129 10
8.8151608 -3.7426257 2.2966614 13
9.1639547 -4.1943798 2.2930579 14
9.5650215 -9.0019112 1.0663666 8
9.585186 -11.567757 2.5385544 12
9.6396265 -8.9072485 1.2209949 9
9.6797848 -8.9440422 1.4144568 12
10.030602 -8.6832037 1.0114626 9
10.096805 -11.201481 2.6593251 12
10.142009 -8.5961027 1.269261 9
10.142166 -8.5908804 1.4314797 9
10.209573 -8.5352478 1.1414636 9
10.416967 -10.930799 2.5934117 14
10.555281 -8.2745714 1.4304174 10
11.206218 -7.8514838 1.819808 10
11.304262 -7.3109021 1.2325827 8
