# .PCD v0.7 - Point Cloud Data file format
VERSION 0.7
FIELDS x y z intensity
SIZE 4 4 4 4
TYPE F F F F
COUNT 1 1 1 1
WIDTH 8004
HEIGHT 1
VIEWPOINT 0 0 0 1 0 0 0
POINTS 8004
DATA ascii
-2.9199219 -1.96105 -0.34875253 180
-2.8405149 -2.6557021 -0.37478065 144.25
-2.8956707 -2.3490753 -0.33620453 92.800003
-2.8193054 -2.1748853 -0.3159115 78
-2.890635 -2.0712824 -0.35067409 170.33333
-2.8555522 -1.9488664 -0.34672928 170.875
-2.8857098 -1.8460968 -0.34432596 166.5
-2.8724961 -2.5072081 -0.29294205 162
-2.8855808 -2.3626235 -0.26023096 83.583328
-2.8245404 -2.1970272 -0.24321964 55.900002
-2.8530812 -1.9477839 -0.29574078 150.14285
-2.7353065 -2.5394373 -0.37095246 117
-2.7254112 -2.3681865 -0.3394604 101.66667
-2.7022729 -2.2090354 -0.38066405 197
-2.7503073 -2.1320968 -0.34843513 134.1875
-2.7847199 -2.0375881 -0.34295705 169.25
-2.7908196 -1.8251579 -0.32027945 157.25
-2.7601774 -1.7421058 -0.30395523 153
-2.7742906 -2.4261415 -0.27917555 124
-2.7417769 -2.0401092 -0.27772006 135.16666
-2.7419181 -1.9572639 -0.28156796 139.63637
-2.7575014 -2.1797669 -0.18447734 72
-2.6093037 -2.4062953 -0.34261918 185
-2.6233401 -2.1050267 -0.36954525 191.66667
-2.6769762 -2.0006194 -0.34501386 151.25
-2.6340168 -1.9393882 -0.35035631 178.19048
-2.6804714 -1.8349245 -0.33589214 174.28572
-2.6283443 -1.6852573 -0.30499679 160.25
-2.6790297 -1.982391 -0.28654724 124.66666
-2.6703095 -1.8765504 -0.29157248 130
-2.6680388 -1.769926 -0.29016727 130.25
-2.6939123 -1.6575894 -0.29676157 143.60001
-2.6942432 -2.1553099 -0.15939587 119.33334
-2.5271561 -3.0524709 -0.33275631 146.5
-2.5898669 -2.7612424 -0.31180525 193.25
-2.5177684 -2.6464095 -0.31267843 186.16251
-2.5003848 -2.4187574 -0.38103279 195.66667
-2.5957155 -2.2109864 -0.36809173 194
-2.5235372 -2.1511221 -0.36431664 188.77777
-2.5234463 -2.0218127 -0.36870968 184.39999
-2.5268707 -1.9146891 -0.36806241 182.38889
-2.5491028 -1.8193676 -0.33421591 183.58125
-2.5254238 -1.7285677 -0.30874655 187.5
-2.5580437 2.4738886 -0.11213212 170.16666
-2.5129871 2.5755644 -0.10103292 167.33333
-2.5309947 2.5916975 -0.089913152 158
-2.5781085 2.6228707 -0.097605802 158
-2.5228741 2.740736 -0.075100169 157.5
-2.419369 -2.4396071 -0.40943119 191.66667
-2.4080076 -3.3133523 -0.35510796 163
-2.4394987 -2.8307738 -0.31400484 194.16666
-2.4640408 -2.7363126 -0.31046802 189.76923
-2.4176836 -2.6732144 -0.31526396 185.33333
-2.4739902 -2.5441358 -0.3163124 178.54546
-2.4253635 -2.3153553 -0.36294559 191.11111
-2.4294524 -2.0029862 -0.36713353 178.33333
-2.4310298 -1.9045141 -0.36545041 176
-2.4239497 -1.8274148 -0.36823046 174.66667
-2.440794 -1.7600685 -0.30672812 183.86667
-2.4512711 -1.6562319 -0.31004754 189.84445
-2.4349122 -1.5863308 -0.31453121 192
-2.4324608 -0.054174226 -0.34433362 196.75
-2.4799678 0.076667577 -0.33586648 193
-2.4758298 0.20525941 -0.33624315 194
-2.4622555 0.34718937 -0.32912651 187.33333
-2.4197402 0.47884795 -0.32533386 184.66667
-2.4097302 -3.274076 -0.22292016 43.700001
-2.4290154 -2.2275527 -0.25620887 172
-2.4011478 -3.2613952 -0.18627378 48.333332
-2.439364 2.4406817 -0.10283376 182.375
-2.4180162 2.5483303 -0.093654521 177.66667
-2.4528761 2.6751428 -0.076585934 166
-2.4704316 2.8692853 -0.068740308 153.66667
-2.3558965 -2.4632726 -0.41392472 193.41666
-2.3655193 -2.9780593 -0.32650337 199
-2.3591447 -2.8030558 -0.31663281 191.57143
-2.3264058 -2.724165 -0.31336814 188
-2.3689666 -2.6994781 -0.39423397 182
-2.3806186 -2.5951755 -0.31864369 179.5
-2.3496065 -2.4237118 -0.3485963 181.35715
-2.3345861 -2.357367 -0.34112367 178.11667
-2.3870096 -2.2387891 -0.37383434 184.83333
-2.3574038 -2.1252093 -0.35608053 179.63333
-2.3006785 -1.9072676 -0.36260426 168.06122
-2.3425653 -1.8524822 -0.31500468 174.50865
-2.3220408 -1.7224277 -0.3024672 184.93333
-2.3567491 -1.6051303 -0.30518535 190.60001
-2.3364344 -1.4490632 -0.31176922 191.14285
-2.3352413 -0.27700311 -0.35013556 173.7
-2.3908935 -0.16838101 -0.33932534 199.25
-2.3016679 -0.066138543 -0.34127718 196.5
-2.3919649 0.057139892 -0.33323428 197.8
-2.3809102 0.17170121 -0.33099174 198.8
-2.3601713 0.2938658 -0.32680336 196
-2.3395109 0.42217362 -0.32560894 196.66666
-2.336808 0.58692664 -0.32112712 181
-2.3935452 0.64080602 -0.31510195 166
-2.3538864 -3.1456356 -0.21354672 141.5
-2.3469815 -3.0534382 -0.28999779 121.5
-2.3241217 -2.2010503 -0.23670618 189.5
-2.3691168 -3.2521322 -0.17668152 59
-2.3318486 -3.1386015 -0.19346371 94
-2.3362279 2.3601646 -0.0996233 185
-2.3257234 2.4985075 -0.084199741 186.375
-2.3600178 2.630718 -0.081797183 175.66667
-2.396764 2.7790253 -0.072403647 166.5
-2.3083804 2.8521218 -0.073764652 164.66667
-2.3813787 2.9698439 -0.069857657 149
-2.2309785 -2.6044247 -0.41623452 194
-2.2538719 -2.5433614 -0.406773 192.66666
-2.2100487 -2.4085155 -0.40222785 188.22223
-2.2937372 -2.3923023 -0.40626675 190.83333
-2.2360568 -3.2720401 -0.32764989 196
-2.2498808 -3.131551 -0.32475063 204
-2.2606335 -3.0287771 -0.32525021 200.5
-2.2341917 -2.9646516 -0.322909 197.33333
-2.2754226 -2.8633683 -0.31574881 193.71429
-2.2572279 -2.726841 -0.34641102 187.5
-2.268605 -2.6237779 -0.36101857 191.92308
-2.2356439 -2.5086319 -0.37147048 194
-2.2527733 -2.4145489 -0.34258381 179.375
-2.2441425 -2.3483953 -0.34101018 183.75385
-2.2495856 -2.2203853 -0.37337103 180.08096
-2.2105083 -2.0531025 -0.36989447 168.15045
-2.2703753 -1.9625629 -0.35805756 160.50647
-2.2689579 -1.8311353 -0.34880194 169.77315
-2.2123837 -1.7372261 -0.30848393 183.75
-2.2846651 -1.6168276 -0.30486834 189.71428
-2.2259054 -1.5327467 -0.30852425 191
-2.2647107 -1.4165275 -0.30696219 187
-2.2873294 -1.1658381 -0.38999739 165
-2.2135916 -0.44505349 -0.35142004 181.875
-2.2424335 -0.34780031 -0.33183628 197.5
-2.2139947 -0.24662174 -0.32910144 194.33333
-2.2763608 -0.1614496 -0.3297061 196
-2.2877476 0.033392496 -0.33207402 195.5
-2.266386 0.12985785 -0.32888225 195.39999
-2.253722 0.23729809 -0.32737306 196.16667
-2.2439022 0.35569453 -0.32266676 198
-2.2353244 0.49343547 -0.32307652 198
-2.2882984 0.54221606 -0.32212824 192
-2.2730024 -3.2614653 -0.27188113 81.333336
-2.2731175 -2.3769274 -0.24933679 169.90909
-2.2948151 -2.0617883 -0.2389985 145.85417
-2.2679155 -2.1396623 -0.15836044 151
-2.259058 2.3153002 -0.11526574 180.27272
-2.2479618 2.4433053 -0.087266907 183.5
-2.2490368 2.5989518 -0.07740438 180.5
-2.2084599 2.6906188 -0.079956643 176
-2.2838421 2.7541833 -0.078104109 171.73334
-2.2288675 2.9584875 -0.068290614 161.5
-2.271826 3.0561588 -0.060590565 149.25
-2.1301494 -3.1414335 -0.40654513 194
-2.1436694 -3.0059979 -0.40377051 194
-2.1269073 -2.9190366 -0.40309343 193
-2.1466384 -2.672189 -0.40989211 194
-2.1015096 -2.4106629 -0.40295279 181.4762
-2.1031415 -1.192902 -0.43203947 172
-2.1390734 -1.0969158 -0.43553382 156.5
-2.1055515 -3.2173445 -0.32254431 196.33333
-2.1241555 -3.1307158 -0.31511912 203
-2.1345537 -3.092608 -0.32164252 202.66667
-2.1575499 -2.9933386 -0.32056427 199
-2.1613212 -2.8384118 -0.36606079 183.8889
-2.137387 -2.7390866 -0.33318666 185.61113
-2.157351 -2.6280823 -0.36916342 190.95833
-2.1247244 -2.5561059 -0.35661769 184.35001
-2.1647739 -2.461339 -0.33718148 177.15945
-2.1360772 -2.3529348 -0.36533397 180.61945
-2.1115315 -2.2298317 -0.37447509 176.71428
-2.1157157 -2.104739 -0.36769497 168.48648
-2.1362753 -2.0519664 -0.37629592 166.25
-2.181721 -1.6537164 -0.30141228 188.14285
-2.1661873 -1.5595191 -0.36952195 195.75
-2.1373162 -1.4298972 -0.31803998 178.35001
-2.1272402 -1.3487552 -0.30856445 181.08334
-2.116179 -1.2410287 -0.31625476 187.875
-2.1316395 -0.96533 -0.37741634 175.5
-2.1672044 -0.88290989 -0.39244607 178
-2.1309278 -0.7085768 -0.38785195 186
-2.1717036 -0.62730402 -0.38757744 190
-2.148035 -0.52776802 -0.35270515 183.25
-2.1200984 -0.46569046 -0.33381295 195.5
-2.1012321 -0.36617506 -0.31995609 193.8
-2.1067686 -0.25780684 -0.32088715 191
-2.1364 -0.15222307 -0.31567088 190.91666
-2.1815009 -0.072243229 -0.32326066 192
-2.1681685 0.048585288 -0.31966862 191.72728
-2.1441987 0.18320322 -0.31525159 192
-2.1490381 0.2887567 -0.32275957 194.5
-2.1653814 0.34707892 -0.32609612 195
-2.1567574 0.42226335 -0.32088417 196.75
-2.1041589 1.7932845 -0.309237 134
-2.1458449 1.8498224 -0.30968192 123.5
-2.1861854 1.9052573 -0.30780083 116
-2.1300588 -2.4443924 -0.28139341 159
-2.1194537 -1.595441 -0.29921576 189.60001
-2.1222622 -2.4863427 -0.18614958 137.07692
-2.1373687 1.6104628 -0.15269378 189.5
-2.1590321 2.2610774 -0.12139691 171.8
-2.1507008 2.3541415 -0.11178234 172.95337
-2.115201 2.4705935 -0.096936017 178.21428
-2.1801405 2.5141804 -0.081911497 183
-2.1433177 2.6016226 -0.078692257 184.39999
-2.1490409 2.7805421 -0.076157011 173.8
-2.1956863 2.8833795 -0.073630936 168.75
-2.1214075 3.0371368 -0.055013042 163
-2.1525617 3.1488256 -0.040214714 135.375
-2.0313797 -3.4215417 -0.4079358 193.66667
-2.0770111 -3.3492069 -0.40445992 194
-2.0177341 -3.2492847 -0.40131089 189.66667
-2.0155647 -3.1758311 -0.40056169 188.75
-2.0320716 -3.0510399 -0.40413246 188.95
-2.0191419 -2.9552753 -0.40092033 188.5
-2.0472889 -2.7097347 -0.40879878 192.66667
-2.0531967 -2.3295219 -0.41233319 175.83278
-2.0187676 -1.4194876 -0.42628869 196
-2.0617712 -1.3032215 -0.42755288 188
-2.0784287 -3.3255632 -0.31468531 177.5
-2.0893826 -3.2846012 -0.32069227 188
-2.0245564 -3.0555172 -0.31561172 201
-2.0661297 -2.9203782 -0.35046244 175
-2.0489113 -2.8272417 -0.35669023 183.49165
-2.058563 -2.7308762 -0.34121099 186.66666
-2.0470476 -2.615437 -0.38748008 191.95834
-2.0138814 -2.5260394 -0.34800425 184.31026
-2.0449164 -2.3442714 -0.34495574 176.8271
-2.0574808 -2.2637138 -0.34923422 172.46875
-2.038177 -2.1065912 -0.36559758 168.07317
-2.0342379 -2.0607736 -0.38045225 165.5
-2.0694826 -1.8541158 -0.37701416 163.87326
-2.0401306 -1.6524651 -0.36680067 171.9435
-2.0411503 -1.524845 -0.35522681 175.96803
-2.0508075 -1.4633498 -0.33605537 183.8119
-2.0137131 -1.2302521 -0.31066951 188.25
-2.0622444 -1.1216332 -0.38677612 178.2
-2.0066733 -0.95650423 -0.36439207 173.33333
-2.0657372 -0.83869594 -0.3860698 183.85715
-2.0725658 -0.70521998 -0.38539037 184
-2.0651734 -0.64111263 -0.37468728 177.50793
-2.0156639 -0.54333818 -0.36445865 184.05417
-2.0436141 -0.47463009 -0.32809803 175.5238
-2.0032043 -0.35286587 -0.31744692 188.89999
-2.0012844 -0.24551986 -0.32600152 185.14285
-2.0106845 -0.16757376 -0.32852277 183.93333
-2.0287695 -0.050665163 -0.33894697 169.28322
-2.0504208 0.035355225 -0.33738744 159.7
-2.0522785 0.12437165 -0.32715753 193.42857
-2.0487838 0.22701098 -0.32834843 192.94643
-2.0390754 0.33922708 -0.32659823 192.30556
-2.0879731 0.50660443 -0.33355796 184.66667
-2.0420699 0.64151901 -0.32704177 183.33333
-2.0310707 0.81320256 -0.32022479 169
-2.028832 1.6874297 -0.32015589 158
-2.0699902 1.7450048 -0.31503552 146.33333
-2.0024602 -2.8524988 -0.25780678 184
-2.0471017 -1.4023658 -0.29884556 171.25
-2.0175369 -1.0153133 -0.26780078 148
-2.0546403 0.80811912 -0.23818654 183
-2.0469434 0.95224267 -0.23541756 183
-2.0452342 -2.5402753 -0.15015021 162.85417
-2.0576339 1.5728209 -0.15149032 190
-2.0445592 1.6587024 -0.14340553 185.75757
-2.0204918 1.7570951 -0.14961162 176.17392
-2.0343826 2.2330143 -0.12238055 165.29465
-2.0626359 2.4140849 -0.10982652 170.07408
-2.075249 2.5634677 -0.091842823 181.05882
-2.0453129 2.6544909 -0.077183045 182.74405
-2.0326402 2.7426918 -0.064821087 185.39999
-2.062674 2.8394907 -0.065335006 175.5
-2.0913086 2.9370732 -0.058644053 166.33334
-2.0099764 3.1565928 -0.036680609 142.75
-2.0293336 3.2781861 -0.029423917 140.5
-1.9599824 -3.5057497 -0.40652493 195
-1.941463 -3.3486803 -0.40285271 188.33333
-1.9720461 -3.2687855 -0.40485585 187.8
-1.9216506 -2.758183 -0.40157306 188.5
-1.9294944 -2.532021 -0.40237054 178.52942
-1.9535164 -2.4284093 -0.41249663 175.625
-1.9385014 -1.62622 -0.40163574 188.16667
-1.961493 -1.5558188 -0.4224858 180.58333
-1.9105057 -1.4351559 -0.44909647 156
-1.9088124 -1.271221 -0.44830379 150
-1.9169892 0.42796743 -0.40474337 183
-1.9417572 -3.2757299 -0.30824685 167
-1.9758244 -3.1872995 -0.31513786 188.25
-1.920251 -3.0161629 -0.31523135 199.75
-1.9510638 -2.929626 -0.34777313 174.5
-1.9374694 -2.8504043 -0.35308644 182.5
-1.9386325 -2.7077107 -0.38330764 186.875
-1.9391816 -2.620429 -0.38253313 190.98215
-1.9071704 -2.5575795 -0.31873319 184.61111
-1.923599 -2.4522924 -0.31831169 181.47223
-1.907202 -2.3690047 -0.32135215 180.33333
-1.9107634 -1.7174181 -0.36073494 165.13821
-1.9400748 -1.6526804 -0.36732146 180.10378
-1.9209027 -1.5507026 -0.35507068 177.71167
-1.9349723 -1.4248406 -0.35349035 181.65953
-1.9525608 -1.3233849 -0.30727619 183.8869
-1.9140439 -1.2441224 -0.32858163 180.5873
-1.9990661 -1.1785471 -0.39058241 177.39999
-1.9604506 -1.0825886 -0.38566115 176.5
-1.9593655 -0.95777261 -0.34814781 176
-1.9506667 -0.8444823 -0.36764824 178.75
-1.959986 -0.74151641 -0.37037587 180.5
-1.9287353 -0.65125322 -0.3524541 186.85715
-1.9307611 -0.55279624 -0.32037207 193.2
-1.9280407 -0.4748174 -0.32165396 189.60001
-1.9122601 -0.37246484 -0.32457709 185.10001
-1.9350426 -0.27070165 -0.36703587 166
-1.9426491 -0.15949039 -0.34704867 165.5
-1.9187491 -0.07512363 -0.32903922 177.125
-1.9354172 0.022950713 -0.32717982 185.14287
-1.9343805 0.15933093 -0.330203 189.68988
-1.9724462 0.24040845 -0.31892529 185.71428
-1.9013357 0.30581009 -0.33245879 196
-1.965773 0.46326458 -0.34593737 188.66667
-1.9363217 0.57355696 -0.32631731 194.16666
-1.9530346 0.74604958 -0.32303846 182.75
-1.9066691 0.89929157 -0.32008907 173.60001
-1.9190316 1.5465592 -0.32550499 176.33333
-1.9939659 1.6397611 -0.32096776 171
-1.9528927 -2.7538433 -0.25177789 197
-1.9553009 -2.6287997 -0.24941407 185.63889
-1.9431479 -1.2629073 -0.2721476 168
-1.9518977 -1.0497676 -0.27538785 176
-1.949551 -0.89911121 -0.28343979 149
-1.936927 0.6586653 -0.2446077 193
-1.9320265 0.77794451 -0.23712891 196
-1.9142036 0.90090775 -0.23099311 192
-1.9387299 1.0518076 -0.22867545 189.5
-1.9295509 1.5390565 -0.15765192 189.5
-1.9385931 1.7110815 -0.1483293 177.03847
-1.9575443 1.8504717 -0.14469717 151.86487
-1.9808586 2.1655402 -0.13190447 154.95238
-1.9542763 2.2160723 -0.12536301 153.22974
-1.9580027 2.3401148 -0.10947914 158.26086
-1.9913956 2.4924083 -0.098962836 174.04167
-1.9206644 2.5488713 -0.093050681 175.75
-1.9365556 2.6871104 -0.070982054 183.85715
-1.9642057 2.861263 -0.060288955 180.14285
-1.9842213 2.9896355 -0.050634209 161.5
-1.882568 -3.6265941 -0.41398045 195
-1.8440319 -3.5788522 -0.40858725 193.8
-1.8680532 -3.4566617 -0.40443903 189.3125
-1.8431753 -3.2698281 -0.40853339 181
-1.8370767 -2.5561855 -0.40409335 179.4375
-1.8159308 -2.4693284 -0.41343027 175.46153
-1.8632783 -2.14836 -0.44330648 146
-1.8377844 -1.92702 -0.42146528 157
-1.8738304 -1.8332773 -0.44326225 172
-1.8468246 -1.7236322 -0.44154817 170
-1.8284868 -1.611648 -0.44380462 166
-1.8426572 -1.3210446 -0.44799492 156
-1.8284672 -1.1519393 -0.44756681 150
-1.8957312 0.567168 -0.40284693 186
-1.8082696 -3.2328281 -0.30968401 164.66667
-1.8561287 -3.1412334 -0.3147957 183.33333
-1.8484514 -3.0430455 -0.33947119 183
-1.835216 -2.9412794 -0.30400875 196.5
-1.8523214 -2.733876 -0.3979474 190.5
-1.8315459 -2.6391103 -0.39336717 185.57143
-1.8089072 -2.4866416 -0.30710781 187.18182
-1.8671821 -2.3858669 -0.3209857 182.28572
-1.8651981 -2.2384481 -0.31840751 193.8
-1.828156 -2.1212106 -0.32011709 196
-1.8414253 -1.8304491 -0.37987506 159.16667
-1.8531924 -1.7387125 -0.36471185 173.83867
-1.8234241 -1.6328758 -0.37411502 183.4557
-1.8220128 -1.5168362 -0.34927675 176.89999
-1.8049481 -1.4506814 -0.34750131 186.13158
-1.8430423 -1.3491669 -0.36384314 180.21442
-1.8058794 -1.2480252 -0.34474957 181.86365
-1.877583 -1.1545371 -0.37971681 170.5
-1.8669499 -0.86221373 -0.36210078 174.25
-1.854805 -0.7968877 -0.33620229 176.75
-1.8454193 -0.68748617 -0.33875111 163.91666
-1.8364706 -0.56548285 -0.34077922 179.7
-1.843056 -0.4684386 -0.34273282 178.97223
-1.8372 -0.35277328 -0.35429326 176.14287
-1.8407874 -0.25509503 -0.3466492 172.48642
-1.864387 -0.049353931 -0.36085221 143.5
-1.8170367 0.012840478 -0.3157762 193.33333
-1.8561113 0.14912613 -0.36070791 185.22223
-1.8346378 0.2800003 -0.39902377 190.5
-1.8263068 0.38544169 -0.37800092 190.75
-1.8415141 0.43222159 -0.33450145 192.76666
-1.8576921 0.53937674 -0.33486766 190.55556
-1.8489754 0.65714514 -0.32464671 196.58334
-1.813632 0.79468638 -0.32454252 194.25
-1.816765 1.0226506 -0.32039273 158
-1.8503677 1.1215779 -0.32423466 156.5
-1.8292031 1.2601813 -0.32688928 164
-1.8631908 1.3940681 -0.32529569 158.66667
-1.8498967 1.4445639 -0.31863496 191.5
-1.8497608 1.5260758 -0.31516284 157
-1.8375491 1.6657389 -0.30874249 121.33334
-1.8077568 1.7728144 -0.31369939 140
-1.8470001 1.8665292 -0.31934878 140.5
-1.8746539 1.9344549 -0.31788245 125.5
-1.8709016 -2.907315 -0.20827922 167
-1.8221033 -2.8921094 -0.28807193 183.5
-1.8543636 -2.6665361 -0.28181607 192.33333
-1.85405 -2.5677238 -0.29679674 187.76923
-1.8037862 -1.8026323 -0.26041561 132.16667
-1.809684 -1.7629873 -0.23429209 151.42941
-1.8655179 -0.9536882 -0.22708732 144
-1.862529 -0.81052566 -0.27527809 169
-1.8774688 -0.72666651 -0.20987226 164
-1.8162116 0.54404485 -0.24443538 198
-1.8181564 0.64549392 -0.24369463 198
-1.8142382 0.74878824 -0.2367415 197
-1.8255087 0.98872405 -0.2289447 199
-1.8489448 2.3203835 -0.24629532 146
-1.8722532 2.4232645 -0.24334046 138.33333
-1.847158 2.5230563 -0.23765467 137.60001
-1.8400096 2.6307127 -0.23550564 128.66667
-1.8429894 2.7544467 -0.23150115 124.125
-1.8322352 2.8917637 -0.23036247 122
-1.8069972 -2.9194875 -0.18773024 138.66667
-1.8156736 -2.8765502 -0.17706409 129
-1.8391874 -0.97262388 -0.17940684 134.91666
-1.8149155 -0.80950928 -0.17209405 153
-1.8787133 1.4391515 -0.18073325 191
-1.8513427 1.525583 -0.15142916 190.5
-1.8639882 1.6640375 -0.14140189 181.46666
-1.8153429 1.7250419 -0.14682956 173.64999
-1.8531992 1.8365941 -0.1451437 154.04437
-1.8651371 1.9717004 -0.14519276 153.9053
-1.8582015 2.3342245 -0.11121738 156.82858
-1.8938931 2.4118376 -0.10862322 162.92
-1.8483152 2.5327446 -0.098333187 174
-1.8511977 2.6509459 -0.086463101 180.75
-1.8664927 2.7710531 -0.066240571 186.5
-1.8051813 2.8728602 -0.072378814 184
-1.8727664 2.9144719 -0.064522475 177.8
-1.8770763 3.0443695 -0.055500124 159.33334
-1.8804706 3.1555955 -0.046135798 137.25
-1.884069 3.2728446 -0.036341634 118.5
-1.7814771 -3.621094 -0.40702266 194
-1.7543694 -3.5147021 -0.40409628 188.30769
-1.7243316 -3.3868284 -0.40923178 180.8
-1.7573502 -2.740689 -0.40061659 191.39999
-1.7264421 -2.5767159 -0.40381056 179.82353
-1.7117273 -2.4815016 -0.41337103 175.66667
-1.7847103 -2.2250774 -0.44234306 159
-1.7281021 -2.0397398 -0.4344871 189
-1.7260699 -1.7161801 -0.42135775 180.5
-1.7250458 -1.6494161 -0.42271957 184
-1.7522756 -1.5374407 -0.42563862 176.35715
-1.7248875 -1.4346875 -0.4292179 178.75
-1.7164571 -1.3401643 -0.43463361 181.5
-1.7427527 -1.2234477 -0.43434227 169.75
-1.7166849 -1.1214106 -0.42991477 162
-1.7283423 -1.0518174 -0.44542205 146
-1.7865546 -0.97887433 -0.44404995 138
-1.7653025 -0.5595333 -0.42259815 190
-1.7372464 -0.48619536 -0.42005083 190.33333
-1.7158984 -0.22782525 -0.42154273 194
-1.7369903 0.05246326 -0.4082306 136.5
-1.7739116 -3.297966 -0.30434096 150
-1.7422752 -3.1391454 -0.31124562 192.5
-1.732574 -3.0580783 -0.32291329 154.45192
-1.7785927 -2.9765508 -0.32729244 152.83333
-1.745425 -2.6562848 -0.3983843 185.46666
-1.7127606 -2.5407596 -0.30008975 192.83333
-1.7843961 -2.4212112 -0.31077299 186.81818
-1.7513272 -2.3239346 -0.31393096 186.95834
-1.7898644 -2.2358644 -0.31277704 190.71428
-1.7508485 -2.1564336 -0.31131309 191.3
-1.7466229 -2.0598035 -0.31285995 193.60001
-1.754474 -1.9360518 -0.35820377 164
-1.7084945 -1.7243249 -0.34769881 171.36111
-1.7342787 -1.6479802 -0.36479262 185.69698
-1.7427964 -1.5342098 -0.36156598 184.95392
-1.7248076 -1.4473834 -0.35982895 180.34892
-1.710598 -1.3472294 -0.34173003 183.42857
-1.7411721 -1.2489237 -0.36871892 173.38333
-1.7801607 -1.1998481 -0.38325602 176
-1.7993176 -1.0341766 -0.35905966 130
-1.7398551 -0.9658578 -0.32591087 143.5
-1.7497796 -0.84577101 -0.35197976 143.55556
-1.7657666 -0.73519742 -0.37468123 134
-1.764328 -0.6661647 -0.33798268 142.33333
-1.7551556 -0.54192567 -0.36557534 172.63635
-1.7444797 -0.35441768 -0.35325149 174.02992
-1.7124648 -0.22656 -0.36437833 168.66667
-1.7410012 -0.15191506 -0.34451103 167.5
-1.7356572 -0.057605047 -0.3555564 165.29236
-1.7509032 0.04175365 -0.33624721 181.0014
-1.7933092 0.14221346 -0.31742159 192.35001
-1.7820048 0.27191493 -0.32086441 192
-1.7359213 0.36189279 -0.35358107 193.07776
-1.746978 0.46457228 -0.3282755 190.47223
-1.7485499 0.55334276 -0.35072488 190.06274
-1.7426219 0.631661 -0.35844365 183.52666
-1.731297 0.70388454 -0.3227098 197.60001
-1.7032692 0.85703051 -0.32217202 194
-1.7514458 1.0350212 -0.32055628 173.66667
-1.7391498 1.1644225 -0.31355995 156.91667
-1.7585328 1.2509432 -0.32333311 170
-1.7618911 1.3679429 -0.31628451 166
-1.7479099 1.4841173 -0.3111636 166
-1.7494475 1.6144124 -0.31155521 129
-1.7109842 1.8479795 -0.31649661 152
-1.7399532 1.9555482 -0.31118879 131
-1.767275 2.0557377 -0.30938873 112
-1.7798874 2.1019874 -0.30853966 111
-1.7167537 -3.4306245 -0.27557018 193
-1.7045244 -3.3404801 -0.27000293 191
-1.7554424 -2.9657187 -0.27699351 132.01666
-1.712088 -2.7646847 -0.29881263 193.60001
-1.7792284 -2.6626964 -0.26338804 181
-1.7849967 -1.6002475 -0.29288298 158
-1.7864817 -1.581609 -0.2873688 161
-1.7582142 -0.94412738 -0.27295387 133.38246
-1.7724317 -0.8307969 -0.24057445 136.19167
-1.7702646 -0.74447423 -0.25569245 137.33334
-1.7161372 0.26478574 -0.25146267 198
-1.7643042 0.34961662 -0.25274608 197
-1.7935799 0.85252666 -0.23316762 197
-1.7602352 0.95252055 -0.22851285 197
-1.7793635 1.3554758 -0.29690921 188.25
-1.7492058 1.446744 -0.27949971 193
-1.7288408 2.098882 -0.25461546 159.83333
-1.7735133 2.1460652 -0.24949007 154.33333
-1.7714099 2.2336817 -0.25118899 156.2
-1.7433947 2.3417537 -0.24230075 156.18056
-1.7401338 2.4890139 -0.2417842 156.66667
-1.7608386 2.5936677 -0.23919882 144
-1.7141526 2.6741202 -0.23337434 138.60001
-1.7481649 2.8231351 -0.23065601 127.25
-1.7398282 2.9711452 -0.23263882 123
-1.7707049 3.0059068 -0.22529846 121.66666
-1.7141405 3.141289 -0.21630472 119
-1.7781109 -0.85328817 -0.1329523 143
-1.7379546 1.4346251 -0.17626177 192.5
-1.7830536 1.5862713 -0.14762592 186.60001
-1.7259595 1.6775913 -0.14569636 181.40909
-1.7421536 1.8145335 -0.13542993 146
-1.7702146 1.9611005 -0.14079854 147.10667
-1.714636 2.0097115 -0.12909675 143.18518
-1.7226079 2.3449094 -0.11350929 155.34628
-1.7755328 2.420799 -0.11077429 165.42857
-1.7628031 2.5640087 -0.080208503 174.48334
-1.7939595 2.7101901 -0.069937162 184.8
-1.7774792 2.8008111 -0.064242139 187.66667
-1.7643387 2.9478827 -0.058968365 169.5
-1.7561977 3.0252256 -0.048652355 154
-1.7466851 3.1369996 -0.047482442 136.5
-1.7326984 3.2813811 -0.035526723 115
-1.724988 3.3683114 -0.032659218 109
-1.7317545 2.5166423 0.04815603 167.95
-1.7244452 2.5130594 0.1044941 167.5
-1.6599096 -3.4238191 -0.40869954 180.3
-1.66058 -3.3707409 -0.45590752 135
-1.6463718 -2.7474885 -0.40012178 191.33333
-1.6465603 -2.4918475 -0.41227114 175.5
-1.681496 -2.3249767 -0.437352 169
-1.618965 -1.9441681 -0.42893863 191
-1.6194123 -1.8636857 -0.43044576 189.5
-1.6333727 -1.7515675 -0.42714095 185.5
-1.6054243 -1.6512259 -0.426081 183.75
-1.6574188 -1.5680622 -0.42662591 177.25
-1.6268865 -1.4797934 -0.42603847 180.53333
-1.6165676 -1.3508629 -0.4230932 197.5
-1.6438799 -1.2677182 -0.43142876 172
-1.6411384 -1.1595557 -0.44105491 160
-1.6102809 -0.97186434 -0.43639028 144
-1.6599604 -0.89239681 -0.44131985 135
-1.6294962 -0.56369644 -0.41965115 168.51135
-1.6702665 -0.42707542 -0.41974866 164
-1.65618 -0.36206275 -0.41458386 189.75
-1.6439996 -0.17670259 -0.4228051 191
-1.6447339 -0.056357041 -0.40546426 151.25
-1.6959612 -3.2864189 -0.30814895 180
-1.6728127 -3.1748893 -0.30719298 168.83333
-1.684551 -3.0615292 -0.3684164 129.14285
-1.6298289 -2.9550815 -0.30589536 187.14285
-1.6325183 -2.6489952 -0.33442694 191.73334
-1.6170775 -2.5807967 -0.39926717 180.66667
-1.6803832 -2.4654152 -0.30231082 191.71428
-1.6133374 -2.366724 -0.31916073 177.69231
-1.6903681 -2.2683532 -0.31428021 185.21053
-1.6368824 -2.176151 -0.31096455 186.64999
-1.6334536 -2.0786219 -0.30784592 189.875
-1.6843601 -1.8982301 -0.31868216 197.33333
-1.6307282 -1.6416483 -0.36047995 187.54883
-1.6283357 -1.536338 -0.34834716 183.0957
-1.6101327 -1.4330484 -0.34510189 182.36304
-1.6684295 -1.2658447 -0.36757228 160
-1.646794 -0.960693 -0.34984565 150.33333
-1.6663229 -0.83401924 -0.3526037 150
-1.670337 -0.69448471 -0.38067755 177
-1.6358672 -0.53148538 -0.36439502 172.23334
-1.6513622 -0.41725618 -0.3627826 175.5
-1.6038796 -0.32584149 -0.36941519 177.8
-1.6007795 -0.22286917 -0.36575252 168.25
-1.6180166 -0.11965267 -0.38620147 196.39999
-1.6494873 -0.012482672 -0.38109526 195.875
-1.6190126 0.065867521 -0.3510817 188.45651
-1.6658268 0.15307865 -0.34640896 188.60478
-1.6809878 0.24919541 -0.35272899 191.90625
-1.6420693 0.34198287 -0.35139775 190.55186
-1.6573606 0.43606272 -0.34743062 191.01923
-1.6402482 0.55181652 -0.33991456 189.80667
-1.6496434 0.66557699 -0.34228453 180.43678
-1.6652989 0.73803991 -0.33554697 184.92857
-1.6728328 0.89191067 -0.32179266 181.5
-1.6338943 0.9541741 -0.31431285 188
-1.6634918 1.0514158 -0.31563044 176.8889
-1.6688697 1.1414868 -0.32156327 184.5
-1.6764646 1.2651277 -0.3226434 178.75
-1.6607701 1.3453258 -0.31306952 178.125
-1.6635848 1.4484434 -0.31213287 168.66667
-1.6455878 1.5568826 -0.31477618 172.40475
-1.6675212 1.6896851 -0.31634396 176
-1.6837095 1.7497779 -0.3134931 166.5
-1.6063336 1.9521338 -0.31043321 134
-1.6197764 2.0447741 -0.3069382 119
-1.6469144 -3.5919261 -0.27271101 193.33333
-1.6489314 -3.4521713 -0.26624137 191
-1.6325041 -3.3180394 -0.26131973 188.66667
-1.6283565 -2.8407261 -0.29059911 173.66666
-1.6653339 0.1834767 -0.25567919 197
-1.6328303 0.391265 -0.24329579 192.91666
-1.6360787 0.47235873 -0.2377421 192.3
-1.6803855 0.59135145 -0.23388527 192.75
-1.6070291 0.6998353 -0.22791733 189.14285
-1.6552252 0.74346715 -0.22759017 191.98572
-1.6380935 0.85343933 -0.23854801 194.06667
-1.668409 0.90236485 -0.22515729 194
-1.6374298 1.0946959 -0.25436851 198
-1.6189808 1.187683 -0.24585858 199
-1.6599654 1.3337355 -0.23237929 187
-1.6644315 1.4606544 -0.20650682 138
-1.6522758 1.9720024 -0.26508132 158.5
-1.6109816 2.0625129 -0.23535271 139
-1.6583047 2.1844504 -0.24347064 165
-1.6350871 2.2705526 -0.24204347 163.81818
-1.666952 2.3984847 -0.23973204 162.25
-1.6120018 2.4949327 -0.24116574 168.07692
-1.6796035 2.556556 -0.23910636 158.25
-1.6357108 2.625921 -0.23163128 152.5
-1.637715 2.7328212 -0.23156264 140.55
-1.6354107 2.8616226 -0.2295931 131
-1.6847308 2.9144669 -0.22717513 127
-1.6678853 3.0747032 -0.22666207 124.66666
-1.6187971 3.2459247 -0.21337663 118.5
-1.62203 1.2412568 -0.17841472 154.19048
-1.6235294 1.4534183 -0.16987985 192.60001
-1.6719143 1.5684799 -0.15221818 188.86667
-1.6033201 1.6957883 -0.1404945 182.4375
-1.6561501 1.7472978 -0.14288665 165.71428
-1.6341332 1.8578244 -0.13473211 144.03387
-1.6160316 1.9520266 -0.12919337 135.72728
-1.6131952 2.5031629 -0.096121773 176.54546
-1.6341052 2.6307125 -0.084058911 182.28572
-1.6169657 2.7375507 -0.071657822 186.2
-1.6241262 2.6773448 0.040045358 173.2
-1.5707215 -3.3749585 -0.40655655 195.83334
-1.5546191 -3.0750296 -0.45565367 146
-1.5917823 -2.4118469 -0.4331882 166.75
-1.5050753 -2.2235301 -0.41635227 191.33333
-1.5407016 -2.1614089 -0.42193377 191.33333
-1.577606 -2.0504975 -0.42566839 189.42857
-1.5661137 -1.9441199 -0.42858818 187.5
-1.5240879 -1.862998 -0.43067378 150.66667
-1.5179865 -1.7590958 -0.42302492 183.25
-1.5414792 -1.6317142 -0.42253512 185.5
-1.5406672 -1.5439965 -0.4289462 180
-1.5168955 -1.4915447 -0.41721299 193.66667
-1.5424958 -1.3581077 -0.43179849 173.5
-1.5529306 -1.2494514 -0.43723512 182.25
-1.5015882 -1.1472803 -0.43270385 167.5
-1.5210701 -0.85466719 -0.43247843 153.25
-1.5537739 -0.73839825 -0.43438926 154
-1.5178884 -0.57062829 -0.41783446 170.58333
-1.5673612 -0.43966585 -0.41240203 167.16666
-1.5904529 -0.34717637 -0.40807223 186.72728
-1.552429 -0.2448149 -0.40344727 188.875
-1.5462863 -0.14722475 -0.40846503 165.95833
-1.5890281 -3.328815 -0.30397242 175
-1.5600146 -3.2202425 -0.30807641 192
-1.5616721 -3.1031148 -0.30525282 191.60001
-1.5703892 -3.0392017 -0.30798775 188.77777
-1.5395199 -2.9518237 -0.30521128 185.16667
-1.5424609 -2.8291068 -0.3115319 176.39474
-1.5405989 -2.7609417 -0.34800696 177
-1.5280699 -2.6630626 -0.35172531 183.7381
-1.5643977 -2.5530725 -0.35257778 188.14999
-1.5626228 -2.2510514 -0.31724161 179.47
-1.5363472 -2.1059797 -0.31236184 185.39999
-1.5332203 -2.0775287 -0.35527909 168
-1.5490183 -1.9877143 -0.31577489 179.41667
-1.5505004 -1.8245707 -0.33642352 196.3
-1.5623742 -1.7219335 -0.34532303 185.80302
-1.5388386 -1.6348374 -0.37815413 189.42857
-1.5295682 -1.5280993 -0.34413838 185.05882
-1.5096781 -1.429671 -0.3831338 178.32001
-1.5560551 -1.3339881 -0.3202146 169.16667
-1.5658851 -1.2236198 -0.34419486 142
-1.5119258 -1.1791122 -0.3435075 147
-1.533909 -0.90585697 -0.33898419 158
-1.5970078 -0.80963606 -0.3350139 154
-1.5472252 -0.79314721 -0.33832803 159
-1.5140535 -0.65254235 -0.37554401 175.27499
-1.5039505 -0.53776813 -0.35810268 172.46666
-1.518887 -0.4326871 -0.35934421 176.75
-1.5026817 -0.32776573 -0.36569589 175.8
-1.5515916 -0.23831461 -0.37613577 196.83334
-1.5595129 -0.16530545 -0.37187007 175.625
-1.5643497 -0.074101396 -0.36480489 161.2381
-1.5196437 0.047869708 -0.35448381 186.33136
-1.5566258 0.17794022 -0.35067472 184.94318
-1.556626 0.27552861 -0.32651579 179.57143
-1.5527658 0.33214507 -0.36048311 195.8125
-1.5462675 0.45224565 -0.35160449 189.24762
-1.5494909 0.54727244 -0.33002132 183.68571
-1.5383186 0.63126129 -0.33431113 182.94583
-1.5313492 0.78606313 -0.31540561 194.75
-1.5612561 0.85796732 -0.32299602 188.54166
-1.5906398 0.96478111 -0.32019743 191
-1.5793276 1.0787005 -0.32633963 179.33334
-1.5389243 1.167177 -0.31686714 171.73334
-1.5449126 1.335887 -0.31813714 184.70834
-1.5703129 1.4389856 -0.3140195 182.78751
-1.5649189 1.5303909 -0.31182879 178.90475
-1.5494256 1.6117319 -0.30967382 164
-1.5719856 1.7188264 -0.31213972 175
-1.5867227 1.8192643 -0.31078672 161
-1.554618 -3.7312653 -0.26500925 193.91667
-1.5669311 -3.6395717 -0.26517248 192.75
-1.5571035 -3.5191541 -0.26068783 190.42857
-1.5416695 -3.4284894 -0.2584295 186.41667
-1.5201601 -3.3309522 -0.26328576 181.86957
-1.5075308 -3.2742467 -0.27621195 177.85715
-1.5758899 -2.7420096 -0.29672581 178
-1.5322307 -2.0688634 -0.29480666 134.34375
-1.5218656 -1.9536917 -0.2393298 130.36667
-1.5107609 0.28304777 -0.24212705 191.25
-1.5412478 0.35637638 -0.2409004 189.89999
-1.5355316 0.48876774 -0.23537159 187.5
-1.5756439 0.58647066 -0.23419081 188.125
-1.5573288 0.68602747 -0.23325793 186.33333
-1.5318916 0.76629192 -0.25422347 193.30952
-1.5631353 0.8441875 -0.22380373 189
-1.5633172 0.95550555 -0.25665903 194.71429
-1.5120901 1.0563847 -0.24740501 193
-1.5859679 1.1703988 -0.25313911 196.66667
-1.5787412 1.2641584 -0.27341399 170.60001
-1.54119 1.363587 -0.24167974 197.83334
-1.5238731 1.4531928 -0.23802871 199.25
-1.5875651 1.6524293 -0.29845402 113
-1.5110607 1.7493924 -0.2066593 188.5
-1.527805 1.9638425 -0.22477026 121.83333
-1.5368285 2.014828 -0.24318053 159.33333
-1.5851454 2.1358755 -0.23951967 165.39999
-1.5335073 2.2263274 -0.24436916 161.55556
-1.5632218 2.3465679 -0.24694896 169.42105
-1.5370353 2.4514878 -0.25659519 173
-1.5558041 2.5751154 -0.23656778 169.8
-1.5045511 2.6529047 -0.23793174 166.11111
-1.5689386 2.7913566 -0.22951685 139.83333
-1.5075859 2.87641 -0.22833313 139.42857
-1.5916659 2.9707279 -0.22550274 133.8
-1.5125043 3.0495417 -0.22260103 134.25
-1.5736468 3.1612542 -0.2208361 126.25
-1.5984135 1.1503129 -0.1877086 132.11111
-1.5905583 1.2196263 -0.10837952 121.4
-1.5913852 1.3018819 -0.15095323 123
-1.5406218 1.4203238 -0.16232032 187
-1.5757663 1.5648701 -0.14689788 189.83333
-1.5188842 1.6176149 -0.14936124 189.14285
-1.5134784 1.7606519 -0.14260742 177.38461
-1.5356957 1.9188081 -0.13433146 156.12
-1.5816165 2.5382466 -0.092282407 179.2
-1.5353278 2.6412468 -0.076170288 184.8125
-1.5227014 2.7408681 -0.07058005 186.66667
-1.5821534 2.8360763 -0.066787243 181.66667
-1.5941552 2.7576337 0.057221301 133
-1.4344521 -3.432483 -0.44136214 152
-1.4835206 -2.950237 -0.44140735 145
-1.4132074 -2.838109 -0.44924435 151
-1.4592625 -2.5402789 -0.42743695 178.2
-1.4022726 -2.4941533 -0.40111205 172.1875
-1.4587615 -2.1663294 -0.41445622 186.71428
-1.4525955 -2.0795324 -0.41522923 172.1389
-1.478788 -1.9804596 -0.42413822 166.83334
-1.4578686 -1.8089098 -0.41784722 181
-1.438723 -1.6681633 -0.41775104 185.86365
-1.4383435 -1.5757713 -0.41836897 188.87776
-1.451196 -1.4591726 -0.42585617 176.14999
-1.419435 -1.3409266 -0.42536566 184
-1.4292355 -1.2374083 -0.42367342 180.25
-1.4404757 -0.95953888 -0.42595404 157.5
-1.4587615 -0.85797334 -0.42949381 183.5
-1.4704429 -0.7160638 -0.42211789 177
-1.4725415 -0.53531349 -0.41333055 165
-1.4583824 -0.43751213 -0.41548768 176
-1.4769292 -0.25426468 -0.40042356 168.75
-1.4362042 -0.17979178 -0.40406778 156
-1.4390389 -0.028122338 -0.40593594 148
-1.4879568 -3.4135916 -0.39978784 196.66667
-1.4814721 -3.3313985 -0.34916514 182.25
-1.4638377 -3.2655764 -0.30873415 185
-1.4435822 -3.1256282 -0.30486208 190.25
-1.4593635 -3.0188947 -0.30285889 186.71428
-1.4670781 -2.9724858 -0.30826601 183.83333
-1.4398609 -2.8692033 -0.31092724 176.58333
-1.4550253 -2.6855826 -0.30426249 162
-1.4878037 -2.5463867 -0.30446655 177.5
-1.4399238 -2.388464 -0.39451629 191
-1.471247 -2.2071977 -0.31620583 177.89473
-1.4375006 -2.1279049 -0.31660488 180.94118
-1.4341052 -2.0289838 -0.34776545 178.58333
-1.451654 -1.9180924 -0.30837169 192.58334
-1.4107027 -1.8403937 -0.35608476 190.83333
-1.4326816 -1.7424474 -0.35957566 189.11903
-1.4528142 -1.6367704 -0.33353791 185.02875
-1.4169753 -1.5383332 -0.34365556 182.49445
-1.4159827 -1.4490832 -0.34204504 165.48485
-1.4706899 -1.3660688 -0.34301797 166.61667
-1.4146327 -1.2634099 -0.34008715 152.5
-1.4623984 -1.1381539 -0.34239995 157
-1.4051261 -1.0892217 -0.33391815 164
-1.4585778 -0.8330521 -0.34611782 157.97144
-1.4483637 -0.76372617 -0.35332447 159.53334
-1.4048972 -0.61916047 -0.36420533 172.28572
-1.4283414 -0.43686599 -0.35119748 178.91112
-1.4291888 -0.32351297 -0.37480563 183.16795
-1.4325973 -0.22203977 -0.36155513 179.69414
-1.4357461 -0.13167746 -0.37331522 177.01968
-1.4042299 -0.0071168649 -0.36730579 186.3158
-1.4275944 0.08363612 -0.3716611 185.5
-1.4497275 0.17864452 -0.37202907 185.95636
-1.4747672 0.2888127 -0.36624676 192.23611
-1.4567215 0.37061048 -0.35245952 186.44643
-1.4637116 0.44563892 -0.3453874 185.62251
-1.4415778 0.53179091 -0.33773938 188.02422
-1.4427834 0.63367403 -0.3264935 183.28473
-1.4786094 0.75069529 -0.31294516 193.58334
-1.46199 0.95133328 -0.30588004 189.4375
-1.4784681 1.0694897 -0.30778673 188
-1.4503506 1.1699315 -0.30805811 186.25
-1.4197048 1.2755698 -0.3038258 184.75
-1.449478 1.3733569 -0.3030352 185.66667
-1.480498 1.4616553 -0.3014175 182.5
-1.471391 1.5317783 -0.30955321 170.79167
-1.470499 1.6111186 -0.31285051 189.33333
-1.4742134 1.7499011 -0.31445676 174
-1.4765663 1.8465246 -0.30984393 156
-1.47937 1.9571875 -0.30696538 130
-1.4809879 2.0247726 -0.30283183 118
-1.4063522 -3.9426515 -0.26110262 182.5
-1.4669446 -3.8219402 -0.25841621 193
-1.4137379 -3.766535 -0.26207718 192.25
-1.4690647 -3.6323695 -0.25842214 190.57143
-1.470729 -3.5560551 -0.25977564 187.89999
-1.448251 -3.4575565 -0.26767665 182.1579
-1.4154518 -3.3504097 -0.26970255 174.90909
-1.4048256 -3.2671874 -0.27718487 172.57576
-1.4546195 -1.856536 -0.27324191 175
-1.4480567 -0.80023533 -0.2228772 129.28572
-1.410241 -0.20047706 -0.24538295 134.5
-1.4115719 -0.17459539 -0.20273629 126.14286
-1.4662768 0.12655075 -0.25409216 195
-1.4507074 0.25422478 -0.24585524 189.84167
-1.4121979 0.47418061 -0.24239853 180.33333
-1.436509 0.59242541 -0.23776166 179
-1.4478093 0.65262973 -0.24894415 186.8
-1.4401406 0.75199258 -0.2544964 189.95961
-1.4969968 0.83084249 -0.25488782 192.55556
-1.4758645 0.97624534 -0.24995884 190.63637
-1.4990984 1.0172671 -0.27532101 154
-1.4578136 1.1491705 -0.24073729 192.61806
-1.4160825 1.259328 -0.24028414 192
-1.4178346 1.3731543 -0.23860224 194.5
-1.4681479 1.4277488 -0.23880306 197.33333
-1.4680954 1.7358668 -0.26579818 136.83333
-1.4535526 1.840149 -0.22375681 153.47223
-1.4313471 1.9475867 -0.20696388 182.89285
-1.4424834 2.0556359 -0.22436349 151.31964
-1.4405786 2.1572218 -0.21957284 141.51332
-1.4525809 2.3519299 -0.25011101 153.85519
-1.4714316 2.5426483 -0.26122737 174.27777
-1.4436793 2.632457 -0.26013544 174.1875
-1.4684025 2.7623284 -0.22678751 150.60001
-1.4600301 2.9535868 -0.22434711 139
-1.4836354 -1.9652807 -0.16266418 146.875
-1.4425445 -0.78134775 -0.18499191 129.35001
-1.4542282 1.4721678 -0.16208081 185.10001
-1.4490131 1.5850956 -0.15770197 190.5
-1.4468863 1.7044469 -0.14519452 184.89999
-1.433707 1.8587987 -0.14825974 183.45834
-1.426527 1.9444532 -0.15265915 187.25
-1.4151475 2.0267439 -0.13785031 185.8
-1.4524387 2.1120198 -0.11948489 176.25
-1.4090691 2.8727853 -0.10302135 123.66666
-1.4473864 2.6941419 -0.073415183 188.39999
-1.4258572 2.7759395 -0.097772479 169
-1.4565474 2.8466873 -0.082791433 171.5
-1.4394176 2.9172001 -0.073209524 160.5
-1.307943 -3.8617709 -0.42942578 158.5
-1.3712634 -3.5605512 -0.4382318 160.33333
-1.3225225 -3.4533155 -0.4396787 170
-1.3903978 -3.2273786 -0.40417516 185
-1.3532213 -3.106504 -0.4451544 167
-1.35299 -2.9860566 -0.40435809 146
-1.3490238 -2.7215896 -0.44846511 152
-1.3219351 -2.5851178 -0.44169468 163
-1.3663276 -2.2222686 -0.42795444 174.39999
-1.3897828 -2.1552205 -0.40777746 182.25
-1.3556643 -2.0690506 -0.41754094 174.3
-1.3595101 -1.9593425 -0.42027631 163.92857
-1.3788795 -1.8415154 -0.43208355 137
-1.3230673 -1.6221585 -0.41249877 192.8
-1.3708891 -1.5313755 -0.41716376 194
-1.3352255 -1.4760163 -0.40057522 179
-1.3285571 -1.3473238 -0.42370933 194.41666
-1.3472985 -1.2551671 -0.41648045 187.10001
-1.3071084 -1.1325345 -0.41625065 185.17647
-1.3288075 -0.82082653 -0.42210242 197
-1.3313622 -0.69671959 -0.42004451 193.33333
-1.3767415 -0.57894009 -0.41526666 192
-1.3618188 -0.45790085 -0.41284585 190
-1.3711399 -0.39924085 -0.40976772 174.5
-1.3757906 -0.061650515 -0.40564147 161
-1.3770373 -3.4014282 -0.38665754 192.33333
-1.3756546 -3.3479261 -0.34826353 178
-1.3335932 -3.2616358 -0.30393863 177.5
-1.3593609 -3.1527591 -0.30518797 189.5
-1.359524 -3.0584261 -0.30589283 186.66667
-1.3339735 -2.9005105 -0.31244057 178.5
-1.3552935 -2.5517869 -0.34670594 174.55
-1.3295498 -2.4586656 -0.38345689 189.75
-1.3112925 -2.2675638 -0.38973409 190
-1.3354783 -2.1479304 -0.31343967 177.77777
-1.3096823 -2.0389364 -0.3127574 183.95454
-1.3630698 -1.9772069 -0.37245667 188
-1.3267366 -1.8403329 -0.30557248 193.33333
-1.3425593 -1.7308217 -0.3365494 186.26666
-1.3347968 -1.6470271 -0.36080518 184.33333
-1.3304133 -1.5421326 -0.34185031 180.5
-1.3484151 -1.4474506 -0.38382649 179.7
-1.3386708 -1.3731396 -0.33315778 149.75
-1.3327777 -1.13799 -0.33326373 155.875
-1.336563 -1.0308614 -0.32478088 168
-1.3642228 -0.902933 -0.34124959 166.5
-1.3089375 -0.82179254 -0.36097097 174.75
-1.3294598 -0.75728625 -0.33691519 168.74074
-1.3890302 -0.53229487 -0.35692728 174.55556
-1.3371273 -0.44224498 -0.35340285 179.79071
-1.3390317 -0.35148567 -0.3685216 180.34399
-1.3432975 -0.2525405 -0.35563019 176.61101
-1.3374319 -0.14798741 -0.35845485 182.44643
-1.3427525 0.068194203 -0.34475452 172.65926
-1.347088 0.14582638 -0.35377765 170.71066
-1.3541033 0.23580298 -0.35065719 178.03999
-1.3280534 0.3506332 -0.35874695 185.5
-1.3307649 0.42490447 -0.36056671 179.10555
-1.3295195 0.54889798 -0.34735978 175.97116
-1.3533978 0.63987482 -0.32389978 187.86665
-1.314908 0.7500701 -0.3052209 191
-1.3390362 0.8586784 -0.30868173 196.5
-1.3631973 0.99007571 -0.30241904 184.44444
-1.3945754 1.0801271 -0.30346799 184.66667
-1.3883338 1.1616743 -0.30901992 183.16667
-1.3877276 1.3683599 -0.31455508 181.96429
-1.367582 1.4298395 -0.32452962 184.5
-1.3612548 1.5506848 -0.31434485 188.35455
-1.3740879 1.7308899 -0.31302309 176
-1.3637015 1.8405305 -0.30893132 155
-1.3529003 1.9549518 -0.30735406 132
-1.3464289 2.0232129 -0.3034175 123
-1.3040853 -3.9918168 -0.25182429 177
-1.374781 -3.8564661 -0.25902483 192.2
-1.3896241 -3.6717553 -0.25885347 189.71428
-1.3623031 -3.555691 -0.26730156 183.34782
-1.3467096 -3.4518516 -0.26747197 176.58824
-1.3377228 -3.3774924 -0.27793258 171.03125
-1.3155718 -2.6465452 -0.26462942 190.55556
-1.3471268 -2.5477853 -0.28582558 178
-1.3937458 -2.4779954 -0.27434906 198
-1.3596042 -2.3426833 -0.29323867 147.57143
-1.3412921 -2.2714624 -0.29453164 163.66667
-1.3869848 -0.54734904 -0.23705059 135.66667
-1.3381063 -0.24627112 -0.28545859 156.39999
-1.3914183 -0.14240554 -0.22871552 133
-1.3390741 0.0019323176 -0.22868778 149
-1.3875097 0.15401238 -0.24611357 191.30302
-1.3147618 0.29121956 -0.24326116 183.42857
-1.3412882 0.39781412 -0.24316743 179.2
-1.3647472 0.44291136 -0.25522903 183.5
-1.3369544 0.55050725 -0.26441464 190.62859
-1.3456237 0.67748117 -0.24947837 179.93201
-1.3586031 0.77281368 -0.27192423 189.37909
-1.3645352 0.86597729 -0.267656 187.58713
-1.3333539 0.93297666 -0.27815673 189.02563
-1.3889779 1.0299525 -0.2464955 186.8
-1.3534497 1.1668333 -0.24072218 187.875
-1.3087089 1.2065896 -0.27271125 144.52174
-1.329859 1.3379292 -0.26614037 182.95238
-1.3962348 1.4619628 -0.29555598 168.5
-1.330465 1.5669568 -0.29620793 162.75
-1.3581517 1.6741767 -0.24458554 151.77777
-1.358466 1.7587799 -0.21079756 170.5
-1.3410265 1.8561212 -0.21504766 165.375
-1.3552785 1.9006996 -0.21942852 139.60001
-1.308556 2.0228474 -0.20624316 183.75
-1.3503914 2.1193044 -0.22700469 160.88571
-1.3419724 2.239454 -0.24360457 149.92757
-1.3458854 2.3517771 -0.26528737 141.4386
-1.384127 2.4866419 -0.26374778 155.71875
-1.3524362 2.5811446 -0.26503313 167.82608
-1.3043458 2.6584218 -0.25849783 172.90909
-1.3708421 2.7391028 -0.24307173 165.23296
-1.3963025 2.8390048 -0.22091432 146.33333
-1.3378708 -0.10437622 -0.19580531 140.66667
-1.3536837 -0.043885972 -0.19033095 134.87
-1.3599149 0.095948435 -0.18611757 128.54546
-1.3278065 0.11106966 -0.16824967 134
-1.3250681 0.5790059 -0.14248937 148
-1.3578492 1.5487463 -0.15992643 190
-1.3766069 1.6934606 -0.1427535 191
-1.3323959 1.7710143 -0.14867797 176.13887
-1.3611474 1.8673176 -0.14321518 180.22322
-1.3181894 1.9718881 -0.14012064 188.97916
-1.3416946 2.0422733 -0.15003906 186.7
-1.3215601 2.1146023 -0.12964022 184.41666
-1.3652326 2.806591 -0.11385393 130.66667
-1.3151773 2.9873779 -0.10123979 119
-1.3359326 0.095979162 -0.059274271 126
-1.317389 0.10546441 -0.068918496 146.25
-1.3083168 2.6801217 -0.094759941 162.33333
-1.3684644 2.7628732 -0.082125962 174.58334
-1.3347818 2.8479452 -0.076538019 165.25
-1.3637627 2.9469669 -0.084373385 165
-1.358014 3.0385053 -0.063899972 141.5
-1.3319875 3.1233172 -0.050238181 118.66666
-1.2223611 -3.7861676 -0.4042002 163.5
-1.2677532 -3.5166879 -0.41993833 163
-1.2204485 -3.4964602 -0.41069686 156
-1.2462829 -3.3404682 -0.42839092 176.875
-1.2469442 -3.2551923 -0.41349357 179.66667
-1.2593597 -3.1370733 -0.42851484 179.08334
-1.297161 -2.8867431 -0.44357178 167
-1.2500368 -2.7431345 -0.43538499 168.83334
-1.2752532 -2.6117647 -0.44381762 153
-1.2581336 -2.449301 -0.42501122 161.41667
-1.2925267 -2.3149958 -0.41516489 171.66667
-1.2672926 -2.2068357 -0.42254078 171.5
-1.2882161 -2.1330261 -0.41716766 172
-1.2136674 -2.015326 -0.41447309 173.66666
-1.2329944 -1.9057542 -0.41727626 168.5
-1.2381992 -1.8225287 -0.42899162 140
-1.2348571 -1.3600128 -0.41606206 191.53032
-1.2139511 -1.2162155 -0.40843841 186.04546
-1.2171627 -1.1178426 -0.41528946 180.38889
-1.2036939 -1.0601612 -0.41251993 177.83333
-1.2857379 -0.93652332 -0.42503917 201
-1.2208914 -0.79061502 -0.41840833 198
-1.2697462 -0.57792002 -0.4143993 198.5
-1.2473193 -0.47071397 -0.40724105 197.33333
-1.2812124 -0.36630338 -0.40637609 174.6875
-1.2753164 -0.11479476 -0.40223867 176
-1.2228855 -3.5106041 -0.30086723 166
-1.2856456 -3.4515142 -0.37642747 192.72223
-1.2870567 -3.3084745 -0.3930465 185
-1.26643 -3.1892529 -0.3020235 183.33333
-1.262767 -3.0624356 -0.30226231 185.77777
-1.214999 -2.5171864 -0.3779026 181.47058
-1.2573133 -2.4200947 -0.3766236 187.2
-1.2704836 -2.3364038 -0.33781126 175.91786
-1.2282627 -2.2035596 -0.38183507 188
-1.2206472 -2.1520834 -0.31324768 176.5
-1.2182453 -2.0723844 -0.31659159 181.125
-1.2472895 -1.7382145 -0.33684388 183.16667
-1.2375823 -1.6426393 -0.35509241 188.75333
-1.2480737 -1.5380899 -0.34162369 159
-1.2374068 -1.4694953 -0.35056865 157.16666
-1.2799116 -1.3021777 -0.3316898 145
-1.2351854 -1.2338144 -0.34002638 167.47025
-1.2057807 -1.1533595 -0.32975155 160
-1.2648422 -1.0408559 -0.32829344 163.33334
-1.2431197 -0.90338963 -0.31223878 164
-1.2378222 -0.76398069 -0.34521511 174.21062
-1.2349102 -0.6799655 -0.34610966 172.14668
-1.2350214 -0.55899811 -0.3423875 179.02173
-1.2515657 -0.41228485 -0.35218409 180.71112
-1.243224 -0.35266724 -0.34546554 184.55429
-1.2334682 -0.23723213 -0.33117849 180.94849
-1.2241307 -0.14747567 -0.37446254 181.78214
-1.2396244 -0.038945917 -0.37835237 181.79584
-1.245738 0.15628827 -0.37145182 167.25
-1.2358654 0.24549262 -0.34297687 188.75
-1.2476875 0.35519075 -0.34137997 182.88667
-1.2332017 0.46783683 -0.35754594 182.83333
-1.2597988 0.54090178 -0.34459838 170.33333
-1.2652923 0.67253566 -0.3288959 172.33333
-1.2477311 0.98249638 -0.30398044 176.4375
-1.2621062 1.0607529 -0.31900224 172.2
-1.2874349 1.1555047 -0.30671081 176.88889
-1.2478945 1.2622708 -0.31678325 179.33334
-1.2602167 1.4580855 -0.31545636 188
-1.2396492 1.5607885 -0.3144367 189.66667
-1.2546909 1.812778 -0.30688751 158
-1.2811379 -3.8820884 -0.2565527 188
-1.2800421 -3.756685 -0.25228783 190.44444
-1.2645891 -3.6379209 -0.26589012 184.40625
-1.2491711 -3.480238 -0.27167705 173.91429
-1.2331368 -3.3730221 -0.29216537 167.13333
-1.2489213 -3.2453649 -0.28801203 168.80684
-1.2286807 -2.8249726 -0.27119601 179.125
-1.2881104 -2.7382052 -0.27174994 184.77777
-1.2126023 -2.6613081 -0.26922515 162.03125
-1.2587126 -2.5728128 -0.23513556 166
-1.2516878 -2.4378667 -0.27574569 196.58334
-1.2505442 -2.3597708 -0.21299976 122.53609
-1.2580403 -2.2872908 -0.29827544 159.45454
-1.2935015 -1.9523367 -0.29871508 189.42857
-1.2423677 -1.8914572 -0.2968553 193
-1.2062117 -1.5963115 -0.29808864 146
-1.2491374 -1.4613404 -0.28440624 154
-1.2423071 -1.3441807 -0.267304 152.27777
-1.2495313 -0.95350438 -0.29811752 167
-1.2106172 -0.83572716 -0.29791519 159
-1.2478786 -0.4072175 -0.23066099 161
-1.2821842 -0.1150989 -0.2754271 153.2
-1.279927 -0.028817512 -0.2978465 151.75
-1.275738 0.062363643 -0.25947803 183.54167
-1.2553307 0.1614631 -0.24305813 174.575
-1.265606 0.34381241 -0.27508616 149.25
-1.2814837 0.40402207 -0.29281253 170.5
-1.2633227 0.65697783 -0.268231 189.89761
-1.2379357 0.76910114 -0.26140618 184.07507
-1.2685498 0.87260139 -0.27950886 180.30856
-1.2502829 0.92246807 -0.26856083 179.76923
-1.2723951 1.0316576 -0.25634739 179.86868
-1.2304529 1.1258126 -0.25292152 179.71428
-1.2958578 1.2399703 -0.24036437 187
-1.2397043 1.3066205 -0.29118818 173
-1.2464689 1.4596235 -0.29151362 177
-1.2360375 1.5895025 -0.23481369 159.25
-1.2297567 1.667904 -0.21850851 169.25595
-1.2896508 1.7709843 -0.22678429 142.5
-1.2190681 1.826406 -0.20719455 182.61111
-1.2536792 1.9100219 -0.2423625 147.75
-1.2538158 2.1794894 -0.2357772 163.125
-1.2317181 2.2698925 -0.26747054 150.64124
-1.2344208 2.3557515 -0.22630394 158.64772
-1.2500094 2.4489534 -0.26504466 147.93137
-1.2484837 2.5066237 -0.26497668 144.27272
-1.2206494 -2.6613758 -0.18668196 137.72916
-1.2361543 0.1483629 -0.10708817 160
-1.2377625 0.31723106 -0.18751144 131.65218
-1.2577817 0.44309467 -0.11986264 131.19118
-1.2591739 0.5611577 -0.14796467 176
-1.2041804 0.67063528 -0.12870917 124.17308
-1.2242267 0.77708834 -0.17942303 176.10001
-1.2907574 1.2615812 -0.17088501 151.97726
-1.27429 1.304432 -0.11965317 159
-1.2552233 1.4929752 -0.17881125 144.375
-1.2334017 1.6419827 -0.15750416 187.5
-1.2531477 1.736793 -0.16849843 188.64999
-1.2591271 1.8396732 -0.1469579 182.625
-1.227819 1.9438426 -0.14736119 185.92778
-1.240441 2.064672 -0.156452 184.375
-1.2203841 2.1357279 -0.14027001 179.625
-1.2079971 2.2423608 -0.17036979 140.26666
-1.2115059 2.3372846 -0.19819224 162
-1.2307305 2.4055369 -0.17057091 162.19048
-1.2389097 2.5263653 -0.16019078 163.08333
-1.2361937 2.6286843 -0.11594743 145.84782
-1.2538108 2.7451737 -0.11533035 139.575
-1.237757 2.8505504 -0.11714055 146.72223
-1.2200423 3.3836758 -0.12222952 187.2
-1.2410291 2.7353616 -0.095781147 165.71428
-1.2495559 2.8523273 -0.093873456 177.33333
-1.263811 2.9521458 -0.073070489 153.89999
-1.2372278 3.026094 -0.070132516 143.44444
-1.2318147 3.1326709 -0.0853929 132.5
-1.1290087 -3.9070535 -0.4186945 182.75
-1.195473 -3.779711 -0.42106608 180.33333
-1.1790664 -3.6711793 -0.40163812 184
-1.1302924 -3.3458068 -0.41554552 184.17949
-1.1450627 -3.2511556 -0.41166344 183.84386
-1.1288377 -3.1370821 -0.41982099 178.125
-1.1487035 -3.062887 -0.42588133 173.3611
-1.1716913 -2.9620459 -0.42166892 177.39285
-1.1749377 -2.8623869 -0.41638818 179.08333
-1.1725154 -2.6888411 -0.44196796 167.75
-1.1617037 -2.5353849 -0.43196258 162.9762
-1.123034 -2.481626 -0.42298049 177
-1.166502 -2.35761 -0.42232519 162.45454
-1.165116 -2.2405257 -0.41340196 175
-1.1847835 -2.1282115 -0.42211199 171.66667
-1.1332009 -1.9504299 -0.40924159 192.5
-1.1594874 -1.823028 -0.41263396 193
-1.1909851 -1.606215 -0.40798497 197.66667
-1.1373719 -1.4072983 -0.40135419 194.33333
-1.1281332 -1.3338598 -0.40198442 189.625
-1.1130908 -1.2446085 -0.40736562 184.52174
-1.1221832 -1.1275219 -0.40611264 178.25926
-1.1728145 -0.86890262 -0.41916066 198
-1.170928 -0.67307454 -0.41163087 194.33333
-1.1075668 -0.57449967 -0.40301403 191.5
-1.1996347 -0.47708482 -0.41171059 194
-1.1931925 -0.34701067 -0.40311027 174.66667
-1.1010598 -3.9170229 -0.39980561 150
-1.1424534 -3.5744638 -0.39808965 197
-1.1601681 -3.4595716 -0.38024917 191.02324
-1.1506727 -3.3217065 -0.39636186 182.89047
-1.1523383 -3.2521093 -0.30365267 177
-1.1880985 -3.1198075 -0.30072093 184.14285
-1.1245531 -3.0433853 -0.31292227 160.5625
-1.1914707 -2.904011 -0.31146684 180
-1.1630468 -2.8035989 -0.35031334 127.47059
-1.1491704 -2.7466183 -0.39678058 170.69643
-1.1627779 -2.6676843 -0.38953835 172.2381
-1.1530032 -2.5822291 -0.39412808 185.83333
-1.1348697 -2.4438717 -0.37349111 175.8602
-1.1552151 -2.3105323 -0.36004511 189.9375
-1.1959159 -2.2613921 -0.30512804 159.5
-1.129041 -2.1812181 -0.33654401 183.32222
-1.1176372 -2.0618849 -0.30772349 183.96667
-1.1234869 -1.7900805 -0.3150726 196.60001
-1.1580365 -1.6912248 -0.37188086 136
-1.1501945 -1.3640603 -0.32971203 141.1111
-1.1183529 -1.2583339 -0.32334071 154.25
-1.1299021 -1.1565874 -0.31584647 164.85715
-1.1370642 -1.0314379 -0.32298872 167.25
-1.1420587 -0.85375643 -0.3432467 175.96428
-1.1539557 -0.76080722 -0.34908968 175.92957
-1.1395196 -0.65275908 -0.34370154 169.59514
-1.1664824 -0.54416901 -0.35991797 178.45369
-1.1424267 -0.45705929 -0.35601452 179.34444
-1.1544923 -0.3505592 -0.3186473 182.93242
-1.1437161 -0.25544611 -0.35103047 184.55603
-1.1594911 -0.15866895 -0.37613931 180.0899
-1.1375121 -0.061511222 -0.36108267 178.91667
-1.1572996 0.081787482 -0.36813244 181
-1.1404035 0.13647489 -0.34825674 172.7673
-1.1265593 0.25027868 -0.36602348 172.70369
-1.1523266 0.34112909 -0.35258186 174.47768
-1.147067 0.45085698 -0.33817029 184.18054
-1.1635927 0.55932355 -0.34292355 181.625
-1.1962488 0.63937962 -0.37298661 154.33333
-1.1960853 0.81610781 -0.37814289 142
-1.1742167 0.96151692 -0.30191991 173.39131
-1.1089909 1.1980896 -0.32675663 181.16667
-1.1584396 1.2540098 -0.32671672 181
-1.1332074 1.3975729 -0.31534281 188.33333
-1.1961128 -4.0656066 -0.24515297 175.5
-1.1919032 -3.9973552 -0.25190219 177.25
-1.1835858 -3.8943238 -0.25429991 185.8
-1.1729869 -3.782624 -0.25064754 189.5
-1.1644372 -3.6423562 -0.26532894 183.3
-1.15596 -3.528178 -0.27137658 175.35294
-1.123708 -3.3579583 -0.28182903 165.49623
-1.1649836 -3.0115423 -0.28003836 168
-1.1447085 -2.7939622 -0.27009708 179.2
-1.1524621 -2.6848054 -0.28620002 132.625
-1.1483164 -2.5869167 -0.26563033 191.59821
-1.1819174 -2.1109979 -0.20149708 181
-1.17321 -1.9552796 -0.29793179 189.89999
-1.1456443 -1.6530133 -0.26475474 135.06
-1.1413652 -0.96382135 -0.29824966 171.39999
-1.1143055 -0.84710354 -0.25310075 160.33334
-1.1727312 -0.75661933 -0.28014937 159
-1.1056317 -0.55532938 -0.24153228 131.17647
-1.1005261 -0.45208654 -0.24415618 132
-1.1272758 -0.37331378 -0.27800155 153
-1.1962993 -0.11874833 -0.28858361 176.33333
-1.1832577 -0.021135626 -0.29038689 178.16667
-1.1739714 0.084093146 -0.29691643 179.33333
-1.1997412 0.16298789 -0.27593139 167
-1.1905648 0.29781237 -0.24436322 178.89999
-1.1450601 0.45562083 -0.2828711 191.76666
-1.1780801 0.59515029 -0.27055088 192.5
-1.1696974 0.6836198 -0.28421149 185.3611
-1.1416767 0.75536227 -0.27661869 185.54349
-1.1508069 0.87408727 -0.28282925 176.52661
-1.1036884 1.0035747 -0.28152853 169.63637
-1.1637528 1.2310249 -0.28992864 181.60416
-1.1625519 1.3519946 -0.28862756 173.28572
-1.1516199 1.4471763 -0.2625781 177.83334
-1.1431838 1.5424612 -0.23891984 170.65625
-1.1371748 1.6655872 -0.22065851 174.56
-1.1584692 1.7507353 -0.26553684 139.17105
-1.1610392 1.8646522 -0.24563335 146.08334
-1.1385796 2.0596502 -0.20414959 125.58333
-1.175464 2.2113898 -0.20748785 181.2
-1.1134773 2.3434429 -0.20746398 172.66667
-1.1469277 2.4506092 -0.20425428 158
-1.1083233 -0.56295347 -0.17446703 135.39999
-1.190359 -0.4918412 -0.19165809 151
-1.1936927 0.63742244 -0.19445488 141.5
-1.1673489 1.5550461 -0.16693643 185.39999
-1.1495565 1.6695586 -0.16081199 180.9861
-1.1475264 1.7630756 -0.15183668 162.03571
-1.1675998 1.81768 -0.1648456 187.03438
-1.1518266 1.9502516 -0.17609763 169.46289
-1.1614771 2.0384305 -0.14851855 180.1756
-1.1468246 2.1273441 -0.17118654 163.82033
-1.11935 2.3344815 -0.19667658 165.5
-1.116513 2.4240565 -0.1572572 167.446
-1.1539376 2.5531256 -0.13781148 157.43442
-1.1389591 2.6439195 -0.13120317 150.04628
-1.1275983 2.749959 -0.12660536 163.24275
-1.1268073 2.8244147 -0.10641244 159.68571
-1.1511353 2.9462738 -0.10767091 134.5
-1.1314851 3.2869327 -0.11902449 188.28572
-1.1521348 3.4486077 -0.11094882 184.5
-1.1037447 3.5597446 -0.10542651 181
-1.1124114 1.4817263 -0.026257684 139
-1.1412162 1.533139 -0.042957652 138
-1.1449983 2.9504707 -0.092882268 177.41667
-1.1562394 3.0553181 -0.091836572 144.75
-1.1471763 3.163094 -0.072955757 153
-1.1586615 3.2206612 -0.061852623 146
-1.0237943 -4.0049896 -0.40940505 186
-1.0915707 -3.7046349 -0.41554767 200
-1.0615443 -3.4625177 -0.40253124 187.71429
-1.0411361 -3.3529844 -0.41487616 184.87857
-1.0453938 -3.2354734 -0.40554437 182.71527
-1.062533 -3.0653782 -0.41838029 173.52051
-1.0889806 -2.9739506 -0.42872059 181
-1.0446768 -2.8486962 -0.41934633 183.25
-1.0915663 -2.7499928 -0.43629175 180
-1.0497607 -2.6740708 -0.42805934 168.80556
-1.0058374 -2.5298328 -0.43689841 170.75
-1.0426465 -2.45871 -0.43037269 166.25
-1.0489484 -2.3593936 -0.41627386 172.37141
-1.0794078 -2.2254636 -0.4173862 178.33333
-1.0850148 -2.1139164 -0.42513782 176
-1.0886961 -1.9819798 -0.41205555 193
-1.0126674 -1.2441692 -0.40122336 182.41667
-1.047984 -0.82712787 -0.4085319 191.8125
-1.0738754 -0.74766427 -0.406488 190.83333
-1.0313077 -0.65188795 -0.40159896 188.33333
-1.0810379 -3.8351393 -0.3950929 155
-1.0468639 -3.7019081 -0.37149242 161
-1.0536542 -3.4757705 -0.38595256 195.24243
-1.0488938 -3.3451324 -0.38684157 187.70569
-1.0176718 -3.2331831 -0.34166765 182.05556
-1.0366492 -3.1824036 -0.39890051 183.66667
-1.0188998 -3.0627913 -0.35478976 168.06061
-1.0276842 -2.9492819 -0.35064697 183.4762
-1.0537944 -2.8214464 -0.39611581 186.60001
-1.0774508 -2.744354 -0.39410979 187
-1.0377188 -2.6420851 -0.39453402 186.08334
-1.0510805 -2.5442851 -0.38756838 171.39999
-1.0418631 -2.4709861 -0.38715205 173.46074
-1.0499632 -2.372438 -0.37952864 172.71739
-1.0388275 -2.2446735 -0.3581349 185.43333
-1.0333135 -2.1487136 -0.36057395 189.25
-1.0639232 -2.0230827 -0.30612585 174.83334
-1.0712782 -1.9190125 -0.3022683 192.2
-1.0328313 -1.8127095 -0.30834422 163.69318
-1.0253001 -1.7478466 -0.33525354 123.6
-1.0783546 -1.6551322 -0.31512213 197.375
-1.057193 -1.4368879 -0.35705927 172.38889
-1.0326395 -1.3395873 -0.35328746 174.06731
-1.0097425 -1.2667017 -0.33245465 168.5
-1.0450919 -1.1574652 -0.34555033 174.28256
-1.0347317 -1.0436008 -0.32099664 170.30952
-1.0362177 -0.96366268 -0.31953239 175.08334
-1.0220664 -0.85236114 -0.32664752 170.15625
-1.0690277 -0.75612134 -0.33027649 156.27261
-1.0486289 -0.66520238 -0.33629468 159.81955
-1.0498362 -0.56253284 -0.35987675 178.00476
-1.0676143 -0.45411202 -0.3388865 182
-1.0628827 -0.34319219 -0.33449346 179.04001
-1.0446664 -0.26935732 -0.36814702 181.71759
-1.033573 -0.15461762 -0.34216422 166.9875
-1.0434051 -0.036896508 -0.30418557 166.66667
-1.0286444 0.021503644 -0.35458365 177.88
-1.0526412 0.16310079 -0.34571356 175.7533
-1.0215548 0.22829972 -0.30907589 180
-1.0339193 0.32801673 -0.35905981 181.44444
-1.0355557 0.43460208 -0.3386026 193.57143
-1.0596687 0.53947985 -0.34401977 187.41667
-1.0361047 0.65472215 -0.33850834 169
-1.0175178 1.0591319 -0.36342311 135
-1.0618409 1.3563956 -0.31607619 189.41251
-1.0736566 1.4896821 -0.31415713 193.60001
-1.0753874 -4.1237421 -0.25165316 174
-1.0784478 -4.0321989 -0.24756163 174.75
-1.0845177 -3.9157653 -0.25135595 179.83333
-1.0013852 -3.8151977 -0.24781661 185
-1.0468365 -3.7533896 -0.2487186 186.81667
-1.0808512 -3.6579492 -0.26279646 182.84375
-1.0700396 -3.5508223 -0.28289551 168.5625
-1.0418854 -3.4051855 -0.27072522 163.33333
-1.0450066 -3.3181174 -0.20659597 122.33334
-1.0829786 -3.238833 -0.29954284 176.66667
-1.0982788 -3.1157315 -0.29968005 179
-1.0616478 -3.0338778 -0.27581388 173
-1.0564443 -2.7845924 -0.26798609 178.16667
-1.0927137 -2.6802876 -0.25112501 162.67014
-1.0586301 -2.5336626 -0.26419753 194
-1.0789551 -2.1638944 -0.27739528 191
-1.0460086 -2.0570304 -0.26527396 182
-1.0444046 -1.9493238 -0.23040085 135.61911
-1.0411495 -1.8775861 -0.27630463 133.5
-1.0081466 -0.85525578 -0.28877649 148.33334
-1.0403776 -0.73417175 -0.22325255 142
-1.0885458 -0.61738986 -0.28043044 125.86364
-1.0115317 -0.35929549 -0.2788589 144.25397
-1.0286688 0.079227239 -0.29852936 158.5
-1.04505 0.27223733 -0.29034427 173.16666
-1.0522119 0.37554291 -0.27963299 192.94444
-1.0417948 0.46161687 -0.27580118 162.48718
-1.0628084 0.55686736 -0.2817781 173.41428
-1.06173 0.6674788 -0.25762421 187.25
-1.0583841 0.75659585 -0.27904812 180.18832
-1.041545 0.84393775 -0.28566623 175.62878
-1.0471026 0.97474718 -0.27859092 168.86667
-1.0655463 1.0356882 -0.25352475 182.92857
-1.0279444 1.1452578 -0.2354466 183
-1.0831753 1.2844094 -0.28669715 181.39999
-1.0881244 1.3621998 -0.247658 166.97223
-1.0300602 1.4453958 -0.25444236 170
-1.0019908 1.5739156 -0.24320252 174
-1.0197259 1.6507653 -0.24901718 135.45454
-1.0742594 1.7548552 -0.25087222 147.47437
-1.0435752 1.8767487 -0.24478942 134.39999
-1.0497906 1.9723971 -0.21438228 160.80952
-1.0160335 2.078738 -0.23923776 168.55556
-1.0411164 2.1501143 -0.23738393 156.24977
-1.0840282 2.2516229 -0.20772403 178.39999
-1.0051332 2.4012678 -0.2034235 167.25
-1.0280461 2.5305903 -0.20385826 158
-1.0404854 -2.7183521 -0.15211396 128.16251
-1.0802475 -1.9663253 -0.13414218 145.4762
-1.068078 -0.7098375 -0.12949434 146.17857
-1.021853 1.2727904 -0.17170963 150.97501
-1.0267822 1.3354805 -0.16383971 131.16168
-1.0728791 1.4716129 -0.14026397 134.66667
-1.0527635 1.5249205 -0.17849118 194.66667
-1.0638915 1.658662 -0.17134622 185.30595
-1.0435522 1.7594776 -0.16130958 173.66415
-1.0571122 1.8423984 -0.17520685 171.16476
-1.065836 1.9617 -0.15636611 180.20001
-1.053643 2.0504756 -0.17437901 177.29167
-1.0732932 2.2549932 -0.19432464 110.66667
-1.0210897 2.3641629 -0.16514722 174.23334
-1.0336918 2.4174378 -0.16633689 161.85001
-1.0295221 2.5150828 -0.14755151 159.98645
-1.0318798 2.6505022 -0.1416744 146.82854
-1.0282329 2.7273889 -0.12213687 152.44167
-1.0243655 2.8533938 -0.11850952 160.78777
-1.0319031 2.9811594 -0.1103847 132
-1.0039117 3.141202 -0.13652137 177.25
-1.0335293 3.2140071 -0.13095811 180.86363
-1.0389547 3.3529184 -0.11084857 187.16666
-1.0733649 3.4983892 -0.1092297 183.2
-1.0355425 1.3982968 -0.023241756 132.41667
-1.0683187 1.4019516 -0.0045647351 138
-1.0688511 2.3497243 -0.085931987 167.39999
-1.0398837 2.9474075 -0.095447943 176.3
-1.0365936 3.052022 -0.091463089 169.5
-1.0593573 3.1422975 -0.090167284 132.48334
-1.0516737 3.2288113 -0.072507784 148.5
-1.0142469 3.6229441 -0.093961522 174.5
-1.0298566 3.2112651 0.0027190652 191
-0.97399193 -3.9446096 -0.40616834 195
-0.90179479 -3.8571401 -0.40158942 203
-0.99940872 -3.7850502 -0.40924278 203.5
-0.94122034 -3.6595464 -0.40599105 198.75
-0.91193521 -3.5746999 -0.40553817 195
-0.97514641 -3.4376049 -0.40692452 191
-0.96209282 -3.3379743 -0.41072008 188.4762
-0.94905013 -3.2332723 -0.40391156 189.49165
-0.97383088 -3.1402183 -0.41457978 184.41428
-0.95387375 -3.0662038 -0.41842398 174.05727
-0.96587837 -2.9165919 -0.41305143 182.51111
-0.92659289 -2.819468 -0.42570972 176.23077
-0.9777211 -2.7176321 -0.43307447 180
-0.92995352 -2.6246452 -0.43057784 180.16667
-0.91252691 -2.4607129 -0.42521456 168.33333
-0.97472161 -2.3526638 -0.42484224 160.42857
-0.94522017 -2.241976 -0.41050324 178
-0.98020291 -2.1207776 -0.42056242 170
-0.9342075 -3.916245 -0.39578685 152
-0.91613585 -3.7525187 -0.3858574 169.83334
-0.92358679 -3.4852505 -0.38223493 194.5
-0.90123492 -3.3293087 -0.39787331 184.27272
-0.94091016 -3.2752531 -0.39049447 167.33333
-0.97021496 -3.1608467 -0.30096504 180.5
-0.96033651 -3.0921545 -0.38371354 179.57143
-0.92617387 -2.9824271 -0.34484261 173.72223
-0.92687714 -2.8494625 -0.35420346 190.89999
-0.96872133 -2.7575464 -0.39697415 189.5
-0.93033743 -2.5880682 -0.3488149 149.58333
-0.93574089 -2.4178467 -0.38212949 168.46591
-0.94662482 -2.3305619 -0.38581082 170.7289
-0.94626552 -2.2301722 -0.36910135 177.65334
-0.94027078 -2.1152198 -0.35605192 185.14285
-0.98800433 -1.9520334 -0.30226386 191.66667
-0.92799348 -1.8588732 -0.30937546 196.25
-0.98737139 -1.7380867 -0.3167502 197.33333
-0.94921595 -1.661649 -0.3147642 193
-0.9415803 -1.4505584 -0.35194647 173.66666
-0.94458228 -1.3453755 -0.34062567 168.0726
-0.94200021 -1.2531554 -0.35772356 169.78662
-0.94383287 -1.1733631 -0.35100296 176.15565
-0.94416428 -1.0718665 -0.32638991 181.61458
-0.94247806 -0.94144553 -0.33017015 180.20418
-0.93896675 -0.84084177 -0.34000799 175.25
-0.94880337 -0.75756699 -0.3605876 176.17413
-0.95487154 -0.65357631 -0.34395725 169.30591
-0.95478547 -0.57234305 -0.34929553 172.2381
-0.98430818 -0.45180881 -0.33281332 183.22539
-0.95052338 -0.34082997 -0.32393795 178.83675
-0.95126545 -0.24511549 -0.36013925 164.31332
-0.9492982 -0.19378835 -0.30468783 159.33334
-0.94551826 -0.074065164 -0.32675746 151.66476
-0.94453174 0.052013695 -0.32601708 180.3
-0.94934988 0.14123629 -0.30303618 186.125
-0.95751327 0.23597011 -0.34311414 183.65759
-0.93147111 0.36558098 -0.33078352 187.32593
-0.93909061 0.48348644 -0.36911818 167.5
-0.95172405 0.56489438 -0.35196912 190.75
-0.94889981 0.75202394 -0.30378595 157
-0.93904746 0.92613226 -0.36611247 155.33333
-0.98410726 1.0020705 -0.36348885 142.5
-0.99588424 1.2356695 -0.31675932 188.16667
-0.95442009 1.3378993 -0.31679761 192.58333
-0.99907529 1.6052568 -0.31153286 184
-0.94138086 -4.1598048 -0.24854942 178.66667
-0.96300739 -4.0298634 -0.24398819 175.5
-0.9469654 -3.9250419 -0.24632023 177.54166
-0.96079344 -3.6597602 -0.25561312 182.77777
-0.94889283 -3.5300877 -0.28123251 169.21429
-0.99819583 -3.3497438 -0.29771405 175
-0.93262339 -3.0444605 -0.29805058 175.33333
-0.9473877 -2.9074171 -0.29969588 178.75
-0.95848572 -2.6609669 -0.25893223 187.8611
-0.95898163 -2.5529034 -0.26073095 193
-0.91043854 -1.3223964 -0.26675346 159.60001
-0.97600704 -0.95403785 -0.22855416 127.86539
-0.92224681 -0.86321223 -0.29179683 176.66667
-0.98523444 -0.34377012 -0.29883039 169
-0.94713575 -0.073508516 -0.29739165 163
-0.90945423 0.038712177 -0.29490772 164.5
-0.95218909 0.24086414 -0.28821769 178.5
-0.98826265 0.36563 -0.29580095 153
-0.91449445 0.46059135 -0.2816405 167.29166
-0.95691204 0.5564667 -0.27710643 180.55965
-0.96044761 0.64025515 -0.27225465 184.03777
-0.94307113 0.97916651 -0.25592968 164.95818
-0.96102309 1.072022 -0.24022436 182.12878
-0.98054183 1.1536504 -0.2562398 179.16666
-0.97874844 1.2081599 -0.28745523 179
-0.93893504 1.4744667 -0.27413666 183.2
-0.96419823 1.5569674 -0.27706257 158.83333
-0.95392025 1.6631926 -0.2516343 148
-0.98166198 1.7716622 -0.21663325 150
-0.94110745 1.8784361 -0.24294937 157.68372
-0.93079776 1.923162 -0.21703841 175
-0.95124757 2.0099492 -0.23263304 165.06433
-0.94399613 2.1483681 -0.22411305 179.47038
-0.96506333 2.2564313 -0.23251513 166.0694
-0.99714315 -2.7429104 -0.10721394 135.33333
-0.96734178 -0.8961165 -0.15431143 130.5
-0.91938239 -0.71705407 -0.178334 131.02856
-0.93344647 0.78498149 -0.14648528 123.375
-0.97321761 1.484103 -0.1810867 194.33333
-0.96207428 1.5640157 -0.17850198 188.77248
-0.94242597 1.6596426 -0.17272735 183.66666
-0.94262338 1.7696406 -0.17655684 182.0984
-0.93558168 1.8887432 -0.17143248 179.21053
-0.97435749 1.9302258 -0.16599543 179.02274
-0.92203045 2.0668736 -0.16564819 158.98666
-0.96019888 2.1211584 -0.13290551 169.125
-0.91650438 2.253063 -0.16146579 141
-0.93061268 2.4444413 -0.16464345 173.42857
-0.91571581 2.5374353 -0.15489706 157.21371
-0.96062934 2.6555681 -0.14200029 146.1628
-0.93904811 2.7528787 -0.13106 157.95998
-0.93508965 2.8772006 -0.12328756 174.92857
-0.92738664 2.9350386 -0.10924394 160.44643
-0.91302294 3.048876 -0.10781163 125.83333
-0.94109184 3.1592534 -0.13967051 175.18333
-0.937877 3.3020558 -0.11922284 181.29167
-0.9436146 3.4164886 -0.10344772 187.28572
-0.97908247 3.5176888 -0.10166643 181
-0.93989694 0.86366796 -0.086026892 125.30556
-0.92970592 0.91269392 -0.007102624 122
-0.97995746 2.2316911 -0.099917278 167
-0.94682264 2.3290091 -0.080421522 168.3125
-0.94758862 2.4239993 -0.063711181 163.58572
-0.90155566 2.6546106 -0.047216635 157.25
-0.91918105 2.7641599 -0.043374628 158.5
-0.92373908 2.8448398 -0.036293365 163
-0.90093279 2.9213622 -0.033168707 163.5
-0.94961178 3.0321276 -0.093216337 168.2
-0.93455833 3.1286614 -0.064043306 155.31429
-0.93437481 3.2267687 -0.08479517 129.39999
-0.93891108 3.3342776 -0.077557452 136
-0.96580541 3.5910928 -0.093192376 177
-0.91886449 3.6886225 -0.088256732 169
-0.96032715 3.2522302 0.0062895478 190.5
-0.8853851 -4.0558252 -0.40198103 194
-0.81084436 -3.8380167 -0.40135476 200.5
-0.89612728 -3.2179432 -0.40298826 177.75
-0.86679453 -3.1529443 -0.40785909 192
-0.89689231 -2.954483 -0.41486466 184.375
-0.84878415 -2.8432117 -0.42058 178
-0.83759439 -2.7449985 -0.41065004 184.95238
-0.85381782 -2.5527759 -0.43079439 178.89999
-0.87782192 -2.1409302 -0.41657493 172.5
-0.85471308 -2.0281751 -0.4187308 165
-0.82827288 -0.70799595 -0.40021348 180
-0.86136037 -4.0159717 -0.39774799 197
-0.80078268 -3.9200282 -0.39401045 202.5
-0.81483793 -3.7522573 -0.39698419 198.33333
-0.87486953 -3.5604 -0.38018739 188.25
-0.86390084 -3.4502549 -0.37891066 191.8611
-0.80626696 -3.3103681 -0.39276513 186.09525
-0.86216009 -3.2530813 -0.35903758 172.81961
-0.84365505 -3.1440897 -0.33360213 182.48334
-0.84683543 -3.0161109 -0.32943514 173.45172
-0.87897354 -2.936645 -0.33287373 182.18121
-0.86940366 -2.8303554 -0.30329397 187
-0.82546735 -2.7256827 -0.30051321 177.25
-0.86836946 -2.6824529 -0.39885542 185.33333
-0.87101406 -2.5525219 -0.38912544 169.46249
-0.88800883 -2.4474983 -0.3105095 152
-0.86026835 -2.3321574 -0.376436 175.53845
-0.8625651 -2.2278636 -0.36714506 184.61906
-0.80287629 -2.1787381 -0.35114738 185.08333
-0.83421826 -2.0843527 -0.36079937 186.66667
-0.86242813 -1.7595081 -0.31249836 196.39999
-0.82961988 -1.4261612 -0.34339687 175.35001
-0.8271628 -1.3457929 -0.34264246 167.10893
-0.83957171 -1.2545016 -0.33344364 168.76285
-0.84781855 -1.1547372 -0.34700966 177.89291
-0.82472414 -1.0501519 -0.32451719 179.56667
-0.84387267 -0.96437335 -0.34361359 181.39583
-0.82483566 -0.86505467 -0.32786632 178.26945
-0.85105735 -0.75064778 -0.32587186 176.37566
-0.84012914 -0.65194374 -0.33855823 177.75833
-0.86441851 -0.55154133 -0.33868909 184.89999
-0.87648606 -0.4308452 -0.34097138 181.59167
-0.84790534 -0.3406812 -0.35348845 168.05
-0.83444542 -0.23376934 -0.32995251 175.92842
-0.86695415 -0.1474883 -0.35078621 164.72728
-0.84857702 -0.038846113 -0.34952298 181.73206
-0.88677454 0.014172625 -0.35064429 168
-0.86655182 0.17169382 -0.34387869 167.23808
-0.86279523 0.25199506 -0.3193666 191.20001
-0.86150926 0.33827868 -0.32893118 181.11044
-0.87170267 0.45027086 -0.34663108 183.66965
-0.83290082 0.54591519 -0.34778094 193.7262
-0.80071652 0.68950105 -0.36524451 181
-0.81657255 0.73523855 -0.35518941 186.5
-0.8712585 0.8091858 -0.36324644 170.33333
-0.84346205 1.0406868 -0.35918653 150
-0.88139331 1.1306634 -0.36169308 139
-0.80973101 -4.1410518 -0.24923798 175
-0.84140348 -4.0334978 -0.24138345 175.66667
-0.85805339 -3.9856689 -0.24925113 175
-0.8977834 -3.8565917 -0.24744485 176.39999
-0.85687655 -3.7660732 -0.24291475 181.60001
-0.8852917 -3.6583829 -0.25104845 182.77777
-0.84946722 -3.3142393 -0.27384695 175
-0.84296364 -3.2414525 -0.24399902 148.14999
-0.86956561 -3.0734227 -0.22554196 142.85101
-0.85933524 -2.9928315 -0.29691964 178
-0.86094433 -2.7800829 -0.23597434 158.47916
-0.87229872 -2.6884594 -0.25469223 188
-0.87865317 -2.534281 -0.241126 154.91667
-0.83937532 -2.4695513 -0.26480916 156
-0.86098087 -1.1065712 -0.25578073 157
-0.89759684 -0.97027653 -0.26080397 179
-0.85271025 -0.46963701 -0.24813277 172
-0.82386589 -0.09807732 -0.29339626 164
-0.83407515 0.011465543 -0.27454939 179.70454
-0.86439222 0.14115679 -0.29466876 179.25
-0.81444037 0.25950813 -0.28279257 162.39394
-0.85107082 0.34507743 -0.28355691 194.09
-0.85025674 0.46310887 -0.28226736 192.72728
-0.84625357 0.54921532 -0.27586058 185.53845
-0.84801376 0.67234647 -0.28717893 172.77499
-0.80108333 0.7682724 -0.27781874 181.58333
-0.88002956 0.84734803 -0.29023287 152.71111
-0.87123662 0.93424982 -0.25591752 172
-0.86172283 1.0628374 -0.22797273 173.83333
-0.87967783 1.1289244 -0.22023824 171.23334
-0.86101925 1.2147361 -0.23922034 158.5
-0.88243574 1.3730885 -0.27420712 179.45454
-0.8662945 1.4394417 -0.27627528 179.26666
-0.86846554 1.5552422 -0.27215528 173.16667
-0.83287126 1.6599021 -0.25567842 162.72223
-0.87358612 1.7426214 -0.24929565 158.1852
-0.83989865 1.8243496 -0.24796519 153.13637
-0.84395123 1.9463955 -0.2452717 178.88068
-0.84659696 2.0410709 -0.22764887 165.24229
-0.83881408 2.1724102 -0.20361313 187.11111
-0.86471844 2.2572045 -0.24017735 167.82777
-0.88585925 2.3285549 -0.2139245 160.20689
-0.85354757 2.4236922 -0.23718543 164.32666
-0.88999915 2.5249906 -0.20339046 160.33333
-0.88858724 -3.1133928 -0.19404896 153.66667
-0.82371986 -2.7934504 -0.17436984 150
-0.8714695 -0.94850719 -0.18401814 170
-0.860488 -0.71538651 -0.19918893 131.91667
-0.82590497 -0.44196627 -0.17833626 142.8
-0.88719618 0.88161576 -0.17079215 169.39999
-0.88062716 1.0226109 -0.16651221 135.38889
-0.87117136 1.1488299 -0.1706084 160.02777
-0.84757471 1.2083437 -0.19309068 182.25
-0.80746597 1.325845 -0.19723661 185.75
-0.83356768 1.4900572 -0.17911692 191.8
-0.86089528 1.543461 -0.19104332 189.66667
-0.84852368 1.6173408 -0.17753994 184.39999
-0.84209919 1.7368039 -0.1785662 177.2663
-0.84209514 1.866399 -0.17620225 179.02942
-0.81790948 1.9117056 -0.17030689 185
-0.84788156 2.0256553 -0.17598039 159.36182
-0.83642852 2.3603125 -0.13792723 130.10185
-0.84602821 2.4256423 -0.17008677 175.0625
-0.8340655 2.5591171 -0.16560964 153.51904
-0.88305122 2.6374104 -0.1562188 147.625
-0.86122227 2.7757347 -0.14911743 156.0625
-0.84540856 2.8607526 -0.12795931 171.74934
-0.83644444 2.9662609 -0.13228145 170.8651
-0.81808543 3.060571 -0.15579705 161.98529
-0.84550637 3.2350442 -0.1257139 164.30769
-0.85201919 3.3300622 -0.12024582 180.25
-0.84123451 0.97131217 -0.0069262106 148
-0.89241403 1.1122434 -0.043793622 126.25
-0.85836244 2.258126 -0.090345927 169
-0.80093646 2.3101182 -0.080042876 126.5
-0.83456129 2.4505372 -0.046176337 140.77614
-0.83698595 2.5338626 -0.06996958 146.51616
-0.80733794 2.6478956 -0.039003547 153.23077
-0.80666792 2.8585005 -0.059765939 154.64584
-0.81263751 2.9632668 -0.057733309 151.95834
-0.84883422 3.0348771 -0.03848625 166.82143
-0.84057635 3.1404777 -0.062239144 148.98958
-0.83267319 3.2450662 -0.073936708 127.875
-0.83281559 3.3486259 -0.063527875 116.77777
-0.86365926 3.416229 -0.097364798 186.28572
-0.88988662 3.5459185 -0.092783004 185.75
-0.80102336 3.6021593 -0.092237175 181.2
-0.80618429 3.715333 -0.081174254 170.39999
-0.86820984 0.93495917 0.0073952964 127
-0.83849919 3.2213793 0.0078430399 189.83333
-0.88157654 3.3308408 0.012379824 188
-0.81481034 3.430397 0.023728475 184.25
-0.74950248 -3.3233833 -0.40977594 170
-0.7985217 -3.2156219 -0.40389898 180.57143
-0.76790196 -3.0128279 -0.40698326 195.5
-0.78125983 -2.8639956 -0.40495065 194
-0.746099 -2.7544456 -0.41544712 179.8
-0.79964912 -2.6446288 -0.41785532 180.39999
-0.78516823 -2.4152274 -0.41060391 175.16667
-0.7646414 -2.3301365 -0.40075529 173.39999
-0.73255378 -2.2503912 -0.42308789 166.5
-0.76347393 -2.1195998 -0.41302228 158.75
-0.73936689 -4.0760746 -0.39316002 197
-0.7344439 -3.8159549 -0.39143914 198.5
-0.78137171 -3.7579863 -0.37553051 164
-0.79042292 -3.6229694 -0.38167426 188.075
-0.77645445 -3.5336819 -0.38020799 192.83334
-0.78300339 -3.4327085 -0.37339893 191.15741
-0.73590487 -3.3653316 -0.37468395 189.55832
-0.76691961 -3.259464 -0.37186339 177.15913
-0.72476566 -3.1198578 -0.34024063 182.89999
-0.72156304 -3.0534496 -0.30314076 183.45454
-0.76195282 -2.9519763 -0.34204552 174.49564
-0.77418554 -2.8433311 -0.30346507 179.64285
-0.7226091 -2.715363 -0.39678892 179
-0.79059482 -2.6228807 -0.39683035 174.75
-0.76398659 -2.5488718 -0.3853555 166.52174
-0.75794548 -2.4402533 -0.37754193 179.25
-0.77833331 -2.3510785 -0.3515583 180.18988
-0.78062755 -2.2487609 -0.37523085 177.30666
-0.73902023 -2.1516657 -0.36510429 184.46429
-0.76201248 -2.078582 -0.35535875 190
-0.78950721 -1.6494828 -0.31504434 185
-0.73048162 -1.4356962 -0.37027347 184.34375
-0.74689722 -1.3563372 -0.3486129 167.84369
-0.73842978 -1.2446293 -0.35276935 183.63815
-0.74644113 -1.1410366 -0.34759024 186.13094
-0.73813641 -1.0392041 -0.3513557 185.65428
-0.72922498 -0.97329897 -0.31679532 180.11765
-0.74022275 -0.88769907 -0.34132427 179.96468
-0.75367427 -0.76493591 -0.33953142 179.83173
-0.76547164 -0.67890745 -0.35461032 180.19093
-0.73342699 -0.5398469 -0.33348733 167.7
-0.76511914 -0.49761978 -0.30470604 183
-0.77037579 -0.33592564 -0.32065162 173.95833
-0.76395243 -0.24317726 -0.35454997 170.50371
-0.75061566 -0.13433224 -0.31503925 184
-0.76753169 -0.053591229 -0.33510455 184.31482
-0.75233483 0.080127999 -0.37146556 193.66667
-0.76437587 0.16651934 -0.33707032 178.11111
-0.76709366 0.25121382 -0.33094734 191.67841
-0.74747366 0.34649649 -0.31846029 182.65279
-0.78636193 0.4164421 -0.33096316 188.64445
-0.7647993 0.53891361 -0.338467 188.8
-0.72772813 0.64639002 -0.34521392 182.06667
-0.72200316 0.72508973 -0.35058361 181.95834
-0.76220399 0.85398418 -0.36395854 173.5
-0.78340244 -4.196136 -0.20846458 207.5
-0.74048644 -3.970952 -0.24395575 176
-0.79224986 -3.858958 -0.2459054 175.2
-0.79103589 -3.246629 -0.28063476 130.07143
-0.77695668 -3.0687625 -0.25158709 169.3125
-0.76616687 -2.7510667 -0.2664749 173.20833
-0.70396715 -1.3652046 -0.2970227 161
-0.7040543 -1.2601171 -0.29945365 174
-0.70616072 -1.1448814 -0.2953833 186.5
-0.74390525 -1.0355818 -0.26425347 180.96875
-0.77515727 -0.60886145 -0.2915723 140.25
-0.78368616 -0.58583331 -0.25272301 134.66666
-0.79278851 -0.49300107 -0.25589544 137.25
-0.75504708 -0.12164656 -0.2977547 173.31061
-0.78412342 -0.0047235684 -0.29538971 168.5
-0.75156319 0.052264482 -0.28894284 177.20454
-0.75566369 0.13846296 -0.28920013 178.35555
-0.73335779 0.27680159 -0.28008729 194.76666
-0.76141918 0.34494239 -0.26316884 155.87511
-0.74388611 0.44004437 -0.27618527 189.8492
-0.73149937 0.54197359 -0.27620429 186.35985
-0.74209714 0.64413214 -0.26741019 190.11111
-0.75900149 0.72395343 -0.28341538 167.18182
-0.76233524 0.84062654 -0.26428574 147.59721
-0.71735448 0.91284102 -0.24261227 162.5
-0.75668788 1.0476094 -0.22450836 175.02315
-0.74549693 1.1790142 -0.2366982 158
-0.70741749 1.2557375 -0.27256754 180.2
-0.76332152 1.335407 -0.27386463 177.8611
-0.74954903 1.4629633 -0.22784872 167.65834
-0.78520948 1.5242734 -0.2341412 183.05
-0.732041 1.6422554 -0.25438493 154.95039
-0.77932459 1.7525057 -0.24189429 156.45
-0.7912246 1.8496112 -0.26581109 124.66666
-0.74589664 1.9789551 -0.23683418 179.0625
-0.775895 2.0858955 -0.20696081 184.08333
-0.73480606 2.137305 -0.22832917 179.00694
-0.73239285 2.224256 -0.22712834 180.95192
-0.78791332 2.3329842 -0.22313201 171.05
-0.76618385 2.4282925 -0.20160221 168.39999
-0.76487464 -4.199358 -0.13071084 213.33333
-0.76241612 -3.0688145 -0.11850009 145.87097
-0.74376762 -0.52283597 -0.16619124 131
-0.74913877 -0.47424328 -0.1639822 141.66667
-0.77396989 0.38365394 -0.1101598 119.66666
-0.76604885 0.40039882 -0.15596218 129.75
-0.70021117 0.8884666 -0.19308038 133.03125
-0.70692992 1.1124134 -0.19852278 180.25
-0.79274607 1.3727851 -0.18900317 182.5
-0.76005071 1.4610924 -0.16822286 174.92444
-0.73887789 1.5519327 -0.18211995 177.3243
-0.73252499 1.6559753 -0.18122424 181.325
-0.77871227 1.7193335 -0.15530731 143.19566
-0.75171494 1.8535 -0.18477072 170.20988
-0.76182657 1.9431921 -0.17729913 171.3875
-0.74154234 2.017081 -0.17494954 165.68518
-0.75084621 2.1565127 -0.13084155 151.80556
-0.74587816 2.267863 -0.12484197 142.625
-0.75522357 2.3918054 -0.11780162 139.25
-0.72574264 2.4527395 -0.12728755 158.18333
-0.73486626 2.5702341 -0.14219575 141.69762
-0.72884899 2.6295128 -0.12578973 143.36389
-0.79090774 2.731025 -0.10231712 152
-0.7718631 2.8647726 -0.12441596 154.33333
-0.77498192 2.9336822 -0.12168114 156.86667
-0.74523932 3.037755 -0.13040078 152.3642
-0.76018995 3.1083105 -0.12361389 142.32018
-0.73892581 3.247226 -0.12584209 159.6207
-0.75763208 3.3245668 -0.1219301 178.22223
-0.71782237 -3.0671763 -0.049153075 154.5
-0.74578464 1.5222147 -0.070658177 161.92857
-0.73029184 1.7626443 -0.083728246 125.22857
-0.79453552 2.2459836 -0.096018024 174.14285
-0.77362996 2.3461995 -0.066215917 146.45049
-0.74457729 2.4406497 -0.050363392 133.98087
-0.74549365 2.5671592 -0.058000952 138.57692
-0.70714551 2.649437 -0.045475241 146.88
-0.7516064 2.7496271 -0.062425181 156.02928
-0.75019097 2.8368912 -0.064336702 156.47223
-0.73380023 2.9494894 -0.054040134 166.61055
-0.72737449 3.0353971 -0.047420915 165.84106
-0.7517181 3.1517458 -0.043305323 154.05
-0.72004169 3.2269917 -0.045825593 151.125
-0.74908817 3.394763 -0.09841086 184
-0.74859267 3.4946842 -0.089932069 187.39999
-0.74450183 2.3664267 0.069253206 118.75
-0.70073098 2.4961405 0.062617064 132.16667
-0.75789475 3.238097 0.0067746965 187.71428
-0.78599584 3.3457141 0.012316437 189.2
-0.70577645 3.4264741 0.021327423 185
-0.72656435 3.5263584 0.028761676 176
-0.60998565 -2.8381052 -0.42158088 180
-0.66374063 -2.7261362 -0.41279316 181.125
-0.63404578 -2.5831742 -0.41157827 182.83334
-0.6625756 -2.4523056 -0.4076207 176.59999
-0.69298476 -2.3287036 -0.41131639 178.5
-0.64423603 -2.2099118 -0.41494992 170.375
-0.61628968 -2.1368275 -0.40952504 155
-0.62345856 -2.0953133 -0.40973768 150
-0.65185338 -3.9551592 -0.3861973 201.125
-0.63461196 -3.8201654 -0.38277018 176.3
-0.67136985 -3.7339454 -0.38277403 179.29166
-0.68336129 -3.626101 -0.37806779 187.95834
-0.6839745 -3.5344048 -0.38069293 187.07143
-0.66350973 -3.4579482 -0.37829161 192.24583
-0.66865259 -3.3356364 -0.37841088 186.8485
-0.66611683 -3.280674 -0.35422277 154.65404
-0.63835931 -3.1540892 -0.35853851 179.45358
-0.65636134 -2.9481654 -0.37633872 169.48485
-0.67060918 -2.8452513 -0.36119545 174.59259
-0.6920023 -2.6431646 -0.39029232 174
-0.69025946 -2.3488185 -0.37711018 178.8889
-0.68380737 -2.2466567 -0.35902452 184.63376
-0.63169843 -2.1588504 -0.35251048 187.2
-0.6505692 -2.0437498 -0.35500342 191.66667
-0.60089016 -1.5151844 -0.35124686 175.84616
-0.62843978 -1.4249954 -0.36590102 186.45587
-0.64367771 -1.3262302 -0.3506763 188
-0.66240138 -1.2419881 -0.34269008 174.84444
-0.69599223 -1.1755267 -0.32723662 151
-0.651048 -1.0376867 -0.34428865 182.77777
-0.62804544 -0.96810097 -0.33559102 179.17879
-0.6554482 -0.85977614 -0.33661792 177.34697
-0.63670987 -0.76600093 -0.35235435 180.80342
-0.65604484 -0.66248363 -0.33527836 180.45793
-0.62659389 -0.55868858 -0.35949796 188.83333
-0.63760859 -0.44362542 -0.34493658 178.50716
-0.65092576 -0.34018975 -0.3206749 170.67188
-0.64638549 -0.25513309 -0.32352141 182.73215
-0.64608198 -0.15015584 -0.37815303 180.5
-0.65798551 -0.027835459 -0.37114799 187.66666
-0.65896934 0.065299869 -0.34847233 192.20834
-0.65444112 0.15654014 -0.33456871 183.71228
-0.64323324 0.24919626 -0.32966933 166.21083
-0.66062284 0.35949713 -0.32012933 185.52777
-0.6619423 0.47191465 -0.34080806 189.05556
-0.64351749 0.56951761 -0.34738219 177.77777
-0.64280409 0.64244384 -0.34303391 177.175
-0.63959134 0.75449222 -0.34276575 180.6738
-0.64759701 0.86117482 -0.34766325 181
-0.66176802 -4.1416278 -0.24173492 169.25
-0.69642174 -4.0686088 -0.24718393 173
-0.67680359 -3.3217678 -0.25851515 181.33333
-0.64771056 -3.2425075 -0.24343048 136.1875
-0.69266909 -3.1559815 -0.2977384 173
-0.65198797 -2.8440883 -0.25312591 149.5
-0.64374608 -2.7897923 -0.2771939 156.5
-0.60966575 -1.2455186 -0.29335976 178.60001
-0.62551928 -1.138743 -0.2899406 187.60001
-0.63704038 -1.0546834 -0.29035076 185.5
-0.61148876 -0.56359982 -0.29979885 191
-0.65509838 -0.4594481 -0.29967934 190.33333
-0.67657745 -0.36511216 -0.25233275 174.23334
-0.68937016 -0.25241619 -0.29350808 183
-0.64200133 -0.15387703 -0.29267973 178.94615
-0.6651212 -0.048346084 -0.29112542 179.825
-0.63899046 0.049586803 -0.28233775 178.34615
-0.6409145 0.12434264 -0.27958357 181.16666
-0.64839756 0.26151744 -0.27118823 179.10741
-0.65864104 0.35244003 -0.28042164 194.84126
-0.62919492 0.44149867 -0.25151923 187.54497
-0.63316983 0.53112173 -0.26643822 181.60606
-0.63310456 0.65073144 -0.25970659 182.89285
-0.65299386 0.79386145 -0.24056853 169.375
-0.62542486 0.92845696 -0.24172913 176.625
-0.65507573 1.0619509 -0.23935165 151.75
-0.63630885 1.119015 -0.24140012 146.75
-0.64930379 1.383266 -0.26004806 172.14285
-0.64868706 1.4563674 -0.2447951 164.08499
-0.64445245 1.545782 -0.26361603 162.2
-0.65489775 1.6566578 -0.25101614 147.48334
-0.67339939 1.7438347 -0.25098526 160.44444
-0.6778394 1.8511163 -0.25784653 156.28787
-0.64914393 1.9671667 -0.25398436 186.375
-0.64984357 2.0646052 -0.23643549 182.86195
-0.61995238 2.165961 -0.22676295 184.38095
-0.67361063 2.2998271 -0.20416935 184.8
-0.65403956 2.3458459 -0.23760733 177.46429
-0.67274457 2.4308074 -0.21804063 173.52777
-0.64314741 2.550102 -0.23501849 179.68132
-0.66041285 -3.2588286 -0.16840222 124.25
-0.62771642 -2.9277833 -0.19677271 119
-0.64060104 -2.899586 -0.19708438 127
-0.6103875 -0.16356507 -0.15525156 138
-0.66843152 0.29952383 -0.17528753 126.66666
-0.68241465 0.31436548 -0.16294828 131
-0.66202879 0.89437276 -0.14729004 122.6
-0.62041509 0.93568313 -0.11086089 129
-0.62791556 1.0785899 -0.19920659 179.8
-0.62979478 1.147683 -0.17318599 152.88136
-0.62372351 1.2401251 -0.1957202 181.33333
-0.6535449 1.4917636 -0.18275686 155.75
-0.63076657 1.5684974 -0.15139455 153.26315
-0.64059901 1.6359129 -0.15736477 164.39029
-0.67493463 1.7254903 -0.1740762 175.85715
-0.65844786 1.8679285 -0.17312081 169.88333
-0.65533876 1.951902 -0.17632996 177.76387
-0.66526991 2.0458565 -0.1445104 146.91666
-0.64266074 2.1304417 -0.15248306 151.91667
-0.63211137 2.2566066 -0.12327793 156.23296
-0.64615029 2.3579111 -0.14619394 152.3
-0.62169939 2.471746 -0.15996687 166.375
-0.6530022 2.5411558 -0.14111272 151.81667
-0.62206489 2.6243603 -0.12142807 148.98784
-0.63609385 2.7656648 -0.1372665 160.04167
-0.67346221 2.848763 -0.13763978 166.22726
-0.65464824 2.9510362 -0.12896688 159.80952
-0.65170151 3.0505207 -0.13513504 174.24315
-0.65832216 3.1394289 -0.13467978 172.59344
-0.64907134 3.2478776 -0.12867768 174.625
-0.65263289 3.3148091 -0.11426907 184.07692
-0.60087746 1.1915821 -0.069565363 122
-0.68389279 1.4285189 -0.058595557 135.74118
-0.67040628 1.8166565 -0.053303842 136.5
-0.68794584 2.2633727 -0.095517218 175.5
-0.62443334 2.5506783 -0.063341901 141.25
-0.64456832 2.6628246 -0.046500828 141.68098
-0.61812329 2.7640409 -0.047386188 149.21739
-0.64089519 2.8373685 -0.053183425 154.2605
-0.63090521 2.9369733 -0.040833298 159.77374
-0.64582521 3.0458741 -0.046390515 163.45801
-0.62500024 3.1352689 -0.067514569 152.125
-0.61694515 3.2315149 -0.04584251 151
-0.67785048 3.3457639 -0.071342714 129.25
-0.64232177 3.4004886 -0.097760901 183.54546
-0.61684412 3.5046439 -0.082350776 187.83333
-0.69812369 3.6088352 -0.08637429 178.8
-0.6875903 3.7216866 -0.075018555 169.39999
-0.68015695 3.8313298 -0.073112041 160
-0.69856977 2.5081456 0.076790228 130
-0.64173341 2.6170063 0.018397747 151.5
-0.65225542 2.8489127 0.017165575 187.925
-0.60316056 2.9618564 0.028254831 190.39999
-0.63169652 3.0367954 0.033260006 180
-0.65462518 3.1790469 0.0014818705 184.16667
-0.67076302 3.2570233 0.0077684713 187.33333
-0.64366096 3.3374505 0.014830157 189.27499
-0.60991341 3.4500473 0.018048346 187.33333
-0.61423749 3.5522599 0.034301393 172
-0.62083334 3.6077814 0.03024321 170
-0.58149928 -2.5215747 -0.40909413 176.75
-0.54925942 -2.4614196 -0.40950996 172.08333
-0.54958093 -2.3414102 -0.40931165 175.125
-0.59113961 -4.0549951 -0.38612729 200
-0.55855405 -3.9480796 -0.38151839 199.66667
-0.52764499 -3.8473713 -0.37771958 196.8
-0.54705179 -3.7389708 -0.37491402 174.5
-0.55767369 -3.6688774 -0.37616438 178.4375
-0.57004219 -3.5811119 -0.37610146 185.41071
-0.57406449 -3.4597087 -0.36799258 189.33473
-0.53687775 -3.3454216 -0.35893095 183.46249
-0.55527627 -3.265506 -0.34209526 183.46249
-0.55323488 -3.1574554 -0.36301425 183.87262
-0.55034137 -3.048636 -0.36644667 183.97408
-0.57563984 -2.914052 -0.37416354 171.05882
-0.54685897 -2.8366356 -0.34816182 173.98863
-0.56325656 -2.7544453 -0.37612554 171.50916
-0.5373109 -2.6716673 -0.36305222 167
-0.54394466 -2.5819821 -0.39239663 171.66667
-0.59885144 -2.3261456 -0.37050125 194
-0.54213434 -2.259506 -0.3740077 184.1111
-0.59365773 -2.1541133 -0.37247166 187.77777
-0.53940284 -2.0548065 -0.37298983 188
-0.51542634 -1.9524633 -0.37230426 189
-0.50148511 -1.7454853 -0.37537721 188.5
-0.55993539 -1.6573443 -0.34586409 162
-0.54390937 -1.5734289 -0.32742 163.2
-0.55395532 -1.3613458 -0.35199836 188.25926
-0.56781417 -1.2091179 -0.33632398 190
-0.57109529 -1.1309764 -0.32245567 155.5
-0.5539012 -1.0902743 -0.34492427 192.33334
-0.54361337 -0.94740552 -0.35903066 167.09999
-0.55809689 -0.8584609 -0.34863374 180.79167
-0.54865873 -0.7574867 -0.34358731 189.3125
-0.54772413 -0.64626843 -0.34799868 189.60625
-0.51675403 -0.55939788 -0.36961955 191.88889
-0.56055379 -0.46564448 -0.35005155 184.925
-0.53854942 -0.3339957 -0.35343051 175.07143
-0.59992433 -0.24595085 -0.30910486 174.125
-0.54561627 -0.15624359 -0.31908461 178
-0.53454685 -0.063778266 -0.33284658 186.675
-0.58068174 0.034054257 -0.33124459 192.33333
-0.52884322 0.15291898 -0.32812539 186.04808
-0.55584079 0.27466896 -0.31622061 190.42857
-0.56484818 0.35656202 -0.32826495 185.21747
-0.55642503 0.52162689 -0.33755481 178.80833
-0.57132745 0.63555384 -0.34641051 181.89999
-0.51876706 0.78957421 -0.35592985 178
-0.55813557 1.0436294 -0.35650435 165
-0.56967568 1.1134428 -0.35417721 160
-0.56159675 -3.322217 -0.25335854 177
-0.57116187 -3.2605269 -0.26664972 145.90475
-0.52358663 -2.9302454 -0.24010594 145.79028
-0.53835076 -2.818795 -0.23707022 143.51724
-0.56994909 -2.7749553 -0.24833584 129.5
-0.59716839 -1.3396058 -0.29146942 166.33333
-0.51205266 -1.2351942 -0.26169503 165.89999
-0.53089964 -1.1706756 -0.29442602 185.33333
-0.52980703 -1.0631224 -0.28625727 187.25
-0.53179312 -0.95573592 -0.28958091 182.38461
-0.56972843 -0.84987915 -0.29196972 173.8
-0.50005209 -0.6483537 -0.29309738 190.5
-0.55399221 -0.5545969 -0.29754972 189.10001
-0.5616169 -0.45093295 -0.29510716 177.13409
-0.55306268 -0.35627943 -0.29519996 179.66075
-0.56081969 -0.25200725 -0.29459316 181.04167
-0.57694983 -0.15722172 -0.26800412 179.55556
-0.5596354 -0.052200217 -0.28167227 183.76984
-0.52975959 0.064382933 -0.27583557 185.75
-0.53604597 0.16258754 -0.27823499 184.38333
-0.56983036 0.23646331 -0.27404824 188.94444
-0.5663929 0.3367371 -0.27427825 189.74362
-0.51786315 0.44932771 -0.25840116 187.78572
-0.54636949 0.55686331 -0.25903451 178.90504
-0.53519076 0.64942604 -0.23511501 185.60001
-0.52714545 0.75632256 -0.21981713 173.28889
-0.53837085 0.85126233 -0.21682557 173.64166
-0.54351598 0.95387459 -0.23911889 180.72502
-0.53205997 1.0668092 -0.22892243 167.13889
-0.55185455 1.1111641 -0.23223747 187
-0.54652321 1.2654821 -0.25731775 180.05
-0.55346286 1.3507499 -0.25000975 175.82285
-0.55820513 1.479804 -0.2446768 173.40001
-0.59493589 1.548057 -0.25587672 164
-0.5818547 1.663057 -0.2638289 165.89999
-0.53313166 1.7601905 -0.232169 160.66667
-0.56718355 1.8253251 -0.23841378 167.25
-0.55281961 1.9604727 -0.25426307 189.5
-0.56912047 2.1249597 -0.24346353 185.64285
-0.55216032 2.2415981 -0.22898832 184.72223
-0.54743958 2.3451171 -0.21501099 179.97437
-0.56413519 2.4518921 -0.22309652 183.5
-0.52746111 2.6335235 -0.22768153 185.95
-0.5398581 -2.9345949 -0.16369312 132.3
-0.54887784 -0.20786661 -0.16263863 148
-0.52854323 0.45961553 -0.14366946 170
-0.57213044 0.84668255 -0.18683837 152.5
-0.57319927 0.93532932 -0.19903061 175
-0.52425557 1.1156943 -0.12028902 127.54546
-0.55699438 1.2457455 -0.19470258 181.375
-0.55181593 1.3513961 -0.19056177 175
-0.54036701 1.5432825 -0.17534575 188.8
-0.57086408 1.6553719 -0.16472465 165.25
-0.58328885 1.794036 -0.14640789 143.60001
-0.55887121 1.8568376 -0.16824418 167.04041
-0.54940665 1.9489267 -0.17410754 174.47279
-0.55725473 2.0555589 -0.16173045 166.825
-0.55040497 2.1589534 -0.15386528 158.99843
-0.54132283 2.2695754 -0.15918911 151.37692
-0.55461597 2.3461099 -0.14475921 149.79816
-0.54100204 2.4415841 -0.13352185 151.11945
-0.57601964 2.5323467 -0.13713178 162.14815
-0.56107134 2.6428931 -0.13400625 145.70712
-0.54668069 2.7632589 -0.11481279 156.04953
-0.55933684 2.8446543 -0.12220217 155.425
-0.54618776 2.950587 -0.1254705 152.66666
-0.54768604 3.0361428 -0.12915629 159.15309
-0.55065012 3.1283288 -0.12888157 172.3744
-0.55012643 3.2398107 -0.1198877 175.34444
-0.54329914 3.3425946 -0.12449873 171.77777
-0.51467156 3.4251709 -0.12984912 163.25
-0.51359487 0.51269853 -0.083699785 128.5
-0.55618942 0.90501648 -0.063914999 129
-0.54670966 1.1531461 -0.059580479 126.16667
-0.55965477 2.1844747 -0.041992199 126.45
-0.56184679 2.6535809 -0.059858046 138.81151
-0.55704099 2.7360361 -0.091307029 151.76086
-0.55105776 2.8255653 -0.055082172 151.63515
-0.52606839 2.9289927 -0.055543415 156.77983
-0.55191606 3.051441 -0.042365547 151.0744
-0.54826283 3.168978 -0.039488383 160.80226
-0.55130953 3.2692606 -0.046233285 149.58334
-0.55286467 3.3488162 -0.057320796 156.51111
-0.55617476 3.4270012 -0.094671391 186.825
-0.51196313 3.5250545 -0.0880576 183.35001
-0.5928455 3.6174099 -0.077193484 181.8
-0.5694164 3.7173879 -0.065786526 171
-0.5451082 3.8269324 -0.057640169 160.33333
-0.54487938 2.7676668 0.018134758 187.72223
-0.53792351 2.8500051 0.023935562 188.42857
-0.54673487 3.0928214 0.038823977 181.75
-0.56886381 3.1840093 0.045784395 172.33333
-0.53963095 3.2643991 0.030073874 179.5
-0.59977537 3.3670821 0.0045465869 148.66667
-0.50015461 3.4641156 0.018070504 182.66667
-0.4954524 -2.830241 -0.40976658 178.5
-0.46638069 -4.0371175 -0.37212551 204
-0.45429763 -3.9782083 -0.37510166 200.75
-0.43700761 -3.8756225 -0.37099126 198.25
-0.45024195 -3.7545331 -0.35247165 182.95
-0.43336856 -3.64259 -0.36257178 182.68349
-0.46608105 -3.5594997 -0.37290454 186
-0.47486579 -3.4574206 -0.36507711 184.5
-0.45717582 -3.3172867 -0.36533123 171.11635
-0.46492553 -3.2363584 -0.35720342 186.38887
-0.45518246 -3.1339886 -0.36076006 182.94873
-0.44367391 -3.0550361 -0.35570517 187.35455
-0.44406554 -2.9387052 -0.35403669 183.15178
-0.41616505 -2.7095037 -0.35498935 195.5
-0.40191722 -2.6214776 -0.37006497 184.5
-0.4483293 -2.5742106 -0.37096831 186
-0.44004238 -2.4593933 -0.32845974 181.12224
-0.41519526 -2.2562122 -0.37205324 172
-0.46161783 -2.1510801 -0.36869207 193.60001
-0.4327738 -2.0430036 -0.33845952 194.53571
-0.49752578 -1.9531847 -0.37186581 189
-0.48944274 -1.8629224 -0.37536499 188.66667
-0.4578402 -1.5387632 -0.32375735 175
-0.4870334 -1.4734933 -0.34152588 184.16667
-0.43101361 -1.3774674 -0.34022444 188.64285
-0.46768466 -1.2638708 -0.34045497 190.66667
-0.46461913 -1.1475557 -0.34631565 192.60001
-0.44105211 -1.0346658 -0.34725785 153.83334
-0.4404057 -0.97962099 -0.37358323 196.5
-0.41464463 -0.87519991 -0.34909001 181.25
-0.44239491 -0.74614894 -0.36208603 191.3125
-0.43927929 -0.62580162 -0.35267091 193.33333
-0.47771022 -0.55493307 -0.34053126 160.38461
-0.46074545 -0.45577809 -0.3380878 185.96295
-0.43615976 -0.37269607 -0.34812355 181.89999
-0.41604713 -0.25250092 -0.30109987 137.5
-0.4687883 -0.10706297 -0.30101395 133
-0.41963246 -0.098092586 -0.33489496 190
-0.46014896 0.041621096 -0.33009967 186.72221
-0.43631765 0.12658954 -0.32915509 184.89584
-0.45555851 0.24007656 -0.32851371 182
-0.42372936 0.34564984 -0.32289797 169.5
-0.48407 0.42721951 -0.31935355 173.39285
-0.43878874 0.56469935 -0.32916698 178.31819
-0.43808979 0.66013998 -0.34047967 179.55556
-0.41703805 0.77920997 -0.34904721 176.66667
-0.41893926 0.86681455 -0.35019156 177.5
-0.47987178 0.90954351 -0.34794563 175
-0.42493302 1.0382769 -0.34510183 163
-0.42676982 1.1221918 -0.34614131 156.5
-0.4484973 -3.3403363 -0.28328857 159.5
-0.48037282 -3.2860377 -0.24620132 123.30769
-0.45756659 -3.1081564 -0.28940782 174.8
-0.44540063 -3.0214386 -0.25752121 147.58334
-0.47770891 -2.8681655 -0.29427046 170
-0.41467607 -2.320565 -0.29470363 186.88235
-0.46555296 -2.2404804 -0.29561153 191.66666
-0.49440914 -2.0741553 -0.29899541 197.5
-0.45301101 -1.703072 -0.29855052 144
-0.40022424 -1.6375219 -0.29586053 157.5
-0.40997568 -1.2351099 -0.28720495 181
-0.4527562 -1.1342969 -0.28549394 185.60001
-0.45788017 -0.61174256 -0.29469895 188
-0.4302381 -0.53679579 -0.28375351 185
-0.46873796 -0.43612808 -0.29186803 178.81088
-0.42880246 -0.33738819 -0.28939149 174.81
-0.47458112 -0.24744004 -0.25986242 165.94
-0.44502419 -0.14949846 -0.27117655 183.04546
-0.44465858 -0.049153373 -0.25956064 189
-0.46271294 0.025583338 -0.2608892 191.5
-0.43810079 0.16478433 -0.25446531 182
-0.47260115 0.25364858 -0.27165458 195.4127
-0.42902866 0.36968029 -0.25876364 192.75
-0.45202941 0.4611809 -0.24916553 179.78751
-0.46111721 0.53177077 -0.26281106 182.4213
-0.42961428 0.62308484 -0.24399453 191
-0.44203293 0.77485329 -0.2315767 171.45
-0.43776229 0.87375784 -0.24247639 187.18649
-0.44366875 0.97201735 -0.24640295 185.89999
-0.42946878 1.0501997 -0.2385859 180.0625
-0.44294736 1.1439071 -0.25393954 182.65335
-0.46716475 1.2471881 -0.25385523 181.33333
-0.44968694 1.3644909 -0.25634286 186.29167
-0.4887259 1.4914871 -0.26180702 185
-0.4851594 1.5316387 -0.24140322 155.16666
-0.45556176 1.6595944 -0.23251282 148.125
-0.45152104 1.7381154 -0.25704157 154.66666
-0.4488059 1.8318233 -0.25263357 154.5
-0.43485132 1.9439247 -0.25680652 184
-0.49118707 2.0689795 -0.24621016 188.5
-0.46618697 2.1494062 -0.2461981 186
-0.4521144 2.2464666 -0.23019417 180.59723
-0.46106264 2.312994 -0.24137676 185.5
-0.47065872 2.4478235 -0.22025703 175.075
-0.40805137 2.7044091 -0.22928829 181
-0.4503645 -2.9515254 -0.15067343 148
-0.41875404 0.1679433 -0.13182178 158
-0.43414131 0.3120594 -0.18972853 188
-0.43551871 0.46773767 -0.19579536 151.20731
-0.40217429 0.7751593 -0.19682027 157
-0.41070175 0.86994725 -0.1994725 154
-0.45960882 1.1132615 -0.19990447 181.66667
-0.45395306 1.2837281 -0.19299088 177.5
-0.49736869 1.4354613 -0.18718964 167
-0.42459208 1.5420141 -0.17301393 158
-0.47281003 1.6203024 -0.16176564 154.66667
-0.46668491 1.7525296 -0.15882128 162.63365
-0.45201981 1.8729321 -0.17150031 171.59999
-0.46604851 1.9645488 -0.16519125 168.66251
-0.46067277 2.0590937 -0.15462889 168.01575
-0.45411932 2.1678879 -0.15290706 154.79582
-0.44472316 2.2559826 -0.14972818 151.2402
-0.44480225 2.3452253 -0.14504975 147.77361
-0.44672668 2.4427063 -0.14340845 158.24777
-0.4626798 2.5508518 -0.14576882 147.29254
-0.45855454 2.6588793 -0.13087976 145.9881
-0.44587716 2.7598495 -0.11251182 159.41666
-0.46153423 2.855612 -0.12130398 148.93056
-0.43474928 2.9489076 -0.12400368 153.28333
-0.44246715 3.0496664 -0.13181251 168.14587
-0.44227192 3.1390376 -0.13182826 167.40968
-0.45117173 3.2196469 -0.11861788 171.9248
-0.42985737 3.3240147 -0.11471753 175.31439
-0.45694527 3.5246108 -0.12328289 163
-0.49360108 0.48101118 -0.085509688 137.57143
-0.45660228 0.93047011 -0.086563505 149
-0.46168295 2.164083 -0.021651734 124.65556
-0.40758049 2.3014126 -0.066799909 126.63636
-0.43400604 2.8865321 -0.041217458 149.375
-0.45008758 2.9610455 -0.061481547 146.43478
-0.46383199 3.0571036 -0.041665934 161.88611
-0.44255108 3.1544676 -0.04782844 155.8727
-0.45189366 3.2657356 -0.041249182 156.4111
-0.43700469 3.3175452 -0.090272225 154.625
-0.45325089 3.4177313 -0.094379075 187.34821
-0.42883393 3.5451124 -0.09030515 183.66667
-0.48923203 3.6118522 -0.080095984 177
-0.45371997 3.7092915 -0.0728781 170.5
-0.41283128 3.8203912 -0.063411281 158.75
-0.41171706 2.2428782 0.062987491 136.16667
-0.45163977 2.6071625 0.031662364 127
-0.44377056 2.7350938 0.015046894 183
-0.41569504 2.8122077 0.016283909 181.88889
-0.47732988 2.9446247 0.027823132 188.14999
-0.42088783 3.0300474 0.035697337 188.14285
-0.46214271 3.1371858 0.036981739 182.5
-0.46344075 3.2437012 0.028233906 182.51135
-0.45494306 3.3424728 0.026854165 171.72223
-0.45522833 3.4118366 0.037297495 156.16666
-0.49076137 3.5606072 0.030998584 171
-0.48783609 3.6205211 0.030536916 170
-0.34188592 -3.9926753 -0.36552045 201
-0.32452932 -3.8435035 -0.37276271 196.08334
-0.34633768 -3.7563376 -0.37555906 171.57143
-0.3491331 -3.6453369 -0.38726401 157.88033
-0.35403326 -3.5524094 -0.37991279 181.33333
-0.39253592 -3.4531221 -0.36653033 186.92308
-0.37143502 -3.3263106 -0.37145486 169.28947
-0.32658643 -3.2330415 -0.3658343 179.77777
-0.36396566 -3.1980157 -0.35894912 192.10001
-0.34165984 -3.0584271 -0.36642411 168.06667
-0.36132187 -2.9381351 -0.33036187 187.88889
-0.35267922 -2.8386211 -0.34719574 174.41071
-0.34442073 -2.7223048 -0.3544547 192.33333
-0.31517589 -2.6399312 -0.3658886 176.91667
-0.35290107 -2.5360897 -0.36608011 188
-0.33956939 -2.4331355 -0.30206129 178.47826
-0.30181628 -2.272048 -0.36558014 171
-0.33930176 -2.1300051 -0.30031717 193.66667
-0.30386165 -2.0472598 -0.30352747 196.60001
-0.39238667 -1.9574033 -0.36911082 195
-0.3563503 -1.5503638 -0.33944061 187.74286
-0.36084643 -1.471982 -0.33765051 188.66666
-0.32478538 -1.3680542 -0.34230894 190.75
-0.34003261 -1.2743945 -0.34224343 191.83333
-0.38942131 -1.1976264 -0.34164405 192
-0.31055242 -1.0615358 -0.36695138 171.75
-0.3602944 -0.95236039 -0.34854782 160.33334
-0.32623667 -0.8154363 -0.32138234 162.33333
-0.35023338 -0.74751639 -0.34936237 178.29167
-0.32347873 -0.66189456 -0.35151824 172.74001
-0.34435651 -0.55434436 -0.34459698 185.8125
-0.34372142 -0.43186948 -0.34199226 185.30826
-0.33106908 -0.32701793 -0.35975608 179.11472
-0.3149935 -0.064447261 -0.36351013 170
-0.3465344 0.045229387 -0.32937929 191
-0.38777855 0.19366805 -0.32472104 178.89999
-0.32680655 0.31728464 -0.3093597 162
-0.37362939 0.43891299 -0.32441801 180.75
-0.35815018 0.52878237 -0.34884214 184.75
-0.33284384 0.60250443 -0.34880781 187.60001
-0.34016883 0.75662065 -0.34873152 178.25
-0.3065688 0.87900299 -0.34037125 172
-0.33469188 0.92553669 -0.31164625 152
-0.33011237 -3.3299963 -0.29816896 188
-0.37180626 -3.1409602 -0.28276718 177.66667
-0.33705202 -3.0434165 -0.25653407 149.75
-0.36718521 -2.937988 -0.28533712 143.33333
-0.39361206 -2.2087536 -0.29516622 191.83333
-0.32635462 -1.7858303 -0.28556201 147
-0.33274391 -1.5534152 -0.29148957 178
-0.39848912 -1.4443763 -0.29813132 180.25
-0.31002045 -1.3581492 -0.29096034 195.39999
-0.37836662 -1.1560788 -0.29517898 194.25
-0.36393946 -0.44037274 -0.28198707 177.30745
-0.32737535 -0.35839152 -0.26223001 182.14285
-0.33127952 -0.24596797 -0.27722657 168.05833
-0.34514084 -0.14684406 -0.25682014 159.77777
-0.35822445 -0.082445979 -0.27540874 169.64584
-0.35852429 0.036164265 -0.25984168 167.16666
-0.34288162 0.12198471 -0.22142667 173.66667
-0.37835062 0.22327863 -0.26546842 188.22221
-0.3461324 0.35870391 -0.25677487 191.99445
-0.38112962 0.43316483 -0.24259052 168.16154
-0.3059653 0.50954103 -0.25397277 184.3
-0.31718823 0.62573797 -0.21907139 181.26923
-0.32945263 0.76562297 -0.25866184 189.54167
-0.34615156 0.86334628 -0.23851648 179.20834
-0.3478694 0.94342881 -0.23405866 187.48215
-0.34962881 1.0468911 -0.24036433 186.97618
-0.34394681 1.1371224 -0.24500884 187.26387
-0.37164727 1.2536589 -0.24163991 185.98055
-0.35370824 1.3624831 -0.23596807 182.64285
-0.35586673 1.4162194 -0.24309546 185.39999
-0.34896502 1.6247886 -0.21004631 148.875
-0.38374355 1.7437822 -0.20799579 163.85715
-0.36045885 1.8675843 -0.22551683 155.375
-0.34974733 1.9002507 -0.25560829 167
-0.39472899 2.0324953 -0.25274375 179
-0.3191714 2.4193697 -0.23760946 181
-0.33896619 2.7460778 -0.22471176 168
-0.31271374 -3.0339513 -0.18256545 162.5
-0.34770346 -2.9903138 -0.17201485 124.72619
-0.31000444 -0.52957714 -0.19308722 195
-0.31244111 -0.37626705 -0.19220136 177
-0.3035543 0.094406553 -0.13026269 139.75
-0.34753573 0.3567327 -0.19569819 189.58333
-0.34441137 0.4130891 -0.15323621 196.5
-0.32172242 0.59783274 -0.19841728 175
-0.31917465 0.65396464 -0.19903511 172
-0.38285807 0.83958644 -0.19953811 157
-0.30277184 1.0938245 -0.19725154 174
-0.37582073 1.1909382 -0.19227137 178
-0.31588009 1.2437732 -0.19567369 170
-0.38247591 1.3684559 -0.18902461 164
-0.33427161 1.4501698 -0.17730641 161
-0.36818409 1.6610334 -0.18089147 172
-0.35684118 1.7479731 -0.16582543 171.24167
-0.35907701 1.8787038 -0.1694238 175.95833
-0.362331 1.968527 -0.15383942 175.50693
-0.35895571 2.0511134 -0.14819449 171.57101
-0.33886969 2.1611865 -0.16587701 154.26668
-0.34179837 2.2584705 -0.16388251 157.68263
-0.34663871 2.3586271 -0.15667205 157.88766
-0.35516942 2.4561789 -0.1474542 151.74715
-0.34442794 2.5254157 -0.14521781 146.19035
-0.3558383 2.6624777 -0.11585388 151.82689
-0.36496741 2.7522724 -0.12907314 163.83334
-0.35808262 2.8530805 -0.13516444 151.19444
-0.34946379 2.9896784 -0.1095827 144
-0.37620577 3.0241108 -0.15347023 153.22223
-0.3689262 3.1302278 -0.13272333 170.05147
-0.35168427 3.2382939 -0.12248015 169.61945
-0.35635298 3.318301 -0.1040868 182.63712
-0.35439292 3.4110878 -0.12258446 173.05
-0.33817914 3.5836012 -0.11774224 163.5
-0.32814834 -0.16258517 -0.078364395 144
-0.30129361 0.045130543 -0.056096662 131.25
-0.33547279 2.1418016 -0.097276062 170.87776
-0.32925516 2.2667449 -0.066328801 148.5526
-0.31183717 2.363018 -0.036441628 149.8
-0.38083631 2.4382987 -0.049995434 149.33333
-0.35606059 2.5417161 -0.031046975 160.125
-0.33180121 2.6703134 -0.028353905 174.30556
-0.35437396 2.7962022 -0.029248834 189.33333
-0.35619467 2.886194 -0.037554175 165.75
-0.36882642 2.9499865 -0.055668224 162.34523
-0.33529371 3.0553157 -0.060140472 155.16667
-0.34996653 3.1640892 -0.041726116 162.57381
-0.37127033 3.2601886 -0.01678046 168.5
-0.39113161 3.3261504 -0.07469669 121
-0.35017836 3.4423511 -0.08588811 186.79366
-0.33238259 3.5275645 -0.090793766 181.25
-0.34633863 3.6450901 -0.081037626 173.67778
-0.35505995 2.2603703 0.022620179 136.66666
-0.37057519 2.7242317 0.00051291939 178.0625
-0.32987863 2.8610013 0.026519617 145.02777
-0.35996333 2.9352417 0.02541911 182.60001
-0.3256765 3.0863883 0.040796045 186.66667
-0.33189577 3.1595998 0.048991859 188.2
-0.35583049 3.2643185 0.027660245 185.66071
-0.34960917 3.3521624 0.025053617 172.41109
-0.35096887 3.4436886 0.0423018 164.55
-0.37131426 3.5635068 0.028196672 173
-0.34379971 3.6834891 0.041097984 163
-0.2647396 -3.9434791 -0.37239581 173
-0.24284674 -3.8784337 -0.35191301 198.60001
-0.22538489 -3.7470384 -0.37381047 181.51851
-0.26899281 -3.6546707 -0.35558102 181.49384
-0.2470184 -3.5630419 -0.36803129 172.97856
-0.24925761 -3.4608614 -0.36445144 180.34001
-0.29824972 -3.3605208 -0.37004191 196.2
-0.22233398 -3.2425776 -0.36920232 180.3
-0.20212635 -3.1030428 -0.36087212 168
-0.23150899 -3.0276282 -0.33998692 185.49243
-0.25507751 -2.9450936 -0.35454419 175.57224
-0.25215083 -2.8459167 -0.35239142 178.69792
-0.26783732 -2.7440231 -0.36309046 172.75
-0.20959434 -2.6508391 -0.3542417 185.625
-0.24113037 -2.5509021 -0.35700214 149.33333
-0.21436125 -2.4397259 -0.30152851 178.18182
-0.20796286 -2.3690054 -0.30245748 182.83333
-0.20769525 -2.0673766 -0.30396673 196.5
-0.29718384 -1.9674221 -0.30743268 200
-0.22191969 -1.4281514 -0.33504087 186
-0.24603721 -1.3323095 -0.33720893 186.60001
-0.2740781 -1.2325253 -0.34050301 185
-0.20669696 -1.1037326 -0.37901998 191
-0.22882298 -1.0510821 -0.36618063 172.16666
-0.25628042 -0.92560798 -0.37174264 185.31111
-0.27114958 -0.84158397 -0.36571902 169.2803
-0.2542181 -0.76914477 -0.34573311 174.16667
-0.23081252 -0.65248764 -0.36034846 180.14999
-0.25687429 -0.56526995 -0.34131709 176.91667
-0.24097016 -0.49648452 -0.33749047 189.16666
-0.24656332 -0.36512581 -0.36073893 174.31482
-0.23421577 -0.27796763 -0.35990098 176.34782
-0.22605056 0.33032274 -0.3540906 178
-0.27528515 0.49160355 -0.35383242 185
-0.24383159 0.5141573 -0.34835762 186.2
-0.2527591 0.66345149 -0.33053452 180.8
-0.21537818 0.74959302 -0.34762958 179
-0.29942292 0.9273482 -0.34666279 174
-0.28965825 1.0339341 -0.34233448 165.5
-0.25793016 -3.3211801 -0.29429433 186
-0.28297684 -3.1824603 -0.27594545 179
-0.29940102 -2.3178391 -0.29727387 185.69231
-0.28576496 -2.2402048 -0.29252073 189.84616
-0.24321312 -2.1758873 -0.29130626 193
-0.29104874 -1.7278688 -0.28289238 157.5
-0.24574493 -1.6552488 -0.28314975 176.33333
-0.24997482 -1.4505996 -0.28710935 194.60001
-0.26510128 -1.3149587 -0.28968155 194
-0.21320125 -1.2613604 -0.273332 192.75
-0.26808432 -1.1335109 -0.275599 190.55556
-0.23349322 -1.0700296 -0.25923678 188.39285
-0.26255372 -0.47841081 -0.28920221 163.08334
-0.2514497 -0.35276768 -0.27480638 165.66667
-0.23205814 -0.25177601 -0.24281378 191
-0.22770754 -0.15372328 -0.2450863 156.8
-0.25003943 -0.049454022 -0.23557867 160.48502
-0.28236845 0.029901043 -0.25813329 195.33333
-0.29430756 0.14523652 -0.2052518 179
-0.257871 0.26847762 -0.26572439 193.33333
-0.25748292 0.35208064 -0.23406778 168.50577
-0.24743469 0.43137923 -0.24991097 186.58334
-0.21552832 0.53259993 -0.24944246 182.50658
-0.20314689 0.6117003 -0.23327419 182.75
-0.23671262 0.70398587 -0.23870282 182.47368
-0.24740712 0.83832616 -0.23801452 183.56667
-0.24416798 0.95675057 -0.23202816 175.59723
-0.26402247 1.0432498 -0.23776388 189.34723
-0.28506702 1.1646048 -0.22504325 184.63635
-0.24359226 1.2677842 -0.22720411 181.0202
-0.27471095 1.3481586 -0.23133072 183.1875
-0.24410969 1.453972 -0.24059445 168.77777
-0.25789019 1.5607368 -0.22581013 150.20238
-0.2013993 1.6517601 -0.24167086 137.5
-0.23476833 1.7249225 -0.22206545 121
-0.24895191 1.9271245 -0.20387542 189.5
-0.22454306 2.001596 -0.2052007 132
-0.26091987 -1.0752654 -0.16998647 174.7
-0.21979989 -0.32944623 -0.19322748 198
-0.2308695 -0.13692802 -0.13934162 178.53394
-0.2741037 0.0087693958 -0.16048135 130.53847
-0.2424866 0.17858769 -0.15321851 159
-0.24305297 0.24458757 -0.14728387 178.71785
-0.25404456 0.33230332 -0.17499594 190.72223
-0.26618111 0.43510714 -0.1778696 195.66667
-0.22625749 0.55303293 -0.19818445 177.83333
-0.24801664 0.65502894 -0.19465163 172.5
-0.22644015 0.75993234 -0.19423342 170
-0.25329626 0.86492085 -0.19555423 164
-0.27323213 0.93662184 -0.1926706 158
-0.23478734 1.0763794 -0.18973324 142.7
-0.22357315 1.1350772 -0.15609694 142.65109
-0.23998231 1.228453 -0.15519068 160.5
-0.22801475 1.3253865 -0.18713318 158.66667
-0.24809909 1.4733099 -0.1708581 161.10001
-0.27624479 1.5514408 -0.16621535 157.2
-0.26184648 1.6737144 -0.17379025 164
-0.25845692 1.7651417 -0.17057171 167.7
-0.27848849 1.838496 -0.17531531 174.52977
-0.27298561 1.9604927 -0.15073635 170.94734
-0.24385428 2.0713069 -0.15801896 170.49643
-0.23813871 2.1493647 -0.15983626 157.60349
-0.24794836 2.2493336 -0.15819973 166.63704
-0.2612763 2.3560967 -0.15362118 163.18784
-0.25599602 2.4553909 -0.13570483 160.82869
-0.25658637 2.5605726 -0.13882363 155.34744
-0.25661138 2.6495664 -0.15679942 146
-0.25382337 2.751569 -0.12196826 168.858
-0.2474605 2.8652141 -0.12380946 186.86154
-0.25631738 2.9286573 -0.11229029 170.99146
-0.26131651 3.0264807 -0.14226536 168.3889
-0.28413042 3.1501353 -0.13371128 171.375
-0.2551426 3.2411611 -0.12322394 167.59883
-0.21182607 3.3783643 -0.11913937 173
-0.25992796 3.4755442 -0.11743927 171.91666
-0.26213208 3.6600244 -0.11120237 155.83334
-0.28538591 -0.14660057 -0.088381551 160.8125
-0.26048604 0.20450106 -0.078347132 168.25
-0.21850388 0.31796643 -0.078207709 191
-0.24080108 1.160044 -0.035781007 136.66667
-0.29770926 2.0760801 -0.099148594 186
-0.20779832 2.1531339 -0.076161437 174.77142
-0.20788647 2.238975 -0.052521344 168.33334
-0.25723949 2.3293474 -0.039136816 146.60001
-0.24665913 2.4327338 -0.071258664 185.91666
-0.26961514 2.5567455 -0.050854549 164.56508
-0.26622394 2.6538715 -0.050322112 177.19679
-0.27874848 2.8069136 -0.031873424 186
-0.25981259 2.9604104 -0.022248926 183.85713
-0.24107726 3.0498331 -0.074089155 142.05556
-0.26433539 3.1546688 -0.017753897 187.37878
-0.26521742 3.2625248 -0.045035273 154.875
-0.23772138 3.3394725 -0.093516976 161.64484
-0.23379837 3.4722676 -0.086656481 185.375
-0.28591979 3.5455697 -0.081270456 178
-0.24830517 3.642792 -0.073833391 177.03333
-0.29465759 3.7676468 -0.077681936 154.33333
-0.25909883 3.8319049 -0.066713661 142
-0.29577637 2.1998239 0.027300457 139
-0.24973656 2.3873341 0.058086768 134.375
-0.26290998 2.4230006 0.045465227 125.88492
-0.29510629 2.772963 6.8825779e-05 174.34782
-0.25318015 2.883152 0.0092519484 175.42105
-0.23595038 2.9086015 0.018883258 167
-0.27701303 3.0061131 0.025305653 181.64285
-0.21988338 3.1156321 0.044749886 185.09091
-0.24346991 3.2180548 0.054013293 188
-0.28169459 3.3139343 0.052024346 177
-0.26487747 3.4353733 0.030422239 180.83333
-0.23935023 3.5588751 0.051428225 164.875
-0.20178021 3.6701 0.037623975 155.5
-0.22171621 2.8731577 0.10497214 143.48387
-0.17205481 -4.1292076 -0.32315516 185
-0.10734845 -4.0604396 -0.31823361 196
-0.14862673 -3.8593211 -0.34839323 197.75
-0.17785236 -3.7645676 -0.3775453 195.39999
-0.14613622 -3.6562145 -0.35290116 182.33571
-0.14632614 -3.5479026 -0.37306252 173.1111
-0.15845856 -3.4557586 -0.38651797 181.69643
-0.16235028 -3.345124 -0.36984509 181.17157
-0.12119897 -3.2425637 -0.39083132 179.23529
-0.1494216 -3.1088228 -0.36345911 180.3
-0.16708639 -2.9945176 -0.37754989 169
-0.13344237 -2.8675311 -0.35478306 177.48236
-0.12616771 -2.7495706 -0.33671162 172.5435
-0.15991046 -2.6339073 -0.3276082 164.73064
-0.1900138 -2.5466788 -0.35703114 189.53333
-0.11733557 -2.1000657 -0.30829868 196
-0.18299505 -1.9525949 -0.31133747 199.66667
-0.14837489 -1.5147398 -0.33189264 174.29166
-0.13184902 -1.4001698 -0.33158541 173.5
-0.17378931 -1.3008536 -0.32738829 176
-0.16125937 -1.1358736 -0.37297568 183.25
-0.16427487 -1.063373 -0.37876299 189.64999
-0.16182549 -0.94410253 -0.36610997 180.17036
-0.16011173 -0.81864601 -0.36609554 178.14287
-0.16427106 -0.7224791 -0.35551974 163.5
-0.16325153 -0.65100878 -0.34791976 181.77777
-0.15306576 -0.55330342 -0.35432351 177.86
-0.12618718 -0.4561983 -0.33949092 191.58333
-0.14463915 -0.32699099 -0.34272882 185.38095
-0.11654765 -0.21908945 -0.32942811 175.5
-0.15889497 -0.17018905 -0.34860197 177.8244
-0.13171934 0.16353166 -0.33852294 170.38095
-0.15258148 0.23059705 -0.35660097 173
-0.15967686 0.45479402 -0.34663144 186.41666
-0.13633616 0.56390476 -0.34416187 190.66666
-0.12867422 0.69841808 -0.3456265 184.5
-0.18903889 0.86465496 -0.3438803 171.5
-0.16313244 0.97345823 -0.3432121 168
-0.12435307 -2.4712262 -0.29811054 178.22223
-0.10518699 -2.3511448 -0.29136324 186.05
-0.16951257 -2.248292 -0.29546824 190.66666
-0.16265744 -1.8088239 -0.29490316 165
-0.13358295 -1.7449342 -0.29491124 176.66667
-0.1058209 -1.6826624 -0.2930634 189
-0.18801956 -1.5609475 -0.27973416 194.5
-0.1237689 -1.4533778 -0.27042738 195.25
-0.13608536 -1.304763 -0.26829061 191.42857
-0.16006064 -1.1584576 -0.26719177 184.70001
-0.10285132 -0.99597728 -0.25778899 163.09091
-0.16898774 -0.73956966 -0.27689108 202
-0.1698719 -0.47014862 -0.2679148 160.66666
-0.16727258 -0.33588251 -0.26089951 177.83334
-0.14747311 -0.23649095 -0.2645635 173.22501
-0.1685743 -0.18657294 -0.23613718 176.66667
-0.1711909 -0.079223737 -0.27451873 164.47223
-0.19168986 0.16295125 -0.20174387 176
-0.12936041 0.26989689 -0.24991418 193.375
-0.14193924 0.35671863 -0.24021679 189.44444
-0.14678174 0.44619215 -0.26186329 168.26666
-0.15078279 0.53220379 -0.25399762 169.42096
-0.12042342 0.62449592 -0.23347461 177.3
-0.12093173 0.7210328 -0.23474918 174.5
-0.15282999 0.8626492 -0.24534176 183.58333
-0.15834777 0.94376183 -0.23316424 183.38393
-0.14315884 1.0576822 -0.21396552 174
-0.14592624 1.3512381 -0.22591788 178.04167
-0.11745442 1.4841814 -0.2117397 135.5
-0.14021619 1.5304607 -0.23518242 143.66666
-0.12256669 1.6423827 -0.21869178 125.66666
-0.13669658 1.7552137 -0.22848697 120.25
-0.12750369 1.9803966 -0.20884165 161.16667
-0.11537751 2.0606928 -0.20237017 164.5
-0.12837237 -1.0665504 -0.14656509 175.02777
-0.16174275 -0.42530164 -0.18423714 196.5
-0.1441216 -0.37795621 -0.17102106 140
-0.15738672 -0.28809237 -0.13946453 191
-0.15746751 -0.15076093 -0.16804014 152.02902
-0.15810783 0.16169284 -0.17662834 176.83333
-0.15395364 0.23549967 -0.17717509 175.11667
-0.15048008 0.37810361 -0.18877536 188.33333
-0.14631601 0.44369668 -0.19220954 188.2361
-0.16826001 0.54944295 -0.19408904 182.83333
-0.14521967 0.66128123 -0.19648805 176
-0.14955752 0.76160502 -0.19501244 174.5
-0.11483535 0.8437615 -0.19164416 169.25
-0.14032561 0.91895777 -0.19536683 167
-0.10070056 1.0596001 -0.1805815 198
-0.17125733 1.1442841 -0.1738895 199
-0.14139152 1.2070358 -0.18334371 178.5
-0.11855365 1.3843985 -0.16756935 192.5
-0.1601264 1.5581306 -0.17673564 140.65277
-0.15698427 1.6742402 -0.17038099 155.78421
-0.16532099 1.7691258 -0.16621232 159.26315
-0.17242035 1.8695729 -0.16723159 167.35191
-0.16321325 1.9375341 -0.16248001 158.86789
-0.13753217 2.0298431 -0.13892178 175.7188
-0.13833781 2.1494975 -0.1553466 163.35251
-0.13577111 2.2473376 -0.15358643 165.87337
-0.15778223 2.3633504 -0.15144078 176.6631
-0.15305507 2.4583879 -0.14905286 169.63333
-0.14711288 2.5619113 -0.13719755 152.86821
-0.15588759 2.6583452 -0.14802276 164.73611
-0.13470545 2.7766774 -0.13545458 170.64606
-0.16465193 2.8478551 -0.12205908 151.91
-0.13025314 2.9536769 -0.11440852 170.09584
-0.16672987 3.0737855 -0.13824482 167.63493
-0.16656402 3.1509323 -0.12515724 153.1886
-0.17365713 3.2507584 -0.12317777 163.6926
-0.15434135 3.3704345 -0.10486008 183.41666
-0.12401834 -0.3773604 -0.090547465 193
-0.18692493 -0.16515461 -0.064649172 174.3125
-0.15266737 0.19193085 -0.055355538 170.45
-0.16225353 0.27869073 -0.062932007 184.5
-0.13505507 1.9452904 -0.088377252 164.5
-0.16494194 2.0697756 -0.069714278 172.33333
-0.10856006 2.1656156 -0.075277418 175.24118
-0.13331367 2.2525613 -0.054876432 166.1579
-0.15238236 2.355566 -0.069440126 145.91667
-0.1892291 2.4941752 -0.071731605 181.3
-0.19012585 2.5605893 -0.070572324 140.12627
-0.18842646 2.6758738 -0.062177155 150.94444
-0.19057918 2.797296 -0.047104038 180.70833
-0.17321976 2.8955352 -0.035216521 182.63158
-0.1771688 2.979471 -0.030807024 181.66666
-0.15545377 3.0920882 -0.018621301 186.29286
-0.16026217 3.1683917 -0.05180072 154.08334
-0.15318309 3.2360046 -0.030646449 167.8125
-0.14223512 3.4468584 -0.089223213 181.42857
-0.13840273 3.5652103 -0.080348462 169.55556
-0.17653415 3.6703763 -0.076540247 172.125
-0.1559855 3.7543612 -0.071469605 158.79166
-0.13792937 0.18881252 0.018102044 139.5
-0.14596209 2.3831782 0.042068098 156.5
-0.16942836 2.9510915 0.014742823 174
-0.1512844 3.0582004 0.025137048 180.12122
-0.14123678 3.1541491 0.047661193 185.25
-0.16456121 3.25335 0.050396528 188.25
-0.14932652 3.3574865 0.052190732 177.875
-0.16558264 3.4472232 0.014326301 176
-0.12880208 3.5143785 0.021916131 170
-0.10595147 3.6294451 0.072421186 152.5
-0.18088442 2.8805811 0.16263378 153.4375
-0.013240231 -3.9624538 -0.31562167 200.75
-0.017228672 -3.7416215 -0.37451422 175
-0.062163223 -3.6404297 -0.36040795 173.9375
-0.042506691 -3.5313134 -0.3452059 183.16666
-0.048156638 -3.4638643 -0.35782346 174.66666
-0.049993046 -3.3398879 -0.37745807 183.20557
-0.0406022 -3.2108915 -0.37568992 182.38235
-0.068602398 -3.160876 -0.37032709 185.05556
-0.049008686 -3.0282009 -0.34981751 181.06035
-0.028165011 -2.9188521 -0.34992981 186.14999
-0.0092023946 -2.8026571 -0.33384401 182.6842
-0.075771734 -2.7883601 -0.37103143 167
-0.021397846 -2.6542482 -0.3582859 179.25
-0.080769375 -2.587636 -0.35056296 190
-0.088575222 -2.4676394 -0.37815624 149
-0.016849585 -2.1198468 -0.30097651 196.75
-0.063226908 -1.9577454 -0.30833384 199
-0.044885501 -1.4973395 -0.32676515 164
-0.060011659 -1.3303014 -0.38039684 137.5
-0.009664271 -1.2735548 -0.37887466 150.5
-0.05902449 -1.0190868 -0.37683219 191
-0.028997893 -0.92510974 -0.36422873 190
-0.084675364 -0.8823635 -0.36589432 183.71428
-0.062286425 -0.76260471 -0.35831967 175.32179
-0.044495869 -0.65055072 -0.3513056 174.17917
-0.054936554 -0.5429315 -0.35625267 186.39999
-0.039005443 -0.44757861 -0.34316641 177
-0.03034061 -0.36771172 -0.34604895 186.33333
-0.063025624 -0.26564574 -0.33648536 186.21429
-0.059740506 -0.18351209 -0.34324208 183.36363
-0.0094987759 -0.038836241 -0.31383413 177.5
-0.096402973 0.10828692 -0.33724037 175.125
-0.048512369 0.44349977 -0.30364019 167.85095
-0.032591011 0.67053998 -0.34001085 184
-0.086443447 0.81460875 -0.33994922 176
-0.011915997 -4.1460752 -0.29197466 202.83333
-0.028954927 -2.7761919 -0.23643288 145.59091
-0.054568231 -2.5008261 -0.29564539 179.90909
-0.018531535 -2.4131398 -0.29266807 185.25
-0.069419377 -2.2227733 -0.29240417 192.39999
-0.0041770088 -1.7966651 -0.27710772 175
-0.074510716 -1.6112744 -0.28928226 197.75
-0.024900125 -1.4950172 -0.27869242 196
-0.00047891034 -1.3863227 -0.26248333 191.8
-0.045607939 -1.2443188 -0.26620135 186.28125
-0.068460293 -1.0825946 -0.27692887 180.45
-0.0050694114 -0.75077152 -0.26467812 197.66667
-0.075304329 -0.67455715 -0.26955587 198
-0.059987035 -0.54702944 -0.28292859 159.33334
-0.043230224 -0.3972609 -0.27744204 167.60001
-0.037241992 -0.27761859 -0.23575544 176.77777
-0.056904089 -0.14755572 -0.26006466 169.875
-0.047097806 -0.070265464 -0.27696744 172.83334
-0.075082451 0.032325983 -0.24689405 159.5
-0.044117611 0.11406327 -0.23939231 164
-0.028648989 0.22648928 -0.2231666 163
-0.041224945 0.35265037 -0.25086918 188.68675
-0.063160948 0.44730726 -0.23659709 185.80478
-0.041452345 0.54215896 -0.25085953 163.4762
-0.049504973 0.64742059 -0.2403037 172.08334
-0.040008441 0.9517206 -0.23536193 189
-0.065433264 1.0360852 -0.22609533 184.375
-0.070558727 1.3177698 -0.22193541 181
-0.072705075 1.4302511 -0.23665655 172.75
-0.057221226 1.5215679 -0.2311749 118
-0.060441606 1.6253428 -0.22955447 129.39999
-0.0091408752 2.1475213 -0.2047424 143
-0.078880131 -0.41002637 -0.19284606 156
-0.053481478 -0.34128979 -0.15784654 160.625
-0.029786939 -0.26104891 -0.17743605 180
-0.087728105 -0.14613874 -0.16655232 123
-0.0053416775 0.0016305468 -0.1443886 125
-0.057896484 0.18646434 -0.13916695 138
-0.062276486 0.24811769 -0.16286731 180.15001
-0.049400359 0.36574894 -0.18017295 183.55
-0.063527495 0.43596175 -0.19416393 185.79631
-0.050336879 0.55052632 -0.19292869 186.83333
-0.058070272 0.64045554 -0.19302845 186.25
-0.050276894 0.77070785 -0.19181241 178.5
-0.049129773 0.8301779 -0.19330987 178
-0.049302369 0.93732971 -0.19101988 168.33333
-0.0835144 1.1221682 -0.17627613 197.33333
-0.075201772 1.240788 -0.16078226 194.33333
-0.085324995 1.351064 -0.16081522 188.25
-0.058462948 1.4589288 -0.1578031 173.72223
-0.034052562 1.554903 -0.16100736 156.99063
-0.049510691 1.6599538 -0.17812009 147.3744
-0.065688401 1.7594259 -0.16675867 149.80487
-0.074468099 1.8587797 -0.16591999 156.51425
-0.054200858 1.9329009 -0.17492832 169.51358
-0.056368481 2.0512056 -0.15018851 156.78969
-0.0304728 2.1500158 -0.16807455 167.9057
-0.033570979 2.2678349 -0.16372339 169.29286
-0.053778518 2.3633893 -0.16842826 178.07793
-0.044147454 2.44871 -0.15847467 174.94762
-0.032109875 2.5505853 -0.15638813 162.49477
-0.052071799 2.6512542 -0.1517777 163.08386
-0.043986034 2.7474136 -0.13454847 166.00182
-0.051526614 2.8624558 -0.13588111 185.74387
-0.038697008 2.9565613 -0.13179775 187.35001
-0.070198357 3.0566218 -0.12130111 189.625
-0.050027009 3.1554825 -0.12118667 186.66666
-0.058965292 3.262342 -0.11474282 171.96825
-0.040330704 3.3464868 -0.11128342 175.65416
-0.099583849 -1.0336741 -0.081031933 139.39999
-0.046707042 -0.26896697 -0.082723953 187.25
-0.029355472 0.18716623 -0.051279452 140.05882
-0.072540246 0.21455675 -0.030109873 152
-0.068999745 0.32194471 -0.018539302 166
-0.060350232 2.064476 -0.072526261 175.2619
-0.0081846612 2.1611099 -0.095078215 185.60001
-0.031418469 2.2527845 -0.069640018 161.00397
-0.085419223 2.319654 -0.054051992 155.8125
-0.038607717 2.4356501 -0.090664901 127
-0.081983544 2.5547781 -0.072736084 154.07919
-0.046114806 2.660203 -0.059862241 149.39285
-0.050326657 2.7482729 -0.049977351 144.84056
-0.051236521 2.856992 -0.051805411 172.88055
-0.018964978 2.9312725 -0.0658926 177.25
-0.053489901 3.0362988 -0.076204054 183.35185
-0.04773657 3.1398683 -0.039366346 185.26389
-0.07804738 3.245434 -0.012349036 186.56667
-0.053023476 3.4613452 -0.087573335 172.26389
-0.033437915 3.5563741 -0.084279001 188.625
-0.032202005 3.6479049 -0.07992696 160
-0.05324569 3.7632852 -0.081041262 169.66666
-0.070230618 3.8207159 -0.06570816 149
-0.010083267 -0.22115169 0.029015847 157
-0.086800076 0.17735215 0.027805647 129.33333
-0.042196255 0.23927046 0.017199298 149.58334
-0.015858361 2.350301 0.069054656 155.66667
-0.05625315 2.4223466 0.07943546 128.25
-0.085753702 3.0010312 0.017660858 175.10001
-0.019617932 3.1407869 0.035294898 183.33333
-0.075098202 3.2390654 0.044327334 186.67857
-0.086241409 3.3636484 0.0020106409 186
-0.093956068 3.4618058 0.056552488 169.25
-0.055159144 3.6507993 0.034540486 158
-0.012472241 2.4053209 0.13411307 123.5
0.067862526 -4.0457563 -0.30303004 202.33333
0.035941761 -3.9095786 -0.31051207 199
0.075298466 -3.8680108 -0.3080948 196.5
0.030832069 -3.7700992 -0.3042632 197
0.075945728 -3.6697412 -0.34976563 178
0.033717241 -3.5749991 -0.36440322 170.05556
0.049238548 -3.4517941 -0.34824404 190.24603
0.050662614 -3.318176 -0.36567265 184.39999
0.047123559 -3.2263064 -0.35439765 178.54166
0.057699621 -3.148838 -0.37127659 187.5
0.05228636 -3.0502579 -0.34097561 182.46666
0.069186926 -2.9473641 -0.34110671 186.27083
0.026106369 -2.8418348 -0.36821359 175
0.076636732 -2.7434173 -0.3481327 181.60001
0.053065937 -2.6646924 -0.34573853 178.14285
0.038805809 -2.0153337 -0.30299479 200
0.08424437 -1.9286953 -0.30675066 195
0.090981133 -1.3662353 -0.38999933 150.5
0.046113275 -1.2105958 -0.37652174 158.66667
0.099741496 -1.1489116 -0.36548761 168
0.041086026 -0.85938811 -0.36393958 189.5
0.071004868 -0.7585386 -0.36072376 184.44446
0.049828723 -0.62315321 -0.35444844 184.99445
0.044516049 -0.56247568 -0.3454603 175.10832
0.080915034 -0.499015 -0.35777181 186.75
0.056255966 -0.35584047 -0.33321276 187.61905
0.044769853 -0.23035836 -0.323024 184.95239
0.092920572 -0.19093125 -0.31590304 171
0.081599176 -0.048147496 -0.31205255 174
0.05982203 0.05903564 -0.31644157 164.20238
0.017353248 0.33360851 -0.30037466 179
0.010195343 0.75270081 -0.33554175 176.5
0.04110441 0.80615258 -0.340415 175
0.00099942507 -4.1117687 -0.26148626 169
0.063597634 -3.600584 -0.28235009 175
0.056975078 -3.5251803 -0.25352108 150.05499
0.091635406 -2.9581051 -0.29347432 189.75
0.064298309 -2.6590638 -0.29294595 179.6125
0.023756543 -2.5673387 -0.29271668 180.72728
0.077389672 -2.4603992 -0.2879892 187.16667
0.0025031143 -2.3385148 -0.2861073 189.625
0.010951851 -2.2593913 -0.28769946 193.2
0.084802963 -2.1521118 -0.29901272 197.33333
0.0088105863 -1.756982 -0.28027248 185
0.032523498 -1.6736966 -0.2760261 196.25
0.056620564 -1.5896111 -0.27221733 198.5
0.086048335 -1.485402 -0.26616123 193
0.092519425 -1.3786501 -0.25624365 190.25
0.057975359 -1.2714515 -0.26963636 185.2
0.031123487 -1.1326343 -0.2740261 178.60539
0.054366279 -0.9386673 -0.27333128 167.85158
0.07158725 -0.81608111 -0.25719815 199
0.033810418 -0.63320243 -0.26572663 175.41667
0.050058179 -0.4593991 -0.26611513 172.72223
0.062441666 -0.32937291 -0.26830107 153.87778
0.056383755 -0.25127575 -0.23942597 156.575
0.059201159 -0.14345227 -0.24487449 171.48889
0.0013936411 -0.053242292 -0.24342339 171
0.047092248 0.023933722 -0.24937572 139.67789
0.071824163 0.15955499 -0.22243667 162
0.047745001 0.24000335 -0.24633087 176.07857
0.06929633 0.33166796 -0.25547108 185.3492
0.062288176 0.42357183 -0.24120678 179.30072
0.080408193 0.54719883 -0.24341418 171.08749
0.057298522 0.66095191 -0.27750394 165
0.094268158 0.73122001 -0.26677355 172.075
0.050592337 0.83622378 -0.25983959 157.60001
0.064951278 1.0367296 -0.227795 185.11111
0.016854469 1.4726644 -0.2043184 137.5
0.027763011 1.5246009 -0.2253712 134.16667
0.023637582 1.7279747 -0.21641856 116.33334
0.024105482 1.9710708 -0.21844946 128
0.0012047623 2.0986047 -0.20467676 139
0.083976492 -4.1196327 -0.10153016 205
0.025969004 -2.7839725 -0.14989546 156.3125
0.09032207 -0.5809257 -0.1475382 164
0.084928647 -0.46489131 -0.19668303 189
0.020131778 -0.33794326 -0.18294847 189.75
0.037110772 -0.21394713 -0.11812747 170.25
0.0595995 -0.1612082 -0.14057662 164.55556
0.080575958 0.17380479 -0.1586591 135.33655
0.048851561 0.2491439 -0.1441965 165.09525
0.0056761447 0.35354164 -0.18093009 187.25
0.041270215 0.4520514 -0.19068941 187.55774
0.04076663 0.55213052 -0.19092999 190.30554
0.036586579 0.63909835 -0.1917937 184.58333
0.059831832 0.73964483 -0.19127911 177.16667
0.048888836 0.84790128 -0.19212364 181.56667
0.047633957 0.94984597 -0.18749861 169.5
0.049522605 1.0428969 -0.17644608 199.66666
0.010671191 1.1282846 -0.17392874 195.5
0.054254856 1.2312398 -0.16561173 191.9762
0.052829135 1.3268317 -0.16105525 187.08823
0.071203128 1.4461753 -0.16574076 175.64285
0.037791695 1.6584915 -0.16296218 137.17117
0.050959785 1.747676 -0.14900202 144.72733
0.034268327 1.8430259 -0.14305884 153.73555
0.03776047 1.9263337 -0.16037929 161.28302
0.041258764 2.0547583 -0.13435039 169.47505
0.028149216 2.149735 -0.16863133 176.3
0.049277321 2.2661867 -0.15972102 164.81111
0.060137734 2.3474996 -0.16770601 176.92659
0.041848321 2.4429247 -0.16845535 175.73334
0.044656612 2.5488014 -0.14282516 163.17223
0.043527946 2.6533103 -0.13612899 153.62956
0.054904629 2.7550089 -0.13933215 153.66658
0.061447892 2.8517771 -0.14093083 172.43674
0.062445439 2.9306369 -0.15234259 169.20143
0.009786889 3.057215 -0.12320044 186.94231
0.036198948 3.1532326 -0.11718433 183.14999
0.06964682 3.2422519 -0.11047227 180.05357
0.038807087 3.3599546 -0.12839605 188.75
0.063627027 -2.7896922 -0.08763551 145.66667
0.05313972 -0.24529235 -0.048089463 158.19609
0.069171689 -0.15707074 -0.034306996 142.7619
0.044004511 0.18400715 -0.045418661 133.37144
0.061447762 0.21682362 -0.052257601 141.85556
0.013344321 1.924392 -0.092321128 162.2
0.035816595 2.0538757 -0.077886157 176.5
0.049990416 2.1573899 -0.079901025 181.54167
0.066425756 2.2900426 -0.056859732 153.36363
0.039140847 2.331449 -0.064406954 165.98413
0.09570422 2.4449618 -0.086180076 179
0.023889938 2.5551414 -0.040532023 143.48529
0.056405246 2.6402316 -0.059789494 154.02831
0.053238381 2.7189748 -0.026961781 140.11026
0.052528322 2.8399289 -0.013675844 164.72223
0.043964777 2.9331794 -0.058452375 167.36966
0.034983858 3.0452189 -0.043705881 175.51071
0.0097829197 3.3348818 -0.046068564 167.25
0.086854003 3.4244716 -0.096807465 165.375
0.049608275 3.5495906 -0.077902533 140.25
0.036373992 3.6622314 -0.08065775 177
0.043003459 3.7375379 -0.069586337 145.125
0.074271806 3.8126688 -0.073836625 166
0.050655447 -0.23887268 0.019635126 155.83333
0.019010082 -0.14644991 0.016330956 127.89285
0.051829737 0.178873 0.024000252 132.375
0.037397172 0.22245076 0.02116137 141.5
0.098556757 2.2731838 0.02579507 172
0.041481048 2.5736709 0.0609768 129.30769
0.057617165 2.6544428 0.070121177 141.93846
0.078193665 2.8842466 0.030036135 122.95
0.026386235 3.0354443 0.02009006 176.11765
0.08063256 3.1578448 0.038786381 183.44444
0.030043302 3.2410321 0.046320856 187
0.028338594 3.3783441 0.029233251 178.8
0.02532405 3.4802418 0.06434571 171.25
0.024670035 3.5363185 0.044628985 162.875
0.038538821 3.6623683 0.085513406 152.25
0.13178764 -3.8195097 -0.34980512 189
0.15834834 -3.6469927 -0.34924155 180.03333
0.14698216 -3.5232882 -0.35866261 177.3125
0.14551437 -3.4426227 -0.31496555 178.16666
0.17462495 -3.3377366 -0.35284841 169.80302
0.13181986 -3.2539227 -0.3502492 167.50238
0.14606695 -3.1321418 -0.35697746 181.5381
0.14647366 -3.0224128 -0.33349213 181.04286
0.17549418 -2.9440656 -0.33387929 179.66667
0.14283951 -2.8215172 -0.33490741 183.21295
0.15870874 -2.6539743 -0.33504441 179
0.17620583 -2.3611436 -0.36317024 161
0.14468634 -1.2892834 -0.38943917 161.75
0.14164986 -1.101634 -0.36396319 173
0.13037099 -0.53081787 -0.33712348 181.83334
0.13567725 -0.44590986 -0.33156613 181.92592
0.14799505 -0.37028387 -0.32713369 171.55
0.1227531 -0.052264523 -0.3139008 178
0.13489559 0.015619885 -0.31145546 175.5
0.16133796 0.15298772 -0.30338818 177.5
0.10834087 -4.2136931 -0.29097018 204.25
0.12544365 -4.1549802 -0.25191748 207.75
0.17785339 -4.0942478 -0.29653203 201.5
0.1173612 -3.977555 -0.2992416 198.66667
0.17364959 -3.8991079 -0.29334649 195.2
0.1365263 -3.7777996 -0.29557145 192.83333
0.14182451 -3.6769927 -0.28983551 191.2
0.12599428 -3.5830405 -0.26351276 175
0.15816726 -3.4629734 -0.26435441 183
0.15777843 -3.3261635 -0.29902098 189.33333
0.14422716 -3.2438755 -0.27693769 154.58273
0.12369249 -3.1367116 -0.29497087 186.66667
0.13743934 -3.0289211 -0.29169509 185.61539
0.17158629 -2.94875 -0.28638068 180.85715
0.1340778 -2.8322284 -0.28620386 184
0.17969395 -2.7435439 -0.28383791 185
0.15923695 -2.5766342 -0.2856279 186.72728
0.17730047 -2.4473524 -0.28262785 190.76666
0.10740291 -2.3545029 -0.28749526 191.8
0.15123452 -2.2340131 -0.2939986 196.33334
0.15609619 -2.0543847 -0.29805753 200.25
0.13464631 -1.7755502 -0.26308322 189
0.15248011 -1.6622269 -0.26037824 198.5
0.15871201 -1.5455364 -0.25848231 196.125
0.18641216 -1.4248343 -0.2446204 191.8
0.19570334 -1.338092 -0.24706575 190.44231
0.14766426 -1.274866 -0.26069063 184.27272
0.14759427 -1.1741706 -0.26643875 178.36
0.12583086 -1.0421548 -0.26501292 170.35484
0.18789423 -0.98063779 -0.26938656 166.57895
0.13735768 -0.83805549 -0.25140142 198
0.10821608 -0.7357797 -0.27407911 155
0.17920053 -0.66585773 -0.2620396 172.88094
0.143108 -0.54990917 -0.2526069 173.92593
0.14346096 -0.45135128 -0.260331 174.01012
0.14267673 -0.31052986 -0.25630477 152.41667
0.14759028 -0.25750905 -0.24574071 177.22058
0.12493324 -0.14506342 -0.2635375 171.78572
0.1379201 -0.047507148 -0.23773578 170.80357
0.12967612 0.16870411 -0.26057255 160.58334
0.14507759 0.27388719 -0.27011627 175.4762
0.15478586 0.35862777 -0.25809065 178.63628
0.14233381 0.48247051 -0.27014661 177.64615
0.13884699 0.53549111 -0.23930603 172.71428
0.14413804 0.65281266 -0.26206779 170.81056
0.14612851 0.7192173 -0.24760681 161.625
0.1499861 0.87438059 -0.28211349 185.75
0.1115739 0.92461354 -0.28515202 186.25
0.17101119 1.0403117 -0.25466418 188.25
0.15157685 1.4797108 -0.20486778 132
0.1252865 1.6166942 -0.21295585 119
0.17592874 1.9253585 -0.21985164 127
0.16332535 2.0574439 -0.20769739 150
0.14335531 2.1436193 -0.20322184 140.5
0.11495491 -4.1180739 -0.17533883 204.85715
0.13919102 -3.5162053 -0.19093344 124.32
0.13065647 -0.61308295 -0.14463443 127.72222
0.18995301 -0.53477424 -0.19695646 189.66667
0.14610179 -0.23702687 -0.14798924 157.74483
0.15952072 -0.15635322 -0.13636295 142.5358
0.13269845 0.083688587 -0.19979468 159
0.17617218 0.18612309 -0.14772649 139.20833
0.13555674 0.224068 -0.12666866 150.66248
0.14758481 0.48151749 -0.18779498 186.7762
0.13879748 0.55105072 -0.18834524 189.55247
0.13142967 0.62931859 -0.18803005 190
0.13864814 0.74047405 -0.19002239 186.8889
0.1654686 0.85262024 -0.18947499 175.60001
0.15919887 0.95696872 -0.18798205 182
0.10046846 1.1658366 -0.16271164 195
0.18480189 1.3141663 -0.16472609 187
0.16545425 1.4460709 -0.16682816 173.84616
0.14120205 1.575387 -0.15851538 143.25
0.18344684 1.6131305 -0.12863679 132
0.18181199 1.7989219 -0.10949078 142
0.13799269 1.8453205 -0.15153754 167.97894
0.13649635 1.9456855 -0.1248586 183
0.14995149 2.0527971 -0.16011719 186
0.15268782 2.1619861 -0.16360019 145.41667
0.15145929 2.2604895 -0.16459894 166.73334
0.16067252 2.3443663 -0.14261982 176.48535
0.14456098 2.4622769 -0.15615906 160.65147
0.16957426 2.5585604 -0.13852412 165.57777
0.13312156 2.6486151 -0.13420321 141.94914
0.16367118 2.734715 -0.14325494 163.52505
0.13865438 2.8302829 -0.13831933 157.38509
0.15110947 2.9500625 -0.14190939 180.51471
0.11380687 3.0602605 -0.13076113 182.45999
0.15327875 3.1530387 -0.11732846 177.16667
0.14939485 3.2400179 -0.12220839 185.81818
0.13789681 3.3522143 -0.10344237 172.94643
0.13417196 -0.21152747 -0.094565764 160
0.14252433 -0.16537021 -0.069498926 142.96257
0.12257612 0.19234876 -0.055884633 133.35196
0.12284808 0.21190546 -0.069929108 135.55794
0.16491948 1.6415997 -0.06115336 116
0.10666355 1.7817477 -0.048962612 133.71875
0.15921246 1.8459256 -0.050264176 151.83334
0.15299463 1.9426501 -0.050436221 156.5
0.14701842 2.0809059 -0.077816397 173.8
0.11561671 2.158102 -0.068523213 179.89999
0.16167857 2.2503495 -0.07691738 188.5
0.17585087 2.3346808 -0.065231383 172.48215
0.176045 2.4403641 -0.09345594 190.5
0.11807255 2.5605607 -0.059909571 154.56123
0.15079314 2.6494882 -0.071970969 160.07001
0.12834999 2.7323363 -0.061883286 156.84921
0.14179103 2.8515043 -0.032924782 163.5625
0.14874418 2.9571719 -0.033172835 167.45834
0.16191116 3.0468884 -0.027325289 171.75
0.1317338 3.1185524 -0.023165829 168.83333
0.15378675 3.2454078 -0.012024462 164.375
0.13905886 3.4479074 -0.084463619 128.25
0.14321148 3.6276448 -0.069950446 132
0.11796241 -0.16290356 0.029268714 144.78096
0.11585399 0.1937542 0.039745137 143.66667
0.12870561 1.7984258 0.033289108 131.75
0.13197181 1.8335117 0.025949042 145
0.14809577 2.4378049 0.071568288 125.35354
0.11693445 2.5552821 0.061713699 132.99193
0.17487514 2.6771936 0.031017277 127.69445
0.15004414 2.74632 0.03528722 151
0.12555288 2.887516 0.076764949 130.7619
0.14727414 3.0412288 0.018631531 177.5
0.14104748 3.2389827 0.049764212 186.35001
0.10274033 3.3804309 0.055316482 181.8
0.14076829 3.4392567 0.030513581 160.83333
0.1505885 3.5049648 0.069508165 171.75
0.14110412 3.643801 0.050027087 140
0.11118893 2.3496134 0.10807595 135
0.18535304 2.8497014 0.12255667 134.85715
0.25444946 -3.7533147 -0.33496979 188.66667
0.23488757 -3.6285493 -0.32134557 180.33333
0.26898435 -3.5483944 -0.35607445 182.60001
0.23386218 -3.4609668 -0.33649939 175.5
0.21406071 -3.3730145 -0.30204657 184.66667
0.2369417 -3.1655068 -0.33322361 160
0.25843897 -3.0246055 -0.32605532 171.3125
0.26556304 -2.9296517 -0.33887741 181.66667
0.25206342 -2.8654115 -0.33682975 181.08334
0.23244227 -2.7029364 -0.325335 190
0.25002372 -2.4742551 -0.35493699 172
0.22839621 -2.15008 -0.30103898 199
0.25250864 -1.3700647 -0.39391023 157.75
0.29740104 -1.2837994 -0.3902598 164
0.22208178 -1.1754215 -0.37424922 169.5
0.24647385 -1.055926 -0.3623462 175.46667
0.24203601 -0.4312492 -0.31919003 183
0.29001743 -4.201509 -0.28455424 212
0.26204613 -4.1446986 -0.24261627 194.64319
0.26025805 -3.99438 -0.2859821 193.33334
0.29108781 -3.8803632 -0.27900651 186.60001
0.22626795 -3.7896161 -0.28384152 190.5
0.23348984 -3.6830716 -0.29397765 186.15384
0.27855706 -3.5714593 -0.29792738 178.5
0.27482882 -3.4437861 -0.26858068 173
0.25325575 -3.3346095 -0.27446106 158
0.2641184 -3.2365086 -0.27231872 151.09206
0.2190595 -3.1661544 -0.29045638 180.75
0.22904643 -3.0791674 -0.28845063 177.28572
0.23829064 -2.9796865 -0.28734595 174
0.25356963 -2.8617408 -0.27394432 165.90843
0.22654796 -2.7578049 -0.2884793 169.2
0.23149978 -2.6457953 -0.28307766 188.71181
0.25386924 -2.5060585 -0.28222391 191.28572
0.27779883 -2.3855491 -0.29229027 194.33333
0.23893364 -2.2877817 -0.29499596 196.66667
0.27060175 -2.1071453 -0.29740885 202
0.22028522 -1.9661441 -0.29772803 196
0.27238116 -1.725032 -0.25754368 191
0.27471128 -1.6559525 -0.25858253 198
0.27764523 -1.5330147 -0.25700432 195.25
0.27697825 -1.4159732 -0.24571238 191.33333
0.28146523 -1.3069526 -0.24977578 185.63637
0.24866349 -1.2453531 -0.24601004 189.58334
0.26795945 -1.1622037 -0.25432605 185.22414
0.22019042 -1.0271556 -0.25776753 168.03572
0.263933 -0.86879998 -0.23832354 198
0.24621549 -0.74796379 -0.25834322 182.96667
0.25893518 -0.66207397 -0.25418875 183.18333
0.26176351 -0.55195761 -0.26452607 182.86765
0.26326638 -0.45023927 -0.25844121 182.1375
0.23432879 -0.34537065 -0.26251698 169.77992
0.26485816 -0.24551415 -0.24816489 182.13834
0.21279266 -0.12780058 -0.22398517 171.45454
0.24883018 -0.076106161 -0.25544599 184.10606
0.21360381 0.099188782 -0.2536262 177.66667
0.24751467 0.11511424 -0.25277168 176.8
0.24548541 0.23036668 -0.25339237 177.28572
0.24655209 0.33222347 -0.26108661 179.03333
0.24770029 0.43358949 -0.25576937 181.41205
0.22928733 0.54389447 -0.26647121 178.93762
0.25370008 0.65499938 -0.26962548 182.88235
0.20838054 0.79865319 -0.27718145 185.07692
0.28096706 0.87736547 -0.27839866 189.83333
0.21756174 0.95747751 -0.27916583 190.5
0.22752714 1.085482 -0.2267039 186
0.24134214 1.1297781 -0.28253028 190
0.28060943 2.0313954 -0.2088829 133
0.25654006 -3.5521815 -0.1439147 147.80142
0.2591756 -3.4248674 -0.15564492 156
0.28480482 -3.2334938 -0.1946117 134.32143
0.22648677 -0.61611247 -0.19962122 128
0.25667602 -0.52410477 -0.19528525 189.22223
0.24328908 -0.47403982 -0.18844396 189.08333
0.23657523 -0.21387333 -0.12121269 126
0.25063145 -0.15901724 -0.14959349 136.61273
0.20824215 -0.011948152 -0.16767633 139
0.23243669 0.1772856 -0.14121874 130.10966
0.20541382 0.22744164 -0.1519075 139.57143
0.24920534 0.38808024 -0.18787369 179.25
0.234972 0.47502246 -0.18928985 185.67857
0.24973537 0.53572267 -0.18481937 188.46547
0.23397985 0.63223052 -0.1848062 191.87083
0.24215409 0.75975758 -0.1892316 190.92857
0.27387384 0.85767752 -0.18594605 176.5
0.25044525 0.909823 -0.18966269 182.66667
0.22186877 1.1860592 -0.16737288 193.3
0.21139206 1.2692001 -0.16306716 189.5
0.29502469 1.3281876 -0.16583544 187
0.26552615 1.4602289 -0.16128781 174.38461
0.25836647 1.5704116 -0.1361364 155.25
0.26357502 1.6291837 -0.12955266 131.33333
0.25295156 1.8533854 -0.12561788 150.8611
0.2827495 1.9472871 -0.17054111 184
0.29422882 2.0281429 -0.12645857 153
0.23789237 2.1505854 -0.17643973 148.8125
0.24014376 2.2694113 -0.16300024 165.88889
0.24849838 2.3564448 -0.15305209 179.22501
0.24361826 2.4704163 -0.14686155 168.5
0.23889595 2.567291 -0.14581501 149.93056
0.25932911 2.6401534 -0.13438237 139.75
0.2566351 2.7538228 -0.13926344 151.6111
0.20000289 2.870815 -0.12135314 185.625
0.21086597 2.9517372 -0.11952675 186.25
0.22096038 3.0430648 -0.13644134 178.63214
0.27397522 3.1353452 -0.13261706 174.94666
0.22343329 3.2508056 -0.1125669 171.90909
0.2386429 3.3152735 -0.11272872 159
0.21512033 -0.15286615 -0.069021717 129.16667
0.20106973 0.20513056 -0.065941811 137.39999
0.2484173 1.6253308 -0.034280423 127.55714
0.24195355 1.9537536 -0.09157256 159.33333
0.25049558 2.0512595 -0.079791836 166
0.22810096 2.1626422 -0.075932115 179.14021
0.25390068 2.2696481 -0.074168138 153.8
0.26114222 2.3544672 -0.071868375 181.2262
0.26942846 2.4698713 -0.080258064 187.08632
0.24505438 2.5646834 -0.063156322 158.4346
0.24588096 2.654743 -0.065265886 162.06442
0.24654281 2.7442274 -0.067167446 167.54791
0.25597882 2.8592694 -0.042535461 167.98541
0.26611784 2.9613781 -0.036833331 166.73016
0.25053209 3.0387549 -0.026052549 171.97501
0.25297031 3.1442986 -0.023834351 171.91428
0.25415584 3.2139521 -0.018766463 165.75
0.25815818 3.3477187 -0.053319037 150.83333
0.25050947 3.5196362 -0.079050019 110.5
0.20504045 3.6798885 -0.066846251 137
0.20283332 2.417448 0.033857863 147
0.27749774 2.5777755 0.019571772 136.32001
0.24966139 2.6515865 0.034630515 137
0.22125828 2.8683743 0.089732461 154.5
0.28417718 2.9727092 0.043145057 138.58749
0.22889879 3.1473918 0.04035173 184.29166
0.27590054 3.2203693 0.047771212 188
0.22339636 3.3424296 0.053979967 185.83333
0.26834962 3.4697583 0.067501672 174
0.26152745 3.5457003 0.041818179 141.55556
0.20002307 3.7354705 0.099191524 131
0.25669757 2.4889393 0.10594419 128.92308
0.27593625 2.5226033 0.12301356 122
0.20064996 2.8543694 0.11998176 135.5
0.34722328 -3.6888788 -0.31198889 179.8
0.39723876 -3.2416167 -0.33804697 179.5
0.37954509 -2.6707788 -0.34406644 162
0.31595105 -2.5718622 -0.35386583 173.25
0.38997066 -1.3790081 -0.39430833 163
0.33776474 -1.2042631 -0.38077602 169
0.39283845 -1.0969644 -0.37167335 175.2
0.33274728 -0.98292077 -0.35010806 178
0.3201701 -0.89792061 -0.33973825 179.55556
0.38001692 -0.52266747 -0.35487187 143
0.34267083 -4.3086805 -0.22793877 191.75
0.32759881 -4.2946362 -0.27322689 212.60001
0.38445079 -4.1335473 -0.2407354 164.84444
0.396694 -4.0136666 -0.27796948 183
0.37949371 -3.898629 -0.27346581 187.39999
0.33051568 -3.7595272 -0.27900755 183.52777
0.35439304 -3.6428161 -0.26105952 165.91667
0.37376967 -3.4496706 -0.28258264 154.61667
0.35678476 -3.248939 -0.29514053 151.31818
0.32706276 -3.1479151 -0.28488556 162.75
0.34853628 -3.0038924 -0.29412338 150.75
0.35810781 -2.9143653 -0.25765538 140.72223
0.35173899 -2.7870791 -0.28644353 177.21739
0.34340933 -2.6645646 -0.28094766 184.78152
0.34140223 -2.5804262 -0.27991021 192.5
0.38237399 -2.446898 -0.28821933 197.16667
0.33462203 -2.3517401 -0.28815213 198.25
0.33403444 -2.2104657 -0.29514998 201.25
0.38226062 -2.1727481 -0.29071033 204
0.3510907 -2.0247324 -0.29183123 195.5
0.39340875 -1.657563 -0.24912924 198.83333
0.37816277 -1.5258095 -0.24665323 195.39999
0.36224461 -1.4097147 -0.23772907 191.8
0.32198143 -1.3881991 -0.23965439 162
0.35833782 -1.2951976 -0.23515005 179.2923
0.35330629 -1.1563772 -0.24252819 181.99313
0.35464457 -1.0439916 -0.23882537 178.17729
0.35112444 -0.92779797 -0.26227853 166.84767
0.3526991 -0.89826638 -0.23797752 192.5
0.34749541 -0.74387586 -0.2474902 188.30208
0.35170874 -0.64215505 -0.25117442 178.99277
0.37770328 -0.5526523 -0.25507432 188.4861
0.33130166 -0.44474569 -0.25205728 179.65079
0.37322402 -0.35691702 -0.24694908 180.16716
0.31904468 -0.29496554 -0.25520957 184.16667
0.35851356 -0.17172821 -0.23961049 173.17302
0.32459041 -0.054801822 -0.24608746 181.16667
0.37811419 0.04266011 -0.24287991 181.125
0.32555318 0.15226837 -0.23946843 179.14445
0.36579084 0.24590008 -0.23374344 179.125
0.35652998 0.35262948 -0.25149718 183.675
0.35537961 0.48088619 -0.2504217 186.67046
0.39900056 0.55810028 -0.25706384 189.8
0.36374119 0.65318972 -0.26549307 188.80556
0.34881124 0.76663715 -0.24850702 172.83333
0.36059645 0.84749329 -0.25536013 171.66666
0.30472547 0.93355381 -0.27696657 193
0.37893987 1.0036501 -0.27430344 191
0.36294511 1.164386 -0.24745874 181.5
0.30281776 1.2298521 -0.27729797 176
0.30796033 1.9732744 -0.21635994 126
0.32770783 -4.2379322 -0.17360738 120.75
0.35974088 -4.1687984 -0.17359893 188.35001
0.35111374 -3.6146209 -0.18828394 154.66667
0.30227992 -3.5310471 -0.15584396 144.5
0.35208541 -3.4248118 -0.16319275 131.09525
0.31114322 -3.3188312 -0.17686535 136.81818
0.32670411 -3.2274611 -0.14281119 135.94444
0.37143978 -0.65491712 -0.19531588 195
0.3425819 -0.53289497 -0.19420458 188.93333
0.34973836 -0.4891839 -0.18948719 188.83333
0.32737103 -0.16531198 -0.17170098 129.25
0.30361018 0.25028762 -0.11484492 159
0.34391925 0.37235573 -0.1643427 177.1873
0.34781948 0.4662573 -0.18737109 185.10001
0.33064699 0.54669833 -0.18323344 189.02324
0.34304398 0.64151227 -0.18222791 192.17737
0.34351081 0.75768745 -0.18704112 192.30952
0.33318332 0.87445176 -0.18577427 191.375
0.355288 0.9139027 -0.18828109 183.25
0.34910682 1.2522016 -0.15335146 187.65475
0.38848627 1.3309655 -0.17116249 186.5625
0.37167114 1.4746834 -0.14994606 178.5
0.39092273 1.5679601 -0.11830363 166.5
0.36015394 1.7525656 -0.13352786 164.60001
0.3240748 1.819604 -0.13312989 154.20987
0.3515828 1.9022459 -0.12022971 149.98666
0.34905392 2.0375204 -0.14432752 173.61014
0.36180913 2.1613426 -0.18569955 122.5
0.34979993 2.2575994 -0.15584148 139.1111
0.3426981 2.3364518 -0.13637723 153.21558
0.34486899 2.4530361 -0.14751366 164.75
0.34584576 2.5610325 -0.15312424 162.74791
0.3609744 2.6353631 -0.13569336 159.71666
0.34037873 2.7541478 -0.12768985 160.34222
0.35500371 2.8497293 -0.13171017 170.68483
0.35353771 2.9597163 -0.14049925 172.26311
0.33806327 3.0480196 -0.12702347 172.63333
0.35996839 3.2561295 -0.1154683 154.625
0.31062752 -4.1596451 -0.042248052 173.42857
0.31753829 -3.4523206 -0.058608849 145.29465
0.36246061 0.17470354 -0.084013417 141
0.3337841 1.20277 -0.049294092 159.08333
0.31927896 1.614484 -0.021959936 155
0.38912237 1.8981131 -0.097967394 137.75
0.35954747 1.955788 -0.057348263 137.69444
0.38324717 2.0917149 -0.076612532 160
0.3201628 2.170866 -0.068663374 175.66667
0.34161112 2.2476425 -0.067180239 169.44708
0.33021846 2.3688407 -0.071853831 175.89999
0.34965503 2.4569595 -0.081551999 168.48149
0.34741366 2.53936 -0.063557312 157.94841
0.34733915 2.6431448 -0.070415571 173.99854
0.35117793 2.7518103 -0.066002674 166.13661
0.33917204 2.8398337 -0.051184211 171.32681
0.36050862 2.9575667 -0.058367621 166.94135
0.36421397 3.0377531 -0.033388335 168.44313
0.36161801 3.1400628 -0.021412527 174.78845
0.35190743 3.2459106 -0.012529748 164.35555
0.34360689 3.3330593 -0.0058669699 153.5
0.3022067 3.403667 -0.00032091368 129
0.33277181 1.2146726 0.0090637272 151.33333
0.35733211 1.6559364 0.0025222395 123.18182
0.39292115 2.0039706 0.0099447863 125.99167
0.39761105 2.1164145 0.041556925 126.875
0.34603795 2.2459164 0.040013701 139.5
0.37991777 2.4130161 0.056175292 127
0.35516766 2.5653036 0.066097029 133.51851
0.38421983 2.6311834 0.053387038 130
0.37521645 2.9972482 0.046472609 144
0.3423211 3.350426 0.027446661 169.91667
0.38213459 3.4334068 0.064273827 169.75
0.31898007 3.6123605 0.083564788 143.5
0.39289469 2.534384 0.14087534 135.3
0.36100188 3.7269495 0.10071608 124.66666
0.41155007 -3.8258419 -0.33417317 188
0.43250063 -3.6346278 -0.33933976 185.25
0.47782338 -3.5375395 -0.33778158 184.25
0.43754393 -3.3234134 -0.32238126 152.85715
0.44945604 -3.2941048 -0.32810768 134.5
0.42209205 -3.1113355 -0.3298991 180.5
0.46835828 -3.0930707 -0.32644036 183.71428
0.41572621 -2.7257891 -0.34084702 154.88889
0.42978218 -1.267002 -0.37971172 167
0.43817955 -1.1706579 -0.37001035 170.25
0.42273775 -0.98337948 -0.35583097 183.3
0.40171424 -0.8714931 -0.34516501 182.78572
0.44318762 -0.76026583 -0.34301275 178.66667
0.46421346 -0.64663559 -0.3398152 115
0.46327299 -0.48172051 -0.34887072 120
0.47684807 -0.23340428 -0.34329447 169.18007
0.47129369 -0.12088789 -0.3424933 168.69643
0.47031528 -0.044525139 -0.34322926 169.10001
0.44291666 -3.7399917 -0.26273015 184.91899
0.45111898 -3.648103 -0.2824229 173.41176
0.47639632 -3.5407071 -0.28423253 157.5
0.46754801 -3.441556 -0.2559841 150.12766
0.43439397 -3.329253 -0.25807559 128.19048
0.49777326 -2.9776886 -0.23686935 129
0.45123753 -2.8168917 -0.28796825 152.875
0.44747511 -2.7419496 -0.28442898 164.32593
0.46321008 -2.6357934 -0.28555 176.13333
0.45593229 -2.5455909 -0.28676853 172.875
0.40398663 -2.3071234 -0.2952939 200
0.43878129 -2.2874646 -0.28895488 201.33333
0.45076394 -2.1169398 -0.29117069 195.5
0.47957361 -1.4899019 -0.25153127 195.8
0.47388825 -1.3468124 -0.23754087 180.91666
0.46711653 -1.2369447 -0.23974419 182.73561
0.46061343 -1.0473021 -0.26012534 174.91666
0.42599842 -0.94711262 -0.23711644 181.9989
0.48076069 -0.84456319 -0.24194309 172.7
0.46596771 -0.76058769 -0.2326629 164.54546
0.42809635 -0.65697944 -0.26170474 183.14615
0.43804359 -0.54660499 -0.23919924 182.01465
0.45786348 -0.45720705 -0.25592676 173.65913
0.44754982 -0.34221694 -0.24225201 172.04669
0.45201525 -0.23214954 -0.23989134 185.75098
0.41007829 -0.14764245 -0.2451826 159.25
0.44026428 -0.067692742 -0.24215569 186.4875
0.46611512 0.052670743 -0.22518454 160.60382
0.44237992 0.13339156 -0.24763761 175.08334
0.45702848 0.34160578 -0.21452433 179.41667
0.45441353 0.43073922 -0.26028475 191
0.44923055 0.53408915 -0.23832105 180.5
0.45102289 0.65942669 -0.24847361 183.16666
0.40236339 0.73446327 -0.23860812 168
0.4395017 0.86041653 -0.23701024 177.5
0.41579756 0.92733544 -0.24308717 182.75
0.49036247 2.129015 -0.2088151 124
0.48073992 -4.1866083 -0.17478628 191.83333
0.44314027 -3.4283962 -0.1903912 123.52174
0.4166587 -3.1459806 -0.15840593 147
0.41596046 -2.8123672 -0.18196657 169
0.44467697 -0.55215859 -0.18986122 188.675
0.47278428 -0.46965128 -0.18637465 183.89166
0.48112878 -0.36914653 -0.18590274 167.84525
0.48987362 -0.25618264 -0.11320966 142.70312
0.44462347 0.076690048 -0.18267256 127.09804
0.47432971 0.28043756 -0.1883534 158.56667
0.4601928 0.35121059 -0.18778364 166.15509
0.43891525 0.46719426 -0.18031915 181.86838
0.43498576 0.56222129 -0.1826515 188.91576
0.46027145 0.6523276 -0.18208799 187.83334
0.44432318 0.75480098 -0.18461859 191.36113
0.45139086 0.85865337 -0.18260624 183.58333
0.4344615 1.2217433 -0.16893759 195.5
0.48454654 1.3007269 -0.16588114 192.66667
0.4744077 1.4420652 -0.14873278 183.73334
0.43228662 1.7111685 -0.1277319 172.64
0.43199635 1.8227763 -0.1233525 161.19324
0.45020121 1.9602627 -0.14628954 178.03056
0.45019051 2.0657096 -0.1386217 183.05873
0.45394373 2.152828 -0.13920587 172.75655
0.45810187 2.2456031 -0.12368575 178.18181
0.45225197 2.3396826 -0.15304063 146.42857
0.45143521 2.4480693 -0.1781013 149.79166
0.45802629 2.5184727 -0.15191637 134.66666
0.41558716 2.6575196 -0.15286447 156.36111
0.44382972 2.7615478 -0.1387257 161.06622
0.45221528 2.8340344 -0.12991236 145.54167
0.47672364 2.945122 -0.14582965 184
0.45022354 3.0754504 -0.10626043 184
0.44858062 3.1413209 -0.10148317 150.66667
0.42903662 3.3519764 -0.10253502 135
0.4306041 -4.2026048 -0.049233414 195.60001
0.41904882 -0.24449028 -0.050860815 131.375
0.44950449 0.12795019 -0.040475134 121.7
0.45066506 0.21041642 -0.094296969 133.75
0.46229595 1.5963007 -0.094954975 161.5
0.45114139 1.614151 -0.022548959 156
0.48362193 1.9652768 -0.090604752 139
0.4509421 2.0516398 -0.08050859 150.10001
0.45198962 2.1377037 -0.088943891 177.26666
0.46041018 2.2346649 -0.052161559 144.53696
0.45019704 2.3525071 -0.060945388 173.02222
0.43164343 2.448472 -0.059171539 162.28687
0.47379148 2.5479839 -0.081894964 182.2774
0.44335875 2.6614909 -0.077992566 167.52478
0.46534356 2.7318852 -0.069528602 173.49123
0.45273897 2.8338726 -0.062356137 166.78838
0.4349204 2.9351454 -0.06404753 167.30891
0.46577778 3.0459154 -0.048769746 167.2738
0.45454517 3.1421318 -0.031127941 170.00885
0.46674511 3.2312982 -0.024865355 166.1875
0.44852659 3.3050456 -0.012466249 161
0.44059092 3.4031916 -0.0020724579 147.25
0.40818456 -4.1831942 0.014807534 179
0.47019809 1.6625106 0.044288229 140.5625
0.4186506 2.1420991 0.039267596 136.43611
0.42264992 2.4856906 0.018483642 129.625
0.47100982 2.6234047 0.0093809571 156
0.44459742 3.556253 0.077649221 140.39999
0.40666118 2.1479275 0.10254465 149.55556
0.44506562 2.423846 0.14525646 132.16666
0.52509767 -3.6482162 -0.33902124 188.5
0.52034366 -3.5150657 -0.3355948 185
0.53948754 -3.443043 -0.3337332 185.83333
0.54504007 -3.3445973 -0.32999501 184.66667
0.52129644 -3.2605422 -0.33012956 184.125
0.56349427 -3.0541205 -0.32677326 187.16667
0.50667441 -2.860889 -0.33879596 174.5
0.51589376 -1.3963077 -0.39344198 165.33333
0.54187775 -1.2749478 -0.37552327 158.75
0.53531897 -1.1597182 -0.36426541 154.33333
0.50047719 -1.0714911 -0.36058596 182.39999
0.52450067 -0.94217086 -0.35184902 180.92308
0.55422986 -0.76837438 -0.33943227 146.94231
0.54849929 -0.63929242 -0.31922182 141.5
0.56899208 -0.57821447 -0.33213827 125
0.53985155 -0.44376788 -0.3412334 131.66666
0.55694491 0.074184746 -0.32230315 164.88889
0.529513 -4.1419353 -0.2547662 146.20708
0.51085329 -4.025517 -0.26976329 184.5
0.50063926 -3.9199948 -0.25988165 189.10001
0.5156287 -3.8190067 -0.26110896 184.72223
0.54960418 -3.7545035 -0.24423027 185.59241
0.57014012 -3.6477659 -0.25022048 178.63333
0.55599481 -3.5415852 -0.28102678 163.96001
0.5632925 -3.440134 -0.23617423 134.7
0.55429429 -3.0366569 -0.23301101 125.52777
0.53479314 -2.9304659 -0.26746139 155.81667
0.55518156 -2.7597284 -0.28225976 175.47144
0.55508977 -2.6503644 -0.27744296 167.875
0.5431782 -2.5332367 -0.2823911 167
0.5759843 -2.4706728 -0.28345516 151
0.54447758 -2.3755722 -0.28131336 168.5
0.54784364 -2.2222204 -0.28228006 165.16666
0.51000464 -2.0693073 -0.28965306 183
0.50975895 -1.6043082 -0.25502086 200.25
0.57162863 -1.4600321 -0.23342161 183.75
0.57497638 -1.3371491 -0.22613415 169.75
0.58062631 -1.254847 -0.22124851 183.58334
0.55425531 -1.1349515 -0.22430733 186.84566
0.51518661 -1.0614643 -0.24068248 178.28572
0.51880336 -0.96771103 -0.22999574 181.0806
0.55748826 -0.84037954 -0.24283162 171.43333
0.54859012 -0.7491647 -0.23861681 171.4848
0.53789878 -0.6389789 -0.24292879 178.76251
0.54859477 -0.54033387 -0.24159987 176.68286
0.55151117 -0.46829811 -0.25146028 144.81737
0.55732787 -0.35717183 -0.23735233 151.64462
0.54938787 -0.25996661 -0.23422906 162.55833
0.52062184 -0.14071497 -0.236479 183.78333
0.5397706 -0.06497734 -0.22856522 161.26668
0.53770143 0.033479445 -0.24613389 144.69714
0.53867966 0.12830423 -0.21613644 152.8125
0.56574267 0.39151451 -0.21166971 167.8
0.532363 0.45889124 -0.21623971 179.33333
0.54662734 0.66997498 -0.22120698 177.35898
0.53169703 0.743478 -0.23755217 182.31667
0.59591156 0.87159711 -0.21311377 175.33333
0.59153003 0.94908059 -0.21008329 176.25
0.58474761 -4.0815992 -0.1857924 157.85715
0.50485295 -3.0286393 -0.13321628 117
0.5353151 -0.56076437 -0.18897898 189.53125
0.56053799 -0.44444436 -0.18534546 179.68993
0.56066072 -0.34294146 -0.187868 166.3125
0.56138539 -0.24043424 -0.18007137 156.44048
0.51878333 0.076681353 -0.13353682 135.90468
0.54513514 0.26097605 -0.17234747 160.87141
0.5418644 0.3527993 -0.18198378 163.2585
0.53954154 0.46325999 -0.17918304 181.55844
0.55313748 0.55699182 -0.17731921 183.36055
0.56201082 0.66110826 -0.18194199 176.35417
0.5410974 0.75547862 -0.18126075 167.74792
0.56606609 0.82388514 -0.17907701 161.5
0.59476757 1.0858855 -0.18307751 171
0.53890216 1.1981126 -0.17786463 173
0.5415144 1.2820327 -0.17113367 170.55
0.56670547 1.3306608 -0.1666171 193
0.57627898 1.4321542 -0.15199918 187.5
0.54378629 1.6658276 -0.11765148 179.36566
0.54061651 1.8416787 -0.14984486 152.26401
0.55090201 1.9498746 -0.14090522 171.39725
0.54359812 2.0589132 -0.14119212 178.21605
0.54057282 2.1526415 -0.13357745 156.67856
0.53723389 2.245724 -0.13181064 176.79301
0.54402596 2.3685708 -0.14363885 172.08696
0.53363508 2.448729 -0.15341124 184.75
0.54619342 2.5649483 -0.15482834 179.15666
0.55049402 2.6703634 -0.13062088 158.22768
0.55944681 2.7569246 -0.14835531 156
0.55475324 2.8410289 -0.13918978 177.77777
0.50410765 2.9083772 -0.14956337 185.33333
0.52505124 3.1735365 -0.10055677 171.5
0.50278294 -2.9850938 -0.099152453 147
0.50961936 0.075761907 -0.097232603 128
0.56455332 1.5410067 -0.057379253 165
0.53189719 1.9654251 -0.092145115 152.55
0.554932 2.0749304 -0.086119786 152.66667
0.54937422 2.1660507 -0.078726709 165.56111
0.57411504 2.255614 -0.071562998 160.60594
0.55261165 2.3542039 -0.074601091 171.26555
0.56215841 2.4636552 -0.07437522 171.0211
0.57111973 2.5498216 -0.068098634 148.77194
0.55219722 2.640636 -0.072322339 183.69792
0.5732767 2.7657406 -0.067273185 176.51389
0.51679283 2.8673043 -0.073777728 170.10715
0.53259802 2.9520454 -0.04905612 159.19958
0.56260276 3.040617 -0.03885895 165.39557
0.56898803 3.1311927 -0.037822746 169.74374
0.55313283 3.2488339 -0.016678488 169.1111
0.53724688 3.3371797 -0.019601425 161.93056
0.54957956 3.4143586 -0.0049586236 143.75
0.55281055 3.5109708 -0.0016290902 133.5
0.51483661 -4.1844473 0.053791501 173
0.53339237 -4.0605621 0.064489879 162
0.50037575 1.6509472 0.059568018 165.5
0.55173391 2.7536876 0.034588289 134.72223
0.51955062 3.4383736 0.0035729201 153
0.50360107 3.6712501 0.091890141 119
0.53914225 3.7428343 0.096989848 112
0.55483937 -4.0559978 0.1484067 145.5
0.61126369 -3.7516284 -0.31968844 178
0.61485654 -3.5489402 -0.33753839 190
0.63349658 -3.4643316 -0.33292717 189
0.63977712 -3.378788 -0.328935 188
0.63324803 -3.2514048 -0.32969016 187.375
0.64735013 -1.3633071 -0.39116067 130
0.65529537 -1.2658614 -0.37714443 137.75
0.63932073 -1.1565976 -0.36892343 148.42857
0.60413474 -1.0647265 -0.35424468 160.5
0.61153895 -0.96679723 -0.34766713 171.88889
0.65253466 -0.84251529 -0.34586275 157.52646
0.63523847 -0.66347593 -0.32934994 136.08334
0.64189523 -0.53097516 -0.31706181 127.58334
0.63231087 -0.36167726 -0.32426092 168.88948
0.63411546 -0.21591336 -0.32309398 174.61539
0.64006615 -0.11435214 -0.32017022 175.79311
0.61300105 -0.010631166 -0.32021147 177.39999
0.63737518 0.071587659 -0.31765583 175.19565
0.63142085 0.18228319 -0.31500173 185.5
0.69494462 0.28758794 -0.30903161 192.16667
0.64769179 -4.1428576 -0.25341657 156.27777
0.64275599 -4.0415087 -0.24078707 138.75
0.62486851 -3.931071 -0.25075892 188.60001
0.65132266 -3.8598526 -0.23182549 156.11734
0.64898932 -3.7422638 -0.23773766 165.56061
0.63733548 -3.6394427 -0.24991451 177.38889
0.67169607 -3.5504811 -0.25525209 170
0.66146171 -3.4397249 -0.28145495 154
0.68893814 -3.1834223 -0.28145677 152
0.64793265 -3.0120375 -0.22685248 169.625
0.65233099 -2.9294903 -0.25877967 166.82738
0.64405388 -2.8190801 -0.24275988 167.19048
0.6546365 -2.767705 -0.27590466 175.70834
0.65250111 -2.6410615 -0.27814093 156.33334
0.66805363 -2.5647793 -0.27666485 158
0.68544829 -2.4601517 -0.27663165 139
0.64488596 -2.3318667 -0.2749289 141.33333
0.64379883 -2.165442 -0.27410746 134.5
0.60628641 -1.5444828 -0.23427647 170.33333
0.67331135 -1.444026 -0.22229947 176.5
0.62813938 -1.3645992 -0.22323821 184.75
0.66844797 -1.2632947 -0.21783541 181.09525
0.64506322 -1.1906693 -0.21496819 183.625
0.64892274 -1.0606246 -0.20722164 186.04286
0.62454695 -0.95782465 -0.22420205 179.53847
0.63023549 -0.84050095 -0.22410741 181.78787
0.67773741 -0.73447526 -0.2198204 177.80228
0.64032865 -0.64903331 -0.22683659 164.57558
0.63286477 -0.54585481 -0.23298119 156.25473
0.65886247 -0.436391 -0.2266106 164.81866
0.66609007 -0.35048294 -0.24795783 147.99265
0.66118044 -0.24616098 -0.25503531 140.41428
0.63991648 -0.13255405 -0.24378154 149.83333
0.66132659 -0.068503432 -0.26152194 121
0.62992573 0.052318223 -0.23044293 179.1369
0.65500861 0.13607027 -0.21338545 161.75
0.67987329 0.28435582 -0.22229557 170
0.65428108 0.3439036 -0.2187171 157.29861
0.62272722 0.43195722 -0.21955134 151.75
0.65911967 0.55815333 -0.22747163 163.21666
0.65358281 0.65538007 -0.21663176 164.96667
0.69762337 0.75869578 -0.20585264 183.66667
0.66755515 0.81969708 -0.223746 129
0.68165046 0.95189416 -0.22102821 117
0.64542824 -4.162178 -0.15940209 144.97437
0.60829651 -4.0611663 -0.13106485 162
0.62425834 -0.68147826 -0.16414253 159.54166
0.62619656 -0.550596 -0.18550326 187.73334
0.66745001 -0.43947238 -0.18214677 175.04225
0.65657014 -0.34827352 -0.18124892 169.14658
0.65451062 -0.23723438 -0.18352267 164.77832
0.64467466 -0.13995199 -0.18558998 162.09636
0.66589487 -0.042440094 -0.18784209 175.85715
0.67621064 0.046094876 -0.1867038 165.03125
0.64556438 0.17764263 -0.18457969 161.2381
0.65945345 0.26021066 -0.17103218 164.68607
0.63215774 0.34530035 -0.17720778 164.08485
0.63115811 0.45278326 -0.17787766 177.17221
0.63591933 0.55747139 -0.17755578 184.55
0.63692248 0.64939374 -0.18138753 170.38669
0.6436584 0.73783946 -0.18110415 162.89285
0.63898599 0.82559603 -0.17758814 153.33333
0.67067528 0.99626303 -0.1831236 176.5
0.68878436 1.0619897 -0.19650638 184.66667
0.63707149 1.1483216 -0.18480337 180.125
0.6697939 1.2381469 -0.16748475 165.60001
0.65553808 1.3201234 -0.16585222 156.75
0.68189025 1.4632949 -0.11455153 178
0.65076447 1.5621837 -0.11853172 187.60556
0.64195645 1.6447749 -0.14712782 177.2
0.66176409 1.746532 -0.13098532 168.25557
0.64445138 1.8939344 -0.16327022 160.96033
0.64162987 1.9666777 -0.14483719 175.26807
0.63354337 2.0476589 -0.13176265 172.36389
0.65046322 2.1464028 -0.15345807 161.72223
0.64719611 2.249686 -0.14603268 168.15625
0.62712634 2.3678105 -0.14258082 166.93056
0.65569854 2.4368944 -0.13905048 158.95634
0.63626528 2.5598581 -0.14265925 156.45312
0.63366222 2.661164 -0.1273832 162.59999
0.65745139 2.7631338 -0.16386114 147.575
0.67644793 2.8574059 -0.15635984 144.42857
0.64734083 2.9757326 -0.14039916 163.61665
0.69447899 3.0158923 -0.1386551 159.5
0.6736961 -4.207212 -0.023603078 208
0.62427741 -4.0654511 -0.045302067 156.29167
0.69785714 0.26021948 -0.096325979 125
0.6404109 1.9682606 -0.098429143 135.5
0.66320276 2.078995 -0.094849482 182
0.66722858 2.1291935 -0.085903771 171
0.6561783 2.2400792 -0.065348305 161.55357
0.67738843 2.3600483 -0.06500344 157.04903
0.68227839 2.4580352 -0.083794042 165.25134
0.64745629 2.5746832 -0.057353068 159.16667
0.6408686 2.67061 -0.071666181 156.31694
0.66767287 2.7649689 -0.076194622 175.51785
0.63168865 2.8593035 -0.073602319 163.76389
0.6476078 2.9707837 -0.060191415 160.09187
0.64235574 3.0376256 -0.057562172 162.28664
0.69478852 3.146661 -0.031507481 161.23529
0.63661098 3.2584174 -0.050915521 163.89287
0.64703333 3.3294926 -0.084092446 145
0.67455405 3.4426887 -0.023875318 164
0.68854165 -4.2150321 0.060725089 206.83333
0.65024799 -4.0511456 0.037315082 122.36364
0.63592476 2.2420669 0.034996271 128.5
0.65035784 2.5742121 0.055150874 144.16667
0.6849153 2.6124737 0.061129224 126.41666
0.66858524 -4.0535297 0.12900949 114.23077
0.61365706 2.7352729 0.1177994 136.60001
0.76008743 -3.4929645 -0.33351806 175
0.77167231 -3.3920636 -0.33109048 179
0.7748881 -3.2913179 -0.33146983 177.5
0.76394886 -3.1901982 -0.32791567 179
0.7174024 -2.9915416 -0.32505044 180.2
0.76715046 -1.3374898 -0.38554206 133
0.76242852 -1.251422 -0.37117463 140
0.75912941 -1.1523803 -0.36353016 152.60001
0.71501654 -1.0555829 -0.35461152 168.60001
0.71411723 -0.96993041 -0.35038647 176.75
0.72770512 -0.89099723 -0.35676616 177.4375
0.7586329 -0.76924229 -0.33153123 145.41667
0.72130215 -0.64216989 -0.32889596 145.64287
0.73562962 -0.54087931 -0.31074569 145.98334
0.70825702 -0.40536875 -0.30359429 181.80952
0.73035926 -0.3369053 -0.32191181 168.26376
0.72993553 -0.22054093 -0.30834708 179.54167
0.74851888 -0.12017161 -0.31325474 181.95999
0.72344905 -0.012109944 -0.30922166 180.65218
0.74939507 0.066847309 -0.3075937 185.23865
0.75640792 0.19194666 -0.3021504 188.60001
0.75936967 0.36719215 -0.31422544 191.5
0.76113552 -4.1475616 -0.21877669 126.5
0.72845614 -4.0571599 -0.2464909 179
0.7308799 -3.9735873 -0.23703359 153.14999
0.75474948 -3.8391855 -0.23340465 171.64285
0.7078647 -3.7309115 -0.24338357 150.96376
0.76115388 -3.6771767 -0.24798253 160.12962
0.73295695 -3.5782588 -0.27052307 172.66667
0.73313516 -3.2295275 -0.27917624 153.4375
0.76361495 -3.1556294 -0.23477688 154.48334
0.72822368 -3.0207827 -0.25198191 152.44444
0.74318832 -2.9423945 -0.250278 164.81668
0.76554561 -2.8431828 -0.25154194 176.41209
0.76941657 -2.7420957 -0.25474846 170.33333
0.74115157 -2.6771834 -0.25900811 164.5
0.75938278 -2.5913067 -0.27403733 136.5
0.7832638 -2.4746568 -0.27099699 145
0.74143314 -2.2890701 -0.27214131 133
0.74605238 -1.4379171 -0.28820398 143
0.73446625 -1.3647337 -0.22128542 177.10001
0.78237593 -1.230016 -0.22937371 159.86667
0.70830584 -0.97705871 -0.20945254 181.72728
0.74222857 -0.86639953 -0.23355015 143.46739
0.74755573 -0.76671457 -0.22298729 173.8268
0.74771911 -0.67874455 -0.22831143 163.06618
0.73828709 -0.5552938 -0.23150396 159.89922
0.74226463 -0.44870257 -0.24498253 151.91667
0.764709 -0.3561883 -0.24805281 141.28459
0.77178419 -0.25100419 -0.24431609 152.73334
0.76090366 -0.14572534 -0.24001306 150.90211
0.73971206 -0.069048516 -0.24460691 161.15001
0.76560289 0.035364334 -0.2517457 160.44286
0.74858099 0.14599258 -0.23693764 167.66667
0.76598036 0.25344297 -0.21029785 158.8
0.79363292 0.3774685 -0.21306841 156
0.73301619 0.41201079 -0.22025156 176.8
0.73861134 0.55932701 -0.21123894 176.56667
0.77147543 0.64219236 -0.21825837 173.82222
0.7787953 0.76264375 -0.20823771 187.39999
0.73349816 0.86213046 -0.20284997 184.5
0.70450813 0.95340997 -0.20124452 183.71428
0.73070216 2.1247926 -0.2008931 109
0.76359719 -4.2157512 -0.12124159 193
0.77198327 -4.1529493 -0.16249183 136.55556
0.79775691 -1.0857456 -0.19419593 187.42857
0.77459896 -0.75553858 -0.18829331 169.66666
0.76945281 -0.62759078 -0.19341573 183.5
0.75574523 -0.5880354 -0.19134142 186
0.73848981 -0.4545846 -0.18332867 183.31429
0.73944706 -0.34385109 -0.17727537 174.33293
0.74765784 -0.23207977 -0.17407458 166.18388
0.76097894 -0.12751783 -0.17670827 168.50336
0.757092 -0.054000244 -0.17969133 171.24524
0.74402994 0.076342426 -0.1768418 157.93787
0.75859207 0.16239002 -0.17416637 163.90706
0.73098356 0.24437916 -0.15634935 154.12802
0.73555309 0.34974819 -0.17097007 168.57724
0.72646016 0.45263705 -0.17165738 180.70137
0.74252826 0.55054075 -0.17669785 176.29167
0.73420084 0.66042864 -0.17985559 165.73334
0.70274615 0.79242927 -0.18223156 155
0.77042311 0.98101813 -0.18919638 184.4375
0.79499722 1.0352392 -0.18904279 185.25
0.7184431 1.1530037 -0.17217857 171.7625
0.78416318 1.2541729 -0.17463222 147.33333
0.74344981 1.4349487 -0.13630822 184.89999
0.77173275 1.529595 -0.11881385 186
0.71579891 1.6758741 -0.12161624 188.28572
0.72431219 1.7761387 -0.10512427 185.75
0.74424237 1.8461721 -0.14950177 165.53571
0.75294507 1.9616342 -0.15390754 154.59566
0.73545945 2.0633392 -0.12836967 175.70476
0.75976759 2.1390634 -0.14645879 174.52182
0.75271839 2.2471163 -0.14481696 174.05357
0.73611891 2.329859 -0.15062717 156.67754
0.7640481 2.4420118 -0.15442175 153.79564
0.75763839 2.5346551 -0.14123853 164.97778
0.70263463 2.6148422 -0.14738888 181.85715
0.74160767 2.7462003 -0.13865183 163.45833
0.75228071 2.8252916 -0.14472799 138
0.73010391 3.0022414 -0.13428907 175
0.7762208 -4.2226372 -0.053470545 206.36363
0.7142002 1.9370033 -0.096030563 157.5625
0.76280594 2.0519011 -0.09258309 161.45
0.75100881 2.1837511 -0.083692126 154.58333
0.74048269 2.271256 -0.07557413 162.89583
0.74757642 2.3603871 -0.093808159 168.52274
0.75744116 2.4507141 -0.094200261 145.46667
0.74176359 2.5435522 -0.067454271 149.87729
0.74655193 2.6462102 -0.071020022 150.74907
0.72958916 2.8617892 -0.058021795 156.78889
0.75358135 2.9580517 -0.057406869 161.80113
0.75106418 3.0413277 -0.060895223 161.17857
0.7487914 3.1655934 -0.056344956 153.69711
0.71703178 3.2168403 -0.049293038 154
0.74748087 3.3364201 -0.030856989 174.41666
0.75963289 3.4712682 -0.022956111 160
0.73390746 3.5592597 -0.014476341 150.25
0.79384279 -4.2339344 0.043292396 205.81818
0.74811536 -4.2146497 0.12377124 203.98572
0.72111881 -4.1582389 0.10222566 206
0.84976357 -3.5133255 -0.32933319 155
0.88178122 -3.4033668 -0.32839736 151.5
0.8711068 -3.2900319 -0.32402351 157
0.87539583 -3.1744876 -0.32556289 155.5
0.80036694 -2.9597607 -0.31377286 160.5
0.86617422 -1.2509894 -0.36234114 140
0.85301864 -1.1652262 -0.35869581 152.8
0.83964872 -1.0810177 -0.35330102 167.75
0.82173467 -0.97661316 -0.34127843 176.77777
0.86000729 -0.87412006 -0.33734244 164.12373
0.81146866 -0.7678358 -0.33088294 158.74074
0.85005587 -0.67386138 -0.32695317 155.98077
0.83212847 -0.53157514 -0.32565641 153.64491
0.84308761 -0.45997402 -0.31520107 177.375
0.85971421 -0.38943827 -0.31608641 186.66667
0.87545532 -0.29326111 -0.30933511 184.33333
0.8498376 -0.029788088 -0.3098155 186.125
0.80112195 0.13510129 -0.30326295 188
0.88436162 0.20036633 -0.30627844 190.5
0.81491947 0.3035171 -0.30780938 191.39999
0.85000676 -4.076962 -0.21630676 132.25
0.84723628 -3.9424038 -0.23039128 158.97223
0.83401418 -3.8864713 -0.2134006 186
0.85355115 -3.7660606 -0.22613288 162.02222
0.82776803 -3.6733534 -0.21501489 133
0.8907932 -3.4113135 -0.2907562 177.2
0.86866611 -3.2464445 -0.22830272 142.69328
0.85483927 -3.1537821 -0.24970499 147.78429
0.82777482 -3.053921 -0.24772486 151.37581
0.85174733 -2.9432375 -0.2541748 158.28334
0.85185707 -2.8664007 -0.25437933 170.18056
0.88036293 -2.7498918 -0.24888614 170
0.83116698 -2.6430817 -0.25175563 161.625
0.86442888 -2.5679319 -0.27051795 140.375
0.84577423 -2.4628806 -0.26876646 139.25
0.89666039 -1.3084365 -0.2449455 217
0.86096191 -1.1529032 -0.28055125 126.5
0.86139387 -0.96174479 -0.24347308 150.97826
0.83589602 -0.82298255 -0.25042009 122.25
0.85872829 -0.74816376 -0.2199696 176.09424
0.84421414 -0.66719079 -0.22588687 167.63333
0.84744716 -0.56506306 -0.25753081 164.60156
0.84148395 -0.45032176 -0.26193652 166.66728
0.86288905 -0.35173428 -0.25972143 165.62
0.8486532 -0.23910441 -0.28491914 178.38542
0.85761237 -0.11838549 -0.27630624 174.2202
0.85476035 -0.049096532 -0.2603544 177.34021
0.86329591 0.06007373 -0.25792065 182.00606
0.83692533 0.14704096 -0.23836491 189.05556
0.83016139 0.23795284 -0.25856957 163.44444
0.826536 0.35152212 -0.21592078 166.05
0.86487013 0.48336658 -0.2158998 165.41666
0.86261404 0.55915713 -0.22047457 168.44444
0.85420519 0.6570667 -0.22376473 190
0.85977077 0.70490324 -0.21041766 190
0.80810946 0.80136353 -0.21750958 134
0.83504552 0.91264564 -0.21443836 119.33334
0.87577897 -4.218359 -0.12934992 141.875
0.87066549 -4.1514721 -0.16387345 147.7
0.87130624 -2.9406602 -0.15235478 124.82143
0.87974894 -1.1532748 -0.19851422 182.375
0.80943769 -0.97952604 -0.19459532 184.3
0.86839235 -0.71700037 -0.11934308 137
0.86105371 -0.63178968 -0.19427991 185.03333
0.84760469 -0.54027855 -0.18400185 188.5
0.86827475 -0.44911897 -0.18575212 192
0.83849311 -0.33896625 -0.18021196 173.33333
0.84348685 -0.25543422 -0.17647034 174.8555
0.85417831 -0.13694714 -0.17372921 173.17479
0.84769261 -0.046970762 -0.16584098 159.93381
0.84840345 0.050958429 -0.16755576 165.97801
0.83882737 0.1491868 -0.1659762 161.36174
0.83530068 0.25257757 -0.16656688 166.80853
0.82620901 0.33581039 -0.16784652 170.88164
0.84565419 0.44545147 -0.17518443 176.05521
0.8281942 0.54910284 -0.1752467 175.33333
0.81811512 0.61698568 -0.17409088 166.41666
0.83380145 0.7910679 -0.19988535 190.5
0.83305824 0.87166119 -0.19164149 181.875
0.84785432 0.96377152 -0.18703455 185.83334
0.84726906 1.162676 -0.17376631 176.55556
0.85143465 1.2443655 -0.16921872 167.91666
0.81105238 1.5056126 -0.11395453 179
0.85103589 1.6752399 -0.12687133 177.875
0.80760223 1.7474468 -0.10830149 188
0.8397963 1.8473194 -0.18465096 158
0.85379946 1.9503686 -0.15231584 167.15654
0.83861822 2.0527132 -0.14587092 170.7101
0.85275847 2.1482074 -0.14019859 169.51616
0.83797812 2.2591178 -0.16875173 147.78664
0.83717126 2.3475289 -0.15472855 152.14206
0.83160782 2.4235024 -0.14691684 150.78665
0.86952639 2.5504696 -0.13733114 142.68637
0.85015631 2.6568651 -0.15123112 155.41667
0.81458533 2.7122152 -0.14018904 178.75
0.86170071 2.846972 -0.1308545 144.3611
0.82327902 2.9031956 -0.15042658 134.5
0.83165848 3.0883977 -0.13012798 157.22223
0.83891344 3.1268446 -0.1410439 171.54546
0.88144904 -4.2453666 -0.051038314 206.09091
0.89502978 -0.84059703 -0.094837047 153
0.8223834 1.8750226 -0.099920414 187.5
0.82635593 1.9694759 -0.095002756 156.91666
0.86239326 2.0546649 -0.083843485 154.125
0.86535609 2.1358747 -0.086344533 148.41667
0.8362422 2.2531185 -0.086296611 166.31906
0.83480304 2.3662038 -0.089957781 176.8873
0.8547368 2.4718275 -0.068752885 153.65381
0.84127599 2.5498288 -0.066481896 144.92354
0.83526802 2.6808889 -0.080480345 156.83611
0.83141971 2.7510481 -0.074159414 168.575
0.85095114 2.8641663 -0.056997981 148.13414
0.86157364 2.9513433 -0.058391299 160.14166
0.84513336 3.0558517 -0.05380312 166.09167
0.86517674 3.146832 -0.052432545 153.375
0.84313661 3.252692 -0.039520171 165.17949
0.86708295 3.3657196 -0.032125674 174.39999
0.84504664 3.5043073 -0.02118982 164
0.8272981 3.6159232 -0.012247254 149
0.88623965 2.4666834 0.025931582 143
0.8620165 2.7301242 0.045805693 115
0.87797832 2.8896418 0.027970664 132.36667
0.81911862 -4.2131014 0.13444144 202.5
0.99509543 -3.5895417 -0.30416191 182.05882
0.96567225 -3.4553409 -0.32156959 164.95404
0.99870735 -3.3988371 -0.31689918 175.56522
0.98875785 -3.2876132 -0.32500812 134.5
0.98040068 -3.1598034 -0.3222591 138
0.957798 -1.1829252 -0.36094332 151
0.93035948 -1.0873832 -0.35705 162.8
0.95860898 -0.96071631 -0.33976111 172.75
0.91304171 -0.810794 -0.32555225 153.66667
0.94871879 -0.73823887 -0.32443985 163.27499
0.94117612 -0.63733333 -0.31756422 148.37646
0.94374388 -0.56771851 -0.31797302 169.03859
0.97610182 -0.41412133 -0.30242893 186.14285
0.93958503 -0.24654593 -0.30734226 183.94444
0.95423573 -0.054935742 -0.30664966 181.93333
0.948533 -4.1644788 -0.20412293 122.5
0.96381545 -4.0238109 -0.21052402 146.25
0.95560372 -3.9327471 -0.20536649 158.1111
0.96630061 -3.8544695 -0.20582461 147.58333
0.99160886 -3.740526 -0.20334563 146
0.91282851 -3.6461523 -0.208472 148
0.95007175 -3.5210025 -0.28269407 184.85715
0.94641227 -3.4050207 -0.28890961 179.75
0.95056492 -3.1365769 -0.23520133 147.04762
0.93143523 -3.0687439 -0.23899579 153.54138
0.94146484 -2.9600585 -0.23690222 171.4364
0.95264316 -2.8640862 -0.22849415 171.6098
0.9590835 -2.7881706 -0.26623806 172.67778
0.94780391 -2.6692417 -0.24551073 160.91666
0.94950932 -2.5946512 -0.24231237 152.375
0.92253834 -1.330061 -0.24895318 209.3893
0.98195642 -1.2228128 -0.27206218 157.91666
0.90774667 -1.1573614 -0.27165502 181
0.96862286 -1.0614628 -0.26317674 151.3
0.93203723 -0.92713946 -0.25964043 164.96825
0.99390286 -0.87469292 -0.24865238 134.33333
0.96069425 -0.77645963 -0.2437132 155.41666
0.94251794 -0.65740222 -0.23489399 158.21796
0.94995397 -0.55254906 -0.24503368 178.13635
0.94545448 -0.4527086 -0.27799889 167.82104
0.95492685 -0.35174388 -0.26739106 178.77905
0.94425362 -0.23973212 -0.27198091 175.68518
0.95961624 -0.15225782 -0.26766777 176.85269
0.96022904 -0.044412978 -0.25996342 174.42865
0.955679 0.056221999 -0.25621736 171.95399
0.95070946 0.14323547 -0.26602739 186.83334
0.94825739 0.24518447 -0.24056993 166.825
0.93256319 0.34455934 -0.25816935 183.58333
0.95488238 0.43219826 -0.20984586 167.14285
0.93623447 0.56410378 -0.21354045 182.41666
0.97199231 0.64802223 -0.211022 186.10001
0.95407665 0.78466666 -0.20606571 156.66666
0.91212356 1.8012788 -0.20199923 144
0.93903077 -4.2270632 -0.14067701 145.5
0.96892512 -4.1664076 -0.15364671 149.41667
0.95464289 -3.3143177 -0.1035727 162.57143
0.92332774 -3.2897189 -0.15108569 148.75999
0.99191731 -3.0002656 -0.11191904 131.05263
0.91490984 -2.9163454 -0.14797778 163
0.91405654 -1.3315978 -0.16376464 204.8
0.94699556 -1.1417346 -0.19153288 180.66667
0.91535038 -1.0166087 -0.18489367 188.11111
0.93152004 -0.92036724 -0.18234624 184.66667
0.95582861 -0.82225877 -0.19096655 180.59091
0.99998975 -0.72968364 -0.18433765 179.18182
0.9959839 -0.6823982 -0.11094191 139.34483
0.91378486 -0.34076521 -0.1840685 165
0.92982757 -0.24716513 -0.18065795 179.73334
0.9423579 -0.14282246 -0.17505206 177.24167
0.94618535 -0.055856183 -0.16622259 168.33798
0.94339204 0.029004371 -0.16402003 158.25366
0.93441045 0.13308488 -0.16570209 173.33429
0.92907858 0.24229468 -0.16793923 172.04735
0.91167378 0.33920732 -0.17295659 173.24467
0.95066237 0.42947546 -0.16963501 169.02335
0.91343099 0.51495713 -0.17253083 167.5
0.9834497 0.7993812 -0.18221167 165
0.9045862 0.84255362 -0.18465948 175
0.97270823 0.92392123 -0.17857994 180.33334
0.98417532 1.0899307 -0.1690916 192
0.93157399 1.1448081 -0.17539029 157
0.93183577 1.2686977 -0.16385157 188.77777
0.93725538 1.39107 -0.16391984 183.55556
0.97972053 1.6485562 -0.11292253 174
0.94046587 1.7545264 -0.13728842 177.5658
0.97634894 1.8742859 -0.16484407 161.13635
0.94422567 1.9519898 -0.15611789 168.74028
0.9283542 2.0538843 -0.15000939 172.54276
0.96230376 2.1498427 -0.13970287 172.43959
0.94123906 2.260159 -0.13215794 161.0381
0.95026004 2.3347261 -0.13098544 169.06287
0.934286 2.4565632 -0.13750412 154.78203
0.95620334 2.5565934 -0.13693115 153.95937
0.93199795 2.6410694 -0.15500633 149.45882
0.91479886 2.7389727 -0.15881768 173.875
0.93287158 2.8369603 -0.1672582 166.375
0.91567153 2.9745402 -0.15254213 167.875
0.92899531 3.0379176 -0.14412931 161.64706
0.91744739 3.1565187 -0.11506926 138
0.99016887 -4.2697487 -0.065756626 206.71591
0.96160704 -3.3185015 -0.078153819 161.28572
0.979339 -0.74202758 -0.044749238 141
0.93969274 1.969448 -0.095310889 180
0.95984638 2.0684392 -0.076102406 141.7963
0.95080954 2.2408159 -0.066868827 130.88333
0.9676981 2.3135762 -0.073514506 173
0.92801464 2.4426694 -0.06866537 171.75
0.96445638 2.5495656 -0.079465911 161.06667
0.93149674 2.6645138 -0.08238405 166.83334
0.92333084 2.7485807 -0.084448978 153.40541
0.96256971 2.852706 -0.069037147 150.31784
0.91482234 2.9497998 -0.039023831 141.81754
0.97561961 3.0437114 -0.05399425 161.26883
0.95870274 3.1566188 -0.051371377 156.21428
0.97656852 3.2434618 -0.062159374 153.54443
0.98119169 3.3494999 -0.034120079 175.14285
0.97975999 3.4173584 -0.028745189 168
0.96706951 3.5253527 -0.023309808 157
0.93370068 3.6295042 -0.014488474 146
0.90263975 -4.2474394 0.049686417 203.83333
0.97628492 2.3942158 0.014941517 155
0.92979443 2.4347775 0.062902935 151.95097
0.99337465 2.9441624 0.034992341 117.64286
0.91896451 -4.2236629 0.11034305 202
0.91709721 2.4261844 0.12152553 143.01289
1.096549 -3.8070807 -0.30114108 186.33333
1.0208341 -3.682204 -0.30360547 187.25
1.0703675 -3.4597874 -0.31289065 152.38235
1.024117 -3.3081572 -0.31836715 174.55556
1.0597719 -3.2454476 -0.31987604 147.89999
1.0502086 -3.1500897 -0.31960598 124
1.0234067 -3.0974355 -0.31862003 176.2
1.0547788 -1.1376678 -0.36640304 160
1.0178368 -1.0588715 -0.35499904 165
1.0015827 -0.92300564 -0.3215276 147.33333
1.0465162 -0.85768694 -0.32600164 165.8125
1.0539185 -0.7523002 -0.31588671 167.52084
1.0478492 -0.65691328 -0.31138635 163.67168
1.0599104 -0.31698933 -0.30677977 182.05263
1.0869331 -0.2036133 -0.30387175 177.25
1.0654373 -4.2399859 -0.20584404 166
1.0603634 -3.9753778 -0.20169331 146.5
1.0821763 -3.7251477 -0.28891593 184.5
1.0580623 -3.6359975 -0.29353306 188.08571
1.0667769 -3.545958 -0.28360716 187.25
1.0048463 -3.473403 -0.28621209 184
1.022537 -3.3125942 -0.28879356 179
1.0435236 -3.256928 -0.28855881 177.5
1.0937911 -3.121901 -0.28498045 177.25
1.0445879 -3.058145 -0.24778506 165.9966
1.0401322 -2.9303963 -0.24002551 174.88333
1.0833955 -2.8727226 -0.22480899 180.125
1.0567876 -2.7693956 -0.25171474 175.63751
1.0427858 -2.688709 -0.24175218 158.86667
1.039457 -2.588058 -0.22754361 149.75
1.0591768 -1.3601158 -0.23769709 190.62964
1.0952817 -1.2651285 -0.26340258 160.83334
1.0710919 -1.1625001 -0.26811162 160.7
1.0327634 -1.0462779 -0.26015666 158.875
1.0663058 -0.97323775 -0.25760353 161
1.0619882 -0.83203673 -0.2500667 162.71527
1.0439337 -0.67262352 -0.25567153 167.61111
1.0622356 -0.54578757 -0.27132824 177.60001
1.0796968 -0.41877288 -0.25147909 180.53333
1.0256914 -0.31713787 -0.25235566 184.98865
1.050092 -0.23000777 -0.24906066 184.6488
1.0785221 -0.12836803 -0.25109905 177.24646
1.0740366 -0.030617883 -0.24917603 173.76666
1.0592393 0.040808205 -0.24782935 179.4416
1.0678235 0.15415227 -0.24721049 182.22391
1.0408788 0.24051602 -0.21512482 179.49725
1.0687745 0.36772612 -0.20483303 183.22223
1.0078797 0.49675748 -0.20805539 186.28572
1.0523455 0.54312944 -0.20269617 189.75
1.0255076 0.67729264 -0.22574596 152
1.0593162 0.78212428 -0.20589377 172
1.0322499 1.1617837 -0.21038425 144.25
1.0291023 1.2543647 -0.20711507 155.25
1.0261296 1.3377956 -0.20464373 168.2
1.0445677 1.4590549 -0.20259243 177.33334
1.0181675 1.5115949 -0.20543811 177.25
1.0713156 -4.2250066 -0.12466786 130.37221
1.0844029 -4.1622319 -0.15886736 121.14259
1.0580561 -4.0500474 -0.19440222 144.5
1.06226 -3.9687059 -0.19420788 166
1.0865589 -3.8841157 -0.19456795 149.39999
1.0080639 -3.6372643 -0.19330037 150.5
1.0527772 -3.5996494 -0.18437712 147.33333
1.0444912 -3.0131071 -0.11271054 153.66667
1.0312201 -2.9063671 -0.15851636 171
1.0194097 -1.348078 -0.14105323 208.64774
1.0194054 -1.0462347 -0.18728197 185.5
1.0190911 -0.94730306 -0.18446805 187.2
1.0704834 -0.85394764 -0.17283814 187.45454
1.0766897 -0.75296134 -0.16722228 183.77777
1.0585568 -0.66005397 -0.16515118 163.04942
1.0931658 -0.54412907 -0.12059005 162
1.0579046 -0.49306747 -0.19785406 182.33333
1.0517759 -0.25689691 -0.16833431 165
1.0738428 -0.12965296 -0.14996906 165.21001
1.0509144 -0.04724279 -0.1681509 165.16666
1.0548944 0.024572121 -0.16668546 163.2
1.0403798 0.12682132 -0.16577877 164.97144
1.0176759 0.21990991 -0.16688161 165.08334
1.0095553 0.32524124 -0.17216252 168.5
1.0642447 0.43932858 -0.1977655 143
1.0726558 0.68516415 -0.18492882 144
1.0847071 0.71279806 -0.19606672 125
1.0268431 0.81709683 -0.18137704 164.25
1.0650902 0.90891266 -0.17772776 178
1.0839194 1.1577547 -0.16847272 191
1.0481141 1.2489152 -0.16290653 155
1.0224411 1.3310876 -0.15967484 184.25
1.0403947 1.4525367 -0.17969421 175.60088
1.039566 1.6400782 -0.19888242 156.78572
1.0528355 1.7222363 -0.19998217 140.66667
1.0423031 1.8440832 -0.16703081 161.68924
1.0621665 1.9396451 -0.14529723 171.8974
1.0547204 2.0591197 -0.14336525 164.40953
1.0419319 2.1242526 -0.15275018 174.08391
1.0470743 2.2510118 -0.12208861 160.62158
1.0439998 2.3424006 -0.14864205 161.72453
1.0449291 2.4316771 -0.13402256 159.3512
1.0602216 2.518121 -0.15564871 158.29762
1.0627203 2.6359973 -0.14948075 144.5
1.0349928 2.7305 -0.15258954 156.9881
1.0393181 2.8239551 -0.14438206 153.1389
1.0174655 2.9296894 -0.14911093 158
1.0102113 3.0119386 -0.12534513 146
1.0394448 3.1248276 -0.11022025 142.5
1.0246577 -3.0133495 -0.072763771 131.2
1.0029531 -1.3164409 -0.060989533 201.66667
1.0041207 -0.67922211 -0.030595256 142.875
1.0402403 2.0798202 -0.026510114 133.28888
1.047454 2.1708219 -0.066822857 118.13461
1.0645503 2.2380953 -0.078022555 192.8
1.0651393 2.313921 -0.086308368 179.125
1.0485023 2.4218025 -0.054148722 190.31818
1.0716497 2.5725832 -0.061763663 173.21429
1.0695404 2.6532378 -0.086029634 151.75
1.0570791 2.7559366 -0.069778211 141.97588
1.0650299 2.862582 -0.060546007 151.55554
1.0281662 2.9547224 -0.062719695 163.29166
1.0639226 3.0445681 -0.062956914 173.01666
1.0454555 3.1385717 -0.048891682 150.44318
1.045921 3.2455027 -0.0471742 164.02592
1.0881077 3.3244958 -0.063798398 160.13333
1.0785711 3.5283411 -0.0243582 150
1.0414798 3.6390333 -0.016170073 138.5
1.0490201 -4.2524691 0.044397771 203.65179
1.0446386 2.3625145 0.030140342 148
1.0654052 2.7358122 0.031166065 145.26315
1.0241191 2.9637175 0.016376078 121.13637
1.045812 3.2797685 0.0055865212 152
1.0827503 3.4085605 0.0091178259 138.5
1.0865372 2.0760763 0.14245263 134.25
1.1832575 -3.710381 -0.30439031 191
1.1064239 -3.4077477 -0.30552536 181.57895
1.1103691 -3.3156233 -0.30748072 180
1.1331911 -3.2157562 -0.3067835 180.72223
1.1288947 -3.1248522 -0.31158108 148.5
1.1281646 -3.0107312 -0.30259204 183.93333
1.107457 -1.0349294 -0.35370865 162
1.1278729 -0.97106111 -0.34506723 163.5
1.1265812 -0.76787353 -0.31882897 169.25
1.1427225 -0.65322596 -0.30536199 178.39999
1.1686857 -0.40193671 -0.30367547 182
1.1538926 -0.24278469 -0.30291757 174.58333
1.1521238 -3.8334627 -0.29316306 167
1.1737751 -3.7665024 -0.29663026 190.33333
1.1739974 -3.6366491 -0.29139772 188.25
1.1811625 -3.5115955 -0.29771879 187.2
1.1611038 -3.3369336 -0.27205151 181.40121
1.1940459 -3.1774285 -0.28212485 184
1.1015276 -3.0517967 -0.22573753 167.4375
1.1572556 -2.961184 -0.24596068 174.98413
1.1539717 -2.853961 -0.22637661 170.01428
1.1404092 -2.7613852 -0.2436164 175.91251
1.1569375 -2.6640291 -0.2545456 177.01666
1.1471906 -2.5918956 -0.22247998 146.60001
1.1683307 -2.490592 -0.23026532 141
1.1635771 -1.4244474 -0.24104635 209.25
1.153977 -1.3554738 -0.22881109 199.58333
1.1389045 -1.2287556 -0.26772851 155.925
1.1497149 -1.1324577 -0.25265393 149.91667
1.1576582 -1.044228 -0.25441116 162.02499
1.1525942 -0.97039968 -0.25303346 164.0625
1.1462454 -0.86091715 -0.25172153 166.24522
1.1389024 -0.75246495 -0.24151489 152.87143
1.1602457 -0.6283372 -0.23721698 150.66667
1.1595576 -0.53998941 -0.27819768 176.57777
1.1441146 -0.44352877 -0.2589125 187.24149
1.1368307 -0.32803583 -0.24128504 180.97639
1.1607456 -0.23733388 -0.22576572 184.83809
1.1404432 -0.17346033 -0.2601155 187.60477
1.1706054 -0.053601906 -0.27052596 178.42128
1.1682668 0.044542722 -0.23796536 184.99272
1.1521701 0.15227568 -0.25643498 181.20201
1.1675073 0.20763958 -0.25307497 171.5
1.1082027 0.45191887 -0.20220906 187.33333
1.1513317 0.50835079 -0.20004955 189.33333
1.1676837 1.0531558 -0.2199057 135
1.1516557 1.1549699 -0.20998293 138.25
1.1301476 1.2724438 -0.2083426 151.8
1.1158292 1.3611171 -0.20091785 166
1.1575532 1.533814 -0.20387398 176.66667
1.1479957 1.6240221 -0.20288038 169.61539
1.1758547 -4.1984358 -0.14677101 121.4
1.1556442 -4.082468 -0.18900765 160.33333
1.1456993 -3.9588599 -0.18757109 145.39999
1.1670086 -3.8782697 -0.18077095 160.58334
1.1044139 -3.7579212 -0.18594873 143.42857
1.1057948 -3.664824 -0.18384893 147.66667
1.1348456 -3.574476 -0.18633184 147.92308
1.133117 -3.3866389 -0.16147116 159.8
1.1421382 -2.9459522 -0.16651082 162
1.1650712 -2.8985703 -0.17686695 165
1.1547852 -1.4006536 -0.14394823 210
1.1218144 -1.3505213 -0.14689685 204.81818
1.1160469 -0.93738198 -0.17910953 186.5
1.1299627 -0.85373998 -0.16272813 189
1.1651851 -0.74742138 -0.16494097 188.29166
1.1520987 -0.63724697 -0.18252647 130.63426
1.1870321 -0.44847822 -0.13049573 152
1.1690135 -0.14302017 -0.19271323 183.5
1.1917343 0.055580951 -0.16880761 166.3
1.1687572 0.17882489 -0.17068687 159.07353
1.1543367 0.34906352 -0.19438964 186.00595
1.1319995 0.8037045 -0.17938437 156.5
1.1679854 0.90580261 -0.17618383 169
1.1711036 1.0440032 -0.16301017 184
1.1687431 1.1478367 -0.15423988 172.83334
1.1156144 1.2542672 -0.1349507 154.14732
1.1269081 1.3051872 -0.16057375 183.89999
1.1436038 1.440402 -0.18346174 173.5625
1.1359241 1.7842555 -0.17271516 156.81429
1.1779523 1.8501961 -0.17211664 155.67709
1.1735644 1.9346514 -0.13745582 180.66666
1.1399767 2.0590904 -0.15295321 164.06572
1.1483351 2.1383226 -0.12838969 173.03012
1.1494184 2.2491059 -0.1411718 166.38843
1.1702237 2.338521 -0.12913674 178.17953
1.152326 2.4305623 -0.14389454 160.5251
1.1694882 2.5337648 -0.14796771 153.48334
1.1860197 2.6470058 -0.16769978 149.36667
1.1864524 2.7832603 -0.14432278 151.5
1.1146219 2.8688009 -0.13932553 147.5
1.1253377 3.0261972 -0.11309779 149
1.1402763 3.1245673 -0.1151936 148.2
1.1426744 3.2293546 -0.10516702 150
1.1384341 -4.2664633 -0.057350073 177.97858
1.1898143 -3.2741005 -0.089928389 128.52
1.1368715 -2.9483418 -0.079363972 138
1.1103874 -1.3390359 -0.047218192 204.28572
1.1836766 -0.5266276 -0.077731214 150
1.168013 1.2178806 -0.0734092 131.25694
1.1904594 2.0775971 -0.084370904 190.7
1.1287502 2.1272929 -0.083690956 193.33333
1.1490512 2.2571011 -0.036645483 152
1.1620765 2.3143785 -0.068251774 181.70454
1.1015433 2.4103708 -0.083519362 167.5
1.138957 2.539221 -0.059987217 180.07762
1.1684455 2.6679888 -0.071242757 163.68687
1.1433336 2.7428083 -0.075599618 169.83627
1.1647131 2.8393543 -0.0718273 174.06825
1.1373458 2.9591408 -0.06589251 180.21886
1.119573 3.0433347 -0.058473226 149.875
1.1370877 3.1576767 -0.036343895 157.67999
1.1487024 3.2451553 -0.051550489 176.45834
1.1584736 3.3411982 -0.052122746 149.54167
1.1024441 3.419909 -0.029260254 164
1.1521487 3.6350517 -0.019724729 132
1.1218812 -4.2480817 0.061097898 203
1.168656 2.0556316 0.045147628 136
1.1796829 2.4140291 0.060862664 130
1.1054045 2.7335732 0.079087339 158.85715
1.1524428 3.4561453 0.014785701 132.76666
1.1362102 3.5884404 0.020581612 126.33334
1.108776 2.064852 0.11965188 138
1.1315702 2.7320964 0.11053099 159.33333
1.2534598 -3.6119413 -0.30798218 191
1.2880261 -3.513016 -0.30158633 189.66667
1.2360617 -3.0147183 -0.30120131 189
1.2430799 -0.84702969 -0.33628061 161.78571
1.2048092 -0.78177577 -0.32755604 165.66667
1.2860075 -0.19171195 -0.30150631 163.47368
1.2077301 -0.098641478 -0.30178517 165
1.235476 -3.9610572 -0.29198018 142
1.2868676 -3.8063724 -0.29156163 152.5
1.2356298 -3.7457476 -0.289671 170
1.2319697 -3.4303591 -0.26764083 185.02083
1.281224 -3.3511329 -0.28497666 190.25
1.2534682 -3.2480621 -0.28558201 187.44734
1.2509485 -3.1312051 -0.26477486 180.14583
1.2118901 -3.0698016 -0.25161049 173.1875
1.2312758 -2.9589579 -0.2587384 183.26666
1.2436366 -2.8761463 -0.21632554 174.5
1.2599754 -2.7623396 -0.23233406 167
1.2502247 -2.6223679 -0.2174388 147
1.2772578 -2.5467358 -0.23411621 153.5
1.2809714 -1.4150987 -0.22345671 208.85715
1.2600052 -1.3497391 -0.24878447 172.86665
1.2679822 -1.2261504 -0.25837013 159.25417
1.2457764 -1.1290444 -0.2520304 165.34523
1.2673709 -1.0295553 -0.2444914 170.76666
1.2362895 -0.93929887 -0.24653481 163.08749
1.2381254 -0.83898646 -0.24224481 163.3829
1.2573236 -0.74170971 -0.24190488 162.0127
1.2637777 -0.66164565 -0.24032748 163.49091
1.2702897 -0.53566992 -0.22615212 165.78804
1.2478124 -0.44795743 -0.24298756 168.02417
1.2411205 -0.33699942 -0.27430126 182.98552
1.2252328 -0.23924279 -0.25689286 186.36665
1.2528362 -0.1322462 -0.25770563 171.97629
1.2443305 -0.055183776 -0.26127136 178.86511
1.2551004 0.046344575 -0.26049101 174.89583
1.269987 0.14137949 -0.24782993 174.95334
1.2488393 0.26344794 -0.26333827 171.82382
1.2797073 0.38492393 -0.26674652 151
1.2671958 0.43809652 -0.26724967 142
1.2979872 1.0668557 -0.2157253 134.75
1.2638789 1.1788175 -0.20636578 139
1.2421551 1.2555392 -0.20606099 143.33334
1.2075891 1.3539634 -0.20140275 157.60001
1.2623421 1.6470712 -0.2017803 174.36363
1.216293 -4.2404585 -0.13258088 162.69444
1.273291 -4.1503954 -0.15228114 127.77778
1.2371445 -4.0032382 -0.1831436 146.5
1.2664844 -3.9506359 -0.17763853 186.33333
1.2429727 -3.8578446 -0.17460677 179.91251
1.2482953 -3.7851555 -0.17453362 154.92857
1.2604676 -3.6421592 -0.17178239 176.08333
1.2392178 -3.5614569 -0.19885013 167.01315
1.2789297 -3.2121601 -0.11126358 142
1.2202694 -3.1903727 -0.1927516 157.5
1.2334533 -3.0142503 -0.16090287 165.33333
1.2495725 -2.9283123 -0.1635353 167
1.253561 -2.8066123 -0.17823242 166.14285
1.2501656 -2.7384489 -0.14561245 156.25
1.2947527 -1.4071573 -0.1149211 209.5
1.256832 -1.3573114 -0.13665077 205.34723
1.2099297 -0.42221197 -0.19147718 138.18182
1.2652923 -0.36329576 -0.13271232 157.5
1.2489738 -0.13819745 -0.16109547 144.7
1.2768083 0.039557617 -0.18933997 187.89999
1.2462249 0.14029005 -0.17606112 155.38889
1.2555414 0.22984017 -0.18650293 188.425
1.2715883 0.34094757 -0.18803066 189.8
1.2527044 0.49556509 -0.19339424 186.33333
1.2142475 0.58964449 -0.19882132 183
1.2740748 0.6678378 -0.19586521 172
1.2503538 0.83237648 -0.17585631 151
1.2837315 0.92642874 -0.15698266 156.16667
1.2555755 1.1593812 -0.15896635 191
1.2412008 1.249534 -0.15581657 186.75
1.2277105 1.3199737 -0.16281635 182
1.2372372 1.4277248 -0.17956497 168.83334
1.2734165 1.5277852 -0.19467472 170.61539
1.2852627 1.6317837 -0.16534378 163.33333
1.2173461 1.7738099 -0.14762586 174.92308
1.2556858 1.8645432 -0.14668295 158.92857
1.2526549 1.9695382 -0.16250959 158.93376
1.2447927 2.0457585 -0.15413427 167.25075
1.2438082 2.1623223 -0.13188091 173.74974
1.2529888 2.2569551 -0.13164181 170.46428
1.2497936 2.3373308 -0.13703842 170.52962
1.257236 2.4487219 -0.13657819 163.19833
1.2677277 2.5475097 -0.1280748 151.74471
1.2430243 2.6502516 -0.12984909 152.75
1.2436574 2.7554824 -0.14522578 137.70833
1.2672039 2.866396 -0.13230237 156.4236
1.2246779 3.0709653 -0.11566893 148.66667
1.2566177 3.1728194 -0.11384711 143.75
1.2398249 -4.280849 -0.039770108 204.1508
1.2294689 -4.1359315 -0.079681411 105
1.2784175 -1.4022967 -0.056717422 209
1.2503514 -1.3616554 -0.063047044 204.5
1.2588544 -0.69912547 -0.093011156 139
1.2419155 -0.47399259 -0.030203467 142.5
1.2393497 1.9622079 -0.096237771 181
1.2495079 2.0400224 -0.08752355 160.26666
1.2687346 2.232893 -0.078377739 177.07906
1.2967733 2.310791 -0.0606605 182.5
1.2083851 2.4126408 -0.062933736 172.89999
1.2384388 2.5651968 -0.060613483 174.7644
1.2605275 2.6749508 -0.06830366 129.36989
1.2586308 2.7570112 -0.073918812 148.48055
1.203209 2.815773 -0.08891923 178.52632
1.2354574 2.930094 -0.071707413 177.1169
1.234176 3.0556099 -0.051738538 162.80666
1.2257863 3.1358557 -0.05388068 168.34343
1.2634017 3.2558246 -0.066728458 166.56429
1.2741059 3.3231502 -0.051766887 175.5
1.2302252 3.4456444 -0.052982729 139.5
1.2415965 3.5495265 -0.019658893 141.5
1.272366 3.6302769 -0.01492004 134
1.2456825 -4.2827692 0.022506718 205.66667
1.2589753 -0.49761075 0.00094712304 154.28572
1.2419679 1.0937029 0.011390631 123
1.2200221 1.1672813 0.068066426 119.33334
1.2182608 2.4052711 0.041848276 132
1.2180544 3.3109584 6.542576e-05 139.42857
1.2508726 3.5436318 0.019570069 127
1.2838744 3.6127758 0.031693276 118.33334
1.2755334 2.7713144 0.11940257 139.13333
1.3233874 -0.32377794 -0.31074736 171.5
1.301307 -4.0617695 -0.29084107 131
1.3539273 -3.8853133 -0.29137126 133.66667
1.3776174 -3.4373057 -0.2812857 178
1.326947 -3.2117682 -0.27346444 188.5
1.3276677 -3.1246557 -0.27069336 183.59525
1.3475555 -3.0313549 -0.25193387 180.45239
1.3663447 -2.9205687 -0.20396049 156.11111
1.3724405 -2.8320472 -0.22411975 167.58334
1.3573991 -2.7246768 -0.24087362 164.575
1.3374846 -2.6471288 -0.2380338 165.08334
1.3475417 -2.5734913 -0.27201626 178.5
1.3636669 -2.493763 -0.26447335 171.66667
1.3765904 -1.3616492 -0.23533279 171.02499
1.380926 -1.2485305 -0.25130957 157.40001
1.35642 -1.1552585 -0.24740241 151.0625
1.3555331 -1.0482526 -0.24237879 164.46449
1.3440956 -0.94584 -0.23555681 162.15219
1.3396078 -0.84385109 -0.23473904 167.48616
1.343038 -0.73198092 -0.23680618 166.16547
1.354286 -0.65411425 -0.23829153 163.6366
1.3647765 -0.55819196 -0.24011381 169.52451
1.3927919 -0.4580003 -0.2608965 156.29167
1.363084 -0.20277867 -0.29477897 162.30556
1.3388809 -0.1503011 -0.24835257 153.43498
1.3493825 -0.0047434154 -0.21013518 171.60001
1.3436782 0.044158351 -0.21735469 174.46249
1.3513933 0.17226706 -0.22948106 187
1.3658301 0.24558121 -0.24019413 176.46875
1.3740474 0.34155247 -0.2337366 156.08334
1.3641214 0.44348377 -0.26174477 147.33333
1.3539191 0.54110998 -0.2611649 137.5
1.34117 0.68540013 -0.2672931 127
1.3629656 1.2321451 -0.20332479 140.75
1.3142481 1.333643 -0.202282 149.60001
1.3412712 -4.316227 -0.10272029 207.60001
1.3563433 -4.2050848 -0.15218653 134.2
1.3880683 -4.1569567 -0.10164626 144.42857
1.3421569 -4.0451312 -0.17264731 166.83333
1.3899157 -3.90749 -0.16476589 165.60001
1.3506397 -3.8358233 -0.16805734 183.54761
1.3290473 -3.7192981 -0.15812171 188.13333
1.3492166 -3.6801469 -0.1807048 176.08482
1.3745562 -3.550288 -0.12421633 183.25
1.3431271 -3.1444435 -0.165821 159.2
1.337994 -3.0591495 -0.15617225 153.93382
1.3356819 -2.9176624 -0.15945457 166.89999
1.3559191 -2.8258643 -0.12767343 160.73334
1.3445668 -2.7191589 -0.17457783 165
1.3703249 -1.3817803 -0.13184418 203.25
1.3690161 -0.39794198 -0.15606345 166
1.3487993 -0.032204263 -0.17759188 166.33333
1.3367844 0.028829265 -0.17060156 181.56412
1.3387885 0.10099776 -0.19271581 186.5
1.3804083 0.2861841 -0.19125827 191.8
1.3745 0.36420989 -0.18517183 187.33333
1.3487296 0.45822257 -0.18820815 183.125
1.3349247 0.58013833 -0.18551342 174.75
1.3667636 0.73635733 -0.17532782 144.5
1.3164877 0.84861457 -0.1704728 150
1.3362234 1.1776334 -0.15956023 189.33333
1.3414896 1.2827952 -0.15798359 185
1.3216511 1.3025084 -0.16007891 184
1.3497097 1.4658954 -0.18811898 152.71428
1.375724 1.5597969 -0.18673393 158.41667
1.3647937 1.6765156 -0.17731886 162.75
1.353546 1.7247965 -0.16903605 168.8889
1.3361646 1.8467468 -0.13568343 164.44444
1.3310136 1.9688996 -0.15349013 160.95555
1.362851 2.0585172 -0.13081381 176.46428
1.3338733 2.1431315 -0.13414462 177.2
1.3638387 2.2547729 -0.14922728 158.45779
1.3495191 2.3551607 -0.12406467 170.73242
1.3455956 2.4417853 -0.14253971 156.00858
1.3439373 2.5407469 -0.14116243 146.72023
1.3481786 2.66154 -0.13877317 137.8889
1.3443263 2.7521386 -0.13848415 128.25
1.3680388 2.8576219 -0.13204256 139.16667
1.3323256 3.0829828 -0.11126433 138.75
1.3328115 3.2031155 -0.10625765 135
1.3759439 -4.3200207 -0.033215273 207.72223
1.3276285 -4.2082787 -0.083381452 121.83334
1.3702244 -4.1574121 -0.062531956 146
1.3456964 -2.8716953 -0.0038077903 150
1.3426322 -1.3798491 -0.052660786 204.28125
1.3377377 -0.63967854 -0.045767594 130
1.3773099 -0.54930526 -0.040760681 127.62778
1.3955451 -0.36917949 -0.046733856 165.28571
1.3730861 -0.20961331 -0.0028194692 149.5
1.318707 1.8446354 -0.068986222 134
1.36224 2.1431351 -0.086846098 181.21149
1.3879558 2.261322 -0.082399949 167.66965
1.355487 2.3893878 -0.052098632 152.44057
1.3541191 2.4568813 -0.069261424 166.77245
1.3407799 2.518882 -0.077611096 164.42316
1.341319 2.6786442 -0.081896663 168.28571
1.3594676 2.7698796 -0.050674956 159.0508
1.3322616 2.8561268 -0.075923301 166.89679
1.3614639 2.9543386 -0.047479078 154.86009
1.3505294 3.0444469 -0.052039754 169.33867
1.3477792 3.1550031 -0.05081265 180.33334
1.343024 3.2393162 -0.052623909 171.8889
1.3624014 3.349957 -0.050134219 154.04001
1.3503783 3.4283247 -0.050757665 153.11111
1.3711487 3.5017352 -0.057021741 112.5
1.3243756 3.7671995 -0.0073976219 125.5
1.3668571 -4.3294153 0.041064367 206.7
1.3091098 -1.3694172 0.037819594 204.5
1.3042957 -0.49361405 0.036234118 129
1.3818476 -0.22321065 0.023032544 130.3
1.3857954 -0.16466346 0.039955318 139
1.3276552 2.6419847 0.06668447 154.83862
1.3599117 2.7459264 0.027497219 146.57793
1.328687 2.8047414 0.0018944006 128
1.3488722 3.4297667 0.012150149 136.16667
1.3759215 3.5201099 0.014961944 124.33334
1.3535786 2.6314807 0.1165306 154.71428
1.4236389 -3.9675422 -0.29234514 123.5
1.4501075 -3.4764431 -0.27934438 159
1.4489411 -3.3532109 -0.28019619 171.83333
1.4490961 -3.2424223 -0.27700859 177
1.472474 -3.144953 -0.24385671 158.66667
1.4684035 -2.9332089 -0.20334677 148.66667
1.4808302 -2.830631 -0.23491734 159.08334
1.4620113 -2.724375 -0.22632651 152.3
1.4266688 -2.556545 -0.23955373 154.375
1.4813387 -2.4064515 -0.26253411 156
1.4018984 -1.4020355 -0.20979252 205
1.4590572 -1.3584007 -0.237829 169.83333
1.4375491 -1.2483839 -0.25305575 150
1.4518169 -1.163895 -0.24095951 165.83333
1.4362656 -1.0572075 -0.23361352 165.23129
1.4577588 -0.94993031 -0.22780095 170.62708
1.4361535 -0.85920554 -0.22688684 172.13167
1.4544678 -0.76912689 -0.23255351 174.96667
1.4604126 -0.65700239 -0.21976984 166.16667
1.473112 -0.52934641 -0.25520578 167.60606
1.4834241 -0.44140205 -0.25479847 154.26471
1.46091 -0.25098798 -0.22799556 167.82143
1.438301 -0.14957117 -0.25943595 149.87694
1.4371107 -0.075862728 -0.23981419 153.22726
1.4644219 0.035851046 -0.23076572 164.21304
1.4502863 0.1664861 -0.22677346 173.575
1.463783 0.27513859 -0.22801913 173.70833
1.4425668 0.33377558 -0.23526783 178.5
1.4604641 0.43692228 -0.25591165 153.39999
1.4632392 0.53593105 -0.25492486 139.5
1.4686501 0.63741136 -0.26147738 133
1.4473627 1.053038 -0.21040757 131.16666
1.4004831 1.1507173 -0.20937046 134.5
1.472513 2.1901541 -0.20007251 111
1.4422154 -4.2233038 -0.1374611 129.875
1.4196004 -4.1324716 -0.15114668 159.57777
1.4448904 -4.0229721 -0.16163287 176.93333
1.4270941 -3.929682 -0.1644194 184.17461
1.4606878 -3.8279288 -0.16039208 184.77251
1.4379023 -3.7389858 -0.15518914 183.33987
1.4340243 -3.6350622 -0.1544836 181.18056
1.4723796 -3.57144 -0.17214383 174.23077
1.4708433 -3.4823825 -0.17547424 143.8
1.4487718 -3.1223249 -0.17195688 152.54251
1.4317414 -3.0514092 -0.18116456 153.32318
1.4424531 -2.9447482 -0.15394537 164
1.4467207 -2.8334467 -0.15978888 171.77777
1.4452233 -2.7632864 -0.16452985 178.85001
1.4472114 -2.6455209 -0.16861862 161.75
1.4693419 -2.5539391 -0.16711827 154.33333
1.4627091 -1.3750614 -0.11875552 203.70833
1.4464753 -0.57417506 -0.15170331 135.19191
1.4848942 -0.28896353 -0.10616515 136.08333
1.428282 0.044779342 -0.1819783 185.5
1.4178174 0.13691665 -0.18500158 189.33334
1.4126244 0.28391534 -0.17887686 190
1.4761887 0.69563407 -0.19871697 109
1.4762906 1.2702634 -0.19997495 141.5
1.4501843 1.3463172 -0.17497365 165.96249
1.464852 1.4659727 -0.14783905 176.8889
1.476751 1.5697527 -0.17881298 145.5
1.4574256 1.6633432 -0.17930689 153.14285
1.4647884 1.7728295 -0.13837408 183.77777
1.4427112 1.8545524 -0.14128277 167.36469
1.4457989 1.956705 -0.1500161 171.03204
1.4819102 2.065491 -0.1455147 172.35001
1.4600145 2.1688838 -0.12141391 174.20886
1.4528966 2.2524104 -0.11928163 169.34273
1.4589236 2.3635979 -0.13849649 148.38623
1.4666922 2.4615417 -0.11728989 175.21667
1.4205579 2.5509224 -0.14455588 150.33333
1.446152 2.654464 -0.13484553 145.50667
1.4752975 2.75775 -0.13257788 127.33889
1.4527253 2.8650527 -0.13037159 125.66667
1.4419055 3.1124756 -0.10671528 121.5
1.4047629 3.2334099 -0.10780025 124
1.4615833 -4.2802072 -0.069235452 189.48889
1.4316548 -4.1443005 -0.071937568 151
1.4920534 -3.4242778 -0.0021133684 169
1.4693038 -2.961652 -0.047773838 155.5
1.4155533 -2.7197475 -0.097063638 152.39999
1.439862 -1.3656191 -0.035925347 203.10715
1.4633201 -0.35140815 -0.042915784 135.63333
1.4405842 -0.25614706 -0.071822464 141.40152
1.456039 -0.027233986 -0.050110787 156.4008
1.4479675 1.7816118 -0.051670279 134.5
1.4288648 1.9247085 -0.095483303 183.5
1.4966291 2.0906041 -0.077460736 187.27272
1.434273 2.3479273 -0.076232143 168.13995
1.4806811 2.4928837 -0.020445095 144.55556
1.4610476 2.5530329 -0.089037105 167.58334
1.4355342 2.6407528 -0.060630113 164.985
1.451827 2.7505927 -0.070788354 164.17459
1.4499063 2.8427441 -0.045416951 183.29167
1.4516007 2.964591 -0.045692995 173.60913
1.4800496 3.0598927 -0.049677026 171.06906
1.4671888 3.133893 -0.034918807 177.16478
1.4477102 3.2528539 -0.044998214 159.86551
1.4639059 3.3484001 -0.044340812 163.66667
1.4700856 3.4320183 -0.054056365 146.34
1.4448696 3.5447023 -0.032518566 120.33334
1.4415843 -2.9862173 0.070067599 123
1.4250287 -1.3972939 0.067570336 204
1.4193993 1.8061588 0.018404827 126
1.4874225 2.6365666 0.021211358 169.46153
1.4671931 2.7692599 0.065414883 139.9375
1.4982404 2.8433876 0.097592883 148
1.4612229 3.134198 0.0058009033 179.66667
1.4427304 3.2082496 0.0070299329 173.42857
1.4547009 3.3566089 0.014927337 159
1.488089 3.4613156 0.030901764 142
1.4172753 3.5854092 0.02500841 115.5
1.4466925 2.7820475 0.14879106 123.66666
1.5563602 -3.5337875 -0.27845347 135
1.582854 -3.3601325 -0.21941693 152
1.5392885 -3.2654996 -0.27389187 156.25
1.531598 -3.1509211 -0.25689697 154.5
1.5369903 -3.0378883 -0.26622155 167.91666
1.5613451 -2.936955 -0.20101841 150.75
1.5228151 -2.6440742 -0.23556669 150.75
1.5374153 -2.5405414 -0.24545498 152.33333
1.5396143 -2.3639767 -0.25937289 148
1.5944122 -1.3998277 -0.23965046 191.5
1.5310501 -1.268328 -0.24075077 162
1.5321324 -1.1579293 -0.2414716 164.48619
1.5424154 -1.0661712 -0.2215655 172.8
1.5618362 -0.96101105 -0.22292638 173.10416
1.5233901 -0.86932224 -0.2181596 174.16666
1.5480936 -0.76697308 -0.22197741 178
1.5395817 -0.63731033 -0.2286483 156.66666
1.5748295 -0.55966347 -0.24677865 171.55556
1.5657909 -0.46165887 -0.25321543 160.06667
1.5322648 -0.37498936 -0.23849505 153.84872
1.5254472 -0.24928899 -0.23567653 151.00833
1.5282799 -0.18102452 -0.22801593 167.73613
1.5215658 -0.072306953 -0.22814249 154.37059
1.5760933 0.045170903 -0.23162477 165.35144
1.5598102 0.15370695 -0.21807632 165.05208
1.5496918 0.25208148 -0.22869542 180.66965
1.5621526 0.35984689 -0.22687881 177.53333
1.5552913 0.43601504 -0.2446979 154.5
1.5710343 0.53092009 -0.24441218 139.75
1.5978093 1.0845246 -0.2067607 128.5
1.543738 1.1658541 -0.20668459 134.25
1.5791831 -4.236958 -0.1235621 133.02501
1.5269768 -4.1364946 -0.14238195 161.5
1.5520384 -4.0478635 -0.15622935 181.14815
1.5413254 -3.9378657 -0.15361829 183.73334
1.5312608 -3.8615465 -0.16262531 187.28572
1.5585909 -3.7542667 -0.14335747 181.86111
1.5306387 -3.665436 -0.14802654 179.77679
1.5075876 -3.5561991 -0.15850087 154.33333
1.5895936 -3.4811208 -0.16325921 141
1.5516323 -3.1191168 -0.15734386 179.94048
1.5316954 -3.0304215 -0.16707048 166.76251
1.531817 -2.948288 -0.16343114 156.8
1.5330093 -2.8604765 -0.15187868 181.40385
1.5508779 -2.7499237 -0.1698218 167.67522
1.5776086 -2.6402044 -0.16016755 159.8
1.5743695 -2.5270851 -0.1791909 143
1.5611218 -2.4961255 -0.15437153 148
1.5923662 -1.3532758 -0.13590245 196.52274
1.566548 -0.56493193 -0.16015998 123.17242
1.5234662 -0.31956571 -0.12574318 129.8
1.5489609 -0.06371019 -0.17598002 145.64211
1.5290313 0.16365978 -0.16249269 117
1.5508363 0.65102631 -0.19630691 119
1.5654235 1.2889365 -0.15275551 189
1.5420805 1.358876 -0.16184039 173.48889
1.5728724 1.4696317 -0.15174341 166.08334
1.5511643 1.5636961 -0.13758335 183.77272
1.5505843 1.6251342 -0.14523433 163.8157
1.5309998 1.7527013 -0.12522258 180.64285
1.5437841 1.8409158 -0.15239416 162.09091
1.5517833 1.9531025 -0.15147339 149.24666
1.5561634 2.0456426 -0.14032167 167.64287
1.5526243 2.1539631 -0.12762341 166.00278
1.5527487 2.2379422 -0.12240963 159.6983
1.5449455 2.3424885 -0.12435468 179.05357
1.5572819 2.450151 -0.12833683 161.49365
1.5168703 2.5548875 -0.12417936 161.38333
1.5534825 2.653132 -0.13280839 141.55
1.5586778 2.8489242 -0.12647825 125.75
1.5260183 2.9173856 -0.10731853 128.33333
1.5087179 3.1307459 -0.10581309 114
1.536433 -4.2339897 -0.064910203 177
1.5323848 -4.1798139 -0.070358552 170
1.5752106 -3.4218769 -0.045778636 135.83333
1.5839064 -3.2049963 -0.017340811 124
1.5779243 -3.1684585 -0.021311486 146
1.5753267 -3.0639443 -0.019417195 136.2
1.5126715 -2.7557673 -0.089134283 169.8
1.5543779 -2.6520767 -0.079514824 160.25
1.5477232 -1.376321 -0.027637009 205.61427
1.5586343 -0.43955421 -0.0080803493 140
1.5511518 1.6479243 -0.0076901633 143.1875
1.5303452 1.7438318 -0.02397918 131
1.5065917 1.8174455 -0.088582672 136
1.5241914 1.9279591 -0.095692649 189
1.5005496 2.0314741 -0.080005653 188.39999
1.5575271 2.1620529 -0.073279686 183.36365
1.5654331 2.283422 -0.071408406 174.76923
1.5801905 2.435045 -0.095158719 150
1.5571228 2.540256 -0.070584118 163.76291
1.553844 2.6527157 -0.076428175 168.5
1.5574254 2.7572658 -0.051999003 159.42062
1.5134419 2.8755555 -0.074975349 181.31818
1.5379586 2.951335 -0.039913576 164.30673
1.5733368 3.0367582 -0.036738552 169.82568
1.5183114 3.1436379 -0.033925757 168.75926
1.5539045 3.2337124 -0.053429965 163.56667
1.573952 3.3504519 -0.036103692 180.08334
1.5415323 3.4353259 -0.022067323 152.125
1.5625316 3.5001864 -0.052060716 171.75
1.5500747 -3.3750494 0.019165121 127.8
1.5416422 -3.0491796 0.010588098 128.22223
1.573673 -0.46709284 0.019079983 122.5
1.5293657 2.4713876 0.059868414 148.98627
1.5575869 2.6316147 0.017025707 135
1.5975274 2.890543 0.074298047 150
1.5946343 3.1643214 0.004195381 183.33333
1.5135946 3.2104378 0.0058450089 176.25
1.5437193 3.3541667 0.011982274 160.925
1.589744 3.4891777 0.026421143 139
1.5505638 3.5529425 0.0094596799 125.77778
1.553193 2.4611175 0.10930334 158
1.6349179 -3.5761676 -0.27950621 122.75
1.6423899 -3.4286702 -0.2767157 129.58334
1.6545923 -3.3352604 -0.21042846 162.60001
1.653529 -3.2707205 -0.23914197 148.66666
1.6318921 -3.1603496 -0.20393108 162.25
1.6457165 -3.0553019 -0.2361304 156.60001
1.649902 -2.7777021 -0.26025146 143.75
1.6315373 -2.6481593 -0.24027979 145.6111
1.6473972 -2.4743531 -0.25613147 139.75
1.6984466 -1.4102788 -0.23097664 191.5
1.6089423 -1.332179 -0.21802843 141
1.6547519 -1.2491802 -0.23829626 166.89999
1.618232 -1.1658592 -0.24404323 168.76666
1.6549107 -1.0542234 -0.21541809 156.43333
1.6466982 -0.97187525 -0.21216969 178.85001
1.6266242 -0.85813135 -0.21469072 178.22025
1.6615583 -0.75007021 -0.21367349 167.08264
1.6792427 -0.64800954 -0.21009515 170.375
1.6482314 -0.5674569 -0.22521912 175.63637
1.6293893 -0.42406926 -0.2129502 163
1.6511295 -0.34537986 -0.20113766 150.15384
1.6537842 -0.15433772 -0.23017569 166.58913
1.6181836 -0.053186085 -0.22210814 159.77451
1.6457386 0.032825675 -0.25309896 156.25406
1.6387012 0.1406839 -0.21737054 168.52631
1.6523991 0.24845107 -0.24040689 160.12083
1.6802939 0.36358711 -0.24222523 158.86111
1.6748797 0.44965401 -0.23465554 162.39999
1.6735808 0.51026076 -0.22933754 143
1.6522081 1.2365959 -0.20345172 134
1.6846212 -4.2485404 -0.11514157 141.5
1.6283295 -4.1528392 -0.13811283 160.36111
1.657333 -4.0824857 -0.14966843 176
1.640922 -3.9547665 -0.14497642 182.7
1.6374085 -3.8535938 -0.14523986 182.24243
1.6512705 -3.7600663 -0.1423773 175.10925
1.6547513 -3.6931674 -0.16204378 157.86111
1.6428531 -3.5983722 -0.11301565 176.66667
1.605225 -3.2204478 -0.16310942 162.60001
1.6717192 -3.1253905 -0.14180978 171.20238
1.6461143 -3.0384295 -0.15362211 166.76285
1.6490046 -2.9549112 -0.16994756 167.5
1.6332999 -2.8471537 -0.16792998 172.32637
1.6394407 -2.7584047 -0.14775015 183.25
1.6652445 -2.6363404 -0.17703547 149.625
1.6609737 -2.5642514 -0.15585829 156.8
1.6621995 -2.4953501 -0.14993952 147
1.6784961 -1.3553389 -0.11467808 196.16667
1.6489038 -0.53487951 -0.16640022 130.67778
1.6534803 -0.49631938 -0.15450613 122.07143
1.6278098 -0.27422526 -0.19843073 151.07408
1.6044245 -0.1792465 -0.19112889 159.21428
1.6141154 -0.066430978 -0.19644061 169.77777
1.6709334 0.069457106 -0.17705752 185.08215
1.6550018 0.26008981 -0.17002124 187
1.6006908 1.298799 -0.19447872 138
1.6531944 1.3727405 -0.16012502 164.89999
1.6394937 1.4845678 -0.15019929 184.5
1.6665721 1.5426583 -0.15591307 165.10417
1.6323955 1.648313 -0.13404123 164.63
1.6515054 1.7503555 -0.1361495 171.49495
1.6370251 1.8470948 -0.14644888 159.23334
1.6236255 1.9496182 -0.14164624 155.27274
1.6530042 2.0572984 -0.13066983 162.03273
1.622197 2.1436353 -0.13718845 156.06667
1.6671066 2.2567506 -0.12827367 168.83333
1.654727 2.343287 -0.11895492 173.66304
1.6748006 2.4342291 -0.11991319 168.80556
1.6267627 2.5409815 -0.11449585 165.875
1.6419297 2.6585865 -0.10575964 155.74445
1.6173991 2.7512417 -0.12064184 132.5
1.6588627 2.8113608 -0.12094108 127.625
1.6533986 2.9034612 -0.10342741 131.5
1.6375986 -4.3052177 -0.073301926 183.125
1.6532035 -4.2287703 -0.034801956 168.96364
1.6611549 -4.1404729 -0.082775734 95.666664
1.659431 -3.2255666 -0.0090872906 122.35
1.6515478 -3.1678298 -0.040144533 135.66667
1.654075 -3.0976636 -0.045714237 122.9
1.6224692 -2.7256012 -0.075857081 178
1.647512 -1.3586435 -0.01917712 196.60001
1.6369208 -0.23144479 -0.037109807 133
1.6365728 1.6161902 -0.0020974306 146
1.6747861 1.848209 -0.065395996 125
1.6498053 2.0334177 -0.087060958 189.5
1.6687518 2.1439948 -0.078833908 184.375
1.6989018 2.2517266 -0.094943576 184.5
1.6678848 2.440238 -0.082872979 164.10556
1.674368 2.5379345 -0.056878179 155.13461
1.6401173 2.6143062 -0.068934783 164.58333
1.6450466 2.7448661 -0.056375653 161.79646
1.6344157 2.8460515 -0.067887589 166.25714
1.6379547 2.9654789 -0.05820385 172.73613
1.6526843 3.0389717 -0.055422679 177.33997
1.6289495 3.1439037 -0.049014948 172.61093
1.6370301 3.274699 -0.034803718 160.75
1.6552447 3.3438184 -0.043827169 160.83333
1.6396927 3.4444523 -0.039506644 151.91667
1.6705028 -4.1938605 0.080333695 148.90909
1.668245 -1.3661062 0.057208888 195
1.6505259 2.6286559 0.058805987 127.67619
1.6483881 2.7118056 0.0034363093 172
1.6359015 3.2589791 0.008522775 175.21875
1.6804478 3.385592 0.012209895 152.5
1.6977112 3.4934871 0.013743656 124.95833
1.7228683 -3.3123021 -0.269436 122
1.7088592 -3.0385125 -0.26223126 131.66667
1.7693721 -2.7482021 -0.25423381 118.5
1.733698 -2.6009936 -0.25392029 132
1.721019 -1.2725974 -0.20294495 146.75
1.7293515 -1.1622051 -0.2293538 169.25
1.759321 -1.0509472 -0.2173848 156.3
1.7446804 -0.96569967 -0.20146114 176.9881
1.7384986 -0.86575633 -0.21855056 165.60818
1.7470646 -0.75083756 -0.2292546 151.79445
1.7389148 -0.5655672 -0.20977454 147.8125
1.7673475 -0.14983895 -0.20556495 185.58333
1.7554601 -0.055328842 -0.23544648 156.28979
1.7511519 0.059285607 -0.23338352 155.9545
1.7584215 0.15528275 -0.23051636 160.95406
1.7611539 0.2446882 -0.23036154 160.5739
1.756547 0.37780806 -0.23404402 160.23529
1.7631466 0.45776361 -0.23179832 161.5
1.7387915 0.54383022 -0.23651606 171.66667
1.7917665 0.65383422 -0.23560689 161
1.7299553 1.1474562 -0.2029911 120.66667
1.7586505 -4.2015476 -0.10424682 169.5
1.7132112 -4.1801181 -0.13311525 162.625
1.7660109 -4.0725226 -0.13899864 178.05554
1.7523237 -3.9525983 -0.13587615 186.16858
1.7370071 -3.8486328 -0.13883305 183.2831
1.7236925 -3.7209253 -0.13723578 171.06419
1.7561972 -3.6873348 -0.1371233 144.91666
1.7394482 -3.5983403 -0.10164875 174.85715
1.7452637 -3.2704225 -0.17925896 169.90277
1.7525246 -3.1464672 -0.14958914 168.075
1.7512156 -3.0425334 -0.15990853 168.73863
1.7447903 -2.947217 -0.15093835 174.97133
1.7556711 -2.8651676 -0.16247562 165.8862
1.7527683 -2.7718024 -0.16414411 164.82222
1.7780826 -2.6850317 -0.13555084 179.875
1.7400311 -2.5599656 -0.16458732 144.83333
1.7720021 -1.3780903 -0.12663345 196.5
1.7708972 -1.1775867 -0.15394749 163.5
1.7715091 -1.0634193 -0.1480047 172.33333
1.7459527 -0.94931811 -0.14359617 170.75
1.7616251 -0.85711056 -0.14921336 155.89473
1.7627265 -0.77097535 -0.17247677 169.38095
1.7641625 -0.64768094 -0.19766398 169.11688
1.7713376 -0.5613519 -0.16589725 131.01031
1.7482173 -0.30975196 -0.18865599 160.5
1.7626086 -0.28393301 -0.15436432 156.6875
1.7131143 -0.15467264 -0.18832085 166.83333
1.7692204 -0.072397359 -0.18128151 174.40973
1.7936618 0.13624425 -0.18930605 188.33333
1.7279198 0.24167892 -0.16699111 185.5
1.7560674 0.52826381 -0.1891969 147.5
1.7947786 1.2822573 -0.15790957 157.10001
1.7404329 1.3079931 -0.12316406 191.33334
1.7246425 1.468733 -0.15063964 171.1389
1.7517016 1.5525006 -0.11045055 183.16667
1.742232 1.6339285 -0.13930273 171.34148
1.76578 1.732568 -0.13598 148.16667
1.7428648 1.847648 -0.14331713 158.32222
1.7533765 1.9656582 -0.13504 152.78751
1.7437934 2.0479503 -0.14461331 138.66071
1.7398555 2.150351 -0.12785839 170.03247
1.7585657 2.2518144 -0.12601224 138.77777
1.7546939 2.3632634 -0.12196544 167.00555
1.7457381 2.4968209 -0.10229763 182.41176
1.7396162 2.5410795 -0.10904537 158.65825
1.7538234 2.6364617 -0.10477135 161.72876
1.7562351 -4.2322402 -0.037452653 136.7
1.7793856 -3.8272886 -0.09091989 176.61113
1.7128462 -3.5717432 -0.092159949 157
1.7504727 -3.2552509 -0.041622438 130.75
1.7980796 -3.0406852 -0.033329163 119
1.7841985 -2.844295 -0.020641623 159
1.7859384 -2.6904922 -0.055996373 179.33333
1.7465725 -1.3666595 -0.0091408426 196.875
1.7583218 -0.26074272 -0.051668242 159.1111
1.7663478 1.5632417 -0.042898335 147
1.7493241 2.0806439 -0.097905181 174
1.7753693 2.1437552 -0.064994618 149.5
1.796592 2.264092 -0.090082251 172.09999
1.7857416 2.3141181 -0.06301149 165.96429
1.7642518 2.4414818 -0.06462834 151.23334
1.7777781 2.5149164 -0.042337451 156.39999
1.7637429 2.6194129 -0.04688729 153.505
1.7438734 2.7250178 -0.063699685 166.04161
1.7524323 2.8455749 -0.049414285 173.70448
1.7517782 2.9516866 -0.057650819 172.46136
1.7510899 3.0460103 -0.038411252 165.06784
1.7344753 3.1447501 -0.03594967 176.00237
1.7415951 3.2515526 -0.023617594 165.29445
1.743891 3.3454947 -0.059133917 177
1.7842578 3.4503999 -0.052092139 165.79166
1.7580912 -4.2514839 0.039227154 103.85715
1.7973179 -4.1845803 0.023653874 112
1.7764422 -1.3768697 0.067363381 196.14285
1.7303888 2.7076032 0.040945183 161
1.7862163 3.0311193 0.002303543 161
1.7601546 3.1364295 0.0050651552 188.26984
1.7622489 3.2294714 0.0073270402 182.35001
1.7415923 3.3431516 0.015671544 164.38989
1.7947245 3.4281609 0.022663638 167.33333
1.710158 3.58496 0.027575897 127.5
1.7657895 2.652838 0.1076249 133.33333
1.8003067 -3.0390797 -0.2584132 114.5
1.8010465 -2.574348 -0.25259116 127
1.8493907 -1.4325066 -0.219539 198.02499
1.8427585 -1.2578304 -0.24736919 176.1389
1.8167293 -1.1561897 -0.24487035 181.39999
1.8571818 -1.0574933 -0.21715981 157.34294
1.8527473 -0.95827901 -0.24159297 141.2619
1.820829 -0.82203126 -0.20263879 166
1.8806899 -0.78564543 -0.25369003 137.25
1.8083235 -0.67894232 -0.25364667 151
1.881632 -0.59878129 -0.24551587 166.5
1.8628448 -0.48588112 -0.23992507 131.33333
1.8990736 -0.31716743 -0.21056657 175
1.8022277 -0.29185295 -0.21471311 178
1.8853213 -0.16538264 -0.22348681 165.76768
1.8647016 -0.031977501 -0.23312974 145.69565
1.8660873 0.075113788 -0.22653078 144.53125
1.8535004 0.14254545 -0.2135219 161.95834
1.8708619 0.2617169 -0.21292128 161.86667
1.8338923 0.34494263 -0.22366303 165.51111
1.8579739 0.48023182 -0.23406416 169.33333
1.8619014 0.59894586 -0.23480819 161.66667
1.8889836 0.64057255 -0.23432936 160
1.8342468 -4.1815767 -0.11781993 145.08334
1.8707737 -4.0684948 -0.12640329 164.60001
1.8501734 -3.9423528 -0.14623319 184.33333
1.8529708 -3.8380823 -0.12547396 175.84999
1.8009461 -3.7657955 -0.12973508 158
1.8426713 -3.6971838 -0.15844707 178
1.8336817 -3.5609949 -0.13066305 159.75
1.8128424 -3.3005047 -0.14551838 150.54546
1.8586866 -3.2320065 -0.14724642 160.10625
1.8864043 -3.1591139 -0.15358013 170.8853
1.8507712 -3.0404067 -0.14214186 171.73463
1.8254958 -2.9366009 -0.14950411 175.32849
1.8531199 -2.8465481 -0.13903378 177.04063
1.8735558 -2.745373 -0.14871503 163.60417
1.8496139 -2.6523058 -0.1663162 143.60715
1.8662102 -2.5000169 -0.14489737 142.5
1.8933502 -2.3885891 -0.1479615 137
1.8635405 -1.4164373 -0.11426955 197.45454
1.8289503 -1.2377527 -0.19649322 147
1.8523014 -1.1569785 -0.16064893 164.41667
1.8546202 -0.98701453 -0.15366672 170.3
1.8274021 -0.86549181 -0.1708672 164.26137
1.8423214 -0.7496056 -0.15922564 157.06384
1.8845156 -0.6440956 -0.18864377 159.6875
1.8945882 -0.57136953 -0.15184568 140.06897
1.8712952 -0.33167532 -0.12150767 125
1.8397881 -0.22248852 -0.16110593 175.125
1.8143804 -0.12757547 -0.19484155 166
1.8897305 -0.075341597 -0.19322647 184.35001
1.8469889 0.021431904 -0.18941137 179.42122
1.8528365 0.22992405 -0.16811518 187.2
1.8813338 0.33801106 -0.15145098 193.25
1.8834077 0.45092618 -0.18078363 174
1.8715987 0.5474087 -0.18507773 150.5
1.8027678 0.63364935 -0.18584764 139
1.8900294 1.1983669 -0.19764891 116
1.8885635 1.2804641 -0.11936472 186.33333
1.8747363 1.3971679 -0.19468537 125.4
1.8280287 1.4399754 -0.11209784 188.75
1.8561655 1.5510327 -0.14138706 159.08823
1.8327523 1.6535342 -0.13428074 147.3889
1.8687768 1.8330758 -0.1435612 143.425
1.8601675 1.9462171 -0.13872147 146
1.8570452 2.051393 -0.12705499 150.66667
1.8149487 2.1422036 -0.13141714 151.6077
1.8390137 2.2248356 -0.13467827 151.75
1.8477598 2.3137553 -0.12268598 188
1.8296599 2.4129298 -0.10678336 179.35715
1.8282448 2.5415626 -0.11253668 156.28206
1.8207806 2.6494744 -0.11130114 117.5
1.8903798 -4.3013439 -0.0095929904 90.199997
1.8696313 -4.1840525 -0.045390602 117.13889
1.8911201 -3.9507434 -0.090009376 185.425
1.8451887 -3.7555535 -0.071874246 173.98572
1.8970613 -3.6905658 -0.0737129 183.46666
1.8330485 -3.5531013 -0.061769988 160.08702
1.8206323 -3.4964995 -0.080154978 128.77499
1.8486888 -2.9206808 -0.058044028 152
1.8883822 -2.879935 -0.007241196 173.25
1.8325281 -2.7296028 -0.032784022 171.5
1.8358263 -2.6255734 -0.046609122 181
1.8364942 -1.4113256 -0.029986272 194.5
1.836622 -1.3898307 -0.037193317 196.33334
1.8766196 -0.18509208 -0.090540372 177.5
1.8239061 2.1724746 -0.087731779 176
1.8206171 2.2471454 -0.077568814 166.375
1.8615041 2.337337 -0.060232218 160.5119
1.8567492 2.4428129 -0.047105566 151.47275
1.8723352 2.5557683 -0.069203302 147.60606
1.8523197 2.6523585 -0.041173842 156.5271
1.861567 2.7385194 -0.060013391 160.83795
1.8621829 2.841753 -0.046168 161.98051
1.8636096 2.9381647 -0.049388934 171.87401
1.8787057 3.0534596 -0.038517039 172.55385
1.8426276 3.135323 -0.026451763 168.92215
1.836571 3.2457557 -0.034979992 184.60001
1.8664346 3.3419819 -0.055509143 173.08334
1.8163427 3.5741899 -0.034055896 163
1.8232954 -4.1724272 0.0058803833 94
1.8648157 2.2511241 0.018891431 138.62648
1.8694609 2.4743583 0.035219427 137.60001
1.8141078 2.6919851 0.06642063 133
1.8644198 2.9166937 0.0050853388 163.28572
1.8586948 3.0486612 0.009230555 177.05
1.8511547 3.1734295 0.0049964176 171.48077
1.8536214 3.2454615 0.021345766 190.29166
1.8220869 3.3472462 0.0068431022 155.34584
1.8668712 3.4466736 0.022735491 148.8
1.8373482 3.5828748 0.041190632 128.25
1.8945774 -1.428582 0.11775659 195.71428
1.9451491 -1.3599826 -0.24691117 165.16666
1.9875954 -1.2423536 -0.23501389 172.66667
1.9053274 -1.1393181 -0.23356962 175.0625
1.9556148 -1.0641779 -0.24715976 140.16667
1.9551648 -0.95633835 -0.22848205 148.89655
1.9741232 -0.88734037 -0.23901241 143.66666
1.9662726 -0.72671574 -0.24513161 142.66667
1.984907 -0.64235365 -0.23265269 166.66666
1.9744033 -0.47152478 -0.23241417 165.33333
1.9619898 -0.35226014 -0.20871903 176
1.9641911 -0.2107106 -0.23367609 167.16667
1.9698772 -0.11000817 -0.2248822 161.38461
1.9714249 -0.022690356 -0.21963596 161.71428
1.9667575 0.06382826 -0.21280508 159.08333
1.9482721 0.18324783 -0.20588364 164.11667
1.9655483 0.28757843 -0.21744458 185.85715
1.9512264 0.35543135 -0.22762562 187.39999
1.9694229 0.48341924 -0.23492724 160
1.9356843 0.55259818 -0.23070243 161
1.9352638 -4.1399193 -0.1490858 157.35001
1.9540795 -4.037724 -0.11596458 163.2
1.945956 -3.9480917 -0.15595403 188.5
1.9257679 -3.8069289 -0.15162955 185.5
1.9339129 -3.6430113 -0.1278456 178
1.9193935 -3.3355119 -0.15966745 146.47806
1.9674584 -3.2525918 -0.1543601 157.45123
1.9572275 -3.1330426 -0.13098256 165.89543
1.9486533 -3.0396791 -0.16187343 165.53032
1.9587846 -2.946393 -0.14294212 170.07158
1.9345832 -2.8481681 -0.13703549 173.7953
1.9707209 -2.7671983 -0.14196576 162.54333
1.9642062 -2.6547017 -0.14343725 161.13333
1.9667529 -2.5253165 -0.1413013 140
1.9775763 -1.430741 -0.14646758 196.72501
1.9214574 -1.139583 -0.17151263 159.5
1.9618205 -0.94280267 -0.17232755 163.17592
1.9413511 -0.82856888 -0.14296649 155.40111
1.9436307 -0.72765863 -0.13943017 152.56201
1.9627225 -0.63322532 -0.15206948 158.64999
1.9801575 -0.55820888 -0.13978902 149.12878
1.9339116 -0.49521732 -0.18672892 151
1.9692032 -0.36273023 -0.1408615 149.84967
1.9761213 -0.23714091 -0.19098619 179.21169
1.9042645 -0.15327446 -0.19514194 181.26666
1.9981058 -0.098115258 -0.17568298 182.9375
1.948905 0.039305534 -0.16193886 165.1091
1.9432566 0.12599951 -0.16397573 168.13667
1.949989 0.25909778 -0.17130479 188.66667
1.9637656 0.32931075 -0.14693756 193.75
1.9588013 0.40428492 -0.17291072 168.77777
1.970337 0.50033909 -0.17772096 157.2
1.960502 0.63448554 -0.17907192 141.5
1.9715174 0.78287643 -0.16803886 140
1.9762018 1.3261373 -0.15465513 152.08334
1.9636668 1.4586746 -0.11134958 163.33334
1.9486207 1.5281838 -0.15877175 144.06667
1.9350114 1.6571736 -0.11827812 153.45
1.9292941 1.7639663 -0.14380451 132
1.998175 1.8694752 -0.1150542 146
1.9437287 1.9159421 -0.13965333 139.33334
1.9567003 2.0442836 -0.12434801 149.33333
1.9152428 2.1478097 -0.12658124 141.95834
1.9431626 2.2097542 -0.12339448 148.16666
1.9616773 2.3256779 -0.13523649 161.7
1.9344184 2.4685833 -0.12824418 149.53334
1.951454 2.5311735 -0.1294138 165.15834
1.9593515 2.6554594 -0.13242987 160.89999
1.9632083 2.7491765 -0.1278837 160.78571
1.9276531 2.8597987 -0.13342431 159.5
1.939827 2.9507749 -0.12713286 162.5
1.9304317 3.0354221 -0.12032477 162.5
1.9734378 -4.1776581 -0.050489668 113.33807
1.9032227 -4.0492854 -0.088006876 174
1.9770414 -3.9058499 -0.077529632 188
1.9617316 -3.7480221 -0.045060325 171.17592
1.9640217 -3.6449537 -0.054927133 188.75
1.9472613 -3.5580127 -0.052308477 174.55023
1.9959363 -3.4378374 -0.059155595 174.125
1.9899749 -3.0830362 -0.094777346 182.57895
1.949582 -2.9733999 -0.049374182 146.75
1.9852432 -2.8043044 -0.031764977 173.57143
1.9490796 -2.7531104 -0.068279415 179.57143
1.9070086 -2.6773365 -0.04061484 177
1.9328731 -1.4296881 -0.0040910929 197.83333
1.9894243 -0.49802238 -0.075378537 129
1.9409046 -0.22100987 -0.039740816 170
1.9362191 2.1303627 -0.093829669 177.66666
1.9319474 2.2603979 -0.0838333 168.65529
1.9578499 2.3417096 -0.082620047 148.23129
1.9493041 2.455229 -0.071499743 146.1111
1.950779 2.5675151 -0.058130052 143.99052
1.9386477 2.6501961 -0.042843282 144.98409
1.9477416 2.7332213 -0.049283396 155.18999
1.958621 2.8388128 -0.053168595 158.7457
1.964192 2.9390802 -0.024994673 172.74347
1.9459742 3.0374775 -0.023070302 173.21115
1.9523419 3.1431961 -0.037083667 157.11111
1.9380026 3.2652383 -0.021926191 162.3125
1.9507772 3.3446555 -0.025011482 177.5
1.9339705 3.4427555 -0.042268433 164.77777
1.9565808 3.5703111 -0.021013649 159.33333
1.9060274 -4.3149905 0.056310467 62
1.9260944 -4.2252603 0.054856103 79.844444
1.9993227 -4.1724577 0.045738779 166
1.9669107 -3.5273299 0.044540565 136.75893
1.9881154 -2.9131389 0.0027000667 183.60001
1.9329422 -2.7716281 0.002064748 170.5
1.9444684 -2.6367826 0.0039046095 163
1.9227319 -1.4293662 0.078119136 197.57143
1.9563011 -0.24637122 0.052413113 138.98984
1.9382925 2.3379409 0.0047328235 137
1.9013202 2.4601936 0.084729493 128.57143
1.9965796 2.5991149 0.072145142 138.87878
1.9342021 2.6203792 0.020129044 135.91321
1.9072609 2.7510145 0.033508863 157.31111
1.9564903 2.9129801 0.0071030534 158
1.9545074 3.0137489 0.0093410714 165.33333
1.9369777 3.1334515 0.0076489518 171.23334
1.9328389 3.2353611 0.012239663 172.175
1.9623022 3.3653188 0.023458401 170.7
1.9624672 3.4704931 0.016338298 158.1111
1.9631606 3.5706038 0.037448037 134.33333
1.9898973 3.6324549 0.043996248 131
1.9736682 -4.3387275 0.14763811 36.666668
1.9221169 -4.2213311 0.13243349 84.5
1.9479755 -4.1882076 0.11073802 92.25
1.9191977 2.4512124 0.10211653 134
1.9521343 2.7492428 0.14488691 130.2406
2.0865951 -1.360043 -0.23837838 166.5
2.01702 -1.1636039 -0.22479106 174.625
2.0347192 -1.0309447 -0.23087369 152.05264
2.0455878 -0.96601385 -0.21658945 149.89285
2.0281627 -0.85411566 -0.24128336 152.71429
2.0637934 -0.73529679 -0.2282975 171.5
2.0523648 -0.63936573 -0.22179219 162.55147
2.0557714 -0.54878742 -0.2231148 171.875
2.0619111 -0.44543618 -0.21499352 177.07222
2.0615604 -0.3730242 -0.21044661 182.4875
2.0611751 -0.21618709 -0.24175185 164
2.0550148 -0.11738063 -0.22455412 165.5
2.0693791 -0.032807108 -0.22205164 163.66667
2.0573847 0.070550218 -0.21154393 163.875
2.0657036 0.17920054 -0.21232077 165.33333
2.037688 0.24471666 -0.20980328 168.5
2.0365853 0.41418436 -0.23328052 178.5
2.0466163 -4.1789136 -0.12388135 127.19231
2.0119545 -4.0018611 -0.15956616 187.57143
2.0228891 -3.8929029 -0.15960076 182
2.0483518 -3.771486 -0.15993613 176.54791
2.0640743 -3.3829939 -0.1689841 156.57738
2.0383255 -3.1476469 -0.17136893 150.8974
2.0610189 -3.0515401 -0.17114305 157.47601
2.0813138 -2.9432886 -0.17558318 149.27907
2.0476086 -2.8535116 -0.1490272 166.37752
2.0675893 -2.7569418 -0.14567155 152.35144
2.0483909 -2.6583807 -0.14230497 160.68332
2.0737951 -2.5471609 -0.14618698 150.25
2.0059373 -1.0480618 -0.13220868 165.66667
2.037039 -0.95328766 -0.12007879 166.66667
2.0506332 -0.85026401 -0.15001036 161.13333
2.0707164 -0.77231413 -0.14078079 164.58334
2.0510111 -0.65560752 -0.12381895 154.02408
2.0661209 -0.55551618 -0.14945421 168.09525
2.0588613 -0.42676026 -0.11277589 149.47777
2.0776546 -0.3706809 -0.18387792 184.08333
2.0628603 -0.24878575 -0.16172659 163.59714
2.0465517 -0.14793435 -0.16771476 170.68349
2.0561721 -0.080541149 -0.1605133 175.45773
2.0614822 0.032465532 -0.13539648 157.58333
2.0655353 0.15243898 -0.15218587 168.96323
2.0449114 0.21737924 -0.13304923 157.5625
2.0671873 0.37082973 -0.15358302 179.66667
2.0296419 0.43198341 -0.15985867 177.59091
2.0627754 0.51315618 -0.17095532 150
2.0447018 0.65139794 -0.17284423 143.16666
2.0786114 0.83955455 -0.1613372 140.5
2.0404818 1.2851126 -0.19479713 110
2.0729473 1.313308 -0.11132108 186
2.0367193 1.4439758 -0.11607163 171.19048
2.082454 1.5601062 -0.10573468 185.47916
2.0570185 1.7671835 -0.1227034 132.33334
2.0302873 1.8926996 -0.1666235 121.33334
2.07602 1.9589323 -0.11157995 144.25
2.0572834 2.0366678 -0.12909809 142.5
2.0403564 2.1339896 -0.12808068 137.86111
2.0557556 2.2303596 -0.10173482 170
2.0613031 2.3928385 -0.13763784 169.16667
2.0476818 2.4599116 -0.12893803 142.97917
2.0624001 2.5789504 -0.13324282 159.71428
2.0665624 2.6550515 -0.11547922 158.19286
2.0519667 2.7720621 -0.12058251 154.58333
2.034446 2.8546216 -0.11158426 157.94048
2.0365717 2.9611316 -0.11426628 162.28572
2.0554276 3.0546739 -0.11340453 165.5
2.0792379 -4.2458735 -0.040986374 151.5119
2.0810564 -4.1760335 -0.0922371 97.25
2.0796754 -3.8673513 -0.056286238 189.28572
2.087584 -3.74084 -0.028656024 186.51785
2.044019 -3.6230216 -0.051663123 176.04584
2.073885 -3.5431557 -0.039038423 183.71667
2.0188553 -3.4980435 -0.058378536 177.60001
2.062607 -3.2500801 -0.089007765 181.80157
2.0952761 -3.1112585 -0.081171274 186.39999
2.0844486 -3.0224247 -0.082289621 188.71428
2.0322785 -2.9407065 -0.054944891 170.73895
2.0982795 -2.8194411 -0.021870011 172.8
2.0349207 -2.7479002 -0.060803268 179.41666
2.0970354 -2.6073475 -0.019651892 181.60001
2.0142846 -2.5656879 -0.021158043 169
2.0857253 -2.4771035 -0.015093755 173
2.0196307 -0.57319552 -0.059766926 134
2.0899549 -0.49847844 -0.045979157 127
2.0439932 -0.23756956 -0.061807431 164.08908
2.0232866 -0.14942746 -0.037850715 181.3125
2.0397501 0.06674812 -0.085520759 139.5
2.009639 2.0684197 -0.099541023 175.39999
2.026087 2.1686757 -0.097922601 149.66667
2.01805 2.2481265 -0.092484124 149.27272
2.0508959 2.3442321 -0.077601306 166.7
2.0290735 2.4565971 -0.05434515 152.94444
2.0437791 2.5475597 -0.053953193 151.34854
2.0316768 2.6496935 -0.055196576 155.73273
2.0377483 2.7497613 -0.045386635 155.57866
2.0297756 2.8299632 -0.035659533 164.29306
2.043236 2.9536717 -0.039267261 166.17084
2.0479264 3.0500956 -0.036889266 163.49881
2.055166 3.1452301 -0.033196349 166.05556
2.0557148 3.2582197 -0.034858197 176.88976
2.0680985 3.3369648 -0.042564806 164.5
2.0279601 3.4455206 -0.038475487 169.5
2.0834515 3.5340025 -0.034417842 159.75
2.033448 -4.2554426 0.065887138 92.6875
2.0292244 -4.1474457 0.036208596 108.13637
2.0222042 -3.5660338 0.06456048 139.5
2.0893505 -2.9492347 0.020404646 188.8
2.0349851 -2.8210521 0.0099864658 185.33333
2.0932677 -2.7371695 0.018573226 187.39999
2.0112824 -2.6833639 0.01411669 174.5
2.0813494 -2.5911491 0.02095896 179
2.0170498 -1.432698 0.075524926 201
2.0207729 -0.1543839 0.0013382237 183
2.0041566 2.2840073 0.0073420792 127
2.033458 2.4309409 0.024171168 132.5
2.0392022 2.6500049 0.086728655 144.23914
2.0551333 2.7622197 0.0027745671 128.75
2.0378497 3.0701513 0.0076094097 165.84721
2.0416384 3.1620018 0.0083338954 173.32072
2.0382702 3.2454722 0.013310358 180.67619
2.0064757 3.3494282 0.0036682799 178.25
2.0689826 3.4599266 0.017675731 164.92999
2.0751419 3.5143139 0.041496918 151.75
2.0292547 -4.2300591 0.15219867 88.300003
2.0077696 -1.4434909 0.11882133 199.66667
2.034986 2.5825377 0.13587859 151.75
2.0046892 2.6294851 0.15555853 127
2.1274116 -1.2823614 -0.23107938 166.21429
2.1215196 -1.1401347 -0.23370235 159.675
2.1219156 -1.0401707 -0.20409343 165.24545
2.1430087 -0.91729677 -0.23970689 158.39999
2.1672401 -0.86657834 -0.24170505 157
2.1446531 -0.76374632 -0.233298 169.08334
2.139312 -0.64452112 -0.2215194 172.94075
2.1604795 -0.58442992 -0.229046 182
2.1306217 -0.45166865 -0.21299262 175.16667
2.1735213 -0.36139098 -0.21274634 145.85001
2.1901064 -0.26149142 -0.21159746 178.44444
2.1321001 -4.2307653 -0.15686162 168.38461
2.1487885 -4.176754 -0.16222475 135.5
2.1304891 -4.0550537 -0.15684023 172.60555
2.1485627 -3.9390802 -0.1568006 157.61667
2.1822608 -3.8305025 -0.15339117 160.48718
2.1601877 -3.7534704 -0.13183603 158.81818
2.1410391 -3.6390066 -0.15978748 166.17023
2.1764619 -3.5833061 -0.16021198 172.83333
2.1653752 -3.4456925 -0.16612421 150
2.1505001 -3.3077543 -0.14723232 136.85129
2.1896298 -3.2902222 -0.1614112 149.42857
2.1530828 -3.1167002 -0.16167957 152.45839
2.1759303 -3.0456858 -0.17153321 159.04321
2.1920581 -2.9430103 -0.14309479 175.59393
2.1730518 -2.8451219 -0.15163873 162.92424
2.1557484 -2.7284532 -0.14182176 166.63467
2.1533506 -2.6300218 -0.13692248 160.69048
2.1281593 -2.5407064 -0.14352348 164
2.153404 -2.4689069 -0.14303082 163.5
2.1154523 -0.97016507 -0.1175535 164.66667
2.1440918 -0.89119977 -0.11505137 163.2
2.1510549 -0.78955746 -0.12810011 161.59999
2.1823018 -0.61834699 -0.17435746 184.08334
2.1506357 -0.53050542 -0.14223 172.52351
2.1501262 -0.46153826 -0.18415286 178.02084
2.1654005 -0.34808964 -0.17310505 165.54311
2.1643019 -0.2583012 -0.15825228 166.90741
2.1641054 -0.18846996 -0.18101013 151.71843
2.1598966 -0.064262129 -0.1528389 161.28572
2.1725128 0.054732598 -0.1480829 172.6049
2.1391861 0.11702647 -0.12621625 179.07408
2.1513245 0.22114976 -0.13272451 152.77777
2.1562464 0.34600759 -0.1442613 169.125
2.1241007 0.4660525 -0.1717965 158.25
2.1569812 0.5257374 -0.16587934 163.09091
2.1632917 0.6168679 -0.16028917 155.25
2.1403632 0.73004419 -0.16362025 142.8
2.1524487 0.95921749 -0.13455725 173
2.1781392 1.1085422 -0.12218018 185.625
2.1475251 1.2355779 -0.11728427 209
2.1613343 1.3470205 -0.10862078 186
2.1317072 1.4680121 -0.10531957 189.60001
2.1517184 1.6290692 -0.10887837 162.6111
2.1667161 1.8400878 -0.11911942 130.39999
2.194093 1.9484993 -0.11971161 165
2.164623 2.0112622 -0.11464857 153.14285
2.1708522 2.1216078 -0.10862876 171
2.1508849 2.2163289 -0.10037082 170.7
2.1461449 2.4260848 -0.1313075 166.25
2.1390629 2.5569601 -0.12832141 157.45917
2.1707284 2.6710138 -0.11988378 147.86545
2.1545689 2.7738707 -0.12630254 147.65384
2.1436238 2.8738756 -0.11748682 150.30769
2.1317358 2.9781189 -0.11217918 157
2.1192997 3.0725324 -0.10935241 165.77777
2.1353297 3.1621375 -0.10654955 171.75
2.1810806 3.2143087 -0.10229419 174
2.1630392 -4.3347416 -0.053641155 80
2.1774268 -4.254096 -0.043510962 147.38889
2.1004457 -4.1993418 -0.045677584 116
2.1978886 -4.0116129 -0.026944818 187
2.1440082 -3.841857 -0.040677279 185
2.168489 -3.7580037 -0.031662118 187.24243
2.1517162 -3.6305623 -0.032011397 188.31111
2.1863093 -3.5903094 -0.028241703 178.5
2.1976151 -3.3637397 -0.081528336 121.4
2.1605668 -3.2463465 -0.074010424 187.25
2.1648555 -3.1232505 -0.074193977 189.5
2.1748648 -2.9134221 -0.046854559 175.91666
2.1409738 -2.8464115 -0.062139481 179.77777
2.195087 -2.661356 -0.0053534298 187
2.1492608 -2.5238345 -0.0066145943 184.25
2.1807687 -2.4174154 -0.001622 179
2.1314027 -0.67483127 -0.09757863 153.52563
2.1523843 -0.5565452 -0.057755914 163.61548
2.1737912 -0.48164234 -0.073759399 157.5889
2.1333973 -0.3408424 -0.092255503 151.38333
2.1790566 -0.28235373 -0.083268046 151.61539
2.1615291 -0.16589898 -0.084792942 145.8
2.1640763 -0.07504338 -0.08966165 151
2.1602154 0.00163828 -0.032501619 128
2.1390021 2.1458535 -0.072803497 185.74603
2.13993 2.2506726 -0.084316261 172.44444
2.1509614 2.3587031 -0.079881355 164.83333
2.1489708 2.4451416 -0.077248789 163.76073
2.1499946 2.5499187 -0.061779097 150.56667
2.1410699 2.7412345 -0.03296924 151.52975
2.1311457 2.850637 -0.055218615 156.42603
2.1419752 2.9549525 -0.033059265 160.55496
2.1474364 3.0390801 -0.048380859 158.28365
2.146462 3.1323152 -0.045824531 162.38
2.1563082 3.2375462 -0.040710174 170.44524
2.1460736 3.3441358 -0.040628705 170.76562
2.1629474 3.4392681 -0.03316417 163.55833
2.1578689 3.5189669 -0.018417101 153.16666
2.1467135 3.6104522 -0.0095701041 145
2.1524491 -4.2509999 0.079878032 114.1
2.1524854 -4.1702461 0.048844516 119.04167
2.1757021 -3.6644487 0.057004981 145.75
2.1065276 -3.1057136 0.091851719 133
2.1346154 -2.9631395 0.021258084 187.5
2.1610541 -2.8399096 0.035917472 187.875
2.1510863 -2.6551461 0.031130999 187.5
2.1749842 -2.5241807 0.031459324 180
2.1349757 1.0646665 0.01807959 171.2
2.1860266 2.7476118 0.057720963 153.71483
2.1849484 2.9907789 0.019623715 155.91667
2.1457362 3.044976 0.01514985 172.24724
2.1480801 3.1531923 0.0099239247 176.54932
2.1651959 3.2878873 0.014337682 171.65625
2.1353705 3.3550136 0.022352448 167.20903
2.1482434 3.4754562 0.028213335 178
2.1387208 3.577678 0.034884173 154.11111
2.1682315 3.7098384 0.0016354059 135.5
2.1908021 3.821558 0.0087367641 123
2.144805 -4.2624536 0.16163334 78.611115
2.2228069 -1.2001565 -0.22352821 167.57143
2.2412193 -1.1487913 -0.22746366 161.20834
2.217927 -1.0280508 -0.24355891 157
2.2611842 -0.93412757 -0.23540862 172.5
2.2816923 -0.85195327 -0.23083299 170.58334
2.2176712 -0.7316733 -0.22934337 174.85001
2.2544789 -0.64865488 -0.2172104 181.19444
2.2701786 -0.57046014 -0.21504425 186
2.2481844 -0.44987249 -0.20774376 186.06944
2.264956 -0.36270806 -0.20617977 147.86539
2.2827899 -0.28067231 -0.2066467 176.41176
2.2357848 -4.2293711 -0.14107759 139.04762
2.2353776 -4.0677824 -0.15333033 188.25
2.2051914 -3.9513788 -0.15421504 182.98611
2.203455 -3.83483 -0.13625798 180.5
2.2473066 -3.6765697 -0.16497813 165.64499
2.2492239 -3.3809154 -0.1295114 139.44501
2.2288754 -3.2124867 -0.15752161 145.36365
2.2782679 -3.0784209 -0.15055659 170.06667
2.2555263 -2.9450281 -0.15377672 173.35416
2.2447038 -2.8596044 -0.15582272 158.07832
2.2539494 -2.7579398 -0.13907963 163.26923
2.2541082 -2.6324456 -0.13323708 166.17857
2.2368171 -2.5471964 -0.13508847 161.69048
2.2602441 -2.4896741 -0.14341572 192
2.2249899 -1.3422905 -0.12471627 145.25
2.2405119 -1.2166523 -0.11823103 142.75
2.2527144 -1.1244475 -0.11583432 146.75
2.2639024 -1.0416776 -0.11434511 159
2.277895 -0.94432956 -0.1149693 174.66667
2.2891657 -0.87764478 -0.12025347 180.5
2.2680233 -0.68227369 -0.10203605 156.35715
2.2295725 -0.51478481 -0.17423388 167.14999
2.2494977 -0.4465957 -0.17130971 150.33333
2.2560713 -0.33002219 -0.16892013 171.13197
2.2486396 -0.2489827 -0.17297128 175.39259
2.265312 -0.14490616 -0.16245154 160.71024
2.2516747 -0.046806328 -0.15979794 167.34523
2.2782087 0.0038318865 -0.16226374 186.60001
2.2706602 0.13461135 -0.12114839 173.95833
2.2666368 0.22847544 -0.13085847 157.55833
2.2697532 0.35262021 -0.12536189 136.75
2.2602854 0.44472292 -0.14651924 157.91667
2.263068 0.57062811 -0.13483627 154.5
2.2662725 0.65470123 -0.16057898 159.38889
2.2504499 1.0017865 -0.12918992 158
2.2811935 1.1411666 -0.12632099 165
2.233732 1.4976372 -0.12404493 170
2.2329662 1.5452949 -0.10232969 189
2.239002 1.7490038 -0.11269507 117.75
2.2462895 1.8440791 -0.13746284 154
2.2771933 1.9184977 -0.11935717 145.95
2.2541964 2.0517192 -0.11141205 164.3
2.2365291 2.1198232 -0.10637343 159.95834
2.2607515 2.2309437 -0.1012463 165
2.2483094 2.3222129 -0.10166524 151.48
2.2612147 2.4495738 -0.10246167 150.62631
2.257736 2.5223432 -0.12832889 147.53125
2.2634602 2.6449132 -0.13719542 150.76392
2.2234054 2.7729301 -0.12036708 147.69167
2.2150245 2.9093416 -0.12522843 150.85715
2.2199535 3.0496566 -0.11014029 156.27777
2.2897694 3.1455991 -0.10574643 166.16666
2.2910485 -4.3416719 -0.021283003 126
2.2591662 -4.2306795 -0.069169566 117
2.2485657 -3.8546224 -0.03433957 150.75
2.2354255 -3.7422647 -0.012309168 178.5
2.2674611 -3.5376081 -0.027128361 129.53845
2.2275124 -3.4327569 -0.04659716 127.47826
2.2663083 -3.239064 -0.073661834 190
2.2634723 -3.1340456 -0.038133942 186.75
2.2260244 -3.0220804 -0.048035126 189.25
2.2645321 -2.9504361 -0.014443266 188
2.2131653 -0.76777732 -0.093347564 148.75
2.2041187 -0.68973833 -0.089725524 145.42857
2.280163 -0.56533277 -0.094603099 157.28333
2.2559562 -0.43938854 -0.083304897 141.47726
2.244417 -0.38475484 -0.088113017 159.39999
2.2526941 -0.23571044 -0.060938824 163.6515
2.2527282 -0.15504359 -0.064245202 147.17708
2.2423942 -0.070275672 -0.094076432 142
2.2584364 0.050481826 -0.095292918 141.75
2.2911687 0.15643781 -0.092351995 134.33333
2.2369387 0.23744124 -0.094304979 143.25
2.2939298 1.3327067 -0.089777157 138.66667
2.2478073 1.6895529 -0.098404899 185
2.2523236 1.9779994 -0.094191276 148
2.2654307 2.0618837 -0.083877377 165.22
2.2461412 2.1398866 -0.089284286 172.55554
2.261435 2.2491555 -0.04677809 188.70454
2.242851 2.3559172 -0.063965209 176.2
2.2330568 2.4860158 -0.055253796 160.57143
2.2458222 2.5667839 -0.060280349 169.35834
2.2415926 2.6538308 -0.056474041 167.79353
2.2608955 2.7517025 -0.04900033 159.5574
2.2441809 2.8486967 -0.054482676 170.37779
2.2484968 2.9518294 -0.040579237 157.55948
2.2507424 3.0660291 -0.029677624 169.21884
2.2443891 3.1610663 -0.053770691 160.74893
2.2647755 3.2419236 -0.035079319 180.23334
2.2391808 3.3332012 -0.039831545 157.72223
2.2497478 3.4117718 -0.014015879 154.1875
2.2661686 3.5298212 -0.027368668 143.25
2.2621737 3.644057 -0.0055222963 134.39999
2.2972682 3.7500567 -0.0022195482 128.5
2.2098656 -4.2680969 0.073310018 107.16667
2.2797992 -4.1644225 0.023769122 114.66666
2.2700026 -3.6606474 0.018782573 174.75
2.2270179 -3.5274446 0.052723184 129
2.2376585 -2.9691978 0.034992017 182.51666
2.2664919 -2.860332 0.051010974 184.77777
2.2661996 -2.7637177 0.054148819 187.7
2.2851605 -2.6706972 0.029231455 186.79166
2.2476842 -2.5614595 0.038971201 187.8889
2.2679629 -2.436832 0.012988172 184.375
2.2869382 -0.60044366 0.0013855374 129
2.2844827 -0.58100927 0.016608285 118
2.2675655 2.984252 0.012474674 147.59259
2.276885 3.0847874 0.024720358 163.75
2.2566452 3.1851206 0.016810535 159.27499
2.24915 3.2514737 0.017398387 176.26176
2.2681623 3.3614888 0.014977524 166.625
2.2397704 3.4668953 0.015875757 154.48334
2.2707126 3.568924 0.020811049 139.33334
2.215162 -4.2920671 0.13509613 79.333336
2.2380843 -4.1958261 0.10488735 104
2.248064 -3.6614456 0.13799842 149
2.2618873 1.4731753 0.17893068 105.6
2.2599564 -4.2672076 0.23696648 69.5
2.3232291 -1.1149583 -0.24450052 158.66667
2.3790286 -1.0300826 -0.23346095 170.66667
2.3510168 -0.86031085 -0.22888663 181.375
2.3500428 -0.74070477 -0.21649648 180.26666
2.3492074 -0.63683397 -0.21263024 185.5
2.3405392 -0.43073937 -0.20073284 182.33333
2.3602138 -0.33662283 -0.20325127 150.69792
2.3410859 -4.2427669 -0.15406683 162
2.3648663 -4.0587206 -0.15315907 173.41667
2.325644 -3.9371083 -0.14767149 170.6111
2.3376002 -3.8260095 -0.13825659 157.94231
2.3392637 -3.6581488 -0.12947017 150.28181
2.3486345 -3.595794 -0.13668467 158.83929
2.3794301 -3.3357079 -0.16443436 150.52307
2.3567622 -3.2259681 -0.13092576 123.5
2.3490965 -2.9614046 -0.13607021 173.5
2.3728509 -2.8987956 -0.12886976 164.5
2.3001463 -2.7828836 -0.13667536 155.42857
2.3699582 -2.6524818 -0.12986054 140.58334
2.3873527 -2.5012059 -0.12899041 134.66667
2.3528693 -1.3087258 -0.11996299 138.5
2.3504603 -1.2174966 -0.11121866 145
2.352241 -1.1146272 -0.11427376 154.60001
2.3513346 -1.016771 -0.10966261 168.60001
2.3698363 -0.9169808 -0.10715132 178.09091
2.3811984 -0.85790265 -0.11207425 179.57143
2.3386149 -0.74339467 -0.10855889 162.62619
2.3734741 -0.64800292 -0.1064567 165.81818
2.3483324 -0.5530377 -0.15693864 174.29811
2.3481464 -0.43320575 -0.17082371 141.51851
2.3341525 -0.34442246 -0.17694308 184.3
2.350009 -0.25193211 -0.17455232 165.49445
2.365082 -0.15466404 -0.15460156 158.76666
2.3653886 -0.041966453 -0.12562005 156.5125
2.3581572 0.051564805 -0.14848025 189.8
2.351306 0.1060629 -0.1262529 144.55556
2.3579826 0.26932669 -0.18088478 142.22223
2.3678215 0.33538547 -0.11791485 140.66666
2.3445961 0.45453551 -0.13576259 145.77777
2.3496757 0.5584591 -0.15411334 167.8
2.3631396 0.63667858 -0.15741014 169.25
2.3959091 0.94140828 -0.11979083 171
2.3471291 1.0332094 -0.11009871 162.10001
2.3726239 1.1695864 -0.12739284 170.83333
2.305028 1.2648933 -0.12337466 170
2.3333735 1.4855572 -0.10779171 174.5
2.3454666 1.5943667 -0.10305928 170.33333
2.3319819 1.7560619 -0.13366294 148
2.3455637 1.8252223 -0.11650914 134
2.3636529 1.9055909 -0.13239767 164.16667
2.3610501 2.0402164 -0.11013093 151.6282
2.3486545 2.1416748 -0.11212616 174.5
2.3504357 2.2132835 -0.11221245 162.04762
2.329067 2.3542283 -0.1079827 149.95099
2.3063703 2.5701005 -0.13642815 151.42857
2.3478148 2.7481759 -0.11531899 168.79413
2.3489652 2.8073618 -0.11378409 147.40909
2.3090408 3.051671 -0.11561313 149
2.374558 -4.2567096 -0.069875985 117.3
2.3220448 -3.9579272 -0.0049356944 185.35001
2.3629382 -3.8858244 -0.050740801 117
2.300025 -3.7385454 -0.038892794 123
2.3442142 -3.6635346 -0.034074798 140.39999
2.3903069 -3.5851932 -0.025519118 150.33333
2.3276432 -3.0218985 -0.0086698933 184.2
2.3648639 -2.7056494 -0.0033022987 179.55556
2.3353603 -0.64690995 -0.077338077 137
2.3250356 -0.56704175 -0.01748514 136.44444
2.3468482 -0.4304558 -0.092901193 164.46155
2.3679228 -0.36008754 -0.07926508 153
2.3169546 -0.22857127 -0.040693518 137
2.3411484 -0.14991203 -0.05194797 160
2.3197863 -0.085658856 -0.091767125 129.1389
2.3649442 0.049268562 -0.081378415 152.73473
2.3577807 0.16450204 -0.073798552 162.72223
2.3941829 0.22020389 -0.091419645 140.25
2.3825502 0.55456877 -0.099551752 144.25
2.3689072 1.0304137 -0.039976031 157.66667
2.3906517 1.1202297 -6.0578914e-05 196.8
2.3155024 1.4771929 -0.039050166 179.05556
2.3808432 1.6736881 -0.074814059 135.5
2.3273232 1.8074567 -0.091376834 125
2.3643851 1.9561828 -0.086105958 155.23334
2.3422377 2.0634179 -0.083167568 165.12224
2.3335128 2.1639829 -0.087680511 163.27083
2.3449268 2.2438083 -0.074678041 175.18777
2.3666704 2.3547928 -0.065314114 174.08647
2.3450482 2.4710181 -0.047703117 163.49942
2.3442135 2.5683718 -0.065173671 163.19246
2.3551702 2.6876569 -0.048923299 151.65041
2.3558211 2.7658978 -0.050519101 169.93036
2.3422515 2.8578267 -0.049535286 157.07729
2.3483741 2.9430764 -0.043065902 168.89424
2.3709362 3.03473 -0.050392315 159.37221
2.3568776 3.1408453 -0.043148462 165.0625
2.3531032 3.236094 -0.040278181 169.61902
2.3468287 3.3480499 -0.027582716 163.75999
2.3549314 3.4253316 -0.013067753 157
2.3944087 3.5162227 -0.016107207 141.25
2.372524 3.6351271 -0.0093320077 134.8
2.3117723 -4.3580914 0.068054467 62.416664
2.3590629 -4.1625981 0.028652523 138.40001
2.343328 -3.9969025 0.062515743 114
2.3495836 -3.800576 0.0012828649 175
2.368083 -3.7086468 0.034173518 162.5
2.3363433 -3.0286846 0.036879849 173.875
2.3664887 -2.9389153 0.029916208 177.86586
2.3800032 -2.8252206 0.046948284 178.58696
2.3610451 -2.6968167 0.066299297 187.63637
2.3158717 -2.5728605 0.03692488 188
2.3661516 -2.4845688 0.025802566 188.39999
2.3909578 -2.3678565 0.026251104 187.5
2.3156884 -0.57568365 0.03163024 164.5
2.3465948 -0.45307618 0.046830297 140
2.3988328 1.1016688 0.055463597 210
2.3341179 1.4797931 0.034693547 167.39999
2.3072433 1.5026546 0.016301261 196.5
2.3828218 2.4377146 0.08685486 127
2.3598571 2.861063 0.06640666 166.16667
2.3608975 2.9872365 0.046934929 134.14391
2.3376355 3.0805323 0.0076303608 169.03043
2.3512709 3.1849618 0.017434116 180.11136
2.3638933 3.2736683 0.018334374 163.78889
2.3527756 3.385016 0.018067831 178.79167
2.3388417 3.4324448 0.018212564 137.05556
2.3236701 3.5014801 0.029682906 160.875
2.3319545 3.6140239 0.017893521 156
2.3099918 3.783452 0.0043501155 126
2.3311975 3.8421714 0.01203256 122
2.3155069 -4.2600555 0.13126536 121.28572
2.3731258 -3.6162398 0.12383471 128.75
2.3115861 -3.5947773 0.14805245 130.16667
2.3781993 -0.0023665652 0.1179989 183
2.3938692 1.3193566 0.12954031 57.5
2.3810081 2.443609 0.13987043 125.66666
2.3866851 2.8119495 0.10166343 128.71875
2.3807328 2.9932616 0.11005313 127
2.3575881 -4.220593 0.25523016 88.400002
2.3049409 -3.6135356 0.21946271 126.16666
2.3516872 -4.2364621 0.30781505 91.333336
2.429847 -1.2033472 -0.24337226 158.5
2.4770007 -1.1049136 -0.23169109 166
2.4324377 -0.95279819 -0.23031475 178
2.4332154 -0.8314001 -0.21451326 164
2.4451139 -0.75519615 -0.20732574 181.11113
2.4574878 -0.65474153 -0.20756143 161.20512
2.4483612 -0.54975861 -0.20260592 122.25
2.4388459 -4.2494259 -0.12377145 110.70049
2.4075708 -4.1572475 -0.14914578 129
2.4871361 -4.0375414 -0.15318646 164.5
2.4094942 -3.956646 -0.15589862 184.93333
2.4304838 -3.8456488 -0.14746271 160.75833
2.4811232 -3.7448859 -0.14698829 175.46594
2.4769263 -3.6418197 -0.1536421 166.16666
2.4269083 -3.5458021 -0.16075981 168.79221
2.411864 -3.4067626 -0.1830451 165.375
2.4583492 -3.3332019 -0.17484288 160.23398
2.4612007 -3.2347507 -0.13322127 144.8
2.4039614 -3.1837122 -0.14906996 146.33333
2.4132903 -2.7836397 -0.13008028 149.5
2.4658163 -2.6363347 -0.12793152 141.25
2.4596791 -1.2090772 -0.10605357 146.75
2.478246 -1.0587499 -0.10391282 161.21429
2.4683928 -0.93640763 -0.10378461 173.75
2.4672406 -0.83882606 -0.10229636 178.75
2.4629951 -0.70900762 -0.10188944 153.54546
2.4578466 -0.65780973 -0.10410038 145.28572
2.4785004 -0.54146183 -0.18314691 188.66667
2.4654179 -0.45151713 -0.16594893 172.85193
2.4780076 -0.3364692 -0.15755485 152.125
2.4633808 -0.25988761 -0.17700739 152.97223
2.4620154 -0.14496142 -0.16789418 163.33749
2.4689097 -0.036885668 -0.15164582 158.22885
2.4707284 0.078216799 -0.15245052 187.2
2.4573414 0.14322852 -0.15705308 149
2.4556704 0.23396386 -0.15372689 158.92381
2.4387195 0.35938424 -0.13836323 156.75
2.4604731 0.45167294 -0.14365365 149.79167
2.4307165 0.57596219 -0.13789617 145.83333
2.4623444 0.61531121 -0.14302704 158.91666
2.4321835 0.70042127 -0.15029415 169.5
2.4410038 0.82819027 -0.13260099 161.5
2.4081361 0.91506577 -0.14386816 142
2.409225 1.2974788 -0.12809446 217
2.4891636 1.6939858 -0.11283708 114
2.4305694 1.7636949 -0.13223417 132.25
2.4500375 1.8412193 -0.1396931 138.41667
2.472281 1.9208667 -0.14461268 157.60001
2.4749339 2.0079148 -0.11552399 163.96429
2.434715 2.1287835 -0.11083858 173.29413
2.4481165 2.2583911 -0.11337675 150.09
2.484375 2.4837565 -0.11950741 181
2.4497783 2.6757197 -0.13230827 157.29294
2.4676154 2.7543433 -0.11462468 165.01028
2.458638 2.854151 -0.11509858 147.72223
2.4149354 -4.3896513 -0.021414226 92.111115
2.4576921 -4.2567153 -0.065640233 100.08333
2.4786677 -3.9459248 -0.045500211 118
2.4480197 -3.7693665 -0.037679307 129.25
2.4521358 -3.6498947 -0.027604211 142.85417
2.458271 -3.5185113 -0.0080373334 149.20454
2.4748211 -3.364887 -0.033371843 124
2.4114971 -3.2829034 -0.025433216 122.21667
2.4291804 -3.0923634 -0.0078629013 178.5
2.4649165 -2.7622967 -0.0099498415 169.625
2.4436479 -0.40669867 -0.022883218 154.34616
2.454073 -0.35240051 -0.05692324 135.49129
2.4464264 -0.21913333 -0.07508757 151.16666
2.4606664 -0.16526052 -0.063482605 158.94444
2.4459941 -0.073201083 -0.069891654 155.1111
2.4528944 0.055567667 -0.087137774 158.3889
2.4670086 0.13875711 -0.070761055 159.75
2.4440072 0.24278098 -0.092990659 169.64285
2.4764323 0.34666249 -0.095412798 155.25
2.4065709 0.43206713 -0.098280504 146
2.4654801 0.52464652 -0.093931198 152.75
2.4442432 0.64909053 -0.091799527 143
2.4473515 1.065039 -0.097825319 167.08334
2.4644387 1.1915841 -0.098810889 187.14285
2.4469101 1.2821509 -0.090126328 194
2.4465208 1.4753231 -0.081739865 161.5
2.4719999 1.5635153 -0.08713831 191.33333
2.4578166 1.6740466 -0.082877964 160.41666
2.4858947 1.7596574 -0.092345335 136.5
2.40906 1.8635197 -0.087761216 131
2.4645185 1.926896 -0.096334755 122.75
2.4487729 2.0536938 -0.083471313 162.2
2.4286845 2.1382363 -0.060800388 183.08888
2.451365 2.2417378 -0.073532388 168.88499
2.438442 2.3618352 -0.070858814 168.02769
2.4389405 2.467907 -0.066981271 154.61197
2.4544973 2.5454912 -0.040592283 153.24359
2.4511995 2.6296101 -0.05348599 150
2.4579611 2.7445385 -0.089186952 170.73969
2.4411943 2.849895 -0.060091659 167.98647
2.4314907 2.9466097 -0.075455837 143.46365
2.4616139 3.035768 -0.045569204 168.30385
2.4621336 3.133822 -0.044386461 166.26929
2.4558372 3.2466924 -0.033326276 170.20934
2.4878542 3.3395152 -0.016537527 163.89999
2.4518254 3.4210303 -0.032812931 157.91666
2.4588683 3.5734386 -0.018229175 139.66667
2.4879231 3.6147256 -0.009438959 136.5
2.4163415 3.7273288 -0.0076986137 133
2.4361632 -4.4111524 0.056307171 50
2.4714022 -4.2163672 0.071436703 154.10001
2.432543 -3.9826555 0.0065358463 184.44444
2.4294553 -3.8159823 0.036692999 158.33334
2.4723489 -3.7443738 0.060650349 146.60715
2.4919786 -3.6648381 0.075887114 149.51923
2.4264517 -3.534919 0.02784355 135
2.4284694 -3.3368504 0.0062243245 116
2.4622986 -3.0433471 0.035710186 170.01738
2.4941227 -2.9835734 0.0099478476 175.16667
2.4765594 -2.8488548 0.039506678 179.25
2.4497771 -2.7636528 0.030272493 172.77777
2.4486632 -2.6547198 0.046744376 175.90096
2.4349778 -2.5310915 0.045494165 175.88258
2.4790294 -2.449559 0.038654823 188.44444
2.4360988 -2.3281422 0.036291379 180.33333
2.4790833 -0.30287978 0.076721765 120.25
2.4469187 -0.26633751 0.042213507 141.5
2.4862165 -0.15542853 0.032361299 143.39999
2.4385502 -0.087985396 0.057053253 127
2.4320865 1.0470793 0.050469641 166.14285
2.459729 1.3427544 0.020749688 153
2.4636717 2.4292841 0.035837781 139.7
2.4989741 2.5003726 0.042044096 127.5
2.4614935 3.0467114 0.0063476101 147.71158
2.4447076 3.1795318 0.0061132344 160.77179
2.4543924 3.268533 0.021835603 180.11806
2.4543428 3.3440571 0.018065125 135.6875
2.438935 3.4656603 0.027744943 160.48889
2.4175558 3.5593033 0.03490423 145.39999
2.4613309 3.6040347 0.017591853 156
2.4306476 3.7521725 0.00081322837 128.5
2.4616108 3.8140514 0.0069308667 122
2.4277825 -4.2443357 0.14792717 132.69231
2.4484193 -3.6724679 0.12945843 132.51666
2.4796953 -2.9393399 0.10813666 162
2.4466162 -0.46518204 0.11835194 129.5
2.4703043 -0.091823831 0.16595626 139
2.4756904 1.3281286 0.11088796 151.28572
2.4696667 1.4574724 0.10972431 98
2.4681854 1.7012248 0.13303372 196.92308
2.4523885 2.8438478 0.11871102 148.28572
2.4463031 -4.2182441 0.25441104 97.3125
2.4953551 -3.0483949 0.21647225 156.77777
2.473901 1.6646962 0.23680916 137.88889
2.4476674 -4.2157054 0.33196187 107.57143
2.5737844 -1.2145582 -0.23492691 164.33333
2.5166299 -1.0256797 -0.22667433 171.8
2.56392 -0.9301995 -0.21942456 183
2.5454195 -0.8217172 -0.2046421 176.1875
2.5641901 -0.75215006 -0.20816779 150.8
2.5464795 -0.56520605 -0.20221369 177
2.5733039 -4.1087923 -0.18493706 138.66667
2.5308659 -4.0023537 -0.16796273 174.16071
2.5250616 -3.9271958 -0.18135209 174
2.5379126 -3.8807409 -0.16425173 181.42856
2.5738328 -3.7425182 -0.14909175 168.54762
2.5815413 -3.6501086 -0.128047 159.70982
2.5441406 -3.5644546 -0.15744691 168.48254
2.5749211 -3.4482036 -0.13961133 162.12224
2.5219681 -3.2650824 -0.14969902 157.24074
2.5247836 -3.0719652 -0.16104971 166.5
2.5109649 -2.5096495 -0.12615931 133.25
2.5544512 -1.1328398 -0.10446937 156
2.5543432 -0.74650216 -0.19602259 171.5
2.565974 -0.64259559 -0.18980964 185
2.5867548 -0.5464946 -0.1705236 187.60001
2.5541675 -0.46728072 -0.1753668 159.54167
2.5682437 -0.35899249 -0.16093628 155.11079
2.5594714 -0.25928095 -0.16712734 157.63281
2.549649 -0.14354454 -0.16444898 162.97726
2.543838 -0.052924335 -0.14447983 158.84848
2.5707343 0.036848966 -0.15037227 169.27451
2.5979369 0.15263368 -0.1411517 190.25
2.5489647 0.25895268 -0.14333974 152.3889
2.5580022 0.3412835 -0.14378889 150.125
2.5492713 0.43204576 -0.13946103 157.6756
2.5391445 0.54871023 -0.13694136 155.57387
2.5599225 0.65752506 -0.13244219 161.7375
2.5224969 0.80549979 -0.14163515 158
2.5258989 0.90360898 -0.13940185 153
2.5601888 1.0458364 -0.14169636 125.16667
2.5531952 1.1615419 -0.14391565 144
2.5467756 1.2334974 -0.14416678 145.5
2.5423312 1.3818358 -0.10047028 101
2.5923653 1.5131221 -0.11983876 144
2.5300972 1.6289921 -0.17906356 178.33333
2.5603249 1.7535269 -0.13731129 138.25
2.562099 1.8294257 -0.15252601 146
2.5610116 1.931543 -0.12212116 154.875
2.5376604 2.0356445 -0.121705 162.84659
2.5660615 2.101397 -0.13185407 174.52274
2.5440342 2.2578223 -0.11987934 158.88889
2.5110815 2.3712208 -0.12163381 174.5
2.5612617 2.4364336 -0.11214797 167.75
2.556577 2.5194402 -0.11312246 185.3
2.5482843 2.6344647 -0.12167535 169.60001
2.5366721 2.7425158 -0.1079855 176.53532
2.5494573 -4.4159799 -0.028542057 84.571426
2.5943532 -4.0396652 -0.040043343 111
2.5202854 -3.8328946 -0.044109602 125
2.5392358 -3.7332196 -0.027888097 142
2.5523789 -3.6363158 -0.040779412 153.5
2.5910544 -3.5474055 -0.0023950106 143.14285
2.5220885 -3.4273531 -0.014320496 142.73077
2.5570507 -3.3504937 -0.025703728 159.73685
2.5885 -3.2188418 -0.066948935 142.60001
2.549768 -3.1915364 -0.099692807 129.35294
2.5663199 -2.7955835 -0.00042443839 166.75
2.5627835 -1.1743842 -0.096854925 152.33333
2.5672977 -0.90228218 -0.092658222 174.85715
2.5526443 -0.75061309 -0.092522234 165.22768
2.5682325 -0.65845525 -0.096605815 144.95689
2.5752625 -0.55690718 -0.097267076 144
2.5531218 -0.32471323 -0.055500653 146.29366
2.5418911 -0.22842681 -0.066925362 172
2.5581825 -0.12365796 -0.055509362 155.0788
2.5306516 -0.019509861 -0.080486029 150.25
2.5806544 0.073347494 -0.078694999 150.74167
2.571208 0.13627453 -0.07420934 140.33333
2.5413454 0.23049843 -0.081714921 143.54167
2.5720007 0.31390509 -0.08519344 167
2.5190411 0.40793869 -0.089626983 163.66667
2.5882325 0.50208223 -0.085146457 171.25
2.5587184 0.62910634 -0.094124734 141.75
2.5006418 0.7461288 -0.087965012 149
2.5701308 1.0521004 -0.084463425 143.625
2.5865452 1.1871942 -0.094383307 187.60001
2.5038633 1.2933303 -0.094752356 194
2.5328608 1.3678443 -0.051127121 178.453
2.5403464 1.4886159 -0.078652017 192.41667
2.5780139 1.6220143 -0.074271083 189.66667
2.5019407 1.7515131 -0.073366031 178.5
2.5638568 1.8435862 -0.079715893 158.95999
2.5535278 1.9671628 -0.077248804 153.63333
2.5412824 2.0552447 -0.091185637 149.85001
2.5453396 2.161371 -0.067720041 180.77563
2.5321529 2.2580409 -0.074522071 172.42334
2.5482662 2.3556228 -0.062193591 163.06973
2.5298257 2.4610672 -0.063432753 159.58333
2.5603321 2.5271931 -0.052473754 158.4864
2.5693054 2.6285238 -0.052675549 156.04347
2.5668514 2.7310064 -0.06189055 142.78717
2.5486786 2.8400023 -0.067715421 173.2637
2.5244534 2.928932 -0.055481631 169.51968
2.5556734 3.0398581 -0.042042218 169.9008
2.575501 3.1378448 -0.024298266 170.36667
2.5654945 3.2336307 -0.03882679 189.52499
2.5612817 3.3262732 -0.025821082 160.58035
2.5653968 3.4175959 -0.034430664 159.33333
2.5647151 3.5365658 -0.019961707 138.60001
2.525063 3.6751032 -0.013401447 131
2.5667703 3.7362862 -0.0046260003 124
2.561954 -4.4241004 0.017796271 50.5
2.5404935 -4.2434702 0.053159855 148.34604
2.5475481 -4.152741 0.022639483 141.27777
2.5472612 -4.0365214 0.037412845 156.64287
2.5853336 -3.9474614 0.056992766 145.39999
2.5525053 -3.8357966 0.084702142 143.3889
2.5396636 -3.7747047 0.054117803 129
2.5282605 -3.6476784 0.045052659 136.03181
2.5527318 -3.5833406 0.047851663 168.14999
2.5789332 -3.0390372 0.041207198 170.4054
2.5271862 -2.9571476 0.027771337 173.27367
2.559958 -2.850441 0.033820264 170.48
2.572402 -2.738699 0.035741173 179.15585
2.5577748 -2.6573281 0.029931271 174.58534
2.545409 -2.5491571 0.021253454 160.19048
2.5551672 -2.4783771 0.069778115 186.5
2.5357511 -2.3261847 0.037675336 189.33334
2.5864122 -0.46024498 0.043210734 128.11111
2.5349348 -0.28627494 0.015973087 140.3125
2.5651116 -0.15687726 0.042707406 130.64444
2.5029221 1.3448499 0.05035843 170.58333
2.5552104 2.4554603 0.057434235 135.8062
2.5904913 2.5896111 0.0084191123 129.2
2.527256 2.9897871 0.019162668 184
2.5718367 3.0484221 0.021868657 149.49677
2.5489929 3.1981678 0.0090029417 177.86667
2.5511363 3.2529423 0.010898633 143.51964
2.564863 3.3436537 0.02306986 177.14999
2.5510926 3.4547663 0.019827675 151.97223
2.5612228 3.569032 0.037551776 143.91667
2.5381567 -4.2566614 0.1348092 136.04166
2.5150249 -3.6562147 0.1540592 130.33333
2.5311134 -3.0611026 0.17955424 132.075
2.5021317 -0.12667371 0.1928744 123
2.5974121 2.473537 0.18783383 135.28572
2.5748308 2.7907965 0.15632285 137.16666
2.5122633 2.8005149 0.16559564 136.2
2.5704734 -4.2583957 0.26164871 83.472733
2.5375879 -3.5439682 0.25059739 136
2.5181131 -3.0691209 0.24214776 139
2.5384533 -4.2655854 0.36095688 80.099998
2.6090608 -1.1051687 -0.22378108 170.75
2.6424196 -1.0077741 -0.21891557 182.60001
2.6744478 -0.90571243 -0.20626414 188.60001
2.6337621 -0.8315109 -0.2051653 187.125
2.6521797 -0.7338953 -0.20212439 182.33333
2.6441801 -0.62291169 -0.20055172 176.21428
2.6113477 -4.3000417 -0.1124629 94.699997
2.6790528 -4.2052526 -0.15454619 167
2.6508393 -4.1177955 -0.13576506 137.16667
2.6658783 -4.036078 -0.14516589 148.22223
2.6479123 -3.9443517 -0.15124112 162.38333
2.6499474 -3.8387265 -0.14632371 179.84326
2.6213801 -3.6749463 -0.16319159 186.14285
2.6412058 -3.5436869 -0.13620049 155.99046
2.6640739 -3.4025187 -0.16093229 178
2.6888711 -3.3606603 -0.1136957 151.39999
2.6289449 -3.2607272 -0.13563459 174
2.6635537 -0.73501098 -0.18528001 170.33333
2.6664188 -0.64116275 -0.1742741 180.75
2.6624935 -0.57545406 -0.18192101 132.5
2.6639059 -0.43558893 -0.18173492 161.08006
2.652972 -0.35554746 -0.14378375 147.87758
2.6455009 -0.22864512 -0.1620274 159.75833
2.6507263 -0.1297581 -0.16510972 149.22641
2.6388707 -0.031711794 -0.14913769 165.81845
2.6598558 0.061604176 -0.13214825 177.72223
2.6146443 0.13892062 -0.13941923 130.57143
2.6655881 0.23895115 -0.14733878 156.88333
2.6415901 0.34950882 -0.13565007 164.44717
2.6644225 0.44222152 -0.12774563 164.54333
2.6431289 0.5544998 -0.12926283 168.17917
2.682147 0.65116405 -0.12439147 173.49167
2.6356049 0.89565599 -0.13497154 146
2.6017742 0.97774345 -0.14130838 118
2.6680117 1.0344819 -0.13903424 124.16666
2.6651442 1.1915734 -0.13740556 151.125
2.6822326 1.2339644 -0.13655587 155.875
2.661639 1.3920822 -0.12743096 155
2.6620553 1.5569297 -0.17896095 209.5
2.6520102 1.6313193 -0.14355092 144.16667
2.6614058 1.7232505 -0.15855882 143.625
2.673835 1.8438668 -0.1364872 144.48334
2.6439128 1.9298583 -0.14564951 151.3
2.6613231 2.0423706 -0.12215893 162.56111
2.6342771 2.1772714 -0.13097195 175.22223
2.6371863 2.2600927 -0.12741339 171
2.6721132 2.354049 -0.12368827 172.04166
2.6725097 2.4429426 -0.12100863 165.71666
2.6881237 2.7213216 -0.11731414 175.36363
2.6521511 2.8421271 -0.10224116 179.45454
2.6260571 -4.3059931 -0.054249458 103.5
2.6047995 -3.9760263 -0.040274203 118
2.6187463 -3.8835115 -0.032113969 127.5
2.6317639 -3.7991173 -0.02673406 138
2.6480298 -3.6914554 -0.017560966 146.8
2.6631854 -3.585721 -0.0029327958 144.39999
2.6173961 -3.4608452 -0.011353326 142.75
2.655571 -3.3888907 -0.020697113 161.72728
2.6414776 -3.2433434 -0.021651583 150.005
2.6588879 -3.1601596 -0.011789186 141.35715
2.6259503 -2.8717954 -0.010338239 155.03999
2.6521456 -1.107644 -0.090644807 153.5
2.6130607 -1.0106819 -0.094311275 164.83333
2.6507039 -0.85424083 -0.086859077 172.2
2.6295266 -0.64408797 -0.084575802 152.36623
2.6432889 -0.51947004 -0.08884526 146.375
2.661906 -0.4118017 -0.076238632 147.61111
2.6469228 -0.35338274 -0.068073936 138.20238
2.6413567 -0.20107882 -0.077578254 178.7
2.6727171 -0.15639575 -0.045914937 147.16666
2.6373837 -0.043434437 -0.073278502 154.56667
2.6510971 0.050165068 -0.081793822 160.2
2.6471221 0.17322171 -0.078092717 156.39999
2.6497927 0.26608762 -0.078053519 154.9375
2.6376126 0.35823521 -0.070734143 156.17857
2.6590438 0.48285142 -0.080606252 177.16667
2.6373129 0.98468477 -0.097304612 190
2.6573403 1.0802861 -0.090274133 181.85715
2.6897027 1.1643897 -0.088307276 184.16667
2.6425247 1.2825056 -0.087411664 185.05682
2.6684959 1.3629931 -0.086458929 149.05
2.6521022 1.4785479 -0.076124586 152.94118
2.6540844 1.594274 -0.069226377 186.42857
2.6413002 1.6766496 -0.04380703 150.02274
2.6860893 1.7425596 -0.057261318 189
2.6623631 1.844131 -0.08407677 150.5
2.6753058 1.9417764 -0.072719358 146.75999
2.6647384 2.0323429 -0.070323572 147.55556
2.6636872 2.1560664 -0.072215386 174.45436
2.6560085 2.2565172 -0.075229652 180.2697
2.6438496 2.3423693 -0.058275469 172.63187
2.6548932 2.4475603 -0.051974338 159.59999
2.6582539 2.5519226 -0.052017272 163.18094
2.6382027 2.6426058 -0.069214642 160.36649
2.6488519 2.7421887 -0.067697011 156.46371
2.6452529 2.8750525 -0.063459642 154.94629
2.6476388 2.9536834 -0.060946237 174.05099
2.6491723 3.0381639 -0.058553007 169.68452
2.6504459 3.1527102 -0.039353032 176.40807
2.65925 3.2613425 -0.026612667 160.33035
2.6393166 3.3357232 -0.023844285 180.27779
2.6492043 3.4440818 -0.031812809 154.16666
2.6600935 3.5369575 -0.036229298 155
2.667475 3.6572404 -0.011620471 122.4
2.6642952 -4.2363067 0.089806177 118.88333
2.6808927 -4.1362181 0.059348226 131.5
2.6455307 -4.0447006 0.034587223 163
2.6465139 -3.9491112 0.037665281 157.09444
2.6635463 -3.7679634 0.060944431 150.78969
2.6598852 -3.640965 0.06355606 166.18182
2.6526556 -3.5197926 0.076710753 165.2
2.6006911 -3.41939 0.052557021 157
2.6582272 -3.3351059 0.056237921 137.79652
2.6682701 -3.2806482 0.056279268 147.16666
2.6402683 -3.1370397 0.0083630523 160.33334
2.6650014 -3.0101237 0.05237573 170.98936
2.6414969 -2.9621775 0.057817444 168.20563
2.6423991 -2.8538036 0.045742709 170.07011
2.6788518 -2.7418435 0.031009346 168.47777
2.6552417 -2.6389034 0.034078322 169.21211
2.6496201 -2.5191987 0.057064436 170.37895
2.6080554 -2.4013767 0.051553696 189
2.6738007 -2.3538294 0.044278789 183
2.675101 -0.45835081 0.045248345 130.96875
2.6601365 -0.16580719 0.0071723927 123.15151
2.6801236 2.5775304 0.065321714 133.60765
2.6624162 2.6076145 0.01348081 189.83334
2.662776 2.8595462 0.060002673 146.48376
2.6000655 2.9063425 0.084303841 165
2.6574192 3.1131597 0.000473744 173.90909
2.6586378 3.2456815 0.011404846 181.12292
2.6803343 3.3597252 0.02230531 174.5
2.6907132 3.4977136 0.0043461048 161.33333
2.6353259 3.5786195 0.050921962 132
2.6442494 3.6682677 0.051479388 127
2.6293914 3.8297524 0.0053338278 114.5
2.6344583 -4.3388963 0.1641497 139
2.6387794 -4.2752261 0.14700358 124.51852
2.6365178 -3.4133437 0.17197426 125.73529
2.6424704 -3.0428433 0.14782704 129.30385
2.6418812 -2.6535649 0.10485966 186.875
2.6797504 -2.5864985 0.11111625 190
2.6377218 2.4580524 0.13628851 133
2.6911604 2.5715442 0.13587399 142.97501
2.6928456 2.8960857 0.14875245 134.2
2.6867282 2.9025114 0.14502285 74.5
2.6859295 -4.3069439 0.29320094 72.666664
2.6027455 -3.4394433 0.20014045 118.33334
2.6453686 -4.3128157 0.38454065 70.090912
2.7081449 -1.2236196 -0.22612782 162.66667
2.727762 -1.1145107 -0.21670751 170.75
2.7491295 -1.007998 -0.2131961 183.16667
2.7836068 -4.3497834 -0.11331715 90.625
2.7522953 -4.2130351 -0.18567771 117.5
2.719348 -4.1310253 -0.18339404 124
2.7669656 -3.9620516 -0.1591232 166.5
2.7533712 -3.8513372 -0.14810631 154.39999
2.7524297 -3.738539 -0.14303489 164.89166
2.7506497 -3.6485457 -0.1379564 173.69444
2.7005002 -3.5890737 -0.15732329 185.13333
2.7642021 -3.4767432 -0.141334 170
2.7403913 -3.336669 -0.1276204 158.69913
2.7315037 -3.2187364 -0.11991888 164
2.7564244 -3.1597786 -0.1380481 174.09167
2.7144585 -3.0235479 -0.14509365 177
2.7835355 -1.3437762 -0.14869927 155
2.7884848 -1.2276199 -0.14464779 164.5
2.7953846 -1.0804973 -0.14127474 177.2
2.7981317 -0.99072391 -0.13463701 179.8
2.7602587 -0.84905648 -0.19274244 186.75
2.7518151 -0.73943257 -0.19958025 181
2.7331285 -0.65233952 -0.18707523 163.5641
2.7427752 -0.56238693 -0.17389955 159.25
2.745388 -0.44811091 -0.17827176 162.61111
2.7571266 -0.33202794 -0.14930713 173.5
2.7503474 -0.23454444 -0.17404506 151.56818
2.7539668 -0.15853871 -0.14566477 160.41171
2.7379794 -0.069515616 -0.14407347 166.06667
2.7539086 0.031686962 -0.12183004 167.27777
2.7207386 0.18028717 -0.1199382 171.57143
2.7443838 0.2721135 -0.14483954 165.375
2.7476752 0.35850537 -0.12588646 166.26022
2.7703695 0.45282865 -0.12151135 170.45834
2.7511997 0.52621955 -0.12318245 173.39999
2.7530794 0.63680393 -0.11490405 172.45555
2.7582047 0.74978286 -0.12740906 178.83333
2.7543764 0.82091492 -0.15104823 146
2.7584414 1.045517 -0.1424434 156.23557
2.7372277 1.1449519 -0.13010007 136.34445
2.7720466 1.2640146 -0.13005473 169.8889
2.7824676 1.3633212 -0.11804433 143.91667
2.7247493 1.4982533 -0.15142696 116
2.7620227 1.5374614 -0.14234957 144.35417
2.7657115 1.6420108 -0.14193289 142.57143
2.7477012 1.7492654 -0.14840844 137.45209
2.7697897 1.839927 -0.13801536 145.64444
2.7416086 1.9333651 -0.1285037 154.46031
2.759402 2.0454702 -0.11374596 158.07333
2.7442276 2.1095881 -0.12398919 176.55357
2.7622542 2.2451372 -0.12831527 182.88887
2.7600815 2.3678675 -0.13389394 171.32777
2.7510998 2.4437361 -0.13025323 154.72189
2.7572336 2.6992025 -0.1054113 149.5
2.7537191 2.7602968 -0.11629785 168.34796
2.7870164 2.8696191 -0.10231539 174.26666
2.7778735 -4.3286362 -0.070376016 94
2.7283235 -4.1335478 -0.038873672 108
2.7307377 -4.0603099 -0.036470998 110.5
2.7343962 -3.9367754 -0.030181035 123
2.7361541 -3.8289585 -0.016849436 134
2.7370985 -3.7505679 -0.0053365431 142
2.7189031 -3.4229543 -0.054032359 151.41667
2.7356319 -3.1824896 -0.0044802288 142.52113
2.7441444 -3.0338869 -0.012132776 162.85292
2.7397571 -2.9949479 -0.013737416 163
2.751904 -1.2432325 -0.063862361 165.5
2.7562227 -1.1357998 -0.053884037 170.25
2.7639174 -1.0366675 -0.053623401 182.8
2.7354913 -0.95686966 -0.066071361 175.3
2.7676463 -0.87297368 -0.063053265 176.18333
2.7313662 -0.76978862 -0.077310272 169.39999
2.7696137 -0.65971708 -0.071215637 158.19444
2.7521303 -0.57307529 -0.072920069 152.96155
2.7318556 -0.43550763 -0.074246183 143.62166
2.7573316 -0.31400135 -0.070982434 160.14285
2.7679079 -0.22801509 -0.066055283 154.8
2.7563598 -0.1517265 -0.071882345 168.06111
2.7425437 -0.054787263 -0.054842778 141.87222
2.7429538 0.084529229 -0.072444208 140
2.7995555 0.17641839 -0.069530532 144.5
2.789645 0.26806793 -0.076554082 185
2.7540915 0.43765169 -0.067222707 179.375
2.7706909 0.51374555 -0.080468975 187
2.7755136 0.74027729 -0.083951041 171.54166
2.7277684 0.95418823 -0.08068642 184.22223
2.7523489 1.0461403 -0.073838145 165.07143
2.7903438 1.2580782 -0.084476165 176.5
2.7579522 1.3686796 -0.084816851 177.09697
2.7436833 1.4705776 -0.084211163 152.01666
2.7468166 1.564755 -0.07689213 181.16667
2.7872765 1.6380531 -0.056836959 170.125
2.7265854 1.8516669 -0.078319855 157.5
2.7763224 2.031467 -0.068454586 165.47916
2.7673302 2.1591535 -0.063044749 171.54007
2.7610054 2.233983 -0.076056436 171.85312
2.7432718 2.3509247 -0.033138029 160.02791
2.7425253 2.4435654 -0.051517349 150.80417
2.74598 2.5473096 -0.046662949 168.53642
2.7793274 2.6643124 -0.062766008 181.96632
2.7483327 2.7547181 -0.062173888 160.80876
2.7572494 2.8502791 -0.053090405 168.17593
2.748215 2.9553771 -0.058602098 176.40199
2.7442381 3.0559523 -0.04832181 163.31197
2.7525606 3.1492088 -0.028601727 178.63919
2.7550159 3.2608154 -0.039116874 176.125
2.7259889 3.350106 -0.021564884 167.79333
2.7772598 3.4146852 -0.014930016 164
2.7350073 3.5444112 -0.022402657 126.75
2.7024984 -4.1799822 0.013883931 126.66666
2.7591281 -4.0697865 0.048601255 133.5
2.7343113 -3.9652355 0.041296374 153.64375
2.7794614 -3.8549094 0.078965433 142.33333
2.7424068 -3.7383239 0.042460967 165.08333
2.7592213 -3.6469026 0.016110389 155.91666
2.7352536 -3.5625787 0.021773215 154.38242
2.7469935 -3.4393582 0.051577661 144.57936
2.730207 -3.3573825 0.053181693 144.5
2.7834389 -3.2734625 0.0069072293 153.71428
2.7343423 -3.030808 0.060634274 160.2554
2.7457144 -2.9169455 0.048025761 176
2.7361679 -2.8533919 0.043016627 167.20091
2.74124 -2.7882719 0.025992258 166.54639
2.7658782 -2.6587331 0.045954246 176.56909
2.7656715 -2.5356765 0.047940478 179.72728
2.7376709 -2.4558342 0.052889325 185.5238
2.7307558 -2.3466218 0.061615013 191
2.7802143 -1.5096205 0.051279783 205.72728
2.7132256 -0.46428826 0.032004118 121.5
2.7562151 -0.18983448 0.023072692 152.10001
2.7018151 -0.058433644 0.055736627 151
2.7499623 2.2872767 0.010654009 144.8
2.7518096 2.3359687 0.031689599 139.68478
2.7516706 2.5282519 0.037679683 168.42728
2.7550859 2.6543028 0.02204754 184.44763
2.7586915 2.714879 0.02495007 128.5
2.7648692 3.2310615 0.01389194 178.78645
2.7624671 3.3564265 0.02521687 177.01111
2.7463746 3.4612484 0.044362757 164.45
2.7509515 3.5610878 0.035876434 145.77083
2.7576499 3.6362731 0.050101198 150
2.7493596 3.7512732 0.00037725701 111
2.7458687 -4.2292571 0.1281563 118.45
2.7620261 -3.3726041 0.19657457 143.16666
2.7001605 -3.0470023 0.12816513 121.33334
2.7178104 -2.7244706 0.1053581 181.80952
2.780726 -2.6258924 0.12231507 188.36363
2.7578773 -2.5461519 0.11618654 191
2.7439539 -1.5011991 0.14432061 203.27272
2.7247648 -1.4938325 0.1936813 201
2.727222 2.3493624 0.10749716 119.75
2.7404733 2.4022384 0.1259912 132
2.7456126 2.5585606 0.15697549 142.97142
2.753871 2.8603842 0.1518783 145.7762
2.7505248 2.9215772 0.16881411 132.71429
2.7135248 -4.3070049 0.23284362 73
2.7804432 2.5030451 0.2155854 137.66667
2.8461208 -1.1552495 -0.21451661 169.625
2.8522973 -1.0096672 -0.20493406 186.2
2.8150384 -0.92715698 -0.20511191 126.5
2.8359854 -4.1042309 -0.1577034 145.5
2.8214412 -4.0382967 -0.17087723 130.5
2.8157609 -3.9027326 -0.14467958 186
2.8512762 -3.8589513 -0.16421133 155.25
2.8707101 -3.7449782 -0.13858643 154.125
2.8093138 -3.6974676 -0.13796215 188.83333
2.8655622 -3.5425906 -0.13279897 165.5
2.8386672 -3.4457462 -0.1202227 158.71429
2.8264964 -3.3461068 -0.11644427 169.13637
2.8055472 -3.2297328 -0.10837507 149.875
2.8596785 -3.1665957 -0.11702709 158.95
2.8492379 -3.0292861 -0.13091785 184.375
2.8277972 -2.9346702 -0.12848519 185
2.8912847 -1.310618 -0.14455163 158
2.8749933 -1.0646926 -0.14161934 174
2.8808324 -0.94892269 -0.13413675 174.67949
2.8512568 -0.83746338 -0.15410255 163.62355
2.8568611 -0.75951344 -0.17886201 157.11427
2.8384972 -0.64685571 -0.16638404 155.48232
2.8300345 -0.54742414 -0.14618081 160.02499
2.8566256 -0.46296558 -0.16976151 161.43333
2.8273187 -0.34645835 -0.16432953 158.3512
2.8746157 -0.25992766 -0.15786333 164.69792
2.8417699 -0.15668936 -0.15798874 161.11385
2.8201954 -0.06133718 -0.16750656 157.25
2.8747964 0.044974755 -0.16987453 178
2.8469899 0.15816854 -0.14198221 181.75
2.8146684 0.24621698 -0.15487182 184.5
2.8357115 0.36334363 -0.13464417 182.24445
2.8304255 0.4555102 -0.12450284 174.4375
2.853904 0.5534755 -0.11894917 182.125
2.8687685 0.6370191 -0.12809521 168.96249
2.8520436 0.7240628 -0.10584813 185
2.8454475 0.84730351 -0.13485657 174.55556
2.8448801 0.95682818 -0.14125843 151.33333
2.8600917 1.043619 -0.14214964 169.12169
2.8641818 1.1626599 -0.12962331 173.39999
2.8524637 1.2900112 -0.12643714 176.33334
2.8574908 1.3779782 -0.12102798 177.5
2.8718169 1.457877 -0.10869116 142.40477
2.8592129 1.564805 -0.16902582 135.3
2.8746777 1.6583211 -0.11435505 121
2.8594022 1.7559508 -0.12641045 138.56944
2.852381 1.8594276 -0.14567766 146.8
2.8328342 1.9318523 -0.12610252 154.86111
2.8400629 2.0316832 -0.12924549 156.21428
2.8676484 2.1595216 -0.15093498 176.49333
2.8464355 2.27022 -0.15099095 178.25757
2.8364697 2.322427 -0.13756759 187.125
2.8432941 2.4565086 -0.11815422 158.21779
2.8550613 2.5598764 -0.11437261 163.76993
2.8405249 2.6845176 -0.11661099 150.91986
2.8255177 2.7592902 -0.12138961 164.5
2.8200846 -3.4502165 -0.016795721 165.86459
2.8346224 -3.3160832 -0.010671346 159
2.8243146 -1.5467783 -0.062482025 197.83334
2.8334563 -1.4282534 -0.083101243 177.5
2.8352761 -1.3856994 -0.086777754 181.66667
2.8769069 -1.2759343 -0.069446407 188.22223
2.8663459 -1.1527132 -0.059696306 177.63393
2.8623023 -1.0234439 -0.060703952 180.64999
2.8271008 -0.93964285 -0.061205946 175.08334
2.8357277 -0.84112906 -0.070573904 168.81944
2.8329604 -0.75792354 -0.058749828 172.17308
2.8288667 -0.66751474 -0.054066192 169.8718
2.8341691 -0.58169717 -0.060418434 163.75
2.8230798 -0.45072004 -0.057004075 155.36667
2.8147213 -0.33501366 -0.052817576 145.62962
2.8401892 -0.28212908 -0.061040852 139.63889
2.8487091 -0.16120894 -0.073326014 169.125
2.8299193 -0.041060708 -0.079074584 174.86667
2.8359759 0.062520653 -0.041949708 146.60001
2.8345141 0.3223716 -0.082035951 183
2.8890111 0.42764342 -0.098850816 180.58012
2.8307767 0.5749588 -0.078263275 179.85417
2.860425 0.66256166 -0.085981652 175.67143
2.85656 0.75837928 -0.086278327 178.1111
2.8639898 0.853468 -0.072050095 188.66667
2.8509858 0.92947531 -0.074524567 186.75
2.8311403 1.1498903 -0.075532652 176.9375
2.8674049 1.3639017 -0.083787039 119
2.8593361 1.4575988 -0.079846859 152.325
2.8316567 1.5539392 -0.074512362 157.41
2.85853 1.6217661 -0.070164546 161.5
2.8277497 1.8680671 -0.081395909 143.25
2.8164761 1.9338598 -0.075208887 154
2.8484828 2.0658143 -0.078168191 165.85715
2.8489044 2.1601834 -0.06372232 164.4066
2.8497958 2.2583899 -0.047506299 174.2809
2.8414946 2.3623664 -0.066490591 164.06712
2.8749709 2.4552236 -0.047938976 174.23529
2.8482165 2.5540302 -0.044702463 164.13428
2.8520124 2.663233 -0.049973305 161.60501
2.8567226 2.7647176 -0.058945544 168.09554
2.8547473 2.8596511 -0.044199213 168.3399
2.8634999 2.9603829 -0.053495008 169.81587
2.8539197 3.0571477 -0.043809805 176.39464
2.8656106 3.1548333 -0.036647726 172.19084
2.8394508 3.2438357 -0.024788981 173.85574
2.8565662 3.3234766 -0.036468934 163.76666
2.8412573 3.4709208 -0.026396448 126.33334
2.8510201 3.6485286 -0.0090314373 123.5
2.8327322 -4.1819549 0.025954315 128
2.8341465 -4.0756474 0.033448849 132.5
2.8372121 -3.9643874 0.036749654 144.8
2.8579795 -3.8603745 0.072219126 146.72382
2.8505228 -3.7653303 0.067589715 161.8
2.8646984 -3.6825879 0.068290621 171.30556
2.8744719 -3.5728221 0.027917849 155.44444
2.832242 -3.4529288 0.025005618 151.03705
2.8551939 -3.3913665 0.023937482 149.21918
2.8456645 -3.245671 0.055419408 144.62395
2.8625171 -3.1481297 0.053726107 158.05647
2.842433 -3.0448887 0.032763477 162.15041
2.8112009 -2.9870658 0.054290447 177
2.8301878 -2.8402157 0.024514033 161.72353
2.8693857 -2.7492721 0.056571621 172.89815
2.8222749 -2.6710877 0.026115866 169.56363
2.8725712 -2.556994 0.061222576 183.9801
2.8223224 -2.497427 0.049846407 189.66667
2.8195639 -2.3757734 0.061132282 182.5
2.8984599 -1.5430392 0.064003699 207.22223
2.8107231 -0.037773676 0.055506084 132.2
2.8454292 0.043936864 0.022258997 127.5
2.8607595 1.0280801 0.060434032 149.5
2.8871546 2.1267066 0.043829862 137
2.8664448 2.2410433 0.042482294 131.1111
2.8532529 2.3202262 0.027248735 124.80833
2.8595486 2.4207287 0.0065661455 188.35715
2.8562117 2.5349126 0.046555109 154.10107
2.8601258 2.7220864 0.039285224 156.46155
2.8524086 2.9503915 0.090318628 156.75
2.8502069 3.1861367 0.017799856 168.25
2.8738117 3.2538736 0.038942792 168.08333
2.8384736 3.359309 0.038311817 170.38408
2.8587627 3.4944663 0.022192923 148.97501
2.8589661 3.5383399 0.044990521 145.83333
2.8591416 3.6422832 0.072834924 141.5
2.8058724 -4.263752 0.1186955 103.71429
2.8129909 -3.2807019 0.11012695 131
2.8455272 -2.8507795 0.11284564 175.95999
2.8141005 -2.7573087 0.11600152 180.82608
2.8786178 -2.6454129 0.13781464 188.33334
2.8307521 -2.5682917 0.12814389 191
2.8604078 -1.5251667 0.15395893 205.09091
2.818867 0.006402262 0.13496375 129.5
2.8729277 2.2735331 0.10285176 124
2.8471417 2.4173536 0.17711391 143
2.8431709 2.502085 0.10048352 150.5
2.8399673 2.7446961 0.13129291 138.22726
2.8324521 -1.5051708 0.21783364 202.5
2.9596024 -1.1086024 -0.2052709 171.66667
2.9737763 -4.0290713 -0.16576289 120
2.9147117 -3.9609463 -0.14742419 147.95834
2.9919138 -3.844207 -0.15674511 139.5
2.9388032 -3.7661178 -0.14494599 168
2.9441724 -3.6402211 -0.15312307 177
2.9801147 -3.5808167 -0.10924198 143
2.9025943 -3.4939237 -0.13688603 185.66667
2.9607151 -3.3450093 -0.11847197 166.39999
2.9370611 -3.2397029 -0.11958036 162.78571
2.9689052 -3.152909 -0.11727145 162.375
2.9446466 -3.0698688 -0.12732768 183.75
2.9198754 -2.9482129 -0.12629513 188
2.9383452 -1.2282376 -0.14781792 162.79166
2.9354255 -1.1267508 -0.15418093 165.8125
2.9623804 -1.0417438 -0.14890791 175.91666
2.970047 -0.92755461 -0.1449481 175.70197
2.9358261 -0.84800547 -0.13988127 165.30624
2.952173 -0.73680073 -0.15996885 158.34171
2.9540503 -0.64506602 -0.16652402 153.76024
2.945405 -0.53559363 -0.16266595 156.98958
2.9358623 -0.45417547 -0.14539903 164.5
2.9544356 -0.3671011 -0.16351923 161.84167
2.9596822 -0.23814493 -0.14761004 172.46429
2.9390898 -0.16246144 -0.13750422 185.66667
2.9320855 -0.071915083 -0.17428246 166.5
2.9807851 0.044599697 -0.15621082 165.375
2.9297516 0.136581 -0.15604797 186.66667
2.9380276 0.2608898 -0.12789401 175.09962
2.908473 0.30353975 -0.14534689 184.5
2.9352486 0.5555256 -0.11921203 164.52605
2.9445632 0.64434189 -0.12568739 173.2
2.9457779 0.73198074 -0.13791572 170.28163
2.9431498 0.83948374 -0.13198914 167.0759
2.9394021 0.93313408 -0.14462082 154.64285
2.9504664 1.0367346 -0.13877282 169.89999
2.9815154 1.1453946 -0.14078091 168.25
2.9160004 1.3991808 -0.11590672 180.25
2.9541609 1.4692957 -0.11001033 178.60001
2.9697576 1.5298051 -0.14748874 148.77083
2.9259846 1.6446164 -0.16424508 135.20833
2.9317205 1.773035 -0.14764337 139.26666
2.9293282 1.8508393 -0.12708031 146.1375
2.9526758 1.9400063 -0.11404332 162.02777
2.954217 2.0527575 -0.13242389 162.40001
2.9634249 2.15434 -0.13253091 174.89394
2.9330897 2.2347982 -0.14266112 181.77168
2.9368186 2.3593638 -0.13151777 184.28253
2.9556193 2.444243 -0.12766364 155.98996
2.9481719 2.5603621 -0.10904007 154.77779
2.9293909 2.6620054 -0.11334851 135.5
2.9572344 2.7726927 -0.11579987 163.91389
2.9755931 2.830502 -0.11077262 167.3994
2.971607 -4.3512897 -0.05444048 97
2.9866142 -3.9262166 -0.0083131716 123.33334
2.9558618 -3.7943382 -0.0024132575 135.5
2.9438713 -1.5630164 -0.043793228 208.75
2.9492645 -1.4874145 -0.082456924 173.75
2.9827619 -1.3380617 -0.073621839 185.05357
2.9856954 -1.2064291 -0.065505311 187.71428
2.9689195 -1.10947 -0.051454164 177.16666
2.9542298 -1.0028903 -0.028146604 186
2.9459801 -0.95527911 -0.049595602 182.05833
2.917583 -0.83031631 -0.02204648 186.875
2.9367294 -0.72975338 -0.025307663 181.73685
2.9123108 -0.64739996 -0.048840389 169.17368
2.9336643 -0.56090719 -0.066123471 163.33333
2.9299884 -0.4507089 -0.062886991 157.58334
2.969928 -0.092012554 -0.044983309 137
2.9388962 0.0740963 -0.053044245 132
2.9778981 0.10465115 -0.027874367 123.57143
2.9072387 0.2124287 -0.0029861489 169
2.9731548 0.34235424 -0.094707429 159.925
2.9361813 0.49167281 -0.097238801 184.39999
2.9422786 0.5416888 -0.094374694 167.39999
2.9524379 0.72277319 -0.076388992 177.95834
2.9652927 0.84820592 -0.079440713 180.08096
2.9141908 0.99378747 -0.060334422 192.5
2.9528675 1.0524008 -0.067186937 184.25
2.9345984 1.152689 -0.038613286 156.75
2.9519033 1.3381754 -0.079696067 163.5
2.959682 1.4243494 -0.077286519 167.32259
2.9475 1.543306 -0.081324622 155.61058
2.9308093 1.6737064 -0.064247847 153.2
2.9043572 1.7586956 -0.061645359 152.39999
2.9362345 1.850647 -0.050969485 149
2.9386597 1.955421 -0.0715473 155.31332
2.9456296 2.0491207 -0.072412796 163.02609
2.9317269 2.1465845 -0.074915662 168.55655
2.9499211 2.2481542 -0.051345319 164.41429
2.9489529 2.3279998 -0.065318272 153.63333
2.9648044 2.4207449 -0.057359494 187.16667
2.9608719 2.5425997 -0.048355199 179.83333
2.9444253 2.661658 -0.063919984 165.99641
2.9482565 2.7650621 -0.046835076 173.22916
2.947191 2.8659644 -0.025291616 171.27629
2.9617655 2.9585447 -0.039757624 175.59752
2.9425061 3.0529757 -0.054962527 166.90619
2.9503067 3.1672833 -0.025284737 176.8223
2.9560883 3.265672 -0.02329006 179.40016
2.9624636 3.3560143 -0.024399281 161.42667
2.9268107 3.4025753 -0.008580571 174
2.9575257 3.5539577 -0.021051491 124
2.9466763 -4.1264706 0.06461554 127.5
2.9288859 -4.0375118 0.070188493 137.16666
2.9198067 -3.969445 0.067128487 143.73334
2.953577 -3.8472006 0.050302874 145.8
2.9942734 -3.7721314 0.05470828 171.42857
2.9562469 -3.6869929 0.023439743 157.43076
2.9332981 -3.5706153 0.035849519 147.245
2.9562664 -3.4767652 0.056736991 153.8656
2.9461949 -3.3547192 0.050385837 155.85487
2.9652667 -3.2661119 0.057491176 162.65303
2.9356909 -3.1525819 0.048948165 160.60278
2.9498887 -3.0535855 0.053324554 162.53226
2.9429948 -2.9640808 0.050090082 169.63985
2.9485037 -2.8738775 0.066594347 170.86052
2.9601862 -2.7518098 0.06296809 169.2963
2.9474392 -2.6449363 0.071192786 184.69006
2.9797037 -2.5538442 0.074428342 183.45454
2.9124384 -2.4574335 0.072565727 187.875
2.9306562 -2.3849177 0.06650532 180
2.9198482 -1.5574675 0.014904681 207
2.9847169 -0.20670676 0.043434296 125.16666
2.9328122 -0.13473877 0.045085207 129.17999
2.9560549 1.142998 0.063447773 134.4697
2.9279742 2.1724806 0.06813217 132
2.9584432 2.3667364 0.0045822831 159.08333
2.920387 2.558754 0.038234185 163.14999
2.9630775 2.6422088 0.051883794 163.55698
2.9464111 2.7559495 0.071291737 149.625
2.9468286 2.8535204 0.057819597 145.3889
2.9194505 2.9552608 0.095659159 157
2.9877882 3.0235922 0.016425487 173.5
2.9448566 3.1535347 0.056124546 145.3125
2.9464438 3.249445 0.026379786 178.28525
2.9489067 3.3416419 0.044934295 164.88191
2.9496806 3.4390907 0.039562777 158.53334
2.9546733 3.5628662 0.031300489 150.51668
2.9549167 3.6494408 0.061022419 154.77777
2.9504602 -4.2929344 0.16123372 98.166664
2.94205 -3.7445977 0.10299411 151.42857
2.9619739 -3.6266837 0.10398015 172.60001
2.9772727 -3.3943579 0.10548031 160.5
2.9824629 -3.2603254 0.1127413 138.88235
2.9122343 -2.7373178 0.14371239 185
2.9497774 -2.6607406 0.14751212 188.8
2.91273 1.1574197 0.17130879 153
2.922245 2.4790792 0.12818088 136.23334
2.9884322 2.8793685 0.14719576 160.6875
2.948211 -1.5533947 0.26640958 204
3.0436065 1.482398 -0.20575695 119
3.0015872 1.8857677 -0.20565906 163.5
3.0661557 -3.9246819 -0.15610197 122
3.0317228 -3.7491531 -0.14113703 156.75
3.0044234 -3.4721677 -0.10696883 141.66667
3.0412178 -3.3643725 -0.11735819 163
3.0660512 -3.2615669 -0.10171451 140
3.0547938 -3.1500387 -0.10445256 134
3.0443165 -1.1724011 -0.14003547 164.5
3.0687339 -1.0463148 -0.15842839 173.16667
3.0664563 -0.94389695 -0.14252597 176.01666
3.0558798 -0.84024495 -0.13570708 170.14006
3.0570691 -0.73781067 -0.14479791 162.59018
3.0585756 -0.64979631 -0.1164996 149.98218
3.0480826 -0.5675177 -0.1409228 152.01927
3.0465808 -0.45402971 -0.1562829 158.61002
3.0557261 -0.37286073 -0.12329717 162.06746
3.0381942 -0.24572411 -0.14072263 188.19048
3.0543947 -0.1402536 -0.14182109 158.83333
3.0414958 -0.036114 -0.14580563 172.89999
3.0824199 0.086957209 -0.1462248 159
3.0559466 0.14479339 -0.14564346 165.92064
3.0464449 0.25109938 -0.14043219 175.31746
3.0499513 0.36474237 -0.14252816 172.5
3.0491354 0.41985485 -0.12961933 177.9375
3.0399795 0.54858184 -0.1170091 155.09187
3.0657713 0.64435452 -0.12416845 178.3743
3.0584006 0.74196404 -0.12470429 167.69193
3.0591834 0.85981339 -0.11974703 156.3
3.0499194 0.94412196 -0.13923171 157
3.0635819 1.0848347 -0.14537418 159
3.0411389 1.223299 -0.12726951 191
3.0715747 1.3376563 -0.12512341 169
3.0544353 1.4613765 -0.14043622 130.91667
3.0476868 1.5490521 -0.17221253 127
3.0493746 1.6461302 -0.1604626 133.27083
3.0302348 1.7464741 -0.13826075 139.73055
3.0614469 1.8714226 -0.12381297 143.5
3.0393126 1.9421786 -0.1257496 150.95238
3.0493934 2.0464203 -0.14064623 169.57428
3.0533469 2.160013 -0.12135655 171.53571
3.0427721 2.2468889 -0.13345844 176.93451
3.0355687 2.3346753 -0.12245817 178.56944
3.0611467 2.4467807 -0.13037887 171.2625
3.0349615 2.5124693 -0.11789428 175.37083
3.0353594 2.648252 -0.109694 158.20833
3.0233862 2.7678797 -0.10167713 121
3.0652561 2.8509543 -0.11736367 175.25
3.075798 2.9537001 -0.11411864 184
3.0576339 3.0221756 -0.10397935 184.25
3.0071428 -4.0197577 -0.0075366842 112
3.0622241 -3.3765585 -0.097616382 144
3.0650856 -3.1512313 -0.09826728 135
3.052238 -1.4354905 -0.072359398 174
3.0579014 -1.1818079 -0.060408816 187.83333
3.0590477 -1.0479726 -0.029857831 178.55263
3.0295792 -0.95282048 -0.045048911 182.81731
3.0422528 -0.84419686 -0.049248513 178.74062
3.0173364 -0.70132172 -0.011567829 182.89999
3.004385 -0.60817337 -0.019119194 177.4762
3.0532532 -0.51269126 -0.013006724 176.03995
3.0527787 -0.44344056 -0.051614504 157.32007
3.0928741 -0.31204027 -0.0032862995 174.3793
3.0490942 -0.28150076 -0.0057706526 144.5
3.0478821 -0.16346717 -0.048496895 133.46121
3.0325141 -0.082039326 -0.085675701 132.65909
3.0230474 0.26681808 -0.067147322 155
3.0457053 0.35227212 -0.09498585 142.14285
3.0217259 0.42414322 -0.09319444 156.44444
3.0110247 0.56891346 -0.095706396 166.17459
3.0572486 0.64689821 -0.067181818 179.61969
3.0524616 0.75176084 -0.077259377 168.16747
3.0462074 0.85245335 -0.054839715 168.41072
3.0610161 1.0290233 -0.05438754 193.16666
3.0691128 1.1489421 -0.050061878 129.93535
3.0019224 1.2383921 -0.0049849446 136.92308
3.0195551 1.3447741 -0.052886315 128.37598
3.0311139 1.4526637 -0.073630758 150.94017
3.0489206 1.554871 -0.071659565 147.75
3.02824 1.6328726 -0.077099502 150.5
3.0519655 1.7737399 -0.046226639 141.30554
3.0164852 1.8606002 -0.056293271 148.55
3.0475979 1.9522357 -0.070898756 154.16667
3.0298481 2.0293074 -0.080019623 160.12132
3.037915 2.1355212 -0.059147418 169.07829
3.0461767 2.2506578 -0.04785049 158.13702
3.0343673 2.3571332 -0.059348524 173.81111
3.0493672 2.4606667 -0.037963361 163.455
3.0444899 2.5706637 -0.052252002 169.24559
3.0612164 2.6615441 -0.04485533 168.15239
3.0550811 2.7518106 -0.045050468 172.23636
3.0408468 2.8705013 -0.053855412 162.05312
3.033982 2.9550929 -0.024812603 179.19
3.038487 3.0414443 -0.05875231 176.05501
3.0267744 3.1716456 -0.037818946 185.93333
3.0505209 3.2469914 -0.041657329 168.15108
3.0760691 3.3459969 -0.024111371 165.6456
3.0225997 3.4629085 -0.00046152182 137
3.0577002 -4.0376973 0.063032284 135.5
3.0243115 -3.9569445 0.078426085 143.7
3.0190146 -3.8699837 0.053950481 162.2
3.0622826 -3.7497721 0.036139317 153.75
3.0339732 -3.6314878 0.035883017 154.57143
3.0439131 -3.5261478 0.04333362 148.59583
3.0428016 -3.4371688 0.058903653 151.4669
3.0486798 -3.3578339 0.068585157 156.61459
3.0332279 -3.2583437 0.040207077 164.30159
3.0679207 -3.1382427 0.0614544 162.24243
3.0423756 -2.7240727 0.089044012 186
3.0614421 -2.6710639 0.092835099 188.66667
3.0290887 -2.5312676 0.077677406 187.25
3.036226 -2.464678 0.082047701 186.93333
3.0397441 -0.43822134 0.0019636254 157.66667
3.0064003 -0.19585803 0.036036965 122
3.0126104 0.18457894 0.043856688 127.27273
3.0642414 0.22712292 0.032919981 121.59375
3.053725 0.98030877 0.056537319 141
3.0518508 1.0934515 0.068688966 127.33334
3.0553408 2.2551904 0.050642699 158.25
3.056519 2.3335187 0.027982512 157.17285
3.0097671 2.4388671 0.012669113 184.26666
3.0496945 2.5516748 0.012909186 177.45
3.0378695 2.8560989 0.045637961 158.25168
3.0481548 2.948936 0.011091073 172.5
3.0159397 3.1687055 0.054894663 143
3.0652573 3.2220516 0.041768368 165.06053
3.0323174 3.3744202 0.03261419 173.59558
3.0634975 3.4619644 0.033131216 152.62088
3.0718961 3.5102797 0.082585379 170
3.0526848 3.6443093 0.055130426 141.74167
3.0499134 3.7124233 0.050755657 151.5
3.0882032 -4.1716247 0.10869744 119
3.0167613 -3.9777296 0.1030539 133
3.052603 -3.7979362 0.11169612 143
3.024298 -3.6678329 0.11208771 161.18182
3.059345 -3.5588677 0.11692344 174.15454
3.0786512 -3.4503431 0.11654462 175.2
3.0186048 -3.3023586 0.12071244 149.96666
3.0847752 -3.2622321 0.12874146 155.60001
3.0017581 2.076175 0.12681556 135.85001
3.0286403 2.1546485 0.11016743 120.83333
3.0984428 2.8429868 0.11521094 136.73914
3.0853372 2.849647 0.2001396 121.25
3.1454873 1.9134749 -0.20071729 158.5
3.1725566 -3.8340559 -0.14645211 125
3.1181684 -3.7876587 -0.14932194 137
3.1403053 -3.3935764 -0.11549223 162
3.1390479 -1.1300956 -0.12342287 167
3.1680229 -1.0352169 -0.12270049 164.25
3.1593561 -0.95743275 -0.14215228 165.68478
3.1837454 -0.86674231 -0.13271159 144.33333
3.1895146 -0.77440345 -0.10825993 165
3.1037734 -0.60339606 -0.17211649 148.16667
3.1249316 -0.55082673 -0.13187245 146.58667
3.1349235 -0.44529837 -0.12097385 152.77126
3.119746 -0.3696909 -0.14116168 142.63333
3.1324055 -0.27200431 -0.14579289 166.25
3.1453335 -0.16226298 -0.14313839 160.43272
3.1631458 -0.060375664 -0.1383816 168.30411
3.1699805 0.051955722 -0.14151753 145.30769
3.1628435 0.13571782 -0.13452464 180
3.1479764 0.27680883 -0.14513183 163.75757
3.1428072 0.37925869 -0.14305046 178
3.1389713 0.4868927 -0.11663388 190
3.1730371 0.53338122 -0.12843105 177.45483
3.1720114 0.6035139 -0.1406257 185.83333
3.1282747 0.78262538 -0.12315512 165.67532
3.1354754 0.848032 -0.1293911 165.39287
3.1883492 1.0709823 -0.12807983 186
3.1937931 1.1225063 -0.13181949 164.75
3.1461279 1.271616 -0.12686476 184.55556
3.1262045 1.3136972 -0.11535705 186
3.1550457 1.4496715 -0.12965558 132.10001
3.188966 1.550396 -0.13421035 132
3.1475592 1.6568515 -0.13414527 134.33333
3.1360788 1.7577851 -0.12526757 137.125
3.1397243 1.8184536 -0.12801971 147.31944
3.1620805 1.9541039 -0.13097404 153.33333
3.1546004 2.0354602 -0.13205883 161.1875
3.1432002 2.122483 -0.13769022 165.74365
3.1528668 2.231952 -0.12132998 175.07527
3.1517782 2.3273232 -0.11995249 173.57954
3.1573672 2.4487615 -0.1223072 172.69963
3.1921666 2.549777 -0.13690352 143.33333
3.145191 2.6156852 -0.10425168 181.71428
3.102834 2.7156518 -0.12212532 177.63637
3.1126935 2.8508518 -0.11918821 184.91666
3.1102154 2.9855621 -0.10920355 184.75
3.1481509 -1.3817996 -0.068910986 175.5
3.148952 -1.2705715 -0.06254492 183.08334
3.1307812 -1.1564329 -0.053150903 189
3.1565399 -1.0777822 -0.049389251 187
3.1332951 -0.94969708 -0.022479907 181.86296
3.1173775 -0.85981905 -0.079513244 169.6673
3.1367753 -0.74885672 -0.084455796 155.96001
3.1305931 -0.65678006 -0.070297532 165.94301
3.1596272 -0.57459688 -0.058083322 160.02667
3.1434114 -0.26088905 -0.063483424 148.15114
3.1914883 0.021244224 -0.045065645 131.55556
3.1365857 0.45635703 -0.094099313 176.61905
3.1450989 0.57063013 -0.080683649 182.73334
3.1502278 0.66980159 -0.079147927 170.02963
3.1414351 0.72116202 -0.076578252 164.37964
3.1488817 0.84610146 -0.04781507 160.21394
3.1464746 0.92938918 -0.064390041 164.28125
3.1564598 1.0463164 -0.065438904 155.20175
3.1611252 1.1361656 -0.065269977 153.24477
3.1662531 1.2872462 -0.048478495 164.21429
3.1408265 1.3537129 -0.085688367 141.44444
3.1530461 1.4310704 -0.056862723 157.83333
3.1588774 1.5699474 -0.06796021 148.75
3.1331794 1.6765751 -0.063288197 158.58333
3.1489537 1.7155474 -0.065359227 152
3.1324198 1.861797 -0.072938025 151.38889
3.1449611 1.944649 -0.077072546 159.84074
3.1324596 2.0530653 -0.073117018 165.06706
3.1408284 2.1693475 -0.057252131 166.54604
3.1445193 2.2585573 -0.045400538 166.06459
3.1495006 2.3518765 -0.060146265 169.02499
3.1584659 2.4368019 -0.063209608 170.69144
3.1444392 2.5517704 -0.058431368 166.36314
3.1442008 2.6553304 -0.047852803 165.90747
3.1517723 2.7637718 -0.056544419 177.29317
3.170259 2.8395562 -0.033600923 169.56429
3.1603441 2.9433191 -0.051439553 166.22816
3.1404257 3.074868 -0.025243677 178
3.1316435 3.1257713 -0.05340587 186.79166
3.1536002 3.2429264 -0.036101907 166.13208
3.150809 3.3425064 -0.032343335 160.02499
3.1673977 3.4100857 -0.023158317 161.35416
3.159909 -3.9626703 0.046164367 134.6111
3.1186795 -3.8728507 0.06058038 160.66667
3.1645157 -3.7289889 0.035857022 146.55556
3.1440732 -3.6401579 0.047023933 154.19444
3.1357708 -3.5549204 0.047116727 150.09525
3.1452351 -3.4573097 0.052359182 146.22025
3.147805 -3.3482172 0.043914344 156.50455
3.1438804 -3.2582192 0.042441249 160.90062
3.1863999 -3.1506414 0.037411232 170.125
3.1025655 -2.5637543 0.092901863 187.25
3.1267357 -0.79452932 0.00046220643 190
3.1048112 -0.69594294 0.00085846212 185.66667
3.1795912 -0.4968558 0.012341669 182.60001
3.192318 -0.39582321 0.0082379356 180.91667
3.1545651 -0.27311778 0.049428929 148.13107
3.1472735 -0.15256396 0.044857267 144
3.1551957 -0.091170333 0.072624139 143
3.1626298 0.5240773 0.014056771 147.8
3.1356869 0.83422297 0.049678698 162.67857
3.1410153 0.99833804 0.017649155 133.06667
3.149533 1.0108478 0.077051267 127.25
3.1133566 2.0491743 0.094298869 138
3.1985745 2.3518398 0.0090990867 186.30769
3.1374321 2.4387958 0.024150403 167.07777
3.1424341 2.5628753 0.0089727361 171.42857
3.1990187 2.7198608 0.0025643061 165.89999
3.1427555 2.8598654 0.026628438 175.20454
3.1575172 2.9301579 0.049236372 176.75
3.1372237 3.1512365 0.0060417019 169.25
3.1660819 3.2664275 0.060151845 167
3.1919637 3.4634409 0.078582376 173.11111
3.115356 3.5509791 0.026971441 150.45
3.1781425 3.6348603 0.036569525 141.44444
3.1182415 3.7263787 0.094195172 141
3.1318834 -3.9460843 0.11636671 132
3.1408463 -3.7556438 0.12338308 145.5
3.1519046 -3.6232591 0.12749781 154.5
3.1677935 -3.5261667 0.13356954 169.22916
3.1699247 -3.450211 0.11997291 166.5
3.1313317 -3.369849 0.11873763 169.40277
3.1388953 -3.2755058 0.12264362 169.45
3.1897583 -3.1409106 0.10462613 166
3.1440685 -3.0638597 0.10082176 165
3.1604226 2.1148522 0.12611149 133
3.1990509 2.849829 0.14651912 126
3.1185441 3.8433275 0.10534678 126
3.1397498 2.9114873 0.20573941 151
3.2725298 -0.94788635 -0.10380905 167
3.2714608 -0.87080497 -0.11398162 153.5
3.2342799 -0.76742929 -0.14796554 145.8
3.2543042 -0.6606189 -0.13523656 151.46825
3.2644682 -0.58356255 -0.13506719 157.38889
3.214596 -0.44505033 -0.1087421 163
3.2384627 -0.34600478 -0.10939724 165.86079
3.2044966 -0.22128747 -0.11883049 183.13043
3.2372818 -0.14348197 -0.12436058 147.08919
3.2673149 -0.069898434 -0.12101622 160.73343
3.2578461 0.066342957 -0.12955795 165.75
3.2448184 0.13229959 -0.12609832 156.375
3.2270713 0.22716324 -0.14044943 164.30952
3.2489619 0.33029392 -0.1376332 177.66667
3.2667727 0.46532524 -0.13091432 189.0625
3.2823842 0.54423416 -0.12019673 177.79262
3.2279174 0.63083565 -0.12217344 176.2
3.2423356 0.75039464 -0.13854261 164.45555
3.2324202 0.86040312 -0.14204179 171.91666
3.2918556 0.92490399 -0.13210104 186
3.2263527 1.0580554 -0.12639663 170.64999
3.2794161 1.4779882 -0.19325972 109
3.2611914 1.5374995 -0.14526483 131.91666
3.2416162 1.6380116 -0.13784043 127.16666
3.2592096 1.7218053 -0.1353417 151.51515
3.259589 1.8289026 -0.13543527 144.75
3.2571383 1.9388915 -0.14597422 152.64285
3.2450049 2.0266576 -0.1475071 148.23332
3.2415605 2.1696413 -0.12226622 161.16191
3.2579443 2.2548959 -0.11766071 169.29836
3.244884 2.3801332 -0.11426044 146.3158
3.2746973 2.444221 -0.12550656 174.16667
3.2371638 2.5153415 -0.10967173 180.15477
3.2038114 2.6495562 -0.13528369 189.5
3.22789 2.8196862 -0.12312163 189.33333
3.2519977 -1.261989 -0.053873397 179.5
3.2462389 -1.1723775 -0.054238692 190.60001
3.2642355 -1.0562118 -0.071412019 155.33334
3.2670603 -0.94959176 -0.077900365 147.40741
3.2175677 -0.8472181 -0.03639736 181.59673
3.256119 -0.77394134 -0.082417198 160.37939
3.2411957 -0.65853572 -0.072272867 165.13017
3.2573171 -0.56292307 -0.075126752 158.38846
3.2427831 -0.46069288 -0.069776148 150.46155
3.2458012 -0.34260494 -0.066618562 149.08888
3.268791 -0.28932124 -0.0446711 126.28571
3.2655795 0.43553507 -0.045618486 167
3.2612705 0.54023099 -0.077278152 181.36154
3.2603765 0.67683524 -0.072789848 175.56143
3.2594917 0.7641269 -0.044615079 165.33691
3.2635593 0.84130216 -0.058818769 163.35817
3.2384987 0.93338615 -0.043004375 188.76364
3.2576365 1.0398265 -0.073687129 164.80482
3.2429266 1.1826744 -0.072431304 134.62878
3.255908 1.3451906 -0.063031465 149.29166
3.2596798 1.4583683 -0.057911031 161.05682
3.2445621 1.5318068 -0.048384719 148.65381
3.2448108 1.6265274 -0.071439773 163.66071
3.2457674 1.75133 -0.068382651 161.05281
3.2339311 1.8658634 -0.064406954 145.57639
3.224664 1.9299716 -0.059310101 157.25444
3.2487965 2.0474892 -0.069453105 158.20833
3.2487969 2.1777868 -0.042139802 152.32727
3.2657065 2.247462 -0.040814325 153.19916
3.2562487 2.3516238 -0.039270028 145.9381
3.243449 2.4504673 -0.052304562 166.56721
3.2500823 2.5617733 -0.052141793 159.75163
3.2518511 2.6600859 -0.05000677 164.44441
3.248179 2.7690833 -0.048118304 166.37444
3.2442799 2.844209 -0.058097109 173.42053
3.2649338 2.9704173 -0.037175789 142.8788
3.2819529 3.0181963 -0.0099343434 184.33333
3.2808008 3.1659718 -0.050951019 149.5
3.2617564 3.2638388 -0.023730848 145.60001
3.2360115 3.3657169 -0.038845129 163.38333
3.2161098 -3.8380294 0.04326738 142.8
3.2804074 -3.7537489 0.073554717 162
3.2567859 -3.6399472 0.054786183 150.58334
3.2334518 -3.5607085 0.057850078 151.22501
3.2509127 -3.4608636 0.062436298 149.36667
3.2325814 -3.3502364 0.082490936 149.89473
3.2283096 -3.2736731 0.065272033 156.04926
3.2644992 -3.1829894 0.054259859 164.14285
3.2065625 -0.64872402 0.014567491 188.15909
3.2996762 -0.59542257 0.022578185 186.25
3.2648144 -0.45454797 0.04844407 180.36665
3.2698376 -0.35633266 0.064606138 145.15477
3.2718518 -0.29887235 0.032109454 185.30769
3.2508185 0.16035908 0.047334816 124.00767
3.2878506 0.30447674 0.036055114 159
3.2544436 0.44292605 0.054225028 128.10477
3.2376626 0.76085252 0.068467952 154.70303
3.2120347 1.3920794 0.016675558 134
3.2061939 1.465093 0.043396749 137.47464
3.2524433 1.9344026 0.082538769 145
3.2244124 2.1846497 0.05173384 126.85
3.2281973 2.2519822 0.011370714 163.91071
3.2968414 2.4202113 0.014127285 184
3.2701306 2.530781 0.021654813 157.19231
3.2912934 2.6210945 0.074075572 150
3.2741098 2.7483101 0.053101759 145.28
3.2552841 2.8657999 0.010989103 175.43571
3.2331955 2.962281 0.018131832 181.16666
3.2367721 3.048166 0.050343033 155.89102
3.2052648 3.3975201 0.071536258 180
3.2455282 3.4709938 0.044026591 165.34412
3.2405903 3.5733731 0.061411783 161.95557
3.2400839 3.6486886 0.093418963 144.5
3.2212441 3.742856 0.055482984 148.75
3.206995 -4.0874615 0.12216093 120
3.2817476 -3.950182 0.13225603 122.5
3.2056205 -3.84851 0.13300407 131
3.2784772 -3.7575166 0.13961899 136.5
3.2422869 -3.6481249 0.13743789 150
3.2779498 -3.4986808 0.1427504 162
3.2530253 -3.3601551 0.1324624 167.41666
3.2492249 -3.2992537 0.11607876 167
3.2601666 0.40602627 0.11453486 145.375
3.2217002 2.1421101 0.11736668 127
3.2736509 3.0050032 0.16805138 164
3.2407563 3.8545291 0.1066295 125
3.3535833 -0.86333466 -0.16624328 132.5
3.346199 -0.75731677 -0.16237561 139.33333
3.3581221 -0.65692782 -0.16303089 153.73334
3.3308656 -0.54332387 -0.15241133 167.75
3.3233795 -0.46116498 -0.13169208 175.24445
3.3489983 -0.31931302 -0.11102613 174.25926
3.3094273 -0.27513078 -0.12905084 186.85715
3.3557212 -0.14357767 -0.11900797 147.5497
3.3446937 -0.055791922 -0.12703232 157.07428
3.3463829 0.064839743 -0.12778026 161.16071
3.3476119 0.17058295 -0.12013345 169.02986
3.3690863 0.27227512 -0.1268107 173.25143
3.3712127 0.36233109 -0.13114519 179.5
3.352097 0.43897328 -0.12125533 181.6375
3.3641334 0.53707421 -0.11271068 175.34366
3.3567836 0.65489072 -0.10540811 179.33499
3.3460424 0.75071084 -0.14344169 162.8
3.3471222 0.85271531 -0.14328931 162.48149
3.3055217 0.9746272 -0.12849706 160
3.3224185 1.4592019 -0.14563416 132.60666
3.3283176 1.5626925 -0.17287341 124.08334
3.3435907 1.6695058 -0.15406714 135.14285
3.324167 1.7766818 -0.11326846 131.33334
3.3510649 1.8570784 -0.14824444 137.86806
3.3344104 1.9576286 -0.14014909 148.66
3.3474519 2.0534432 -0.14052793 149.18332
3.3386087 2.1524317 -0.12605608 157.38062
3.33288 2.2315423 -0.1234512 161.16667
3.3461902 2.3394022 -0.1346305 159.6579
3.3761935 2.4350212 -0.1181709 164.45416
3.32706 -1.1276654 -0.051902648 190
3.3706908 -1.0488529 -0.050280377 192.75
3.318707 -0.9469884 -0.042011332 190
3.3192639 -0.85874659 -0.040354289 188.57143
3.3705585 -0.73828018 -0.054662369 172.63033
3.3596601 -0.65447313 -0.070758 164.71428
3.3539388 -0.5599755 -0.065231174 169.8889
3.353003 -0.46768451 -0.081138089 147.88889
3.3221591 -0.38822076 -0.099401452 164.25
3.3470607 -0.25276488 -0.075247191 140.35001
3.3729157 -0.17967717 -0.086329006 141.28021
3.3309009 0.13942224 -0.035913877 148.77777
3.3240852 0.209534 -0.030781554 123.30769
3.3569958 0.44885221 -0.061340973 165.28787
3.3601003 0.52501488 -0.039563268 153.99655
3.3619852 0.65360177 -0.066471651 187.71428
3.3093517 0.75413436 -0.078681067 152.3
3.3636312 0.84327376 -0.074590951 163.15384
3.3430777 0.9519189 -0.08445812 170
3.349535 1.0641989 -0.058427185 141.75612
3.3532391 1.1451586 -0.057287574 153.92436
3.3066626 1.2596592 -0.053241011 168.66667
3.3637168 1.3670552 -0.057875488 150.31667
3.3463838 1.4424949 -0.054700635 153.90384
3.3485324 1.5436094 -0.062474508 152.87654
3.3575411 1.653532 -0.040819835 158.87422
3.3485198 1.7608222 -0.070834599 166.85062
3.325449 1.8597368 -0.068176642 165.99039
3.3359554 1.9696749 -0.049334075 155.61667
3.3401041 2.045686 -0.071372792 143.97778
3.3565896 2.148962 -0.050780527 148.38477
3.3429208 2.2761936 -0.055858079 140.77499
3.342907 2.3585048 -0.06943579 155.90598
3.3377635 2.464185 -0.056645826 165.31111
3.3493917 2.5312433 -0.054343302 156.87013
3.3566117 2.6539989 -0.047468316 164.60699
3.3489025 2.7557302 -0.056628585 165.02272
3.3435726 2.8384507 -0.045481928 176.40022
3.33236 2.9510064 -0.055326175 172.33333
3.3502052 3.0170937 -0.034733102 142.07222
3.3997419 3.1791167 -0.058465492 162
3.3320556 3.2164454 -0.03814818 168.8
3.3431482 3.3209836 -0.018977603 142
3.3129354 -3.8205879 0.075804524 151
3.3424313 -3.7104602 0.081787191 160.66667
3.3782613 -3.6247282 0.082142591 160
3.3325791 -3.5346034 0.064772122 148
3.3425128 -3.4324551 0.061782308 147.10556
3.3567302 -3.3300369 0.067324132 150.94048
3.3524346 -3.2231922 0.059735991 155.60001
3.3231666 -0.69675398 0.012858286 187.33333
3.3756711 -0.56885588 0.016079452 187.5
3.3883319 -0.48869416 0.020276766 187
3.3681803 -0.37379515 0.033963826 189.16667
3.3601189 -0.28273439 0.034076292 189.60001
3.3240516 1.0762043 0.08831539 141
3.3049381 1.8820179 0.008955623 139
3.3502824 1.9574895 0.058348197 132.5
3.345252 2.0311313 0.024506636 135.41667
3.3693905 2.2703433 0.0094732065 164.52499
3.3164849 2.37287 0.044209402 165
3.358268 2.4321122 0.045595672 143.5
3.3674393 2.5478141 0.043840948 145.55124
3.3226607 2.6431105 0.0073610321 163.23189
3.3604555 2.7947955 0.011113888 170.28046
3.3592701 2.8817089 0.01702375 176.16666
3.3340309 2.974206 0.020415917 188.33333
3.3373733 3.0630648 0.0028977979 188.60001
3.3594122 3.148658 0.066125751 157
3.3025677 3.3989491 0.078158297 176.42857
3.3873451 3.4618661 0.087421037 156.77777
3.3477986 3.6909766 0.094877787 138.2
3.3723998 -3.8562272 0.14692564 129
3.3461401 -3.6696644 0.14999472 138.66667
3.3418005 -3.5382318 0.1516884 148
3.3291252 -3.4246273 0.15224634 158.83333
3.3642685 -3.340481 0.15770605 160.60001
3.3866639 1.8234488 0.105841 138
3.3831804 1.9671277 0.14716956 128.40741
3.3687401 2.048502 0.12640835 132.3701
3.351511 2.4549158 0.12092251 137.08334
3.3566177 2.6758437 0.12659308 129.58333
3.3358796 3.0603359 0.14583577 131.00543
3.3450384 3.7613764 0.10091715 132
3.3761911 3.8820443 0.1093743 125.66666
3.4499407 -0.90017903 -0.17287402 142
3.4128959 -0.83713144 -0.10213985 136
3.4610112 -0.748505 -0.15904513 146.83334
3.4652197 -0.56890792 -0.15216464 166.45
3.4289021 -0.43892196 -0.14427692 181.60001
3.4891958 -0.36324352 -0.14095969 186.75
3.4489617 -0.23554468 -0.12598383 173.10316
3.4558921 -0.13361178 -0.13324207 172.48334
3.4629462 -0.028212423 -0.13280889 161.47368
3.4587247 0.051725335 -0.12933703 149.5
3.4466386 0.15202165 -0.12378141 169.40001
3.4591258 0.2658563 -0.12050398 169.93303
3.435941 0.36910096 -0.11548868 173.88333
3.4602137 0.43126938 -0.11182712 187.13887
3.4274302 0.54138994 -0.11268529 182.44499
3.4500349 0.61179441 -0.12399213 184.30357
3.4311535 0.72855365 -0.13019961 177.5
3.4468784 0.81198543 -0.13420105 185.33333
3.4248054 1.1324794 -0.11077049 160
3.4637868 1.2206895 -0.15715876 185.41666
3.439455 1.3611066 -0.10637882 167
3.437072 1.4494747 -0.1297441 137.1875
3.4651983 1.5692493 -0.14180762 136.56667
3.4500234 1.6487172 -0.13321021 143.01462
3.4411902 1.7538306 -0.13717987 139.05199
3.4384606 1.8924446 -0.10298103 150.86667
3.4373629 1.9553514 -0.14183363 141.44711
3.4717543 2.0413327 -0.16252808 131.75
3.4356418 2.1440916 -0.14674853 140.73334
3.4374695 2.2369471 -0.13853426 148.44107
3.4525146 2.3692579 -0.12102558 148.91817
3.4511366 2.4868627 -0.11756297 158.33333
3.488559 2.5762379 -0.11974837 150.8
3.4393868 -1.0400596 -0.090068832 126
3.4159038 -0.9642536 -0.067314416 157.5
3.4149928 -0.86204582 -0.068498448 161.54166
3.4962239 -0.67167902 -0.089153051 145.5
3.4636421 -0.56464779 -0.081823111 143.60001
3.4496851 -0.43016279 -0.082902022 148.35001
3.456378 -0.36064684 -0.088449158 166.53247
3.4523566 -0.21786879 -0.080065511 154.83333
3.4767215 -0.1391951 -0.083155222 170.99487
3.4469085 -0.079596959 -0.096070439 139
3.4561365 0.6646862 -0.067919999 185.77499
3.4433546 0.7584359 -0.065161377 158.42821
3.4407218 0.95630401 -0.07542666 155.66408
3.4548669 1.1343565 -0.028192939 142.25143
3.4608073 1.2311959 -0.039244752 149.91353
3.4390845 1.3696012 -0.0437603 152.08334
3.478096 1.4327348 -0.033649191 141.4375
3.4511099 1.5408232 -0.047057424 147.9055
3.4618039 1.63565 -0.040705234 154.8271
3.4429672 1.758481 -0.046473015 161.2653
3.4274282 1.8779753 -0.056286409 156.95
3.4137347 1.9473947 -0.068379834 157.76666
3.4280808 2.0772536 -0.06148931 138.58888
3.4497623 2.1440284 -0.074399658 168.45045
3.4371972 2.244812 -0.063889869 144.74579
3.4509029 2.3494866 -0.075938895 163.58333
3.4375217 2.4460065 -0.059038196 155.44221
3.4573205 2.5430374 -0.072463974 155.33607
3.4359195 2.6271987 -0.046245717 163.25058
3.4455225 2.7594886 -0.047491211 161.95386
3.4434552 2.8431072 -0.063773252 173.63
3.4375954 2.9546022 -0.049677934 168.68518
3.4531384 3.0618174 -0.037545837 150.06944
3.4571483 3.2416296 -0.050567526 176.77777
3.4764388 3.3656652 -0.0084854681 116.5
3.4286008 -3.5186098 0.068603426 147.375
3.4436781 -3.4135125 0.090934232 162.33333
3.4598327 -3.3544393 0.076901771 149
3.4392757 -3.2624822 0.064064451 141.75
3.4804623 0.77008879 0.084680185 129
3.4470358 0.86883134 0.015683649 138.13043
3.420229 1.1037955 0.032488111 137.2258
3.4903131 1.7007123 0.00063290214 162
3.4353695 1.834717 0.0061423709 167.85715
3.4545476 1.9347718 0.036591578 152.75
3.4314508 2.0650387 0.054270193 136.34889
3.4331696 2.1485083 0.046031486 127.45367
3.4377573 2.245019 0.057642478 139.66667
3.4346647 2.3475704 0.016310908 176.28751
3.402842 2.4504604 0.019337904 184.2
3.4211726 2.5279965 0.019085392 161.5
3.4726367 2.6899321 0.013602945 172.31667
3.4525309 2.7380037 0.012585873 162.80702
3.4649661 2.8633783 0.020884112 170.81566
3.4716911 2.9737844 0.014640537 178
3.4561973 3.1708345 0.083142556 164
3.4458039 3.3661251 0.080169097 164.175
3.4860723 3.4907029 0.086903073 146.66667
3.4493988 3.5817201 0.092797816 145.5
3.4397166 3.6912239 0.098555706 141.25
3.4139655 -3.5818951 0.15919633 140
3.4292505 -3.468173 0.16339996 143.75
3.450772 -3.3647997 0.16724847 150.33333
3.4170802 1.1025295 0.10596132 131.28572
3.4292612 1.9510967 0.15964271 130.55556
3.4742749 2.187598 0.10116006 118.6
3.4096715 3.0648694 0.15245916 128.35294
3.4943688 3.8286848 0.10713482 136
3.4689214 3.1439888 0.24544735 129
3.5901411 -0.99974108 -0.16794957 135.5
3.5428183 -0.85632557 -0.16060987 138.5
3.5358493 -0.75722593 -0.16000098 150.33333
3.5077598 -0.63457906 -0.15375306 157.2
3.58391 -0.57066113 -0.14235842 162
3.5260179 -0.45804337 -0.140698 176.66666
3.5172184 -0.32976195 -0.15196297 141
3.5287583 -0.25334069 -0.13119178 173.59259
3.5926301 -0.14684097 -0.11998197 164
3.5558898 -0.066677041 -0.12263835 177.85715
3.5483382 0.040983174 -0.11886628 178.66273
3.5593653 0.14591983 -0.11382791 172
3.5792036 0.24280149 -0.12215815 167.92308
3.5314498 0.35777614 -0.117345 181.6866
3.5519419 0.46041197 -0.10732821 188.30476
3.5357893 0.52535492 -0.11323291 185.875
3.5386183 0.7800824 -0.13415605 185
3.5484133 1.1530044 -0.16232847 189
3.5234373 1.2589387 -0.12075316 162.99493
3.5754189 1.4840375 -0.11976834 148
3.5652761 1.5265676 -0.12983115 149.57692
3.5471683 1.6437169 -0.11599091 158.99107
3.5542567 1.7149284 -0.13964686 138.8611
3.5162437 1.8034142 -0.17730644 127
3.508146 1.9021293 -0.15453629 118.66666
3.5507236 2.0559244 -0.14616868 132.58333
3.5627208 2.177284 -0.13496964 145.05556
3.5322764 2.2473361 -0.11446778 140.625
3.5442262 2.3381903 -0.12121232 138
3.5456378 2.4473021 -0.1178271 143.06404
3.5754859 -0.96033174 -0.080900677 126
3.5491304 -0.86204422 -0.085765049 133.5
3.5130639 -0.73603582 -0.084595509 143.25
3.5981297 -0.63717383 -0.078242525 142.2
3.5577142 -0.54099363 -0.081443667 147
3.5259452 -0.44871104 -0.088253282 145
3.5500686 -0.3458657 -0.080935143 152.5
3.5689754 -0.23764217 -0.08369948 172.8889
3.585763 -0.16107583 -0.072649002 159.66667
3.5601914 -0.045724399 -0.08013764 164.53143
3.5703852 0.054944124 -0.075909913 160.5744
3.5708394 0.15204822 -0.083141573 180.3125
3.5630031 0.2281542 -0.072438315 174.59079
3.5747204 0.35126257 -0.057279594 164.98181
3.5628901 0.44381499 -0.067641266 144
3.5505409 0.68439919 -0.05341481 174.01111
3.5425658 0.88896251 -0.070800073 156.83334
3.5624666 0.94407982 -0.061895911 150.47211
3.5191562 1.0468981 -0.050625604 150.78125
3.5532513 1.1577414 -0.033369925 163.66434
3.5465043 1.2523643 -0.047803096 156.86275
3.5523543 1.3314935 -0.05631233 156.83853
3.5306697 1.4440687 -0.056162059 155.68767
3.5580773 1.5513932 -0.040023029 160.32701
3.5677934 1.6432933 -0.050538611 159.45285
3.5414279 1.72686 -0.080300055 175.2262
3.5098853 1.8475357 -0.07172399 186.625
3.5588684 1.9711579 -0.049139809 169.68571
3.5191176 2.0108325 -0.027027052 162
3.5411947 2.1554668 -0.069051206 145.20833
3.5498018 2.2743642 -0.068818018 144.09999
3.5392895 2.3696344 -0.052768219 141.9375
3.5560207 2.4631016 -0.076826803 158.25278
3.5250869 2.5377412 -0.076705828 164.16667
3.5380623 2.6414764 -0.058033917 169.8821
3.5486367 2.7317107 -0.058355954 173.73782
3.556432 2.8397179 -0.049635202 170.32549
3.533241 2.969852 -0.049362108 153.79167
3.5313561 3.0841675 -0.0054214327 192
3.5657046 3.1323826 -0.080540232 140
3.5558958 3.3974588 -0.053516626 138.5
3.5783033 -3.4658995 0.064294606 128
3.5197544 -3.2992949 0.069226705 136.66667
3.5907755 0.52705145 0.025074814 134
3.507899 0.69944364 0.066331081 132
3.532186 0.77141321 0.048969354 136.28572
3.5633318 0.84708178 0.061793461 123.78571
3.5187135 1.3843488 0.067365117 154.28572
3.519397 1.4010121 0.030767608 164.07143
3.584002 1.7502871 0.040135022 147.63635
3.534307 1.8484983 0.0041678562 166.8
3.5448291 2.2931578 0.0067748195 187.5
3.5108423 2.3495674 0.043855585 125
3.5586934 2.6594136 0.0077454308 179.52499
3.5539834 2.839813 0.025496511 188.25
3.5268641 2.9675817 0.024996538 163
3.5300779 3.0372386 0.037184462 143.90277
3.5191655 3.2577622 0.076232426 161.09232
3.5810127 3.3830166 0.088147648 148.8
3.5724542 3.5235701 0.067466713 134.22223
3.5551913 3.6741712 0.098803975 143.5
3.5482686 0.77337527 0.12701823 124
3.5244274 2.287818 0.10274009 123
3.5987706 2.9857168 0.11168936 139.92308
3.5797651 3.2498558 0.19389731 149
3.519398 3.8903131 0.11304216 128.5
3.6103938 -1.0956755 -0.16686665 129.5
3.6464078 -0.75832707 -0.14550933 132
3.6179962 -0.67515707 -0.14166367 148
3.6676347 -0.44686252 -0.13167983 168.75
3.6282685 -0.36487818 -0.13221857 179.3
3.639087 -0.2403115 -0.12147243 160.3611
3.6240351 -0.10816956 -0.10857488 185.72728
3.6319399 -0.043744411 -0.11904932 153.41667
3.6354432 0.043889213 -0.12097863 161.30952
3.6498339 0.14190324 -0.10436016 178.72348
3.6840436 0.23555048 -0.10475407 182.5
3.6313164 0.33650407 -0.1074058 184.51399
3.626219 0.50301671 -0.10668682 191
3.6659415 0.76384652 -0.12515296 180.14287
3.6709359 1.3148099 -0.14457488 184.83333
3.6751435 1.4807081 -0.1302613 171
3.6289473 1.5124642 -0.11116648 177.5
3.655884 1.6350582 -0.11575674 152.57143
3.6671271 1.7253156 -0.11149172 155.11111
3.6137717 1.9783734 -0.15182668 119
3.651762 2.0136042 -0.16015594 137.25
3.6476433 2.1367934 -0.14583717 134.96667
3.65254 2.2548201 -0.13032979 146.2
3.6572602 2.3520887 -0.12536053 134.625
3.6307414 2.4692516 -0.11509236 144.28572
3.6437867 2.5854144 -0.10005835 125
3.6817832 -0.83639598 -0.071425922 124.5
3.6524401 -0.76509535 -0.075587511 132.83334
3.6937451 -0.57903463 -0.080620728 133.58334
3.6286225 -0.44184631 -0.078985833 143.16666
3.6483703 -0.34321001 -0.074787617 164.64584
3.6525953 -0.2446869 -0.07625585 169.25
3.6509354 -0.15618423 -0.074826501 182.59198
3.6721942 -0.04482723 -0.073642977 177.01668
3.6654041 0.052919269 -0.077123858 173.04443
3.6787496 0.17892805 -0.046975672 183.0625
3.6275496 0.27589351 -0.05752328 152.04347
3.6579964 0.3343066 -0.049018502 170.05759
3.6446567 0.43121961 -0.045570306 168.69145
3.6532998 0.67240673 -0.057945006 180.75
3.61744 0.74151886 -0.076049343 180.10715
3.6147912 0.81911737 -0.01597614 161
3.6374116 0.92522818 -0.047882251 147.69231
3.6770911 1.0662019 -0.026916888 161.78333
3.6387236 1.1653074 -0.026098806 171.25
3.6692896 1.2936103 -0.052021898 156.38637
3.6837778 1.3595084 -0.070506006 163.56903
3.6402099 1.4462364 -0.055548422 162.97005
3.6451554 1.5637556 -0.039413024 160.85591
3.6615653 1.6638083 -0.063291162 171.54472
3.6567082 1.7505877 -0.060295388 179.13266
3.6407688 1.8443081 -0.049356863 169.8611
3.6526396 1.9437762 -0.050865158 161.75
3.6952362 2.0412686 -0.016092781 135.625
3.667644 2.139658 -0.021138571 149.88889
3.6314418 2.3402765 -0.076065101 174.83334
3.659641 2.4288356 -0.079554409 145.44444
3.6485035 2.5772095 -0.074589036 164.6756
3.662998 2.6477077 -0.059483495 179.32588
3.6604781 2.7352037 -0.060026281 171.14285
3.6589999 2.8322492 -0.056996584 169.86458
3.6536808 2.9562845 -0.029773325 170.08333
3.65028 3.0477309 -0.045323607 161.34286
3.645293 3.1707063 -0.077885278 127
3.6042132 -3.3361163 0.069616452 131
3.6224756 0.63854009 0.03541379 174
3.6031175 0.73521996 0.037739407 163.66667
3.6960082 0.92746705 0.092559554 149.14285
3.6613488 1.6592281 0.023987683 166.43333
3.6076121 1.7939973 0.0052825878 169.5
3.6792095 1.9632686 0.023953754 123.46154
3.692102 2.0059981 0.010429339 128.08333
3.6246431 2.6492364 0.020724041 183
3.6570721 2.7154737 0.021991393 186.55556
3.6446502 2.8015144 0.030036205 190
3.6532583 2.9088631 0.0200979 189.8
3.6078458 3.030756 0.057735778 157
3.6074679 3.3553486 0.067307062 134.84523
3.6197195 3.4214396 0.043651555 132
3.6501677 3.5328984 0.090923794 149.2
3.6632335 3.6373768 0.098541863 148.33334
3.6841674 1.9413811 0.10847102 124.75
3.6162856 2.9650946 0.16863021 145
3.6579969 3.3682559 0.12313952 144.02222
3.6157382 3.5505683 0.18841998 127.5
3.6443167 3.8195717 0.14054172 195
3.6929471 3.2220597 0.23848762 125.69643
3.6269543 3.7448618 0.22843401 207.375
3.7497315 -0.61587101 -0.13332708 147
3.7174582 -0.54696202 -0.13618141 158.33333
3.7805712 -0.4036544 -0.12610973 168.5
3.7171772 -0.3103278 -0.12067087 175.75
3.7778699 -0.21567264 -0.11438756 180
3.7223499 -0.15386137 -0.10866512 171
3.7696919 0.037874084 -0.11721352 164.59523
3.7201662 0.15286741 -0.11309058 152.11905
3.7372499 0.29047659 -0.10023014 187
3.7024677 0.41179681 -0.10120722 190
3.7228537 1.0507601 -0.11449872 176
3.7403376 1.1284969 -0.1107017 174.89999
3.7400019 1.2512026 -0.14946878 187.5
3.7454731 1.3817631 -0.13352841 184.44444
3.7428687 1.5352671 -0.1143586 171.81514
3.7362695 1.6418293 -0.11135455 150.8
3.7206306 1.7033576 -0.1100216 155.2
3.7639153 1.9427192 -0.15020636 118.66667
3.7491181 2.0369263 -0.1235731 125
3.7332811 2.1411154 -0.13776304 135.16667
3.779628 2.2210109 -0.13000204 144.5
3.7568851 2.328454 -0.12727356 151.33333
3.7505095 2.5795348 -0.10233554 115
3.7736382 -0.71752143 -0.068425328 130.66667
3.7264254 -0.63768339 -0.070359193 135
3.7521191 -0.51708734 -0.068795502 138.5
3.7561123 -0.45528507 -0.073269859 139.83334
3.759542 -0.36408976 -0.073456973 147.23334
3.7467079 -0.28238028 -0.072367452 166.22223
3.7471173 -0.16801986 -0.069311991 171.1591
3.7583382 -0.051746856 -0.068165757 177.57579
3.7598317 0.036162198 -0.068002366 179.95786
3.7357967 0.12747651 -0.064229794 183.66667
3.7561893 0.24627553 -0.045884028 182.18027
3.7629437 0.34535322 -0.068025559 190.58334
3.7303553 0.44167605 -0.060627136 176.325
3.7628469 0.53000331 -0.071271971 182.82292
3.7183399 0.62225443 -0.074094623 184.8
3.7352586 0.99544317 -0.033269934 164.10001
3.7671204 1.0327271 -0.030511126 151.45982
3.7413504 1.1437509 -0.023037311 161.28572
3.7354424 1.2621477 -0.054326143 165.49127
3.7580578 1.3465831 -0.053990189 160.79921
3.7495174 1.442857 -0.038361192 164.88423
3.7448559 1.5533597 -0.034227621 171.12329
3.7559669 1.6573725 -0.058311302 176.97842
3.7415469 1.7520231 -0.039955042 167.11626
3.7393093 1.8540088 -0.069658816 178.69231
3.7537777 1.9418378 -0.077128686 164.66667
3.7558768 2.023056 -0.059759356 159.07143
3.790983 2.1384435 -0.087521136 157.60869
3.7781074 2.22509 -0.085426979 158.75
3.7012136 2.3610909 -0.096178479 179
3.7760332 2.4358149 -0.091783024 180.33333
3.72733 2.5506363 -0.074314959 170.23941
3.7626266 2.6405172 -0.057769179 182.76471
3.7458544 2.7264276 -0.052896645 169.11607
3.7593606 2.8439217 -0.043111853 164.09886
3.753382 2.9461739 -0.03410957 163.69841
3.7455769 3.0428584 -0.032720502 164.33333
3.7269332 3.1272061 -0.033348985 113
3.7551236 3.3814673 -0.011360575 118
3.7033949 0.948901 0.045984652 155.32222
3.7538869 1.8768016 0.099520244 136
3.7972531 2.1954877 0.042914942 132.25
3.7712588 2.2536094 0.016136216 123.1
3.7351232 2.7171872 0.026085326 189.2
3.761188 2.8366132 0.040201772 176.5
3.707227 2.9144831 0.031490363 189
3.7838392 3.1930366 0.019029776 130.39999
3.7193952 3.2164571 0.011833807 147.57143
3.72034 3.3214657 0.049708087 118.55555
3.7371511 3.5498645 0.098507889 147
3.7279506 3.1903398 0.10531242 147.39999
3.7181561 3.2912316 0.12530512 106.55556
3.7896576 3.7937467 0.15625122 211.44444
3.7590199 3.1795032 0.20554443 153.375
3.7241249 3.3775778 0.29836422 98.400002
3.7517307 3.4312131 0.25919464 120.35
3.795583 3.5828207 0.20319094 114.5
3.8708274 -0.54323947 -0.12276242 148
3.8406279 -0.49461669 -0.12705174 153.66667
3.855947 -0.30777529 -0.11025023 166.5
3.8351619 -0.28024432 -0.11695065 171.5
3.8286548 -0.12350071 -0.10627545 181.2
3.8805187 -0.044969842 -0.10002504 180.60001
3.8916366 0.04682041 -0.10805734 189
3.8634124 0.14682166 -0.10101349 187.88889
3.8065672 0.20693938 -0.10501151 188.25
3.8547246 0.40513197 -0.1006993 185
3.8948643 0.93317455 -0.11488431 187.39999
3.8332865 1.0394109 -0.12669815 183
3.8478487 1.1449118 -0.13078095 181.3125
3.8589947 1.295207 -0.14368781 189.41666
3.8232841 1.381655 -0.13584103 187
3.8639166 1.4513313 -0.1258271 186.39774
3.8121536 1.5394142 -0.10380794 188
3.8793802 1.7255267 -0.10179701 149.66667
3.8686554 1.8079605 -0.10172639 158.75
3.8505623 2.0606782 -0.14231752 122.5
3.8568196 2.1529243 -0.13626754 132.83334
3.8638349 2.2854118 -0.14624523 134
3.8617144 2.3387542 -0.10069755 154
3.8376052 2.4111223 -0.12733696 140.5
3.8065634 -0.77438539 -0.065246046 128
3.8637636 -0.61562568 -0.067361861 132.66667
3.8179541 -0.52450734 -0.078138605 125
3.8834333 -0.42562094 -0.069392316 138.8
3.8400073 -0.33076808 -0.070717558 139.5
3.849941 -0.23838952 -0.069739193 161.75
3.831435 -0.14306863 -0.062052894 163.24445
3.8854334 -0.05437747 -0.047138628 186
3.8282719 0.046404816 -0.06247339 178.96112
3.8147559 0.16861886 -0.04863834 172.625
3.8453853 0.27929884 -0.058510471 186.29628
3.8580368 0.3533597 -0.03435304 174.95834
3.8676 0.465253 -0.027370892 173.14285
3.8268266 1.0063088 -0.014230503 138
3.8719609 1.1190188 -0.011620579 144
3.8437817 1.231742 -0.052723229 171.82211
3.8668737 1.3545542 -0.036554143 167.81274
3.8684225 1.4532212 -0.048689805 168.27431
3.838655 1.5353707 -0.044448968 174.35492
3.8698905 1.6484793 -0.06147461 169.78981
3.857851 1.7437099 -0.058475848 174.39999
3.8278785 1.8293157 -0.064141281 176.15599
3.8251832 2.0488112 -0.056194499 164.78586
3.8383782 2.1251259 -0.05109534 165.40477
3.8267541 2.2373981 -0.0070853452 134
3.8611186 2.3773632 -0.051478684 167.83334
3.8166571 2.4589646 -0.074862868 176
3.8505783 2.5401773 -0.064958192 181.175
3.8250284 2.6489577 -0.049647678 172.8985
3.8595676 2.74243 -0.052281484 188.00191
3.8495362 2.8449669 -0.055122234 164.63333
3.8726201 2.9288063 -0.035630643 188.42857
3.8310089 3.03111 -0.025605883 178.16667
3.8636813 1.6338534 0.0042447825 157.5
3.8444908 1.7676026 0.058243379 163
3.8265824 2.141933 0.062443726 144.16667
3.8797758 2.4196236 0.0015434475 175.2
3.8331702 2.7791042 0.02609059 184.2
3.8009622 2.8237362 0.067491114 172.71428
3.847394 3.1875858 0.032400232 143.83334
3.8465698 2.0559502 0.15138389 148.03975
3.8786986 3.1671999 0.1521249 112.31154
3.8983634 3.3802683 0.17297637 110
3.804033 3.6113036 0.13724364 127.2
3.8029261 3.7915621 0.21227075 211
3.9238079 -0.38137329 -0.11866035 161
3.9517844 -0.23276986 -0.10352722 168
3.9369473 -0.14754207 -0.10261892 174
3.9182312 0.085753299 -0.10422166 190.5
3.9448044 0.17421478 -0.10446934 171
3.9358311 0.25120297 -0.10805788 166.5
3.9456365 0.94712156 -0.10772914 189.41666
3.9482484 1.0760088 -0.16307154 166.5
3.9471099 1.2377526 -0.1481321 185.5
3.926034 1.481768 -0.1219599 188.28572
3.9701424 1.5603722 -0.10752548 162.2
3.947943 1.7204033 -0.10358153 149.33333
3.9674752 1.837082 -0.10044267 159.06667
3.9061563 2.0603621 -0.12278119 119
3.9366038 2.108849 -0.15984011 124
3.9407351 2.2468414 -0.12170394 131.16667
3.9322207 2.3854358 -0.13862236 130.33333
3.9465461 -0.51589382 -0.065273501 130.5
3.9368205 -0.46566513 -0.066906177 132
3.9638722 -0.34614557 -0.063843451 140.83333
3.9499056 -0.23859696 -0.062226925 148.5
3.9288924 -0.13254699 -0.057579376 163.91667
3.9269588 -0.016515881 -0.058496751 159.375
3.9475162 0.055478659 -0.060526591 176.58333
3.9425552 0.14885464 -0.044875629 172.58333
3.9620295 0.2487281 -0.037454624 179.91667
3.9815245 0.43456313 -0.029533768 168.125
3.9496713 0.53623831 -0.026074344 168
3.9070244 0.95657164 -0.010345419 137
3.9514711 1.0701132 -0.067491978 171.59523
3.9576468 1.1766119 -0.044752508 163.60715
3.9012136 1.243013 -0.005492677 153.25
3.9499903 1.3513454 -0.050450716 174.25
3.9484239 1.4521345 -0.044535417 161.78287
3.9284096 1.53492 -0.031724419 159.78856
3.9437828 1.6441408 -0.078868836 181.455
3.9414124 1.7542392 -0.069428571 180.69698
3.9334707 1.8520242 -0.048931193 179.50833
3.9573312 1.936201 -0.048073381 177.98386
3.9642339 2.0103135 -0.075629428 174.53334
3.979528 2.1074901 -0.070147522 173.5238
3.9826183 2.2516558 -0.049425814 174.97011
3.9493568 2.3601012 -0.057894748 167.71088
3.9153051 2.4506276 -0.090411238 162
3.9499435 2.5523458 -0.06793844 175.35118
3.9675121 2.655916 -0.056920011 186.00833
3.9743671 2.7510328 -0.050794017 191.89999
3.9743445 2.8267927 -0.030350393 186.8
3.9298508 2.9107389 -0.022508454 185.75
3.9167662 3.0570698 -0.037119988 163.8
3.9711614 1.4656373 0.0012356653 150
3.9137585 2.123457 0.021321824 173.5
3.9623857 2.459661 0.012852655 180.25911
3.9820955 3.1401448 0.028298803 126.55556
3.9161332 1.9342743 0.10441846 139
4.0079532 -0.27805135 -0.11162356 161.5
4.0419235 0.04587695 -0.1115486 133
4.0322108 0.83985335 -0.11681286 183.5
4.0510602 0.94905734 -0.15216199 158
4.0315905 1.1529157 -0.15295552 169.5
4.0813494 1.2436697 -0.10234492 147
4.0176964 1.339137 -0.12207635 172.5
4.0568604 1.4085811 -0.12386198 155.08334
4.0673599 1.6920501 -0.10444381 145.25
4.0474653 2.3367689 -0.12172806 127.5
4.0274472 -0.16221078 -0.070388392 152.05556
4.0187225 -0.021370433 -0.070401043 159.375
4.0566359 0.058062255 -0.038303189 151.66667
4.0506148 0.14871348 -0.038565174 157
4.0789571 0.21214847 -0.030963589 153.5
4.0152283 0.36876112 -0.029475821 165
4.0040951 1.1608301 -0.087551475 189.60001
4.0660825 1.2527239 -0.086877652 188.5
4.0443382 1.3816731 -0.073913686 173.76666
4.0404501 1.4619242 -0.056300752 162.29424
4.0275345 1.5601977 -0.081824489 178.98512
4.052475 1.6530774 -0.059785221 177.73889
4.0498528 1.7434546 -0.069395244 171.42659
4.046586 1.8460248 -0.054470323 178.57431
4.0353537 1.9784678 -0.074170902 179.76923
4.0651131 2.0597775 -0.033322752 180.36766
4.0870695 2.1677048 -0.061578333 180.69231
4.0498519 2.2309186 -0.030794375 178.27826
4.032095 2.3438315 -0.027434023 179.96268
4.0661936 2.4815288 -0.063706718 164.6875
4.0843935 2.5563018 -0.06239336 186
4.0565033 2.6464028 -0.058239922 180.85834
4.0603409 2.7493188 -0.045539506 187.375
4.0302877 2.8699665 -0.042632058 178.83334
4.0340815 3.0778091 -0.037922509 166.05556
4.0999026 1.1196384 0.0061069634 135
4.0112381 1.2581677 0.0014043619 144
4.027441 1.3634678 0.0056444323 146
4.0724525 2.446651 0.012325629 184.51367
4.0659475 2.5776749 0.032983266 189.125
4.035275 3.1526585 0.060759559 150
4.037569 3.1280396 0.14599928 91.25
4.1181607 0.78075248 -0.11649559 174
4.1553144 0.85788757 -0.14648402 152.5
4.1278796 1.0382931 -0.14234389 164.5
4.1587825 1.1606869 -0.12975536 149
4.1298246 1.3186392 -0.13737786 175.66667
4.1060576 1.5574751 -0.11356281 142
4.1659031 1.6635512 -0.10670345 143.33333
4.1081042 2.3348963 -0.14222586 119
4.1056094 1.1271157 -0.096399084 188.8
4.1324325 1.2173361 -0.08044713 187.33333
4.1731591 1.3320857 -0.085878648 167.75
4.1427631 1.4486502 -0.074567892 173.01945
4.1283836 1.5816708 -0.057796277 178.47778
4.1511035 1.6468577 -0.064449929 174.27777
4.1508412 1.7286998 -0.043652542 166.21211
4.1617169 1.8493379 -0.044324033 184
4.1466198 1.955936 -0.038062509 186.54167
4.1447721 2.0670354 -0.02480484 185.74336
4.1347232 2.171133 -0.023312997 184.43849
4.1503921 2.2623146 -0.020226358 186.0625
4.1469822 2.3408034 -0.019767756 186.625
4.1466489 2.4363124 -0.063530922 157.16667
4.1828547 2.5644515 -0.059749383 167.22223
4.1497898 2.6780086 -0.050999131 183.75
4.1294384 2.7771077 -0.037532687 174
4.1314368 2.8531837 -0.05562247 161.83334
4.1464109 3.0852284 -0.021299317 140.75
4.1191306 2.2873719 0.0082489718 183.04762
4.1589365 2.3961987 0.019884959 187.625
4.1634374 2.4585087 0.014532508 188.82539
4.1803899 2.589314 0.031127581 192.5
4.135252 2.6563497 0.029673817 192.5
4.1967211 3.0859272 0.028139262 149.33333
4.2200937 0.7116695 -0.11839061 163
4.2245054 0.96968907 -0.13552898 153.25
4.2718754 1.1128107 -0.15437429 149
4.2325912 1.3445114 -0.1288413 144.5
4.2767677 1.5483407 -0.11059403 139
4.2307959 1.1006444 -0.092911072 177
4.228498 1.2365226 -0.090626717 153.3889
4.2830405 1.3885483 -0.072185151 154.16666
4.2305765 1.431645 -0.058428612 165
4.2292943 1.5487525 -0.068156987 172.32222
4.2600164 1.610252 -0.070187099 152.5
4.2524838 1.7437692 -0.049924765 175.3875
4.2229323 1.8692133 -0.023620134 187
4.2479119 1.9327822 -0.024031898 184.2
4.2308536 2.0360534 -0.024800319 189.13335
4.2387004 2.1462874 -0.028918508 189.08334
4.2115955 2.2379136 -0.011234958 189
4.2082734 2.3188076 -0.037351888 189.25
4.2693501 2.4555302 -0.031962089 190.08334
4.2301559 2.5427463 -0.081204534 134
4.2613149 2.6761537 -0.046706233 156
4.2696638 2.8188286 -0.04772098 157.25
4.2437086 2.1493082 0.0059913322 187.59525
4.2289987 2.2732747 0.01515639 187.8
4.2356272 2.3602507 0.048536949 192.42857
4.2591143 2.4457994 0.035343856 188.97369
4.2701316 2.5249424 0.019729437 191.375
4.2551947 3.0852265 0.018312363 159.87878
4.2793961 2.3444188 0.16087864 195.55
4.2439733 2.4445236 0.15188123 194.66667
4.2011733 3.0640609 0.11091096 133.66667
4.2684002 2.3381193 0.23904763 184.18466
4.250257 2.405282 0.25237253 192.13333
4.281086 2.3285851 0.34311673 195
4.3183079 1.2509947 -0.13893838 152
4.3311696 1.4924988 -0.11442682 132
4.3612466 1.2481123 -0.061262887 131.5
4.3193583 1.3371865 -0.067135818 142.5
4.367918 1.4703017 -0.05120796 157.5
4.3529973 1.6668448 -0.05208423 172.19444
4.3441849 1.7517911 -0.05552366 174
4.3372493 1.834289 -0.050500564 178.96667
4.3388715 1.9560757 -0.036608774 182.58572
4.3649778 2.0088036 -0.016677786 182.8
4.3707066 2.1171095 -0.022764934 183
4.3186941 2.2253318 -0.033775382 186.39999
4.3423262 2.319051 -0.031732123 192.5
4.3963537 2.1956828 0.0087141534 185.39999
4.3231878 2.2511222 0.0072438642 188.2
4.3226523 2.3496552 0.036697518 194.36363
4.3357382 2.4301348 0.037382051 193.32143
4.3614874 2.364805 0.15426901 199.84848
4.3257494 2.427706 0.13437171 198
4.3607068 2.2906163 0.2520541 192.22223
4.363184 2.3309724 0.26342568 197.75
4.3699021 2.3146093 0.3218331 187
4.324995 2.4462018 0.37072873 178.75
4.4220138 1.4111475 -0.049938932 149
4.4695663 1.5583918 -0.0440838 162
4.4391184 1.6289636 -0.070026904 162.5
4.4497652 1.7520348 -0.045622181 167.66666
4.4404511 1.86985 -0.023186656 175.5
4.4455624 1.9421413 -0.03394641 174.375
4.463614 2.0486653 -0.02249708 174.375
4.4307842 2.1575689 -0.036947086 176.33334
4.4082022 2.2879424 -0.01184551 187.33333
4.485003 2.1768639 0.0034033435 206.33333
4.4517064 2.2858028 0.044655427 201
4.4492302 2.2467551 0.15516962 201.92223
4.4920583 2.1870794 0.29751843 201.33333
4.4602089 2.2175813 0.22698671 199.66667
4.4238906 2.2784369 0.32205445 191.5
4.547842 1.6859072 -0.027413907 191.25
4.5312171 1.8582706 -0.030817026 185.16667
4.5165129 1.9773626 -0.025480023 170
4.5619841 1.8413249 0.053044863 216.14285
4.5065217 2.1707077 0.062671632 203
4.5873694 2.103951 0.1401893 211.25
4.6015325 1.6546702 0.011410361 217.5
4.6366444 1.9822444 0.028128106 214.05
4.6316838 2.1316872 0.043815263 214.66667
4.6469011 1.9505652 0.10324634 213.25
4.633255 2.0832407 0.17015277 212
4.6040087 2.1059642 0.12604724 214.33333
