# .PCD v0.7 - Point Cloud Data file format
VERSION 0.7
FIELDS x y z intensity
SIZE 4 4 4 4
TYPE F F F F
COUNT 1 1 1 1
WIDTH 8266
HEIGHT 1
VIEWPOINT 0 0 0 1 0 0 0
POINTS 8266
DATA ascii
-15.674051 1.4074627 1.6944201 10
-15.428735 -0.49969795 2.2286355 11
-15.407813 -0.95206219 2.511801 13
-15.322897 -0.50523484 2.7387381 12
-14.552747 2.5612037 -0.81808382 6
-13.595159 2.3417482 2.970263 15
-13.319857 -2.0079405 1.1344124 9
-13.38583 -1.4940317 1.305823 11
-13.215662 -1.7342917 0.61219263 8
-13.202089 -0.70886016 0.71032435 9
-13.254993 -0.19765033 0.88855273 11
-13.24337 -0.21985996 0.98549324 9
-13.274771 -1.4065609 1.0677834 10
-13.277163 -2.2938595 1.1279676 11
-13.221859 -0.13878882 1.1705604 10
-13.263305 -1.913833 1.3767935 10
-13.247137 -1.5309578 1.3213941 10
-13.227998 -1.1820554 1.3750143 9
-13.260259 -0.8437801 1.3819745 10
-13.281725 -0.45556045 1.3389802 11
-13.256195 -1.1034272 1.4551767 10
-13.276756 -2.6875827 1.5489215 12
-13.209358 -0.7157613 1.5075582 10
-13.232769 -0.20622393 1.7708561 11
-13.242799 -1.3731779 1.900906 12
-13.169922 -0.42956895 0.94033068 9
-13.17283 -1.7586689 1.0365423 10
-13.199832 -1.2985928 1.0488182 9
-13.193521 -0.21924371 1.4843389 10
-13.176007 -0.37694582 1.6352797 12
-13.116167 0.8289749 1.6314954 12
-13.050195 -0.70383221 1.476854 12
-13.097169 0.57637656 2.2760649 13
-11.023302 -3.7661023 2.161799 14
-10.824043 0.58332497 1.9837977 15
-10.66589 0.44838309 2.2486339 14
-10.521361 0.83048433 2.0456717 15
-10.510098 -1.0119568 2.7484937 14
-10.445253 -0.51318598 1.9594539 12
-10.435162 -0.71128535 2.1357636 12
-10.402572 1.2643647 2.1189537 13
-10.409716 -0.27067527 2.2619591 15
-10.411641 0.28631875 2.274821 11
-10.411571 -0.40425962 2.3867168 13
-10.435435 -1.4958549 2.5595927 14
-10.400325 0.52424723 2.7843618 15
-10.388252 0.06603092 2.1110742 15
-10.363404 0.64732885 2.2783422 13
-10.372847 -1.0343845 2.3877034 15
-10.369174 -0.062363733 2.34466 12.5
-10.37253 0.47304711 2.3378849 14
-10.354667 0.61524326 2.3665867 14
-10.341963 0.74585134 2.3523622 14
-10.34903 0.091453582 2.4832172 14.5
-10.307024 0.29840973 2.450094 15
-10.366319 0.72767586 2.4454508 15
-10.371401 -1.0245694 2.5471859 15
-10.375138 0.32702857 2.5509374 13
-10.310076 -0.73875177 2.6880493 15
-10.361135 -0.028129822 2.691313 15
-10.35222 0.38962156 2.6211448 15
-10.338484 0.84712571 2.6778953 15
-10.37822 -1.2126735 2.7633183 15
-10.347924 -0.30835262 2.7606466 13.5
-10.383667 0.74657297 3.021409 12
-10.271772 0.45789146 2.0256577 13
-10.228415 1.097381 2.9307542 15
-9.4683294 -3.7627428 1.5491623 13
-9.4108963 -0.33810556 2.6610584 15
-9.3096876 -1.5104439 1.7821729 14
-9.2848387 -3.538949 1.5247769 12
-9.2271013 -1.4029622 2.7332039 13
-9.1904097 -0.084488876 0.71564734 9
-9.1170454 1.5255084 2.6943896 15
-8.9869089 -3.7592638 1.4445766 12
-8.8002157 -3.6303437 1.9621773 13
-8.8825073 -1.5142487 2.7723968 15
-8.7029104 0.57042539 -0.44168133 6
-8.6888781 -1.2370594 1.8472179 14
-8.5187893 -3.6906276 1.4740661 14
-8.5125399 1.7145149 1.6639044 15
-8.4617987 -3.5996244 1.587261 12
-8.3033581 -3.7675157 1.4602135 14
-8.3099747 -3.650269 1.6012534 12
-8.3104725 -3.6183321 1.7307318 12
-8.2718716 -3.8106465 1.5055481 14
-8.1743326 -3.9436941 1.8418475 15
-8.15487 -3.5388658 1.8296053 14
-8.1969252 -1.5127264 2.0508881 13
-8.1719332 -3.469501 2.2319889 14
-8.0874586 -3.6436934 1.3261131 11
-8.0716171 -3.6198294 1.8009224 13
-8.008029 -1.0978543 2.0749745 15
-7.85641 -3.5421255 0.93635148 11
-7.8905635 -3.6222739 1.3939106 12
-7.896944 -3.7388196 1.5890917 13
-7.8092704 1.4356208 1.5801661 15
-7.8057232 -3.6034758 2.0412343 14
-7.7673407 -3.817461 0.71949601 10
-7.7815475 -3.7481935 0.80172038 11
-7.7641568 -3.8305283 0.99963897 11
-7.7951121 -1.4116751 1.9111277 12
-7.6452484 -3.8059218 0.68628007 9.5
-7.6782241 -1.6401459 2.0999265 15
-7.6256566 -1.2803066 2.1369705 14
-7.5478206 -3.6905682 1.9283149 14
-7.5129447 -1.4053891 2.137656 13
-7.4520402 -2.215694 1.7829106 14
-7.4834185 -1.5337963 2.0031514 13
-7.3451042 -1.5031943 2.1265199 13
-7.3815904 -3.514945 2.2284739 15
-7.3671427 -1.4012414 2.2055972 12
-7.1532631 -2.3740947 -0.51249492 7
-6.2382898 -3.2747293 1.0811542 12
-6.0368724 -0.55672622 1.994767 15
-5.9476433 -3.6512146 1.5018482 15
-5.8868451 1.9819443 0.35192099 9
-5.8829441 -0.4940438 2.2641194 15
-5.7832012 2.2247298 -0.048623741 6
-5.7261863 2.1131389 0.34857342 11
-5.7237406 2.3046651 1.0680758 14
-5.756566 2.1411908 1.1290144 15
-5.6112175 -1.8292879 -0.35638872 7
-5.6593485 2.3519719 -0.26492605 7
-5.6161652 2.956455 -0.26204062 7
-5.624537 2.4639153 -0.0047074286 9
-5.6561189 2.3378358 0.28012002 10
-5.6773324 2.3073814 0.51203704 11
-5.6613116 2.6563399 1.6074817 14
-5.6160479 -0.15323678 2.2655706 15
-5.6463556 -0.64783275 2.4457994 15
-5.6368089 -0.83917469 2.577399 15
-5.5879092 2.7467189 -0.19574247 8
-5.5631399 0.21427065 2.2891898 15
-5.596417 -1.2185268 2.3484046 14
-5.5878825 -0.95741832 2.4314258 15
-5.5117822 -0.75644857 2.4433339 14
-5.5409188 -0.41624883 2.4854131 15
-5.5364699 0.96854854 2.4580066 14
-5.5060244 -1.2720357 2.5674887 15
-5.590282 -1.1665226 2.5998213 15
-5.5065465 1.1960936 2.5085247 15
-5.5270629 -0.98220539 2.6877465 15
-5.4741116 3.3290768 -0.72099817 7
-5.4836135 -3.3698275 1.2661709 14
-5.4929585 1.7082852 2.4609032 15
-5.3367548 -3.4148109 -0.34589344 7
-5.3400755 -3.4925177 -0.010644101 8
-5.3330588 -3.4789596 0.3370575 11.5
-5.3252625 -3.8034866 0.51134807 10
-5.3144727 -3.5165825 0.93487388 14
-5.3717031 -3.8375587 1.448474 15
-5.3076091 -3.8805556 1.5046123 15
-5.3532395 0.26818708 2.351723 15
-5.3297515 -0.92995328 2.5483863 15
-5.2286477 -3.9250863 -0.2375759 8
-5.2562551 -3.7689717 -0.13207936 8
-5.2518578 -3.5155692 -0.12877756 7
-5.2606125 -3.8386006 0.079596557 9.5
-5.2430773 -3.5551434 0.0044695544 9
-5.2272539 -3.5006812 0.19536956 10
-5.2500138 -3.7655256 0.24838468 10.5
-5.237309 -3.8616712 0.35603303 10.5
-5.229732 -3.6772325 0.51060992 13
-5.2659144 -3.9022515 0.60240549 13
-5.2838044 -3.699091 0.7325179 14.5
-5.2649398 -3.8701539 0.99167836 14
-5.2655225 0.31449834 2.4415171 15
-5.1214523 -3.652065 -0.086463571 8
-5.1595845 -0.14754769 0.19931702 10
-5.1470242 -4.0181394 1.7784648 15
-5.005033 -3.8619876 -0.3056356 7
-5.0964751 -3.6683657 -0.26079506 7
-5.0570054 -3.9094422 0.48383799 11
-4.924737 -0.46460482 0.01282051 8
-4.9295654 -0.0062843109 0.12373503 9
-4.9739008 0.16386892 0.55079955 11
-4.9419208 0.060726393 0.6663695 15
-4.9564352 0.16448052 0.68838102 12
-4.8712249 -0.683092 -0.31981206 7
-4.8206887 0.011166486 -0.065503106 7
-4.8537846 0.042719223 0.43116483 12
-4.8559456 -0.58383018 0.5443204 14
-4.8931508 -0.21195653 0.51890683 14
-4.8348341 -0.055745721 0.55613214 12
-4.8924932 -0.16058214 0.66345501 14
-4.7741642 -0.62775075 -0.20409484 7
-4.7831717 -0.055735286 0.049111709 8
-4.7404823 -0.056869917 0.14164534 10
-4.7866855 -0.046544574 0.20676203 9
-4.703814 -0.16028205 0.3348099 12
-4.7463775 -0.060910355 0.3499878 12
-4.7946358 0.0080454359 0.36002412 11
-4.7650347 -0.34081903 0.42147881 12
-4.7374387 -0.26379696 0.4405075 11
-4.6120996 -0.66175711 -0.29529786 8
-4.6658826 -3.8991592 0.24175686 9
-4.464263 -3.7484186 0.53153247 11
-4.2128463 0.20499882 -0.37658235 6
-4.2454076 -1.215826 0.39811888 12
-4.1156402 -4.026782 -0.3289656 7
-4.1786294 -0.15329088 0.16457361 9
-4.1676421 -0.18803342 0.30395097 11
-4.1469798 -3.8657832 0.43499884 11.5
-4.1799688 -0.93754369 0.41705039 12
-4.0763798 -2.0617905 -0.2900905 8
-4.0940871 0.043365907 -0.10480987 8
-4.0467162 -3.9227371 -0.075182974 8
-4.0098567 0.23589787 0.067793906 9
-4.0333138 -1.0189632 0.13306819 8
-4.0738468 -0.36146089 0.11091375 9
-4.081408 -1.2759018 0.24763964 11
-4.0231748 -1.1760958 0.26649371 11
-4.0118885 -0.52947003 0.24527867 8.5
-4.0490098 -3.88327 0.54496741 14
-3.9719722 -3.9760721 -0.45136461 7
-3.9311998 -2.3087478 -0.18694498 9
-3.9141481 -0.73307163 0.12498045 8
-3.9490657 -0.64991075 0.11328192 9
-3.9304497 -2.2601838 0.21353596 10
-3.955929 -1.7897091 0.25086439 10.5
-3.9146945 -1.6678038 0.22005078 12
-3.9306457 -0.6441434 0.21065032 9
-3.9148631 -2.1091142 0.31082982 12
-3.9450283 -1.7914834 0.37135667 15
-3.9038737 1.7654924 0.34060568 13
-3.9171829 1.8589979 0.37593931 10.5
-3.9047096 -1.9718007 0.43529928 12
-3.9184368 1.766462 0.4629257 11.25
-3.9533956 -4.041182 0.55495775 13
-3.9759746 -1.8196392 0.53254712 13
-3.9085448 1.7601471 0.55847669 11
-3.9368241 1.8506658 0.54350066 11
-3.977282 -4.046051 0.65219373 13
-3.9265969 1.7203813 0.85604477 15
-3.9834785 1.7587557 1.0756392 14
-3.9425461 1.8289344 1.0525606 13
-3.9965343 1.7582424 1.2212219 15
-3.9274001 1.8408425 1.2575974 14
-3.9043598 4.4766297 1.3665866 14
-3.9019535 1.8535237 1.4623721 15
-3.9884479 1.6939766 2.0173326 15
-3.8099418 -0.61638349 -0.30000594 7
-3.8966944 -1.9479288 -0.24915838 8
-3.8405693 0.24624586 -0.13715205 9
-3.8577666 -2.0543087 -0.028951729 9
-3.8286719 0.16733003 -0.0046153786 9
-3.8021879 1.8048714 -0.053211622 9
-3.8535333 -2.0298171 0.04104998 10
-3.899847 -1.7777494 0.05419901 11
-3.8073633 -0.012913931 0.0085084904 8
-3.815433 0.15543185 0.083223425 8
-3.8728168 0.32536042 0.0010681293 9
-3.8152027 1.7475942 0.085416876 9
-3.863162 1.8202193 0.043054387 10
-3.8520112 -2.1369021 0.15400635 9
-3.8263161 -2.0122783 0.14905047 10
-3.8379624 -1.9783864 0.17828122 11
-3.8683259 0.051001009 0.13155355 7.5
-3.8474379 1.7674495 0.14592971 9.25
-3.8939049 1.8062946 0.19363104 10
-3.847192 -2.2042561 0.23280804 13.5
-3.8279016 -2.1704094 0.24834229 11
-3.8374624 1.7138618 0.27977273 11
-3.8594756 -2.260999 0.38083228 13
-3.8167744 -2.1728804 0.38660464 11
-3.8038187 -2.0361948 0.3135379 12
-3.8629327 1.7773489 0.34179392 10.666667
-3.8085332 1.8405617 0.38969979 10
-3.8675985 1.6329945 0.43988147 11
-3.8356476 1.8355362 0.46237129 11
-3.823683 1.7700787 0.52232653 12.5
-3.8750198 1.8512518 0.53480369 12.75
-3.8157072 3.6345582 0.67248523 13
-3.8297772 1.7824161 0.73993737 11.125
-3.8042047 2.815624 0.74053234 12
-3.8091908 3.1140878 0.72289872 12
-3.8169036 1.7365351 0.88516927 15
-3.8075352 1.8638222 0.88348269 13
-3.8606107 1.9419733 0.85174221 12.5
-3.8513227 2.5994937 0.85712361 15
-3.810149 2.9067817 0.81089777 13
-3.8214715 3.0444629 0.83829486 11
-3.8896377 1.7904038 0.90142131 13
-3.8357642 1.8900192 0.94827271 15
-3.8018789 3.1150231 0.93864542 13
-3.8799531 3.5942764 0.96874756 13
-3.8877449 3.7315466 0.91633308 12
-3.8527398 1.7023116 1.0331485 14
-3.8045838 2.3966501 1.0285487 13
-3.823288 2.5516038 1.0814499 13.5
-3.8460584 3.1615119 1.0670369 15
-3.8092945 2.999613 1.181293 13
-3.8450224 1.7814702 1.274425 14
-3.8453472 1.840667 1.2252833 14.5
-3.8134537 2.4784806 1.2596309 14
-3.8397341 2.7067692 1.2177629 15
-3.8858535 1.8809917 1.3335671 15
-3.8218257 2.4410434 1.3973508 14
-3.8181369 3.0430481 1.3081726 14
-3.8176479 3.1835482 1.3295128 14
-3.8932176 1.8426183 1.4255266 14
-3.8387074 3.019798 1.4643451 14
-3.8101985 4.3099809 1.4514648 14
-3.8276865 2.7996848 1.5041435 14
-3.8783107 5.9352875 1.5010467 14
-3.8397782 1.8196476 1.6208962 14
-3.8154182 2.7350996 1.6690644 15
-3.817286 3.894695 1.6370567 15
-3.8090322 4.1860662 1.6707728 14
-3.8341014 4.2781143 1.6576025 14
-3.8446882 2.6499529 1.7183274 14
-3.8075755 3.685256 1.7790146 13
-3.8130183 3.163774 1.9103885 15
-3.8953488 1.5233512 2.0784423 15
-3.855607 1.7744739 2.0117428 15
-3.810611 2.8022187 2.0515006 14
-3.8675725 1.4652216 2.1640358 14
-3.8204682 2.7275522 2.1177957 15
-3.8207586 3.0893643 2.1718256 15
-3.8636119 4.8234982 2.2122285 14
-3.7577097 1.8114961 -0.27430713 7
-3.7032204 1.901065 -0.23432662 7
-3.7471445 2.5660067 -0.21226095 7.5
-3.7276042 -0.80292505 -0.13840863 9
-3.7323947 -0.069601148 -0.11209249 9
-3.7677276 1.8229294 -0.13930771 8
-3.7391326 1.9783348 -0.11842743 8
-3.7731512 2.0001898 -0.18799807 7
-3.7294703 2.1986444 -0.11741105 7
-3.7151787 2.6116242 -0.15840167 7
-3.7496831 -1.9539803 -0.05049856 8.5
-3.7524664 0.025795784 -0.048041329 10
-3.7300861 1.7740004 -0.023194293 8.5
-3.7320657 1.9865516 -0.087976858 8
-3.7367313 2.0389125 -0.025323415 8
-3.7368429 2.1039569 -0.058499642 8
-3.7129405 2.2688322 -0.05482566 7
-3.753773 2.3785992 -0.06280905 7
-3.7174702 2.4341207 -0.071570128 8
-3.7550442 2.5632856 -0.020484507 7
-3.7141538 2.7504616 -0.068571456 7.5
-3.7822711 -3.9416583 0.061557885 9
-3.7735248 -1.9443905 0.04101241 11
-3.7134027 0.023933426 0.011739735 10
-3.7331409 0.12497129 0.0085072443 8
-3.7524343 1.7296393 0.00072336016 8
-3.7437181 1.8780235 0.07595253 9
-3.7433522 1.9569961 0.083534889 10
-3.7112038 2.0217004 0.07541962 8.5
-3.716949 2.1918299 0.074260674 7
-3.7250829 2.2658181 0.055682063 7
-3.7011168 2.4051967 0.06687063 7
-3.7328382 2.5527329 0.02052792 9
-3.725421 2.6707854 0.032626417 9
-3.7448938 2.7472134 0.058290571 7.5
-3.7260568 2.8296745 0.095530145 8
-3.7074976 2.9351499 0.034091011 8.5
-3.7426097 3.0138805 0.07785482 9
-3.7307839 3.1259246 0.080280349 8
-3.7036996 3.5193348 0.027930493 9
-3.7547693 -3.9363635 0.13813205 11
-3.7297804 -2.1944802 0.12698638 11
-3.7792976 -2.0120649 0.17657191 13
-3.7524161 1.788232 0.11371835 9
-3.7297597 1.8447654 0.13634034 9
-3.7110462 1.9369951 0.14892112 9
-3.7498233 2.0370891 0.16369833 8.5
-3.7083957 2.1357942 0.14171293 8
-3.700779 2.2381799 0.1345496 9
-3.7342188 2.5178177 0.12513505 10
-3.7479999 2.6452644 0.15429837 8
-3.7572074 2.817425 0.1388758 8
-3.706131 2.9564769 0.15851253 9.5
-3.7431028 -1.9479777 0.25393859 14
-3.74295 -1.1596881 0.20928131 12
-3.750721 -1.0942401 0.23192091 8
-3.7677989 1.7868184 0.2837739 10
-3.715621 1.8525953 0.26365218 9.666667
-3.7130315 1.9092966 0.24530555 9.375
-3.7043955 2.3618298 0.23543011 9
-3.7387183 2.4531131 0.24569422 9.666667
-3.758553 2.5964301 0.24375479 9
-3.7427053 2.6470339 0.24321681 7.5
-3.7526858 2.7925811 0.25819123 8.833333
-3.7104685 2.8717527 0.26324999 10.166667
-3.7151625 2.985522 0.22130358 9
-3.7060721 3.1516185 0.25622761 9
-3.7293744 3.3439827 0.25132266 9
-3.7117615 4.5563078 0.25916678 9
-3.7350593 -2.0053561 0.3292937 15
-3.7865138 1.7252333 0.35592034 11.75
-3.7362702 1.8659468 0.34343711 10.5
-3.7139337 2.2424126 0.34949917 8
-3.7624125 2.5497496 0.34519967 9.75
-3.7686887 2.6457045 0.37756878 9.5
-3.7007174 2.7678628 0.3847121 11
-3.7366049 2.8555126 0.37436369 9.5
-3.7730112 2.9077985 0.37134314 8
-3.7166429 3.212204 0.31842777 10
-3.7081716 3.3843265 0.38584483 10
-3.7374449 3.4301472 0.3812021 9
-3.7245588 3.5685134 0.36535296 9.5
-3.7022133 3.6109595 0.32689381 10
-3.7162347 3.7425981 0.33708134 9
-3.7237592 3.9443521 0.36429763 12
-3.7411704 1.7720511 0.47665021 10
-3.7474794 1.8435509 0.42234227 10
-3.7004008 1.9517722 0.42199287 11
-3.7243671 2.3078861 0.42956722 10
-3.7240593 2.4796779 0.41666597 10
-3.7325845 2.5592322 0.44059947 9.833333
-3.7485847 2.6252239 0.43039447 10.25
-3.7516582 2.8718376 0.49003425 11
-3.7314253 2.9989743 0.43809432 13
-3.7066746 3.0575874 0.4882746 10.5
-3.7207391 3.2153468 0.42313251 10
-3.7296071 3.4579563 0.41811639 8
-3.7166293 3.7167313 0.47949281 11
-3.7572863 -2.1949522 0.50114703 14
-3.7947869 1.7966435 0.54028732 12.5
-3.7260284 1.8460716 0.54407448 11.666667
-3.7102306 1.9173857 0.52730298 12.333333
-3.7048359 2.0691655 0.52232414 9.5
-3.7360268 2.4395127 0.5705387 14
-3.7484424 2.5758598 0.52144426 10.5
-3.726156 2.6820281 0.51039648 10
-3.7443097 2.7754056 0.5471887 9.75
-3.777797 2.9730332 0.56541657 10.75
-3.7203491 3.0407655 0.52553385 10.5
-3.7292931 3.1417251 0.55019695 11
-3.7276549 3.3332634 0.5540269 10.666667
-3.709367 3.4845755 0.57733572 9.5
-3.7211196 3.8215415 0.55037493 12
-3.7042434 3.9157605 0.57032716 12
-3.7026799 4.1134291 0.51391649 11
-3.7048643 4.2053952 0.54068893 10
-3.7399547 1.7612066 0.63316864 11
-3.7101877 1.8547043 0.6047793 10.5
-3.7156274 1.9231225 0.68176901 12
-3.7175765 2.0383461 0.60499007 12
-3.726953 2.1709805 0.65211689 12
-3.7634692 2.3326678 0.63785684 15
-3.7487442 2.4917264 0.69197541 13
-3.7752695 2.548384 0.66899145 11
-3.7647157 2.6364193 0.62547272 12
-3.7378178 2.9736967 0.68139607 12
-3.7507536 3.0022585 0.66782337 12
-3.7177098 3.1873963 0.62821394 11
-3.7149091 3.2441649 0.63967782 11.25
-3.7178447 3.3528531 0.65139091 11
-3.7119455 3.6606245 0.66208452 11.333333
-3.7395091 3.7547584 0.67429954 10
-3.7177122 3.8288987 0.62178802 11
-3.7301044 3.9435234 0.65245003 10.5
-3.7193742 4.0006056 0.67060387 11
-3.7242539 1.8614092 0.7559104 12.125
-3.7260456 1.9250981 0.75774574 12.125
-3.7138968 2.0217125 0.74416667 11.5
-3.7009621 2.2916267 0.77021432 12
-3.7765701 2.3061502 0.77372402 12
-3.7792902 2.4598966 0.77452093 10.5
-3.7751362 2.5696797 0.72541183 10
-3.7607315 2.7613888 0.7849949 10
-3.7414899 2.8483901 0.7687431 12
-3.7312777 2.9159908 0.76332879 12.5
-3.7375202 3.0395908 0.71492249 12
-3.7304461 3.1472082 0.73406833 11.666667
-3.7432492 3.2721066 0.74554265 12
-3.7656338 3.3713505 0.73041463 11
-3.7305069 3.4404488 0.75787306 12.5
-3.7130558 3.5499198 0.73404652 11
-3.7231312 3.6953118 0.76850927 11
-3.7209637 3.7285495 0.7953921 14
-3.7486134 3.8171277 0.77978235 10
-3.7467518 3.9226549 0.74984878 10.5
-3.7275138 4.1520424 0.74764198 12.5
-3.7339852 1.7758386 0.8875156 10
-3.7442396 1.8473262 0.82692361 13.1
-3.7259119 1.9085115 0.84523141 13
-3.7186418 2.0351541 0.84148109 11.6
-3.7222669 2.1736505 0.85913259 12
-3.7503462 2.3801715 0.81247902 10
-3.7662125 2.582608 0.84711647 13
-3.7993407 2.7804055 0.81461185 11
-3.7254941 2.8299549 0.87562811 11
-3.741698 2.956434 0.84048402 13
-3.7334545 3.1176646 0.87855953 13.5
-3.7337902 3.3489585 0.87054229 13
-3.7324185 3.4561536 0.84660017 11.3
-3.7177379 3.5442815 0.82375997 12
-3.7291968 3.939122 0.82564223 11.5
-3.7133265 4.0025358 0.80959564 11
-3.7396715 4.1425695 0.81409305 13
-3.7982223 -4.0260286 0.98367757 15
-3.7140567 1.7697397 0.96532404 11.25
-3.7185509 1.8548928 0.96534973 12.357142
-3.7043483 1.9692411 0.94285434 11.25
-3.7242913 2.020905 0.98893803 14
-3.7284422 2.1260736 0.90534598 12
-3.7273982 2.256741 0.97563118 12.5
-3.736778 2.3375015 0.9423787 15
-3.7590475 2.5091653 0.9066273 12
-3.7610164 2.6219394 0.91940618 10.5
-3.7512856 2.7240605 0.97383332 12
-3.7461221 2.9570882 0.93020755 12.5
-3.7620747 3.0459757 0.95000279 12.5
-3.7128284 3.157856 0.93568438 12
-3.75542 3.2739854 0.96875232 13
-3.7254872 3.3287072 0.93261206 12.333333
-3.7643449 3.4336104 0.91143948 13.5
-3.7472801 3.5593374 0.93997675 11
-3.7189138 3.7283251 0.92317045 11.5
-3.7011712 3.8165815 0.98558432 12
-3.7449026 3.9390762 0.97134203 12
-3.7155256 4.0043945 0.9766013 13
-3.7388928 4.1079369 0.96448117 11
-3.7033346 4.2412362 0.97433358 12
-3.7455864 4.4951982 0.99857718 13
-3.7082126 4.8672166 0.92453003 13
-3.7851248 1.7825876 1.0217456 14
-3.7108905 1.8280495 1.0573734 13.25
-3.7194276 1.9735866 1.0628793 13
-3.7199049 2.0495901 1.0829718 13.5
-3.70893 2.1909423 1.045169 12
-3.7003021 2.2489328 1.0573655 12
-3.7168205 2.3560076 1.0202551 12.5
-3.7491281 2.4347494 1.0359076 13.666667
-3.7546599 2.521697 1.0989677 14
-3.7778018 2.6806331 1.03434 14
-3.7365851 2.7482202 1.0087492 12
-3.7313848 2.8748319 1.0454494 11.5
-3.7405231 2.9520278 1.0502719 12.5
-3.7280338 3.0346739 1.0086719 13.5
-3.7034571 3.1131673 1.0207458 11
-3.734463 3.364531 1.0676265 12
-3.7463255 3.4420547 1.0346353 13
-3.7098622 3.5925195 1.02341 12
-3.7301736 3.6932878 1.0239099 14
-3.7433105 3.7713847 1.0280681 12
-3.7217002 3.9659219 1.0319453 11
-3.7088754 4.0791988 1.0325546 12.666667
-3.7000425 4.4579525 1.0545148 13
-3.7309694 1.761923 1.147586 12.5
-3.7463672 1.8564433 1.1923313 12
-3.7358992 1.9274293 1.1436688 12
-3.7020905 2.0597053 1.1209197 14
-3.7334113 2.1557596 1.1341127 13.125
-3.7234399 2.2503617 1.127115 13
-3.7229259 2.3440082 1.1605397 13.333333
-3.7322032 2.4774318 1.17126 12
-3.7787483 2.5333714 1.1405116 12.333333
-3.749125 2.6505044 1.1388446 12.5
-3.7471228 2.7258677 1.1324006 12
-3.7423851 2.8581789 1.1032355 14.5
-3.7263117 2.9296288 1.11063 14
-3.7659361 3.0526435 1.1867654 13.25
-3.7251959 3.1473374 1.1586051 12.75
-3.7506742 3.2795751 1.1361367 14
-3.7420962 3.360832 1.1478637 13
-3.7628665 3.4383283 1.1760188 14
-3.7913454 3.5982776 1.1650163 14.5
-3.737606 3.7532349 1.1435646 13.25
-3.7031655 3.9619393 1.1513267 13
-3.7125776 4.0494628 1.1326333 13.833333
-3.7331326 4.15025 1.1428074 12.5
-3.7194684 4.2256222 1.1504457 13
-3.7120175 4.3445201 1.1690679 13
-3.7185783 4.5318871 1.1408865 12
-3.7201593 4.7894979 1.1460179 12
-3.7186403 1.7933879 1.2403899 13.25
-3.7091959 1.8628619 1.2361383 12.625
-3.7198234 1.9295256 1.2366283 13
-3.7152586 2.0248415 1.2554611 11
-3.7370057 2.1670058 1.23027 13.666667
-3.7152085 2.2671204 1.2449622 13.333333
-3.707217 2.3478291 1.23659 14
-3.7478518 2.5690548 1.2674353 12.5
-3.7567189 2.6348469 1.2428193 13.25
-3.7366178 2.7326119 1.2499261 14
-3.7243156 2.8371646 1.2349094 14
-3.7282493 3.0556977 1.2700232 12.5
-3.744833 3.1505618 1.240307 14
-3.7088881 3.2633977 1.2823446 13
-3.7429268 3.3977783 1.2710309 14
-3.7356968 3.5874839 1.2490017 13.333333
-3.7356255 3.8498137 1.2424085 14
-3.7212465 4.1331787 1.2310352 13
-3.7421565 4.3255444 1.2730485 12
-3.7907319 1.6760529 1.3738588 14
-3.7501132 1.7551137 1.3618709 13
-3.7428107 1.8550526 1.3340026 13.5
-3.7443576 1.9365207 1.3509858 13
-3.7672598 2.1783507 1.3172401 13
-3.7314157 2.2468803 1.3160282 15
-3.7134819 2.3709188 1.3517469 13.25
-3.7163346 2.4542525 1.3472762 15
-3.7492905 2.5221367 1.3890176 12
-3.7762458 2.6181335 1.3865473 15
-3.772006 2.7582476 1.3321949 12.8
-3.7475071 2.9686458 1.3597014 14.666667
-3.7607436 3.0206454 1.3642203 12.5
-3.7749443 3.1643715 1.3657711 13.666667
-3.741704 3.3765507 1.3250203 13.666667
-3.7310402 3.4513261 1.3531841 13.666667
-3.7273314 3.6485412 1.3152989 13.5
-3.7172866 3.7466636 1.3450772 13
-3.7302444 3.80129 1.3634738 13
-3.7172837 3.9749842 1.3292191 14
-3.7272894 4.0482283 1.3380271 13.6
-3.7028952 4.18329 1.3552698 13
-3.7258644 4.3154116 1.3160884 11
-3.7054329 4.6203218 1.3877196 14
-3.7854691 1.6444472 1.4232296 14
-3.7661266 1.7815441 1.4483463 12.666667
-3.7451413 1.864103 1.4262527 13.333333
-3.7401123 1.9634688 1.4526774 13.5
-3.7279444 2.051789 1.4511011 13
-3.7610352 2.1050632 1.4361743 15
-3.7221515 2.2552857 1.447686 14.333333
-3.735343 2.3657167 1.4255432 15
-3.7269022 2.4922469 1.4281375 15
-3.7602615 2.548033 1.4409555 12.666667
-3.7599347 2.7763019 1.4584126 14
-3.7718809 3.0370665 1.4296043 13
-3.7152193 3.1907318 1.4232661 13
-3.7282815 3.3308978 1.4647585 14.5
-3.7248659 3.4613228 1.4769188 13
-3.7319417 3.5096855 1.493467 13
-3.7366326 4.1886873 1.4834775 13
-3.7998304 4.2757573 1.4949589 14
-3.7336466 4.6496053 1.4444604 12.666667
-3.7207334 4.8984585 1.430081 15
-3.7775176 1.7813691 1.5384067 13
-3.7571962 1.8429344 1.537743 13.857142
-3.742645 1.9342957 1.5689462 13
-3.7289824 2.0565302 1.5885563 13.5
-3.7146747 2.1549609 1.568544 14
-3.7138333 2.3152947 1.544723 13
-3.7849646 2.5110655 1.5337437 13
-3.7569628 2.7066331 1.5161582 13
-3.7217324 2.8666997 1.5083669 13
-3.7807145 2.992919 1.5530046 13
-3.7670386 3.1642783 1.52248 15
-3.7168453 3.4108436 1.5584897 14.75
-3.7482796 3.6515431 1.5336479 14
-3.7149546 3.7470839 1.5660063 13.5
-3.7577636 3.8514392 1.5541413 14
-3.7553983 4.307415 1.5388879 15
-3.7067876 4.4489703 1.5346888 13
-3.719826 4.5727053 1.5439879 12
-3.7353888 4.7935386 1.531637 15
-3.7271099 1.8452219 1.6944954 13
-3.7078445 1.9382833 1.6000835 15
-3.7162457 2.0617492 1.6609519 14
-3.7222579 2.1520691 1.6476907 15
-3.736552 2.3864944 1.6354139 15
-3.7128339 2.5018601 1.674758 15
-3.7803948 2.7647715 1.6075343 14
-3.7422383 2.9465644 1.6150154 14.5
-3.7219443 3.1665621 1.668797 14
-3.7327845 3.3258295 1.64742 14.333333
-3.7736733 3.5686276 1.6286249 13
-3.7042863 3.7895038 1.6281278 14
-3.7208803 3.9407361 1.6642745 14
-3.7122581 4.2615533 1.6698254 13
-3.7552614 4.4585104 1.645694 14
-3.7522812 1.8719294 1.7610186 14.5
-3.7398615 1.956442 1.7935642 14.5
-3.7441525 2.1604474 1.7350775 15
-3.7263782 2.3371091 1.7459296 14.5
-3.7540948 2.5156102 1.7606951 13
-3.739871 2.7629058 1.7819999 14.5
-3.7545781 2.8189542 1.7698767 14.333333
-3.7602711 2.9480839 1.7338492 14.25
-3.7297587 3.1218948 1.7413645 14
-3.7501154 3.2803555 1.7551095 15
-3.7181239 3.6463718 1.7774141 14
-3.729763 3.7076089 1.7598844 13
-3.7413208 3.8651204 1.768 14
-3.7178762 4.4247499 1.7544569 15
-3.7152445 4.9103427 1.7440965 13
-3.7241275 5.3337626 1.7876437 13
-3.7176392 1.810858 1.8690072 15
-3.7252545 1.9464986 1.838087 14
-3.7556086 2.0427284 1.8253323 14
-3.7002099 2.1533782 1.8259968 14
-3.7731564 2.5755148 1.8284956 14
-3.7416251 2.7311349 1.8634242 13.666667
-3.7828476 2.8427336 1.8227868 15
-3.7678072 2.9484372 1.808684 14
-3.7178233 3.0402992 1.8911312 15
-3.7292092 3.186419 1.8764875 14.5
-3.7409661 3.6657047 1.8449755 13
-3.7052009 3.9582171 1.8098435 14
-3.740721 4.0390391 1.8711791 14.333333
-3.734796 4.1759443 1.807779 15
-3.7524705 4.5606613 1.8769606 13
-3.7171628 1.6039829 1.9439899 15
-3.705534 2.0430584 1.9306477 13
-3.7517362 2.148921 1.9510887 15
-3.7580991 2.3616445 1.968329 15
-3.7903998 2.993716 1.978887 15
-3.7426052 3.1622267 1.9316835 14.5
-3.7841415 3.2571862 1.9401566 15
-3.7615325 3.3976324 1.9032696 14
-3.700964 3.403589 1.9982214 15
-3.7270057 3.6357567 1.9461184 14.75
-3.723562 3.9347651 1.9296834 14
-3.7224813 4.1637993 1.9984641 15
-3.7603047 1.7823861 2.0494702 15
-3.7177918 1.813421 2.0245757 15
-3.735409 1.9041141 2.042865 15
-3.7311773 2.2815602 2.047823 15
-3.7104669 2.4234321 2.0783827 15
-3.721662 3.0655234 2.0589406 15
-3.740798 3.399195 2.0209386 15
-3.7138114 3.5780418 2.0307662 14
-3.7422402 3.6841505 2.0085952 15
-3.7003109 3.7818661 2.0181644 14
-3.7826474 4.304842 2.0795157 15
-3.7799265 2.6044617 2.1858165 15
-3.7542589 2.733428 2.1253724 15
-3.7929688 2.8344357 2.1783381 15
-3.7715721 2.971415 2.1674645 15
-3.7228594 3.1542413 2.1331844 14
-3.7523501 3.6332002 2.152951 15
-3.7351594 4.4512763 2.1389632 14.5
-3.7640831 4.8263159 2.1619506 15
-3.720736 3.5306447 2.2342861 15
-3.7281342 4.4453058 2.2363653 14
-3.709667 5.6018944 2.2260187 14
-3.7190626 5.2625113 2.3333118 14
-3.6404696 -0.81740344 -0.20395447 8
-3.6656461 -0.7164647 -0.23830554 7
-3.6716383 1.854467 -0.27181536 8
-3.6463575 1.949267 -0.28274176 6
-3.6860075 2.7564819 -0.20460816 7
-3.6530159 1.8112974 -0.1765251 7
-3.6818576 1.9397355 -0.11887389 8.5
-3.6713874 2.0423434 -0.10124315 7
-3.6369793 2.2202256 -0.13121954 8
-3.6061971 2.909435 -0.19570027 8
-3.6478312 4.2846146 -0.17674381 8
-3.6340773 4.6796079 -0.19684544 7
-3.6713171 1.8340898 -0.02264509 9.5
-3.6536527 1.9714386 -0.062716559 8.5
-3.6287813 2.0385456 -0.073639415 7.5
-3.6631832 2.1379416 -0.03540121 8.333333
-3.6380758 2.2790687 -0.033000175 7.6666665
-3.6558967 2.3401825 -0.030226985 8.5
-3.6280251 2.465843 -0.00408606 8.5
-3.6324162 2.8606391 -0.067885563 8
-3.6099417 2.9004374 -0.046456132 8
-3.6845326 3.0505102 -0.0025951667 8
-3.6523783 3.5408976 -0.071566507 7
-3.6355798 3.6055756 -0.00768793 6
-3.6253631 4.2716999 -0.036585253 8
-3.6633813 4.305439 -0.052681964 8
-3.6638873 1.7670349 0.079570614 9.5
-3.6698558 1.849578 0.05042034 9
-3.6577854 1.9590428 0.075251617 8.333333
-3.6552255 2.0527909 0.068943068 9
-3.6413493 2.1670623 0.010527906 8
-3.6742113 2.2265863 0.067065224 8
-3.6517265 2.3364906 0.044945262 8.916667
-3.6747699 2.4400582 0.06738615 7.75
-3.6975701 2.5504985 0.0037292044 8
-3.6846149 2.7909491 0.019612966 7
-3.6631413 2.9459231 0.067397483 8.166667
-3.6574147 3.0129704 0.085768819 8.5
-3.6263072 3.1198378 0.050086614 8
-3.6699786 3.3481321 0.041283228 8.5
-3.6750317 3.4330587 0.043319348 7.5
-3.6296968 3.6285899 0.040210214 8
-3.6975746 4.1093831 0.071442455 9
-3.6899462 4.5618401 0.0097094849 8.5
-3.6054485 4.7839041 0.096698523 7
-3.6921496 1.7521465 0.12699041 10.5
-3.6950486 1.8640314 0.1125837 10.5
-3.6741779 1.9161845 0.11782449 10.5
-3.6752653 2.1385837 0.17826054 8.833333
-3.6680915 2.2692099 0.11874946 7.5
-3.663111 2.3278825 0.1462975 9
-3.6549654 2.4395263 0.16400746 7.9285712
-3.6602964 2.7835171 0.18576789 8
-3.6429648 2.8859169 0.10295266 9
-3.669112 2.9721987 0.18496989 10
-3.6718981 3.0485048 0.15180729 8.833333
-3.6782167 3.1230478 0.16618422 9.5
-3.6673706 3.6459575 0.15465233 8
-3.66575 3.989783 0.19153202 9
-3.6299682 4.0353346 0.17940454 9
-3.695787 4.2055507 0.11337032 7
-3.6429527 4.3353395 0.15739766 8
-3.6368766 4.5323291 0.16464251 9
-3.6479478 4.6469073 0.17691162 8.666667
-3.6963663 1.7857877 0.2279702 9
-3.6811965 1.8506869 0.23166549 10.25
-3.6964269 1.982968 0.23603772 10
-3.6666155 2.0679977 0.23956594 9.5
-3.6701179 2.138911 0.25879356 8.8000002
-3.6596379 2.2509654 0.24485809 8.25
-3.6625123 2.360347 0.25465685 8.954545
-3.6704731 2.4336553 0.23592938 9.166667
-3.6633418 2.7274864 0.27970031 9
-3.6904852 2.9512379 0.27627993 9
-3.6732948 3.050647 0.27901775 8.666667
-3.686049 3.1625412 0.2518335 10
-3.6445596 3.2804945 0.26627025 9.5
-3.6808345 3.4249291 0.24005011 9
-3.6495225 3.9415636 0.28096196 9.5
-3.6877325 4.071249 0.25122622 8
-3.6916788 4.2690167 0.21048139 8
-3.6685259 4.3742905 0.26943877 8.666667
-3.688098 -1.9756916 0.38428533 14
-3.6838524 1.7314985 0.32507756 13
-3.6982913 1.837597 0.37552083 10.75
-3.6822333 1.9480569 0.38379717 9.25
-3.6557403 2.0813193 0.34926823 9.666667
-3.6647115 2.1612144 0.35057199 9.875
-3.6580153 2.2446711 0.35368547 10.4375
-3.6663194 2.3265383 0.35227633 10
-3.6655018 2.4482648 0.34017736 9
-3.6277401 2.5334687 0.3624405 9.5
-3.6737518 2.9611132 0.33422968 9
-3.6472151 3.0524697 0.33672729 10.5
-3.6916614 3.1518841 0.38330269 11
-3.666141 3.479449 0.34178889 10
-3.6962609 3.5281982 0.37638456 10
-3.6505561 3.6432402 0.3372719 8.5
-3.6523116 3.7690289 0.34105486 8.333333
-3.6255929 3.8379138 0.35483575 9.25
-3.6274576 4.1760907 0.35415044 9
-3.675662 4.2649083 0.3140282 10
-3.6321688 4.5579123 0.35767514 9
-3.6400239 4.665421 0.39695483 10
-3.6878576 1.7559813 0.4751448 13.5
-3.67751 1.8369068 0.45937896 10.5
-3.6890457 1.9464022 0.46798211 11.166667
-3.6765544 2.0568712 0.42706531 10
-3.675246 2.1668544 0.44800088 9.5
-3.6569018 2.2504416 0.4675816 9
-3.6665359 2.355552 0.45415398 10.65
-3.6752045 2.4464748 0.4666113 9.8571424
-3.6529958 2.5115356 0.43650708 9
-3.6993437 2.8183699 0.42507792 10
-3.6936665 2.9825726 0.44686672 11.75
-3.61466 3.0695856 0.43390766 9
-3.6956761 3.1561151 0.44285208 10
-3.6968656 3.3042605 0.49060291 10.5
-3.6903834 3.4384081 0.43961066 10
-3.6834905 3.5392823 0.43722746 9.666667
-3.6638227 3.9287763 0.45945072 10
-3.6879704 4.0234132 0.47246182 9.5
-3.6591661 4.2583904 0.42893681 10.333333
-3.6099749 4.3708224 0.42100385 9
-3.6629994 4.4075456 0.47386208 11
-3.6544647 4.5528598 0.42838988 10.5
-3.6501491 4.6367569 0.43552086 9.25
-3.6394067 4.7373414 0.42962319 9
-3.6884453 1.691654 0.58140332 15
-3.6727746 1.7752883 0.50756758 14
-3.6829174 1.8726455 0.55180407 11.25
-3.6593812 1.9573629 0.53999877 11
-3.6734233 2.0450532 0.59674656 10
-3.6599121 2.1547513 0.52615857 11.166667
-3.6844077 2.2388089 0.55866098 9.5
-3.6744986 2.3367219 0.54968667 11.285714
-3.6550412 2.4454913 0.54700518 10.785714
-3.6262429 2.5225961 0.53634912 12
-3.673552 3.1524274 0.53091264 13
-3.648494 3.3399093 0.51542741 11
-3.6539996 3.5442679 0.54737169 12.5
-3.6490724 3.6466854 0.55106711 10.5
-3.6547744 3.753351 0.52160001 10
-3.6238961 3.8409564 0.5652203 9.75
-3.698776 4.0999212 0.57571602 10
-3.6778946 4.2444248 0.54461056 10.1
-3.6655469 4.3372307 0.55123758 11
-3.6535418 4.4134932 0.54000705 10
-3.6185639 4.6813183 0.52114099 9
-3.6339147 4.7374911 0.56500226 10
-3.6626766 5.2609081 0.50061387 9
-3.6787543 1.9668003 0.63266987 13.75
-3.6883061 2.040417 0.63887501 10.666667
-3.689841 2.2975981 0.63049662 11
-3.6633182 2.3605647 0.64163238 11.409091
-3.6600769 2.4352026 0.64079332 11.214286
-3.6861503 2.8489096 0.66994697 9
-3.6712101 2.9115527 0.61622173 12
-3.6831901 3.0715618 0.69483131 14
-3.6340148 3.4976385 0.60915518 12
-3.6616268 3.50877 0.64393657 11
-3.6813059 3.6550896 0.64068574 10.625
-3.6585231 3.7370963 0.63675582 9.5
-3.6660047 3.9760671 0.63354778 10.5
-3.6057527 4.0662422 0.61123002 11
-3.6602383 4.4413624 0.69234669 10
-3.6532333 4.5786004 0.68566608 10
-3.6285148 4.6441345 0.66019994 9.5
-3.6736295 1.8656034 0.76702654 12.666667
-3.6812696 1.9675928 0.73831242 12
-3.6785812 2.0418339 0.76124942 14
-3.6829519 2.2545242 0.74645674 11
-3.6981163 2.3186436 0.79061592 14
-3.6699154 2.422374 0.74393427 12.214286
-3.6535122 2.5300157 0.72649819 12
-3.6718535 2.9395318 0.70454365 13
-3.69556 3.205008 0.70813817 10
-3.6996565 3.4804862 0.79405141 14
-3.6700599 3.5861523 0.78452969 11
-3.6961732 3.6582527 0.76868689 14
-3.6466365 3.8674021 0.74228972 11
-3.6732316 3.9431381 0.77909219 11.5
-3.6831079 4.0226383 0.74877012 12.25
-3.6614397 4.135119 0.74595261 12.5
-3.6814089 4.2440896 0.75180352 11.8
-3.6984847 4.4273434 0.72794002 11
-3.6792738 4.5420303 0.75134236 11
-3.6793814 4.7677336 0.70782048 12
-3.6513667 5.2471671 0.76759183 10
-3.6799481 1.8383623 0.85359204 13.666667
-3.6862781 1.9073348 0.88481569 11
-3.6862319 2.0702851 0.84872657 12.25
-3.6786816 2.1590645 0.82441974 10.75
-3.6727872 2.2667675 0.8311711 12.5
-3.6776226 2.3676903 0.87224877 11.6875
-3.6711981 2.4347517 0.85584289 12.333333
-3.6730955 2.5238092 0.8297236 14.5
-3.660042 3.1846604 0.81644297 14
-3.6798139 3.2452605 0.8422851 13.333333
-3.6935012 3.3876595 0.80905569 10
-3.6729372 3.5427969 0.8352319 11.75
-3.6850965 3.6110988 0.85749525 12
-3.6686933 3.7113283 0.87604028 13
-3.6903343 3.8012779 0.80175644 15
-3.6290004 4.059535 0.88022035 12.75
-3.6774609 4.1148901 0.83885229 10.666667
-3.6537082 4.2271681 0.84362566 11
-3.6545651 4.3178072 0.86820006 12
-3.6347094 4.4120722 0.87342644 9
-3.6034477 4.7603712 0.81074607 12
-3.6630325 4.857585 0.87923259 10.5
-3.6652853 5.4302053 0.83315527 13
-3.6584797 5.6071286 0.85526353 12
-3.6951132 1.7691352 0.91972065 14
-3.6815147 1.8673455 0.93871301 12
-3.6971366 1.9163693 0.98189664 12
-3.6764193 2.2742136 0.94721866 12.5
-3.6840205 2.3470783 0.9368723 12.375
-3.6526029 2.4562519 0.95013034 13.5
-3.6853316 2.8536663 0.90467232 15
-3.6813617 3.5859928 0.99358809 11.5
-3.6734354 3.64077 0.93678319 12.25
-3.6526124 3.7779591 0.97129184 13
-3.6561348 3.8626146 0.90376109 11
-3.6674304 4.2687712 0.91753852 13.666667
-3.6777442 4.3088188 0.95736957 10
-3.6374521 4.4600616 0.95315975 12.5
-3.6415596 4.5492125 0.96472025 12
-3.6582291 4.856823 0.93867725 11
-3.6527345 4.9481125 0.91038233 11
-3.6674581 5.060226 0.96332085 12.333333
-3.6478407 5.1511927 0.96568257 10
-3.6035931 5.5059366 0.97563815 13
-3.6412394 5.7164488 0.9571594 12
-3.6888411 1.8429303 1.0755152 13
-3.6900978 1.9569726 1.0545752 12
-3.6985066 2.0191197 1.0364525 13
-3.6814451 2.1827226 1.0312865 11.75
-3.6857028 2.2219682 1.0802141 13.333333
-3.6719186 2.3459277 1.0673515 13.5
-3.6758211 2.4167109 1.0195801 13
-3.6653657 3.0395265 1.016009 12.5
-3.6679025 3.21525 1.0329922 12.5
-3.6853685 3.3364272 1.0282346 12
-3.6881154 3.4368606 1.0772893 11.333333
-3.6677918 3.5567441 1.0281725 13
-3.6688113 3.6543069 1.0084749 14
-3.6874154 3.8722005 1.0491288 14.5
-3.6222813 3.9954164 1.0703262 11
-3.6539721 4.0530601 1.0673754 12.75
-3.6603281 4.1806498 1.0785652 12
-3.6703904 4.2249379 1.0381446 13
-3.695528 4.4466038 1.0559633 11
-3.6629486 4.6274905 1.0613331 11.5
-3.6636155 4.7635183 1.0588108 12.666667
-3.6159668 5.0165048 1.0432544 12
-3.6567476 5.3384867 1.007692 13
-3.6850142 1.6846222 1.1310362 15
-3.6968532 1.7616272 1.1175784 14
-3.6957858 1.8091719 1.1918534 13
-3.6933327 1.9240311 1.149671 12.25
-3.6737728 2.195931 1.1732004 15
-3.6714938 2.2175446 1.1760547 13
-3.6744227 2.4187498 1.1441848 14
-3.6984692 2.9087162 1.1508247 15
-3.6939156 3.2644579 1.13639 13
-3.6962101 3.3067217 1.113027 13
-3.6993625 3.4554548 1.1185892 15
-3.6591465 3.6384227 1.1252735 13.666667
-3.6768539 3.8603568 1.1428202 13.5
-3.6633313 3.9557979 1.1079175 11.333333
-3.6562071 4.1520896 1.1693289 12
-3.6648128 4.2249904 1.1284828 11
-3.6389487 4.3355927 1.1310666 10
-3.6192257 4.4297094 1.1774285 12
-3.6547501 4.5622368 1.1817728 14
-3.6298239 4.7626185 1.1743546 13
-3.6223512 4.8193564 1.1188552 11.5
-3.6251338 5.0399079 1.1609626 13
-3.608443 5.3290687 1.1638581 12
-3.6514077 5.5482697 1.1335096 11
-3.6364765 5.8142896 1.1557215 14
-3.6816401 1.9603781 1.2540545 15
-3.6767545 2.0879245 1.215899 15
-3.6835306 2.1464376 1.2442859 14
-3.6661279 2.2935655 1.2464335 15
-3.6886158 2.3322768 1.2291672 13.166667
-3.6926465 2.4106922 1.2691047 14
-3.6573639 2.8589969 1.224117 14
-3.6882908 3.3363092 1.2335269 13.5
-3.6760788 3.5513957 1.2519202 12.75
-3.6707084 3.7317319 1.2593983 13.666667
-3.629926 3.8688619 1.2479213 14
-3.6640468 3.9917581 1.2360466 12.333333
-3.6396115 4.0568166 1.2564521 13.5
-3.6370473 4.2549429 1.2587733 14
-3.69859 4.3589735 1.2916687 13
-3.6472178 4.4233928 1.2554973 14.5
-3.6662238 4.5570178 1.2464876 12
-3.6691837 4.6804042 1.215757 12
-3.6314819 4.7583785 1.2522019 11.5
-3.6527417 4.8536344 1.2324226 13.5
-3.6766329 5.1328959 1.2807753 13
-3.6294241 5.3584843 1.226119 11
-3.6550829 5.4150066 1.2042323 15
-3.6942074 1.8485327 1.3220588 14.5
-3.6964726 1.9643489 1.3387963 12
-3.699394 2.3312538 1.3569196 13
-3.685662 2.4128933 1.3213501 15
-3.6879194 3.1576281 1.3640648 15
-3.6846182 3.3074737 1.3021953 15
-3.679785 3.757045 1.3342457 12.75
-3.6728563 3.8188713 1.3929782 13
-3.6731658 3.9295695 1.3225676 13.5
-3.6631296 4.0734329 1.3815498 12
-3.6313248 4.1318779 1.349072 14.5
-3.6453311 4.2728825 1.3749903 13.5
-3.6458721 4.3580217 1.3639481 12
-3.642987 4.5727048 1.3883585 12
-3.6240261 4.6620169 1.3686068 13.5
-3.6058483 4.7266951 1.3518701 12.333333
-3.6753442 4.8334436 1.3804678 14
-3.622292 5.0724573 1.3293577 14
-3.6247635 5.210537 1.353596 11.5
-3.6422136 5.3390207 1.3096168 12
-3.6054819 5.521914 1.3808609 15
-3.6341639 5.9625306 1.331633 12
-3.6898687 2.1586175 1.4494094 14.333333
-3.6639559 2.2779651 1.4889327 15
-3.685647 2.5792365 1.4018403 13
-3.685173 3.1599889 1.4330018 13
-3.660646 3.8073604 1.4491487 14
-3.6391399 3.9598393 1.4280412 12
-3.6416092 4.1439452 1.4476615 13.333333
-3.6770191 4.2496271 1.4266368 13.5
-3.645355 4.4714456 1.4277498 14
-3.6609428 4.5184107 1.458611 13
-3.6960225 4.6407065 1.4780717 13
-3.6012349 4.7290139 1.4623291 15
-3.6261802 4.8226986 1.4390907 12
-3.6316407 4.9475994 1.420377 14
-3.6079335 5.1236534 1.4581431 13.5
-3.6631329 5.3675213 1.4844851 13
-3.6443164 6.1476989 1.4873477 13
-3.699893 1.7615023 1.5027815 13
-3.6880817 1.9551769 1.518962 15
-3.6863902 2.0973294 1.5698154 15
-3.679287 2.1240408 1.577702 13
-3.6816754 3.3209469 1.5432297 13
-3.6677263 3.4746931 1.5434097 14.5
-3.6658082 3.7525342 1.5555816 15
-3.6907027 3.859576 1.5542744 14
-3.6590889 3.9787726 1.5661343 15
-3.6585763 4.0605946 1.5379516 13.666667
-3.6591957 4.1584716 1.5248033 14
-3.6584432 4.2474422 1.5714719 13.5
-3.6409829 4.3370676 1.5692511 13
-3.6723464 4.4474206 1.5629482 13
-3.6617622 4.530673 1.5250493 13.5
-3.6253717 4.6865792 1.5714461 12.5
-3.6729915 4.7550921 1.5351785 15
-3.620574 4.8770847 1.579842 12
-3.6909707 5.0285783 1.5242656 13
-3.6743662 5.1183319 1.5609057 13
-3.6701481 5.2503133 1.5569088 13
-3.613431 5.5266457 1.5738239 15
-3.6877868 1.7522409 1.6382384 14
-3.6949685 2.0979483 1.6915511 15
-3.6980789 2.1326699 1.6714622 14
-3.6992667 2.2900805 1.6642095 14
-3.6758487 3.3178449 1.6259121 14
-3.6733437 3.6416566 1.6999789 14
-3.6649487 3.7109587 1.6841213 15
-3.6496539 3.8240216 1.6763133 13
-3.6649423 4.1392083 1.6497315 14.5
-3.650105 4.443018 1.6392248 13.75
-3.6100702 4.5672016 1.637719 15
-3.6366789 4.6502037 1.6589264 14.333333
-3.6715879 4.7418447 1.6249951 13.666667
-3.672219 5.004209 1.6635239 13
-3.6362383 5.1861906 1.6614497 14
-3.6785347 5.4354453 1.6393327 13.5
-3.6596022 5.6759543 1.6887951 14
-3.630954 5.7774434 1.6763308 13
-3.6458867 6.0568972 1.6515422 13
-3.6948223 1.7606022 1.7670586 15
-3.6900678 2.2095053 1.7445974 15
-3.6810536 3.5764122 1.7583458 14
-3.6724534 3.6255178 1.7537636 15
-3.6780977 3.7343636 1.7511623 13.75
-3.6579895 3.8465235 1.7239703 15
-3.6211002 4.4651256 1.7223564 13
-3.6207678 4.5243359 1.748618 12
-3.6555316 4.633286 1.7978927 13
-3.6374083 4.7596817 1.7400109 14.75
-3.6663823 4.9383388 1.7185935 14.333333
-3.6029639 5.0133686 1.7171535 14
-3.6518099 5.2569127 1.7556084 13.5
-3.6774645 5.3744197 1.781726 13
-3.6270933 5.4499631 1.7569238 14
-3.6305025 5.8078904 1.7332171 15
-3.6011043 6.1043801 1.7770185 14
-3.6956842 2.2613893 1.8441221 14
-3.6441135 4.0716023 1.8631825 14
-3.6682866 4.136126 1.8934414 14
-3.6669898 4.2249861 1.8345598 14.5
-3.6218586 4.3154635 1.8018394 14
-3.6880159 4.4526825 1.8102387 14.5
-3.6214249 4.6107473 1.8159063 14
-3.6872466 4.8439479 1.8047061 15
-3.6293001 4.9591699 1.8259974 15
-3.6141505 5.0260253 1.8739158 15
-3.6617551 5.8406148 1.834697 13.5
-3.6983581 1.4985514 1.9897709 15
-3.6949489 2.1285639 1.933247 15
-3.6738925 4.1258264 1.9191337 14
-3.6537285 4.2249384 1.9159762 13
-3.6469584 4.434588 1.9086149 14
-3.6561284 4.5270715 1.9864339 14
-3.6340499 4.8757696 1.9377549 14.5
-3.6467364 5.2591496 1.9513398 15
-3.6086342 5.8882012 1.9761882 15
-3.6774135 3.7331796 2.0444498 14.666667
-3.6885753 3.992142 2.0077169 14
-3.6026027 4.325491 2.0499704 14
-3.6333017 4.6340246 2.0707848 15
-3.632869 4.7967949 2.011951 15
-3.6921546 3.93383 2.1227965 15
-3.6192825 4.8281536 2.1631126 14
-3.6566365 5.1124482 2.1772993 14
-3.6212304 5.2340488 2.1336279 15
-3.6792984 5.3580503 2.1139066 13.5
-3.6870575 4.2430596 2.2988715 15
-3.6000886 4.5865326 2.205811 15
-3.6630013 5.5942078 2.2823668 15
-3.6231956 5.7762856 2.2504516 14
-3.6145942 5.9308124 2.2481868 15
-3.6086614 5.3744302 2.3640442 15
-3.656219 4.8885927 2.4239998 15
-3.5112455 2.933744 -0.31685165 7
-3.5789027 2.0844443 -0.25175026 8
-3.5976374 2.1386039 -0.19505157 7
-3.5940568 3.0204601 0.05007764 8
-3.5939636 4.3795443 0.047235455 8
-3.5934076 4.7291365 0.078341112 6
-3.5899212 -2.3707378 0.14217433 11
-3.5824571 -1.4375802 0.19351247 9
-3.5960979 -1.2786098 0.19521423 14
-3.5723634 2.336513 0.16013734 8
-3.5996099 3.0722599 0.13565911 9
-3.5471332 4.781497 0.16764408 7
-3.588773 -1.4797835 0.29914513 9
-3.5921538 2.5378945 0.20997658 10
-3.5452728 2.975872 0.22681065 7
-3.5901923 3.4244678 0.23854412 9
-3.5376022 3.7546659 0.25412396 7
-3.5931773 4.2361135 0.28562361 11
-3.5851662 4.7403674 0.24745679 8
-3.5489936 4.351594 0.34514061 8
-3.5198107 4.57165 0.34369427 9
-3.5803223 4.61375 0.3083863 10
-3.5793602 4.2655711 0.49396178 9
-3.5747609 4.3299413 0.46039379 9
-3.5072429 4.4623885 0.46194577 10
-3.5537829 4.6921701 0.40512758 9
-3.5776026 3.610841 0.54551822 11
-3.5885959 4.4208479 0.55099928 10.5
-3.5054114 4.5200033 0.50768346 10
-3.5999391 4.6515751 0.5293684 10
-3.5570853 4.3518596 0.6176002 10
-3.5686212 5.37569 0.6988886 10
-3.5856202 4.1006422 0.77072644 11
-3.5580962 4.4549594 0.79026234 13
-3.5718241 4.6759291 0.77161533 11
-3.5612969 4.7543106 0.75147206 10
-3.57658 5.069839 0.71593773 10
-3.5474041 4.3111038 0.8088572 11
-3.5790763 4.416327 0.99631971 11
-3.5974538 4.7768102 0.92388225 13
-3.5637219 4.8837848 0.97677994 11
-3.5203688 5.290184 0.99919492 11
-3.5509036 5.8367858 0.95073408 11
-3.5660355 6.1105666 0.99939847 13
-3.5970352 3.6206264 1.0299462 15
-3.5693769 4.3773856 1.0393436 12
-3.5910282 5.1205235 1.0919236 14
-3.5942898 5.3556142 1.0317116 10
-3.5779357 4.5763259 1.1435921 14
-3.5863032 4.7791438 1.1295365 12
-3.5946355 4.5064883 1.2223593 12
-3.560457 5.0114384 1.2911288 12
-3.5901337 5.4723577 1.2469771 11
-3.5899534 5.5803838 1.2050641 14
-3.5957611 5.0281839 1.3964965 13
-3.5961339 5.2503366 1.3239557 11
-3.5456138 5.3422651 1.3319908 12
-3.5671599 6.0730572 1.3657775 12
-3.5883834 4.5242229 1.4927498 15
-3.5632522 4.6721797 1.4756473 13
-3.5997357 4.7244654 1.4934429 14
-3.58253 4.9640608 1.4360217 13
-3.5334182 5.1997361 1.4035348 14
-3.5627329 5.2718034 1.4597329 12.5
-3.5925848 5.3064013 1.455451 11
-3.5346253 6.1076002 1.4693626 13
-3.5800169 4.4585257 1.5092167 14
-3.5632939 4.8272734 1.5622029 13
-3.5590606 4.936799 1.5185951 13
-3.5966685 5.012146 1.548777 14
-3.5675149 5.1581798 1.5747024 14
-3.563482 5.2436872 1.5321786 13
-3.5785856 5.4816213 1.5451845 12
-3.552639 5.5477762 1.5306343 14
-3.5549984 6.0782733 1.5151613 14
-3.5928628 4.6983819 1.697823 14
-3.5987756 4.8594241 1.6120206 14
-3.5384169 4.9596429 1.6279262 14
-3.590826 5.0009837 1.6671354 13
-3.5862141 5.362247 1.6917386 13
-3.5793929 5.8321433 1.6967332 15
-3.5851457 5.0798125 1.76434 15
-3.5870628 5.1618452 1.7258993 15
-3.5791745 5.2509933 1.7342507 13
-3.5846632 5.3175497 1.7282146 14
-3.5984347 5.4286547 1.7635089 13
-3.5057106 5.8829222 1.7434186 15
-3.5909743 6.0952153 1.8229414 13
-3.546412 6.1279235 1.8838716 14.5
-3.5538311 4.5103765 1.9292793 15
-3.5857718 5.1379867 1.939784 14
-3.5703139 5.5676532 1.9851818 15
-3.5699666 5.7090516 1.9147317 14
-3.5274584 6.0758038 1.9185085 15
-3.5349398 1.6275467 2.0934427 15
-3.5961609 4.1862106 2.0781071 15
-3.5627668 5.2073522 2.0881598 14
-3.5469913 5.4422021 2.0820298 14
-3.5434217 5.9961853 2.031374 13
-3.5337882 2.5056682 2.1988814 15
-3.5256665 4.6000738 2.1812599 14
-3.5608273 5.0069685 2.1036568 15
-3.5681601 5.4773145 2.111948 15
-3.5695148 5.6469088 2.1717403 15
-3.5395598 5.9938092 2.1112261 15
-3.5196741 5.3711839 2.2455678 15
-3.5957127 5.4938803 2.2643054 14
-3.5290856 6.0501213 2.2275732 15
-3.5573101 4.2599444 2.3322096 15
-3.5941801 5.3067756 2.3638563 15
-3.5152907 5.63343 2.3021612 13
-3.5635872 5.9802642 2.3363085 15
-3.4672863 -3.1881313 -0.19085611 8
-3.4589462 2.932097 -0.048989937 7
-3.4092984 4.733357 -0.033884011 7
-3.4760187 3.0447304 0.03705636 7
-3.471137 3.690702 0.047412284 7
-3.4796171 3.2795491 0.26175034 9
-3.4482155 3.7743318 0.25008488 7
-3.4548719 4.2902703 0.27618352 9
-3.4847124 4.3948998 0.21640414 10
-3.4747367 4.4659324 0.29748395 8
-3.4872305 4.8340058 0.44247675 9
-3.4334865 4.3218327 0.57517362 10.833333
-3.4114637 4.304667 0.64923787 11
-3.4825075 4.4066238 0.67339808 9
-3.4406362 4.4769216 0.7693826 13
-3.469727 4.3843641 0.85652137 12
-3.4142826 4.2871723 0.93308395 12
-3.4570785 4.3995609 1.0236721 14
-3.4221034 4.321136 1.1043786 12
-3.4113157 4.6260033 1.1763198 15
-3.4194658 6.2158818 1.2130415 13
-3.499526 6.1461496 1.3480753 13
-3.4850583 4.918272 1.4658923 15
-3.4639368 5.0372467 1.5794755 13
-3.4497073 5.244307 1.7800086 14
-3.4213998 6.0718117 1.749234 15
-3.4686825 6.1933722 1.7482147 13
-3.496834 6.1107712 1.9619693 14.5
-3.4492314 3.6496356 2.0126395 14
-3.43683 4.5977921 2.0682571 15
-3.4556165 4.7207804 2.0601103 14
-3.4111392 5.6006956 2.1943309 15
-3.4724748 1.8417341 2.2127953 15
-3.4857726 3.674263 2.2100754 15
-3.3925076 -3.2114406 -0.33248749 7
-3.3145092 3.8540802 0.041616563 8
-3.328083 4.6454072 0.043737069 9
-3.334466 4.7052789 0.027358377 8
-3.3289402 3.090574 0.10109001 7
-3.332298 3.8412449 0.16110167 7
-3.3784261 4.8834748 0.11460365 7
-3.3311017 3.2077937 0.38132617 9
-3.352447 3.8289042 0.32748801 7
-3.3127387 4.6388183 0.35407132 9
-3.3755381 4.2876153 0.46371326 10
-3.3599956 4.3228784 0.46752161 9.5
-3.3620384 4.2125034 0.53472137 12
-3.3584132 4.3561964 0.67484599 11
-3.3887098 4.6514606 0.67753279 11
-3.3415694 4.3596687 0.73498243 12
-3.3275483 5.1732674 1.2566556 15
-3.3945978 6.210454 1.7278154 13
-3.3172531 3.5916333 2.1791463 15
-3.3150332 5.7663722 2.1174049 14
-3.319706 3.6859224 2.2872074 15
-3.2659037 2.9354968 -0.22643974 6
-3.2877746 2.9756227 -0.15637702 8
-3.218529 4.7689362 -0.11334558 7
-3.2530537 4.633821 -0.038371179 8
-3.2433932 4.7189636 -0.025086587 7
-3.2217784 5.0961776 -0.050284494 7
-3.2627101 2.89153 0.055265404 7
-3.2945633 2.9138446 0.038406167 9
-3.216248 3.0220418 0.082289509 9
-3.2618184 3.1484356 0.034099396 6
-3.2379179 4.6385798 0.039064359 9
-3.2758574 4.7403784 0.069271505 9
-3.288054 4.9914575 0.055358615 8
-3.2080133 2.9755559 0.17540547 10
-3.217525 3.0526469 0.10919926 8
-3.261879 3.5702753 0.12779433 7
-3.2434757 4.6675291 0.16336146 9.1000004
-3.2163215 4.7296615 0.150435 7
-3.2500582 4.951529 0.1408027 7.5
-3.2473061 4.3724074 0.27529764 9
-3.2301853 5.0435033 0.23402736 7
-3.23931 4.6286588 0.31781578 9
-3.27701 5.1772861 0.39115894 10
-3.2146778 4.7049112 0.40500629 9
-3.2724268 4.7686052 0.51120019 11
-3.2143397 5.0388064 0.55691552 10
-3.2830188 3.6490712 1.9794003 15
-3.2230885 3.9368937 1.9049129 15
-3.2854116 3.8467422 2.2439713 14
-3.1175048 2.3473177 -0.39237055 6
-3.1135685 2.2875135 -0.13520567 6
-3.1267748 3.0878346 -0.051622603 7
-3.153213 3.0141618 0.072936736 8
-3.1314974 3.8009186 0.0055898093 8
-3.1829557 4.6693444 0.037847821 8
-3.1838794 4.7277989 0.0021214343 8
-3.1297638 5.0197506 0.077146024 6
-3.1677761 5.2483435 0.077608787 6
-3.1771095 -3.3424671 0.1245278 12.5
-3.1442947 4.0241256 0.1494084 7
-3.1506011 5.0403876 0.19099213 7
-3.1505077 5.3206515 0.1832909 6
-3.186662 4.7949071 0.29498845 10
-3.1452391 4.893074 0.21580768 7.5
-3.1465335 5.3270411 0.32427454 8
-3.1615946 5.1332383 0.48413429 8
-3.1850443 4.656817 0.57149714 11
-3.1761003 4.9652781 0.58888537 10
-3.1410129 5.397778 0.50732702 10
-3.1838915 4.7888193 0.62588179 9
-3.1943727 4.4463191 1.9813195 15
-3.1912808 4.4102993 2.3080111 15
-3.1637683 5.2019677 2.3890421 15
-3.032196 2.9801011 -0.28884012 7
-3.0211871 -3.715451 -0.14511427 9
-3.0171416 -3.3159416 -0.15561794 9
-3.0354121 2.6110349 -0.098082528 8
-3.0290625 3.0915635 -0.041407943 8
-3.0058732 3.1110458 -0.012439249 8
-3.0190878 2.9624236 0.061104693 9
-3.032649 3.0658474 0.043596756 8.875
-3.004585 3.1013947 0.084283903 8
-3.0268607 -2.303479 0.19531168 12
-3.0123618 3.0821364 0.14049761 7
-3.0185959 3.1132257 0.12943232 9
-3.0374186 3.7409134 0.18710807 8
-3.0887802 -0.70279688 0.21789587 10
-3.0085154 3.1589308 0.27950126 9
-3.0765567 3.807194 0.22032928 7
-3.0012808 3.1373215 0.35022211 8
-3.0294096 -3.5241015 0.47841263 12
-3.063905 6.198102 1.6230252 14
-3.0108855 6.0997624 1.8622166 14
-3.0367858 3.51577 1.9111254 15
-3.0250902 6.1418691 1.9367459 15
-2.9204297 -3.5027986 -0.3346509 8
-2.9239991 -3.6329491 -0.22727756 9
-2.9889235 -3.5359664 -0.29730004 8
-2.9642265 -2.3432105 -0.17198949 7
-2.941849 3.0245399 -0.17147569 8
-2.9837484 -3.9379296 -0.03940402 10
-2.9202344 2.5849473 -0.05624906 6
-2.9558821 2.7780409 -0.029926695 6
-2.970427 3.4954185 -0.0085728271 5
-2.9796052 2.9923346 0.08793734 8
-2.9852467 3.0435429 0.065828219 6.6666665
-2.9711483 3.0581682 0.15418877 8
-2.982295 3.1336291 0.17342547 9
-2.9434891 3.2301593 0.18920521 9
-2.9779396 3.0489106 0.24865428 7.6666665
-2.98277 3.1422243 0.25435641 8
-2.912138 -3.8098583 0.36744055 12
-2.9442134 3.13061 0.30709034 9
-2.9595163 3.276804 0.30319619 9
-2.9286814 -3.7502131 0.45999286 11
-2.9237223 -1.623526 0.52899623 12
-2.9061716 -1.2171988 0.85541582 11
-2.9390576 -2.9881923 0.95457745 15
-2.9028871 -2.4570718 1.0020097 12
-2.9132009 -1.6546886 1.4108362 13
-2.92272 6.1727862 1.4646723 13
-2.8476853 -0.74888688 -0.42185917 2
-2.8726501 -2.7586427 -0.31400874 5.5
-2.879281 -2.3222146 -0.39631903 0
-2.8372486 -3.6366446 -0.26586053 7
-2.8268058 -2.2714355 -0.22095366 8
-2.8324728 -0.70480406 -0.29419154 5
-2.8297844 -3.8361404 -0.10304812 8
-2.8221371 -3.6868925 -0.13778187 8
-2.8232048 -3.3375463 -0.11076362 8.5
-2.887908 -3.7264605 -0.081966914 8
-2.8527474 -3.3643641 -0.071149662 9
-2.8748102 -2.5348706 -0.0023433308 10
-2.8196268 -0.60352522 -0.0010917532 10
-2.8978987 -3.6641638 0.061942521 9.5
-2.8600011 -2.5075569 0.049499236 11
-2.8376298 -2.2303014 0.058959872 10.5
-2.8513644 -3.8414335 0.16023523 9
-2.899869 -3.1162918 0.13165656 14
-2.8251045 -3.0831127 0.10533716 13
-2.8822749 -2.443532 0.11618448 10
-2.8282447 -3.8458188 0.26705638 12
-2.8417895 -3.7472315 0.24015385 10.666667
-2.8620253 -3.6407719 0.26421341 9
-2.8602726 -3.5322526 0.23525496 13
-2.8276393 -3.3601632 0.25240552 11
-2.8317297 -3.8439982 0.33660665 10.833333
-2.8076601 -3.1632519 0.36769021 14
-2.8291686 -1.7019949 0.47975281 13
-2.846163 -3.7598846 0.5141052 11
-2.8521652 -1.1909928 0.55435848 12
-2.8581858 -3.8281436 0.62455446 15
-2.8418097 -1.1982542 0.65969145 14
-2.8658319 -3.8460879 0.76685607 13
-2.885639 -2.8021557 0.74426258 11
-2.8426931 -2.7902768 0.74933952 12
-2.8296134 -2.6407373 0.73853058 11
-2.8238339 -1.2296263 0.79940253 14
-2.8792896 6.1422501 0.73611623 10
-2.8098097 -3.1362875 0.86071318 15
-2.8124316 -3.0878184 0.82768226 12
-2.8407934 -2.8093152 0.85939616 11
-2.863867 -3.8475471 0.95794821 12
-2.8292389 -3.0041676 0.90688598 14
-2.8347347 -2.9390497 0.94990283 15
-2.8970315 -2.5076549 0.91030002 14
-2.8384161 -2.1752801 0.94063395 12
-2.831069 -1.9659528 0.95673627 14
-2.801152 -1.6837265 0.9853906 15
-2.8555784 -3.7416058 1.081072 15
-2.8703699 -3.4296052 1.0127238 13
-2.8047612 -2.8603239 1.0079203 15
-2.8371863 -2.1370029 1.0726521 13
-2.8153007 -2.025444 1.0580554 13
-2.8006997 -1.7214898 1.0076466 12
-2.8515644 -2.0603137 1.1207695 12
-2.8129866 -1.9268941 1.1491952 15
-2.8576465 -1.8058838 1.174426 14
-2.813225 -1.6666938 1.1557261 15
-2.8908088 -2.0597761 1.2860763 14
-2.8269055 -2.151788 1.3915032 13
-2.8475294 -2.010438 1.3727741 14
-2.8605456 -1.8182744 1.3185451 13
-2.8558021 -3.1326637 1.4028864 14
-2.8534315 5.9834099 1.8363788 12
-2.8597288 6.1105304 2.160748 15
-2.7777648 -3.7673383 -0.40791386 7
-2.7598143 -3.860157 -0.33989212 7
-2.7996094 -3.73841 -0.30692443 7
-2.7944226 -3.8288896 -0.23774524 7.5
-2.7278519 -3.7421863 -0.24551745 7
-2.7186484 -1.5229106 -0.2953029 2
-2.746547 -1.1977284 -0.24662125 4
-2.7325242 -0.7592001 -0.26876146 7
-2.7770684 3.67013 -0.20064026 6
-2.7697446 -3.9003308 -0.10446834 8
-2.7152131 -1.4540937 -0.11494888 8.5
-2.7732077 -3.7911468 -0.067930184 7.75
-2.7825079 -3.3232443 -0.076028563 8
-2.7659695 -2.54654 -0.035914786 9
-2.7742841 -1.4935286 -0.034935012 10
-2.759985 -3.8527634 0.038117234 9
-2.7251546 -3.3694327 0.092996277 13
-2.7086492 -3.2056234 0.02870715 9
-2.7613037 -2.5573082 0.035537239 9.333333
-2.7700782 -3.8373215 0.1578622 10.5
-2.7392144 -3.2237582 0.14854166 14.5
-2.7679601 -3.1577811 0.15766658 12
-2.7406356 -2.7404032 0.12111755 11.5
-2.736475 -2.5751388 0.18324611 10.5
-2.7207181 -2.2955978 0.14143266 10
-2.745239 -1.3532004 0.13995071 12.5
-2.7015169 -1.0530132 0.15961474 14
-2.7849302 -3.8309216 0.27104405 14.25
-2.7269988 -3.7943451 0.23524244 10
-2.7158568 -0.93504035 0.24922091 13
-2.7238553 -3.8933644 0.37964517 12
-2.7225604 -2.3337705 0.33971819 15
-2.7463546 -3.8328388 0.41489097 11.5
-2.7431958 -3.7940307 0.40660685 14
-2.7800756 -2.1704397 0.42018771 15
-2.7785933 -1.771841 0.49373615 13
-2.7270203 -1.5912209 0.40763256 11
-2.7095115 -1.0403317 0.42029524 10
-2.7295098 -0.97981489 0.46903726 12
-2.7664387 -3.8597097 0.51581222 13
-2.7154522 -3.7895644 0.53587568 14
-2.7038939 -2.7590153 0.56230229 13
-2.7526944 -1.1363759 0.57278466 12.5
-2.7332716 -1.0364733 0.55400556 11
-2.7286427 -0.90671158 0.52008271 12
-2.746623 -0.76634508 0.51550406 12
-2.7736564 -3.8562448 0.69574761 15
-2.7599747 -2.9678748 0.65042144 15
-2.7516737 -2.8666096 0.63802993 13
-2.7511077 -0.9356817 0.61464101 11
-2.7420609 -0.61603916 0.63902736 15
-2.7181885 -0.41998133 0.64281839 11
-2.7264965 -1.28602 0.74512446 11
-2.7792473 -0.93214858 0.79187876 12
-2.7129042 -0.82324052 0.72999275 13.5
-2.7575631 -0.3890585 0.78855532 14
-2.7565744 -2.8802688 0.85789615 14
-2.7373815 -2.7886057 0.82988876 13
-2.7819884 -2.5497792 0.88510406 14
-2.7424192 -2.4539845 0.80607337 13
-2.769541 -2.1822603 0.88949281 12
-2.7501438 -1.0839546 0.86798042 13
-2.7002258 -0.57723129 0.81543654 14
-2.7385306 -0.44013333 0.83449298 12.666667
-2.7150877 -0.3570686 0.80390942 10
-2.7685056 -3.0121305 0.96520352 12
-2.7396603 -2.7518442 0.98733205 14
-2.7975857 -2.2014489 0.95341712 12
-2.7971513 -2.1732476 0.9745605 12
-2.7418005 -1.9810866 0.92785496 14
-2.7053778 -1.888056 0.95952755 15
-2.738023 -1.7545265 0.94043201 13
-2.710681 -1.2768992 0.93250746 12
-2.7306302 -1.0875032 0.92390168 12
-2.7975268 -2.1418922 1.0324962 12
-2.7857661 -1.9352219 1.0489062 15
-2.7386537 5.8840814 1.059636 11
-2.7963829 -3.852814 1.1259797 13.5
-2.7776983 -1.9112116 1.1305172 13
-2.7485268 -1.6497864 1.1356983 14
-2.714592 6.1123352 1.327089 13
-2.7949779 -2.5016987 1.5139616 15
-2.7429979 -1.615217 1.614897 15
-2.7812576 -1.3988714 1.790742 15
-2.7556906 5.886271 1.7124821 14
-2.758708 6.1471686 1.8710938 13
-2.7758124 4.6054039 2.0510957 15
-2.7776759 5.3476081 2.2434213 15
-2.6814647 -0.58625704 -0.41763911 2
-2.6771717 -3.812849 -0.32358289 7
-2.6901343 -2.056005 -0.34200507 0
-2.6894894 0.28899324 -0.32258412 3
-2.6451311 -3.8716483 -0.23976117 7.3333335
-2.6107559 -0.58471823 -0.18979916 7
-2.6331627 2.4226055 -0.13402182 5
-2.692929 -3.9051158 -0.0033726776 9
-2.6906528 -3.8348718 -0.037177995 11
-2.6950264 -2.7791362 -0.034194198 8
-2.6919003 -2.5368905 -0.016865339 9
-2.6950464 -2.1761458 0.028222825 10
-2.6883762 -1.574795 0.029927665 9
-2.6688743 -1.4678398 0.064683825 13
-2.6760683 -0.75551867 0.012949914 9
-2.6377497 -3.8330321 0.13438132 13
-2.6956427 -2.7475913 0.12117705 10
-2.6627994 -2.3803718 0.19203283 13
-2.6699317 -1.0807111 0.136856 12
-2.6424048 -0.80296814 0.17967267 12
-2.6392283 -0.75285125 0.13594791 12.666667
-2.6450732 -3.8744595 0.24639465 11.75
-2.6902483 -3.0554364 0.21217921 12
-2.6320288 -0.92314029 0.2590844 14
-2.6619909 -3.9031687 0.31983256 11
-2.6012485 -3.8954301 0.43244806 12
-2.6959271 -1.7740989 0.4099012 15
-2.6889858 -0.93338096 0.44909811 10
-2.6299946 -0.89442319 0.47434244 13
-2.6074996 -0.7384761 0.40570799 15
-2.690582 -3.1377676 0.56773245 15
-2.6610713 -1.3529927 0.50322402 14
-2.65535 -0.93249601 0.51058018 13.5
-2.6934087 -0.83992374 0.59830558 15
-2.671397 -0.9188332 0.66757876 12.5
-2.6845272 -0.87825286 0.621849 12
-2.6576021 -0.98295254 0.71559852 10
-2.6204343 -3.9656699 0.80766338 12
-2.6827457 -1.298932 0.8463164 13
-2.6582708 -1.7305323 0.91319841 15
-2.6681855 -3.0552883 1.0061895 15
-2.6619735 -2.2775102 1.1013483 13
-2.6507659 5.9429002 1.2448436 10
-2.6244545 6.0034852 1.2789885 12
-2.6800559 6.026423 1.3198835 12
-2.6270096 6.0069361 1.5299891 14
-2.6108654 6.0241127 1.6584644 13
-2.6568182 5.971252 1.7388716 14
-2.6240499 5.5497937 1.842257 13
-2.6623621 5.8082976 1.8212334 14
-2.6565497 5.9915271 1.8364153 15
-2.6567948 6.1573057 1.8258468 13
-2.6603613 -3.9296787 1.9774843 15
-2.6466563 5.9368081 2.0803156 14
-2.6951234 4.8203454 2.1108375 15
-2.6438937 5.9627376 2.1671429 15
-2.68223 4.5779123 2.3882251 15
-2.5208902 -3.9673138 -0.4219709 7
-2.52439 -3.8868175 -0.49149844 7
-2.5609314 -1.1660522 -0.42561138 0
-2.5371256 -0.85855192 -0.43502101 0
-2.5901868 -4.0279112 -0.37976548 7
-2.5303638 -3.9564266 -0.33918148 7.5
-2.5563517 -3.571619 -0.33486944 3
-2.5928249 -3.045469 -0.3360768 0
-2.5519786 -2.9037614 -0.33252659 0
-2.5638051 -1.8929629 -0.32525533 0
-2.58797 0.035752717 -0.33451512 2.5
-2.5532939 -3.8908961 -0.27411643 8
-2.5146925 -3.9175172 -0.13259356 8.75
-2.5694566 -3.83973 -0.16112165 8
-2.5099638 -3.7976313 -0.1606285 7.5
-2.5162821 -3.9890656 -0.064371705 10
-2.5707426 -3.8399475 -0.022947088 11
-2.5540977 2.7711139 -0.071114339 3
-2.5344963 -3.9463601 0.0073998231 9.5
-2.5414362 -3.8681917 0.050831493 11
-2.5890563 -0.90126932 0.082415216 10
-2.5010884 -4.0141044 0.10815416 12
-2.5266664 -3.9306264 0.17512621 11.666667
-2.5665121 -3.8744116 0.1028296 11
-2.5933754 -0.74378204 0.10288734 11
-2.5116093 -4.0071135 0.25371563 9.5
-2.5344961 -3.9331987 0.21884771 10.666667
-2.597893 -3.87323 0.22552168 11.5
-2.5933893 -3.7253551 0.20543382 11
-2.5143561 -3.9480939 0.34837461 12.5
-2.5614576 -3.873631 0.34719533 11
-2.5159388 -3.9723315 0.47265664 12.833333
-2.5691416 -3.8051784 0.45461884 13
-2.5969615 -0.94569588 0.45637324 14
-2.5297682 -3.865031 0.5097636 12.5
-2.5628793 -1.1006809 0.52970934 15
-2.5732882 -3.9598925 0.63598388 14
-2.5995171 -1.483758 0.77781409 14
-2.5326273 -3.9975088 0.87603259 11
-2.5637612 -4.0057697 0.96512103 12
-2.5079811 5.8821659 0.96607757 11
-2.5128613 -4.002275 1.0419879 14
-2.5252223 5.9344125 1.0993572 11
-2.5020742 6.0084324 1.0328742 12
-2.5401599 -4.0788703 1.1118866 15
-2.5435264 5.8624029 1.1909401 14
-2.500246 5.9601536 1.115509 11
-2.549983 6.0191875 1.1357107 11.333333
-2.556447 5.9090099 1.2920201 15
-2.5504975 5.9378872 1.3439353 13.5
-2.5443754 5.953948 1.4552636 12.8
-2.5344477 5.7757602 1.5326926 14
-2.5828464 5.9649067 1.5981725 14
-2.568059 6.0068178 1.5831047 15
-2.5768144 5.9835844 1.7701329 14
-2.5046406 -3.964227 1.8488156 14
-2.5550749 5.9947019 1.9844248 14
-2.5872293 5.8897371 2.0062513 13
-2.5610642 5.9942689 2.3615882 15
-2.5006871 5.8422236 2.4180374 15
-2.4001725 -3.0849779 -0.42504328 0
-2.4144435 -0.72214085 -0.40875104 0
-2.4250586 -0.47214526 -0.45200446 3
-2.4158621 -4.0602317 -0.32117307 7
-2.4210274 -3.963273 -0.34863457 6.5
-2.4662595 -1.3804986 -0.31781864 2
-2.4343829 -0.34956053 -0.34003234 2.5
-2.4211464 -3.9946296 -0.26267704 7.5
-2.4870815 -3.8950775 -0.20191939 8
-2.4756773 -4.0065107 -0.16439852 8
-2.4465265 -3.9578457 -0.145237 8
-2.4216323 -3.8951774 -0.18115015 9
-2.4653134 -4.0088835 -0.083808586 9
-2.4631362 -3.9561329 -0.055509601 8.333333
-2.4909658 -3.8999135 -0.040448092 10.5
-2.4078209 3.0160241 -0.060565062 2
-2.4612806 -3.9643676 0.041803055 10.083333
-2.4279389 5.9243021 0.063313998 7
-2.4844227 -4.0082669 0.10911409 10
-2.4680724 -3.9516697 0.16789483 10.083333
-2.475497 -3.8243258 0.17946899 9
-2.4460158 -4.0231085 0.27516434 11.666667
-2.4592841 -3.971036 0.23357017 11.5
-2.4743831 -3.8561296 0.25672469 11.5
-2.4815309 -4.0031872 0.3788451 11
-2.4644828 -3.9470794 0.34941533 13.944444
-2.4920492 -3.8764873 0.33821258 13
-2.4305818 -4.0323482 0.42836201 11.5
-2.419127 -3.9689803 0.49003604 13
-2.4484932 -4.0302563 0.59583044 13
-2.4669454 -3.9732482 0.54379272 11
-2.4467177 -3.9801178 0.65128446 15
-2.4497058 5.9123001 0.60967666 11
-2.4881747 -3.9628358 0.73476696 12
-2.470922 -4.0371447 0.86615336 13
-2.4529095 -3.974601 0.8374989 12
-2.4653151 5.9671731 0.80355132 11
-2.4152951 -4.0471625 0.97696263 15
-2.4593639 5.9719143 0.94575387 11
-2.4866748 -4.0368648 1.0353419 13
-2.4038529 -3.2247357 1.0718759 13
-2.4520111 5.9483638 1.0305604 10.75
-2.4575486 6.0826755 1.071738 12
-2.4398906 5.970077 1.1376932 11.5
-2.4450836 6.0155544 1.1421266 12.5
-2.4857197 5.9156084 1.29074 11
-2.4668739 5.9633427 1.3670541 14
-2.455653 5.9468546 1.481347 14
-2.4292493 6.0130954 1.4671414 13.5
-2.4520733 5.9633942 1.5508473 14
-2.4570029 5.9643378 1.6404748 12.5
-2.4988174 -4.0392308 1.7691439 14
-2.457932 5.9438434 1.7901394 12
-2.4238219 5.9740057 1.8332454 14
-2.421912 -3.9197183 1.9007456 15
-2.4767714 5.8486791 1.9465649 13
-2.4766529 5.9635291 1.9064806 15
-2.4877877 6.0034657 1.9336617 13
-2.4021933 5.9191265 2.2091429 15
-2.4106915 5.8150964 2.3607287 15
-2.3496594 -3.9728539 -0.46009409 4.5
-2.3301244 -3.3830092 -0.43635997 0
-2.3923793 -0.36171275 -0.40728086 0.5
-2.3682525 -3.9954233 -0.31428686 8
-2.3653445 -1.36379 -0.31695646 2
-2.3609345 -0.38594761 -0.33896977 2
-2.3296959 -4.0156999 -0.23964949 8
-2.3537343 -3.9341683 -0.21018864 7.5
-2.3220429 0.87323374 -0.2429745 3
-2.3783975 -4.0021377 -0.12548061 8
-2.3624208 -3.9899127 -0.11176494 8
-2.3888254 -4.0070081 -0.047918461 9
-2.3293943 -3.9789677 -0.049756199 8.666667
-2.3597062 -4.0695672 0.0074698664 9
-2.3636765 -3.9990864 0.065307193 9
-2.3457847 -4.0174661 0.18187748 12
-2.3226891 -3.9804933 0.14434889 9
-2.3482413 -4.03336 0.31963664 10
-2.35432 -3.95402 0.35919496 10.833333
-2.3684506 -3.9449635 0.44310829 11
-2.3314998 -4.014636 0.58839488 13
-2.3812327 3.9481676 0.58223742 11
-2.3073418 6.0529652 0.67808735 10
-2.3788919 5.9875736 0.70817423 10
-2.3608973 -4.0389977 0.87627113 13
-2.3027408 -3.9974151 0.81763643 11
-2.362216 -3.3041189 0.85205668 12
-2.350693 5.9798923 0.84238452 11
-2.3721788 -3.9736435 0.97870183 11.5
-2.3516908 -2.6369772 0.98008841 12
-2.3985636 5.9990067 0.96283895 11
-2.3565645 6.0077844 0.99031436 12
-2.3141155 -4.0390925 1.0333003 12.5
-2.3934102 -3.9613891 1.0598131 13
-2.3416603 -3.3164485 1.0135866 13
-2.3404188 -3.2336242 1.0418868 12.5
-2.3665395 5.9869614 1.0456636 10.5
-2.3474646 6.0239015 1.0615194 11
-2.3262272 -4.0422778 1.1758853 13
-2.3889627 -3.3178456 1.1254342 15
-2.3517287 5.9063878 1.2156378 12
-2.344537 6.0143414 1.2253214 11.5
-2.3657606 5.9516277 1.342398 12.5
-2.3329129 5.9705687 1.4639146 12.75
-2.3519506 6.0175757 1.4058393 15
-2.3493326 5.9515128 1.5775177 13
-2.3009436 6.0671701 1.5715588 13
-2.3870053 -4.176331 1.6298106 13
-2.3304586 5.8380857 1.6582639 13
-2.372828 5.9307237 1.6813812 14.5
-2.36008 6.0414929 1.6002983 14
-2.3621855 -4.0288415 1.7401627 15
-2.3129914 5.9322667 1.8720107 15
-2.3491583 5.9617653 2.0957599 14
-2.3525004 5.1188388 2.1474495 15
-2.3840976 5.9959116 2.1308253 15
-2.2862432 -1.9497653 -0.44967636 3
-2.2731292 -0.61429226 -0.4079622 0
-2.2292333 -4.0099583 -0.34428537 6.3333335
-2.2684937 -2.9619246 -0.3291097 0
-2.2464778 -1.2396793 -0.30636272 2
-2.2658508 -0.72391587 -0.34810221 3
-2.2216179 -4.024991 -0.20802858 8
-2.2818334 -4.0378661 -0.1489754 8
-2.2458785 -4.0361891 -0.054122597 8.8000002
-2.2233968 -4.1352396 0.044619404 9
-2.2883162 -4.0347199 0.044095118 9
-2.2859397 -3.9551644 0.098287068 9
-2.2647481 -4.0549765 0.16291632 10
-2.2151875 -4.0298481 0.23824289 10
-2.2387102 3.9823115 0.20788413 7
-2.2601669 -4.0428896 0.33219337 11.25
-2.2112637 -3.9857624 0.32433298 9
-2.256988 -4.0140052 0.42103738 12
-2.2922053 -3.9520686 0.43156961 10
-2.2277095 -3.2670472 0.49484167 12
-2.204356 3.8986423 0.45888779 10
-2.200254 -4.0024118 0.5582487 14
-2.2820625 -3.9582825 0.51189852 10
-2.2511766 3.8934076 0.55471903 13
-2.2362797 5.9783044 0.9687233 12.5
-2.2667403 -3.3388438 1.0430223 14
-2.2875748 -3.2505052 1.0467778 13
-2.2571154 5.9462538 1.0505353 12
-2.2110691 -4.0870576 1.1079675 13
-2.2294023 -3.2629921 1.1743563 13
-2.2201791 5.9498 1.1302329 11.5
-2.2102189 -3.3508809 1.2575463 15
-2.2773528 -3.2513182 1.2385702 13
-2.2158215 5.975132 1.2009192 11
-2.2613714 6.040885 1.2454219 12
-2.2240825 -3.2951145 1.3735064 14
-2.2596188 -3.3133211 1.4502213 15
-2.2015495 5.9866104 1.4605461 13
-2.2629726 5.8821135 1.7646142 14
-2.2599282 5.9332438 1.7312016 14.333333
-2.2016222 -4.0913906 1.8124087 15
-2.2560041 5.9679751 1.8556077 15
-2.2857163 4.8762088 1.9090331 15
-2.2479842 6.0054307 2.4812491 15
-2.1444712 -3.0198987 -0.40652373 3
-2.1530216 -2.4200435 -0.44061705 3
-2.1343682 -2.0988164 -0.45548201 3
-2.1897695 -1.4675826 -0.46086079 3
-2.1298513 -0.50975049 -0.44361645 2
-2.1215963 -0.24293876 -0.44800025 2
-2.1231019 -0.13620925 -0.4039613 3
-2.1328177 -3.9877255 -0.36336747 7
-2.1099958 -0.46710756 -0.38672599 0
-2.1826353 0.24247429 -0.34092784 2
-2.1204803 0.69392765 -0.32078406 2
-2.1757669 1.1485536 -0.32069501 3
-2.1837387 -4.0533023 -0.21816713 7
-2.1231492 -4.0048819 -0.18303362 7.5
-2.1646092 -3.9112346 -0.12358917 8
-2.1873627 -3.9812307 -0.031771336 11
-2.1659808 -3.2495351 -0.040230118 9
-2.1537509 -4.0290213 0.054197356 12
-2.1313593 -3.4370868 0.06469027 10
-2.1181123 3.7137275 0.057969477 8
-2.1375427 -4.014276 0.2440419 12
-2.1843033 -3.9702561 0.2316145 10
-2.113703 -3.4221044 0.20023084 15
-2.1775429 3.6686876 0.21395048 10
-2.1113126 3.8097062 0.21415637 10
-2.1607161 -4.0288205 0.36053917 13
-2.1677072 -3.3920064 0.38791999 11
-2.1992779 -3.2998657 0.39917892 13
-2.1596782 -3.3202145 0.49690548 11
-2.1449344 -4.0397973 0.53443468 15
-2.1340482 -3.3859684 0.55139875 12
-2.1987607 -3.2950282 0.59850752 13
-2.1076825 3.7538564 0.58160651 14
-2.1918945 3.8769276 0.50923914 10
-2.1884561 5.952601 0.51872832 10
-2.1600137 -3.2746797 0.7048322 10
-2.1197531 5.9401984 0.77805442 10
-2.1499333 6.005857 0.79254866 11
-2.1319444 -3.3210189 0.88321054 15
-2.1218355 5.9592996 0.98974228 12
-2.1215198 5.5508671 1.0867841 11
-2.1552985 6.0223484 1.0206157 12
-2.1969435 -3.3591924 1.1388669 13
-2.14344 5.9226995 1.1945063 13
-2.1701291 -3.2906826 1.2531281 14
-2.1171021 5.9202571 1.2581393 11
-2.1516902 5.8782864 1.3290608 15
-2.1703935 5.9448261 1.3212759 13
-2.1975815 5.8882074 1.4558132 13
-2.161833 5.9376998 1.454928 12.666667
-2.14729 5.8736086 1.5865182 14
-2.1666334 5.9071908 1.588699 15
-2.1821754 6.0066376 1.5476122 13
-2.12726 5.8722649 1.614962 15
-2.1097631 5.9696302 1.6543344 13
-2.1361277 -3.9885929 1.7912103 15
-2.1398065 5.9205232 1.7633525 14
-2.133126 5.9413004 1.9563066 13
-2.1632824 5.3547134 2.0707381 15
-2.0165558 -3.792331 -0.4323957 1
-2.0879374 -1.7822851 -0.43436441 1
-2.0275288 -1.5327365 -0.45493424 2
-2.0831547 -1.3365521 -0.44919637 2
-2.0426059 -4.0100307 -0.37659034 3
-2.0925105 -0.98744148 -0.3147268 4
-2.0304561 -0.78772718 -0.34009096 2
-2.0794835 1.456309 -0.31571066 3
-2.0843427 -4.0016971 -0.23690026 6.5
-2.053462 -3.9827154 -0.2877042 7
-2.0787067 -1.0640072 -0.29350868 3
-2.0546241 0.8050192 -0.24918652 1
-2.0940657 1.0898122 -0.24467357 3
-2.0250342 2.7149596 -0.23670805 4
-2.0666234 -3.9858761 -0.14689712 7
-2.0758326 1.3420349 -0.18111834 3
-2.0630097 -3.9488733 -0.082915485 10
-2.0893042 -4.0269723 0.00073792832 12
-2.0647187 -4.0542827 0.16043113 13.333333
-2.0618112 -3.8835747 0.14523269 11
-2.0526721 -3.4629734 0.18921751 13
-2.0865514 3.5908613 0.15215918 11
-2.0314927 3.6389537 0.11831453 8
-2.0352392 -4.0032005 0.271411 12
-2.0589049 -3.4741621 0.37782255 10
-2.0147514 3.6433711 0.38164383 8
-2.0093892 3.8205075 0.35063019 8
-2.0214798 -4.0373993 0.45450628 11
-2.0800302 -3.3971193 0.44728312 10
-2.0747547 -3.4417908 0.56783545 11
-2.0562198 -3.3865318 0.51983929 12
-2.0107121 -3.255419 0.52916783 15
-2.0466371 -3.2755015 0.63987869 13
-2.0856488 5.9770317 0.75810432 9
-2.0418139 -4.1458149 0.82593375 10
-2.0028358 -3.341392 0.80090493 14
-2.0518429 5.9530559 0.83554053 10
-2.0517154 -4.1094131 0.94070691 13.5
-2.0806072 -3.3152528 0.90126842 14.5
-2.0413418 5.8975849 0.99832779 11
-2.0054412 5.9355135 1.0964608 12.5
-2.0870104 6.0519032 1.0951835 11
-2.0815983 -4.0498619 1.1414747 15
-2.0140321 5.9863076 1.1021249 12
-2.0777035 6.0229354 1.1287104 12
-2.0145998 5.8631544 1.2331682 12.333333
-2.0079424 5.9663224 1.2163858 12
-2.0021794 5.9083276 1.3988004 12
-2.0938683 6.0484142 1.3995494 13
-2.0611563 5.9636841 1.4403784 14
-2.0605571 5.9437504 1.5138637 12
-2.0087838 5.9370565 2.1561885 15
-2.0515895 6.0211329 2.1262286 15
-1.9805895 -4.1407022 -0.47395828 7
-1.9939623 -3.9601662 -0.42549467 2
-1.9017947 -2.5922818 -0.42246789 1
-1.9682741 -1.69625 -0.46064812 1
-1.9647789 -0.63032758 -0.45432958 0
-1.9923724 0.30533552 -0.41546804 1.5
-1.9968691 -4.0234313 -0.32290387 7
-1.9896722 -3.360826 -0.39358348 4
-1.9459898 -2.2354262 -0.33287495 2
-1.9982213 1.0039879 -0.30994269 2
-1.9216529 -4.1309862 -0.25795254 7
-1.9826463 -4.057734 -0.26154485 8
-1.9901744 0.27594578 -0.27657425 2
-1.9892479 0.40132645 -0.28228781 3
-1.9093729 2.7970316 -0.22571319 3
-1.9649887 -4.0472074 -0.043617405 10
-1.9943172 -3.984128 -0.025905473 9
-1.9024763 -4.1438665 0.09460602 11
-1.9283882 -4.041059 0.088443369 13
-1.9689758 -4.1034079 0.14564218 10
-1.9686553 -4.0272212 0.16800569 9.75
-1.9238137 -3.9686828 0.1629861 10
-1.9826696 -4.1057448 0.25443563 11
-1.968408 -4.0433383 0.24132051 12.333333
-1.999954 -4.0181136 0.39162052 14
-1.9895445 3.6875396 0.35604727 9
-1.9825697 3.709954 0.3338981 9
-1.9660689 3.8950629 0.3886005 8
-1.9932603 4.7734771 0.30761752 10
-1.9374919 -4.0212622 0.46051222 13.666667
-1.9759223 -3.4564593 0.4813903 11
-1.9554445 -3.4059317 0.59303772 15
-1.9415928 5.98248 0.58785939 10
-1.990065 -3.4428747 0.616741 11
-1.9209449 -3.9853673 0.72535741 12
-1.9694612 3.8883042 0.77666891 14
-1.9446659 -4.0535502 0.86875677 14
-1.9981748 5.90411 1.072976 13
-1.9634031 6.0129714 1.0526241 11
-1.9610934 -4.0353932 1.2536217 14
-1.9510287 5.9323449 1.2546085 15
-1.9641615 5.9167776 1.3468018 14
-1.9457755 5.921977 1.4137007 13
-1.9792184 5.8013434 1.5437664 15
-1.9235171 5.873136 1.663256 13
-1.9356208 5.8509526 1.7647761 15
-1.976335 5.9253736 1.7877591 15
-1.9631654 5.9492249 1.8266649 14.333333
-1.9579289 5.9645329 2.0253432 14.5
-1.9928758 5.8805242 2.1707373 15
-1.8237671 -4.012958 -0.48693869 7
-1.8172836 -3.4537024 -0.41279152 0
-1.8178036 -3.0927265 -0.41569552 3
-1.8636274 -2.3185585 -0.4312306 1
-1.8767409 -2.0220511 -0.432464 0
-1.8508358 -0.49784368 -0.44040221 0.5
-1.803277 -4.055048 -0.36736727 7
-1.8182757 -3.576581 -0.30131787 3
-1.8542771 -1.5778781 -0.31898248 3
-1.803396 -0.31675526 -0.37797087 3
-1.8193289 -0.13339643 -0.39466491 2
-1.8244224 0.84277767 -0.32161781 2.5
-1.8709555 -4.0355673 -0.2038696 8
-1.8315067 0.21189989 -0.25574231 2
-1.8645977 1.3044376 -0.23864445 3
-1.8157439 -4.1031685 -0.1959313 8
-1.8166842 -4.0483179 -0.17952272 7
-1.8617591 2.4341345 -0.13979761 4
-1.8939499 -4.0712085 -0.062680796 9
-1.8296721 -4.0350623 0.16099584 13
-1.8964574 -3.9460111 0.15790367 10
-1.8991112 4.9506764 0.28510037 8
-1.8674297 -4.0550485 0.38415733 14
-1.8553021 3.8888772 0.37543064 11
-1.8485848 -3.9289248 0.64343637 11
-1.8173535 -4.0516081 0.98423129 15
-1.8711071 -3.9956615 0.97510487 12
-1.8646224 5.9355273 0.90218759 11
-1.8405576 -4.0427585 1.0466808 14
-1.8894502 -3.9764059 1.0961045 15
-1.8974639 5.8574724 1.1760659 13
-1.8069988 5.9328842 1.1336743 13
-1.816972 -4.0435724 1.2276387 15
-1.8434961 -4.0998826 1.4306647 14
-1.8791041 5.9803524 1.4853019 12
-1.8615817 -4.0894899 1.5652565 14
-1.8997964 -4.0879536 1.681476 15
-1.854358 -4.0241451 1.7479949 15
-1.8895116 5.9516687 1.7603515 14
-1.805178 6.0569553 1.7067466 14
-1.8843457 6.1620355 1.7246865 13
-1.8571796 5.8760724 1.8025867 13
-1.8940519 -4.0323009 1.9015995 15
-1.8868026 5.87433 2.4108143 15
-1.7033188 -2.6188121 -0.42113507 0
-1.7804958 -2.2312396 -0.450993 0
-1.7972101 -2.1595101 -0.44803286 1
-1.7667327 -1.9471956 -0.44018322 1
-1.7397254 -1.8029594 -0.44812641 0
-1.717851 -0.56137276 -0.43540457 0
-1.7995167 0.15840122 -0.4053891 1
-1.7226037 -4.1899228 -0.36841178 5
-1.7873989 -3.2188754 -0.30314621 2
-1.7181853 0.83616412 -0.3647278 3
-1.7917693 -4.1282964 -0.24007124 4.5
-1.7518111 -4.02669 -0.23194541 6
-1.7619056 0.12090243 -0.26554567 2
-1.7697995 0.39929274 -0.25239572 1
-1.778385 0.78908432 -0.24746242 0
-1.7539892 0.94743919 -0.23425035 0
-1.7426101 -4.0449448 -0.1474071 8.333333
-1.7055607 -3.9964316 -0.14769349 7.5
-1.7442522 -4.0491776 -0.042579446 8.5
-1.7721637 -3.9166608 -0.074180551 8
-1.7329832 -4.0491533 0.029666562 12.5
-1.7019383 5.9898996 0.027882742 7
-1.7334774 -4.1111345 0.1270458 10
-1.7348837 5.9738374 0.26568687 7
-1.7917247 -4.0679307 0.35622224 10
-1.733006 -3.9592533 0.32017559 11
-1.7529658 -3.8333781 0.3669531 9
-1.7299175 3.884016 0.31543797 9
-1.7272387 -4.0301776 0.47947851 13
-1.7374735 -4.0304437 0.56725597 12.5
-1.7015749 3.9136765 0.54481918 13.5
-1.7365582 -4.045702 0.66717625 11.666667
-1.724257 -3.9950681 0.75948077 12
-1.7174082 -4.0615196 0.83300233 12.5
-1.7703804 -3.9985521 0.86269265 12
-1.7741135 5.9405947 0.95337337 12
-1.7313406 -4.0190845 1.05593 15
-1.7969126 5.9299669 1.1877668 11
-1.7265661 -4.0256548 1.2978902 13
-1.7075955 -4.1137667 1.3685106 14
-1.7337961 -4.0458713 1.4640093 14.5
-1.7152538 -4.0867872 1.5750678 14
-1.7663299 5.9713402 1.5012354 15
-1.7095889 5.9110389 1.6911576 14
-1.7158308 5.9661012 1.754063 13
-1.7646384 -3.9598608 1.9373881 15
-1.722271 5.8304067 1.96517 15
-1.7737491 5.9837527 2.0184889 14
-1.7944821 6.0757947 2.0705771 15
-1.6947901 -3.9904299 -0.46675962 6
-1.6525595 -2.4720778 -0.41607559 0
-1.6906112 -2.3362436 -0.43938944 2
-1.6564591 -2.1902914 -0.41629764 0
-1.6303738 -1.7291248 -0.40665078 0
-1.6618098 -1.5773393 -0.44947633 0
-1.696406 -0.49420598 -0.42847663 0
-1.6693839 -4.1367197 -0.38545239 7
-1.6942949 -3.2774432 -0.31482551 1
-1.6559716 -1.8335944 -0.39966622 0
-1.6525891 -1.723243 -0.32047874 2
-1.621384 -1.268551 -0.30739272 3
-1.6130993 0.54028195 -0.3871116 0.5
-1.6438041 1.2830821 -0.32567915 0
-1.6069878 -3.8524597 -0.25335583 3
-1.6548707 0.54601383 -0.24952772 0
-1.621802 1.4295503 -0.24611431 2
-1.6500235 -4.0470352 -0.11309659 9
-1.6361094 3.1114213 -0.067985214 4
-1.6228844 -4.0493822 0.11840138 11.25
-1.604327 -3.9509575 0.13066964 9
-1.6693064 -4.0275908 0.23949283 13
-1.622072 -4.2095013 0.33822697 10
-1.6407501 -4.0248313 0.32245195 12.666667
-1.6209825 3.7597156 0.33371779 11
-1.6445652 -4.0579734 0.45013496 13
-1.6503479 4.4050231 0.46915376 9
-1.6832157 5.9426394 0.43257436 8
-1.6602025 -3.9749744 0.53558499 12
-1.6619577 6.0050812 0.56392884 8
-1.6916132 -3.9905579 0.62950337 13
-1.6665728 -4.0403914 0.77206129 14.5
-1.6423209 3.877789 0.73866558 13
-1.6063858 5.8769641 0.72645825 10
-1.6980976 -4.0190616 0.84340304 14
-1.6823535 -4.1066813 0.99134034 13
-1.6532342 -4.0314803 1.0408964 12.5
-1.619427 -4.1090837 1.210453 13.5
-1.6177926 -4.0411844 1.2481285 14
-1.6649381 5.9606762 1.2272348 12.25
-1.6372819 -4.1089988 1.326322 14
-1.6395727 -4.0854559 1.3660785 13
-1.6138026 5.8335962 1.3829852 15
-1.6873199 5.8081923 1.4388663 14
-1.6788024 -4.038322 1.5028549 14
-1.6417061 5.8727636 1.5002244 14
-1.6998925 5.8886218 1.7654704 13
-1.6405407 -4.0093455 1.8962348 15
-1.6715724 5.9603224 1.93211 14
-1.6885983 5.8296571 2.0222957 14
-1.6553463 5.9421673 2.0806067 15
-1.6636803 5.8902764 2.3017566 15
-1.5785067 -4.0453839 -0.43407193 7
-1.561106 -2.4430218 -0.41120639 1
-1.5366477 -2.3431563 -0.41051894 2
-1.5144589 -2.0107989 -0.43054995 0
-1.5979398 -1.8707551 -0.44577837 0
-1.581973 -1.2332126 -0.44047505 0
-1.5236529 -0.46405503 -0.42469043 0
-1.5410687 -0.1796902 -0.41121209 0
-1.5584271 -2.9811387 -0.32026607 0
-1.5193405 -1.5237801 -0.39779395 0
-1.585299 0.12901175 -0.3609246 3
-1.5062457 0.57873154 -0.31426245 3
-1.5878817 0.69716287 -0.3760975 2
-1.5718189 1.5109812 -0.31695768 0
-1.5623062 -4.0133333 -0.25390568 7
-1.5921899 0.12069727 -0.26361069 1
-1.5539993 -4.0518394 -0.13883826 7.6666665
-1.5560647 2.4392934 -0.14845912 3
-1.5664302 -4.110858 -0.084254496 8
-1.5946661 -3.9578245 -0.054016843 9
-1.5136342 -4.061655 0.054434337 12.5
-1.5502561 -4.0638199 0.13129798 13
-1.5350811 3.8932297 0.16722351 10
-1.5812107 -4.0977759 0.22505733 10
-1.5541528 3.9495652 0.22543716 9
-1.5856127 6.0488391 0.29953355 6
-1.5707176 6.1210189 0.2434826 8
-1.5961199 -4.0274854 0.32210362 12
-1.5416515 3.8570144 0.3888 11
-1.5412902 -4.0355902 0.45307496 10
-1.5672213 -3.9824243 0.48396897 12
-1.5258303 3.9510455 0.45758274 10.666667
-1.5123607 4.0069256 0.44703937 12
-1.5824059 6.0449443 0.49035251 8
-1.5328125 -4.029098 0.55635923 11.333333
-1.5576812 3.875438 0.5534268 11
-1.5766885 6.0114131 0.57084447 8
-1.5433973 -4.052371 0.63874894 12.5
-1.5743709 -4.0487933 0.85033381 11.333333
-1.5870781 -4.1171098 0.94577521 14
-1.5351783 -4.0888777 0.95678812 14
-1.5317329 -4.0600443 1.0546722 13
-1.5341915 5.9218087 1.055283 12
-1.5376807 -4.0793653 1.160107 13
-1.5235868 5.8546147 1.1093059 13
-1.5501846 5.9065537 1.1279886 12
-1.5503128 5.9408216 1.2902365 13
-1.5613667 -4.1204205 1.319893 13
-1.5672947 -4.0841208 1.3114531 14
-1.501623 5.8334804 1.3713403 15
-1.5973914 5.7235203 1.4581175 14
-1.5066587 5.9014893 1.4185202 13
-1.5806518 5.9279222 1.5715547 14
-1.5283071 5.8582568 1.6992836 14
-1.5299318 -4.1177063 1.7380797 15
-1.5454948 -3.3215687 1.7662613 15
-1.5715582 5.8494964 1.7820846 15
-1.5106338 5.8833041 1.9217917 15
-1.5093025 5.9013448 2.0824847 15
-1.4578608 -4.0248384 -0.40769577 5
-1.4655662 -2.0031536 -0.44475991 0
-1.4035666 -3.174664 -0.31621557 0
-1.4505198 0.34689233 -0.38242865 2
-1.4320331 -3.9672329 -0.24026528 5
-1.4368767 -2.3806109 -0.29208085 2
-1.4090436 0.34068739 -0.26045507 0
-1.4718798 0.40650567 -0.25218546 0
-1.4638033 -4.1545596 -0.1919439 5.5
-1.450749 -4.0776362 -0.19599181 6
-1.4855542 1.3804766 -0.16836517 2
-1.4512671 -4.0198693 -0.048147563 10
-1.4013729 -3.9911427 -0.040011454 8
-1.4228058 3.0296001 -0.077157058 3
-1.4552517 -4.0441771 0.037079182 9
-1.4142622 -4.1117229 0.15098047 9.5
-1.4200021 -4.1084633 0.21696664 15
-1.478794 -4.0594306 0.26695359 11.5
-1.4527599 3.8715713 0.26712602 10.25
-1.4713191 3.9368742 0.25806153 12.666667
-1.4222927 -4.0443091 0.36604735 10.5
-1.4970803 3.9681633 0.38634786 9
-1.4353954 4.0336862 0.33147928 9
-1.4184467 -4.0492768 0.46326786 12.5
-1.4599215 3.9287734 0.43180466 9.75
-1.4388665 -4.0365777 0.53165811 12.5
-1.4268204 3.8266437 0.58521444 14
-1.4104924 5.8263021 0.52471399 7
-1.470924 -4.0527163 0.63810951 12.5
-1.4981673 -3.9876547 0.68684286 13
-1.4250847 3.9323523 0.61043864 12
-1.4590639 -4.0771599 0.76542318 13
-1.4879158 3.851074 0.76551527 14
-1.4925296 4.6760254 0.73522836 12
-1.4237794 5.8996391 0.79572767 11
-1.4148864 5.909029 0.77045268 9
-1.4292715 -4.0264854 0.88488495 14
-1.452791 5.874238 0.84949124 10.333333
-1.4391893 -4.0718937 0.96116751 13.333333
-1.4757227 5.8629475 0.92536891 10.5
-1.4423186 -4.1173701 1.0115709 12
-1.4484369 -4.0693383 1.0030591 12
-1.4434108 5.8657184 1.0773808 12.5
-1.4518353 5.9126563 1.072143 11.333333
-1.4352889 -4.0521455 1.1516637 15
-1.4703746 5.8880992 1.1231639 11.25
-1.4268346 5.9163327 1.1252668 12
-1.4771928 5.7118058 1.2033813 13
-1.4395131 5.8582807 1.2676554 13.5
-1.4625502 5.9166713 1.2304418 12
-1.4343183 5.8544888 1.3713301 12.857142
-1.4832014 5.9140148 1.3794231 13
-1.4310303 5.7332549 1.4291245 15
-1.4438808 5.8711033 1.4608907 13.5
-1.4085746 5.9205384 1.4831058 13
-1.4486834 5.8686314 1.5253131 13
-1.400668 5.9028797 1.5608108 13
-1.436496 5.7555075 1.6248908 15
-1.4499599 5.8522935 1.6554675 13.666667
-1.4460647 -4.0423741 1.7731684 15
-1.4455709 5.8598213 1.7677513 14.5
-1.4680068 5.7946496 1.8148557 13
-1.4471855 5.8409715 2.0063782 14
-1.4387432 5.9272761 2.0399654 15
-1.3726703 -2.1204054 -0.42597771 0
-1.3802692 -0.58118731 -0.42716932 0
-1.3523421 -0.41249627 -0.41302434 0
-1.3597437 0.2986818 -0.3103489 2
-1.3288889 0.62802863 -0.35401905 0
-1.3523909 1.0230441 -0.32152 0
-1.3747779 -2.188632 -0.28144762 2
-1.3042501 -0.49945801 -0.29706392 3
-1.334275 0.95072615 -0.24603291 2
-1.3269922 1.1419595 -0.2612946 0
-1.3994088 1.708423 -0.15609424 0
-1.3583215 1.8539705 -0.17768922 1
-1.3879368 2.6730053 -0.18557292 3
-1.3865712 3.5740187 -0.10089599 3
-1.3384421 -4.0684829 -0.048173074 10.666667
-1.3695863 -3.9785185 -0.075543173 7
-1.3438386 3.089787 -0.081131339 2
-1.3249291 3.3484766 -0.052467402 3
-1.392519 3.5360527 -0.028167183 4
-1.3508226 -4.0648746 0.053956155 11.5
-1.3272234 3.8268025 0.0099534867 8
-1.3685426 -3.996295 0.17375113 13
-1.3295975 -4.0599799 0.23855819 10
-1.328944 -3.9541538 0.26739052 12
-1.3888557 4.033546 0.22259291 8
-1.3637282 5.8053098 0.24175414 8
-1.3336639 -4.0315113 0.32269138 11
-1.3819776 -3.9901943 0.39476484 11
-1.33275 3.863709 0.37167132 9.666667
-1.3333575 3.9163265 0.30612695 9
-1.3697679 4.0823846 0.33335593 10
-1.3705795 -4.0824103 0.47533935 15
-1.381512 3.8742213 0.42914465 11
-1.3498064 3.9275637 0.43334284 10.5
-1.3382763 3.8574865 0.54780859 11.833333
-1.340325 3.9105432 0.51216608 10
-1.3556308 5.8492231 0.54808635 9.666667
-1.3557997 5.9471774 0.5347665 9
-1.3990165 -4.0316105 0.6338715 12
-1.3389447 3.8623495 0.62818432 12.666667
-1.3114892 5.8770976 0.62205911 10
-1.3473009 5.9216495 0.66023231 10
-1.3287468 -4.0294151 0.74199241 12
-1.3476857 3.839416 0.70665139 12
-1.3820926 5.8570681 0.76436603 11
-1.3760769 -4.070261 0.87791997 15
-1.3695731 5.8851686 0.88427514 11.5
-1.338132 -4.0607109 0.93518841 14
-1.3390003 5.8621373 0.98003489 9
-1.3339541 5.922224 0.93861157 11
-1.3782829 -4.1547217 1.0596195 14
-1.3566344 5.8630018 1.0445693 11.428572
-1.3083111 -4.0535817 1.1163576 13
-1.3553277 5.869956 1.1436299 12.166667
-1.3360487 5.9299207 1.1318253 11.875
-1.3573622 -4.17102 1.2350001 14
-1.3437812 5.8619766 1.2255929 12.4
-1.3377221 5.9299154 1.2821174 11.4
-1.3191116 6.0148678 1.2135469 12
-1.3278315 5.8578124 1.3472576 13.5
-1.3525918 5.9322219 1.358126 12.666667
-1.3428973 5.86306 1.4111285 13
-1.3737946 5.9376965 1.4734474 13
-1.3374065 -4.1152945 1.5705385 14.5
-1.3802077 5.8475819 1.5355331 14
-1.339559 5.9365406 1.5231626 13.5
-1.3444753 5.7895646 1.6558725 14.5
-1.3654019 5.8718305 1.6489975 13.5
-1.3285764 5.9553275 1.6444367 14.5
-1.3474289 5.8428512 1.7495604 13.5
-1.3424582 5.9225965 1.7280097 14
-1.3798252 5.8788524 1.8163704 14
-1.3180025 5.8616452 1.9453723 14
-1.3513693 5.8412843 2.1212783 14.5
-1.3395444 5.8611174 2.278482 14
-1.3499727 5.8326659 2.3324671 15
-1.2653719 -0.93011796 -0.43190256 0
-1.248917 0.79136795 -0.40799239 0
-1.2101657 -3.2413769 -0.31273112 0
-1.2501504 -0.39623821 -0.34243062 0
-1.250329 -0.25585768 -0.37857115 3
-1.2412766 -0.17191611 -0.30230775 2
-1.2957214 1.5208858 -0.30181336 0
-1.2108378 -4.215786 -0.25206217 3
-1.2318727 -4.1222863 -0.2514095 5
-1.245206 -4.0264573 -0.26228899 7
-1.2303258 0.20396231 -0.28405926 4
-1.2855312 0.36373839 -0.29764819 1
-1.2564092 1.6514821 -0.15650351 0
-1.2947439 2.4426174 -0.14618206 2
-1.2283567 -4.2570539 -0.033860166 10
-1.2792715 -3.9812787 -0.055556707 8
-1.2378379 2.7343583 -0.049170639 3
-1.262733 -4.0434608 0.050357379 9.875
-1.2611908 -4.0358028 0.13384478 9.5
-1.2320365 4.0326433 0.12716147 9
-1.2450372 -4.101068 0.25424001 8
-1.279653 -4.0288267 0.27202785 14
-1.2564721 3.8743317 0.23768429 9.833333
-1.2030092 5.9215198 0.25406083 6
-1.2159563 -4.032228 0.38827711 14
-1.2840556 3.8811631 0.35315531 12
-1.2451255 5.9385462 0.36813459 7.6666665
-1.2472179 -4.0414705 0.43528703 12
-1.2150873 3.797508 0.46527997 9
-1.2785532 3.8530312 0.40810585 10
-1.2310318 3.9359398 0.46516123 13
-1.2648355 5.9376159 0.49357775 8
-1.2632707 -4.0295019 0.55352861 11
-1.261536 3.8600128 0.57878727 12
-1.2007596 3.9505117 0.50299627 14
-1.2140124 4.5602565 0.50722235 9
-1.2947433 5.9029379 0.55054152 9
-1.2448885 -4.0585918 0.60518855 15
-1.2493492 3.8863633 0.60592735 12
-1.2947029 5.8797264 0.63975203 9
-1.2197587 5.9102726 0.68606293 8
-1.2826153 -3.9930248 0.73260617 15
-1.2220495 3.8536448 0.70367074 14
-1.2788177 5.9241438 0.74819493 9
-1.2541233 -4.1366034 0.83472896 13
-1.2780577 -4.0833244 0.88521498 13
-1.2317322 -4.0505681 0.96163768 12
-1.2785053 5.9224577 0.94533539 10.666667
-1.2756584 5.8883462 1.076406 11
-1.2141516 5.9037862 1.0563974 11.5
-1.2393291 5.8687563 1.2341887 11.5
-1.2922919 5.9033546 1.2261448 12
-1.2919008 -4.0764856 1.3227367 13
-1.2294861 5.8548479 1.3313085 13
-1.263746 -4.1159163 1.4593616 14.5
-1.2989388 5.8868198 1.402781 15
-1.2852826 5.7991681 1.5649556 15
-1.2822464 -4.1040225 1.6887339 15
-1.2688971 5.8535748 1.6480924 13.666667
-1.212891 -4.1688614 1.7123371 15
-1.2838845 -4.0938091 1.7934505 15
-1.2418423 5.9180408 1.7603618 14.5
-1.2919422 -4.081634 1.8282356 15
-1.2334924 5.8873239 1.8250713 14
-1.2591038 5.9411569 1.826601 14
-1.2105902 5.9230061 1.9150888 13
-1.2545866 5.1745815 2.0990047 15
-1.2872441 5.8749499 2.012646 15
-1.24646 5.793437 2.210186 15
-1.1122596 -4.1122923 -0.41523764 2
-1.1901394 -3.9811296 -0.42631772 7
-1.1368597 -3.5580285 -0.40204525 0
-1.1734502 -1.5189323 -0.41461143 2
-1.1105806 -0.88362563 -0.35877496 3
-1.1645639 -0.57971221 -0.34764218 2
-1.106866 -0.43883026 -0.31447309 1
-1.1330068 0.14820929 -0.39687595 3
-1.1224236 -2.5815408 -0.27708849 0
-1.1664078 -1.4568346 -0.29642567 4
-1.1440092 2.0512397 -0.21887569 2
-1.1278188 6.0007415 -0.20834914 6
-1.1512518 -4.0584507 -0.13154352 8
-1.1091249 1.4371059 -0.18245824 1
-1.1900616 1.7177107 -0.17272763 4
-1.166589 2.2029514 -0.13795108 4
-1.1405298 3.0937135 -0.13333945 3
-1.1730919 3.4490402 -0.11951847 3.5
-1.1275491 3.6076589 -0.1027576 3
-1.1697615 -4.1584382 -0.0057769027 9
-1.1260043 -4.0608168 -0.066377737 9
-1.1020986 -3.9862175 -0.076349579 8
-1.1055619 3.1078787 -0.050212834 3
-1.1904426 -4.1125016 0.033459589 9
-1.1139851 3.3044331 0.021969112 2
-1.1165452 3.7978621 0.075012982 3
-1.1259353 3.842473 0.010557631 8
-1.1326044 -4.1614456 0.1064905 11
-1.140993 -4.0521436 0.16878337 11.333333
-1.1917496 3.9062276 0.19619803 10
-1.1778784 5.9412498 0.16966891 7
-1.1815693 6.0570474 0.19758213 7
-1.1973952 -4.0927305 0.28473452 15
-1.1761162 3.9387188 0.23698594 12.5
-1.1733404 5.986578 0.23291183 7
-1.1399033 -4.1429777 0.39433742 15
-1.1725895 -4.0460525 0.36581469 12.5
-1.1383559 3.954695 0.36954594 11.666667
-1.1223421 4.1204181 0.37049192 9
-1.1561825 5.9572754 0.36090615 9
-1.162207 -4.0237784 0.46767417 12.75
-1.1622367 3.9515088 0.46565142 10.5
-1.1644824 -4.0462804 0.5272761 12
-1.155706 3.9153125 0.54828823 12.5
-1.1405839 -4.1165257 0.68673706 12
-1.1675482 3.89657 0.69665766 12
-1.1493449 5.9126139 0.69334066 9
-1.1361188 -4.0472713 0.76307321 13.666667
-1.1153495 6.0233164 0.72909719 10
-1.1529565 -4.0533504 0.86204588 12.5
-1.1852759 5.9539623 0.871503 11
-1.1183947 -4.0512571 0.95458245 13
-1.1569299 5.8774247 0.97756422 11
-1.1736021 -4.1862383 1.0461016 14
-1.1345621 -4.0774989 1.0860642 13
-1.1453339 -4.0850534 1.2423863 14
-1.1662199 5.9096861 1.4479531 12.5
-1.1306601 -4.1557741 1.504778 14
-1.1097428 5.9159842 1.572057 14
-1.1295041 5.8195515 1.6876105 14
-1.1871186 5.8242321 1.7064492 15
-1.1585513 5.9295926 1.8736407 15
-1.1242599 5.8480778 1.9429505 14
-1.1555566 5.9133382 1.937745 15
-1.1212907 5.9153228 2.1524866 14.5
-1.1280943 5.477922 2.2315006 15
-1.0701966 -3.1785784 -0.42071432 0
-1.0205888 -2.5545156 -0.40643519 0
-1.0378137 -3.6859307 -0.37283757 3
-1.033793 -1.9148887 -0.36510831 3
-1.0436566 -1.5479439 -0.3187657 2
-1.0922508 -0.2082732 -0.33939421 0
-1.0857795 0.024834836 -0.38599035 0
-1.0520492 0.24073206 -0.37588614 2
-1.0398473 0.69832253 -0.34599477 2
-1.0054063 -3.775013 -0.29566228 2
-1.0255078 -2.4167345 -0.27579218 0
-1.0114392 -2.2877004 -0.28896073 1
-1.0553254 0.23471369 -0.29934826 1
-1.0040834 2.1110744 -0.22326581 1
-1.0463582 2.2677386 -0.20940308 1
-1.0429428 -4.258224 -0.14523868 8
-1.093534 -4.1015759 -0.1430264 8
-1.0956097 -3.9482875 -0.19601829 7
-1.0995053 1.6412427 -0.19832572 0.5
-1.0630568 1.8425703 -0.17909695 0
-1.060518 1.9563454 -0.12635379 2
-1.0298917 2.1766529 -0.10975096 1.5
-1.0305958 2.2817338 -0.14183474 3
-1.0256239 -4.0327997 -0.058037106 7.75
-1.0181385 3.195961 -0.0083956011 1
-1.0649137 3.775491 -0.08187376 3
-1.0950754 3.8618262 -0.080167487 4
-1.0662489 -4.0375686 0.081361696 9
-1.0682824 -4.0403552 0.13703592 8
-1.0664874 6.0128007 0.13184795 6
-1.0772921 -4.0606256 0.24599355 10.5
-1.0352845 6.1042604 0.28901801 8
-1.0359018 -4.1046109 0.31451359 10
-1.0570401 -4.0323634 0.31321767 11
-1.0589137 6.0265508 0.32138091 9
-1.0266603 -4.0503716 0.46759242 10
-1.0851907 3.9873455 0.42728665 12
-1.0983374 -4.0193181 0.50707453 13.5
-1.0208597 3.9395289 0.57546622 14
-1.0443597 4.0521321 0.5128541 10
-1.0375715 3.930232 0.65670067 14.5
-1.0392157 -4.1763005 0.77430457 13
-1.0080132 3.8510501 0.71171945 15
-1.0236657 5.8047771 0.71738458 10
-1.0916364 -4.0620904 0.88870579 14
-1.0355783 -4.1150246 1.0867239 15
-1.0329425 -4.0682554 1.0607227 14
-1.0952605 -4.0504255 1.135687 15
-1.062184 -4.075634 1.2817662 13
-1.0440747 -4.1247959 1.365149 14
-1.059564 -4.1404133 1.5479211 15
-1.0832033 6.1711373 1.6323508 14
-0.92384547 -3.0806599 -0.4138957 0
-0.94422334 -2.9300358 -0.40994358 0
-0.97992188 -1.9498762 -0.42072797 0
-0.96344459 -1.7052828 -0.4379037 0
-0.95681506 -3.4579916 -0.31462368 0
-0.96084476 -2.9080234 -0.38809609 3
-0.96529406 -1.2560321 -0.33561656 1
-0.9101041 -0.54340947 -0.3292574 0.5
-0.96386105 -0.23187146 -0.34121171 0
-0.98817492 0.26156005 -0.36066419 0
-0.92306864 0.31951115 -0.31229049 0
-0.92632723 -2.4158506 -0.27773231 0
-0.90028822 -0.43622139 -0.28847915 3
-0.90704924 0.16661343 -0.29267365 1
-0.99195898 0.86592096 -0.26787606 1
-0.9165442 1.0151577 -0.25428239 2
-0.91039425 1.1310863 -0.2513755 0
-0.95792633 1.517846 -0.15782019 2
-0.98180956 2.9215434 -0.16795452 3
-0.97275096 3.0503428 -0.13608278 1
-0.94396526 -4.159709 -0.03901295 8
-0.99894065 -4.0860262 -0.019102754 11
-0.97352993 2.5420041 -0.057710469 2
-0.99702746 2.6778121 -0.018845405 4
-0.92606491 3.5410194 -0.045525178 3
-0.90727878 3.6021397 -0.095636465 3
-0.94356537 3.8260012 -0.073164351 3
-0.90328819 -4.0425453 0.011752166 13
-0.92715353 -4.0220032 0.15924242 12
-0.97899944 6.0332408 0.15501393 8
-0.93538702 -4.1419187 0.27155998 9
-0.96175396 -4.065167 0.27501214 12
-0.93095982 5.9998322 0.2563622 8
-0.98964477 6.0031791 0.20048545 7
-0.96229273 3.8395209 0.35903478 12
-0.90929323 5.9449372 0.36107215 8
-0.9253729 6.0762544 0.41741255 9
-0.95425451 -4.0666938 0.68125516 13
-0.95183003 -4.0965462 0.82371098 13
-0.97381413 5.9728208 0.80135894 10
-0.96407372 -4.0935245 0.955603 12
-0.95098132 5.9817643 0.93390971 11
-0.96457165 -4.1056991 1.0217124 14.5
-0.90393615 -4.0881104 1.0239655 14
-0.91783309 -4.1285577 1.1247287 14.5
-0.96113098 5.9365072 1.2753965 13
-0.9269554 -4.110961 1.3152488 14
-0.93287516 -4.1479397 1.4517264 14.5
-0.98175174 5.7897086 1.4651164 13
-0.93265623 5.9262762 1.434462 14
-0.90642792 -4.1368256 1.6756315 15
-0.912063 5.9257951 1.6297747 13
-0.909585 5.5715594 2.1340597 15
-0.99224693 5.8256192 2.2078376 14
-0.81696224 -2.8287842 -0.41018212 0.5
-0.88369745 -2.6974528 -0.40765908 0
-0.81279659 -4.2159691 -0.3764911 2.5
-0.81694084 -4.1903329 -0.32296354 7
-0.88615739 -3.8327675 -0.3339819 2
-0.80072767 -3.6620221 -0.32199445 1
-0.83763772 -3.3899939 -0.33214909 0.5
-0.84294146 -3.1978054 -0.32023385 0.5
-0.8568598 -1.7037212 -0.30081272 3
-0.82533509 -1.1710054 -0.33671245 0
-0.82040614 -0.63531077 -0.30130494 2
-0.80938375 -0.51210088 -0.3969641 0
-0.85019994 -0.29851794 -0.36424401 1.5
-0.83567804 -0.12636153 -0.33035517 0
-0.80535287 0.052415799 -0.30470383 3
-0.8663274 0.13767761 -0.35994455 0
-0.82792234 0.70485842 -0.35201967 2
-0.86529404 -4.3207479 -0.27189636 6
-0.80271053 0.50632775 -0.29964417 2
-0.86986244 0.79230815 -0.23497437 3
-0.80784523 0.83716023 -0.26261863 0
-0.84683102 1.4685004 -0.22633518 1.5
-0.80670553 1.7698427 -0.24687155 2
-0.89704984 2.3269179 -0.20328769 0
-0.81609529 2.0993114 -0.16108024 2
-0.88780981 2.5808139 -0.12526245 3
-0.80901915 2.8481059 -0.14459464 0
-0.85669094 3.3502717 -0.11626602 2
-0.85141522 -4.0638332 -0.039403908 9.5
-0.84397894 2.8578463 -0.07441289 2
-0.88752139 3.1278706 -0.025040142 2
-0.81609434 3.9597554 -0.053276923 4
-0.84641439 -4.0513101 0.075735681 10.5
-0.80724692 3.9485772 0.082436778 3
-0.82974643 4.4913454 0.033497844 6
-0.8955164 -4.1061769 0.13630055 13
-0.85273784 -4.0424423 0.12378088 10
-0.85222822 4.0972471 0.17444646 8
-0.89491445 -4.1278019 0.23375958 15
-0.87190115 -4.0500469 0.23052582 11.833333
-0.81829542 -4.0920191 0.30646884 12
-0.89698941 4.4922109 0.31307405 8
-0.88501585 4.6163516 0.3162916 9
-0.84252661 -4.0589876 0.44544995 14.333333
-0.86383408 3.8015435 0.46532983 13
-0.82840168 5.9589744 0.43659645 7
-0.85135132 -4.1358099 0.56134558 11.5
-0.87551856 -4.0573606 0.55905306 11.333333
-0.85375857 6.0263462 0.54450315 8.5
-0.81995618 5.8434591 0.61156321 9
-0.85160166 -4.0791664 0.75791037 13
-0.89245892 -4.0949287 0.8636505 14.5
-0.88854611 5.9064274 0.82527852 10
-0.82987982 -4.1447196 0.95384377 13
-0.86118239 -4.0372953 1.0540513 15
-0.83386731 5.953362 1.120803 12
-0.83074749 -4.1405411 1.2327578 15
-0.81620741 -4.1439967 1.3256274 15
-0.837008 5.8865399 1.3464912 12.5
-0.81943709 6.2223625 1.3245614 13
-0.85202324 5.8973947 1.4490875 15
-0.83779889 5.9365897 1.4536372 13
-0.8820852 6.0067773 1.5817978 13
-0.86388582 5.9040651 1.6423087 13
-0.81813145 6.00173 1.9159262 14.5
-0.8758648 5.9471812 2.1043782 15
-0.74699765 -4.0274196 -0.60332149 7
-0.76157767 -3.6990736 -0.4181141 3
-0.75515687 -3.306226 -0.4200837 1.5
-0.79287136 -3.0677001 -0.42099032 1
-0.75709164 -4.096066 -0.370487 7
-0.7348811 -3.1859581 -0.37525812 2
-0.71776766 -2.9846976 -0.31947085 0
-0.75197989 -2.5698881 -0.38212794 2
-0.74148327 -2.2416499 -0.39709219 0
-0.70005858 -1.1393282 -0.33308041 1
-0.77200335 -0.6537168 -0.39054564 0
-0.78524524 -0.36841527 -0.32432303 1
-0.76817131 0.050564189 -0.33998206 0
-0.7501986 -4.0900612 -0.21692674 7
-0.76625371 -0.88382816 -0.29609105 3
-0.75317574 0.054160032 -0.24487482 4
-0.77431995 0.39397714 -0.28124017 2
-0.71850502 0.54243034 -0.24411586 3
-0.78947848 1.3062857 -0.2565271 1
-0.74414861 -4.2134171 -0.13680804 9
-0.76661909 -4.0893154 -0.18449891 7
-0.77711886 1.4025657 -0.15736124 3
-0.7535125 1.6237378 -0.18880156 0
-0.7616021 1.9164524 -0.17353652 2
-0.77217603 2.0377219 -0.13154359 2
-0.70367646 2.2313764 -0.13805817 3
-0.73055726 2.9994221 -0.15348859 2
-0.78588158 3.0042741 -0.13920625 0
-0.74667132 -4.0428858 -0.014661632 9
-0.77657008 2.389194 -0.090685904 0
-0.71972883 2.6706407 -0.042514153 3
-0.78448004 3.0279181 -0.03046114 0
-0.71065903 3.1229177 -0.019857755 0
-0.7493968 -4.0821939 0.042397641 10
-0.76764697 -4.0796709 0.15795338 10.5
-0.76812422 -4.0884981 0.25344896 12.333333
-0.7112335 3.8523848 0.21150638 10
-0.75027031 6.0025406 0.21169293 7
-0.72512597 -4.0821786 0.3361046 9
-0.79616952 3.8930883 0.34328315 15
-0.74620247 3.9466975 0.34581605 9.25
-0.72676903 5.9104195 0.39070627 9
-0.73133415 -4.083631 0.40136012 15
-0.78819668 -3.9945631 0.4440808 13
-0.72529423 3.9362094 0.46318704 11.25
-0.70639253 -4.1142497 0.52441013 11
-0.7280826 3.858923 0.55352557 13.5
-0.71702439 3.9249451 0.5248425 12
-0.79882026 5.820744 0.52460819 9
-0.76729721 5.9428391 0.54309708 8.666667
-0.76967019 -4.1511288 0.73363066 11.333333
-0.71447217 -4.0645866 0.78996128 11
-0.7782321 5.8480902 0.71784961 10
-0.72946292 5.9473763 0.77842176 9.75
-0.7532683 -4.2012701 0.8018446 13
-0.75151581 -4.0831966 0.9618988 14
-0.72728074 5.8915806 0.96722001 11
-0.75182611 5.9414783 0.92110878 12
-0.73580432 5.8600206 1.0361837 11
-0.76964504 6.0162625 1.0996411 11
-0.74263746 5.8717027 1.1323335 11
-0.74436802 -4.1211004 1.2108262 14
-0.71465445 5.8709159 1.2568142 12.833333
-0.72868156 5.8742819 1.3430305 15
-0.79824942 5.9371758 1.3543701 13
-0.76738948 5.7533374 1.4076037 13
-0.7895155 5.8909454 1.4275128 13
-0.74281389 5.8425412 1.527814 15
-0.76679039 5.9258723 1.5392786 13
-0.73984385 5.8065524 1.6299092 14
-0.73107034 5.7851157 1.8456725 14
-0.78872603 5.9246492 2.0959115 15
-0.6914776 -4.3032727 -0.32786727 5
-0.60898459 -3.4801388 -0.3252801 0
-0.67072475 -2.8890121 -0.31207874 0
-0.6758638 -2.5346355 -0.38308546 1
-0.6956315 -1.3184128 -0.36193717 0
-0.63807076 -0.89171529 -0.396615 1.5
-0.63348329 -0.33649448 -0.34012452 0.5
-0.65446049 -0.26208267 -0.33031228 0.5
-0.61360568 0.34622309 -0.30542466 0
-0.69256276 0.45590433 -0.30031228 0
-0.65423477 -4.2196569 -0.28335765 4.25
-0.63730162 -4.1562343 -0.24703123 6
-0.65106124 -3.4015198 -0.2983692 0
-0.68694544 -2.2486053 -0.29952955 0
-0.65014482 0.3869538 -0.22877082 0
-0.65494537 1.4665563 -0.25466102 1
-0.60104227 1.5761371 -0.21470192 2
-0.60910285 1.6212987 -0.22464655 0
-0.65400881 1.7040246 -0.21744022 0
-0.64740187 2.183708 -0.21039447 0
-0.60304844 -4.2283564 -0.17825459 5
-0.6986717 1.3791537 -0.18992904 4
-0.68607467 2.0443394 -0.14227863 0
-0.69577569 2.1875973 -0.11888824 0
-0.63671988 2.2503183 -0.15334271 2
-0.64758605 2.541558 -0.12874416 2
-0.63828081 -4.067564 -0.046144389 8.5
-0.6555894 2.9942524 -0.019020058 3
-0.66542369 3.3340173 -0.0010049955 2
-0.62348306 3.5067849 -0.046384178 3
-0.67408615 -4.0577412 0.042576928 10
-0.62128019 3.5636744 0.021864941 3
-0.62985998 3.7685938 0.048999932 2
-0.65192711 -4.1203938 0.17701212 15
-0.65201169 -4.1260014 0.27060053 11.333333
-0.64191687 3.7733028 0.27691939 10
-0.69722104 3.9067435 0.27053872 13
-0.64011526 -4.0952168 0.34328499 15
-0.6631521 3.7449491 0.39246118 11
-0.69546586 3.831614 0.34800708 11.5
-0.65080088 3.9706266 0.39101848 12
-0.65064865 4.0323887 0.34373513 10.333333
-0.61281562 3.7968731 0.43974474 11
-0.66342586 3.8875031 0.44181785 11.5
-0.60655558 3.9019418 0.46072948 12
-0.67721009 -4.0992966 0.55075544 15
-0.65111697 3.7643743 0.51270658 12
-0.6912834 3.8890932 0.52106899 12.5
-0.63825065 3.9067171 0.54346615 14
-0.64861166 3.842963 0.63759172 12
-0.64673531 -4.0950003 0.73441941 12
-0.62486166 3.8358936 0.70721751 15
-0.67042005 5.8842731 0.76494163 10.333333
-0.6636678 5.9408102 0.72974968 10
-0.61263156 -4.1577148 0.86187971 14
-0.65791464 -4.0875182 0.85349953 13
-0.63904119 5.9229493 0.85863388 10
-0.60577518 5.8912244 0.98481035 11
-0.64956021 5.9298453 0.93284422 10.666667
-0.6346966 -4.1196456 1.0636634 13
-0.65340805 5.8925972 1.0320673 11.666667
-0.63993955 5.9290438 1.0868409 11
-0.64246535 5.9314284 1.1722424 12.333333
-0.67623395 5.8896356 1.2303078 12
-0.63885432 5.8767476 1.32838 12.666667
-0.67383057 5.9633627 1.3636811 13.5
-0.67405075 -4.0932293 1.4289809 15
-0.63774198 5.8437967 1.4478147 14
-0.65451241 5.7692108 1.5992333 15
-0.63874835 5.8824196 1.5829451 14
-0.64502984 5.9086428 1.5567386 15
-0.68203259 5.9378171 1.6425439 15
-0.61261815 5.9205041 1.8392948 14
-0.60995364 5.9037452 1.9940789 15
-0.52663273 -3.0323668 -0.40438116 2
-0.5627135 -1.8201998 -0.42905995 1
-0.59216887 0.58498257 -0.41464749 0
-0.52287984 -2.4505997 -0.37356794 1
-0.51311737 -1.9834267 -0.31163862 2
-0.56311542 -0.79391664 -0.33019796 2
-0.58211643 -0.54479212 -0.30131531 3
-0.50316727 -0.46970859 -0.30474168 0
-0.56719363 1.1145701 -0.36328411 1
-0.59171814 1.5253208 -0.32942486 0
-0.52206701 -4.1710491 -0.2954239 4
-0.56805605 -1.5623914 -0.28531426 3
-0.53595519 0.49041569 -0.26543006 1.5
-0.56398308 0.52168643 -0.24795163 0
-0.5253635 0.89056963 -0.26551116 0
-0.59465581 -4.2068071 -0.13173813 8.5
-0.59588361 -4.1428294 -0.17297731 7
-0.54120493 1.5656074 -0.18531853 0
-0.55070865 1.8771821 -0.1930804 2
-0.59297103 1.9004141 -0.14122826 1
-0.52344477 2.6758175 -0.11922899 0
-0.50526041 3.5162539 -0.12992002 1.5
-0.52652395 -4.1134644 -0.020036986 9.5
-0.57816809 -4.0098438 0.055942498 10
-0.50732028 3.4379482 0.0010743247 0
-0.59981871 3.5464983 0.078538023 2.5
-0.52388728 3.9128902 0.0092810253 8
-0.57759994 4.8122978 0.061130941 6
-0.53512949 -4.1098137 0.17312363 14
-0.54210222 -4.096261 0.18007074 12
-0.59168553 3.8415301 0.18833841 9
-0.52757251 -4.0973158 0.28864428 14
-0.56938118 3.8355248 0.22415188 9
-0.51957101 3.919003 0.27665088 10
-0.51643884 4.4439158 0.2894187 8
-0.55998951 -4.1069269 0.31452218 13
-0.58304191 -4.0823808 0.39198285 11
-0.57609373 3.7586668 0.30693263 9
-0.56272829 3.8607545 0.35785213 13.75
-0.58855098 3.9524734 0.33660197 10
-0.54842895 3.8357987 0.47631809 11.25
-0.58656389 3.9181077 0.47510329 12.5
-0.59112346 -4.091517 0.54696876 14
-0.53305519 3.7929354 0.52468371 11
-0.54087716 3.8752544 0.55592239 13.333333
-0.57204491 5.9041357 0.58021444 9
-0.58989066 -4.1414557 0.6837858 13
-0.51984864 -4.0806584 0.66885048 12
-0.5181098 3.8250456 0.69661349 11
-0.53530937 4.0423207 0.65388781 12
-0.55332077 5.8905482 0.64058018 10
-0.57292753 5.9163904 0.67166197 10
-0.58154714 3.7895699 0.7309435 14
-0.50469255 3.8077307 0.74840212 15
-0.5045833 4.3716764 0.74668622 14
-0.59399962 5.8337102 0.72490233 9
-0.52537191 5.9196301 0.79457945 10
-0.57978451 -4.1556067 0.8126092 13
-0.50694072 -4.0880594 0.86532146 14
-0.58915997 5.8797832 0.85313064 10.5
-0.59591734 5.9137125 0.83711022 10
-0.56230617 -4.0880623 0.94948238 14
-0.53866607 5.9135523 0.91172421 10.5
-0.51211929 -4.1579375 1.0636034 13
-0.56645906 -4.0957856 1.0736048 13
-0.50622392 5.8537316 1.0742552 13
-0.5528605 5.9566121 1.0821838 11
-0.50052339 -4.2240095 1.1724335 15
-0.58034611 5.8730388 1.1587818 10.5
-0.57510281 5.9087491 1.1415354 11.5
-0.56501913 5.8837152 1.2580463 14
-0.56083196 5.9304171 1.2477577 12
-0.55427951 5.8816109 1.3416991 13.5
-0.57193005 5.9151449 1.3383644 12
-0.57893473 -4.1629152 1.4936761 15
-0.56915665 5.8643332 1.4472938 13.5
-0.54811233 6.0179219 1.411145 13
-0.54898286 5.8561497 1.5536966 13.5
-0.56672281 5.921309 1.5906636 15
-0.54133606 5.8591027 1.6463376 14.5
-0.56347901 5.8511348 1.7632817 15
-0.53163576 5.9060836 1.7176456 15
-0.55217391 5.8336959 1.9299589 14
-0.53823757 5.8738132 2.174592 15
-0.49801689 -4.1260719 -0.31603628 6
-0.40628767 -4.0318012 -0.31447023 7
-0.43662962 -3.9855938 -0.30789012 2
-0.47122788 -3.533884 -0.3548657 1
-0.48342332 -2.4152462 -0.39030802 0
-0.48960862 -2.1350656 -0.38185567 0
-0.41673234 -1.715806 -0.31724381 3
-0.40551469 -1.1194756 -0.39115906 0
-0.43887451 -0.86839336 -0.3836455 0
-0.48113927 -0.75981456 -0.33544219 0
-0.40119097 -0.6991508 -0.38402566 1
-0.48389718 -0.44479188 -0.38098514 0
-0.47021815 -0.35271335 -0.3422552 0
-0.4069005 -0.23343559 -0.32946491 1
-0.47165135 -0.057793975 -0.33225757 0.25
-0.4181627 0.89199084 -0.35478705 0
-0.4990581 -2.3269722 -0.28849977 0
-0.45733756 -1.4557029 -0.27990463 3
-0.44767746 -1.1557603 -0.29504612 3
-0.46740469 -0.5828374 -0.2344863 0
-0.47933331 -0.42661276 -0.29487124 2
-0.40196368 0.28274217 -0.25801662 0
-0.43303713 0.7949118 -0.20125966 0
-0.45392945 1.0510559 -0.224777 0.5
-0.46364251 1.2694304 -0.20237511 0
-0.47185525 1.7239691 -0.24464589 0.5
-0.49655998 1.8695998 -0.26513937 0
-0.46550724 2.1054678 -0.20691539 0
-0.40757811 -4.2379336 -0.13082995 8
-0.4438909 1.4073483 -0.18975973 3
-0.44538963 2.0173175 -0.14778633 0
-0.47718599 2.1518762 -0.1548751 2
-0.45090321 2.4996789 -0.14616896 2
-0.45112604 3.6085541 -0.12809993 1
-0.4934991 -4.1293759 -0.054943305 7
-0.42838985 -4.0401373 -0.040050484 8.5
-0.46474087 2.5278404 -0.054823309 4
-0.40815327 2.6699514 -0.031113783 4
-0.4414978 3.0542855 -0.072290003 0
-0.42754254 -4.2792101 0.013552769 12
-0.49883449 -4.0731535 0.082961462 9
-0.48653382 3.5601192 0.022928977 2.5
-0.48275223 3.6904058 0.034869321 1
-0.47072852 3.8371181 0.091802038 9
-0.4531199 3.9734147 0.07871525 3
-0.42180219 -4.0848417 0.15203723 10.5
-0.45989391 3.8401637 0.19666235 9.5
-0.42283005 3.9378121 0.17173548 9
-0.42643714 4.6322498 0.13463387 7
-0.48273256 -4.0991883 0.21308219 12
-0.41723534 3.867373 0.27420425 10
-0.43794745 5.6692224 0.277661 8
-0.42278096 -4.1780114 0.38522935 11
-0.40333095 -4.0738702 0.37204674 10
-0.44056955 3.8600667 0.36765394 10
-0.45578325 3.9491568 0.37028164 10.25
-0.44092128 5.888123 0.39812121 9
-0.49672049 5.9060597 0.39436114 9
-0.45964921 -4.0357413 0.47830001 12
-0.49962574 3.7823272 0.4106468 9
-0.4557718 3.8513672 0.45464402 9.5
-0.45403668 3.9140716 0.44739774 12
-0.41872278 5.5904374 0.47510368 8
-0.41958344 5.9245696 0.43982702 8.5
-0.45810091 -4.0796938 0.53798175 13
-0.42415819 3.8766448 0.52040935 11
-0.40941668 -4.1988382 0.68196434 12
-0.49642724 3.8500204 0.6403774 13.5
-0.41292432 4.1603456 0.66142362 13
-0.46448728 5.9230685 0.62728751 8.666667
-0.49971646 -4.1093016 0.796655 15
-0.49772874 3.8180737 0.73438686 14
-0.45965469 5.8428502 0.71264285 10
-0.45527637 5.9412007 0.72442079 10.5
-0.49325916 5.8669262 0.87190229 10
-0.43665367 5.9408937 0.95427179 11
-0.42098713 -4.2123413 1.0227176 14
-0.48640823 5.8027434 1.0682938 11
-0.4399468 -4.1410122 1.1892257 14
-0.44021389 -4.0619931 1.1413245 15
-0.47347394 5.8760972 1.1525624 11.5
-0.42892805 5.9198403 1.196978 12.5
-0.4483313 -4.1153755 1.2120358 15
-0.44376194 5.7889051 1.2627916 12
-0.45161167 5.8704109 1.2751114 12.5
-0.45537609 5.9292974 1.2469741 11.5
-0.42320222 5.9549751 1.3426861 15
-0.45979419 5.8521328 1.4489796 13.75
-0.43468398 5.904439 1.4007531 11
-0.49169952 -4.1616149 1.5648154 15
-0.48261023 5.8499146 1.5170243 14.5
-0.43667346 5.9038453 1.5617009 14
-0.47492892 5.7897983 1.662163 13
-0.45587021 5.8282986 1.6238292 13.75
-0.46315733 5.3183475 2.2653444 15
-0.30962279 -3.6399662 -0.3163265 0
-0.38686094 -3.3910007 -0.37568736 0
-0.34318075 -2.4040828 -0.3838256 0
-0.30006486 -2.1396043 -0.37012607 1
-0.39094523 -1.4780756 -0.35117856 0
-0.35231617 -0.9813332 -0.33151877 1
-0.37281722 -0.50731647 -0.3192417 2
-0.35493571 -0.13036223 -0.32174844 1
-0.35331634 -0.88662922 -0.24329779 0
-0.32816249 0.65112811 -0.22688045 0
-0.31735307 0.75957805 -0.27576846 1
-0.36572713 0.86214978 -0.22612348 0
-0.32885849 1.0433525 -0.23541042 0.5
-0.31261611 1.5758418 -0.27042386 2
-0.39914632 2.1313963 -0.26108006 0
-0.38682505 -4.2869754 -0.11279994 8.333333
-0.37901899 -4.0805068 -0.10671248 7
-0.32355779 1.0079905 -0.19201834 2
-0.3870818 1.4102201 -0.19094464 2
-0.3639358 1.8592497 -0.12100795 0
-0.36477706 2.3443348 -0.15485853 1.5
-0.31224003 2.8615503 -0.14827608 0
-0.37702909 2.9594872 -0.16033393 0
-0.35329029 3.1339545 -0.11907689 0.5
-0.36469248 3.65909 -0.11320897 2
-0.32035586 -4.2398643 -0.075871177 9.5
-0.39492998 -4.1089125 -0.017000552 10
-0.38280052 3.3611362 -0.0090345871 3
-0.37234798 3.7309093 -0.064282648 3
-0.34728414 3.9955084 -0.045055684 4
-0.30980864 -4.1640277 0.012699123 8
-0.36528817 -4.098918 0.023407139 12
-0.39830673 5.5634093 0.087081209 7
-0.35275671 -4.1202307 0.16710447 11
-0.37337589 -4.0756021 0.18755905 12
-0.3714546 -4.1076131 0.27879673 9
-0.37857643 5.5912781 0.29511476 7
-0.34120294 5.6146188 0.25612745 8
-0.31483585 -4.1638832 0.39633915 10
-0.39669228 -4.091949 0.36968771 13.5
-0.35334721 3.9492621 0.36110547 10.833333
-0.30683693 4.0276456 0.31371135 10
-0.32364157 5.6348119 0.37752473 7.3333335
-0.39948204 -4.0942516 0.47852194 14.5
-0.3777439 3.8608091 0.41469675 9
-0.35467687 3.9273326 0.47362411 11.833333
-0.36286566 5.59659 0.43243989 8
-0.31783053 5.6368098 0.43295905 7.75
-0.38714036 -4.2227025 0.59813595 12
-0.31371632 -4.1181436 0.52762139 12
-0.30838513 -4.0983992 0.54134864 15
-0.38658646 3.8670654 0.55725348 13
-0.34935814 3.918082 0.52595979 13.75
-0.304934 5.6254816 0.52741724 9
-0.30299127 -4.0915947 0.63782358 14
-0.38561583 3.8810022 0.62355411 14.5
-0.32944417 4.2164478 0.63421005 13.5
-0.38621885 5.8986731 0.76947522 10
-0.35426548 5.9686394 0.74792534 10
-0.33298069 6.0072541 0.81765002 11
-0.32029811 -4.1371284 0.95625842 13
-0.32812259 5.9473848 0.94562745 10.8
-0.37612337 5.8747029 1.0268701 12
-0.38552916 5.9368997 1.0390433 10.5
-0.34735405 5.8457885 1.1646396 12.5
-0.38282406 5.9351244 1.2690507 14
-0.3546862 5.9384403 1.3740475 13
-0.32173091 5.7941794 1.4832673 13
-0.38815641 5.8956385 1.4279923 15
-0.34410825 -4.1731958 1.5414759 15
-0.32649094 5.8852468 1.520525 15
-0.35201281 5.929739 1.5903795 12.5
-0.33066636 5.8657651 1.669126 15
-0.35931432 5.9686236 1.6513873 13
-0.36315766 5.8782291 1.7292795 13
-0.39562336 5.9323044 1.9003174 14
-0.39943445 5.9230499 2.060132 15
-0.20697659 -4.2881126 -0.35386035 3
-0.25555867 -2.6062238 -0.305388 3
-0.22486143 -2.2952847 -0.36709553 1
-0.29194352 -2.1084023 -0.37492409 0
-0.29467294 -1.9346316 -0.30981728 2
-0.23747167 -1.8677961 -0.38486785 0
-0.20433991 -1.2526524 -0.36655188 1
-0.28590775 -0.95968205 -0.32462275 3
-0.25707093 -0.79165012 -0.38627049 0
-0.2317684 -0.49502283 -0.3368465 1
-0.27850688 -0.22020714 -0.34902343 0.5
-0.27898699 -0.19736451 -0.31787801 2
-0.22302668 0.020759329 -0.32618901 0.16666667
-0.25948906 0.23651844 -0.32564715 0.25
-0.21603639 0.435045 -0.30439675 0
-0.28431451 1.1089163 -0.33465272 2
-0.28354499 0.15573739 -0.2823801 0
-0.20296837 0.26155248 -0.24028212 3
-0.25269899 0.68546188 -0.24671447 1
-0.26548156 0.76032853 -0.22621433 1
-0.27337444 1.0648938 -0.24440306 0
-0.22898118 2.0454767 -0.20116405 0
-0.20149158 -4.1474257 -0.15052941 8
-0.27836418 -4.0626602 -0.12631242 7.5
-0.2027321 1.3189517 -0.18774123 3
-0.2592918 1.7761683 -0.14727242 0
-0.22619765 2.0124593 -0.14759658 0
-0.24198186 2.2008762 -0.17452516 0
-0.25146663 -4.1453629 -0.031445649 8.5
-0.25365603 -4.1271925 0.096111044 10
-0.25200123 -4.0708585 0.041689225 10
-0.25552693 3.5340271 0.017962905 0
-0.29810497 3.8734288 0.067518324 2
-0.2383114 -4.0714827 0.16799916 12
-0.20120694 -4.1218934 0.23985325 12
-0.24012657 5.6359291 0.24089248 7
-0.23937218 -4.1187043 0.39685515 15
-0.26622769 -4.0819664 0.33375922 13
-0.2525439 5.6220913 0.35907736 7.8333335
-0.2764262 3.8451781 0.44811204 10
-0.25145128 5.5678086 0.43686327 8
-0.27725586 5.6164298 0.47225946 8.625
-0.28228629 5.9528761 0.45846415 8
-0.25740635 3.8566225 0.54677576 12
-0.24085741 5.5886121 0.55225372 9.25
-0.28386888 5.630496 0.55956745 9
-0.22515185 5.7326102 0.59911656 9
-0.26235113 5.9551597 0.56055766 9
-0.22944069 4.5786295 0.69569987 13
-0.23859824 -4.1128621 0.79854089 12
-0.25368643 -4.0780869 0.75810939 14
-0.25769389 3.9063106 0.71203816 14
-0.23878545 4.3146219 0.74727637 15
-0.27150375 5.9904022 0.75987434 10
-0.24696462 5.9723115 0.85613686 10.333333
-0.25950316 6.036706 0.84214652 10
-0.29703364 5.9560771 0.9573037 11
-0.29790837 5.9548078 1.1666285 13
-0.21238571 6.0045009 1.1269394 11
-0.2470445 5.8567109 1.2567146 12.5
-0.25992554 5.9277406 1.2122329 12.5
-0.29623166 5.9554634 1.3766106 12
-0.26954594 -4.1778913 1.4684507 15
-0.2074004 5.899929 1.4933314 15
-0.27622342 5.90839 1.5268582 13
-0.24837132 5.8842788 1.6690114 14
-0.23247421 5.8865514 1.7051528 14
-0.22878893 5.8760362 1.8487175 15
-0.26548639 5.9277644 1.8273979 14
-0.25511542 5.8910475 2.0977027 15
-0.27011213 5.7721362 2.3955784 15
-0.13253245 -3.8204124 -0.38619375 0
-0.1657286 -3.6745014 -0.33420795 2
-0.12582248 -3.2609386 -0.31824765 2
-0.15502942 -2.580364 -0.36298811 0
-0.18295281 -2.2840629 -0.37510258 1
-0.14790457 -1.8111641 -0.30549073 2
-0.19378 -0.99103564 -0.31183761 2
-0.14984223 -0.65441096 -0.37897262 0
-0.16517341 -0.33557957 -0.3630271 0
-0.18790306 0.4726119 -0.32152197 0
-0.12749486 0.76064402 -0.32058144 0
-0.19217761 0.84176213 -0.35064512 0
-0.1901571 -2.2093868 -0.27523544 0
-0.11542684 -1.3040453 -0.26878861 3
-0.13274382 -1.1710145 -0.23359647 1
-0.11353441 -1.0134723 -0.22750899 1
-0.18848386 -0.99088246 -0.22944069 1
-0.199843 -0.76515973 -0.24055369 0
-0.16348012 -0.03271712 -0.27931172 0
-0.17592238 0.027588822 -0.28654495 2
-0.17591591 0.19566526 -0.25669929 2
-0.12464352 0.37159875 -0.25739655 1
-0.16939431 0.54204929 -0.27805412 1
-0.14953496 0.85407156 -0.21190588 0
-0.14707942 1.0475549 -0.25701889 0.16666667
-0.15237612 1.2449619 -0.27077571 0
-0.14756195 1.4552802 -0.24391556 2.5
-0.1240266 1.5322012 -0.26831961 0
-0.10148045 2.2615335 -0.25544995 0
-0.15614864 0.86079502 -0.19751717 2
-0.10277184 1.1761427 -0.17508103 3
-0.14827064 1.8849766 -0.10673578 1
-0.18959759 3.0234432 -0.14227854 2
-0.19543478 3.3377786 -0.13587584 0
-0.16179195 -4.2960997 -0.068637192 9
-0.13850217 2.2588186 -0.060608663 0
-0.16852774 2.9044635 -0.034810275 3
-0.16297133 3.9876857 -0.059027009 3
-0.11299426 -4.1230488 0.052241839 11
-0.17956521 -4.0947027 0.068516761 9.166667
-0.11615024 3.7936702 0.092710949 2
-0.1864775 -4.1155152 0.18654317 11
-0.13280295 -4.0539064 0.12377112 9.5
-0.18244264 5.5585623 0.1556765 7
-0.16815908 5.5781932 0.23462892 8
-0.10531741 -4.1224651 0.31486771 9
-0.13099669 -4.0886521 0.39246795 11
-0.17118244 5.6044869 0.32504252 7
-0.19875129 5.9659405 0.35159293 8
-0.15300268 5.6659036 0.44655517 8
-0.11684506 5.9723206 0.48488879 9
-0.16379379 -4.1164718 0.52834833 14
-0.10756361 -4.0624571 0.53817582 12
-0.179308 5.8130522 0.58091748 8
-0.18747588 -4.1734762 0.65872544 12
-0.15719442 4.5499821 0.66031802 13
-0.15982418 5.7564697 0.620502 9.5
-0.1622348 5.9321365 0.63773942 11
-0.12547299 5.9404678 0.70151967 9
-0.1745019 -4.1465979 0.87941515 12.5
-0.1766587 5.8471689 0.86150873 12
-0.12384073 5.9269261 0.81105834 10.5
-0.12694122 -4.2264543 1.0187522 13
-0.16989073 -4.1364913 1.052552 12
-0.1262746 5.9299574 1.0904337 11.5
-0.14607893 -4.1090856 1.1067991 15
-0.13460182 5.8943834 1.1166519 12.5
-0.10912585 5.9157925 1.1708031 11.5
-0.16393499 5.8968239 1.2483946 13
-0.14893106 5.8486853 1.3693556 15
-0.12314094 5.8919864 1.4402095 14.333333
-0.12182884 6.1340904 1.4738832 14
-0.16417421 5.8550034 2.0371213 14
-0.1854319 4.9910135 2.1071751 15
-0.046243902 -3.1895437 -0.40669712 0
-0.018175935 -4.0801301 -0.35583583 6
-0.026973439 -2.9806867 -0.30425343 2
-0.040515617 -2.1107252 -0.39277929 1
-0.086241044 -1.327482 -0.33340093 2
-0.043178134 -0.65649807 -0.3542234 1
-0.036988474 -0.46445695 -0.37734011 0
-0.069590367 -0.24742332 -0.33295405 2
-0.067542501 -0.18056582 -0.30813026 0
-0.04257312 -0.039261524 -0.31751403 2
-0.033955559 0.1799673 -0.32652533 0.5
-0.039822895 0.65282631 -0.34602162 0
-0.044513471 0.91152352 -0.3533226 1
-0.011922548 -4.0786924 -0.26241028 6
-0.064030074 -0.91712773 -0.25160059 1.5
-0.091049433 -0.81083131 -0.23310953 0
-0.047759145 -0.74623531 -0.23112196 0
-0.044109277 -0.65630686 -0.27462628 0
-0.037998851 -0.076040953 -0.24924017 4
-0.056695454 0.053712003 -0.27641055 2
-0.087257139 0.24127805 -0.25146273 0
-0.084890194 0.34111053 -0.24356154 0
-0.073119827 0.44377565 -0.25881901 2
-0.032243617 0.75906396 -0.22615901 1
-0.022899436 0.8284263 -0.200744 0
-0.055689704 1.1583544 -0.22785448 1.5
-0.091383047 1.423564 -0.26634422 0
-0.043572526 1.6951991 -0.23919329 0
-0.094325989 1.7323973 -0.22389708 0
-0.0036152641 1.927514 -0.26656789 0
-0.025667913 2.2215221 -0.20785451 0
-0.065800898 2.5122676 -0.23124297 0
-0.0027471536 -4.3437581 -0.19810157 7
-0.037391517 0.72427654 -0.19802162 1
-0.051141705 1.1764266 -0.1940725 2
-0.0018712372 1.2992929 -0.19332832 3
-0.066731036 1.4626426 -0.16851744 2
-0.071260549 1.912058 -0.13099663 0
-0.029064856 2.0124736 -0.13991857 0
-0.083115026 2.5766785 -0.14344209 0
-0.026857765 2.4578667 -0.065985061 3
-0.087524839 2.7876959 -0.040224053 3
-0.034146812 3.9144578 -0.06925004 2
-0.049505912 -4.1525412 0.039771806 9.5
-0.032016907 -4.0823517 0.071382619 12
-0.039229847 -4.0892792 0.163626 10
-0.041595403 -4.1247802 0.25946802 12.666667
-0.048844874 -4.1222286 0.35936084 14
-0.098963961 -4.0692172 0.35061201 11.5
-0.058659848 4.1981282 0.32163918 10
-0.073454417 5.6097236 0.38542816 7
-0.075768411 5.6819406 0.49433979 8
-0.012283333 5.7872586 0.49945408 8
-0.075867124 5.9524994 0.47017762 8
-0.073097169 -4.1231227 0.52696431 11
-0.037021741 -4.1460056 0.67295831 12
-0.07268969 3.8453755 0.65605569 14
-0.077134207 4.1913109 0.64532274 14
-0.065156735 4.2645512 0.65497416 14
-0.052609447 3.8448336 0.72120488 15
-0.041176032 4.3527527 0.75233221 15
-0.050712124 5.8934765 0.72968471 10
-0.057019018 5.9407496 0.73621017 9
-0.055275604 -4.1387835 0.88645482 13
-0.099603288 5.865212 0.98307556 13
-0.0045540556 5.9142156 0.91535175 12
-0.026362587 -4.1530852 1.2497599 13.5
-0.0359767 5.8643651 1.3408384 14
-0.020371037 5.7906933 1.4955739 15
-0.039185971 5.8615165 1.683257 13.5
-0.0625595 5.9248862 1.7619827 13
-0.0019929067 5.9199247 1.8610436 15
0.041365013 -2.9765089 -0.34846583 0
0.04857279 -2.2656643 -0.36669323 2
0.01610909 -1.3474972 -0.39026263 3
0.051576924 -0.66568512 -0.32386839 2
0.059500225 -0.33052337 -0.36623195 0
0.017061699 -0.11614628 -0.30551967 1
0.072035871 0.87074393 -0.3300851 2
0.090333141 -4.2194958 -0.29598722 5
0.086470343 -0.97280389 -0.24060358 1
0.062138934 -0.78376234 -0.21466024 0
0.080940902 -0.062928952 -0.25328165 0
0.0078619001 0.17598487 -0.25471866 1
0.059478477 0.45729244 -0.27990469 2
0.076055318 0.63742596 -0.20225649 0
0.0090526482 0.84541154 -0.23542279 1
0.015672911 1.7099487 -0.2617763 2
0.087475993 2.0746586 -0.21749409 0
0.010319065 -4.3691416 -0.1434917 7
0.098335668 0.51552486 -0.19181581 3
0.087312415 0.72240955 -0.1996439 0
0.037766017 0.8822825 -0.19863446 0.25
0.096958406 0.91397208 -0.18490763 1
0.024116844 1.080246 -0.19945256 2
0.049462173 1.6350271 -0.18317588 2
0.072065338 1.7189462 -0.12469751 2
0.087471135 1.8456799 -0.15097745 0.5
0.044105675 2.0591958 -0.1997456 0
0.044765782 1.9493395 -0.09966331 0.5
0.099013083 2.5973306 -0.086838663 2
0.027381621 3.0081809 -0.06214869 3
0.077357717 3.3704615 -0.005764469 1.5
0.032285474 -4.0141654 0.073110908 8.5
0.083354607 3.9069448 0.058901615 3
0.072661184 -4.1069369 0.16024598 11
0.060235217 -4.0954981 0.12401972 11
0.037603714 -4.1300821 0.25968558 14.5
0.042892769 -4.1396961 0.39442268 15
0.030659726 3.8841863 0.34411657 10
0.068313889 3.9826281 0.34530717 10
0.060895454 5.5458908 0.30623963 7.5
0.06934382 5.7479553 0.39345092 8
0.09811224 -4.3385315 0.43768001 13
0.034127101 3.8436563 0.43938452 10.75
0.026746288 4.2636037 0.48316622 12
0.067817874 5.6497703 0.40052035 7
0.066675432 5.7209783 0.442873 9
0.058951158 5.8820415 0.43473783 8
0.017284855 5.8964734 0.55045724 9
0.084311821 -4.143713 0.64398617 11
0.074258916 4.1142883 0.63406038 14
0.024594849 5.9741206 0.63425237 9.333333
0.078311637 -4.1084652 0.75109428 12
0.042996164 5.9194155 0.76739669 10
0.059648652 -4.0744362 0.97354853 14
0.090754732 5.9409218 1.0915023 13
0.057715703 -4.1535587 1.1235551 14
0.028425038 -4.1582294 1.2571676 13
0.01347815 5.8778162 1.2657331 15
0.063158989 5.9090319 1.2603512 13
0.068290077 -4.1466503 1.3529752 14.5
0.07181292 5.8697219 1.5689669 14.5
0.062635191 5.8934455 1.6542388 14
0.085115194 5.9029055 1.6172332 15
0.020299878 5.8577476 1.8674885 15
0.12090877 -3.8904998 -0.33570531 7
0.19269274 -2.3780098 -0.37680197 0
0.11609752 -0.90713048 -0.37261033 2
0.1528234 -0.70457965 -0.33108968 3
0.10532618 0.41236854 -0.31297249 1
0.15751925 -1.2505741 -0.22285305 2
0.1813888 -1.1315184 -0.25206351 3
0.10350645 -0.99615794 -0.24563569 0
0.17383553 -0.84529632 -0.25529239 1
0.11748454 -0.73906142 -0.22567059 0
0.14916661 -0.58203495 -0.28756964 0
0.11588016 0.36151055 -0.25443521 2
0.13725302 0.65167451 -0.23369555 1.5
0.1319783 0.73592353 -0.22480616 0.33333334
0.13878641 0.96150637 -0.24737181 0
0.18844876 1.0404454 -0.23275405 1.5
0.19372892 1.2205071 -0.26447833 1
0.17981091 1.9599414 -0.22443621 1
0.1852863 2.0008268 -0.21251588 0
0.17933263 -4.0727873 -0.10350154 8
0.14649867 0.93814617 -0.19594917 1
0.19336396 1.0591829 -0.18415125 0
0.10495533 2.5122113 -0.14720175 0
0.11880949 -4.1161833 -0.020178406 7
0.12388083 -4.0725265 -0.070653565 7.5
0.18739168 1.9553338 -0.099875085 0
0.1467431 2.8610256 -0.084049284 2
0.16023669 3.2658172 -0.0039624614 2.5
0.17940544 -4.11731 0.04165047 11.166667
0.12557954 -4.1279621 0.15412632 12
0.16951467 -4.0964861 0.14377138 10.75
0.17184947 5.541965 0.1904017 7
0.14718837 -4.1359887 0.2639797 10.5
0.14279363 -4.0876908 0.25002828 9.5
0.15226755 5.5735221 0.28347981 7.5
0.11887563 5.6177502 0.26273361 7
0.12303456 5.7695351 0.20958097 7
0.18031394 -4.1239166 0.36159447 12
0.17104097 -4.0622735 0.39090705 12
0.17124251 5.5777197 0.33276123 7
0.17063315 5.6041417 0.36230594 7
0.13502611 -4.1289124 0.4219397 10.5
0.17525695 4.1216102 0.4410221 10.5
0.15045685 5.9892116 0.40927425 8
0.11366072 -4.0994811 0.50971729 11
0.15753369 5.7820964 0.59363502 9
0.15362287 5.9503746 0.58043641 9.5
0.15830643 3.8714089 0.66247594 12.5
0.14820606 4.1855612 0.63277507 12
0.15473957 5.9776487 0.66753989 10
0.17346895 -4.1446776 0.75645876 13.333333
0.13893057 4.2038102 0.75766492 15
0.15499724 5.97472 0.75552386 10.25
0.17805509 6.0028629 0.7793892 10
0.16013256 -4.1593504 0.89658612 14
0.16545226 -4.1365623 0.95648444 14.75
0.18427704 5.9580035 0.91273451 12
0.157673 -4.1337671 1.0465714 13
0.10959459 -4.1596208 1.1284361 14
0.19379619 5.8570809 1.1446422 14
0.13128205 5.9304838 1.1160057 12
0.14296135 5.8634028 1.2542576 14
0.16567193 5.8627892 1.3566562 15
0.13067673 5.8466125 1.4644438 15
0.1788656 -4.217545 1.6803287 15
0.1215186 5.7992153 1.6759279 14
0.20057279 -3.9460864 -0.31645444 5
0.2524564 -2.5652237 -0.33806038 2
0.23649645 -1.4764644 -0.36277509 2
0.24548706 -0.44848898 -0.3418372 2
0.20089269 -0.26231277 -0.36207488 1
0.22501169 0.12781785 -0.30367291 2
0.21802545 -4.4383092 -0.26987126 7
0.29040846 -3.9594066 -0.23151568 7
0.26010168 -2.0879314 -0.25198272 4
0.23071977 -1.6281474 -0.24829444 4
0.27352419 -1.298802 -0.23925313 2
0.29618335 -0.97143346 -0.22630319 0
0.27072474 -0.8494978 -0.22671163 0.33333334
0.26440725 -0.67116922 -0.20893055 0
0.26682836 -0.57923913 -0.22943892 0
0.26548529 0.36873579 -0.26152986 1
0.22456066 0.59471256 -0.21220665 3
0.2265337 0.64933783 -0.26362571 0.66666669
0.28863439 0.8464852 -0.25432763 0
0.22427985 0.90246111 -0.29168797 0
0.25381646 1.6026431 -0.26656035 0
0.26010343 1.8456495 -0.24115489 0.5
0.21128376 -4.097188 -0.15138797 7
0.24819371 -3.9579487 -0.15522476 7.5
0.28997803 -0.65590274 -0.19990292 0
0.24374069 0.84325451 -0.19641073 0.75
0.24254532 0.92983603 -0.19170637 1.5
0.29233161 1.0838978 -0.18919475 2
0.24734755 1.1533632 -0.17433299 3
0.20183645 1.2871981 -0.17113134 3
0.2853592 1.757472 -0.14820187 0.5
0.20414327 -4.2047901 -0.075185232 8.5
0.25391328 -4.1157656 -0.071429968 8
0.20548774 -4.0165467 -0.015514568 7
0.249097 -3.9590516 -0.057962857 8.5
0.29705012 -1.671864 -0.018533994 10
0.2279838 2.4360859 -0.069117978 2
0.20574746 2.684958 -0.067251779 4
0.20874023 3.612834 -0.082477786 3
0.28890821 -4.3459244 0.029332513 10
0.28407806 -4.1153255 0.012594189 8.333333
0.26432288 -4.0311289 0.048032474 11.5
0.29129159 -3.9169431 0.086501293 9.5
0.26217109 -4.1476464 0.13986285 11.166667
0.24894723 -4.0372362 0.17518684 11.1
0.27596107 -3.9766309 0.14349762 8.75
0.25898549 5.5710697 0.10199369 7
0.25765684 -4.1564851 0.2529695 13.285714
0.26665387 -4.0384054 0.25207096 12.5
0.22429557 -3.9948814 0.21487999 9
0.20247139 4.107368 0.26352221 9
0.25290015 5.5615454 0.26520324 7.5
0.21501449 5.6176591 0.2648074 7
0.29907423 -4.1543708 0.39402923 13
0.24405643 -4.0247254 0.38046217 9.5
0.27862585 -3.9945929 0.35730579 11
0.25952056 3.9620433 0.38718149 10
0.28905565 5.5876393 0.30512777 8
0.28750214 5.9649243 0.37639046 7
0.263827 -4.1435037 0.42503843 13
0.27862448 -3.9790847 0.48365289 10
0.24132951 3.8250387 0.48575252 10
0.25773749 4.0031447 0.43713012 14
0.24368 5.6659904 0.49439058 8
0.20470802 5.7940464 0.41845438 9
0.25905836 5.8969693 0.49138498 10
0.25278822 5.9232969 0.43522257 8
0.25660044 -4.1241984 0.54963332 11
0.28822854 -4.0219107 0.55857933 12
0.21075821 3.7918599 0.53887868 11
0.24246322 5.7829938 0.54635781 9
0.26623455 5.8802056 0.52202046 8
0.29837176 5.9551816 0.52495539 9
0.22601072 -4.1370783 0.68395007 11
0.25922024 -4.0450001 0.6772027 12.5
0.24147779 3.8297381 0.67249292 14
0.20796157 4.2398715 0.66518778 14
0.273112 5.8893123 0.64910793 11
0.20593248 5.9965138 0.63910937 9
0.22670037 -4.0470953 0.76018161 15
0.29523188 -4.163681 0.8940075 12
0.24362504 5.8820763 0.85072887 12
0.25923792 -4.1435041 0.92837954 14
0.28790981 -4.0427051 0.98740625 13
0.28218111 5.8831487 1.0156668 12
0.23889765 -4.1390843 1.1426778 14.166667
0.21709684 -4.0343637 1.145538 14
0.26392779 -4.0241284 1.2181598 15
0.27117616 5.8910842 1.244776 14
0.2153713 -12.913292 1.3998479 11
0.27848852 5.8968267 1.3435997 14
0.2376444 -4.0441785 1.4147322 15
0.25586987 -4.2061973 1.5821038 15
0.27108231 -4.0971665 1.6031767 15
0.2135452 -4.0615869 1.7984192 15
0.23029211 5.7502861 2.1333761 15
0.35659173 -4.1082411 -0.37655786 0
0.39899442 -4.0588794 -0.32943666 7
0.30394569 -3.2344902 -0.30170345 0
0.37862545 -2.2234282 -0.31973743 3
0.32869792 -2.1682894 -0.35760114 3
0.3434037 -2.0269663 -0.30654883 1
0.33092406 -1.0434319 -0.37161478 3
0.32293329 -4.1331401 -0.29396647 7.5
0.38731733 -4.0077162 -0.22719507 7
0.35809711 -2.978936 -0.29737857 0
0.34303051 -1.0436027 -0.22688097 1
0.36104873 -0.95712489 -0.24450035 2
0.3018845 -0.86127186 -0.21496141 0.5
0.33945847 -0.60611451 -0.2588557 0
0.34795761 -0.57656771 -0.21047471 0
0.30605456 -0.45438153 -0.28297484 0
0.37675977 -0.062184367 -0.25037941 0
0.32024071 0.46832907 -0.23640858 0
0.35985446 0.72554529 -0.26029199 1
0.33435622 1.0210038 -0.28626969 0.5
0.37527555 1.7771277 -0.2475708 0
0.38439944 -4.0055957 -0.10495661 6
0.38303944 -3.9767306 -0.19610144 8
0.32861227 0.64539474 -0.19499157 0
0.33095977 0.74724174 -0.19792666 0
0.31885904 0.88424361 -0.19362383 1
0.37972176 1.0808417 -0.18512042 2
0.32591155 1.1298579 -0.19379857 2
0.31792554 1.2111887 -0.18188679 3
0.39960489 1.410206 -0.17266482 2
0.32363296 1.7512205 -0.12021162 2
0.3454088 1.9948642 -0.17350313 2
0.35955897 3.020364 -0.11373895 3
0.33052868 -4.1741791 -0.034857899 9.5
0.33022502 -3.9825809 -0.056566432 8
0.31372204 -1.829291 -0.021108167 8
0.37757611 3.3464551 -0.036965545 3
0.3729015 4.0610518 -0.042944953 4
0.30180392 -4.1846952 0.072870307 12
0.34283495 -4.025569 0.043424994 10
0.36243382 -1.7331975 0.078478254 10
0.31020421 -1.6701906 0.040921424 9
0.32234418 3.6877537 0.046536956 4
0.30229822 -4.1107163 0.19021989 9.5
0.34870195 -4.0296841 0.12139504 11.333333
0.34306157 -3.9848816 0.14181069 9.25
0.39699677 -1.7923667 0.16234666 10
0.32735834 -1.695639 0.11721079 11
0.33897564 -4.128314 0.20905264 10
0.36015576 -4.0327773 0.25794384 13.4
0.33639514 -3.9842687 0.2136886 9
0.39892688 -1.8534385 0.25648752 14
0.39606619 -1.6654394 0.2786409 14
0.35303155 -4.0512013 0.34097943 12.125
0.34214211 -3.9842937 0.36146393 9.5
0.30611137 3.9746883 0.38444531 10
0.35330585 4.4832225 0.38196459 11
0.31839225 -4.0455451 0.4625718 13.166667
0.3708047 -3.9933105 0.42586127 14
0.384354 3.825079 0.44220489 10
0.39824381 4.4831944 0.46941209 10
0.30500197 5.7551169 0.48409373 8
0.33992264 -4.1233554 0.56499308 12
0.35780311 -4.0290594 0.54228604 13
0.37716576 -3.9954743 0.52202678 11.5
0.31965253 3.7448733 0.56618756 11
0.34444031 3.9665165 0.53785789 13.5
0.34660375 5.9705968 0.50322366 7
0.33802992 -4.1115751 0.62201977 12
0.3871024 -4.009459 0.64535969 11.5
0.36917394 3.8116808 0.66519207 15
0.34209085 3.9342225 0.63139689 14
0.34021798 -4.1571493 0.77660179 14
0.3452397 -4.0505471 0.77004683 12.333333
0.39624876 -3.9991977 0.76730174 13
0.39035299 3.9575906 0.70334399 15
0.37704617 5.8910317 0.75932527 10
0.34960419 -4.1023397 0.81843132 13.5
0.32654092 -4.0180569 0.84213746 13.5
0.31626004 -4.1192713 0.92259949 13
0.34708387 -4.0562525 0.96593171 12.5
0.3389619 -4.0392966 1.0385216 14.25
0.34737462 -4.0482564 1.1307104 13.666667
0.35471907 -4.0427341 1.271958 14.5
0.33941072 -4.0320902 1.4027724 14
0.33262283 5.8171697 1.6716932 15
0.48657858 -4.0933475 -0.36883873 0
0.44614625 -3.9745517 -0.35431454 3
0.41977212 -2.5332255 -0.30295897 0
0.49819833 -1.9852431 -0.31497756 4
0.45314822 -0.59145957 -0.33614889 3
0.4126474 -3.847609 -0.23911668 1
0.4343695 -1.0955031 -0.22431572 1.5
0.44476727 -0.90361613 -0.2390593 1
0.47714424 -0.85796553 -0.20797303 0.75
0.4536809 -0.72007215 -0.20918736 0.25
0.46883833 -0.5630734 -0.22094563 0
0.49902225 -0.47975197 -0.20126066 0
0.48735985 0.04436291 -0.22012438 2
0.40627471 0.21613076 -0.24425979 1.5
0.48033589 0.36223313 -0.22421373 0
0.40415329 0.71593529 -0.2245113 1.5
0.41680673 0.98184645 -0.25593957 0
0.4516094 2.006892 -0.21742794 0.5
0.48551854 -4.0594592 -0.16243708 3.3333333
0.44425982 -0.57197297 -0.19016558 0
0.47319734 -0.42558691 -0.19604951 0
0.49242508 -0.33484265 -0.19617191 0
0.48257509 0.51722729 -0.19479124 0
0.46665621 0.69446641 -0.19797045 0
0.45407453 0.75262338 -0.18870798 1
0.42718473 0.84811854 -0.1939183 1
0.45954314 0.91973662 -0.19692029 0.5
0.48415545 1.1107141 -0.19430393 1
0.49753559 1.3309942 -0.16850862 3
0.44127411 1.8635145 -0.14020531 0
0.42747197 2.3623931 -0.11982699 0
0.47353533 -4.0213418 -0.02432185 8
0.45354465 -1.7634717 -0.037374988 9
0.40739402 -1.6391973 -0.01591447 9
0.47445938 3.4115546 -0.029295273 2
0.47632313 3.5969613 -0.010352945 2
0.41792586 -4.1686397 0.075565726 8
0.45377272 -4.019968 0.052120939 8.333333
0.42195293 -3.9937251 0.066977322 8
0.4826673 -1.8039968 0.067809455 9
0.4656792 -1.7701762 0.080693558 9
0.41824195 -1.5536146 0.023278812 10
0.42846093 3.5562453 0.015202601 2.5
0.41724238 -4.0317278 0.17388594 10.125
0.45356861 -3.9908791 0.17816758 9
0.46692148 -1.8388655 0.12502614 10.9
0.46747845 -1.7448919 0.15397593 11.833333
0.47714454 -1.6531351 0.12791528 10
0.44891542 -4.0135245 0.2614415 11
0.42380384 -3.991061 0.2489468 11.625
0.48956639 -1.9162406 0.23380651 13.5
0.45359501 -1.8604959 0.23939726 12.75
0.45543304 -1.7449595 0.23812653 11.666667
0.47789848 -1.6417781 0.20930322 13
0.48818928 5.9795327 0.26712096 7
0.43212089 -4.0575943 0.30832696 11.166667
0.44925132 -3.9832644 0.33485827 11.5
0.49874872 -1.9347775 0.32565409 14
0.47424722 -1.8595244 0.33434433 14
0.48425028 -1.7788649 0.37166455 13
0.44683391 5.9650402 0.37285733 8
0.46476179 -4.0025125 0.40910497 10
0.43729636 -3.9946718 0.42126182 11
0.448807 -1.9160713 0.40155071 11
0.47893977 -1.8697375 0.40966365 14
0.43507513 3.8888052 0.49038967 11
0.4628568 3.8434818 0.51157486 12
0.46938404 4.0010743 0.56302696 10
0.48564047 5.9502125 0.58653247 9
0.418459 -4.0238681 0.62513632 12
0.4379963 -3.9540112 0.69113648 13
0.47018656 3.8277984 0.65020478 13
0.47931865 5.9253449 0.67669028 9
0.47278178 -4.0400066 0.77115524 13.5
0.48122483 -3.9894805 0.73220259 12
0.46634465 -4.1147957 0.86133951 13
0.46107525 -4.020503 0.8431288 13
0.47070581 -3.9991772 0.8679865 13
0.40151003 3.9951351 0.86544681 14
0.4602198 -4.0298548 1.0329573 12
0.46702683 5.8520694 1.2423084 15
0.42987314 5.926096 1.2028188 13
0.46727625 -4.0982065 1.5040853 15
0.50726378 -3.0902574 -0.37605739 2
0.54509324 -3.956955 -0.24480657 1
0.53035104 -3.6739299 -0.24040309 0
0.51270467 -2.7595243 -0.29845694 3
0.5542891 -2.2427249 -0.29190123 1
0.53895158 -2.0358071 -0.28939566 2
0.53929836 -1.8248669 -0.27054787 3.5
0.55175579 -1.5535055 -0.22745414 4
0.59211493 -1.066496 -0.20405392 2
0.57179064 -0.95166939 -0.21474338 1.5
0.58600789 -0.89832956 -0.2332212 1.5
0.5216099 -0.78981447 -0.20707041 0.5
0.52560735 -0.65113205 -0.21481892 0
0.51464438 -0.47580773 -0.2233353 0
0.59002239 0.49401304 -0.22502203 0.5
0.54621923 0.66915488 -0.26120356 2
0.51001543 0.8966524 -0.24284458 0
0.52085418 0.98834181 -0.26846296 2
0.58361393 1.6965665 -0.21134593 0
0.51695502 1.9656851 -0.21870062 0
0.5773108 -4.0025792 -0.14654388 7.75
0.54230398 -3.9898381 -0.10516662 7
0.5109396 -1.7854798 -0.18484217 5
0.55675018 -0.54875243 -0.19011611 0
0.53397083 -0.45217291 -0.19572328 0
0.58126712 -0.27366808 -0.192671 0
0.58355832 0.34207246 -0.19364244 0
0.52781326 0.58210766 -0.18953742 0
0.53156412 0.65364534 -0.19542043 0.25
0.54010302 0.74142951 -0.18745852 0.5
0.54942477 0.85695249 -0.17989963 2
0.59612566 1.2058486 -0.16465005 3
0.53188592 1.6545862 -0.12576124 2
0.53826565 1.8478885 -0.13714461 0
0.50553715 1.9865303 -0.13232481 0
0.57513386 -4.0257168 -0.017109204 8
0.59136331 -3.991972 -0.016092105 8
0.58913505 -1.8766402 -0.0681343 9
0.59052008 -1.7338269 -0.031796016 10
0.51474738 2.6711447 -0.068212748 3
0.54181302 2.8135185 -0.092192233 0
0.51029235 3.0269132 -0.052244857 3
0.56523699 3.4479201 -0.031290706 1
0.53055942 -4.0324593 0.08017043 10.5
0.50401688 -1.9507484 0.03214594 10
0.51988173 -1.8760135 0.035610367 8
0.59568042 -1.7388188 0.065109149 9
0.52715665 -1.6613482 0.049607314 9.5
0.53891033 -4.0548034 0.17263266 13.333333
0.54226202 -3.9923878 0.10500111 8
0.54244334 -1.9419922 0.17429973 12
0.55471051 -1.8369035 0.14534816 12.166667
0.54415113 -1.7556999 0.15578939 10.8
0.54962879 -1.6710417 0.15934549 10.583333
0.55948967 -4.0120006 0.26781726 12.333333
0.55278337 -1.9274517 0.25436094 12.5
0.51987505 -1.8615509 0.26018029 13.375
0.51796341 -1.7227075 0.24746446 12.214286
0.56606513 -1.6462823 0.27200517 12.75
0.59907669 5.1818857 0.22880346 8.5
0.54330856 -4.0116677 0.32435918 13
0.55332464 -3.9685714 0.36375988 11
0.55683422 -1.8444879 0.35096696 14.375
0.53841674 -1.7637537 0.34707224 11.5
0.5803262 -1.6596117 0.3716976 14
0.51374137 -3.9923749 0.43093684 9
0.52918845 -1.8607571 0.44466135 13
0.59015447 -1.7592437 0.41758853 12.5
0.56970727 -4.0313864 0.5473997 15
0.57127249 -1.8374902 0.51671863 15
0.511608 5.9794607 0.55384886 10
0.52452689 -4.0011978 0.66128147 11.5
0.58733648 -3.9711533 0.65821832 12.5
0.55397284 3.8412778 0.66766375 12.5
0.56528145 4.1689239 0.68173259 11
0.59230888 4.3201694 0.69788474 14
0.58997709 5.9103298 0.64665163 9
0.57176346 -4.054522 0.79571623 13
0.56758004 4.1338196 0.7454204 14.5
0.58576912 4.3482265 0.76897913 15
0.55199188 4.5476527 0.766092 12.5
0.55776238 5.9169731 0.7947467 11
0.51213658 -4.0602722 0.82709754 15
0.54073334 -4.0517855 0.93963325 14.333333
0.55840421 5.2099762 0.91195107 12
0.5513882 -4.031816 1.0591462 13.5
0.50272775 -4.0379548 1.1771152 13
0.54315203 -4.0327582 1.2328722 15
0.59777844 5.2207203 1.3461068 14
0.55271494 -4.054903 1.4569163 14
0.54411888 5.2408366 1.4762024 13
0.52528208 5.2028232 1.5900902 15
0.62512648 -1.5800866 -0.40190268 3
0.67019206 -0.95977795 -0.31577533 0
0.60300547 0.16012791 -0.33872563 0
0.61572462 -4.005559 -0.24451636 0
0.66166836 -2.7140503 -0.28520602 0
0.67737687 -2.4751511 -0.28596386 0
0.66605347 -1.3993762 -0.21440482 3
0.61657184 -1.0144119 -0.21212636 2
0.61648279 -0.90233552 -0.224757 1
0.66745692 -0.76778519 -0.2001721 1
0.60024625 -0.67968458 -0.20525348 1
0.61153394 -0.31234106 -0.20156348 0
0.64571172 -0.26533276 -0.23437555 0
0.6612711 0.06295602 -0.24752726 2
0.64227766 0.13970283 -0.20547767 3
0.61404985 0.620794 -0.22592951 1
0.65672523 2.1906946 -0.20428549 0
0.68517417 -4.1807451 -0.12717873 6.5
0.68895066 -4.0788617 -0.11452024 7
0.69802219 -1.2639425 -0.15193309 7
0.65183634 -0.77538931 -0.19581519 1
0.65800667 -0.47195971 -0.18245247 0
0.6168673 -0.3475742 -0.19717014 0
0.64820099 -0.2815764 -0.18914609 0
0.65346497 0.076198876 -0.19463608 0
0.64074087 0.14463137 -0.19059238 0
0.68849909 0.35373425 -0.18379405 0
0.64585656 0.4051871 -0.18254817 0
0.63533443 0.83380997 -0.19874421 0.33333334
0.69586164 0.92242074 -0.17546707 2.5
0.68811679 1.0234698 -0.19229552 0
0.69023442 1.1778042 -0.16128679 3
0.6682632 1.2618724 -0.16339046 3
0.69572854 1.4820888 -0.18592054 0
0.65347576 1.7388687 -0.1589577 0
0.6577912 1.9285131 -0.14331488 0
0.62056816 2.0383711 -0.11500093 2
0.68623918 2.6977608 -0.13430889 4
0.61818999 2.9174738 -0.14435177 3
0.69908071 3.1832635 -0.11336445 0
0.63742936 -4.2109108 -0.05302741 6.75
0.63239413 -4.1087642 -0.060439762 7
0.60956275 2.9654171 -0.082467563 0
0.69949138 3.3977799 -0.079213984 2
0.63689762 3.5271621 -0.017353347 1
0.65294564 -4.0463676 0.068492614 11
0.661174 -3.9800153 0.061778486 8.5
0.67667282 -1.7756617 0.098995484 10
0.68986487 -4.0403633 0.18001501 15
0.65610719 -3.9959002 0.17408507 8.666667
0.61110592 -1.9593389 0.16508059 13
0.60309291 -1.8192284 0.1755213 10
0.63511682 -1.7352109 0.15542322 12
0.6001665 -1.6705906 0.13791925 10.5
0.6529842 -4.0329671 0.23377185 11.6875
0.69216621 -3.9540069 0.26577243 11
0.626656 -1.9005346 0.22974488 13.333333
0.64102858 -1.745342 0.22331217 13
0.6082617 -1.6752123 0.24025363 11
0.69186521 -1.5839021 0.2670466 12
0.64728683 -4.0551391 0.38129342 12.833333
0.63401222 -3.9994891 0.31983036 10
0.69475698 -1.9373425 0.35560715 14
0.63983065 -1.8524941 0.34371883 14
0.63654202 -1.6713996 0.34078953 13
0.64597505 -4.0141592 0.46613377 12
0.65873176 -2.1234667 0.49554366 14
0.62250084 -1.9120852 0.41681826 13.5
0.6480962 -1.8076357 0.42989695 12
0.68446255 -1.7432526 0.47516966 13
0.62535959 -1.6912215 0.47978485 14.333333
0.69717753 5.1543956 0.46612614 9
0.6529898 -4.0113091 0.53433192 14.25
0.61481726 -1.8203061 0.52788174 14.5
0.62629843 -1.7539892 0.53422403 15
0.67656034 5.2671003 0.72035843 12
0.65887511 5.8577857 0.72929418 9
0.60016114 -3.9799612 0.86150718 12.5
0.62555629 5.2327557 0.84161049 11
0.6472317 5.3104997 0.80226409 10
0.61096847 -4.0714421 0.90827835 15
0.62907773 -4.0273919 1.0163409 14.5
0.66993713 5.2205176 1.0941223 12
0.63903803 -4.0420179 1.1441225 14.5
0.66673774 5.2835145 1.1483487 12.666667
0.66570944 5.8473086 1.1610515 13.5
0.68227684 -4.1689219 1.2156304 15
0.65622622 5.1089377 1.2026255 13
0.66275865 -4.0516586 1.3184334 13
0.6729117 5.2253566 1.3591003 14
0.69284064 5.2268806 1.4756365 13
0.65676665 5.861062 1.4349287 15
0.63640845 5.2620502 1.7076666 15
0.64038265 5.8037906 1.9727306 15
0.72826737 -4.0922637 -0.2251731 0
0.71980441 -1.342533 -0.25415248 4.5
0.75617528 -1.1961726 -0.2903806 0
0.76612961 -1.0680501 -0.2140841 2
0.7992512 -0.76471883 -0.23496349 2
0.7964111 -0.66516811 -0.2392875 1
0.70419711 -0.59838849 -0.20448361 1
0.75563037 -0.34863761 -0.2645632 1
0.76344651 -0.13366616 -0.27274263 1
0.74983144 0.23138206 -0.25448892 0
0.79502386 0.39727363 -0.22809835 0.5
0.74725437 0.85867643 -0.24711728 0.5
0.77744776 1.2778404 -0.24197137 2
0.78288925 1.5671734 -0.22953363 0
0.71398777 -1.6980207 -0.10727634 5
0.70015615 -1.5495749 -0.10381052 5
0.76563072 -1.4908309 -0.17729929 7
0.75480515 -0.77746785 -0.19917689 2
0.73168129 0.1996956 -0.18184367 0
0.78497124 0.51790971 -0.18990834 1
0.73454189 0.6550321 -0.18791677 1.1666666
0.76645344 0.86365294 -0.17068972 3.1666667
0.75391579 1.1491978 -0.17650439 1.5
0.75228262 1.9931142 -0.13850814 0
0.70610195 2.4201007 -0.15416135 3
0.7761842 2.8947964 -0.15522628 0
0.74317873 -4.0268016 -0.033625592 7.5
0.79879057 -3.9653344 -0.078027442 8
0.78045756 -2.0633838 -0.0119343 9
0.72145057 -1.5637149 -0.037549686 8
0.73357904 -1.2807539 -0.013019511 8
0.79688925 3.0063884 -0.047344189 3
0.71067649 3.2531822 -0.050053447 2
0.7794047 -4.1324062 0.044799004 9
0.76807588 -4.0370841 0.053420052 9.333333
0.72090346 -3.9749384 0.05445566 8.5
0.78734124 -1.7959294 0.0049631596 9.5
0.74476641 -1.6606389 0.054156106 9.5
0.7997092 -1.4646516 0.026364425 9.5
0.75646603 -4.0635009 0.1448894 10
0.70452446 -3.9955409 0.13672079 9
0.75703979 -1.9345069 0.18519744 11.5
0.77498597 -1.828917 0.14253989 10
0.78744495 -1.7603916 0.18759133 10.5
0.79723346 -1.2904062 0.1984449 14.5
0.74864876 -4.0341754 0.23940843 11.333334
0.794918 -2.1995871 0.23197307 12
0.79090095 -1.9087572 0.28235507 14
0.7728259 -1.8326838 0.25971335 13.5
0.76448309 -1.6881764 0.24975483 11.833333
0.79663044 -1.2513099 0.26052707 13
0.78486151 5.2402301 0.24368045 8
0.77127922 -4.0269666 0.34447211 12.9
0.79145294 -2.1382051 0.30599594 12.5
0.7827456 -1.8430642 0.3635014 14
0.77814007 -1.7439193 0.34440318 14
0.78339565 -1.6830411 0.33494285 12
0.75154197 -1.5019637 0.35105672 10
0.76358253 -1.2570037 0.3494159 12.5
0.78468841 -1.1771381 0.39444152 13
0.78732646 5.2401538 0.35200292 8.75
0.78790206 -4.1606088 0.49325922 14.5
0.75746435 -4.0222893 0.41362602 14.666667
0.73268139 -1.7344841 0.45256013 12.5
0.79654652 -1.6836331 0.45512486 12
0.77255958 -1.4151294 0.47393474 12
0.76506573 -1.2630827 0.40933853 15
0.74771297 -1.1843148 0.47011948 11
0.72892392 5.1894498 0.45970976 9
0.7788105 5.2439923 0.46113279 8.875
0.75427073 -4.0429373 0.54053062 13.25
0.7547105 -3.9740369 0.57771832 12
0.76274443 -2.0051649 0.59794402 14
0.79281354 -1.912941 0.53919983 11
0.72359872 -1.7940254 0.50602013 13
0.7640897 -1.6911544 0.5042761 13
0.78874701 -1.2406358 0.53424603 12.5
0.79851842 5.1992135 0.58682203 10.5
0.77887076 5.2313852 0.53655064 9.6875
0.7980395 5.9157319 0.5135709 8
0.70142382 -4.017869 0.64769328 11.5
0.77703053 -1.896997 0.67114264 14
0.76328707 -1.6974784 0.64944899 15
0.77325189 -1.2220865 0.66976875 12.8
0.72360057 5.1663218 0.6033901 9
0.7732048 5.2272167 0.64227623 10.357142
0.72427303 -4.0327148 0.74749303 11
0.77844399 -2.1694789 0.76619941 13
0.79675329 -1.3136384 0.75513035 14
0.79094392 -1.2262551 0.73139566 13.6
0.77696341 5.1821771 0.74381912 10.6
0.78159916 5.2321215 0.75847787 12
0.79678923 -4.0665274 0.8342247 14
0.79771936 -2.2026284 0.85754085 15
0.76479244 -2.1775496 0.83432412 15
0.75527084 -1.259958 0.88348341 14
0.77201015 5.1910148 0.82521117 11.5
0.77303314 5.2195945 0.84711981 12.285714
0.75202948 -4.1688313 0.94614565 14
0.78572226 -1.2175732 0.90875846 14
0.77947587 5.1816201 0.92699099 11.875
0.77645499 5.2321115 0.96310884 12.75
0.7753287 -1.2605759 1.0159729 15
0.75069356 5.1697545 1.0401504 12.666667
0.7862941 5.2348266 1.0768168 14
0.76550621 5.3048415 1.0212075 15
0.73320246 -4.048615 1.1671543 12
0.74487978 -1.3290834 1.1217937 15
0.77905089 5.1848078 1.1346892 14
0.7854526 5.2140808 1.1536614 12.75
0.71342301 5.3137307 1.152824 13
0.75993723 5.169466 1.2552257 13.416667
0.76433557 5.2237563 1.2380321 13.625
0.70402652 -4.0220084 1.3907555 15
0.74755901 5.1723537 1.3564833 14.666667
0.75907689 5.2295847 1.3452371 13.5
0.75286752 5.1728292 1.4480402 14.333333
0.79191512 5.2152143 1.4459369 14.166667
0.74938351 5.1619258 1.5513793 14.2
0.70805299 5.2075429 1.5365316 15
0.78352922 5.1563959 1.6576545 14.666667
0.7602849 5.2296815 1.6682943 14.666667
0.75943094 5.1576571 1.7543896 14.8
0.73105651 5.145751 1.8559364 13
0.87602144 -1.1194808 -0.30029383 0
0.81520444 0.59688318 -0.31683001 0
0.85729617 -4.1468148 -0.22949103 0
0.84290552 -2.1790023 -0.27162734 2
0.885454 -1.8419166 -0.20702602 4
0.86586303 0.27996993 -0.25789487 0.5
0.80396998 0.42225823 -0.20533898 0
0.8728267 0.56947052 -0.21836103 0
0.87630343 1.0721487 -0.22684078 3
0.86827564 -4.2483816 -0.18517004 4
0.88020915 -4.1134052 -0.14731881 7
0.85592788 -1.9794044 -0.18078893 5.5
0.88415688 -1.4057882 -0.15671302 4
0.88476443 -1.3762966 -0.16548693 4.5
0.85999483 -1.0504247 -0.18682316 2
0.81301522 -0.61270076 -0.19891244 1
0.86822861 -0.58716917 -0.19559482 2
0.82209975 0.59069216 -0.18612109 1
0.85892957 0.68732595 -0.18145318 2
0.87643832 0.73141181 -0.19500165 0
0.84945601 0.86615264 -0.18475838 2
0.87835884 0.94602859 -0.1666093 3
0.86200589 1.4558798 -0.17965858 1
0.80727476 1.6196661 -0.15410976 0
0.88389474 1.7761513 -0.11581136 0
0.81191015 1.8083782 -0.10419572 1
0.80591822 3.0159791 -0.1300441 2.5
0.83132607 3.1159673 -0.11848764 0
0.86512524 -2.0143971 -0.045377344 7.5
0.87264007 -1.9479876 -0.013987465 9
0.84564751 -1.4107375 -0.035965286 6
0.85009003 -1.2320487 -0.014011456 9.25
0.8444404 3.1523454 -0.066211551 1
0.87508303 3.3580892 -0.045176387 1.5
0.83793283 -4.1231704 0.080607079 9.5
0.86096454 -2.2240422 0.04365588 9.666667
0.83482796 -2.1740766 0.077647746 11
0.85142928 -1.9691173 0.027607882 9
0.83883071 -1.8439447 0.078020073 10
0.83094853 -1.7702092 0.047162212 8.5
0.84385049 -1.6128613 0.025510179 8.666667
0.87300277 -1.5723696 0.0023979952 8
0.85004932 -1.4456519 0.072807036 10
0.82673997 -1.352116 0.039860915 8.666667
0.85915291 -1.240121 0.060463186 9.6499996
0.84018105 -4.1423922 0.14860529 14.5
0.84176981 -4.0715685 0.15253545 9.5
0.8398056 -2.2377758 0.16754737 13.333333
0.85173088 -2.1901767 0.14674592 10.444444
0.84796536 -1.9415879 0.16975191 11.7
0.84596789 -1.7390648 0.13425028 10.5
0.8601082 -1.6659286 0.16858336 11.666667
0.85409331 -1.5282106 0.16732308 12
0.88509506 -1.3730916 0.13241358 10
0.86301321 -1.2377353 0.1648767 11.555555
0.87602663 -1.1837564 0.18294445 10.375
0.88703156 5.2299857 0.18368196 8
0.88544071 -4.1247234 0.27677247 12
0.84247702 -3.9824398 0.23861594 12.25
0.86510962 -2.235817 0.21837589 12.125
0.85520744 -2.1940393 0.20214105 12
0.85008037 -1.9030654 0.2501342 11
0.82532942 -1.8797452 0.2564522 15
0.85534203 -1.6729112 0.24239489 10.666667
0.83977067 -1.5581537 0.28492898 11
0.88035011 -1.4680156 0.2547352 13.5
0.84815991 -1.3524227 0.27845952 11.5
0.84998059 -1.2203679 0.24191484 10.416667
0.85052824 -1.1819599 0.25210422 10.25
0.85445535 5.2355313 0.24795808 7.625
0.89061922 -7.1824136 0.38914502 10
0.85053861 -4.157032 0.3417953 12.25
0.80505258 -4.0480609 0.31087559 11
0.83851504 -2.2297783 0.32855147 14.133334
0.85750747 -2.187037 0.32890686 12.833333
0.8372466 -1.9520301 0.34897879 13.916667
0.81793696 -1.7610372 0.30349699 9
0.80501479 -1.6958992 0.36641839 11.5
0.83458239 -1.5870281 0.30464637 13
0.84086549 -1.4763947 0.35371506 11.5
0.86598933 -1.2325583 0.35500482 12.194445
0.84866166 -1.1856241 0.35147554 11.333333
0.87761998 5.1560097 0.37148714 8.5
0.84011167 5.250051 0.35659525 8.2058821
0.84676832 -4.1386809 0.43825832 14.25
0.81598723 -4.0567231 0.44438329 11
0.85537666 -2.475503 0.42092758 13
0.85686141 -2.1705554 0.47510809 14.5
0.83030599 -2.0555053 0.4901461 13
0.84887999 -1.9855708 0.42060861 15
0.86505991 -1.6526427 0.44186017 13.666667
0.85504991 -1.5987387 0.40067801 13.5
0.85448617 -1.4172975 0.49370632 15
0.83996129 -1.2278588 0.45650649 12.461538
0.85969025 -1.1850818 0.44182572 12.25
0.81679952 5.1865215 0.47751251 8.833333
0.84987807 5.2418947 0.45338807 8.8823528
0.84603679 5.3072023 0.43873245 8
0.87164181 -4.1675568 0.51384503 12
0.84256363 -2.3711972 0.52029151 14
0.84502131 -2.2165558 0.53578734 14.333333
0.80713058 -2.1162455 0.53030211 15
0.84126139 -2.0003023 0.53283405 14
0.82151204 -1.6301978 0.58206058 14.5
0.83388716 -1.5551564 0.55907267 13.5
0.84416205 -1.2369484 0.55153209 12.833333
0.82663065 -1.1843718 0.54511458 12
0.8414827 5.1884866 0.50824487 9.5
0.83977211 5.2305083 0.55305129 9.5
0.82107568 -2.1694741 0.63074088 15
0.84985411 -2.0498216 0.64153999 13
0.83868927 -1.6424021 0.63897359 14.5
0.85357916 -1.3391062 0.60319549 14
0.84728926 -1.2317358 0.65439552 13.423077
0.84300655 -1.1995703 0.60513794 12.5
0.86160338 5.179358 0.6561963 9.833333
0.83543503 5.2291269 0.63763863 10.230769
0.82464868 -3.960155 0.74344534 13
0.83241171 -1.9305766 0.7633611 14
0.84389043 -1.3197393 0.72933328 15
0.84260404 -1.2313008 0.76202416 13.653846
0.83639383 5.1904325 0.74032801 9.5
0.84164125 5.213294 0.76621807 11.038462
0.80088514 -2.1678965 0.82757372 15
0.82406849 -1.556399 0.83848077 14
0.81531096 -1.3159517 0.81736153 15
0.85226816 -1.2440951 0.84994048 14.375
0.84366584 5.1709213 0.83921158 10.5
0.84343863 5.2225804 0.84279132 12.166667
0.8261655 -2.0200186 0.95216358 14.5
0.84056699 -1.252605 0.97252655 15
0.85067028 5.180829 0.93718415 12.75
0.83381677 5.220767 0.96185392 12.136364
0.84284645 -1.2650523 1.0395623 14.75
0.84719318 5.1770062 1.0474297 12.5
0.83353776 5.2145658 1.0312637 12.7
0.81862456 -1.2408651 1.1319633 15
0.83633018 5.1801982 1.1400378 12.9
0.83918393 5.2316303 1.1421977 13
0.82700455 5.1891751 1.2496444 13.75
0.83331823 5.2023916 1.2268641 13.125
0.84620184 5.1701527 1.3301522 13.6
0.84140092 5.2396073 1.3373206 13
0.8051573 5.8050337 1.3502539 15
0.85844839 -4.1559916 1.401993 15
0.81973755 5.1699872 1.4574559 14.4
0.86328065 5.2003384 1.4846331 15
0.84028423 5.186707 1.5098603 14.5
0.87608105 -4.23312 1.6542656 15
0.83098173 5.1462321 1.6361945 14.25
0.8604551 5.1865602 1.7681735 14.5
0.8170346 5.225369 1.7058734 15
0.80331427 5.869072 1.7495458 15
0.87346834 5.2181153 1.8208802 15
0.91412896 -0.44646138 -0.30710351 0
0.99104154 0.56428492 -0.3085503 0
0.93557113 -4.0338111 -0.23693617 3
0.98944575 -2.482528 -0.23305753 2
0.95748943 -2.2382309 -0.21786939 3.5
0.98556781 -2.1640866 -0.22488353 4
0.94003081 -1.3481658 -0.28396711 0
0.95356721 -1.0606936 -0.24175289 1
0.96156168 0.13616839 -0.255891 1.1666666
0.92191887 0.28184378 -0.20463558 1
0.94384831 0.44420579 -0.20695017 1
0.94580525 0.74744028 -0.22477773 0
0.99044305 0.85520643 -0.21294276 0.5
0.92944795 0.97267514 -0.21717796 0
0.94183969 1.3213711 -0.20246431 0
0.96844888 1.5001808 -0.20608999 0
0.9045766 1.8067355 -0.2078279 0
0.95039922 -1.7590519 -0.15119739 6
0.90850264 -1.4202597 -0.15230809 6
0.93162715 -1.3600292 -0.15825981 4.25
0.90217549 -0.79705751 -0.1909323 2
0.96012545 -0.66027099 -0.18604626 1.5
0.98127931 -0.22975269 -0.18840349 1
0.96562296 0.25028256 -0.17444973 2
0.99289548 0.48132667 -0.16955125 2
0.9092831 0.51489443 -0.18071826 1
0.9038775 0.79229116 -0.18644142 2
0.92625594 0.86454338 -0.18858476 2
0.95683932 0.96551222 -0.18033174 1
0.94012296 1.3536265 -0.18279903 1
0.96791655 1.4470438 -0.1722739 2
0.96201122 1.5291876 -0.16604073 1.5
0.92923045 1.7799735 -0.16187693 1.5
0.91923773 1.9657871 -0.10526949 0
0.96066409 3.0270152 -0.12076133 0
0.94589949 -1.788398 -0.07077232 7
0.94163871 -1.4277558 -0.030314453 6.8333335
0.93357015 -1.2219837 -0.011104933 8.5
0.91050196 2.1155229 -0.096208222 0
0.98145109 3.0264835 -0.096165791 2
0.94115609 3.1201324 -0.070142001 1
0.97618204 3.387574 -0.041902374 0
0.93126065 3.6087427 -0.026792681 1
0.95188344 -6.7801638 0.091639645 8
0.94057184 -4.1339364 0.057596114 9
0.91425806 -1.5267295 0.065196045 10
0.94332904 -1.3775456 0.038939316 7
0.92319781 -1.2335202 0.0626477 9.1428576
0.98823673 -6.4847565 0.11698924 10
0.94009978 -4.1571326 0.14982477 12.5
0.94184196 -2.2378862 0.16454345 10
0.96297348 -1.4947225 0.11378483 9
0.94617552 -1.2425131 0.15864559 11.156862
0.96001542 -1.1722101 0.15670086 9.166667
0.91455328 5.2787743 0.10799088 7
0.97267169 -6.9852586 0.22289152 9
0.95979202 -6.2328634 0.26642358 11
0.94667435 -4.1621633 0.21489389 11
0.93676341 -1.6290822 0.27837837 10.5
0.98705596 -1.3314896 0.21795198 11
0.9562614 -1.2411871 0.24996164 12
0.93237442 -1.1853585 0.25600839 9.833333
0.93825161 5.2618518 0.27963701 8
0.9428916 5.4255533 0.28632033 7
0.92784089 -2.2375143 0.336716 15
0.96201473 -2.1918144 0.35790265 13.5
0.97377372 -1.3204932 0.36557734 11
0.93803829 -1.2325649 0.33416936 11.666667
0.93003678 -1.1784011 0.3365958 10.666667
0.96694285 5.2333469 0.38101605 8.166667
0.90664434 -2.1848934 0.44640121 14.75
0.94052929 -1.2354547 0.45991889 12.625
0.92983878 -1.1827773 0.4453851 11.25
0.95029753 5.1986394 0.42612824 9
0.95118254 5.2304878 0.45360622 8.625
0.94334704 -7.4750843 0.50689119 11
0.98361158 -4.1705918 0.53424042 13
0.94286764 -1.2237443 0.53873301 12.1
0.94431603 -1.1830921 0.53349984 12.75
0.93006039 5.2192283 0.54181612 9.5
0.9058696 -4.1928968 0.6935609 12
0.95387298 -1.8159984 0.69397199 13
0.94948304 -1.2738649 0.64756048 13
0.92382753 -1.182592 0.64823955 13.5
0.94643271 5.189744 0.63915735 9.5
0.92991161 -4.1447468 0.72415715 15
0.92833704 -1.219124 0.77499121 15
0.96812963 -1.1906236 0.7333619 14.5
0.94766372 5.1815658 0.76757652 11
0.93010551 5.2273383 0.75202769 10.7
0.91921437 -4.130949 0.81123841 14
0.9596951 -1.2396644 0.83759999 14.333333
0.91950095 5.1988788 0.8704831 11
0.9176268 5.2215075 0.84075975 10.75
0.96074891 -4.2044563 0.91921312 15
0.92667466 -1.2482833 0.95932978 14.8
0.95412052 5.1807423 0.94068342 11.666667
0.9193784 5.2153459 0.96134114 13
0.99322051 -4.2097812 1.0520542 12
0.99593562 -1.2691054 1.0336102 15
0.95047557 5.1695971 1.0476303 14.333333
0.90037733 5.2352314 1.030755 11
0.94207263 5.1897221 1.1140989 12.5
0.97623837 5.2020946 1.1382589 12
0.94885927 5.1763711 1.2435832 12.5
0.93872553 5.2247653 1.2282114 11
0.93434918 5.1256409 1.3252636 14
0.99486369 -4.2031202 1.5701371 14
0.93543959 5.1929989 1.5467411 13
0.97071576 5.1382298 1.6630895 14
0.9003278 5.1907368 1.8789774 15
1.0052959 -4.1473637 -0.3142747 7
1.0520148 -4.0763268 -0.39249593 6.5
1.0626665 -1.2817297 -0.33811176 4.3333335
1.0512452 -2.6436148 -0.25494701 2
1.0578533 -2.3878894 -0.22981165 3
1.0898305 -2.0346382 -0.23598376 4
1.0747451 -1.293424 -0.204863 8
1.0154455 -1.1211009 -0.27629149 0.5
1.0051428 0.18451115 -0.24304737 0
1.0451092 0.2450279 -0.21801765 0
1.0478926 0.32048517 -0.23973821 0
1.0303332 0.42633888 -0.23859745 1
1.048493 0.67027473 -0.22858563 0
1.0796167 1.1514775 -0.22503462 2
1.0351254 1.463147 -0.23143819 1.5
1.0378299 -4.1184769 -0.16994984 3
1.0044123 -1.4156053 -0.17480354 4.3333335
1.0759076 -1.3419435 -0.14227404 7
1.0293581 -1.1061839 -0.1796234 3
1.0564076 -0.82022578 -0.16548961 3
1.0161082 -0.71048039 -0.18233776 2
1.0460427 -0.57410377 -0.18870829 3
1.0645559 -0.36444074 -0.17999069 2.25
1.0946674 -0.058285058 -0.1666013 2
1.0033727 0.020658419 -0.17954119 2
1.0764573 0.19494513 -0.16736835 2
1.0166686 0.55290818 -0.1870883 2
1.0223461 0.66391706 -0.19644487 0
1.0378695 0.94670594 -0.19423819 2
1.0734553 1.0707805 -0.17475989 0
1.0541091 1.232425 -0.18574494 0
1.0737017 1.7205341 -0.1564621 1
1.0660419 1.8330096 -0.14577983 2
1.0352416 2.0658298 -0.14737436 1
1.0855585 2.2442961 -0.12735017 0
1.0667436 2.3901837 -0.1093181 3
1.0143515 2.4346025 -0.13266987 3
1.0557399 2.7362468 -0.14854014 1
1.0708348 2.9177608 -0.13555589 3
1.0434011 -1.5510381 -0.090648547 7
1.0866759 -1.4271703 -0.088620186 5
1.0724027 -1.3639549 -0.059382565 8
1.0257255 2.7013192 -0.065842092 2
1.0583634 3.2176547 -0.041709263 2
1.0480458 -4.1620426 0.048563067 8.5
1.0734503 -1.423865 0.08189892 8
1.0324887 -1.2535524 0.057083644 10
1.0025845 -7.532979 0.18966611 10
1.0280014 -1.2511562 0.16026421 11.071428
1.0191005 -4.1278391 0.24510968 10
1.040044 -2.2463737 0.25088981 13.333333
1.0681269 -1.2409081 0.26187235 11.333333
1.0519085 5.1486926 0.22172514 9
1.0021634 5.2800341 0.24440998 7
1.0134451 -6.3139687 0.34206918 12
1.0472393 -4.2045999 0.33117381 14
1.0840677 -4.1326637 0.31543335 14
1.0345711 -1.2505312 0.35503241 11.75
1.0182362 -1.1922431 0.31913948 10.5
1.0458609 -5.3366594 0.42180413 13
1.0701596 -2.2474065 0.45193428 12.5
1.0405903 -1.2306983 0.42580742 11.5
1.0975032 5.1529217 0.49443433 9
1.078391 -4.1839437 0.58039629 15
1.077585 -2.2535989 0.59025705 15
1.0551507 -1.2776077 0.53280437 13
1.0553489 5.1440787 0.56183481 9.666667
1.0019157 5.2468691 0.575019 10
1.0509225 -2.2076693 0.60057455 15
1.0456873 -1.2354777 0.65075004 13.25
1.0422443 5.0869784 0.61912906 9
1.0350566 5.1953712 0.67133135 9
1.0127863 -1.2555904 0.75381994 14
1.0836118 5.0502548 0.78909701 11
1.0722169 5.1541848 0.78143334 10
1.0551184 5.2155924 0.79767245 10
1.0478499 5.1823649 0.83472472 11.333333
1.067355 -4.1676435 0.94341445 15
1.0464942 -1.2491179 0.90943456 14
1.0229455 -1.1995397 0.96985883 15
1.022562 5.1805949 0.96715903 13.666667
1.0033618 -1.2842783 1.0188791 14
1.0518129 5.1496983 1.0652311 13
1.0616454 -4.1234918 1.1944426 14
1.0721664 5.138792 1.1250731 15
1.010607 5.3519015 1.1613405 14.5
1.0323877 5.1458826 1.3363833 13
1.0884775 -4.1499081 1.5333816 15
1.033697 5.184444 1.5383384 15
1.0566478 5.2262297 1.5689783 14.5
1.0436291 5.1224461 1.7872603 14
1.143128 -0.12916599 -0.27869028 3
1.1365706 0.28054008 -0.2240589 2
1.1525023 0.32584983 -0.21993846 0
1.1353929 0.52728301 -0.2041612 1
1.1475682 0.77317619 -0.21337692 1
1.184628 1.0344805 -0.20127332 1
1.166786 1.7537937 -0.21306591 0
1.175006 -4.0468116 -0.1938024 1
1.1002108 -2.0158942 -0.1954813 5
1.1528542 -0.92489582 -0.18824752 3
1.153433 0.19248275 -0.16810082 2
1.1850502 0.59761548 -0.19701025 0
1.1147605 0.88588929 -0.18295711 1
1.1464903 1.5857506 -0.17628267 1
1.1065736 1.6356394 -0.17854524 2
1.1149546 1.733767 -0.12049346 1
1.1363567 1.8502511 -0.16400781 0.33333334
1.1466281 1.9591553 -0.17328808 0.5
1.1224163 2.0274608 -0.1386532 0
1.137742 2.6348982 -0.12487796 2
1.1505162 2.8090436 -0.11283532 3
1.1814371 5.1333985 -0.18048939 7
1.1018882 -4.1316447 -0.045597538 6
1.1488738 -2.1100593 -0.049970742 5
1.1624162 -1.2014587 -0.018773448 8
1.1221629 2.8083105 -0.098741278 0
1.1615404 2.9236009 -0.012980653 3
1.1580617 3.2507448 -0.072286718 1.5
1.1487406 3.3899202 -0.07799565 2
1.1224368 3.5152855 -0.031878412 0
1.1146477 5.1378145 -0.024868984 8
1.1473264 -4.1802459 0.047424231 8
1.1771115 -2.2489228 0.076850086 10
1.16109 -2.0174327 0.062291931 8
1.1526043 -1.4146241 0.024233075 9
1.1644065 3.6770253 0.032717209 2
1.1452003 -4.1759162 0.15199596 10.5
1.1161106 -1.2343085 0.12728207 10
1.16852 -1.1917596 0.17346293 9
1.1077378 5.1888094 0.17922489 7
1.1795321 5.2200689 0.15958744 7
1.1480982 -4.1710949 0.23239948 14.166667
1.1419432 -2.2489867 0.26440555 12.75
1.1406747 -1.247622 0.24655998 12
1.1306276 -1.1913493 0.20881303 10
1.1231664 -4.1307135 0.35692754 13
1.1583828 -2.2537131 0.31491387 12.5
1.1324131 -1.2426975 0.35263035 12.6
1.1281214 5.1620121 0.35423604 8
1.1780703 5.4226775 0.32486612 7
1.1797594 -4.1413789 0.45769158 11
1.1251906 -2.2523043 0.45043626 15
1.1420275 -1.2418061 0.46511114 12
1.1369097 5.1717844 0.46298003 8.333333
1.1423334 5.2134986 0.45073792 8.75
1.1373366 -1.2529395 0.53891182 13.375
1.174614 5.2524486 0.54937261 10
1.1804394 -1.2309529 0.65357631 13
1.1843753 5.1663427 0.68125266 10
1.1449784 -1.2630736 0.75080377 14.5
1.1396145 -4.1361804 0.87138849 14
1.1134403 -1.2468063 0.8302561 13
1.1441445 5.1512485 0.85614049 11.666667
1.145821 -4.1363726 0.95411092 13
1.1645401 -1.234274 0.93574446 14
1.1747508 5.1588683 0.9391951 11.75
1.1911308 5.2002001 0.9073534 13
1.1797863 5.1460772 1.0569931 12.333333
1.1567955 5.1364942 1.109092 14
1.16795 5.151063 1.2428106 13.333333
1.1478752 5.0988226 1.3782166 13
1.1365639 5.1465154 1.3350776 13.5
1.1630479 5.1399927 1.4129725 14.5
1.1991017 5.0919442 1.6079088 14
1.1251247 5.1930766 1.8396881 15
1.2854217 -0.8413738 -0.33416897 3
1.2293537 -4.1292119 -0.26682231 7
1.2737447 -1.455549 -0.24946475 3
1.2516712 -1.3542937 -0.27529877 1
1.2498025 0.080475718 -0.23344383 1
1.2785311 0.27557316 -0.23531438 1.25
1.2164328 0.44228253 -0.28349873 0
1.2203467 0.55339211 -0.21416906 0
1.2287344 0.62240601 -0.22585584 1
1.2027426 0.860897 -0.22312619 3
1.290759 -2.0382509 -0.13380495 6
1.2076929 -0.90901685 -0.16982532 3
1.2249098 -0.40938678 -0.19175421 3
1.2651808 0.14687927 -0.19087011 1.5
1.2156492 0.23988159 -0.17905414 3
1.2475418 1.1930015 -0.16919775 0
1.2462382 1.3525931 -0.17699793 2
1.2772106 1.553665 -0.11288425 2
1.2776654 1.6794683 -0.16857965 0
1.22997 1.720888 -0.16347668 0
1.2281442 2.1073501 -0.1404805 0
1.2342221 2.674093 -0.10272277 3
1.2586275 -1.4921163 -0.015148715 8
1.2428044 2.1401799 -0.085173562 1
1.2874315 2.5475621 -0.039948706 4
1.2173947 -4.1634154 0.087055549 11
1.230685 -2.2413976 0.028536053 9.25
1.208145 -2.0313818 0.051008292 8
1.2610285 -1.4318032 0.014423128 7
1.2121946 -1.2572076 0.053671714 10
1.2462424 -4.2382455 0.12255137 9.5
1.219032 -4.1656585 0.16821896 10
1.2587389 -2.26755 0.16696128 10.333333
1.2291007 -1.42478 0.10261256 9
1.2645165 -1.3575628 0.15267555 9
1.2582544 -1.270322 0.18976356 11
1.2277844 5.2027173 0.16338316 7
1.2489659 -4.1251326 0.24567503 10
1.2762753 -2.2182221 0.23641847 11.5
1.2889043 -1.2917665 0.29418153 11.5
1.2410755 -1.188898 0.2543793 10
1.2354617 5.1758084 0.27091411 8.5
1.2897011 5.2114244 0.26893377 8
1.266022 -4.1581998 0.33928844 13.75
1.2576618 -2.2627108 0.35934308 14
1.2526959 -1.2757728 0.35201761 11.75
1.2415805 5.1468554 0.33636504 8
1.2941164 5.2481217 0.33301067 8
1.2336357 -2.2255075 0.46551955 13.5
1.2523404 -1.244361 0.45001337 13.4
1.2665139 5.1696959 0.46215397 8.8999996
1.226281 5.2529435 0.40456578 9
1.2014395 -4.1656146 0.52113873 15
1.2234728 -2.2063215 0.50990123 15
1.2718414 -1.2475353 0.57992196 14
1.2634367 5.1858468 0.57166505 10.166667
1.2277858 5.2476192 0.52281713 10
1.2460608 -1.2428758 0.64852381 14.666667
1.2628514 5.1601729 0.65936559 11.083333
1.2701474 -4.1450224 0.78216261 12
1.220552 -1.3118739 0.76101029 14
1.2494205 5.1601934 0.7392956 10.6
1.2695303 5.2095709 0.76476061 12.25
1.2949376 -1.2452565 0.81517953 14
1.25658 5.1574168 0.8414135 12.25
1.2061492 -1.2781285 0.96693814 15
1.2285826 5.0992422 0.93552506 12
1.2578223 5.1610723 0.97851664 12
1.2454084 -1.2730339 1.0931067 15
1.2871228 5.0879993 1.010596 13
1.261552 5.1455431 1.0522439 13
1.2663726 5.1488991 1.1490339 13.75
1.2699386 5.1604366 1.2451912 14.333333
1.2516392 5.1729565 1.3535886 13.5
1.2207364 5.1719494 1.4510642 14
1.2624968 5.133698 1.7005396 15
1.3894876 0.24581598 -0.23945992 0
1.3929623 0.53919107 -0.20319891 2
1.3180108 0.73876309 -0.22623765 1
1.3577156 -4.1541238 -0.11818738 7.5
1.3806043 -2.5899751 -0.17442663 2
1.3059914 -2.443166 -0.13881296 1.5
1.3795677 -2.314152 -0.16918516 4
1.3023311 -2.1897523 -0.11907969 6
1.3004924 -1.4837329 -0.13534123 5
1.329139 -0.52386922 -0.16347517 3
1.319798 -0.38887864 -0.17185293 3
1.3357173 -0.092244141 -0.16512951 3
1.3454673 0.052046482 -0.16111587 3
1.3331909 0.65802336 -0.18548143 2
1.3787436 0.85747772 -0.19252616 1
1.3597478 1.051562 -0.18622579 1
1.3517647 1.4115232 -0.19130027 1
1.3103418 1.5384934 -0.16359553 0
1.3917818 1.6304929 -0.16185187 0
1.3593127 1.7822763 -0.14846383 2
1.3305111 1.9777223 -0.14860937 0
1.3835365 2.0269914 -0.14767379 0
1.3212421 2.1600604 -0.14193256 0
1.3066258 2.3000853 -0.13006109 2
1.3146216 -4.3407335 -0.0063146269 9
1.3166099 -4.1762333 -0.05267863 7.5
1.369279 -1.4208199 -0.087923184 6
1.3166029 -1.3664132 -0.03678691 6
1.3864735 2.7676442 -0.064928189 0
1.3968134 3.3846319 -0.022954762 1
1.3901211 3.7059202 -0.050694678 3
1.3169924 -4.1130967 0.054654844 8.5
1.3823932 -1.45706 0.041133184 9
1.3538834 -1.2363611 0.084163852 9.75
1.3477826 3.611784 0.039982572 3
1.391135 -4.2361431 0.14896491 10.5
1.3058704 -2.2396214 0.15332633 13
1.3697205 -1.3136259 0.15520574 11
1.3721608 -1.2638479 0.17360812 13.333333
1.3313866 -4.1620264 0.20824657 12
1.3247652 -2.243433 0.23660122 13
1.347772 -1.2612488 0.25113612 11.875
1.3411943 -4.1443486 0.33446601 10.6
1.3867391 -2.3037043 0.39925608 15
1.3480507 -2.2254601 0.37268719 15
1.3327694 -1.2467508 0.31411383 10.5
1.3782796 -1.1776292 0.30174321 11
1.3435825 5.1832595 0.34300685 8.2857141
1.3444076 5.2222838 0.33935884 8.1999998
1.3084474 -2.2783663 0.45516384 13
1.3332274 -1.2364591 0.46702722 11.5
1.3635014 5.1856093 0.44085675 8.25
1.3797294 5.2218771 0.4578405 8.8000002
1.3671753 -2.2829912 0.5335626 14.5
1.3862371 -1.2605857 0.54115808 12.75
1.3386157 5.1655116 0.55945909 9.4285717
1.3321874 5.2082634 0.52778 10
1.3835595 -1.3138179 0.63848114 15
1.3370808 -1.2433649 0.66855115 13.75
1.3467598 5.0969777 0.64545316 9
1.3495072 5.1747746 0.65107387 9.875
1.3552214 5.2180977 0.64162236 9.625
1.3881905 -1.2487793 0.71318758 15
1.3378199 5.1629806 0.7433756 11
1.3420472 5.153163 0.83586103 11.75
1.3425212 5.2007532 0.86601108 12
1.3571322 -4.1293039 0.93298566 12
1.3997259 -1.3033718 0.99936342 15
1.3571272 5.146625 0.95968562 12.833333
1.369101 5.2246952 0.91955066 13
1.3086987 -4.1621418 1.0754809 13
1.3745807 -1.2766689 1.0159917 15
1.3391507 5.1476746 1.0547808 13.9375
1.3502563 5.1510201 1.1568186 14.333333
1.3953116 5.2496171 1.1726607 12.5
1.3453075 5.139854 1.2522994 14.5
1.3715979 5.2671947 1.2919949 15
1.3424125 5.1506271 1.3537723 13.6
1.3062985 5.0973301 1.4677881 14
1.3682411 5.1452007 1.4379377 15
1.3132795 5.0975037 1.5249971 15
1.3558421 5.1386218 1.5834913 14
1.3571266 5.1613069 1.6420499 14.833333
1.4546276 -3.5308964 -0.29760492 2
1.4719361 -1.2757879 -0.27888 0
1.4206034 -0.87788165 -0.23321651 0
1.4498887 0.47897691 -0.23171404 1
1.4437364 0.74352175 -0.21399814 0
1.4070996 0.89057589 -0.21086188 2
1.4206406 -4.1245265 -0.15337235 7
1.470999 -4.0357256 -0.16524366 0
1.4516999 -1.4502295 -0.16673405 4.5
1.4039354 0.49954188 -0.19027211 2
1.4449477 1.0950339 -0.19705139 2
1.4873662 1.4162149 -0.14557046 3
1.4473369 1.6695255 -0.15347689 1
1.414095 1.7307482 -0.16179942 1
1.4598706 1.8070383 -0.1603775 0.33333334
1.4627316 1.9461632 -0.17018497 0
1.4109671 2.245543 -0.11178807 0
1.477783 2.4161255 -0.11558484 2
1.4155471 -4.227499 -0.032161687 5.5
1.4010299 -2.2703288 -0.093313597 0.5
1.4744534 -1.4527866 -0.048603881 8
1.4766301 3.1521354 -0.063376181 0
1.4922142 3.3148947 -0.077509992 1
1.4552679 3.5173707 -0.010000179 1
1.4066275 5.2130036 -0.0050672875 7
1.4966145 -4.3549223 0.035392903 8
1.4098386 -4.2949452 0.075799353 8
1.4812111 -4.093585 0.088856272 9
1.4488293 -2.2658293 0.099689469 11
1.464661 -2.0749393 0.074471429 8
1.4269021 -1.3485298 0.047176421 9
1.4322118 -1.2422543 0.066690929 8
1.4706501 -4.1842756 0.16920735 11.166667
1.4959592 -1.8523756 0.11398603 8
1.4368411 -1.2506174 0.17271957 11
1.4403353 5.4260654 0.14833601 6
1.4068732 -4.1750298 0.26694077 14
1.4362615 -2.2681789 0.29134068 13
1.4045814 -1.4357724 0.21981086 9
1.4221951 -1.258708 0.24297777 10.666667
1.4543521 5.187993 0.24090555 8
1.4178449 5.2277369 0.24792092 8
1.4440545 -4.1249452 0.34431747 11
1.4537659 -2.2449913 0.35077733 13.75
1.4544191 -1.2587986 0.3472099 12.25
1.4012879 -4.1706505 0.47267517 11.5
1.4882463 -1.228525 0.46363178 12
1.4407175 5.2344441 0.4523192 8.333333
1.4501663 -2.2405837 0.55233526 15
1.4739316 -1.2600818 0.5505659 12.75
1.4650909 -1.1947486 0.59276944 13
1.4041952 5.1581631 0.56976259 11
1.4403256 5.2309585 0.56412524 9.666667
1.439906 -1.2506912 0.68395925 13
1.4490829 5.1701202 0.66167235 9
1.417044 5.20578 0.62880576 10
1.4858974 -4.1403003 0.70473641 12
1.4221184 -1.263658 0.77572083 14.333333
1.4414161 5.2263203 0.72043252 11
1.4834058 -4.1576705 0.86826783 12
1.4464467 -1.3123987 0.86551178 15
1.4827625 -1.2498349 0.84727311 14.75
1.4560877 5.13059 0.80365074 11
1.4367347 5.2162452 0.84741664 13
1.4154807 5.0925999 0.97052991 13
1.4079989 5.1322808 0.98278701 13.25
1.4711949 5.2632661 0.97159624 13.666667
1.4481462 5.1671228 1.0458002 13.666667
1.472054 5.2375159 1.05313 13.666667
1.4367623 5.2271476 1.1806029 12
1.4546472 5.1924005 1.2102904 15
1.4807589 5.2254138 1.2110339 15
1.4046189 5.1421785 1.3468692 14
1.4901036 5.4936576 1.3861561 13
1.4947399 5.4651823 1.5908301 15
1.4822842 5.1876097 1.6672748 14
1.4607671 5.3069816 1.6466011 15
1.4289862 5.466301 1.6092311 14
1.4625186 5.445395 1.7453289 14
1.4937499 5.4352574 1.8789254 15
1.4992588 5.2239871 1.9023191 15
1.5210439 -3.0819261 -0.28831592 2
1.5025921 -0.91923261 -0.23206276 0
1.5554404 0.15897898 -0.23645571 0
1.5703803 0.26070884 -0.2052498 2
1.548507 0.50550914 -0.21301721 0
1.5241504 -4.2028093 -0.11796273 3
1.5795236 -4.0641441 -0.15051652 1
1.5785248 -2.8754859 -0.18640466 2.5
1.5090667 -2.6502705 -0.16256136 0
1.5861075 -2.4026864 -0.15575871 1
1.5713069 -1.426777 -0.12300797 5.5
1.5610319 0.39393044 -0.19855678 0
1.5705419 0.85359758 -0.18097064 0
1.5400999 1.3586313 -0.18544997 2
1.571082 1.7500968 -0.16561267 0
1.5222021 1.9366513 -0.10504903 0
1.5233443 2.045821 -0.10965528 2
1.5824629 2.1136954 -0.14244892 0
1.5463604 -2.0755596 -0.034904532 4.25
1.5615512 -1.4347838 -0.06435933 6.5
1.5740697 -1.3765687 -0.012447372 7.75
1.5055093 -1.2505335 -0.045596652 8
1.5907729 2.622113 -0.043754969 4.5
1.5660646 3.1807864 -0.090618521 0
1.5189581 3.2757227 -0.028833231 0
1.5286491 3.5284195 -0.055885792 2
1.5807625 3.9117262 -0.02088929 3
1.5503573 5.1259642 -0.095343016 7
1.5103471 -4.3218012 0.0040999991 9
1.5322225 -4.2388105 0.03746118 8
1.5167645 -1.4603695 0.053037241 9
1.5836554 -1.2805785 0.038724393 11
1.5400809 -4.3265452 0.11739197 9
1.5537291 -4.2405396 0.1612004 11.5
1.5974193 -4.1683793 0.18902215 12
1.5536326 -1.3756453 0.12512493 8.5
1.5844232 -1.2488048 0.16063367 11.5
1.5798671 -1.1999259 0.13589996 9
1.5213026 5.2828984 0.10145351 7
1.5015005 -4.2129149 0.28433341 15
1.5561472 -4.1870575 0.25666985 13.666667
1.5299317 -2.2637043 0.2287834 11.25
1.5143884 -1.2410132 0.27125242 12
1.5143616 -4.1744981 0.35721493 12.75
1.5283017 -1.2513844 0.3477717 11.125
1.5179741 5.1850114 0.34946862 8
1.5529044 5.2845922 0.31675068 8.5
1.5884527 -4.2366457 0.4928396 13
1.546261 -1.3084129 0.42934844 15
1.5472542 -1.2536222 0.44050303 11.875
1.5393723 5.2013364 0.4264724 9
1.5237045 -2.2273538 0.57911187 14
1.510391 5.211628 0.55118692 10
1.5448362 -1.2485968 0.65237552 13.625
1.5758542 5.1620274 0.64474267 11
1.5620195 5.2012358 0.6943571 10
1.5652791 5.1572123 0.74711925 10.666667
1.5336555 -4.1970215 0.82691407 13
1.5699698 -4.0759406 0.86911154 13
1.5059484 5.0810761 0.89290237 10
1.5387346 5.1405377 0.86512715 11.5
1.5253065 5.157692 0.94011736 12.75
1.523959 5.2035561 0.96840864 11
1.5684973 -4.2355757 1.0871745 14
1.573613 -4.197679 1.030342 14
1.568534 5.1567011 1.0462239 13.666667
1.563907 5.2324748 1.0477135 14.4
1.5060601 -4.2438579 1.1952392 15
1.5868587 5.0960865 1.4150115 13
1.5533907 5.4940267 1.4682674 13
1.5392451 5.4613519 1.654645 14
1.5054564 5.0567765 1.7601547 14
1.531746 5.1447759 1.7113247 15
1.5802181 5.4347792 1.7565937 14.5
1.5295631 5.4094071 1.8828071 15
1.6909076 -1.2549493 -0.32149783 6
1.6303042 5.125824 -0.36749098 6
1.6961173 -2.2507939 -0.24831377 2
1.6747458 -1.3818576 -0.2475519 1.5
1.6789348 -0.95857722 -0.22239625 0
1.62907 -0.36676255 -0.25252849 3
1.6813656 0.080118783 -0.21760327 0
1.6419092 0.17917418 -0.20379055 0
1.6412175 5.1489692 -0.28001618 6
1.6687497 -4.0592742 -0.17944546 0
1.6123562 -3.9476259 -0.14750706 0
1.6684901 -2.0559828 -0.11913205 4
1.6468443 -1.4438686 -0.14750196 5
1.6277041 0.059955794 -0.14909361 4
1.651279 0.64383829 -0.17549232 1
1.6360044 0.76729983 -0.19659074 0
1.6825294 0.90837723 -0.16950348 1
1.6461006 1.038393 -0.17757009 3
1.6702114 1.5729368 -0.13678135 1.3333334
1.6585283 1.7086449 -0.14606714 0.75
1.6588891 1.8653833 -0.13901879 1
1.6499183 1.9210124 -0.12286985 1.3333334
1.6516931 2.0723875 -0.1526185 0
1.6007375 2.162096 -0.13072142 2
1.6033199 5.1384616 -0.13539883 7
1.652344 -4.3344073 -0.028167889 6
1.6607525 -4.1574197 -0.0083407899 7.5
1.6590651 -2.5148358 -0.077416927 0
1.6137663 -2.2770131 -0.073949128 0
1.6929487 2.2113173 -0.089767665 1
1.6774738 2.6256909 -0.051704191 1
1.6139065 2.7538638 -0.077918358 1
1.676312 3.003032 -0.014181497 2
1.6280793 -4.1847916 0.081528433 9
1.604499 -2.2982924 0.079637267 10
1.6516355 -1.4109373 0.021011099 9
1.6262976 -1.251835 0.051277716 8
1.648123 3.3664656 0.023616895 3
1.6424149 -4.3470993 0.1629407 11
1.6203055 -4.2071161 0.19312632 13
1.6663707 -2.0738888 0.1626678 9
1.6607574 -1.4670066 0.10294726 10.5
1.6435149 -1.2533144 0.17607334 10
1.6650511 5.3092241 0.16050367 6
1.6768935 -4.1963649 0.28788605 14.5
1.6515027 -2.2520962 0.24210413 12.25
1.6751782 -2.0977035 0.27342355 9
1.6530383 -1.2447803 0.2489015 10.666667
1.6505042 -1.1894553 0.28096026 10
1.6887554 -4.4745517 0.30948505 15
1.6615218 -4.1404099 0.39130524 11
1.6668687 -1.262658 0.34249741 10.666667
1.6030025 5.1837363 0.33394349 9
1.6616402 5.2288585 0.34537432 8
1.6197598 -4.2148151 0.48855674 11
1.6380993 -2.2302961 0.44004065 13
1.6276122 -1.2560248 0.45094156 12
1.6444544 5.1883907 0.48799443 8.5
1.6816851 5.2625699 0.4003768 8
1.640807 -4.1892667 0.52713913 15
1.6186433 -2.3070955 0.56787175 15
1.6015377 -2.2724404 0.52806699 14
1.6487284 -1.3099805 0.57273412 12
1.6547178 -1.2647769 0.54091203 13.166667
1.6247419 5.2185979 0.5840202 10
1.6159025 -4.164165 0.66402143 15
1.6216733 -1.3165772 0.67804456 14
1.6996802 5.076375 0.67223942 10
1.653879 5.1295981 0.63889843 10
1.6974336 5.2053871 0.66264838 11
1.6416873 -1.2537335 0.77376449 14
1.6805757 5.1777992 0.7840088 12
1.6226534 5.203968 0.7646873 12
1.6836544 -4.2207665 0.84830838 15
1.6804916 -4.1024742 0.80859488 13.5
1.6811972 -1.3137342 0.87544471 14
1.6632576 5.1384902 0.85879666 12
1.6174412 5.2153187 0.8721655 11
1.6571269 -1.2963206 0.9414224 15
1.6677784 5.1698246 0.96291333 12.2
1.6699723 5.2127328 0.95292705 12.5
1.6423212 -1.2955133 1.0235406 15
1.6218548 5.0909276 1.0837672 15
1.6522797 5.1515374 1.0676888 11.9
1.6160462 5.2399154 1.0364094 14
1.6450866 5.1491885 1.141507 13.388889
1.6356854 5.2052388 1.1319373 15
1.6131711 5.0624552 1.2332706 13
1.6655253 5.1154776 1.2397118 14
1.6000645 5.2139373 1.2521429 13
1.6792724 5.469305 1.398562 13
1.6422266 -4.156157 1.4899403 15
1.6925719 5.4719534 1.4767236 12
1.6773736 5.2091489 1.5258384 14
1.602569 5.4312921 1.5379875 14
1.6105905 5.4623079 1.6420509 15
1.6645164 5.3811169 1.7177521 15
1.623549 5.4233861 1.7842591 14.5
1.6369392 5.3801098 1.8647687 15
1.6310439 5.4379621 1.8443303 14
1.6061261 4.8307934 2.1388927 15
1.6621237 5.4526525 2.3587959 15
1.7614355 -2.2060378 -0.23655903 3
1.7807969 0.081395112 -0.20827186 0
1.7726455 0.31362331 -0.22019666 1
1.773578 0.47066855 -0.21713151 3
1.7865711 0.6358729 -0.24591073 1
1.7164328 -2.8282278 -0.15548137 2
1.7480426 -2.4192913 -0.14098932 3
1.7633976 -0.19014926 -0.13224082 4
1.7957053 0.13652815 -0.1955637 0
1.7005596 0.71341729 -0.18409409 0
1.7983239 0.90132022 -0.18535002 0.5
1.7954553 1.0599134 -0.12971278 2
1.7282032 1.2560771 -0.18316896 2
1.753943 1.4833312 -0.17427507 2
1.7365365 1.6894819 -0.16348341 1
1.7644181 1.8177581 -0.1555457 1
1.7197282 1.9089031 -0.14520229 0
1.7294167 2.2921574 -0.12778899 2
1.7372248 2.3369715 -0.15422912 3
1.7402233 2.4063251 -0.17465331 3
1.7519228 -2.5032032 -0.058601089 0
1.7350138 -2.1606219 -0.05283403 1
1.7388716 -1.4238372 -0.027220828 8
1.7149348 3.2775958 -0.081613779 0
1.7430772 -1.5214686 0.042600561 9
1.7280765 -1.2655554 0.025768466 9
1.7167029 3.5003977 0.022690283 3
1.7309676 3.7317376 0.05491383 4
1.7424898 5.1388655 0.055650048 8
1.7525146 -2.2529044 0.16383764 12
1.7634829 -2.1152833 0.11738499 7.5
1.7619128 -2.0370903 0.16848865 8.5
1.7079344 -1.3140727 0.18088929 10
1.7494118 -1.2576286 0.18523273 11
1.7482852 -4.4886837 0.27429277 14
1.7696121 -4.1730247 0.24282397 10
1.7695638 -2.3091307 0.20408243 11
1.7403679 -2.2783701 0.25282553 12.5
1.7184578 -1.3186861 0.25135854 12
1.7509485 -1.264237 0.28569022 13.5
1.7657874 5.0816388 0.29867947 9
1.7164255 -4.4640112 0.38747266 14
1.7181001 -4.170145 0.35048598 14.166667
1.7681506 -2.267365 0.34928471 13.25
1.7769583 -1.2525368 0.32573009 11
1.7994063 5.1613641 0.31483379 8
1.7299247 5.207201 0.35697594 9
1.7293489 5.3254476 0.34544346 7
1.7474068 -4.4826069 0.42100832 13.5
1.7364448 -1.3099732 0.42932978 11
1.7039179 -1.2513489 0.48783529 13
1.7144119 5.1798263 0.46032888 8
1.7011832 5.2293677 0.46904179 8
1.7096665 -1.2226284 0.57293195 12
1.7358294 5.1397214 0.50827301 8
1.7396163 -1.2767832 0.68576103 12
1.7347747 5.1568127 0.64547092 9.5
1.7300297 -4.1674824 0.72342831 14
1.7234417 -1.272378 0.75004834 13.875
1.7488552 5.1584902 0.76227927 11.375
1.7329668 5.2301669 0.7683723 10.375
1.7306203 5.0640507 0.88996875 12.5
1.7460352 5.1718712 0.8482883 11.375
1.76367 5.2096572 0.8581515 11
1.7035087 -1.2320379 0.97590548 15
1.7467569 5.1680331 0.93707651 11.916667
1.7586541 5.2195659 0.95401436 12.5
1.7550219 5.1610456 1.0500362 12.2
1.7564815 5.2275949 1.0584147 15
1.7372409 5.1561294 1.1528025 13.55
1.7506752 5.2271032 1.1400961 13.833333
1.7430792 5.1314788 1.2446928 13.25
1.7077218 5.4766474 1.2891881 12
1.7643778 5.1274667 1.3567111 14.333333
1.7537271 5.6643004 1.3329855 15
1.7741755 5.3229742 1.4893417 14
1.7043517 5.4806943 1.4337391 14
1.7071276 5.4589677 1.8131913 15
1.7399625 -12.821759 2.3294556 14
1.7392213 -11.789533 2.3412869 15
1.8532689 -1.2288636 -0.25594699 0
1.8857521 0.17631343 -0.20036364 1
1.8891146 -4.1769524 -0.16844247 0
1.8039415 -4.0375271 -0.17832214 0
1.8196985 -2.6281662 -0.1583872 1
1.8942676 -2.1182837 -0.12143423 2
1.8267515 -2.0300381 -0.12063051 3
1.8419532 -1.4657422 -0.1275702 5
1.8473566 -1.3499368 -0.19987299 2
1.8558551 -0.96340537 -0.19226654 4
1.8635895 0.27137274 -0.19476974 0.5
1.8481472 0.36726263 -0.13974622 1.5
1.8739541 0.56582588 -0.16761471 0
1.8327608 0.80048877 -0.16673362 1
1.8463596 0.94588977 -0.1734632 0
1.8440611 1.5673304 -0.17655623 0.5
1.8301952 1.9290227 -0.11989939 0
1.8757797 2.0479429 -0.10573486 0
1.8492265 -4.271925 -0.074415371 3.5
1.8484462 -4.1321115 -0.093765542 2
1.8196594 -2.7173913 -0.0049561267 2
1.8675506 -2.1193886 -0.053875953 4
1.8920405 -2.0747428 -0.055608522 6
1.8592172 -1.4272127 -0.026270183 7
1.8697311 -1.249145 -0.012903583 8
1.8591903 1.8638057 -0.080528341 3
1.8054609 2.0893674 -0.096268065 0
1.8872013 2.3648946 -0.082104497 3
1.8271545 2.4665971 -0.076938674 0.5
1.8892797 3.3500521 -0.077862993 1
1.8081734 3.4826708 -0.06278649 2
1.8347629 3.6223533 -0.020486305 2
1.8291454 -2.0761895 0.020298969 7
1.8922315 -1.9166013 0.013470562 5
1.8676738 -1.4692975 0.059708167 7.5
1.876714 -1.3012999 0.015894361 10
1.8191259 -1.2357613 0.090893939 9
1.8602341 5.2388344 0.088845178 7
1.8818147 -4.4291797 0.12406375 9
1.8286324 -2.250689 0.15943283 10
1.8863499 -2.032851 0.16332839 9
1.8747678 -1.3045435 0.17851149 13.5
1.8668016 -1.2347792 0.11518169 8.5
1.8685679 -1.1886858 0.14585786 9
1.8976523 5.0971828 0.15693869 8
1.8342205 -1.2741139 0.23950636 11
1.8867339 5.177279 0.28228471 8
1.8400576 -2.2429562 0.35515207 13.75
1.8551812 -1.2680051 0.33603138 11.75
1.8675547 5.1748538 0.37803301 8
1.8899812 -2.2837014 0.42805511 14
1.8414961 5.1640668 0.4364872 8.5
1.8567646 5.2125144 0.45409754 9
1.8749976 -1.3681455 0.52969521 13
1.8023896 -1.2547672 0.54767919 13
1.8127112 5.0886745 0.5859046 9
1.8592603 5.1628218 0.55827606 9.666667
1.8045217 -1.265503 0.66587502 13
1.8533869 5.1676283 0.65961432 10.375
1.8650466 5.1624303 0.74858713 10.571428
1.8196051 5.2195692 0.7438798 10.5
1.8317159 -1.3389672 0.81002641 13.5
1.8465182 -1.291226 0.82997763 14
1.8611842 5.1148391 0.83803266 11.25
1.8408176 5.2372289 0.8716656 10.75
1.8808277 -1.2856324 0.90457469 15
1.8469865 5.1897416 0.95215917 11.5
1.8459821 5.2118344 0.94009018 10.5
1.8764161 -1.3345623 1.0470579 14
1.8651942 -1.2717345 1.0559287 15
1.8249285 5.0992117 1.0633303 11.5
1.8220068 5.1552577 1.043101 13.375
1.8630638 5.2094369 1.0807713 12.5
1.8778794 -1.2583288 1.1748283 14
1.8968216 5.0617452 1.1803608 14
1.8418421 5.159626 1.1589944 13
1.842525 5.2264504 1.1106112 13.333333
1.8691822 5.3365731 1.1316196 12
1.8301784 5.1654544 1.2383968 12.5
1.8225565 5.2338438 1.2245339 13
1.8310288 5.1424661 1.369083 14
1.8452777 5.2140141 1.3132102 14
1.8689184 5.6526899 1.3626331 13
1.8528106 5.7126284 1.3374792 13.5
1.8575267 5.7023826 1.4892727 13
1.8525118 5.3614311 1.5069799 13
1.8364378 5.409646 1.5319117 15
1.8682013 5.2706094 1.6090437 14
1.8624978 5.2409406 1.7231945 14
1.9757324 -0.59583938 -0.22734502 0
1.9082544 0.51554364 -0.24394056 1
1.9985577 0.62969029 -0.22117075 2
1.9429128 -3.0821242 -0.12338406 0
1.9655937 -2.4804466 -0.12774627 1
1.949829 -2.3484819 -0.12988552 2
1.9088279 -1.4360976 -0.12430844 7
1.9311917 -1.0828114 -0.14647195 1
1.9479874 0.27402624 -0.15657593 0
1.9973252 0.42250285 -0.15236869 0.5
1.9875603 0.61062813 -0.1043327 3
1.9992043 1.5763395 -0.11643662 2
1.9169853 1.7896111 -0.15492119 0
1.9598463 1.9295316 -0.13278723 0
1.9107611 -4.2234163 -0.053923044 4
1.9347192 -2.7928824 -0.057824865 0
1.9101003 -2.6815705 -0.049774166 0
1.9399279 -2.529233 -0.034756236 0
1.9719495 -2.4615402 -0.028307423 2.25
1.9428831 2.8496366 -0.064094916 3.75
1.9583708 3.3897543 -0.068645023 4
1.9223263 5.1337729 -0.015673906 8
1.9336429 -2.4589119 0.0064175893 3
1.9254379 -1.4672182 0.055039294 8.5
1.9452125 -1.2798049 0.08059673 8.5
1.9451456 3.4202607 0.0061331489 2
1.9204173 5.1231041 0.048094701 8
1.9059978 -2.2581084 0.16248626 11
1.9985791 -1.4461726 0.15185553 13
1.9597272 -1.3075397 0.17949922 12
1.9632885 -1.2810397 0.18355148 12.5
1.9968767 -4.1898532 0.22525099 13.5
1.9034343 -2.0549986 0.2480929 11
1.9380709 -1.2705014 0.24020873 10.75
1.9658862 5.321363 0.23822874 8
1.9396851 -2.2803469 0.38902351 15
1.9027734 5.1563239 0.33400884 8
1.9441044 5.2499852 0.3294113 8.5
1.9196719 5.3519149 0.33895633 7
1.9425709 -2.2820253 0.44093168 14
1.9678168 -1.2915969 0.40552393 12
1.9734675 5.1577411 0.43605506 8.6999998
1.9348147 -1.2784047 0.54473567 12
1.989964 5.1452961 0.54299951 9.5
1.9479687 5.2561998 0.58045679 10
1.9646634 -1.2874035 0.62512141 13
1.925132 5.1600938 0.67484099 10.2
1.9221553 -2.2426839 0.72109216 15
1.9610213 -1.3387024 0.77121902 14
1.9117466 -1.26068 0.73038918 13
1.943525 5.1138668 0.78985834 12
1.9824985 5.2167187 0.7850666 11
1.9157667 -1.2780046 0.8557058 15
1.9338814 5.1533813 0.83120579 11
1.9643526 5.1530128 0.93452126 12.25
1.9076034 5.2286601 0.9524765 12.5
1.9734968 5.7299991 0.9668172 11
1.9665374 5.0873246 1.0146186 13
1.9247775 5.1729374 1.0529778 14.5
1.9587541 5.2332783 1.0833431 14.333333
1.9567745 -1.3555058 1.1657715 15
1.9482549 5.1505308 1.1424538 14.5
1.9690782 5.3277812 1.1586484 15
1.9741391 5.7252941 1.1057316 13
1.9163085 5.1800084 1.2612282 12
1.9160928 5.7016149 1.2309235 12
1.9110992 5.8024683 1.2913662 14
1.9465904 5.674458 1.3668268 15
1.9492313 5.7195134 1.3425915 13.666667
1.925604 5.3249645 1.4923023 14
1.9705682 5.6934166 1.4212923 13
1.9575071 5.7114449 1.4732319 15
1.903689 5.2998018 1.592505 15
1.9283862 5.3582892 1.5583901 14.5
1.9501445 5.655818 1.5128547 14
1.9980541 5.7123895 1.5259656 14
1.9769725 5.3172359 1.7766514 14.666667
1.9494716 5.2907486 1.8280642 15
1.9512055 5.3491578 1.8380164 15
1.968578 5.1450176 1.9307345 15
2.0048704 -1.4057808 -0.2524536 1
2.0646462 -0.48422563 -0.21722558 0
2.0291231 0.86370283 -0.21690358 2
2.0019245 -2.5722098 -0.14722808 0
2.0142567 -2.3522623 -0.1371793 3
2.0229404 -1.2533796 -0.19598427 3
2.0150812 0.019373154 -0.19735633 0
2.0473833 0.16054887 -0.18860866 4
2.0103328 0.36727092 -0.1818864 0
2.0293682 0.53150338 -0.13609836 1.5
2.067951 0.75398672 -0.16457868 2.5
2.0357406 0.94882298 -0.17162614 2
2.062022 1.3385953 -0.12029263 0.5
2.0404541 1.5128045 -0.12504996 3
2.0523632 1.6761276 -0.1344873 3
2.0382426 1.7705868 -0.12518367 0.5
2.086076 1.8415534 -0.14076868 0
2.0895767 1.9933729 -0.1097701 2
2.091469 2.0435154 -0.10805049 3
2.0486219 3.2431877 -0.121805 1
2.0236266 5.3114018 -0.19462658 7
2.0131035 -2.2951009 -0.046468798 7
2.0239828 -2.1241553 -0.0058672451 2
2.0313616 -1.5195028 -0.0023325875 8
2.056787 -1.4237813 -0.064186849 7
2.0566952 1.9320868 -0.078926891 2
2.023546 2.885354 -0.07695964 2
2.0652733 2.9270515 -0.041245561 0
2.0497053 3.2532382 -0.08288005 1.5
2.0592651 -4.4400797 0.08150541 7
2.0729642 -2.5088897 0.026648134 2
2.0320568 -2.1116884 0.031417575 5
2.0486736 -1.4502485 0.0036077525 8.5
2.0578156 -1.3380382 0.089153372 11
2.0206053 3.5948408 0.026932476 2
2.0573771 3.6562886 0.027627485 2.5
2.0657232 -2.2799332 0.19980301 11
2.0326073 -1.3514749 0.12776132 9.5
2.0323439 -1.2780284 0.17912143 10.5
2.0283411 0.94453818 0.14690481 10
2.0255578 5.1135368 0.16122843 8
2.0157669 5.2108927 0.15407602 7
2.0688004 -2.1077874 0.27615085 9
2.0647976 -1.3366735 0.25407073 11.5
2.0456471 -1.2738178 0.26038969 11.666667
2.0004516 5.221971 0.26969042 8
2.0288067 5.3097816 0.24789888 6
2.0042577 -4.2005057 0.32791707 13
2.0023437 -4.1116171 0.36174312 14
2.0618916 -1.2823941 0.34344101 9.5
2.042012 5.1772723 0.35436809 8.125
2.0253413 5.2303939 0.35381836 8
2.0947938 -1.2636112 0.42337012 11
2.0422518 5.1594162 0.43712798 8.333333
2.0615444 5.3019876 0.49625432 8
2.0070426 -2.2280562 0.55259639 15
2.0508153 -1.2697573 0.5194031 13
2.0960495 5.1448965 0.5767554 10
2.079283 5.2167706 0.59616333 10
2.0047803 -1.4030544 0.65020627 13
2.0358121 -1.3070904 0.63881552 13
2.0540392 -1.2719799 0.66589189 13.25
2.0529127 5.1790071 0.66712451 10.5
2.0102558 5.2161808 0.66957253 10
2.0294943 -1.3239812 0.7308808 14
2.0546279 5.1441011 0.7474367 12
2.0938876 -1.2845026 0.8798309 13.5
2.0502236 5.1571918 0.82625473 11.666667
2.0448024 -1.3085774 0.98137838 13
2.0217812 5.0752945 0.984887 11
2.0183303 5.1647897 0.91215843 15
2.0298471 -1.3246716 1.0624237 15
2.0460377 5.0744429 1.0889881 13
2.0204873 5.1427302 1.0568845 14.5
2.0271554 5.7557225 1.0130256 11
2.0428159 -1.2388419 1.1224618 15
2.0602121 5.2235222 1.1270632 14
2.0561523 5.7545419 1.1728162 13.5
2.0200503 5.733839 1.3999342 14
2.0800791 5.3348007 1.4595935 15
2.004703 5.7302561 1.4546787 14
2.0267091 5.3135066 1.5208083 14
2.0592573 5.3171997 1.65487 14
2.0757122 5.1430049 1.7724251 15
2.0499172 5.110424 1.8782481 15
2.0804935 5.3222346 1.9204905 15
2.0088935 4.4214582 2.0816479 14
2.1517959 -1.4768487 -0.20165274 5
2.1355381 -1.3905491 -0.26300687 3
2.1551416 -0.80600494 -0.23113076 1
2.1360991 -0.43252739 -0.21642108 0
2.1539466 -0.098772034 -0.20766002 0
2.1660097 5.1435533 -0.24660848 7
2.1488607 -4.1515956 -0.17019483 0
2.1372342 -2.4303224 -0.13460222 1.5
2.1467297 -0.964136 -0.11067973 2
2.1194694 -0.091294095 -0.16940007 0
2.1321995 0.38005513 -0.17358236 4
2.1162508 0.833727 -0.1303618 2
2.123554 1.2362248 -0.13797925 1
2.1017888 1.5784551 -0.14526743 1
2.1706433 1.6352943 -0.11911843 2
2.1796367 1.7967502 -0.1053811 3
2.1049609 2.2900465 -0.13302305 3
2.1754689 3.351747 -0.11851647 0
2.1513994 5.0613494 -0.1276547 7
2.1974361 5.1167221 -0.1307056 7
2.1919947 -3.9250343 -0.042371769 2
2.1118052 -2.8677199 -0.095159791 1
2.1042171 -2.711642 -0.092589274 1
2.1696444 -2.6909246 -0.024631564 1
2.1137726 -2.587893 -0.037854839 0.25
2.1792841 -1.5231309 -0.059460219 7
2.1808133 1.1406847 -0.005715197 4
2.1164517 2.3673131 -0.085858546 2
2.1238742 2.8128181 -0.038139928 2
2.1574185 3.2522807 -0.082570501 1
2.1698599 -4.2129898 0.019146366 4.5
2.1418426 -2.2351413 0.071103744 6
2.1284373 -1.9930344 0.093157269 6
2.1758928 -1.4534861 0.0026921029 7
2.1958778 5.2153664 0.020944493 8
2.1033752 -2.2902927 0.19217244 10.5
2.1304357 -2.1529353 0.1004471 5
2.1379557 -1.3104843 0.12121092 10
2.1647077 -1.2772133 0.14611499 9.666667
2.1842613 5.1985841 0.16359864 8
2.1199839 -2.3304002 0.23224217 12
2.1101532 -2.2677243 0.22035994 11
2.1497111 -1.5012757 0.20126963 9.5
2.1101329 -1.3029472 0.25294548 14
2.1643088 -1.2939247 0.23667681 12
2.1851051 1.6614491 0.25390616 12
2.1781399 5.1993327 0.20997214 7
2.1466982 5.2735023 0.24207659 8
2.1221662 -2.1526568 0.3508302 10
2.1738501 -1.3084377 0.36549005 13.25
2.1489489 -1.270977 0.34098575 11.2
2.1647415 0.98838162 0.30045116 13
2.1641636 1.0488619 0.34836793 12.875
2.170085 1.2288429 0.38434249 14
2.1983476 1.5939435 0.38367769 15
2.1590056 5.1693583 0.3758052 8
2.1685643 5.2070107 0.39722019 9
2.1964533 -2.2966666 0.44370097 13
2.1448643 -1.2738622 0.46014553 10.5
2.1794336 0.98678529 0.40982848 14
2.1852458 1.0152876 0.43274266 13
2.1933393 1.4852525 0.43942297 13
2.1779718 1.5996823 0.41485378 15
2.178067 1.6418064 0.46932891 12
2.1255169 5.1600904 0.43533257 8.666667
2.1266811 -1.3140054 0.57011205 13.25
2.1977711 0.98134685 0.50379223 15
2.1655314 5.0923471 0.5802384 9.5
2.1424234 5.1411796 0.53770638 9.5
2.1516826 -1.2892303 0.6196394 12
2.154588 5.1723108 0.69251609 9.5
2.1121063 5.3609381 0.62872189 9
2.1103601 -1.3031378 0.72224647 14
2.1494055 -1.2834743 0.71360373 13
2.1389165 5.1428623 0.73720622 11
2.1300094 5.1614676 0.83886623 12
2.1146033 -1.3158226 0.93401903 15
2.1670918 5.1516743 0.93837667 13
2.1525643 5.3273435 0.95236206 14
2.1345544 -1.3362685 1.0252606 15
2.1620667 5.2239599 1.1932025 15
2.1897607 5.7911696 1.2238517 15
2.1426883 5.2856917 1.6266664 14.5
2.1660349 5.2270479 1.7774733 15
2.1155427 5.0979738 1.8970768 13
2.1950588 5.3231525 1.8155462 15
2.1870813 5.8925457 2.2984574 15
2.2263215 -3.3012297 -0.23371902 4
2.2775092 -0.9764576 -0.22786111 2
2.2361069 5.106317 -0.24089096 7
2.2205842 -4.1978078 -0.14613576 0
2.2740159 -2.3450286 -0.14038953 2
2.2490861 -1.5153108 -0.12564199 5
2.2099516 -0.14222066 -0.16809331 4
2.2196448 0.25505978 -0.14398071 0
2.2010868 0.35724196 -0.13082245 0
2.2713547 0.58593804 -0.14724416 2
2.2808051 0.67414826 -0.12989585 1
2.2833059 0.71227163 -0.12830174 0.25
2.2215738 0.83949804 -0.13369696 1
2.2936437 1.1048754 -0.16465119 0.5
2.2889111 1.325174 -0.12982374 0
2.2614512 1.8497996 -0.1333469 0
2.2969565 2.6594484 -0.11118351 3
2.2832329 3.0833266 -0.11765584 0
2.2577264 -3.0743177 -0.080369428 1
2.247416 -2.8577123 -0.0793221 2
2.2726111 -2.6652117 -0.070796244 2
2.232657 -2.307555 -0.015759047 1
2.279366 -2.0558133 -0.018994242 2
2.2966812 -1.472739 -0.0092559438 8
2.2300017 1.1292517 -0.06532564 3
2.2101099 1.7853352 -0.077808365 4
2.2018149 2.4177959 -0.076060213 2
2.2773349 3.3589981 -0.012136956 0
2.2544403 -2.2783515 0.065589488 8
2.2844703 -1.5276148 0.017690958 8
2.2105658 -1.4281002 0.052642487 8
2.260252 -1.2632821 0.057417065 8.5
2.2423549 3.4783478 0.050600156 2
2.2936792 -2.3482831 0.18085134 9
2.2810678 -1.3112015 0.13823706 10.333333
2.2437482 -1.2915564 0.16592598 11
2.2496853 1.1822042 0.16772564 8
2.2036748 5.1186852 0.18596043 9
2.2064786 -2.3057456 0.29422536 12
2.2839339 -2.2900512 0.2668328 12.5
2.2164981 -2.1649783 0.29559526 9
2.2545888 -1.3765957 0.22153227 10
2.2816579 -1.281883 0.24740709 9.5
2.227814 5.1871867 0.26865169 8
2.2588558 5.2357869 0.27976826 7
2.2723327 -2.2881329 0.35375902 14
2.2471278 -1.3161875 0.36180717 12.5
2.2358351 -1.2771945 0.34729373 10.666667
2.2572925 1.0042772 0.35717967 13
2.2368412 1.336199 0.36780357 14
2.2512996 5.1494355 0.34640664 7
2.2443655 5.2313213 0.36152235 9
2.2331474 -2.2643137 0.4196927 13.5
2.2243636 -1.2628356 0.46012184 13.5
2.2358272 0.94353878 0.46819061 15
2.2957282 1.680163 0.44416597 15
2.257755 5.1687045 0.47474927 8.5
2.2343299 -2.2601886 0.5539465 14.5
2.2156403 -1.3129351 0.55502623 13
2.2602952 -1.2619538 0.55994642 12.5
2.2953012 5.2191625 0.53303838 9
2.2010047 -1.3328151 0.60381377 13
2.2323611 -1.2770149 0.68007225 13.5
2.2353036 5.1593142 0.63484651 10
2.2646117 -1.2959853 0.76836413 13
2.2602324 5.129508 0.72926986 11
2.2246089 -1.3128129 0.80440164 14
2.2189076 -1.2885469 0.86550665 15
2.2804291 5.1378956 0.89102399 13
2.2150934 -1.33534 0.93497252 15
2.2309077 -1.2743602 0.9133141 14
2.2291324 5.0908647 0.9023059 13
2.252373 5.1401949 0.9284786 13.25
2.2019701 -1.2948712 1.0174259 14
2.2310565 5.2746968 1.0926347 14
2.2571213 5.7406859 1.2366914 12.5
2.2570655 5.6995215 1.3178831 15
2.273258 5.2771187 1.59269 15
2.2356219 5.3312769 1.5670123 14
2.2684793 5.3017626 1.6072375 14
2.2283659 5.2682276 1.8500856 15
2.2340243 5.3803282 1.8014175 14
2.2470274 5.4181218 1.8259089 14
2.3770943 -1.5101372 -0.23431857 4
2.3058619 -1.4271845 -0.22599991 3
2.3979075 -1.261637 -0.23976357 2
2.3823195 -1.4855363 -0.17395186 4
2.3435535 -0.082622223 -0.1767669 2
2.3153036 0.10789484 -0.14706501 0
2.3058164 0.28567654 -0.17866093 2
2.3654692 0.76616609 -0.11517242 1.5
2.3718393 0.89844847 -0.13207515 0.75
2.3279943 1.2700855 -0.12814412 0
2.3526402 1.4561586 -0.14134614 3
2.305582 1.6493673 -0.14624099 2
2.3934119 1.7353207 -0.13519727 3
2.3724256 -2.507242 -0.012392275 0
2.3088098 -2.489495 -0.00067964586 2
2.3627877 -2.2988391 -0.075924329 3
2.3153727 -2.1758013 -0.088536084 4
2.318341 -0.60679221 -0.094328776 2
2.3629141 0.3032726 -0.079903081 2
2.3985183 0.4538306 -0.099284887 1
2.3423376 0.57956916 -0.077297747 0
2.315819 1.7119282 -0.072721139 3
2.3447435 2.1460345 -0.098375604 1
2.329706 2.3983386 -0.053891942 0
2.3182085 3.3074582 -0.036330879 0
2.3495371 -1.2975624 0.034556936 9
2.3343732 3.3642018 0.0068632113 1
2.3258851 -2.3096721 0.18954378 10.5
2.3039403 -2.2778659 0.17222917 10
2.347903 -2.1268284 0.17459205 7.5
2.3756959 -1.5248047 0.10711976 9
2.3454957 -1.4819661 0.14859025 10
2.353523 -1.3228946 0.15244402 10
2.3345213 -1.2846856 0.1535216 10
2.3920467 1.5684304 0.1690622 11
2.3009622 5.1763 0.17377791 7
2.3902452 -2.3334985 0.25964969 12
2.3665822 -2.2869077 0.27944583 12
2.3072731 -2.1787212 0.25351441 9
2.334825 -1.5209976 0.27108547 10
2.3128431 -1.2933741 0.2110575 12
2.3581941 1.3325722 0.23857622 9
2.3805084 5.1209302 0.23010932 8
2.34958 5.2926455 0.25694492 6
2.3434715 5.3022227 0.28935346 7
2.3598523 -2.3092804 0.38575447 12
2.350945 -1.3549204 0.34754011 12.5
2.3376839 -1.2647676 0.32923165 10.333333
2.3432403 5.16679 0.35964671 8
2.3373628 -1.3025568 0.45173994 11
2.341815 -1.2817096 0.44533226 11
2.3372271 0.97904229 0.44230637 15
2.3320103 5.1506724 0.41761556 8
2.3954959 5.275826 0.414426 7
2.3925605 -2.3183277 0.57886672 15
2.3295236 -1.3042889 0.57958537 13
2.3274896 -1.2898691 0.5198732 11
2.364486 5.1498117 0.53188998 9
2.3674948 5.200933 0.57958531 10
2.3537738 -1.3326088 0.61267841 14.5
2.3757739 5.1620722 0.64854908 9.5
2.366184 -1.4103116 0.79641354 13
2.3549047 5.1357908 0.75598085 10.5
2.3991752 -1.3674451 0.88760006 13
2.3883579 -1.2904514 0.80918264 14
2.3536859 5.119123 0.8718403 13
2.3691189 5.3104057 0.85423887 11
2.3270884 -1.3466033 0.96088779 14.5
2.3008173 -1.2500167 0.91587043 14
2.3011637 5.1464353 0.92482287 12
2.3992982 5.2622175 0.92603362 10
2.3549266 -1.3398468 1.0405823 15
2.3731275 -1.28333 1.0261389 14.5
2.3812153 5.6875453 1.1539644 15
2.3705425 5.6373425 1.2863185 15
2.3543375 5.7180495 1.2309204 13.5
2.3002245 5.7263556 1.3905308 15
2.3986018 5.3401189 1.4993254 14
2.3766735 5.2630787 1.5626613 15
2.3863385 5.3370419 1.5688695 14
2.3685739 5.6696281 1.5578754 14
2.320219 5.2965908 1.614219 15
2.3750198 5.3191962 1.657879 15
2.339704 5.6905251 1.6017795 15
2.3034639 5.3610559 1.8245949 14
2.3134201 -12.884426 2.2599008 14
2.4189682 -0.98815739 -0.21563078 3
2.4499896 -1.5128567 -0.19395119 4
2.4756501 -1.3216897 -0.11077888 2
2.4402335 0.32225475 -0.10291096 0
2.4652567 0.45998281 -0.13818294 0
2.4445803 0.83935982 -0.16324331 0.66666669
2.4150136 0.93387461 -0.14923371 6
2.4428191 1.2070115 -0.14995897 0
2.4094384 1.4327549 -0.13474734 1.5
2.4901118 1.5582683 -0.10487536 2
2.4018016 1.6314645 -0.1350546 3
2.4950702 1.8247119 -0.13055046 0
2.4834716 1.9277785 -0.1117438 0
2.4470685 2.0521288 -0.10474047 0
2.4414558 2.1586196 -0.1033286 1
2.4144239 5.1215458 -0.15356237 7
2.4134779 -1.4454818 -0.035034623 6.25
2.4373827 0.073062144 -0.094472058 0
2.4692245 0.61626977 -0.068405941 0
2.4316077 1.5447545 -0.049821839 4
2.4470482 2.3326993 -0.076207042 1.5
2.4499774 2.6335025 -0.067141734 0
2.4705167 3.3401966 -0.014980144 0
2.4829335 -2.8086181 0.0035235905 0
2.4720268 -2.302397 0.079788759 9
2.4457479 -1.9796386 0.084417485 5
2.4333544 -1.3268293 0.0097292187 9
2.4371238 -1.2209374 0.09025871 9
2.4360483 1.329385 0.059556447 9
2.488493 3.5326283 0.016963646 1
2.481123 3.6773834 0.024601515 2
2.4945455 -2.2859643 0.14092235 9
2.4255481 -2.0090773 0.18778418 7
2.4518173 -1.4717318 0.11346217 10.5
2.4348526 -1.2711045 0.18901107 9.5
2.4256401 -2.2013056 0.2148779 7
2.4556146 -1.3221442 0.2829212 11.5
2.4052579 1.2724961 0.25635156 9
2.467521 5.1427121 0.23532507 7
2.4308565 -2.282706 0.39003184 10
2.4565377 -2.1448326 0.31302565 8.333333
2.4632256 -1.3279566 0.3660045 11.833333
2.4322686 0.93452907 0.36321732 13.5
2.4503796 1.0254494 0.36748514 13
2.4700708 1.1414217 0.38315853 13
2.4805632 1.3467158 0.3729189 13.75
2.410635 5.1390271 0.3718189 8.5
2.4337747 -2.3141911 0.45356211 12
2.4502702 -2.2236116 0.40917212 11
2.4724834 -1.3215078 0.42138827 14.333333
2.4182303 -1.2451363 0.4605225 12
2.4621072 0.9605521 0.4450281 14
2.4187567 1.6420405 0.45969382 14
2.4298174 5.0967579 0.40636182 9
2.4352188 5.1260276 0.41979647 8
2.4483168 -2.3167565 0.55511409 14
2.4475324 -2.2617204 0.590343 14
2.4591675 -1.3667265 0.50451082 11
2.4557259 4.6986632 0.53205389 10
2.4746103 5.139936 0.5370636 9.666667
2.421967 -2.3129039 0.68061411 15
2.4031055 5.095202 0.63117683 9
2.4776592 5.1536088 0.63883018 10.25
2.4230437 -2.2769399 0.73369271 13
2.4668732 5.1823597 0.75246263 10.5
2.4487579 -1.3247601 0.85596305 14.5
2.4468057 5.1465392 0.83942652 11.666667
2.4349914 5.2499461 0.87742168 11.333333
2.4851003 4.7161217 0.9097594 12
2.4592896 5.1396375 0.92971176 13
2.4573622 5.2695994 0.98928601 13
2.4644463 -1.2518497 1.0455281 15
2.4902492 5.254643 1.041001 14
2.4381123 5.7251768 1.1555836 12
2.4983261 4.8973374 1.2561082 14
2.4150124 5.2232747 1.2118772 14
2.4391956 5.5740209 1.2237698 11
2.4449518 -1.2671469 1.3102403 14
2.4360864 5.6863403 1.307917 15
2.4379106 5.7053919 1.394991 15
2.4979565 5.6833239 1.4124528 13.5
2.4310496 5.3014574 1.5006452 14.5
2.4236844 5.1969175 1.6706836 15
2.4774504 5.1513424 1.9007668 15
2.5879238 -1.2641625 -0.21355069 8
2.5872581 0.55969042 -0.20343179 0
2.5169821 -4.1374626 -0.17407131 0
2.5113885 0.24848966 -0.14006911 0.5
2.5623167 0.32559046 -0.13534267 0
2.5394123 0.59068245 -0.13456464 1
2.546602 0.66584659 -0.16426931 0
2.5695107 0.78907365 -0.11033744 0
2.5535963 0.8573032 -0.14802103 0.75
2.5582778 0.95633513 -0.13485336 0.5
2.5549114 1.5473279 -0.15809064 2
2.5686102 1.8641213 -0.12831981 2
2.5463078 2.0055461 -0.13037863 0.5
2.5202618 2.380928 -0.13110769 1
2.5686052 2.5846555 -0.12328138 1
2.5033948 -4.2322769 -0.0017441848 0
2.5388608 -0.76490349 -0.07664004 3
2.5466852 -0.33426109 -0.085346162 2
2.5559642 0.39519253 -0.063814543 0
2.5499778 0.71271241 -0.0882838 0.5
2.5247765 0.92494977 -0.05857303 2
2.5619621 1.0743587 -0.094872609 2
2.5549922 1.1232328 -0.08524438 3
2.5969579 2.0092638 -0.078905769 0
2.574183 2.2528079 -0.094491936 0
2.5716596 2.3972487 -0.05879233 2
2.5659585 3.1679945 -0.040195905 0
2.5191672 -2.5449536 0.014743506 0
2.5475748 -2.296344 0.011683409 1
2.5150762 -1.5167292 0.010590039 9
2.5473778 2.5654261 0.0070810975 2
2.584882 3.3064504 0.0040444247 0
2.5278149 3.678381 0.055189855 2
2.5287971 3.7626131 0.068391994 3
2.5218844 -2.1727436 0.12730123 4
2.5161073 -1.3152767 0.17200315 10
2.5033457 0.95310974 0.19339506 9
2.5586417 -2.0656857 0.23975401 8
2.5623147 -1.3177696 0.26167539 12.5
2.5445135 -1.254126 0.27316639 9
2.5073581 5.2016416 0.28279811 7
2.5531487 -1.3329117 0.34257108 13.125
2.5077443 -1.2972901 0.38254347 9
2.5472867 1.6192718 0.38909987 11
2.5491145 5.1477394 0.36477673 7.6666665
2.5941956 -2.3099182 0.48041832 15
2.5613062 -1.3217684 0.4521822 10.75
2.5638247 -1.2904181 0.45212874 12.666667
2.5013289 1.6242379 0.44327486 12
2.5106709 -2.3261714 0.58414918 15
2.5171738 -2.2286117 0.57890594 13
2.5229902 -1.3348879 0.58453792 12
2.5419471 -1.2817203 0.52725929 11
2.5149243 5.1685791 0.52039558 9
2.5832481 -1.3036164 0.66930115 11
2.5135384 -1.2773929 0.68669355 12
2.5696025 5.1349082 0.6435023 9.25
2.5044384 5.2404351 0.68359476 10
2.5848985 -1.3295262 0.77279717 13.5
2.5233643 5.1555476 0.70159721 12
2.519635 -1.3553327 0.82588416 14
2.5225093 5.152307 0.84881109 13
2.5119259 5.2684426 0.85440946 10.5
2.5052149 5.7108259 0.87359029 10
2.55373 -1.3512625 0.93200755 14.333333
2.5216 4.5616193 0.9297092 13
2.5608244 5.0904336 1.0162548 13
2.540139 5.3004699 1.0046855 11
2.5659921 5.5959115 1.013041 11.5
2.5718529 5.6173143 1.0675899 11
2.530962 5.2636304 1.1088363 13
2.5645108 5.6369328 1.1172377 12
2.545027 -1.4091733 1.2567904 14
2.5718305 5.6343493 1.2629778 12.5
2.57586 5.7549124 1.2839986 14
2.5605805 5.3368149 1.5395423 14
2.5583131 5.2672987 1.7226534 15
2.5507841 5.3220482 1.8094476 15
2.5987012 5.0880747 1.9073945 15
2.653084 1.5368142 -0.20459725 1
2.6333554 0.58216363 -0.11919579 0
2.6736383 1.2974274 -0.13902888 0
2.6382208 1.7624134 -0.11662355 1.6666666
2.6129546 1.8233644 -0.12410296 0
2.6493833 2.0181928 -0.11385942 0
2.6673434 2.1675277 -0.14702806 0
2.6646206 2.2135968 -0.13690415 1
2.6384246 2.8255901 -0.12086198 0
2.6587107 -1.5124526 -0.088300981 5
2.6332932 -1.4752907 -0.069771469 4
2.6977196 0.41378355 -0.052724 0
2.6370652 0.74270397 -0.090901539 0
2.6095932 0.80660605 -0.09613999 1
2.6128712 1.2515882 -0.084490575 2
2.6724362 2.2173576 -0.095361516 0
2.6561158 2.372648 -0.094660707 0
2.6316938 2.4257073 -0.0056534358 1
2.6165066 2.8012073 -0.013147465 2
2.6388712 3.4081945 -0.049801655 1
2.6713836 3.6180613 -0.034142245 2
2.683598 -4.0681882 0.024738776 0
2.6724946 -2.5129838 0.026384305 0
2.6405098 -2.1547322 0.074583076 2.5
2.6211784 -1.314484 0.059820857 9
2.6301119 -1.213334 0.049185302 9
2.6074758 0.83849388 0.062732585 8
2.6485341 3.5130696 0.069821373 2
2.6253474 3.6796646 0.005917253 3
2.6047423 -1.5234989 0.12388466 8
2.6898766 -1.4623311 0.11790869 9.5
2.6656642 -1.3266097 0.17551535 10.333333
2.6304688 -1.3423449 0.25089422 12.166667
2.6397552 -1.2887089 0.23595706 8.5
2.6124303 5.1594863 0.2243994 7
2.6643641 5.291224 0.23017487 7
2.6048357 -2.28496 0.37803835 12
2.6364009 -1.3111629 0.36526528 11
2.6851349 -1.2859474 0.34356806 10
2.6637607 4.8194904 0.39830637 9
2.6278274 5.1167569 0.30039871 7
2.6540184 -1.3366002 0.4195382 11
2.6837564 -1.291509 0.41944662 10.75
2.6822014 5.1337314 0.48510364 8
2.6882365 -2.3044417 0.50983256 15
2.6726673 -2.1409616 0.58458298 13
2.6599109 -1.3365328 0.55211323 13
2.6351893 5.1584687 0.51560384 9
2.6441977 -1.3014281 0.62786949 14
2.6060925 -1.2725302 0.65972596 13
2.6116095 5.1537085 0.69872314 10
2.6500723 -1.4120167 0.75690883 13
2.6593697 -1.3155797 0.7496677 14.5
2.6957464 -1.2915076 0.77332628 14
2.6328409 5.0826516 0.72793812 12
2.6333017 5.1450396 0.73479474 10.75
2.6273065 5.4857721 0.75128669 10
2.6738446 -1.2352933 0.89273345 13
2.6524575 5.119854 0.88704318 12
2.6622646 -1.4185843 0.98304415 14
2.6741502 -1.357636 0.91917223 15
2.6386716 5.1549001 0.94147509 12.75
2.6431129 5.6699829 0.98428947 11
2.6924384 5.1083245 1.0219532 13
2.6242573 5.3036351 1.0071859 15
2.6467032 5.6152096 1.0895183 11
2.6518867 5.6332622 1.1658864 12.333333
2.6422024 5.6569614 1.2624294 14
2.6594071 5.5935574 1.3087752 15
2.6949348 5.7233562 1.360972 14
2.6302118 -1.3790996 1.415423 15
2.6068001 5.5746717 1.4118829 15
2.6700506 5.6543479 1.4108096 12
2.618295 5.1762681 1.5575812 14
2.6903203 5.2334681 1.5677172 13
2.6884573 5.3319921 1.5314095 14
2.6677341 5.6304135 1.5967796 15
2.6333106 5.2755771 1.6222614 13.5
2.6146271 5.3154168 1.6001011 15
2.6317937 5.5974317 1.6421895 15
2.6655188 5.0952415 1.945382 15
2.6258383 4.1533179 2.1184418 15
2.7605555 -4.1296639 -0.16025299 0
2.7041042 -0.94949466 -0.18460096 3
2.7467811 0.4481599 -0.14626437 0
2.7016561 0.60816097 -0.12794502 0
2.7290709 0.74956322 -0.14379168 0.75
2.7526472 0.85080516 -0.10508896 0.66666669
2.75052 0.93819231 -0.13238642 2
2.713165 1.0248054 -0.16829725 0
2.7257664 1.2445904 -0.11726794 1
2.7345493 1.5289736 -0.15852536 1.25
2.7282834 1.8318621 -0.11935155 0
2.7358072 1.9700388 -0.12644401 0.5
2.7985139 2.1221299 -0.10268889 1
2.7249346 2.2838175 -0.130188 0
2.7712533 -0.86089182 -0.094257466 1
2.7626293 -0.29328522 -0.049103986 3
2.7860012 0.46402481 -0.066276371 2
2.780998 0.58467674 -0.073136367 0
2.7182095 0.65797913 -0.047627501 1
2.7365623 1.8308854 -0.086149521 0
2.7673202 1.9080578 -0.084496804 0
2.7547646 2.1660604 -0.056356471 0.83333331
2.7721882 2.3902879 -0.047154754 1
2.7605495 2.4714303 -0.074846238 0
2.7634034 2.9578671 -0.063619055 0
2.7446592 3.401336 -0.0538157 0
2.7969725 -4.2715645 0.034438841 1
2.747014 -2.9358249 0.038500041 0
2.7959023 -2.6449196 0.041984089 0.5
2.702456 -2.3880939 0.029568616 1
2.7121463 -2.2206631 0.04915696 3
2.7232072 3.4130039 0.053152718 1
2.7010152 3.5630913 0.020322356 1
2.74982 3.6355896 0.051555607 2
2.7983961 3.7957191 0.064756252 2.5
2.7320065 3.8273153 0.092620425 2
2.7731004 -4.363378 0.12690388 4
2.7634697 -1.3085622 0.12742127 9
2.7099001 5.1859832 0.13782312 7
2.7882969 -2.2955024 0.21444169 10
2.7162001 -2.1511402 0.2997455 8.5
2.7269683 -1.3280534 0.2728025 11
2.7035477 -1.2867821 0.29988599 10
2.7325625 5.1553965 0.28295049 7.3333335
2.7724793 -2.3309422 0.3565186 12
2.7604382 -1.3260473 0.3458949 11.333333
2.717829 -1.2794311 0.34734124 10.5
2.7444079 5.0564599 0.35840389 8.5
2.7824214 5.1590815 0.38600963 8.333333
2.769839 -2.3285687 0.42692348 12
2.7917674 -1.3361392 0.45389038 12
2.765456 -1.2722102 0.49143186 10
2.7497618 5.1486826 0.4428128 8.333333
2.7873385 -1.3313985 0.55393124 12.5
2.7519 -1.265889 0.55013496 14
2.7361736 5.1627731 0.51758277 9
2.7318208 -2.3371658 0.68361604 15
2.7458291 -1.343552 0.65051526 12.5
2.7095907 -1.2940421 0.6733917 13
2.7941062 5.1434584 0.61714119 10
2.7941084 -1.339141 0.75313294 14
2.7975054 5.1558371 0.72307009 9
2.7240214 -1.3458091 0.84006703 12.5
2.7494216 5.1102133 0.81324595 9
2.7859213 -1.3994378 0.95211786 13
2.7371557 5.1069841 0.98802608 15
2.7979264 5.257432 0.956936 13
2.7886429 -1.340848 1.0587367 14
2.7541027 5.0774179 1.0183321 14
2.7785609 5.6671066 1.0455608 11
2.7264962 -1.254302 1.161217 15
2.7951009 5.5788264 1.2427374 15
2.7082684 5.3337359 1.3650671 13
2.7994599 5.7623992 1.3534077 13
2.7548938 5.6799307 1.4780474 13
2.7356801 5.2823625 1.5538156 13.5
2.7538073 5.3096066 1.5656997 14
2.7525523 5.2568803 1.6700172 13.5
2.7001681 5.3874207 1.6449356 13
2.7595291 5.6173139 1.6752943 14
2.7221093 5.2438402 1.748642 14
2.7769568 5.1137443 1.996604 15
2.8267727 -1.571452 -0.23780355 3
2.8111575 -1.4033344 -0.16940704 3.5
2.8824408 -1.1922771 -0.14690809 1
2.8950098 0.53153157 -0.14841814 0
2.8643548 0.71316797 -0.11633106 0
2.8764668 0.90100127 -0.1037314 0
2.8232496 1.1827849 -0.15791953 0
2.8061798 1.2928419 -0.1453366 0
2.8416781 2.0823784 -0.11863709 0
2.8844573 2.1620774 -0.12663391 0
2.8195722 2.335366 -0.13029128 0
2.8666313 2.4851887 -0.11793606 0
2.8139701 -0.98542869 -0.087705187 2
2.8076475 0.042781491 -0.075690232 0
2.8327532 0.29353464 -0.036414072 0
2.8193042 0.9200381 -0.075815119 0.33333334
2.8941448 1.0431494 -0.094353192 1
2.8084044 2.1854279 -0.07381288 1
2.8700557 2.5923028 -0.00029145583 0
2.8800464 2.8716888 -0.085377418 3
2.8987124 3.3521104 -0.013978323 0
2.8792992 3.4418635 -0.0012762486 3
2.8785028 -3.0255272 0.05149373 0
2.8502474 -1.5004615 0.030996749 7
2.8664093 -1.2795216 0.049680155 7.25
2.8244572 3.4298604 0.0036260649 0
2.8165035 3.6223121 0.073739313 1
2.8723614 3.7361159 0.045868412 1
2.8955233 3.9321725 0.064094558 2
2.8568084 -4.3814282 0.19981697 7
2.8457062 -2.5024381 0.12536965 2
2.8435838 -2.3128963 0.13751645 10
2.8117068 -2.1967075 0.12217101 4.5
2.8754876 -1.4422325 0.14636081 9
2.8525634 -1.3333651 0.15873449 10.75
2.8135686 -2.3127811 0.25696778 11
2.8861494 -2.1650443 0.27216825 6
2.8264089 -1.3437868 0.27735236 12.25
2.8634596 -1.2889591 0.29826632 9
2.8124721 5.2045054 0.26735699 8
2.8869197 -2.3476691 0.33979142 12
2.8211606 -2.2776842 0.31275907 11
2.8166404 5.1282115 0.37774327 8.5
2.8739586 -1.339469 0.46764863 11.333333
2.8665659 -1.250867 0.44529834 10.5
2.8442702 5.119853 0.44880038 8
2.8826182 -2.345937 0.54670942 12.5
2.8423188 -2.2857015 0.57914519 15
2.8393409 -1.329782 0.52529937 13
2.8464541 5.1265717 0.5441826 8.5
2.8378034 5.1072378 0.61522496 10.5
2.8852525 -2.3401022 0.70774502 14
2.8463919 -2.2831774 0.77409959 15
2.87482 -1.3231847 0.73952192 12.5
2.8636274 5.1372204 0.75360566 11
2.8324153 5.2006078 0.77265126 10
2.8249614 -1.3320702 0.87760133 14.5
2.8499815 5.1118731 0.86806202 13
2.8762844 -1.3771567 0.93973047 15
2.8462734 5.5242944 0.93536103 10
2.8714652 5.2609572 1.0347136 14
2.8695614 5.7083755 1.0513052 10
2.8961401 -1.3306535 1.1915953 15
2.8345497 5.6353636 1.1715624 13
2.8738165 5.7423944 1.1296208 11
2.884557 5.5553584 1.2488565 15
2.8984458 5.5614414 1.3665529 15
2.8028851 5.2775049 1.4678216 12.5
2.8094497 5.1368747 1.8834385 15
2.8019135 5.2388802 1.9008406 15
2.9087121 -0.90512818 -0.13484198 0
2.9788451 -0.46080703 -0.13963415 3
2.9181657 0.46160454 -0.11454916 0
2.9201343 0.56086218 -0.12820761 0.5
2.9569206 1.5042282 -0.12045511 0
2.9378047 1.7752274 -0.11925713 1
2.9900088 1.9193887 -0.1110099 0
2.9533482 2.014746 -0.1297835 0
2.9734411 2.152494 -0.18684709 0
2.987371 1.6083664 -0.079948872 1
2.9314926 1.9349481 -0.074435838 0
2.9505749 2.2157714 -0.056673981 0
2.9107866 2.4836712 -0.033407107 0.33333334
2.9364574 2.7674041 -0.02796334 2
2.963599 2.9786887 -0.066750236 2
2.9444842 -3.4923203 0.06536907 0
2.957607 -3.3628557 0.059541766 0
2.9398611 -2.8874445 0.066865869 1
2.9754808 -1.5499786 0.053981155 8
2.9535484 -1.3342572 0.045629147 9
2.9833651 3.4552188 0.042878665 0
2.9057856 -2.1558938 0.19831584 5.5
2.9349275 -1.5269443 0.15662868 9.333333
2.9490407 -1.3277018 0.14956728 9.5
2.9666781 -1.2968867 0.17539604 8
2.9705484 -2.3237102 0.23726681 11
2.92154 -1.5487071 0.26955628 12
2.9393079 -1.4555357 0.21480873 8.666667
2.9682257 -1.3253783 0.23505953 9
2.9810195 -2.3332191 0.3524566 10
2.9472237 -2.1415825 0.33571699 8.5
2.9125957 -1.3475722 0.34954208 11
2.9702449 -2.1801689 0.45059904 11
2.9769566 -1.4256105 0.44272906 10
2.9523022 -1.3543615 0.46357366 12.833333
2.9391363 5.1404305 0.43812111 8
2.9527097 -2.3306043 0.54988045 15
2.9569008 -1.2469474 0.57672209 11
2.9548151 5.1365132 0.56779504 9.666667
2.9470186 -2.2827313 0.68571949 13
2.9905167 -1.3462257 0.68940473 13
2.9624584 -1.2947278 0.66565388 14
2.9240198 5.0957928 0.67101151 11
2.9732153 5.1616564 0.61676276 10
2.98298 -1.3631997 0.74027109 13.5
2.9624624 5.0897055 0.77058125 11
2.9738598 5.1287627 0.75657791 10.333333
2.9207573 5.255538 0.76871014 10
2.9153347 5.1000652 0.85185683 13
2.9658425 -1.3601652 0.96419066 15
2.9030745 5.087153 0.92754495 13
2.9691103 5.1218467 0.942397 13
2.9296324 5.23739 0.98079747 13.5
2.9117284 -1.2922462 1.0472711 15
2.9153271 5.2140403 1.0198783 14
2.9785295 -1.431596 1.1077434 14.5
2.9493504 -1.3707745 1.1633166 15
2.9322999 5.643095 1.1474417 12.333333
2.9261105 -1.4040653 1.2352443 15
2.9635136 5.6811509 1.2446094 12
2.9523189 5.3551588 1.3676189 12
2.9339893 5.6596308 1.3942755 14
2.9967625 5.701292 1.3036512 12
2.9914837 5.6858244 1.4971733 15
2.9157133 5.7062359 1.4284904 15
2.9999647 5.2925596 1.5733048 14
2.9502645 5.5579042 1.5483681 14
2.9646175 5.2466927 1.656343 13.666667
2.9361823 5.2558212 1.703953 13
2.9761283 5.1166573 1.8450668 15
2.9497395 5.1467972 2.149678 15
3.0488999 -1.5562332 -0.15767676 6
3.0016556 -0.77823895 -0.12096807 0
3.0080974 0.52546704 -0.14558953 0.5
3.0783634 0.98807967 -0.11686728 3
3.0550787 2.038501 -0.10092431 0
3.0018013 2.4859986 -0.11404453 0
3.0517161 -1.518801 -0.018679604 3
3.0039887 -1.2511811 -0.030182259 2
3.0894639 1.8851801 -0.094139218 0
3.0900378 2.1909242 -0.017249256 0.33333334
3.0418088 2.354985 -0.038301673 0.66666669
3.0586076 3.2864289 -0.066178344 0
3.0871391 3.4508483 -0.03869728 2
3.0752172 3.6161585 -0.015728341 0
3.0426807 -2.6610641 0.082059316 2
3.0629585 -2.3324382 0.062374253 3
3.0424151 -1.3386776 0.043989494 8
3.054997 -3.7959626 0.10330568 0
3.0340765 -2.2250259 0.10539538 4
3.0673177 -2.1910319 0.1541301 4
3.0593355 -1.5400954 0.12978996 9.75
3.058562 -1.3164372 0.17441672 9.75
3.0594699 -2.2235456 0.24504283 6
3.0684283 -1.5178044 0.2486794 11
3.0027947 -1.4728268 0.26045707 10
3.0688562 -1.3449398 0.27317673 11
3.0450778 -1.2912189 0.27027708 9.833333
3.0171707 5.1702461 0.23842701 8
3.0885751 -2.3076162 0.35164583 11
3.062372 -2.2870092 0.36379001 12
3.0793729 -1.5271974 0.31916639 11
3.0649362 -1.3333941 0.38616171 12.75
3.0883212 5.1569262 0.39279342 8
3.0341063 -1.3320031 0.42612624 11
3.0996382 -1.2791337 0.49456102 12
3.0326359 5.1232915 0.44591489 9
3.041611 -2.3248866 0.55815798 13.333333
3.0353005 -1.3488352 0.53009927 12
3.0514078 -2.3349848 0.65103042 13
3.098057 -1.3190101 0.6088804 13
3.0813956 5.0709372 0.61478031 9
3.0149934 5.1041832 0.61354905 9
3.0634642 -1.4084519 0.73257565 12
3.0595503 -1.3573965 0.7603305 13
3.0769677 5.0826287 0.76018965 10.5
3.071614 5.1495657 0.77612054 10.5
3.0977659 -2.3223393 0.83837193 15
3.0274491 -1.3217406 0.8825202 13
3.0872695 -1.249772 0.85932845 12
3.0561385 5.0710278 0.80644804 11
3.0549767 5.0751791 0.948937 14
3.0892375 5.2655425 0.95917058 11
3.0817795 -1.3362899 1.0386019 15
3.0455334 5.2422109 1.0537217 14.5
3.0505135 -1.3648984 1.1533067 15
3.0039597 5.6405768 1.1969202 13
3.0681465 5.7307391 1.1891887 11
3.0673947 5.6537929 1.2466942 12
3.0311415 5.7133474 1.215601 12
3.0437918 -1.2933792 1.3537365 14
3.0663552 5.6436567 1.3490944 14
3.0464091 5.159615 1.4366788 12
3.0529118 5.261188 1.4178259 12
3.0626812 5.3374524 1.4750695 12.666667
3.0369246 5.5373626 1.4857666 13
3.072437 5.6483135 1.4754151 14
3.0827854 5.2520065 1.5708725 14
3.0616667 5.5765972 1.6241127 15
3.0052552 5.260819 1.7531918 15
3.0234909 5.3148084 1.8344735 15
3.0034225 5.0966687 1.9293936 15
3.0622237 5.1090722 1.9448847 15
3.1372302 -1.3783634 -0.20899445 3
3.1669142 -3.1478758 -0.10834394 0
3.1254518 -1.4204254 -0.14337042 3
3.1371317 -1.3846244 -0.13081227 2
3.1040909 -0.51146805 -0.10621019 0
3.1580927 -0.018576577 -0.14542495 0
3.1545722 0.16404793 -0.13680181 0
3.1363213 0.41058284 -0.14284092 0
3.1322854 2.0977993 -0.12924513 0
3.1379945 2.1846499 -0.10916284 0
3.1345809 -3.9568615 -0.00066272292 0
3.1128275 -1.5583376 -0.057146538 6
3.1685348 -1.3089659 -0.059102703 8.5
3.1756804 0.54080462 -0.098195337 0
3.1966729 0.8343007 -0.081010155 1
3.1767311 1.1263677 -0.08243759 2
3.1206484 1.2408189 -0.079103597 0
3.1894059 1.8119937 -0.057028126 2
3.1976004 1.9570397 -0.073635601 0
3.1750386 2.4881186 -0.012774345 0
3.197978 2.8034708 -0.0052434187 1
3.1534889 3.5733321 -0.036594514 1
3.1276271 -4.3282347 0.070948899 4
3.1009636 -2.3298593 0.068414487 8
3.1202772 -1.2320247 0.003690979 8
3.1831479 -1.040959 0.0040534455 2
3.1303825 3.5904052 0.056572478 1.5
3.1117351 -4.0429411 0.1039065 0
3.1972537 -3.6669428 0.12339568 0
3.1450689 -1.3338376 0.14484438 8.666667
3.128648 -1.2939789 0.19124834 9
3.1994927 4.9578586 0.18832691 7
3.1957388 -4.1698823 0.27018166 9.5
3.1493709 -2.3424857 0.20927988 9.25
3.1816204 -2.2187352 0.25635371 6
3.1387269 -1.5487543 0.2266541 8
3.1696548 -1.3422474 0.24434581 10.857142
3.1271269 -1.2108684 0.2315992 9
3.1295214 -2.221632 0.36784238 9
3.1454904 -1.3855116 0.33255744 12.5
3.15853 -1.2938305 0.37429982 10.666667
3.1977439 4.4565148 0.31855887 9
3.1410625 5.1279964 0.36464342 8
3.1135888 -2.2414947 0.44753551 9
3.1460948 -1.3592446 0.45553154 11.333333
3.1297696 5.083879 0.46443832 8
3.1347063 5.1190972 0.45569587 8.5
3.1282544 -2.3586013 0.53587395 12
3.1382236 -1.3239249 0.54480588 11.666667
3.1970911 -1.2847067 0.5408107 12
3.1359751 5.0905089 0.53362006 9.333333
3.1604273 -2.3143859 0.67309213 11
3.1230261 -2.2886598 0.61908013 11.5
3.1432076 -1.3481067 0.64303035 11.75
3.1709473 -1.2965139 0.60596943 15
3.1749518 5.0903788 0.60431939 9
3.141675 5.1253433 0.63450944 10
3.1470428 -4.1366391 0.71635157 14
3.1676543 -1.4173734 0.76268971 14
3.1112523 -1.3593395 0.75267935 13
3.1566048 5.0672946 0.70134073 9
3.1475441 5.1197109 0.79763484 11
3.1698296 -1.4552296 0.8309055 12
3.1456163 -1.3455683 0.83577973 14.25
3.1313493 -1.2780932 0.82837391 13.5
3.1902893 5.0999475 0.88385546 11
3.1425779 -1.3739853 0.96460432 15
3.1499624 5.1204681 0.96348983 13.5
3.1688302 -1.4022585 1.0030839 15
3.1088099 -1.3882594 1.0552478 15
3.1695073 5.6798635 1.0513637 11
3.1656187 5.5383716 1.2506344 13.5
3.1933761 -1.3734105 1.375157 15
3.1199391 5.3043642 1.4475907 11
3.1574717 5.7015085 1.448956 13.5
3.1215701 5.2485681 1.6873269 15
3.1077378 5.6519589 1.6712922 15
3.1569183 5.2544961 1.8406945 14
3.114465 5.5847092 2.3274617 15
3.1356106 5.5616393 2.4687283 15
3.2886708 -2.9183333 -0.12082916 0
3.2533031 0.54138696 -0.13648327 1
3.2678258 0.61213773 -0.13541755 0.5
3.2783961 1.9287071 -0.12167159 0
3.2949905 2.2901611 -0.17360429 0
3.2324314 -3.5630023 -0.096636668 0
3.2291386 -1.6287159 -0.005720004 4.5
3.2433355 -1.3360928 -0.06076638 2
3.2297547 0.78243339 -0.073940001 0
3.2924783 1.8482335 -0.062989473 4
3.2040172 2.0665555 -0.095905654 0
3.273948 2.5447049 -0.016762028 0
3.2541821 2.9508054 -0.065054432 3
3.2454743 -4.1599116 0.047883783 9
3.2510245 -3.9167626 0.073293731 3
3.2036569 -3.0154843 0.095621012 1
3.2596176 -1.5311443 0.028853614 6
3.2188346 -1.3110064 0.087699756 9
3.2686794 3.5866787 0.066269077 2
3.25089 3.6398482 0.021682894 0
3.2588639 3.7939379 0.075870328 8
3.2132783 3.8229876 0.010319571 2
3.2398617 -4.2127938 0.17353983 8.5
3.2053983 -4.1800084 0.15577847 8
3.2273343 -3.1178598 0.1011906 1.5
3.2110474 -2.2415597 0.16514352 4.75
3.2292504 -1.3669021 0.1348712 9
3.2389886 -4.318953 0.22791283 7
3.2720523 -2.3665011 0.2864165 10
3.2051694 -1.5138339 0.26348719 12
3.2659009 -1.3489615 0.2330531 9.1999998
3.2966206 3.9609811 0.26706553 8
3.2458515 -4.2462497 0.35983372 9.5
3.2890396 -2.3640802 0.39093664 12
3.2740574 -2.2987719 0.33938026 11
3.2245531 -1.4125024 0.32058388 12
3.2692478 -1.3432686 0.3397707 11.4375
3.2948151 3.9372654 0.38738886 9.5
3.249213 -4.2112565 0.49043217 10.5
3.2423892 -4.1636853 0.41989604 12.25
3.2347119 -2.3086374 0.4294126 14
3.2264473 -1.3608092 0.44714513 11.333333
3.2973511 3.5738297 0.44710612 8
3.2819645 3.6558435 0.46014881 9
3.2590051 5.1168933 0.42385915 8
3.2759006 -4.2015719 0.52849483 14
3.2532289 -4.1596613 0.55152744 11.875
3.2498255 -2.3483329 0.54098153 12.666667
3.2745929 -2.2506039 0.54391623 12.5
3.2546999 -1.4053311 0.51736689 11
3.2459946 -1.3319744 0.54372245 12.4
3.2903883 -1.2461398 0.52918631 10
3.2976346 3.8525908 0.5240106 9
3.2881515 3.9574373 0.58128446 10
3.2100463 5.0985284 0.52532786 10
3.2149112 -4.1261463 0.6156795 14
3.2658656 -1.3774362 0.63945091 12
3.2783322 -1.2372289 0.63995063 11
3.2989562 3.5704687 0.6368956 10
3.2855182 3.6697645 0.61057681 10
3.2634044 3.9399593 0.68529272 11.5
3.2833629 4.5788302 0.63042045 10
3.258822 5.0749283 0.66468823 10.5
3.2721939 -4.1446452 0.73536867 13
3.2688041 -2.3103616 0.79379147 13.5
3.2761612 -1.3916376 0.75121629 11
3.2222183 5.0726767 0.75595331 11
3.2788773 5.1159334 0.74109882 10.5
3.2061079 -4.1678061 0.84493458 15
3.2709632 -2.3704824 0.81444401 15
3.2958939 -1.4069332 0.848818 14
3.2542002 -1.3494321 0.83525741 13
3.2682383 5.0455303 0.88074607 12
3.2508583 5.1649265 0.89823204 10
3.2686083 -4.1887536 0.90867603 13
3.2084086 -1.3464421 0.91864258 12.5
3.2420478 5.0480919 0.91821241 12.5
3.240742 5.3104806 0.99363065 14
3.2777925 -1.4047961 1.0373617 14.5
3.2215247 -1.36551 1.0631773 15
3.2164297 -1.3729514 1.1337219 13.5
3.2226145 -1.2651922 1.2708013 14
3.2762563 5.644124 1.2816458 15
3.2299819 5.7552505 1.2797999 11
3.2937834 -1.4210185 1.3192408 15
3.2862368 5.6830702 1.3410174 12.5
3.2407699 5.2736225 1.4746034 13
3.2881579 5.3222599 1.4562975 13
3.2051568 5.6587224 1.4927994 14
3.2448223 5.2902451 1.5039463 13
3.2944577 5.5759153 1.5378574 15
3.2130392 5.297514 1.6444697 15
3.2977054 5.3967638 1.6854111 13
3.2693355 5.6053395 1.6672426 15
3.3683074 4.0124145 -0.20322165 6
3.3652675 -0.98888487 -0.11313107 3
3.3570158 0.3845478 -0.13590075 0
3.3330493 0.91448343 -0.1085958 2
3.37622 2.0728867 -0.18930368 1
3.3608587 3.6866426 -0.18040176 7
3.3645608 -1.3213128 -0.097207591 8
3.3117783 -0.43718255 -0.051307514 3
3.315469 1.4001882 -0.068222277 1
3.3137 1.5273207 -0.046898939 2
3.3317587 1.9387609 -0.036122561 1
3.3252635 2.1929548 -0.016940134 0
3.3042035 2.4310074 -0.051036827 2
3.3812702 2.6731272 -0.02774239 3
3.3013005 3.3707831 -0.054183308 0
3.3213365 3.7226915 -0.064845651 2
3.390132 4.4388628 -0.056970872 7
3.3881462 -1.3726326 0.051256165 8
3.3121576 -1.2958767 0.005081852 3
3.3346877 2.9538145 0.012316152 2
3.3975937 3.8863549 0.055343471 2
3.3182962 -4.3134604 0.15259887 3
3.3763626 -1.5360656 0.13502152 6
3.3381684 -1.335695 0.16888164 9.375
3.3601196 3.6335418 0.15154697 7
3.3466687 4.9619269 0.16539828 8
3.363328 5.1457448 0.15140712 8
3.3126104 -4.1601214 0.21266793 8.5
3.3361523 -2.3508048 0.26644751 9
3.3628066 -2.2614102 0.29060391 6
3.3618257 -1.5081902 0.2004132 8
3.3531075 -1.3629191 0.23814785 11.833333
3.3854458 -1.2771639 0.29767466 10
3.3515954 3.6401732 0.26838416 8.25
3.3377311 3.7168925 0.25919351 8
3.3674822 3.9059739 0.26036069 9
3.3822625 4.4564457 0.28994712 8
3.3875422 4.5324435 0.2888034 8
3.382879 5.0975633 0.27951401 7
3.3191898 -2.3248742 0.3264266 10.5
3.3447387 -1.340179 0.35448852 10.25
3.3597293 3.5686834 0.35722387 9.136364
3.3370857 3.6422846 0.34550622 9.125
3.3391273 3.7358861 0.34079394 8.666667
3.3430123 3.8429685 0.3507413 9.25
3.3373177 3.9357984 0.3554545 8.666667
3.3708467 4.076138 0.34952685 9.5
3.3832564 4.1598272 0.35431963 9.333333
3.366147 4.2470641 0.34875491 9
3.3726792 4.3573046 0.37603015 8
3.3521559 4.4338102 0.30343086 8.25
3.3348079 4.557858 0.34720463 8
3.3838968 4.6870961 0.32028759 8
3.3780322 4.7352719 0.31970623 8.25
3.3390718 5.0272865 0.37708956 9
3.3725574 -2.3563466 0.4352127 12.333333
3.3110003 -2.2260256 0.43496987 9
3.3693013 -1.4254664 0.44194794 14
3.3520367 -1.329519 0.46026978 11.833333
3.3238196 -1.2722033 0.45638564 14.5
3.3596437 3.5679009 0.44729188 10.692307
3.3347864 3.6380122 0.45127603 11.194445
3.3434234 3.7249403 0.44442654 9.875
3.3454509 3.8610067 0.44309625 9.8000002
3.3584781 3.9568861 0.44220701 9.416667
3.3592224 4.0134664 0.46667477 10
3.3593857 4.1737804 0.45315349 9.6000004
3.350795 4.2099376 0.45215225 11
3.3729072 4.3606768 0.48026112 9.333333
3.3553128 4.4368567 0.41309071 9
3.3766522 4.5092702 0.45108706 8.5
3.3844247 4.6486917 0.44107109 8.5
3.3839648 4.7278843 0.45136723 8.583333
3.3434381 5.0876508 0.44735116 9
3.3826113 5.1070514 0.42618343 9
3.3526459 -2.3367534 0.55638105 14
3.3375192 -1.4058552 0.55655801 13
3.3387127 -1.3499489 0.5634867 12.3
3.3592918 3.5689342 0.53966582 12.714286
3.3448243 3.6201584 0.53539467 11.1
3.3635764 3.7193861 0.53591913 12
3.3625672 3.8790798 0.54711229 9
3.3414245 3.9256141 0.53418148 11.333333
3.3539412 4.0551634 0.54585356 12.5
3.3459382 4.1556473 0.53600538 10.666667
3.3805242 4.3056355 0.54280335 11.5
3.3558905 4.450212 0.57953143 10.5
3.3671901 4.5730085 0.58882326 11
3.3696167 4.6592364 0.55821788 10.333333
3.3396332 5.0546327 0.55120069 10.166667
3.3427401 -4.2051306 0.67233348 12
3.3445539 -2.3506751 0.65220708 13.75
3.3658118 -1.4011718 0.61562335 12
3.3590627 -1.3743998 0.65248096 13.75
3.3561347 3.5813007 0.64007109 13.125
3.3357058 3.6361182 0.6542418 12.5
3.3465707 3.744663 0.63584256 13.333333
3.3416767 3.8292863 0.64182949 13.25
3.3689404 3.9234567 0.62265694 12.5
3.3907518 4.1889834 0.666062 11
3.3662989 4.206943 0.63840067 11
3.3852682 4.4615846 0.65671277 10.5
3.3674932 4.5503492 0.66561377 10.875
3.3898406 4.6311564 0.65711212 10.75
3.3840849 4.8328967 0.60007399 9
3.3186393 -4.1742163 0.74697715 12
3.3653696 -2.3269055 0.74601406 15
3.3576188 -1.2927251 0.78840774 14
3.3812129 3.5870852 0.72472733 14
3.3612897 3.6270273 0.72630078 12.25
3.3932753 3.7499471 0.72876453 11
3.3897388 3.8947728 0.70263165 10
3.3704801 3.9453683 0.74095213 10.7
3.3819175 4.0579243 0.74497312 13
3.3694515 4.1038837 0.71146238 13
3.3852465 4.2410288 0.72470778 11
3.3824024 4.3127551 0.74211508 12
3.3191166 4.4097281 0.70965189 12
3.3589392 5.066236 0.75458848 11.333333
3.3202376 5.1059051 0.70616162 9
3.3818543 3.6784723 0.85877281 11
3.3725083 3.7266774 0.87861192 13.375
3.376241 3.8264215 0.878905 11
3.3763556 3.9738142 0.87799591 12
3.3998783 4.383316 0.83553731 11
3.3286283 5.0594749 0.87783551 12.75
3.3255093 -1.4398112 0.92672175 15
3.3764813 3.6868389 0.95352662 13
3.3683965 3.7417209 0.90396619 11
3.3927622 3.8955381 0.93093801 11
3.398026 3.9032519 0.91129792 15
3.3742321 5.043817 0.95802522 14
3.3835921 -1.3892847 1.0493098 15
3.3494205 -1.3886265 1.1369618 12.5
3.3131459 5.5293679 1.1574996 11
3.3593762 -1.4675353 1.2835546 14
3.367481 -1.36924 1.2616051 14.5
3.3085246 5.6391201 1.2738273 15
3.3480749 5.2883453 1.3615716 13
3.3688798 5.2584558 1.4357928 13
3.3514197 5.6183081 1.497048 15
3.3426592 5.34551 1.5364567 13
3.3947461 5.741138 1.6409755 14
3.3944163 -14.815948 1.7494577 11
3.3074634 5.2301168 1.7039424 14
3.3235397 5.0475326 1.9500437 15
3.3914061 5.2629995 1.9280508 15
3.4658742 3.5959599 -0.27874371 6
3.4044602 -3.1891422 -0.11547084 0
3.4034698 -3.0455887 -0.11453757 0
3.4609962 -1.0039195 -0.18329495 0
3.4463356 -0.81254768 -0.10214613 3
3.4517162 0.41439849 -0.12549849 2
3.4091268 3.6541607 -0.19808321 7
3.4519801 -1.6927055 -0.04124736 3
3.4184728 -0.73283356 -0.087784052 2
3.485786 2.2513976 -0.029465551 1.5
3.4211767 2.5791101 -0.021659203 4
3.4469917 2.6516323 -0.082150936 0
3.4135532 2.8910847 -0.035295054 0
3.4989805 3.3008642 -0.059514698 0
3.4455891 3.570492 -0.047960415 7
3.4493318 -1.521976 0.054083299 6.25
3.4169424 -1.2868122 0.071796127 8.5
3.4278483 3.540379 0.014807031 0
3.4146304 3.8488357 0.067775495 8
3.4571145 3.9127834 0.019651463 2
3.4500101 -3.7511578 0.1550536 1
3.4996092 -3.632107 0.16406171 2
3.4030116 -2.3964977 0.1757382 6
3.4755545 -1.5620393 0.11996368 8
3.4556644 -1.3517458 0.13620494 9.333333
3.4755511 -1.3464905 0.27259573 11
3.4822657 3.3505847 0.26212531 8.625
3.4403548 3.4455187 0.26322785 8
3.4887147 3.5041783 0.29825154 9
3.4736273 3.697314 0.25003961 8
3.4346001 4.2563996 0.24630331 7.5
3.4428616 4.5132699 0.29772085 8
3.433183 4.6750889 0.272973 8
3.4161522 4.7112064 0.28303361 8
3.4855897 -4.5218449 0.38582495 10
3.42238 -1.3545655 0.33891922 11.5
3.4846275 3.3469014 0.37189633 10.083333
3.4834015 3.4453466 0.3006168 8
3.49793 3.5495491 0.37801749 9
3.4673269 3.639642 0.36542225 9.333333
3.4002554 3.7495971 0.3407326 8
3.4075146 4.2229309 0.32610324 9
3.4187877 4.7413878 0.38050514 8.333333
3.4960086 -5.5999041 0.48540726 10
3.455905 -1.3308021 0.47937605 11
3.4898582 -1.2512909 0.44835153 9
3.4814246 3.3335552 0.4412086 11.714286
3.4857783 3.4078484 0.41288319 10
3.4570558 3.571085 0.45740718 12.233333
3.4225678 3.6107097 0.41949552 11.2
3.425807 3.7952528 0.48191229 8
3.4074526 3.8837361 0.44757295 10
3.4112823 4.265274 0.46233708 10.25
3.4204552 4.4282365 0.4549773 9
3.4196417 4.5572243 0.44408846 9.166667
3.4244916 4.6364217 0.46218792 8.7857141
3.4456406 5.0862341 0.46447557 8.5
3.4976294 5.1036983 0.48595029 9
3.4900217 -4.842402 0.59856212 11
3.4994183 -4.6286783 0.53980041 10
3.4275703 -1.4034781 0.51783973 12
3.4411011 -1.3684164 0.54886031 13.166667
3.4734826 3.3332851 0.53277844 12
3.4847014 3.4678257 0.50259143 11
3.4496262 3.5498905 0.53135043 12.166667
3.4934542 3.6046269 0.53640014 9
3.4474308 4.4601216 0.51131999 9
3.4054999 4.5441155 0.54143566 10.75
3.4098732 4.6546917 0.5682531 9.833333
3.4134936 4.8165698 0.50875181 9
3.4475863 5.0565724 0.53714198 8.5
3.483742 5.1228862 0.50381207 10
3.4979434 -5.648674 0.63170731 11.5
3.4875634 -4.9334793 0.67414558 12
3.4819684 -4.6373944 0.69021952 12
3.4954391 -1.4056672 0.63513869 12
3.4170151 -1.3225421 0.66594255 12
3.4899828 3.3577218 0.61340475 11
3.4404681 3.5600436 0.66981864 11.833333
3.4205079 3.6891296 0.67403877 10
3.4896927 3.795675 0.68757105 12
3.4311802 3.882669 0.65349591 10
3.4122918 3.9002614 0.62468433 10
3.4202504 4.0292926 0.65341848 10
3.4128628 4.371335 0.65244728 11.5
3.4137473 4.4411726 0.66389114 10.5
3.4043102 4.582324 0.653485 11
3.4027495 4.6196699 0.61506611 10.5
3.4966116 -5.9894085 0.76583356 11
3.4789255 -5.5310555 0.7384066 12
3.4662588 -4.8549027 0.75660026 13
3.4654863 -1.3613845 0.70909286 14
3.4409113 3.5600705 0.76064175 13
3.458997 3.6323071 0.74794507 12
3.4701889 3.7367852 0.76019961 11.666667
3.4198716 3.8340816 0.75314814 10
3.4473605 3.9253502 0.76633734 12.5
3.4622436 4.0758634 0.76366609 13
3.4032097 4.5795808 0.73101777 11
3.4392722 5.0738702 0.73364025 11.666667
3.4812825 -5.0663385 0.86538941 15
3.4857531 3.6634796 0.84123665 13
3.4284275 3.7340338 0.84253186 12
3.4193609 3.8471541 0.83410561 13.833333
3.4522586 3.9496648 0.84333485 13
3.4266288 4.071897 0.82071513 13.375
3.4292834 4.6761165 0.8098315 15
3.4601698 -5.0378742 0.98897183 14.5
3.4566383 -4.7074342 0.95002097 15
3.4483821 3.6782341 0.94628084 12
3.4420049 3.8639424 0.97318596 15
3.4353576 5.0489821 0.94434887 12.333333
3.4776335 -5.6495705 1.0771533 15
3.4760537 -5.5979266 1.0362347 15
3.4626846 -1.4412175 1.1368843 15
3.4548275 -1.2916808 1.2201468 14
3.4415171 5.5915685 1.2971828 14
3.4373562 -1.2884043 1.3166765 15
3.4197969 5.4523764 1.3961589 14
3.4940627 5.6770468 1.3066638 12
3.4247048 5.6322913 1.5559199 15
3.4587724 -1.4363036 1.620025 15
3.4297805 4.8310218 1.7481716 13
3.4316454 5.0297771 1.7432745 13
3.4462471 5.2673144 1.7855797 15
3.4276438 5.2389016 1.8329011 15
3.4499569 5.3315115 1.8310937 14
3.4786544 5.6908073 1.9966968 13
3.482332 5.0430431 2.0379565 15
3.4440143 4.2950964 2.1896605 14
3.4209414 5.5324779 2.4462717 15
3.5114386 -3.0388191 -0.1150708 1
3.5560663 -0.83808875 -0.16995837 0
3.5129106 0.64209247 -0.10785437 1
3.597332 -1.3451896 -0.031971768 9
3.5014148 -0.45077503 -0.096092731 3
3.5425725 0.37593427 -0.024110988 0
3.5660758 0.8842299 -0.095863022 2
3.5674033 0.91851574 -0.080584921 2
3.5901237 1.9186965 -0.067955092 3
3.5089712 2.0722101 -0.086738095 0
3.5915051 2.8162088 -0.049637623 0
3.5439148 3.3527861 -0.046909031 3
3.5543272 -4.8613501 0.075558446 8
3.5160179 -4.5320854 0.027640054 8
3.5374174 -1.2432302 0.087352931 9
3.5435586 3.7856948 0.095995538 0.5
3.574615 5.1364818 0.046164304 8
3.565213 -5.9656243 0.17985255 9.5
3.5933788 -4.196753 0.11411739 4
3.5046232 -3.7953017 0.16059284 2
3.5989501 -3.4280474 0.15548734 3
3.5771451 -3.3984995 0.17518809 2
3.5638111 -1.6481532 0.10586043 6.5
3.5695255 -1.5135965 0.17466095 7
3.5896294 -1.3815215 0.1882541 9
3.5742955 -10.191299 0.24591127 7
3.5647414 -2.1321096 0.27329448 8
3.5478032 -1.3647534 0.2491525 11
3.5242634 3.3676605 0.2809526 8.5
3.5279405 3.4880288 0.23344576 8
3.5150371 3.5797768 0.29685974 9
3.534143 -5.5404801 0.39434335 9
3.5844574 -5.3472619 0.33813164 8
3.5907686 -4.7900643 0.377415 8.5
3.5971997 -4.6377025 0.36335152 8
3.5256493 -4.2696948 0.38956144 12.5
3.5545998 -2.1140733 0.30865473 10
3.5620713 -1.3466198 0.35030591 11.625
3.5772703 3.2596381 0.33513418 9
3.5324633 3.3200912 0.34415907 9.9047613
3.5540819 3.427335 0.36828426 12.5
3.5030043 3.5683904 0.36701664 9
3.5752468 5.0968499 0.39636904 9
3.5676458 -5.9092736 0.48589462 11
3.5737314 -5.71736 0.42116275 10
3.5798571 -5.5752139 0.46316248 10
3.5903852 -5.3781829 0.45275167 9
3.5705147 -5.0328054 0.48740059 10.666667
3.5502281 -4.7181888 0.44860137 10.5
3.5674915 -4.6835217 0.44618306 9.5
3.5751333 -4.2819476 0.48947504 12
3.5373647 -1.3553762 0.45563886 12.3
3.5463815 3.2767458 0.45502391 11.422223
3.5496743 3.3299642 0.45101336 11.928572
3.5233905 3.4954052 0.43801042 11
3.5221364 3.5573909 0.44716668 11.5625
3.5315282 3.6029711 0.45704299 11.5
3.5831652 5.0833287 0.43913972 8
3.529182 5.2437901 0.42678875 8.5
3.5444379 -5.5336957 0.57595742 10
3.5526731 -5.2870131 0.51520747 9
3.5310314 -5.1196733 0.58814543 10.5
3.5304096 -4.9309449 0.53353828 10
3.5514781 -4.6364756 0.55390525 11.5
3.5509727 -4.244432 0.54497212 10.75
3.598367 -1.3859128 0.52123052 12.5
3.5326736 3.2686539 0.5451721 11.6
3.5363846 3.3195832 0.56484407 11.5
3.5272808 3.4703856 0.57067525 11
3.5255456 3.570101 0.53783065 13.3
3.5658362 3.6504986 0.56381768 9
3.5334375 5.0907836 0.57235223 10
3.5435762 5.1301899 0.58123273 10.5
3.5362594 -5.8452072 0.61135167 12
3.5039408 -5.7636681 0.66456819 11
3.5032096 -5.2780414 0.65978563 11
3.5967512 -5.0713716 0.64959329 12
3.5337081 -4.9155607 0.61102813 13
3.5053735 -4.70119 0.65547949 12
3.5089071 -4.406817 0.64999437 13
3.5448065 -4.1489458 0.66119021 13
3.5753129 -2.1305189 0.60579115 10
3.5407448 -1.3829185 0.65692806 13
3.521507 3.2715695 0.63691032 12
3.515383 3.4943407 0.6068325 10.5
3.5084898 3.5518599 0.64012301 13.333333
3.5095003 -5.9740324 0.74087781 12.75
3.514111 -5.6360283 0.73047483 12
3.5339899 -5.5906987 0.77397174 12
3.5721977 -5.4992619 0.76148891 13
3.5605369 -5.3611112 0.75378555 14
3.5201292 -5.1589122 0.7535184 12
3.5039163 -4.9135447 0.75347072 13
3.5336239 -4.8736305 0.73090911 14.5
3.5461249 -4.7405834 0.74354774 12.5
3.5614462 -4.2231002 0.70359415 14
3.5119519 -4.146102 0.77713525 15
3.5380588 -1.3902949 0.73081648 13.5
3.5308363 3.6668634 0.76910698 10
3.5404015 3.7083228 0.79465622 10
3.5064175 -5.9478555 0.80907333 14
3.5274003 -5.5464287 0.84441113 13
3.5204718 -5.089407 0.89528894 14
3.5302598 -4.5751801 0.86706889 14
3.5341954 -1.3111678 0.85116196 14
3.5752239 3.6276686 0.88932109 12
3.5363328 3.719331 0.81260395 10
3.5161908 3.8549373 0.81707215 11
3.5315788 5.0744176 0.84047866 11
3.5976558 -7.2594705 0.91390198 11.5
3.5320609 -5.5344405 0.96228975 14
3.5876749 -4.7268586 0.90375018 15
3.535603 -1.3842835 0.92700529 14.5
3.5929387 -7.2899003 1.0386078 13.5
3.5151486 -5.6288271 1.0981121 15
3.5664697 -5.2877812 1.0324548 15
3.5715718 -4.5785174 1.1383992 12
3.5449922 5.6791358 1.1110431 11
3.5501115 -7.2283096 1.24616 14
3.5208881 -1.4747927 1.2646823 15
3.548816 -1.3801053 1.2846065 15
3.5775545 5.6177711 1.219444 13
3.570601 5.6267614 1.303478 14
3.5965347 -7.1345539 1.4523184 15
3.54843 -7.658618 1.5001228 14
3.5904572 -4.7297935 1.5667443 15
3.5565817 5.2344971 1.5985713 13
3.5655119 -4.5983953 1.6360387 14
3.5417082 -4.2637472 1.7030957 15
3.5403743 5.2398849 1.7610531 14
3.5551052 5.0608344 1.9671874 15
3.6604509 -1.3190408 -0.22238263 8
3.6572258 3.4939101 -0.20808989 6
3.6087627 0.11070494 -0.1486969 0
3.6624086 0.5749805 -0.10335436 1
3.6833906 -4.9250083 -0.044005066 7
3.6290276 -1.3430822 -0.028212145 8
3.6875017 -0.55467796 -0.093964875 0.5
3.6629329 0.031868283 -0.074843518 0
3.6677618 0.17459249 -0.019238353 0
3.6874495 1.1356107 -0.071722709 3
3.6830389 1.7130424 -0.099457227 0
3.6608269 1.8536216 -0.031465217 1.5
3.6055696 3.062326 -0.047618564 2
3.6385124 -4.9668779 0.074675143 7
3.6362379 -1.3966247 0.05741135 9
3.669805 3.6082499 0.048351347 4
3.6689656 -1.4885411 0.1879326 7
3.6001318 -1.3312504 0.14891586 9
3.6285288 3.3115821 0.15535586 8
3.6940057 -1.3769957 0.24288623 9
3.6036737 3.3177667 0.28051165 8.5
3.612452 3.4180396 0.26951066 9
3.6888661 3.5210419 0.23738511 7
3.6119695 -1.3554959 0.3699885 10
3.6583526 3.2646215 0.36359173 9.666667
3.6281664 3.3182933 0.38376895 12
3.6758471 5.0860658 0.31130436 9
3.6887531 -5.4854646 0.4237541 9
3.6114466 -5.0701947 0.48483923 10
3.6653724 -4.5193219 0.42453468 11
3.662601 -1.4166312 0.44311276 15
3.6227369 -1.3717284 0.45386919 13.333333
3.6768894 -1.2341375 0.48351958 13.5
3.6367991 3.2657425 0.44650644 10.6
3.6373389 3.3230946 0.45459676 13
3.6062803 -7.4375539 0.57373512 9
3.6219032 -5.4783239 0.54113948 11.5
3.612849 -5.110024 0.52021879 9
3.6211345 -4.8517189 0.54748738 11
3.6425626 -4.1492977 0.59824055 11
3.698077 -2.1576381 0.58788663 14
3.638139 -1.3493807 0.55799598 12.5
3.6238596 -7.6735454 0.61836481 10.5
3.6604955 -7.1344576 0.62363744 9
3.6281154 -2.1905327 0.63959563 14
3.6126537 -1.3671827 0.6755864 13.666667
3.6590104 5.0613928 0.6490165 10
3.6119523 -7.3697276 0.70412451 10
3.6726751 -7.1330891 0.78146589 10.5
3.6039405 -5.3207841 0.70663774 12
3.6903563 -3.6107423 0.75924528 12
3.6968925 -3.4905736 0.77482694 13
3.645155 -2.1167197 0.70356989 12
3.6317611 -1.4104339 0.73159701 13
3.6332314 -1.349719 0.76201063 11
3.6356466 -5.4162607 0.85898685 13
3.6042087 -4.7650704 0.86650443 11
3.6499012 -4.159174 0.83527714 13
3.6760499 -3.7905614 0.83463013 13.5
3.6056666 -2.1179864 0.85926205 14
3.6297028 -1.3860182 0.83269852 12.5
3.6114936 -1.4158059 0.989124 14
3.687511 -4.1554971 1.0497885 15
3.6124833 -1.4273205 1.0655249 14
3.6728096 -1.3906448 1.0733653 15
3.6710811 -7.1383758 1.1175542 13
3.6449909 -1.3963164 1.1747835 14
3.6651921 5.6637406 1.1543286 11.5
3.6755106 5.690414 1.2187153 12
3.646194 -7.1324825 1.3064703 14
3.6910489 -3.7479374 1.3579262 15
3.6048851 -4.335598 1.4483018 15
3.6972632 5.5912256 1.4827162 12
3.6588764 5.613905 1.4476563 12
3.6221933 5.2194743 1.5331018 13
3.6342113 5.6675529 1.5835567 15
3.6404581 5.3440242 1.6301383 13.5
3.6963603 5.5969243 1.6240259 14
3.6444931 5.647192 1.6982319 14
3.6555808 5.1917472 1.7070045 13
3.6984458 5.2968011 1.7852665 14
3.6240821 5.3037066 1.8484124 14
3.6603849 5.2424412 1.9380336 14.5
3.7628484 -0.57860076 -0.1096651 0
3.7083945 -0.71837246 -0.07805451 3
3.7115965 -0.2645908 -0.054349955 0
3.7480989 -0.15199773 -0.056668609 0
3.745822 1.9392731 -0.039303511 2.5
3.7645662 3.5668015 -0.019328056 2
3.7006297 -3.3825884 0.082445204 2
3.7094591 -1.5441892 0.069481507 7
3.775878 -1.4260907 0.096610911 9
3.7647066 1.881753 0.0075965622 3
3.7751477 2.9868717 0.034669098 2
3.7779949 3.1730669 0.010600818 2
3.721153 -4.3853083 0.16662902 6
3.7277567 -4.1329279 0.169351 8
3.713578 -1.5841573 0.13558495 8
3.7400348 -1.3904426 0.15565675 8.333333
3.7581675 3.276335 0.11891611 8
3.7549107 3.4804878 0.10356941 4.5
3.7156622 3.6193006 0.15924883 6
3.7223241 -7.1477971 0.23630914 8.5
3.7505553 -3.8569157 0.20828032 9
3.7754416 -2.9229214 0.2879591 10
3.7977762 -1.4053923 0.27699572 10
3.7422264 -1.3908415 0.28699914 10
3.7432775 3.3527493 0.29139209 7
3.7396593 -7.1689773 0.39319009 9.75
3.7573948 -4.499969 0.39543965 8
3.7785203 -4.149601 0.39415008 13
3.7887073 -3.9394674 0.35415697 11.5
3.7665644 -3.8537626 0.31061155 9
3.7260432 -1.348142 0.3528809 11.75
3.7500138 3.3424935 0.37425569 8
3.7326577 3.6165209 0.30554163 8
3.7426162 -4.2110262 0.40917382 12
3.7785432 -4.1250191 0.47348386 11
3.7464545 -4.0663252 0.49069113 11
3.7205679 -3.9540381 0.4511978 10
3.7496839 -3.3639524 0.48700052 10
3.7869706 -2.6432214 0.44132096 12
3.7318969 -1.533245 0.42143071 10
3.7777622 -1.3625357 0.42494959 11.333333
3.7919419 3.2999897 0.46153304 11.5
3.7616639 -4.2233915 0.55264944 12.166667
3.7552686 -4.1377897 0.56960887 11
3.7967682 -3.6587131 0.53111619 11
3.7853365 -3.3133712 0.5814622 10.5
3.788018 -2.7813454 0.50841343 12
3.7975128 -2.535898 0.58731687 12
3.7516594 -2.1283302 0.56222898 10
3.7942348 -1.397873 0.50330269 14
3.7569313 -1.2242253 0.57969427 15
3.7873595 3.2634773 0.54805899 12.5
3.7620986 3.3060715 0.56496406 15
3.7318566 3.6896956 0.57673472 9
3.7542202 -7.120523 0.60598016 10
3.7496867 -4.2134595 0.68554682 12.5
3.7627282 -4.1630297 0.68396276 11.5
3.7615209 -4.0638433 0.64537883 10.5
3.7915764 -3.9182229 0.60623193 13
3.7998805 -3.8693719 0.66414505 11
3.7332845 -3.7102234 0.64953041 12.5
3.7711811 -3.5231435 0.69934833 15
3.7466247 -4.1491733 0.77181673 13
3.7646935 -3.82179 0.77213603 15
3.7139347 -3.7334189 0.70669699 11
3.7722921 -2.6035585 0.79454809 15
3.7810979 -2.5356433 0.76804733 13
3.7859306 -2.4860768 0.71746337 14
3.7353876 -1.4473794 0.77151483 14
3.7622845 -1.3122445 0.70437449 13
3.785866 -4.1782732 0.88576305 12
3.7510045 -4.0704641 0.82587004 12.5
3.7263308 -3.9658735 0.85901636 12
3.7579405 -3.7308328 0.83455551 12
3.7950983 -3.4679143 0.89812768 12
3.7077236 -3.1307266 0.82641995 13
3.7355232 -2.878643 0.86831367 13
3.784745 -2.1172009 0.80592924 13
3.7743733 -1.4325646 0.81702644 15
3.7452538 -1.3160491 0.82298934 14
3.7961495 5.2711301 0.86288393 10
3.7399609 -7.1397624 0.90672082 12.5
3.7294154 -4.2261672 0.99971676 13
3.7304783 -4.0633674 0.9181065 14
3.7565515 -3.8331716 0.93657511 13
3.7601547 -3.5541861 0.97881311 13
3.7176948 -3.4125116 0.96976173 15
3.7679732 -3.3228409 0.97874284 15
3.7258871 -3.1870358 0.98903728 15
3.7407439 -2.8595245 0.99948806 14.5
3.7784784 -2.6234896 0.92994064 14
3.7164385 -2.5470929 0.98173606 14.5
3.718261 -3.9525771 1.050387 15
3.7839112 -3.7291858 1.0097796 14.5
3.7720265 5.0649867 1.0086198 11
3.7999811 -3.8116293 1.1235863 14
3.7010865 -7.1404371 1.2899525 15
3.7830245 -4.1763444 1.2493038 14
3.7436607 5.7156835 1.2189946 11
3.7221985 -7.1267385 1.3734167 14
3.7792768 -3.5449955 1.3007308 14
3.766171 -1.4623128 1.3288469 15
3.7482209 5.6505761 1.3601885 13
3.7090991 5.7552962 1.3457122 11
3.7809525 5.7110739 1.4278829 12
3.7988915 5.2881527 1.5666922 14
3.7725022 5.6165814 1.528777 13
3.7593162 5.7381144 1.5654333 14
3.710125 5.1970963 1.6765912 14
3.7555728 5.2108202 1.6393549 13
3.7993796 5.1697073 1.7946219 14
3.7487082 5.2287865 1.7495522 14.333333
3.7301879 5.3580174 1.7292365 13
3.7350135 5.2471948 1.8615127 14
3.7960868 5.2460499 1.9027179 14
3.7003493 5.2147756 2.0044582 14
3.7616289 5.6642485 2.0211499 14
3.8322399 -3.9634626 -0.20741828 6
3.8702838 -2.8236978 -0.15699351 6
3.81124 -0.32880649 -0.11224268 4
3.8803241 0.047040101 -0.11429955 0
3.8605161 -3.4693203 -0.069273375 8
3.8994362 -1.3883332 -0.073297411 7
3.8466775 -0.84283012 -0.06266091 3
3.8445656 0.04706363 -0.014662145 0
3.8283715 1.390956 -0.052650757 4
3.8740237 2.2117131 -0.045753218 3
3.8912745 3.1245294 -0.046275515 0
3.8303127 3.2330446 -0.064347208 1.5
3.8365541 -2.7868638 0.015789818 7
3.8842132 -2.3075304 0.016411405 7
3.8985572 -1.5280563 0.055312518 5
3.8242495 -3.7402096 0.17160934 8
3.8397868 -3.3622615 0.13126819 4
3.8283169 -1.3595799 0.18532386 8.5
3.8505423 -4.2633939 0.2406182 7
3.8687911 -4.1368632 0.27900118 8
3.8110549 -1.7004105 0.22915636 8
3.8599658 -1.3514601 0.2500484 10
3.8249817 -3.5197387 0.32586834 9
3.8569443 -3.1573048 0.30344343 9
3.807337 -3.0654559 0.38661444 11
3.8092642 -2.9783442 0.3857812 11
3.8828626 -2.8136868 0.37660629 11
3.8097444 -2.6814299 0.33080241 9
3.8410742 -2.241426 0.34375197 9.75
3.803427 -2.0856645 0.32349551 9
3.8001077 -1.4087459 0.35377344 13
3.8323214 -1.3606424 0.37215587 11.25
3.8133426 -1.2785635 0.35145807 13
3.8545911 3.2646854 0.36199927 9.625
3.8379302 3.319135 0.31189096 8.5
3.8799253 3.4610333 0.33133134 9
3.8675611 -7.123661 0.45832053 8
3.8229425 -4.1047645 0.46777081 11
3.8183589 -4.0636134 0.42265329 8.5
3.8249018 -3.3387659 0.45143071 9
3.8221819 -2.9200952 0.45529842 10
3.8316021 -2.7236755 0.43569362 13
3.8463748 -2.6405485 0.47729114 12
3.8565595 -2.5998752 0.4967837 8
3.8695416 -2.4150062 0.43492657 11
3.8835106 -2.3491888 0.43563196 11.5
3.8594487 -2.2346158 0.45189065 10.5
3.8791842 -2.1750674 0.47027329 11.333333
3.8766475 -1.4206175 0.42697331 15
3.8466005 -1.3918638 0.42603871 14
3.8520031 3.2592494 0.450434 12.263889
3.8216176 3.3125935 0.45266145 10.833333
3.8438394 -7.122807 0.51191562 9
3.8079069 -3.3540022 0.51119035 13
3.8113611 -3.075906 0.58675778 10
3.8106217 -2.9799857 0.58517891 10
3.8496466 -2.7392573 0.54013032 12
3.8608174 -2.5022373 0.59953022 13
3.8637297 -2.3966379 0.56602418 9
3.8654995 -2.1431725 0.57043457 10
3.8707097 -1.4010456 0.50444943 14
3.8727796 -1.349456 0.56396866 14
3.8557203 3.259753 0.53063184 12.125
3.8101909 -3.2179546 0.67688519 13
3.8158395 -2.9042461 0.61959517 12
3.8309124 -2.7498622 0.6286819 12
3.879838 -2.5480468 0.62927276 15
3.8766718 -2.4164615 0.67927808 11
3.8652661 -2.245553 0.66439611 14.25
3.8568318 -2.1473866 0.65593439 12.833334
3.844296 -1.3637494 0.66038203 14.25
3.8228889 3.2430601 0.61806917 13
3.8480613 3.620276 0.60107708 10
3.8284903 -4.1299133 0.7238816 15
3.8436253 -3.1347086 0.7804141 14
3.8786788 -3.0073464 0.7864427 12
3.8647957 -2.8186796 0.78275156 14
3.815691 -2.5206332 0.70511919 12
3.8430169 -2.171494 0.74817765 11.75
3.8930898 3.4836488 0.79261643 14
3.8255839 5.1886768 0.79229343 10
3.805573 -3.5013626 0.89134008 14
3.8554976 -3.4015219 0.86299384 12
3.8161266 -3.344501 0.82710993 12.666667
3.814868 -3.2424948 0.89359987 14
3.8029332 -2.8553805 0.80637252 15
3.8489277 -2.1414967 0.84374338 14.5
3.8655608 5.1215034 0.82571399 9.5
3.8052585 -4.0166774 0.93787909 14
3.8137572 -3.8044105 0.90020984 13
3.8209074 -2.7449551 0.96072543 13.5
3.8066266 -2.2083986 0.95909727 14.5
3.8410268 -2.1965065 0.91194791 14.5
3.8338122 5.0901923 0.97004551 11
3.845274 -3.1151321 1.0381123 14
3.8894262 -3.093693 1.0103281 14
3.8948555 -2.8882909 1.0906614 14.5
3.843497 -2.7769415 1.0552931 15
3.81285 -2.5075731 1.0760968 14
3.8427892 5.0736618 1.0572963 13
3.8720577 5.6591611 1.0765049 10
3.8578649 -3.6928229 1.1179299 15
3.829035 -3.0186694 1.1498579 13
3.8689246 -2.5755808 1.1291515 14
3.8890142 5.1228395 1.1165429 13
3.8996477 5.610106 1.1592034 11
3.8953149 5.0695467 1.2615571 15
3.8522182 5.6575589 1.2650933 11.4
3.8315136 5.7460289 1.2451341 12
3.8767505 -7.1657991 1.3626595 15
3.8175578 -4.0134215 1.3609582 15
3.8962724 5.0543795 1.3338999 13
3.8684311 5.2106066 1.3771491 12
3.8645883 5.654192 1.3634256 12.5
3.8218188 5.7191806 1.373881 13
3.8963747 5.0632496 1.4627876 15
3.8474102 5.3261228 1.451695 14.333333
3.8655412 5.5952435 1.4749949 14
3.8552034 5.6265321 1.4331912 12
3.8394115 5.4952383 1.5910417 13
3.8925331 5.5988903 1.5152816 14
3.8844805 5.642345 1.546754 13.333333
3.8484709 5.2230978 1.6500214 14.5
3.8896241 5.596417 1.6571918 14
3.8108449 5.1915479 1.7412732 14
3.8458073 5.2386022 1.7351002 13.833333
3.8650794 5.608583 1.7668738 15
3.8703787 5.0550294 1.8747513 15
3.8418875 5.2468805 1.8322008 13.75
3.8688369 5.1637025 2.0194497 15
3.8597355 5.5610476 2.2432897 15
3.9023926 -3.3077142 -0.18501815 7
3.9970477 0.13653359 -0.11590114 1
3.9068553 -3.3445637 -0.099947125 7
3.9088004 -0.39985254 -0.087830633 0
3.9929657 -0.13478325 -0.068745084 1
3.957372 0.6732465 -0.093793824 2
3.9278321 1.0683733 -0.0143202 0
3.9484165 1.4684256 -0.00086015736 4
3.9075074 1.706005 -0.058990538 2
3.9353726 1.8682944 -0.079382755 2
3.9694383 1.9320718 -0.057765834 2
3.9465318 -3.3927157 0.061488353 7
3.9337552 -1.3907717 0.073279776 9
3.9875979 0.62837958 0.003905894 1
3.9229703 2.2403154 0.0050647082 4
3.9116318 -2.7866309 0.12895972 8
3.930402 -4.1549973 0.2383026 4
3.945029 -1.4127572 0.27279708 11
3.9733629 -1.3643143 0.24086607 9.333333
3.9076662 -4.2091479 0.39666143 7
3.9410563 -3.9469733 0.33187857 5
3.9952061 -3.5490017 0.33213535 5.6666665
3.9230037 -3.3770523 0.33895421 6
3.991127 -3.1974597 0.30041108 5
3.9731858 -1.4139999 0.38422465 11
3.9126835 -1.336131 0.35854262 11.5
3.9206011 3.2551403 0.35379136 8.8095236
3.9140108 3.3213036 0.32650736 9
3.9908001 3.5951688 0.38561851 10
3.9115574 -3.9947019 0.49550602 9
3.9082987 -3.356379 0.49968359 9
3.9862609 -3.1718349 0.4403407 8
3.974987 -1.4457743 0.40515316 12.5
3.928267 -1.3526968 0.43746999 12
3.9161835 -1.2211702 0.48839042 13
3.9208188 3.2590816 0.46868023 11.65
3.9071372 3.3006215 0.40288392 10
3.9443572 -3.6953409 0.53116018 9.5
3.9322722 -1.4358828 0.55970663 11
3.9448469 -1.349964 0.54731452 15
3.917084 3.2410722 0.52509242 11
3.9950235 3.52864 0.51776671 11
3.9277921 -1.3275155 0.63084328 14
3.9174705 3.2590904 0.62621009 15
3.9252222 3.5139265 0.67336875 15
3.9739108 -1.4249347 0.71174544 14
3.9664621 -1.3232852 0.85407948 15
3.9063706 3.5876155 0.85413837 15
3.9105122 -2.6045854 0.94124967 13
3.9489024 5.0835166 0.98355085 10
3.9822586 5.12954 0.95245844 11
3.9076517 5.1132998 1.0778929 12.5
3.9103343 -1.4874295 1.1776576 15
3.9468932 5.113121 1.1428114 14.5
3.9978814 -1.4826388 1.2921268 15
3.9957058 3.5943539 1.238519 15
3.9395788 5.0385532 1.233407 14
3.9551725 5.5876961 1.2627162 12
3.9086299 5.6207833 1.2882863 13
3.9550276 4.9684262 1.3547223 14.5
3.9429066 5.0145636 1.30384 15
3.9213862 5.6326303 1.3971666 12
3.9569945 5.0545149 1.49851 13
3.938498 5.3311014 1.4921296 15
3.9319427 5.5472565 1.4855292 14
3.9059196 5.6104565 1.4298683 13.5
3.9066229 4.9648504 1.5974151 15
3.9239447 5.0221806 1.5407354 15
3.9529152 5.5762215 1.5242724 14.5
3.9679344 3.8662193 1.6148008 13
3.9610186 5.0664072 1.6742462 14.666667
3.9128816 5.3483744 1.6173437 15
3.9548576 5.4351745 1.6596656 14.5
3.9663055 5.5141659 1.6386036 15
3.9035666 5.6049185 1.6610632 15
3.966532 5.0284095 1.7383963 14
3.9252377 5.0219665 1.8791947 13
4.0175486 -0.29175112 -0.10080209 3
4.0472417 0.95216113 -0.12319618 0
4.0173216 1.3898654 -0.10959078 0
4.0246363 -2.5614274 -0.048194215 3
4.0573635 -0.62989348 -0.050072685 3.25
4.0422487 0.014612379 -0.042941675 1
4.0561666 0.5588398 -0.018181818 3
4.0887384 1.125079 -0.0011176782 1
4.0630736 1.4604149 -0.086280979 0
4.0288868 1.5742159 -0.051770128 2
4.0027962 3.056318 -0.053668786 0
4.095582 -1.3792406 0.046096466 10
4.0227938 2.8934312 0.041255541 3
4.0148211 -3.5470932 0.16076316 4.5
4.0584645 -3.3932054 0.17492576 5
4.0972686 -1.4040992 0.1773406 9
4.0655742 -0.40908328 0.10965899 4
4.0401335 -3.5594962 0.25772029 6.5
4.0669904 -1.4298251 0.26566187 9.75
4.078331 -1.3882298 0.20034577 10
4.0636182 -3.408242 0.36763099 8.5
4.0789876 -1.3928711 0.35893634 10
4.0353761 3.5501883 0.34044799 9
4.0264201 -3.5787373 0.44310766 10
4.0108547 -1.3304534 0.49049741 11
4.0228829 3.5339491 0.45375377 9
4.0424805 -1.4210899 0.66701645 13.333333
4.0884733 2.3948169 0.7307694 10
4.0943141 3.5741634 0.7322942 10
4.082737 2.4202087 0.82784331 11
4.0804648 3.0285819 0.85004699 11
4.0010877 3.8119843 0.83125043 10
4.0558324 -1.4165627 0.94555771 15
4.0884581 3.5643413 0.92432153 13
4.0904789 3.646343 0.92953527 11
4.0932331 -1.3721232 1.0825908 14
4.0939116 3.5680001 1.0719298 13
4.0783067 3.6849561 1.049716 11.5
4.00247 -1.4422268 1.1310216 14
4.0574856 2.5151644 1.1816728 13
4.0517144 3.4738503 1.1172918 15
4.0754995 3.5312247 1.1506075 12.5
4.0794311 3.6436532 1.1826541 13
4.0769272 3.751256 1.1549369 12.25
4.088881 4.5723205 1.1912974 11
4.0980239 -1.4560571 1.2394289 15
4.0405493 3.6470501 1.2157453 15
4.0453873 3.7343817 1.2534547 13
4.0402532 3.8438377 1.2323904 12.5
4.0715342 4.0445552 1.2253169 13.5
4.0449791 4.978641 1.2244482 13
4.0701203 5.0256643 1.2801384 11
4.087451 2.5572267 1.3750951 15
4.0796599 3.6187768 1.3878419 14
4.0892153 3.782491 1.3005612 13
4.0665903 3.8492165 1.3056741 13.5
4.0432673 3.924881 1.3437912 13
4.0767641 5.0145712 1.3176198 12
4.0871806 2.2997334 1.47084 13
4.04076 3.4544027 1.4699301 13.5
4.0810785 3.5059996 1.4935426 14
4.0202565 3.6420307 1.4100513 14
4.0464325 3.7046323 1.4445258 13.5
4.0711608 3.8418887 1.4740088 14.333333
4.0668263 3.925837 1.4396136 14
4.0835795 4.1822453 1.4557637 13
4.0413957 4.3060508 1.4067709 15
4.0928979 5.0334325 1.4827483 12
4.0467763 3.5391097 1.5072953 14.5
4.0723052 3.6528656 1.5700182 14.5
4.04252 3.7632921 1.5831259 14
4.0492902 3.9196379 1.548874 14
4.0043297 5.0613155 1.5536114 12
4.0014911 5.4473948 1.5789069 14
4.0665197 3.4603598 1.6786485 15
4.0583458 3.6495595 1.6248118 14.5
4.0963445 4.4194493 1.6657991 14
4.0954447 2.4442825 1.7799822 14
4.0425868 3.5570011 1.7209936 15
4.0655017 3.8747485 1.7664499 14
4.0493221 5.0011411 1.8627081 15
4.0969973 2.4154766 1.96603 15
4.0878868 2.5124285 2.0003104 15
4.0891876 4.3627467 2.1896424 14
4.0181613 5.3628135 2.4063876 15
4.184392 1.1853536 -0.16018522 0
4.1585565 1.6741179 -0.11456411 0
4.1417198 -0.59100115 -0.082768619 2
4.1479244 -0.19848986 -0.049628839 2
4.1446567 1.5041585 -0.024516193 2
4.1841831 1.6992819 -0.089282699 0
4.1586103 0.42238078 0.0069118245 2
4.1819949 1.0952983 0.0069142259 2
4.1079092 1.4769925 0.0076673888 2
4.1929607 3.1874018 0.062223248 4
4.1187377 -1.4083118 0.24817927 10.333333
4.1688042 -1.3932625 0.24191877 9.333333
4.1757789 2.2750111 0.28453609 8
4.1084113 3.5750651 0.28551105 7
4.1337447 -1.7275484 0.33980861 9
4.1938062 -1.4047339 0.33352777 10
4.1288371 -1.3810259 0.3779164 10
4.1888041 2.2744265 0.30055478 10
4.1874609 2.3227038 0.37016404 12.5
4.1945505 2.4224005 0.37496337 14.166667
4.14431 3.5236878 0.34873083 9
4.1113439 -1.4666904 0.42751473 12
4.170753 -1.3929156 0.48583454 9.5
4.1920462 2.2612782 0.45191249 9.5
4.1524305 3.5365174 0.44951859 11.25
4.1565142 -1.4560711 0.54106253 12
4.1909113 2.2473128 0.54847425 11.5
4.1871953 2.3276207 0.54110813 9.75
4.1942925 2.8565176 0.56231707 14.5
4.1436706 -1.4135509 0.67091656 12.333333
4.1277881 -1.1948689 0.62136275 14
4.1862679 2.2700565 0.64864028 11.214286
4.1772165 2.3628702 0.67537189 10
4.1722112 2.4414372 0.650801 9.5
4.1420474 2.9840751 0.66821015 10
4.1849775 3.1491742 0.68720418 12
4.1325393 3.5381758 0.6189391 14
4.1600127 -1.4450293 0.73379815 13
4.1583042 -1.3897144 0.79482168 10
4.1853075 2.2420423 0.74049801 11.25
4.1730528 2.3242197 0.75472516 11
4.1748271 2.8812571 0.77984214 11
4.1495442 3.2041175 0.79275763 11
4.1238427 3.4468925 0.77602708 10
4.122983 3.5218015 0.74157387 14
4.1717548 -1.4502406 0.8287878 14
4.1775804 2.2782698 0.86509877 13.166667
4.1707721 2.3215392 0.8645277 12.25
4.1413631 2.4072251 0.88756657 11
4.1806016 2.8450243 0.83629394 15
4.1453123 3.25564 0.86187375 13.5
4.1584706 3.3410041 0.86447501 13.25
4.111393 3.4815218 0.85830837 11
4.1652346 -1.4562378 0.98056579 14
4.1875601 2.1940067 0.98829114 15
4.1784487 2.2643571 0.92974007 12.333333
4.169167 2.3173647 0.93898696 12.875
4.1734004 2.896595 0.98780543 13
4.1995358 2.900141 0.97215521 12
4.1508522 3.0505965 0.9474386 11
4.1984668 3.1445341 0.90022737 13
4.1539741 3.2710171 0.92951953 13.8
4.1063833 3.4899302 0.94538629 11
4.1223555 3.7213047 0.98493308 15
4.1637201 -1.4524972 1.0571584 14
4.1829453 2.2605643 1.0338399 13.5
4.1653891 2.3322992 1.0382916 13.125
4.1057925 3.2562342 1.0204089 14
4.1130838 3.5357132 1.0359154 15
4.1533399 4.955585 1.055005 11.5
4.1758533 -1.5324401 1.1693952 14
4.1747561 -1.4377438 1.1487458 15
4.1746678 2.1914437 1.148205 13.5
4.1764889 2.2492001 1.152066 14.071428
4.1689506 2.3778884 1.1215334 13
4.1979842 2.4370041 1.1676351 13
4.1959915 2.8464735 1.1562264 13.5
4.1349592 2.9104097 1.1848171 14
4.1373663 3.4195836 1.1242085 13
4.1133361 3.5600364 1.1825155 12
4.1310205 4.1390762 1.1857193 12
4.1344442 4.3834772 1.186849 13
4.1607933 4.7077198 1.1659684 12
4.1319613 5.01302 1.1005009 13
4.1708775 -1.52829 1.2949511 13
4.1709766 2.247432 1.251039 14.166667
4.1873593 2.3608041 1.2424871 14
4.1065841 3.470367 1.2189151 15
4.1821933 3.653002 1.2255054 12
4.1677532 4.9179802 1.2534163 13.5
4.1930656 5.4374862 1.2290801 11
4.1995344 -1.4187622 1.3575116 14
4.1644921 2.2370808 1.3347793 14.75
4.1734734 2.4028015 1.342962 14
4.122736 3.4427681 1.3712034 15
4.1484885 4.0110836 1.3672899 13
4.142735 4.160717 1.3813634 15
4.1813545 4.8599033 1.3443675 14
4.1745224 2.2536411 1.4620866 14.5
4.143084 2.3428812 1.4431025 14.75
4.1390018 3.630563 1.4519097 14
4.1366806 3.9627609 1.4538577 13.666667
4.1198759 4.0962162 1.4003083 15
4.1502318 4.7185698 1.4850963 13
4.1752582 4.8797216 1.4487934 13.5
4.1586404 4.9762578 1.453406 13.5
4.1673183 -1.5544909 1.5219113 14
4.195991 2.1550236 1.5183721 15
4.1768436 2.2663436 1.5380325 15
4.1836057 2.3271596 1.5703416 14
4.1870317 2.8310099 1.5254894 14.5
4.1359811 3.5540955 1.5522418 15
4.1126957 4.0025611 1.5499766 14
4.1797423 4.8930812 1.5242467 13
4.1500821 4.9267645 1.5535591 13
4.1581869 2.357425 1.6097965 14.5
4.1597543 4.8468757 1.6650212 14
4.128468 4.9736176 1.6476119 13.833333
4.1793823 2.2448456 1.7099469 15
4.1362834 3.5762427 1.7724143 15
4.1485415 4.893085 1.7013857 14
4.1016421 2.4082925 1.8797454 15
4.1260791 4.2007217 1.8062104 15
4.1739755 4.8839192 1.8997191 14
4.1464911 4.9205918 1.831885 14
4.1656241 3.4124892 1.9128189 14
4.152492 4.9704804 1.9490236 14
4.1449609 4.8572001 2.0922079 15
4.2519202 -1.3341848 -0.30163059 8
4.28371 -1.3347204 -0.12621716 8.5
4.2917547 -1.0290519 -0.10215536 8
4.284637 -1.3787819 -0.025850864 8
4.2864771 -1.1121669 -0.0078740614 8
4.2790318 -0.67122149 -0.020958904 6
4.2049074 0.24631979 -0.030923724 3
4.234077 2.9510534 -0.016114365 2.5
4.2402377 -1.4164015 0.070310459 9.5
4.2572255 -1.3870353 0.054400373 8.5
4.2568812 2.3214438 0.023692777 7
4.2533321 2.5059576 0.0046705245 0
4.2771902 -1.3517405 0.14833654 8.3888893
4.247108 -1.2876467 0.14928754 9
4.2659268 -1.4141971 0.25679666 9.75
4.2746344 -1.3687316 0.27693585 9.2777777
4.2691789 -0.88623035 0.26070008 11
4.2306943 2.2214947 0.28863123 8
4.2077093 2.3716328 0.2440875 8
4.233758 2.8637419 0.29549876 9
4.2415509 2.9026978 0.25299579 9
4.2748456 3.2025826 0.2553072 8
4.2556348 -1.4190245 0.35157681 10.444445
4.2819982 -1.3681668 0.35536882 10
4.2879567 -1.2661624 0.32168916 9
4.2820139 -1.1666982 0.34318414 10.5
4.2897525 -1.0556936 0.3558476 12.833334
4.2894583 -0.94188386 0.30509618 10
4.2965035 -0.75826329 0.31164333 10
4.248744 2.2516708 0.32756314 10.722222
4.2228508 2.3415349 0.36157927 12.3
4.2057762 2.4647355 0.39687395 9
4.2666907 2.6938269 0.37014085 13.5
4.2345891 2.7472091 0.3935104 13
4.2406206 2.8518505 0.35899562 10.1875
4.2757573 3.140244 0.35795498 10
4.2762094 3.8303618 0.32644299 9
4.2555737 -1.4174488 0.44426975 11.384615
4.266098 -1.380734 0.44593224 10.625
4.2665753 -1.0693991 0.48626179 13.5
4.2963929 -0.8292836 0.46013433 11
4.2998719 -0.51073712 0.4956952 13
4.2890511 -0.34945476 0.44935179 11
4.2352562 2.2433417 0.44334173 11.809525
4.2232256 2.336087 0.44450462 10.733334
4.2449803 2.8416598 0.45526031 12.107142
4.2133179 2.9887648 0.45374474 14
4.2599878 3.1666996 0.45522407 11.833333
4.2692647 3.2058308 0.43818694 9
4.2891059 3.892499 0.43074837 11
4.2580519 -1.4202876 0.5437398 11.615385
4.2757244 -1.3785551 0.54044509 11.818182
4.2827229 -1.2112641 0.52893603 11
4.2040334 -1.1403228 0.5177539 13
4.213532 -1.017218 0.53026015 13
4.2953963 -0.98048097 0.50341749 11
4.2784748 -0.86749053 0.53803062 11
4.2505927 -0.57950121 0.57921875 14
4.2802534 -0.2786831 0.59045529 13.5
4.2197957 2.237715 0.57303661 10.9
4.2062688 2.3544919 0.53808904 11.416666
4.2408814 2.4035408 0.55874389 10
4.2503357 2.8407073 0.5139547 10.5
4.2349339 3.0158165 0.58030862 10
4.2507162 3.1524906 0.55191463 12.9
4.2187343 3.4749579 0.51644456 13
4.2462139 3.784188 0.52599466 10
4.2599707 -1.4256934 0.64597523 12.666667
4.2630115 -1.3853167 0.65231174 12.590909
4.269444 -1.2312618 0.65574986 11
4.2612715 -1.1440532 0.62359631 15
4.2880487 -0.98663485 0.65018004 14.5
4.2270422 -0.8793475 0.67971486 15
4.261941 -0.74850804 0.65491176 14.5
4.2663898 -0.39589232 0.66519696 15
4.2258677 2.246263 0.64780152 11.75
4.2045832 2.3517122 0.66946548 10.25
4.2583284 2.7829561 0.67654711 14
4.2356477 2.8552845 0.66928506 12.333333
4.235076 2.9338655 0.62730008 12
4.2406716 3.1385272 0.64833969 13.571428
4.2665248 3.7589228 0.64630181 13
4.2482519 -1.4263759 0.75916457 12.75
4.2678399 -1.3708342 0.76311904 13.125
4.2947421 -1.2965741 0.72375214 13
4.2629738 -1.0257187 0.73219061 15
4.2193747 -0.97715557 0.73807764 12
4.2428932 -0.62366569 0.70219922 15
4.2883444 -0.54636657 0.78894895 13
4.2830801 -0.41567063 0.72195059 13
4.2590284 2.1802852 0.76894081 12.5
4.2544489 2.247885 0.76153088 11
4.2060037 2.3704395 0.79350275 11
4.25564 3.1348789 0.72997522 11.8
4.2905312 3.3081086 0.72531039 10
4.2446408 3.7570901 0.7965641 15
4.2465539 -1.4336654 0.84528923 12.777778
4.2736335 -1.3754853 0.86592829 11.722222
4.2933955 -1.0806807 0.83484733 15
4.2899966 -0.80127114 0.82690394 13
4.2980623 -0.62321579 0.84495419 14
4.2042556 2.1812692 0.84170324 13
4.2133298 2.2431839 0.87580371 11
4.2049422 2.3302252 0.89968759 12
4.2263398 2.784621 0.8551439 15
4.2562361 2.838829 0.82358176 10.666667
4.2473249 2.9226387 0.84514242 10
4.2449746 3.1560755 0.8490538 12.083333
4.2261763 3.46825 0.8657915 14.5
4.2373786 -1.527909 0.90152633 12
4.2579064 -1.4246304 0.94894046 13.75
4.2749848 -1.3794537 0.93931627 13.3
4.2657466 -1.2641294 0.92029923 12
4.2788262 -1.1803775 0.99258924 14
4.296669 -0.7905224 0.93864852 13
4.2977495 -0.56007856 0.93458992 15
4.2663054 -0.15654951 0.92240131 14
4.2350497 1.8242805 0.96938813 15
4.2207003 2.1867256 0.9492141 12
4.2504315 2.2350638 0.93416482 14
4.2357907 2.3114283 0.94547063 11
4.2701602 2.5526278 0.96379429 12
4.2055163 2.8823884 0.93596721 12
4.2288499 2.942239 0.92753404 11.5
4.2660809 3.0939505 0.96118581 11
4.2537913 3.157974 0.93758082 15
4.2380724 3.4149001 0.96963954 15
4.2087159 3.5421243 0.98294002 14.5
4.2277384 -1.5063546 1.0866122 15
4.2545285 -1.4202383 1.0374899 14.25
4.2678103 -1.3597454 1.0340319 13
4.2710433 -0.24069194 1.046018 14
4.2359543 2.192574 1.0466118 13.166667
4.2088223 2.2837586 1.0035785 12
4.2282743 2.377357 1.063139 15
4.2420726 2.4188921 1.0757561 12
4.229166 3.1042724 1.0670601 13
4.266006 4.8039441 1.0756022 12
4.2293453 4.9642892 1.0511699 11
4.2363477 -1.4714473 1.1551816 14.2
4.2769074 -1.3572181 1.1511729 13.25
4.2724838 -1.1137242 1.1757253 15
4.2644038 -0.78253424 1.1742228 13
4.2629795 1.9911717 1.1618451 13
4.2435312 2.1532218 1.1366729 14
4.2207069 2.2495613 1.1993221 13
4.2332788 2.5346801 1.1146209 14
4.2436776 2.8095922 1.1392496 12
4.2295322 2.9458008 1.1630998 12.5
4.238265 3.0944376 1.1114414 15
4.2499266 4.5204663 1.1652887 11
4.2372136 4.8626957 1.1592222 12.333333
4.2145715 4.9106903 1.1710789 14
4.2450895 -1.5029664 1.2509052 14
4.2413607 -1.4470129 1.2434669 14.642858
4.2597294 -1.3748026 1.2403613 13
4.2759061 -0.93130499 1.2232959 14.5
4.2973399 -0.74154657 1.2328774 15
4.2579246 2.0237257 1.2736917 14
4.2098012 2.1367114 1.297122 14
4.2158389 2.402148 1.2885389 13
4.2487407 3.4326932 1.292671 13
4.2311459 4.8341703 1.2443373 12.166667
4.2550077 -1.5070728 1.3095648 14
4.2667327 -1.4288583 1.3592231 14
4.2430329 -1.3331407 1.3528756 14.5
4.2718544 -1.1541402 1.3586774 14
4.2772613 -0.70019543 1.3301311 15
4.2763543 -0.51792276 1.3602364 14
4.2979288 2.1576111 1.3152808 15
4.2155657 2.83671 1.3541447 13.5
4.2393293 3.1620967 1.321189 13.5
4.2508345 4.7848334 1.3602118 14.5
4.2366357 4.8541446 1.3477856 13.666667
4.268434 4.9025068 1.3316435 12
4.2666216 -1.4805368 1.4087873 14.5
4.2827258 -1.3507043 1.4262761 14.5
4.2686787 -0.9278807 1.4226967 14
4.2828693 -0.80270541 1.4598582 15
4.2347565 2.1744823 1.4373634 15
4.2346654 2.3337655 1.4774921 13
4.215723 2.7793245 1.4641663 15
4.2496619 2.8315587 1.4320945 13
4.2516227 4.7813258 1.4517996 14.166667
4.2343287 4.8550415 1.452914 12.333333
4.2095866 4.9482899 1.4156833 12
4.2742567 -1.4589728 1.5679642 15
4.2805109 -0.91315854 1.5072002 15
4.2896266 -0.81852293 1.5367032 15
4.2691922 -0.7191776 1.5797685 15
4.2247834 2.3906138 1.5340858 14.5
4.2092428 2.6843467 1.538941 14
4.2520742 2.8685124 1.5463897 15
4.2488909 3.0048084 1.5476854 14
4.259984 4.7882013 1.5398415 15
4.2380228 4.8256674 1.5301759 14
4.2521071 4.9114909 1.565695 12.5
4.2578974 -1.3856523 1.681489 15
4.2926493 3.0131798 1.6998183 15
4.2700768 3.6388605 1.6115446 15
4.2398596 4.7455587 1.6447027 15
4.2255464 4.8443961 1.6531477 13.25
4.2006292 4.9062514 1.6545068 15
4.2264686 -1.4792361 1.7015574 15
4.2342553 4.7417989 1.7855098 14.25
4.2228651 4.8457723 1.7470758 14
4.2368579 2.8755836 1.8542397 15
4.2307644 4.8335662 1.8483423 14.5
4.2219892 -1.4301362 1.9487684 15
4.2378197 4.8594613 1.9642719 15
4.3537793 -0.97303015 -0.20431769 6
4.3554802 -0.27966696 -0.23375922 8
4.3081965 -1.4152776 -0.10752359 7
4.3012214 -1.3421384 -0.11898287 7
4.3810706 -1.0271335 -0.13959222 6
4.3703246 0.59315997 -0.11906188 7
4.3389487 -1.4054402 -0.034951922 7
4.3578477 -1.2548389 -0.047092244 6.6666665
4.3390198 -0.55452991 -0.020074237 7
4.3393431 -0.27676803 -0.03687799 8
4.3157206 -0.14990263 -0.080669269 4
4.3692441 0.32763407 -0.012443459 8
4.3915167 0.4396188 -0.027553054 8
4.3724995 1.4680613 -0.075756378 0
4.3699017 1.5913413 -0.04396943 3
4.3698549 2.1504073 -0.023841625 0
4.35078 2.5198522 -0.026435971 2
4.3144169 -1.3698975 0.022567956 8.5
4.3395205 -1.2341863 0.079865009 8
4.3108931 -1.186886 0.075229712 7
4.3406892 -0.92058003 0.07357835 8.5
4.3303142 -0.82190466 0.0091942064 9
4.3844814 -0.73676986 0.055977676 9
4.3278923 -0.63730764 0.014154518 8
4.3398795 -0.55960095 0.053505287 7.8333335
4.3602266 -0.4467487 0.01302579 7
4.3635802 -0.34669128 0.048279151 8
4.3530192 -0.24676122 0.021497115 8.333333
4.3646388 -0.19146273 0.024856756 7
4.3750277 0.21299292 0.0096229622 8
4.3723493 0.32280841 0.073454119 7
4.3898678 0.53412455 0.044878654 8
4.3968205 0.88208473 0.073370442 8
4.3937845 2.3605709 0.024828762 3.5
4.3759165 -1.5456978 0.19977194 8
4.3082862 -1.418503 0.14691804 10
4.3395448 -1.3512113 0.14426421 8.5
4.3109651 -1.1026495 0.15498027 6
4.3586912 -1.0965178 0.15372294 9
4.3394012 -0.87701869 0.17991164 9
4.352253 -0.76360565 0.18733665 8.5
4.3564901 -0.64009017 0.15575103 9.25
4.3524013 -0.55756938 0.1729593 8
4.3531647 -0.44698834 0.13160384 9.25
4.341579 -0.31959799 0.15724914 10.25
4.365067 -0.25594899 0.1299725 9.333333
4.3553991 -0.15858878 0.16828933 8.6000004
4.3632584 -0.062100109 0.1532869 9.1999998
4.3773203 0.12460577 0.17802392 10.5
4.3883619 0.2587947 0.1129114 9
4.3662629 0.31923407 0.13535222 9
4.3825026 0.62320065 0.11713945 8
4.3974962 0.74665934 0.1156073 7
4.3956575 0.83769101 0.18568668 8
4.36309 1.0975924 0.16492777 9
4.3507094 2.4572709 0.18396822 8
4.3103051 3.5901933 0.12950349 5
4.3288383 -1.4731911 0.28378838 9
4.3389444 -1.3539605 0.26152548 9.5
4.3633718 -1.2414881 0.26792076 10
4.3178635 -1.1592473 0.24222732 9
4.329092 -1.0615207 0.24175166 9
4.346066 -0.93420589 0.25962076 10.5
4.3239212 -0.85016739 0.26456141 10.5
4.3337197 -0.79758549 0.29823348 11
4.3155055 -0.62457347 0.24785854 10.5
4.3396282 -0.54643393 0.28662625 10
4.3527994 -0.43436006 0.25739321 10.666667
4.3678417 -0.33641374 0.25726494 10.2
4.33915 -0.26031351 0.26142165 9.25
4.3712487 -0.17399731 0.24502225 9.75
4.3586321 -0.052246988 0.24784121 10
4.3727517 0.043379769 0.24795572 10.5
4.3636303 0.1057109 0.27771991 10
4.3849125 0.27561331 0.26271242 10.25
4.39292 0.37290698 0.2305562 10
4.3765526 0.46875677 0.2478465 10.5
4.3736372 0.59183902 0.23221667 8
4.3708997 2.3945186 0.23250851 8.5
4.3415213 -1.571609 0.34739724 10
4.3271432 -1.4041433 0.34150776 12.5
4.3243232 -1.3565775 0.34536093 10.444445
4.3275566 -0.94377965 0.37004185 10.333333
4.3527966 -0.84624708 0.33051729 11.166667
4.3386221 -0.71863681 0.32151958 10
4.3575182 -0.65457499 0.35296875 10.5
4.3355675 -0.54368401 0.34435585 10
4.3442345 -0.4604913 0.33973411 10.833333
4.3344698 -0.37399173 0.35960051 10.333333
4.3616486 -0.24905133 0.35516232 10
4.3588223 -0.13971448 0.35078809 11.071428
4.353178 -0.025185162 0.32580441 10.333333
4.368978 0.06455896 0.3406629 10.75
4.3674998 0.13376378 0.34001544 9.8999996
4.3973045 0.22295594 0.36386967 11.5
4.387598 0.35195419 0.33274189 12.333333
4.3815446 0.42795795 0.31900221 10.2
4.3973036 0.56936443 0.34074891 10.5
4.3578076 2.2344878 0.35338375 13.833334
4.3286753 3.7869616 0.36205524 9
4.3233905 -1.3561203 0.43967453 10.777778
4.3209243 -1.2969356 0.43823686 9.666667
4.3274684 -1.1583496 0.43535617 11
4.3572569 -1.0511845 0.42423359 10
4.3247962 -0.91380787 0.42767313 14
4.3253522 -0.84550643 0.43593678 12.6
4.3403692 -0.73866981 0.45055771 9.5
4.3612609 -0.65552598 0.43687853 9.5
4.35532 -0.54919386 0.43932492 11.5
4.3640432 -0.45298541 0.44815978 11.7
4.3483305 -0.34727505 0.46764073 12
4.3562007 -0.26406306 0.44851083 11.75
4.3718457 -0.17066862 0.43912005 10.5
4.3755937 -0.094975956 0.44478634 11.5
4.3635488 0.067705028 0.46159476 13.5
4.37396 0.13008213 0.44421026 12.625
4.3751445 0.21005723 0.42157426 11.5
4.3796129 0.36446235 0.44904542 11.3
4.3988948 0.58108979 0.41500598 13
4.3957777 0.63458794 0.40603259 14
4.3964391 2.1712418 0.42519027 9
4.3207283 2.4128191 0.45281801 14
4.3286734 2.8660154 0.45277074 11.75
4.3449073 3.0940022 0.44255781 13.25
4.3002324 3.1281207 0.49096727 13
4.3461204 3.7073936 0.45505419 10
4.311162 -1.4167917 0.54106265 12.166667
4.3243761 -1.3574326 0.54864168 11.25
4.348556 -1.2378105 0.51990223 12.333333
4.3288422 -1.1607894 0.57838732 10
4.340836 -1.082545 0.57523972 11
4.3263345 -0.97519606 0.55936152 14.333333
4.3509431 -0.8996805 0.56365472 15
4.3378854 -0.7481032 0.55439544 12.666667
4.3411121 -0.63157129 0.55030197 12.625
4.3198571 -0.54755902 0.5289079 12
4.3548431 -0.45135689 0.5376085 13.166667
4.3354559 -0.36594793 0.56404716 13
4.3404474 -0.24668723 0.54550678 10.333333
4.349041 -0.16110153 0.57801819 14
4.3516874 -0.025691943 0.54386747 11.5
4.3708372 0.046022203 0.55754441 12.333333
4.3770795 0.17873824 0.52443159 12.5
4.3705568 0.2553471 0.53169858 14.333333
4.3843012 0.31887522 0.56402194 13
4.3885617 0.43010169 0.58266091 12
4.3695149 0.5285309 0.56820589 12
4.3839574 0.64023858 0.52953118 14
4.3885059 0.75176769 0.56572127 15
4.3812394 0.87713009 0.58970577 11
4.3884139 0.98259747 0.53367478 12
4.3971033 1.2045184 0.58867037 12
4.3842402 2.1341851 0.55386686 15
4.3223381 2.2582119 0.515652 10
4.3462739 2.790055 0.51531547 15
4.3311095 2.893255 0.56950504 15
4.3771524 3.0897851 0.59921914 15
4.3063273 3.1008499 0.59545189 12
4.3921537 3.7595859 0.54903442 14
4.3015108 -1.4310329 0.66806865 15
4.3208799 -1.3563261 0.6382522 12.333333
4.3663964 -1.2269472 0.62068492 9
4.3849177 -1.1646888 0.65464336 14
4.3144293 -0.98491788 0.61931229 11
4.3506351 -0.87233651 0.63735956 11.5
4.3262386 -0.7299946 0.65692383 12
4.3591146 -0.68065238 0.66034949 13.25
4.3255777 -0.54162526 0.6914804 12
4.350369 -0.32989097 0.6371848 11.916667
4.3414416 -0.24704129 0.64169949 13.833333
4.3406444 -0.11620104 0.62812495 12
4.35395 -0.010436915 0.61185104 13
4.3593488 0.044856202 0.64792269 13
4.3627548 0.23630364 0.65356821 13.666667
4.398078 0.38779277 0.67120254 14
4.3621721 0.43316293 0.68094635 14
4.3990335 0.55469859 0.61205673 13
4.3731818 0.69081253 0.65907615 15
4.380671 0.71843517 0.64388353 12.666667
4.3904729 0.81226969 0.63376421 12.5
4.3074708 2.1745851 0.60657388 9
4.3015218 2.3192649 0.62365961 10
4.3209891 2.7992473 0.69520348 10
4.3211288 2.8695264 0.64707434 9.5
4.3868017 3.0243096 0.65010995 13
4.312963 -1.4028438 0.75546819 13
4.3275218 -1.3638396 0.77069062 13.333333
4.3653016 -1.2344475 0.75535697 10
4.3668351 -1.1394594 0.7479862 13
4.3081851 -0.95707041 0.7376135 14.5
4.3053684 -0.74311501 0.72195572 12
4.3307848 -0.64722657 0.7856679 14
4.3414016 -0.53328854 0.72097021 13.5
4.3411841 -0.45165551 0.72493654 13.5
4.3444996 -0.34608054 0.7725063 13
4.3484607 -0.26877511 0.78627354 11.75
4.3586431 -0.14048803 0.73097211 14
4.3173895 -0.014766372 0.78100681 14
4.3626652 0.057620298 0.73645997 14.25
4.3710556 0.1910854 0.76364094 15
4.3831387 0.29045182 0.75861919 13
4.3767924 0.33476761 0.74695522 13.666667
4.3891668 0.562783 0.72743243 13.5
4.3830485 0.65260935 0.7272706 13.333333
4.3818502 0.7373746 0.70431465 14
4.3778358 0.95085961 0.73092735 13
4.3180847 2.18716 0.74909312 11
4.3482723 2.2234437 0.75977331 12
4.3387737 3.1030738 0.76014 10
4.3105993 -1.4358298 0.80571604 13
4.3200254 -1.3750335 0.85631108 14.166667
4.3393927 -1.0831667 0.83501166 14.25
4.3263369 -0.97480416 0.88126218 12.5
4.3015718 -0.81286794 0.85354209 14
4.3100886 -0.74863476 0.88243926 12.666667
4.3324866 -0.65344119 0.87822336 12.5
4.3494635 -0.55953592 0.84229547 12.25
4.3339243 -0.45128867 0.85480464 13.666667
4.370666 -0.37332869 0.82103038 14
4.3102388 -0.27444926 0.8806271 13
4.3628254 -0.14739764 0.81040847 15
4.349988 -0.070144929 0.86899632 13
4.3811812 0.13556008 0.84525412 13
4.3550858 0.29055789 0.87057322 13
4.3738112 0.33399594 0.87079841 13
4.3792586 0.46221215 0.86399961 14
4.3927774 0.57484502 0.86578482 13
4.3607111 0.75898331 0.87959874 12.5
4.3628011 0.83387738 0.83040828 12.666667
4.3939681 1.0976038 0.87966174 14
4.333673 2.8471262 0.84563148 12
4.3472385 3.1382089 0.84191978 13
4.3275762 -1.4377713 0.93465966 15
4.3360152 -1.348142 0.93040264 13.75
4.3337212 -1.2228075 0.92293948 12.666667
4.3034649 -1.0500023 0.93098587 14
4.3729644 -0.82947886 0.93148458 14
4.3236723 -0.65502268 0.95013458 14.25
4.3131614 -0.54356092 0.94598651 14
4.3089962 -0.43215394 0.99918127 13
4.331913 -0.35293752 0.92376214 13.666667
4.3425469 -0.24733485 0.94162023 14
4.3296103 -0.15320395 0.95148003 13
4.3553967 -0.098338373 0.93897313 15
4.3522658 0.030387994 0.95850188 13.666667
4.3604836 0.18448673 0.9748764 15
4.3115296 0.25087965 0.93595946 13
4.3844838 0.77990329 0.90759557 14
4.385509 0.8648681 0.95779669 13.75
4.387712 1.4157171 0.90742022 12
4.3754311 2.1735618 0.91149133 11.5
4.3842201 2.2062829 0.93903631 15
4.3059273 3.4803636 0.93768799 15
4.3235784 -1.421012 1.0311234 15
4.3283429 -1.1175486 1.0431595 14
4.3691363 -0.50823855 1.0604975 13
4.3608079 -0.42124084 1.0601423 15
4.3554816 -0.325032 1.0834092 14
4.3583698 -0.23609163 1.003435 14
4.3151622 -0.10174181 1.0246466 15
4.3749828 -0.0053681587 1.0443008 13.5
4.3566461 0.066222817 1.0094261 15
4.3745174 0.26127908 1.0543441 14.666667
4.3556147 0.35246107 1.0322832 15
4.3301024 0.41568488 1.0336685 14.5
4.3874536 0.68924928 1.0633428 15
4.3168507 0.70579493 1.0910583 15
4.3943782 0.94459742 1.052794 14
4.3720212 1.0628165 1.0785999 14
4.3608956 1.3693644 1.0786835 15
4.3690257 -1.2986295 1.1445775 13
4.3077993 -0.72728693 1.1153419 14.5
4.3289828 -0.55921596 1.1156713 13.75
4.3312397 -0.37749285 1.1150842 12.833333
4.312767 -0.20096113 1.1550317 15
4.3720946 -0.11733498 1.15119 14.25
4.3587642 0.00062314834 1.1992255 14
4.3596401 0.38938323 1.1833378 15
4.3557291 0.46250454 1.147481 15
4.3789182 0.62420124 1.1088181 14
4.3717585 0.74787742 1.1213549 15
4.3781295 1.0530261 1.1916214 14.5
4.3879404 1.1253544 1.1328743 13.5
4.3939891 1.5480152 1.1071446 15
4.3824258 4.4043427 1.1453859 11
4.3730631 -1.3143739 1.2125959 13
4.3054428 -1.1554836 1.2517292 15
4.3233228 -0.89625359 1.2417982 15
4.3870807 -0.6564042 1.2893121 15
4.3182435 -0.36477852 1.2521013 14
4.3293271 -0.22226521 1.2831146 14
4.3456845 -0.16673796 1.2511469 14.2
4.346981 0.1103802 1.280498 14
4.3538022 0.37795281 1.2233722 14.5
4.3479829 0.42255151 1.2577413 14
4.3770342 0.6390059 1.2105098 15
4.3625813 0.74868685 1.2498444 14.333333
4.3702302 1.0696216 1.2860111 13
4.3608208 1.4733629 1.2282048 14
4.3669252 1.5796365 1.2968986 15
4.3509493 2.0110128 1.2643296 13
4.3109365 4.7568784 1.2533032 13
4.3503733 -1.3533012 1.3195759 14
4.3312154 -1.2683718 1.3485627 14
4.3874679 -0.96138394 1.3427457 14
4.3813481 -0.68833017 1.3436935 14
4.3287287 -0.59340477 1.3003639 14
4.3219943 -0.41747588 1.3070345 13
4.3634086 0.37639245 1.3443879 15
4.3723459 0.40707937 1.3653249 14
4.3714585 0.88869053 1.3774235 15
4.3820825 1.1853127 1.3213979 14
4.3943319 1.3250389 1.3347592 14.5
4.3272066 3.1604564 1.3065213 15
4.3468022 4.7177644 1.3912845 12
4.3318763 -1.2665961 1.4810257 15
4.3396959 -0.68528885 1.415045 15
4.3697991 -0.55492127 1.4959766 14
4.3152738 -0.42904413 1.4264002 15
4.342382 -0.32956439 1.4442089 14.5
4.3393612 -0.17549889 1.4961005 14
4.3686466 0.20639655 1.4461319 15
4.3911567 0.3337419 1.4878585 14
4.349154 2.8852539 1.4087 13
4.3251476 -0.45739746 1.5629228 15
4.3279781 -0.22700357 1.5260146 15
4.3239903 0.17351288 1.5235419 15
4.3445725 0.52985096 1.567715 15
4.3511004 0.88806993 1.5712575 13.5
4.3262029 4.608902 1.5329432 14
4.3429985 -1.3172406 1.6692882 14
4.3710036 -0.28632045 1.6729681 15
4.3561788 0.80910975 1.6685265 15
4.3848648 0.97549742 1.6125085 15
4.3572626 1.0119629 1.6309603 15
4.39956 2.0581536 1.6691333 14
4.3922043 -0.24125485 1.7625682 15
4.3270693 -0.0061960579 1.7248497 15
4.3271141 1.0374082 1.7915289 15
4.3879037 1.6689165 1.7648851 15
4.3318028 4.7563834 1.706656 14.5
4.3005924 2.1317036 1.867695 15
4.3142748 4.6918898 1.818584 15
4.3671794 1.5054175 1.9270194 15
4.3448601 3.4641173 2.0018113 15
4.3352513 4.2694325 2.3648229 15
4.4925489 1.1656857 -0.22095272 6
4.4676175 -0.17320067 -0.13073219 6
4.4465771 0.5305894 -0.15278037 7
4.4374285 -1.0985712 -0.004880459 5
4.4241662 -0.7840966 -0.05106796 4
4.4609418 -0.51372296 -0.0264541 8
4.4824429 -0.47216737 -0.048681159 5
4.40026 0.53230274 -0.0055737696 8
4.4264765 1.4684483 -0.088597082 1
4.4149218 -0.84298432 0.029130178 7
4.482975 -0.76175022 0.020503558 3
4.4591422 -0.66014242 0.065268174 5
4.4809561 -0.47075367 0.04279311 5.5
4.431797 0.10705935 0.08317735 9
4.4914436 0.25416788 0.013786052 7
4.4060559 0.48482329 0.051203284 7
4.4466896 0.67224008 0.017120095 7
4.4427171 0.76837069 0.044181693 7.3333335
4.485662 0.92203796 0.084783234 8
4.4585648 1.2491484 0.013084885 6
4.4346619 2.2853847 0.075307034 5
4.4488201 3.2354555 0.050154567 4
4.4782653 -0.70408744 0.12640005 7
4.4839721 -0.5081768 0.19317503 7
4.4025102 -0.23461224 0.16582488 10
4.4355965 0.045187313 0.17245263 8.5
4.4759016 0.17698473 0.13204229 8
4.4173222 0.36094633 0.14616041 10.5
4.4173083 0.4448536 0.16952728 9.25
4.4153008 0.56085467 0.19331722 9.5
4.4087009 0.93664145 0.15478709 8.5
4.4889593 1.0614878 0.12951636 8
4.4817901 1.2469075 0.18515457 10
4.4613948 1.3510512 0.16684277 8
4.4554939 1.5511367 0.11674277 7
4.4600205 2.3800788 0.1981712 7.5
4.4380217 2.8140128 0.11425851 6
4.4042048 -1.1852738 0.24983722 10
4.4544411 -0.52527857 0.26174337 9
4.4125252 -0.37965006 0.22999008 9
4.4093099 -0.17790346 0.25217277 7
4.410645 0.13863564 0.27280432 10.5
4.4347525 0.23423636 0.27462074 10.5
4.4251328 0.39980108 0.2305157 10
4.4136391 0.43867338 0.27431008 11
4.4309783 0.56237322 0.25447166 10.5
4.4281702 0.66469318 0.24868651 9.75
4.4154086 0.72758859 0.25207138 8.5
4.4265337 0.86753929 0.26376352 11.166667
4.4576402 0.93419206 0.27383271 10
4.4118009 1.0357517 0.28376341 9
4.4417267 1.1920389 0.28203005 9
4.4567451 1.2123219 0.25670564 10.5
4.4612007 1.3554982 0.27355778 10.25
4.4290929 1.4670992 0.27553433 8
4.441874 1.5325893 0.28737023 9
4.4441161 1.7965903 0.28766286 11
4.4757614 1.9594818 0.2645613 12
4.408052 2.2040849 0.29455793 9
4.4990258 2.8549645 0.25631294 9
4.4934969 3.0776956 0.29052716 9
4.4878478 -0.8961907 0.33311689 9
4.4142671 -0.2388873 0.3653262 9
4.4063077 0.057833828 0.34739169 11
4.4306221 0.11751395 0.35317054 11.333333
4.415359 0.37899411 0.36904836 11.5
4.4287562 0.44569013 0.33269063 10.125
4.412344 0.57493323 0.33683106 10
4.4408278 0.64652431 0.36319017 11.125
4.4216909 0.75912297 0.36916712 10.875
4.4183679 0.8517853 0.33803502 10
4.4396811 0.95414412 0.3391417 9.8000002
4.4440861 1.0159754 0.3463192 10.333333
4.4340487 1.1607622 0.32684463 11.333333
4.455627 1.2346563 0.35317633 10.166667
4.4526243 1.3452027 0.34648985 11.5
4.459949 1.4332755 0.34154785 9
4.4682112 1.5432434 0.33385509 10.5
4.4673109 1.6571815 0.34314576 10
4.4943147 1.7974043 0.3871471 12
4.4726577 1.8504916 0.33419281 9.666667
4.4785895 1.9575957 0.34570631 10.666667
4.4740076 2.0744402 0.34362149 8.666667
4.4768319 2.1498907 0.34774512 11.45238
4.4473991 2.2968683 0.37490132 11
4.4479284 2.3328972 0.36234093 9.5
4.4790297 2.5648706 0.34388024 8
4.4498158 2.8593452 0.39418945 12.5
4.4204888 3.3084619 0.37507942 11
4.4334693 -1.1933279 0.43822375 9
4.4193091 0.15871964 0.4422192 12
4.4428592 0.22028589 0.48278266 11.5
4.4276276 0.35340765 0.46820456 9.833333
4.4151096 0.42681086 0.4524489 11.5
4.4228935 0.5522415 0.44637215 12.333333
4.4070363 0.64063692 0.43314263 12.5
4.4255762 0.81332481 0.42392468 12.166667
4.4295602 0.95393938 0.48340371 14
4.4327593 1.0333618 0.46966508 13.5
4.4405642 1.1584942 0.4381074 11.714286
4.4323311 1.2461157 0.46792009 10.5
4.4537458 1.3592972 0.41681263 12
4.4506288 1.4530166 0.43390489 10.5
4.4609785 1.5052716 0.43166652 9
4.4646835 1.6631763 0.44105029 11.222222
4.4810634 1.8558427 0.45863304 10.5
4.4776607 2.0323894 0.48443112 10
4.4693732 2.1520607 0.4616563 10.95
4.4216313 2.2069035 0.41512659 9
4.4991479 2.5210114 0.47301665 15
4.4760613 2.6993229 0.46026483 9
4.4871306 2.7784002 0.41626707 13
4.4791675 2.848561 0.42789924 10.625
4.4534287 2.9716182 0.43656486 13
4.49579 3.1068943 0.49403384 12
4.4992161 3.4876795 0.42583469 10.5
4.4909568 3.539428 0.47855347 12
4.4585986 3.7432551 0.40148532 8
4.4811544 -1.150061 0.55822515 12
4.4002132 -0.7378059 0.54826766 15
4.4243636 -0.50498605 0.51718646 13
4.4379187 -0.1018452 0.58758211 14
4.4068923 0.25980955 0.58219558 9
4.4094949 0.38711247 0.54210663 11
4.4155374 0.57517087 0.55814171 12
4.4339523 0.6592648 0.54776657 13.5
4.415308 0.73304188 0.56179363 12.333333
4.4164758 0.82409537 0.55574429 13
4.4364719 0.94179016 0.53141207 12.5
4.4259319 1.0772967 0.55739707 12
4.4187331 1.1922668 0.52799112 11
4.4426665 1.2798754 0.58768731 15
4.4267645 1.3041688 0.55965954 13.5
4.4425364 1.4612963 0.55108887 11.75
4.4544044 1.5485135 0.55880845 13
4.4672613 1.6511488 0.57358956 11.5
4.4777856 1.8744384 0.54493487 12.5
4.4872999 1.9424106 0.55646306 10
4.4852772 2.0484548 0.56048322 9.125
4.4445343 2.1372216 0.53694814 10.25
4.4490342 2.2635782 0.51268172 11.5
4.4914541 2.3579381 0.55655593 14.5
4.4766216 2.8132389 0.55106455 14.666667
4.4020257 3.1374166 0.51252401 13.666667
4.4319215 3.2600281 0.54280674 14
4.4148989 -0.25781021 0.66470641 12
4.4338813 -0.12626687 0.60742116 14
4.4053402 0.15695466 0.66368943 13.5
4.4075804 0.47890502 0.63700408 12.25
4.4320817 0.51327389 0.66229635 14
4.4044127 0.66031843 0.64675373 12.333333
4.4106207 0.76403779 0.67028171 13
4.4326773 0.81566608 0.61673313 14
4.4205422 0.90708178 0.60496205 14
4.4370823 1.0474212 0.64947319 11.25
4.4373689 1.1760327 0.60954732 13.666667
4.4605188 1.2668898 0.62675285 10.833333
4.4436035 1.3749536 0.67454249 13.333333
4.4228683 1.4534128 0.65836006 11.875
4.4490318 1.5867424 0.64661157 10
4.4589252 1.6609573 0.63851255 11.25
4.4702315 2.0326717 0.65016353 9.7857141
4.4802055 2.1753113 0.65320224 11.8
4.4560757 2.2345355 0.69246155 11
4.4770761 2.6253817 0.61415875 9
4.4708185 3.0651336 0.64699978 15
4.4595737 3.1134102 0.60210103 12
4.4239521 -0.088489085 0.78819472 13
4.4215884 0.039899919 0.78825951 11
4.4200344 0.11206066 0.71485305 11.5
4.4152269 0.35684064 0.75161785 15
4.4007678 0.69830227 0.71052915 15
4.4181061 0.92519301 0.71755576 12.75
4.4381471 1.0796865 0.74518228 12
4.4189105 1.1539351 0.74551606 13.166667
4.4146814 1.2267683 0.74256724 13.5
4.4307952 1.3789388 0.72538292 13
4.4361792 1.4574593 0.7233454 13.833333
4.4334984 1.5530552 0.77565324 12.5
4.4367809 1.6342313 0.7370609 11.5
4.4411321 1.702912 0.75178784 12
4.4543114 1.8362243 0.74998903 11.5
4.4769087 1.9471117 0.74727893 10.5
4.4865632 2.0540557 0.77406555 10.8
4.4809141 2.1507556 0.7353043 11.75
4.4516692 2.2099161 0.73447794 12.5
4.4770846 2.6168704 0.77016914 11
4.4336052 2.7284591 0.70423448 10
4.4793978 2.96541 0.74483526 12.5
4.4322834 3.0106037 0.72919029 13
4.4529896 3.1696332 0.77141023 10
4.4004993 -0.18058133 0.81228346 13
4.4418917 -0.038134709 0.86483645 11.5
4.4151554 0.11693659 0.84616911 12
4.4265647 0.52372056 0.82978219 13
4.4112196 0.68666482 0.87878537 13.5
4.4375334 0.8882606 0.84498775 12.5
4.4089537 0.96253246 0.83286852 12
4.416903 1.0741388 0.84638095 13
4.4043107 1.1352804 0.89059567 15
4.4386015 1.2727748 0.83327961 13
4.4246473 1.3439457 0.84395427 13
4.4389687 1.4603162 0.8355698 12.666667
4.432045 1.5607888 0.82771063 13.125
4.4183664 1.6374705 0.85260022 11
4.4718099 1.7234859 0.83550858 14
4.4993644 1.8387419 0.8109985 15
4.4625492 1.9571179 0.84308642 11.4
4.4680104 2.0798366 0.85442537 11
4.4783506 2.1695313 0.89264506 11.833333
4.4678397 2.216629 0.85060036 11.333333
4.4609885 2.7076983 0.84162635 11
4.4982281 3.1139436 0.83193725 11.666667
4.4520373 0.038523149 0.96568859 14
4.4074206 0.47301897 0.95714474 14
4.426352 0.90429604 0.91632593 15
4.4515061 1.1657531 0.91864032 12.5
4.427721 1.2664889 0.93369132 13.333333
4.4133067 1.3560164 0.95472848 13.5
4.4080787 1.4006687 0.95172787 15
4.4429469 1.6670822 0.98314142 13.4
4.460217 1.7563515 0.93438923 13
4.4450374 1.8355958 0.95927018 15
4.4565072 1.9540813 0.96704054 13
4.4730859 2.0163598 0.98035514 12.333333
4.4748197 2.1556056 0.94374883 12.625
4.4747152 2.2145932 0.93440664 11.5
4.4820352 2.8450568 0.97834289 14
4.4688883 3.1012249 0.94827569 15
4.4049077 -1.3437233 1.0529672 15
4.4167504 0.17650288 1.0754229 12
4.4339099 0.27671415 1.047332 12.5
4.4503069 0.45206538 1.0639454 14
4.4586463 0.88467032 1.0515587 14
4.4108696 0.91804612 1.0838797 15
4.4105039 1.1565292 1.0403612 13
4.4364743 1.2083634 1.0748799 12
4.4368477 1.3574916 1.007811 14
4.4756303 1.4769145 1.0263966 14
4.4331169 1.7363449 1.0400234 13.333333
4.4712753 1.9643376 1.0675539 12
4.4580765 2.0140548 1.0555366 12
4.4741321 2.1026371 1.0370445 11.5
4.4552875 2.2341464 1.0166503 13.75
4.473578 2.5741007 1.0784262 12.75
4.4704309 2.7563562 1.0680259 12
4.4646258 2.9178205 1.0110419 15
4.421617 0.48159754 1.1208689 15
4.4149518 0.99069303 1.1710542 14
4.4533825 1.0688548 1.1663611 13.333333
4.411375 1.1910526 1.1712722 15
4.4573622 1.2648937 1.1370171 13
4.4318695 1.3518308 1.1852186 14
4.4424419 1.4380407 1.1650535 14.25
4.4224916 1.6179515 1.1344557 13.5
4.4699283 1.9237863 1.1701025 12.5
4.4593854 2.0066752 1.1212053 12
4.4522877 2.1513968 1.1103458 12.5
4.4203115 2.3298998 1.1238297 12
4.4030061 2.7626467 1.1598473 13
4.4949379 3.6218188 1.1223751 11
4.4969492 3.7039299 1.1101093 12
4.4137301 -0.11303361 1.2028075 15
4.4657912 1.5414435 1.245656 14
4.4349737 1.7666715 1.2680241 15
4.4956398 1.8960831 1.2677703 12
4.4417453 1.9211655 1.2497835 13.5
4.4532342 2.0326257 1.2746868 13.666667
4.4744163 2.1776919 1.222991 13.125
4.4572296 2.6368778 1.2792978 14
4.4986343 2.7319994 1.2304105 12.5
4.4956827 3.1491048 1.2089419 15
4.4020014 0.099328354 1.3118224 15
4.4426737 0.52366459 1.3165348 13
4.4170227 0.97180223 1.3148171 14
4.4836354 1.0586632 1.3824644 13
4.4137192 1.3783214 1.3074886 15
4.4135075 1.5637467 1.3545126 15
4.4534459 1.7246809 1.3976471 13
4.4811912 1.8486438 1.3783373 14
4.4544673 1.9821371 1.3332233 13.833333
4.4876995 2.0563314 1.3369707 13.75
4.4598589 2.1210895 1.362406 14.25
4.4474349 2.2632897 1.3758401 14
4.4793892 2.6076031 1.351521 15
4.4657469 2.771872 1.3786527 13.5
4.4519291 2.8480549 1.3540866 13
4.44807 -0.084894218 1.4102546 14
4.4407649 0.47806507 1.427999 14
4.4338222 0.60581696 1.4561965 15
4.4110284 0.85010499 1.4909329 15
4.4691815 1.0463818 1.4891219 14
4.45963 1.7960513 1.4544994 14
4.4667916 1.8098174 1.4665283 14
4.4678645 1.9167804 1.40566 14
4.431529 2.1615944 1.4627504 14
4.4791512 2.7357547 1.45643 13
4.4368424 2.8556118 1.4397831 14
4.4827342 3.0075295 1.4565624 15
4.4000907 3.6325855 1.4017159 13
4.4308834 0.33684087 1.5331111 15
4.4242449 0.63738644 1.5078043 14
4.4238329 0.78561366 1.5177971 15
4.4076729 0.90709805 1.5098926 15
4.4352641 1.0615836 1.5113288 14
4.4223228 1.1705645 1.5451621 15
4.4203897 1.3798043 1.5442399 14
4.4004703 1.5340029 1.5270483 15
4.4745431 1.8451217 1.5394258 15
4.4964681 1.9177508 1.591094 14
4.454217 2.040493 1.5940166 14
4.4460058 2.2301164 1.5362779 14
4.4709744 2.4574354 1.5560542 14
4.4796591 2.653969 1.5782385 14.5
4.4391308 -0.2630454 1.6416252 15
4.4251299 1.6936663 1.6312791 13
4.4560742 1.7449312 1.6192309 15
4.4545393 1.8879247 1.6697524 15
4.4383812 2.0652573 1.6665384 14.666667
4.4615564 2.2046411 1.6001747 14
4.4683471 3.1381316 1.6182845 14
4.4346046 4.5722661 1.6441927 14
4.4182134 0.51331747 1.7287014 15
4.4980659 1.2667885 1.7731495 15
4.4680457 1.3555073 1.7143719 14
4.4820595 2.0227685 1.7247216 15
4.4266257 1.5974858 1.8258317 15
4.4358177 1.9536803 1.807977 15
4.4249372 2.5152307 1.8880396 15
4.4532332 2.7306874 1.8202105 15
4.4572601 2.315846 1.9611697 15
4.4919586 2.1607909 2.012048 15
4.4810967 4.1453595 2.3422041 15
4.4518909 4.7117119 2.3290994 15
4.5575924 1.3048205 -0.17720941 7
4.5052552 1.5178468 -0.19357517 7
4.5454845 -0.17094699 -0.0074286694 4
4.5558419 0.44387555 -0.0061609652 7
4.5867662 0.84024352 -0.023236042 4
4.5734081 1.5087106 -0.0198017 3
4.5628529 1.6537378 -0.018439114 3
4.584518 2.1118727 -0.045234557 2
4.5518236 2.2338209 -0.027648585 7
4.5099139 2.3409433 -0.013492702 4
4.503211 -1.0342376 0.088387609 8
4.5145073 -0.82505387 0.076570645 6
4.5477562 -0.59301633 0.061159801 5
4.5441818 -0.43381989 0.098244548 5
4.5507212 -0.098484352 0.057798371 3
4.514039 1.1316808 0.045018438 8
4.5214152 1.9916055 0.038692821 7
4.5454798 2.2416811 0.074345544 6
4.5515418 -0.92013502 0.19098879 6
4.5221758 -0.34053534 0.14151542 6.5
4.5802212 -0.1504498 0.17291211 5
4.5629349 0.25797379 0.11238343 5
4.5800042 0.4402214 0.18934481 5
4.5542436 1.7603714 0.16263847 7
4.5593262 2.0228193 0.15163256 8
4.5843201 2.263576 0.15261371 6.5
4.5090547 2.9949081 0.17635453 8
4.5945992 -0.70619327 0.28476146 7
4.5291209 -0.43667212 0.21386383 8.5
4.5572166 -0.25328121 0.2577588 9
4.5940213 0.22323334 0.24487822 8
4.5131812 1.2771467 0.2359841 9
4.5496974 1.3277282 0.26647538 8.666667
4.5061049 1.5993553 0.26457664 10
4.5119205 1.7907583 0.26536489 10
4.5950012 1.8184007 0.25385192 10
4.5972419 1.9078759 0.20569098 8
4.5059342 2.247565 0.23700206 8.5
4.536314 2.5535495 0.29514921 11
4.5030117 3.262646 0.22474104 8
4.5137892 3.4312944 0.27835765 8
4.5790734 -0.20924318 0.38258201 10
4.5624642 -0.16705117 0.36333597 8.5
4.5759482 -0.093927503 0.32245812 10
4.5191822 1.0282845 0.33369261 8
4.5020609 1.964491 0.31436348 8
4.532464 2.0653691 0.34995651 10.8
4.5203032 2.1512339 0.35644999 11.75
4.5201249 2.3026996 0.33234617 12.5
4.513032 2.6211448 0.39390543 14
4.546279 2.7638559 0.33772019 11.5
4.5042076 2.9545765 0.36674854 9
4.5335503 3.0328979 0.35560262 12
4.5324941 3.1239972 0.39977697 10.5
4.5241542 3.3799331 0.32619712 8
4.5426464 3.6145282 0.3774471 10
4.5447087 3.7430182 0.37161237 10
4.5860848 -0.72311777 0.40541339 8
4.5243459 0.032367766 0.40491009 9
4.5077133 1.2979776 0.42608708 9
4.5020146 1.4614689 0.42652449 12
4.5202236 1.9243042 0.42202163 9.5
4.5272131 2.0827434 0.4239091 11.5
4.5210195 2.1467476 0.44776881 12.3
4.5154128 2.3817503 0.47178194 14
4.5015097 2.4439254 0.42235196 13.5
4.5138817 2.5542071 0.46011406 10.25
4.5315032 2.6984043 0.42477372 13
4.5107288 2.7670743 0.46858072 12.75
4.5057178 2.8064816 0.4521136 11
4.5126343 2.9575672 0.4312683 10.5
4.5257564 3.0550005 0.45725378 12.0625
4.5097518 3.1257391 0.43367422 10.5
4.5505996 3.3433788 0.48820427 12.25
4.5399013 3.4686489 0.42263293 9
4.5371799 3.5411823 0.43538326 10.25
4.5048904 3.6592 0.48147675 11
4.5264316 0.85074633 0.51467389 10
4.5469589 1.7921343 0.5638966 9
4.5196066 1.8901846 0.57212424 14
4.5026946 1.9169277 0.5728789 10
4.5427127 2.0655837 0.5937025 10
4.5181556 2.1335926 0.55169088 11.7
4.5031118 2.7644157 0.53990191 13
4.543705 2.8126676 0.53949577 15
4.5046983 2.9862406 0.5471853 14.5
4.5104203 3.0472627 0.53936166 12.416667
4.5149355 3.1587613 0.56188279 11
4.5428514 3.3797836 0.5057441 12.75
4.5489168 3.5593863 0.52604252 11.5
4.5589333 3.6868002 0.56894201 13.5
4.5844865 0.82672453 0.62345254 9
4.5083447 1.7561983 0.63832611 14
4.5067763 2.0863862 0.65530503 11
4.5133967 2.1339197 0.67815965 11.75
4.5204659 2.7456818 0.61157459 12.833333
4.502562 2.8563275 0.62481469 9
4.5145836 3.0463588 0.64880103 13.3
4.5156975 3.1109743 0.65379471 14.5
4.5184679 3.3811998 0.64435589 15
4.5286584 3.4565861 0.62820494 9
4.5594702 3.5674157 0.66921526 14
4.5066242 1.3508091 0.74516046 10
4.543963 1.7796955 0.71188402 10
4.5591602 2.0819311 0.72136366 11
4.5081201 2.1231649 0.7507354 12
4.5084472 2.2118325 0.70818043 15
4.5094652 2.9566922 0.70356256 10
4.5421472 3.0150161 0.79117131 13
4.5278893 3.3288383 0.70985633 15
4.5173283 1.1337562 0.89444804 11
4.5608668 1.8954914 0.86824173 11
4.5106087 2.1492817 0.83652896 12.5
4.5174561 2.233655 0.89483929 13
4.5125031 3.0640161 0.84479797 11
4.5409675 0.46153566 0.98499191 15
4.5410881 1.9550594 0.94381535 11
4.5100808 2.173017 0.96381092 13.333333
4.5432467 2.0395021 1.0960361 13
4.5110259 2.1834307 1.031785 12
4.5155501 1.994509 1.104676 12
4.5027509 2.0096562 1.1492412 15
4.5320253 2.0607567 1.247025 13.666667
4.5280414 2.7130871 1.2639334 13
4.5228682 2.9478495 1.2277288 14
4.511435 3.0315444 1.2336956 14
4.5181856 3.4161327 1.2143213 14
4.504437 1.1773573 1.3642662 13
4.5267859 1.7418813 1.3500745 14
4.5131936 3.0662715 1.3158902 15
4.5174279 3.6177144 1.3790773 14
4.5225835 1.6368005 1.4573936 13
4.5176229 1.9328779 1.4323984 15
4.5126657 1.922298 1.5870333 14
4.5499067 1.7953198 1.6595014 14
4.5148225 1.9571693 1.6397464 15
4.508379 2.2978287 1.630762 14
4.5457373 3.0433018 1.669029 15
4.6081142 1.8316885 -0.040414613 2
4.6316686 2.1562521 -0.020589629 1
4.6098175 0.17055847 0.010789778 4
4.6391249 0.3259047 0.069499165 5
4.6225853 0.64063066 0.052843496 5
4.6715708 1.0370015 0.048964515 5
4.6651249 1.4894216 0.027109694 5
4.642292 1.6680934 0.0083082365 5
4.6279507 1.9057074 0.037740447 3.5
4.6877255 2.0703971 0.040051907 4.3333335
4.6812696 2.3310609 0.048559602 4
4.6213765 0.11060625 0.19768673 8
4.6047215 0.73387349 0.19175507 9
4.6515398 0.89044607 0.10107888 6
4.6176758 1.1187532 0.13710532 4.5
4.6509504 1.3134443 0.12196939 5
4.6374369 1.4344397 0.14494877 6.5
4.6305089 1.6887593 0.18200308 8
4.6114178 1.7351065 0.19673896 8.5
4.6128016 2.1587491 0.17553027 6.5
4.6853514 2.7959316 0.11493132 6
4.6190734 0.22903889 0.24555096 6
4.6127934 0.42692062 0.23655604 7.5
4.6091552 0.61846662 0.24554946 8.75
4.6131201 0.75810158 0.20057985 5.5
4.6574054 1.0807073 0.24135844 7.5
4.6129684 1.3863444 0.26872969 10
4.6698546 1.5505451 0.26913109 9
4.6365995 1.6123191 0.2179202 9
4.6897449 1.801927 0.28976089 10
4.6062474 2.2826827 0.2064659 8.5
4.6955938 2.4673197 0.20867297 8.5
4.602417 0.59768015 0.39161694 8
4.6737733 1.2318826 0.33264488 10
4.6127534 1.3667457 0.33792329 12
4.6912494 1.8399025 0.42949641 10
4.6290202 1.3968023 1.1338433 15
4.7169328 1.3316712 0.070519663 6
4.711832 2.3017631 0.080791965 4
4.7015128 1.8968902 0.17633663 6
4.7022195 1.543806 0.25839451 10
4.7038336 1.9974986 0.23566262 9
4.7103567 2.1555047 0.20136316 8
4.7268691 1.5957388 0.31771085 10
4.7466297 5.1249537 2.5178547 15
4.8913455 4.2651563 1.723389 13
4.9242206 1.5209695 1.3210511 13
