# .PCD v0.7 - Point Cloud Data file format
VERSION 0.7
FIELDS x y z intensity
SIZE 4 4 4 4
TYPE F F F F
COUNT 1 1 1 1
WIDTH 16812
HEIGHT 1
VIEWPOINT 0 0 0 1 0 0 0
POINTS 16812
DATA ascii
-14.310843 -2.2175658 0.16166386 129
-14.3326 -2.1811571 0.15639363 129.75
-14.32417 -2.0500162 0.15737878 127.33334
-14.322456 -1.7569813 0.14175886 128.5
-14.27883 -2.2345138 0.15772404 130
-14.226263 -2.1502764 0.15303081 135.875
-14.244813 -2.0778062 0.15753445 133
-14.262172 -1.9342037 0.15492958 126.83334
-14.204226 -1.8272409 0.13589355 135.33333
-14.241562 -1.780636 0.14313075 125.25
-14.252417 -1.6325741 0.14049691 122.33334
-14.224932 -1.4676332 0.13935731 113
-14.201709 -2.7845366 0.23595031 107
-14.271098 -2.5847607 0.20784771 156.66667
-14.283539 -2.4549546 0.25732914 184
-14.238557 -2.4407935 0.34044954 203.25
-14.171836 -0.61235696 0.07914371 134.33333
-14.151093 -0.48539978 0.084140204 131.75
-14.150579 -0.33792233 0.087869674 129
-14.147793 -0.16847761 0.084146351 123
-14.111253 -2.7482049 0.18001436 148
-14.174362 -2.6485069 0.17221612 154.16666
-14.14859 -2.5425925 0.16131353 165.41667
-14.17334 -2.284339 0.16553316 138.22223
-14.124925 -2.1748374 0.1541118 140.39999
-14.133547 -2.0626833 0.14760719 137.55
-14.160408 -1.9832557 0.15206675 135.01666
-14.148209 -1.8483975 0.13896276 129.41667
-14.164843 -1.7032654 0.1309763 134
-14.137012 -1.6710082 0.13979124 120.83334
-14.129374 -1.5644901 0.13524523 128.25
-14.152179 -1.3697343 0.15499005 119.5
-14.122975 -0.92698449 0.14449529 125.66666
-14.110436 -0.81289506 0.17233929 110.83333
-14.160539 -0.74951726 0.14407852 180.05554
-14.15868 -0.65046275 0.12147107 121.55556
-14.15541 -0.56173468 0.13593033 121
-14.131775 -0.430296 0.12598971 126.125
-14.180654 -0.30865487 0.11466753 120.5
-14.100346 -0.28963709 0.12654319 122
-14.145809 -0.18814859 0.11454234 126
-14.121806 -0.057557017 0.1123152 125.66666
-14.167994 -2.8840826 0.22805427 92.625
-14.162973 -2.4457207 0.21884122 196
-14.154786 -2.3834028 0.28706095 177.5
-14.179567 -0.78221101 0.23359369 208.5
-14.187707 -2.6458571 0.37055629 163
-14.161629 -2.5602856 0.32326335 195.18182
-14.04601 -0.96287775 0.082551733 148.8
-14.06112 -0.86018717 0.082766734 147.75
-14.095541 -0.74798334 0.087133862 124.66666
-14.064648 -0.64411032 0.085557207 137
-14.042806 -0.53531802 0.085051283 137.33333
-14.041533 -0.40774447 0.084009901 132
-14.090477 -0.37853283 0.079018146 132
-14.062145 -0.23883379 0.084931165 130.25
-14.058999 -0.054852996 0.087124854 127
-14.022523 0.13386209 0.083886668 126
-14.053935 0.24583295 0.070428684 133.16666
-14.084172 0.37348431 0.066024087 126
-14.066618 0.50095326 0.06607464 126
-14.042707 -2.856914 0.1655279 168.2
-14.013441 -2.7629507 0.17349809 171.5
-14.055413 -2.6391392 0.1661713 171.01666
-14.041831 -2.5278668 0.16777037 169
-14.089422 -2.4249053 0.17030165 133.16667
-14.060015 -2.3418248 0.16029279 149.33334
-14.037216 -2.2492387 0.15699938 140
-14.021038 -2.1443629 0.15065269 153.94376
-14.046859 -2.0486519 0.15123354 138.90477
-14.044915 -1.9454887 0.14396569 134.11667
-14.072681 -1.7525773 0.13706684 130.43333
-14.032871 -1.6606013 0.13642655 136.875
-14.000152 -1.565919 0.15273833 158.75
-14.083581 -1.459094 0.15167694 139.25
-14.023643 -1.2508149 0.13862671 121.38889
-14.063991 -1.1312103 0.14808288 133.33333
-14.072762 -1.0323362 0.14612032 128.25
-14.023276 -0.93552667 0.14420505 132
-14.008815 -0.84203476 0.14459333 129.25
-14.046516 -0.74945652 0.14052449 116.55556
-14.071981 -0.66527897 0.12323694 131.41667
-14.050467 -0.56234086 0.11882363 127.83334
-14.073048 -0.48077434 0.12115948 118
-14.056482 -0.34671351 0.12057993 126.95833
-14.053107 -0.23250036 0.11646929 129.66667
-14.050362 -0.13201427 0.1214506 130.16667
-14.06424 0.061252128 0.10921721 123.25
-14.046372 0.23407467 0.10215268 120
-14.073257 -2.8574045 0.20508835 147.70834
-14.06419 -2.6704357 0.24602483 187.71428
-14.074583 -2.6519265 0.31844905 191.07143
-13.939669 -0.95484799 0.079144217 165.5
-13.933868 -0.86740643 0.078082703 164.8
-13.949518 -0.77586854 0.080598712 160.25
-13.971649 -0.67350388 0.085157514 146.2
-13.947989 -0.57756341 0.090556353 143.5
-13.96067 -0.43348894 0.09353935 130.45
-13.927545 -0.34941119 0.086127825 138
-13.913146 -0.2100811 0.084516644 136
-13.952045 -0.14880744 0.080137871 135
-13.990177 -0.0053539677 0.081989326 132.66667
-13.957646 0.047692038 0.087138817 126.44444
-13.952213 0.12551099 0.088523246 131
-13.910199 0.23692511 0.073501997 134.39999
-13.941881 0.34698251 0.068983816 134.16666
-13.952816 0.45820734 0.058011707 130.20834
-13.925703 0.54636878 0.04707253 133
-13.914116 0.69012338 0.061441716 131
-13.932813 0.71777475 0.078088626 139.55556
-13.931232 0.85342157 0.089861982 158.66666
-13.954058 0.98190892 0.086577147 154.5
-13.948877 1.1165199 0.081120193 152.5
-13.951196 -2.8259463 0.16428411 172.66667
-13.993929 -2.7607036 0.1671358 172.60001
-13.960506 -2.6674333 0.17490153 168.58519
-13.976254 -2.5423238 0.16275354 173.91666
-13.947438 -2.4470706 0.16084328 170.92223
-13.952161 -2.3622372 0.15908861 159.78571
-13.936222 -2.2345183 0.1559267 166.95834
-13.946934 -2.1610804 0.14956775 168.80833
-13.935833 -2.0578201 0.14814135 144.05556
-13.916248 -1.9652075 0.14335237 146
-13.992723 -1.8477002 0.1374184 133.41666
-13.932091 -1.7527356 0.14431457 130.075
-13.935047 -1.6586527 0.15279667 144.58334
-13.900246 -1.5082736 0.14978254 162.33333
-13.93189 -1.4550862 0.14890572 151
-13.960999 -1.3791205 0.13413167 123.91667
-13.913097 -1.2775373 0.1543127 149.8
-13.969831 -1.15289 0.14889459 145.57143
-13.963644 -1.0279965 0.14387448 143.8
-13.919469 -0.9374727 0.14689468 134.69444
-13.946746 -0.8504777 0.13203809 137.55556
-13.962096 -0.75750858 0.13488889 137.44444
-13.968979 -0.65170449 0.11702046 129.05
-13.971577 -0.54908252 0.12319472 138
-13.93338 -0.45371675 0.11712951 136.28125
-13.937008 -0.32420382 0.12062079 131.2
-13.973076 -0.24850014 0.1211248 126.88889
-13.971589 -0.15534683 0.11403035 132.5
-13.942039 -0.05105304 0.11708201 125.58334
-13.987777 0.16964869 0.10308068 123.66666
-13.927279 0.31113231 0.10003679 120
-13.824924 -0.94351089 0.084661171 175.71428
-13.828204 -0.87134087 0.081195295 176.125
-13.887095 -0.70009643 0.085262388 165.2
-13.836451 -0.62890553 0.091809422 158.75
-13.885724 -0.55057675 0.083747752 143.16667
-13.854527 -0.46168908 0.087451167 138.71428
-13.8354 -0.38130856 0.093623042 138.33333
-13.848185 -0.25057954 0.085969932 143.39999
-13.826632 -0.17040412 0.076763801 148
-13.883358 -0.060334112 0.081869617 137.375
-13.883248 0.034980852 0.081040569 140.5
-13.857134 0.16105808 0.088003866 123.95
-13.844507 0.23870364 0.060896341 133.25
-13.86666 0.3561222 0.057101164 139.66667
-13.838714 0.42621517 0.070287168 150.75
-13.848544 0.5393579 0.055075858 141.44444
-13.849689 0.64454579 0.068226978 145.5
-13.823734 0.7506215 0.078130282 150.125
-13.883799 0.81697702 0.061686106 130
-13.860867 0.95527488 0.078426301 144.75
-13.851964 1.0624996 0.040021028 140.16667
-13.811485 1.1740674 0.066596486 156
-13.868481 1.2179692 0.039767988 136.75
-13.843721 1.3643111 0.070530251 146.33334
-13.861424 -2.7680364 0.17148677 164.20474
-13.859909 -2.649147 0.17909886 167.72223
-13.896448 -2.5636313 0.14355163 175.90909
-13.882507 -2.471734 0.13562012 177.54167
-13.852538 -2.3388727 0.14394286 170.84027
-13.858253 -2.2371032 0.14565507 172.87224
-13.838651 -2.1384182 0.15239748 155.4375
-13.842159 -2.0474188 0.12888113 168.67262
-13.852469 -1.9453298 0.14130591 165.39745
-13.855344 -1.8421793 0.14785799 156.40096
-13.88032 -1.7877519 0.13529031 136
-13.832092 -1.6233079 0.15044396 177.5
-13.856794 -1.5806177 0.15276301 171.66667
-13.816933 -1.340355 0.1095142 124.33333
-13.83897 -1.2439539 0.15432073 159
-13.882458 -1.1784626 0.12982495 133.66667
-13.879565 -1.0747494 0.14331305 158.66667
-13.843027 -0.95926136 0.14429574 137.23334
-13.825599 -0.8527379 0.13980705 137.61516
-13.860709 -0.75126249 0.12832132 137.34375
-13.853423 -0.66374665 0.12324983 140.4762
-13.869426 -0.57615376 0.11979197 135.33333
-13.82558 -0.47988805 0.12289075 144.12778
-13.865279 -0.34429696 0.1207453 134.625
-13.872209 -0.21989301 0.11570615 134
-13.858249 -0.15476657 0.11524129 126.77778
-13.841133 0.047082968 0.10811382 123.02777
-13.810165 0.6308133 0.10292004 170
-13.722599 -1.2107508 0.094100922 115.25
-13.751801 -1.1115071 0.093044065 108
-13.741007 -0.92053258 0.084220521 173.88635
-13.76038 -0.78527784 0.075852953 177.5
-13.799062 -0.683617 0.08339987 173.25
-13.780224 -0.57055688 0.08910127 160.125
-13.740847 -0.49431005 0.093262322 159.42857
-13.719359 -0.37281328 0.088439502 155.07143
-13.731676 -0.27762353 0.090431973 146.04166
-13.743668 -0.17558999 0.088070191 146.19444
-13.73231 -0.077638872 0.084332466 151.46561
-13.779249 0.033450913 0.086564898 140.10001
-13.735535 0.12262738 0.059286416 148.08334
-13.733294 0.24958749 0.051669493 153.10001
-13.754057 0.35235962 0.068201177 152.61111
-13.751068 0.43359622 0.038416993 156.94444
-13.749245 0.53987855 0.059756901 154.58333
-13.7582 0.64076227 0.053461909 147.5
-13.750165 0.7272197 0.078557514 153.03334
-13.761592 0.84211725 0.071789518 147.53333
-13.766861 0.93047601 0.085245855 167.33333
-13.745944 1.0436215 0.061054826 139.67
-13.748877 1.143919 0.042909302 150.33334
-13.710197 1.2534835 0.052936312 138.5
-13.770065 1.3094444 0.04349177 141.75
-13.735859 1.4625006 0.040354796 136.75
-13.701036 1.6375909 0.06350781 125
-13.74187 -2.8003342 0.18734625 161
-13.735215 -2.7367592 0.17118891 154.53751
-13.756426 -2.6399906 0.17420191 155.69485
-13.760792 -2.5455158 0.17506315 153.2807
-13.756476 -2.4752007 0.13413088 164.25807
-13.752953 -2.3537407 0.14216262 179.8
-13.750958 -2.2378507 0.13779411 165.87262
-13.740856 -2.1406627 0.13898721 166.64076
-13.746431 -2.0388558 0.15715554 161.6825
-13.736834 -1.9513055 0.1344564 172.9008
-13.792796 -1.8795459 0.14638424 169.45834
-13.746402 -1.7758486 0.1666355 183.18333
-13.784719 -1.6992583 0.16122521 179.8
-13.711311 -1.5816163 0.11757313 148
-13.728606 -1.4873751 0.11926405 126.23334
-13.726254 -1.3185185 0.13289499 134
-13.75861 -1.2090333 0.13111746 115.66666
-13.753543 -1.1649863 0.14052546 161.49205
-13.763049 -1.0569435 0.13785394 138.00641
-13.750031 -0.9855929 0.12177496 156.26587
-13.73988 -0.88373232 0.12000202 160.72025
-13.75295 -0.78815907 0.12980211 149.50223
-13.778172 -0.67809266 0.1249316 152.12727
-13.760139 -0.58201331 0.11788744 148.98485
-13.757866 -0.47435549 0.12920283 130.8
-13.752838 -0.3707844 0.11974572 144.54443
-13.750828 -0.25952047 0.11706466 132.48511
-13.74037 -0.19774359 0.12015308 137.57143
-13.760628 -0.073191501 0.11223414 126.33334
-13.715732 0.010903262 0.10632963 136.75
-13.782889 0.10712453 0.10730174 134
-13.77901 0.54091966 0.10803381 173.5
-13.750291 0.63370836 0.10295156 175.33333
-13.689099 -1.3258198 0.091978118 129.5
-13.645608 -1.1749794 0.082598679 161.53571
-13.635921 -1.0948421 0.089325599 135.60001
-13.614755 -0.90448749 0.080835707 151.66667
-13.61308 -0.80845225 0.081970014 159.80139
-13.687286 -0.646483 0.063160092 178.0575
-13.642681 -0.53485543 0.090212628 154.71614
-13.64195 -0.46426046 0.093960412 147.68233
-13.663747 -0.38514388 0.091486685 129.41667
-13.630833 -0.24670982 0.09245763 157
-13.610076 -0.11589728 0.078830257 158.11111
-13.673143 0.055760607 0.068543091 164.53845
-13.643135 0.18257934 0.043267302 163.23685
-13.625488 0.28197175 0.054414053 164.08333
-13.653199 0.34386575 0.049867008 168.75
-13.647561 0.44825959 0.056630537 168.875
-13.647041 0.53998816 0.05626519 166.6111
-13.655266 0.66020751 0.053311571 160
-13.619226 0.72547424 0.07492622 159.08333
-13.654151 0.8656404 0.078766346 161.88889
-13.642166 0.96007991 0.059661232 162.8
-13.628487 1.0616416 0.068428487 154
-13.650834 1.1480136 0.05386645 149.08333
-13.621202 1.2554907 0.037875805 155.22223
-13.650424 1.3756541 0.040376946 150.33334
-13.639737 1.5402275 0.060702804 139.5
-13.667171 -2.8133063 0.19092922 161
-13.653088 -2.7180154 0.19605768 162.7
-13.665685 -2.6610534 0.15951687 149.45941
-13.649212 -2.5530126 0.15273847 142.12485
-13.655863 -2.451005 0.14514276 142.68079
-13.637821 -2.3364823 0.15625484 170.71626
-13.641513 -2.248235 0.13509163 164.5
-13.621959 -2.1554034 0.14424686 153.70659
-13.639921 -2.0435941 0.15279362 159.68503
-13.644218 -1.9543626 0.13496305 167.99684
-13.625601 -1.8508124 0.1452993 161.44608
-13.638374 -1.7654346 0.13468736 157.66884
-13.652246 -1.6546663 0.12995194 158.575
-13.661108 -1.562399 0.12907179 149
-13.67548 -1.4293412 0.11887171 149
-13.627861 -1.2648789 0.17725214 126.57143
-13.65342 -1.122317 0.14973439 135.65973
-13.653071 -1.0174862 0.13730493 144.11494
-13.661224 -0.92538571 0.13374723 141.53334
-13.659263 -0.87128395 0.14593996 139.38889
-13.690125 -0.7484352 0.11403177 160.65543
-13.637252 -0.63287067 0.11213978 143.07025
-13.65458 -0.5047769 0.13264325 130.25
-13.631393 -0.40899214 0.12430281 137.33333
-13.64051 -0.35125408 0.11426378 140.7
-13.647256 -0.24566698 0.11053943 150.05113
-13.629253 -0.10750553 0.11746679 128.6875
-13.64595 -0.056885108 0.12322301 109.5
-13.671734 0.56097084 0.1107318 181.39999
-13.642818 0.63068008 0.10604458 184.625
-13.60281 -1.961099 0.24670631 148
-13.638109 -1.8422954 0.28418994 129
-13.653561 -2.1656075 0.33194295 136
-13.62806 -1.7814639 0.32172212 134
-13.599213 -2.0169902 0.09163148 157.75
-13.537508 -1.9301847 0.076166935 167.6586
-13.586267 -1.8239323 0.095636509 165.33333
-13.549935 -1.4171778 0.092315949 138.25
-13.563459 -1.3391157 0.085425518 132
-13.574567 -1.2731575 0.084032543 122.5
-13.584451 -1.1400306 0.078129053 128.95238
-13.561166 -1.081368 0.088939764 163.75
-13.523005 -0.91050762 0.05467381 150.08888
-13.514865 -0.82728058 0.048772853 149.08955
-13.562393 -0.72023666 0.076107107 160.93333
-13.548274 -0.6526016 0.082379617 158.05371
-13.515381 -0.5338068 0.090175562 138.6207
-13.563313 -0.45538297 0.069725305 153.12917
-13.547865 -0.33868432 0.077658258 160.88724
-13.537346 -0.23638083 0.085597061 161.05
-13.502851 -0.13144514 0.086551584 144.26315
-13.534151 -0.015372869 0.081447065 145.22794
-13.5474 0.070003867 0.051587358 148.16368
-13.5463 0.1516297 0.07441134 128.14705
-13.542894 0.24245539 0.036677234 163.45834
-13.544492 0.34459031 0.042957496 175.38461
-13.525932 0.46399394 0.038697988 178.64629
-13.576664 0.5469594 0.054329779 176.75757
-13.543411 0.64964563 0.068867102 174.12701
-13.558479 0.79769617 0.05635763 150
-13.576736 0.81805778 0.078772351 164.52777
-13.550506 0.95173007 0.075869046 169.73149
-13.549404 1.0824112 0.050224636 178.02856
-13.518419 1.163862 0.055203851 154.6875
-13.573364 1.2373406 0.068275116 147
-13.572566 1.3176489 0.042006772 133.375
-13.557543 1.4121212 0.062630795 160
-13.528436 1.6136173 0.055480551 133.75
-13.585525 1.733636 0.053297061 119
-13.55712 -2.831363 0.19261719 164.14285
-13.527506 -2.7331445 0.19206814 172.51538
-13.549282 -2.6545045 0.14216812 153.84807
-13.543721 -2.5276034 0.14581198 147.74702
-13.5369 -2.4341424 0.16045883 137.98299
-13.540134 -2.3521612 0.1452741 159.4343
-13.53786 -2.2344427 0.13990763 157.71442
-13.542345 -2.1399052 0.12788872 159.20303
-13.543119 -2.0546312 0.13984285 155.61543
-13.557255 -1.9420235 0.13326913 162.48146
-13.547782 -1.8542417 0.13306245 167.86943
-13.560137 -1.7454934 0.12474561 166.58492
-13.524219 -1.6425754 0.13419749 153.87708
-13.514011 -1.5610101 0.12247066 146.75854
-13.544949 -1.4437133 0.12397216 160.33542
-13.538768 -1.3726696 0.13642702 155.3873
-13.55668 -1.2656766 0.1225406 139.48225
-13.548736 -1.1246332 0.14170049 138.36995
-13.548522 -1.0353012 0.12708811 143.14333
-13.534608 -0.93846095 0.1268436 134.23137
-13.547163 -0.8226313 0.11858597 138.10681
-13.57488 -0.74249017 0.12212461 132.25226
-13.574619 -0.66004449 0.10333629 149.90761
-13.553385 -0.55377233 0.11457195 155.61806
-13.567437 -0.43049818 0.11429767 145.94444
-13.537685 -0.35716131 0.16322374 139
-13.593714 -0.19632922 0.12337443 130.33333
-13.508365 0.87939018 0.12350523 139.2
-13.532393 -2.8096802 0.20389082 191.125
-13.574121 -2.4105599 0.21940012 130.39131
-13.57391 -2.3392093 0.26802513 132.87619
-13.565929 -2.2445986 0.28751534 128
-13.534101 -2.1252058 0.21563494 122.22917
-13.549536 -2.0418086 0.24981885 129.08124
-13.531646 -1.6591849 0.25097016 152.14285
-13.542949 -1.5558208 0.24064714 134.63043
-13.510232 -1.1968163 0.20511246 130.66667
-13.529968 -2.7775025 0.30280632 192.9375
-13.558941 -1.9451678 0.31053492 132.6842
-13.573378 -1.7482088 0.32128465 140
-13.439126 -2.2714939 0.07248164 162.89218
-13.432922 -2.1649389 0.075584807 156.73334
-13.419368 -2.0677547 0.098297022 149.79546
-13.407463 -1.971733 0.082456209 159.2258
-13.476316 -1.871183 0.092638984 165.66711
-13.463335 -1.7497897 0.095043078 162.55556
-13.429046 -1.5308341 0.087050706 153.04915
-13.420967 -1.4360112 0.075939 151.31503
-13.450442 -1.3561131 0.075761266 143.04648
-13.451299 -1.2648759 0.082559355 129.60001
-13.469003 -1.1378543 0.077620469 143.11806
-13.446091 -1.0304158 0.078873694 157.12917
-13.42709 -0.94283569 0.069586217 148.14018
-13.419909 -0.8466115 0.075012594 148.68193
-13.455932 -0.73689073 0.080009773 147.27037
-13.438466 -0.64903247 0.071377784 156.12523
-13.435712 -0.5442366 0.067999668 154.31923
-13.45551 -0.43835065 0.080068983 151.25046
-13.444616 -0.37293297 0.08367753 152.51334
-13.431305 -0.26794234 0.095452018 152.05
-13.438752 -0.13789456 0.086430825 141.8728
-13.47832 -0.042351566 0.074200444 133.10811
-13.445395 0.030901313 0.045097642 143.42603
-13.455448 0.14999691 0.045570184 150.06482
-13.422215 0.2502819 0.046376314 163.32272
-13.440416 0.35300076 0.042058822 169.06897
-13.410549 0.44795963 0.032238558 186.28572
-13.449138 0.58232111 0.052877728 178.07143
-13.439919 0.67666048 0.059930645 169.94154
-13.459373 0.75286263 0.067398958 163.47656
-13.448611 0.86314547 0.062262952 159.56715
-13.455359 0.96418929 0.056102425 165.73529
-13.454869 1.0520357 0.054235015 170.52222
-13.405465 1.1379107 0.065682292 177.15384
-13.434989 1.2395171 0.035994511 161.52779
-13.445879 1.3474418 0.062039156 149.46666
-13.462578 1.4749262 0.05754143 158
-13.495662 1.5425981 0.052344918 146
-13.443411 -2.8302352 0.18680398 176.88095
-13.444952 -2.7567141 0.19419518 174.41142
-13.442665 -2.6563208 0.14411527 164.90126
-13.456005 -2.5478942 0.13771078 154.94101
-13.449681 -2.4422588 0.13533148 150.93849
-13.434522 -2.3638351 0.13081859 160.1683
-13.438484 -2.2429488 0.13952023 157.795
-13.434989 -2.1506639 0.13569364 166.7632
-13.440521 -2.0617907 0.13363171 159.49219
-13.467037 -1.9282739 0.14063188 164.02766
-13.421157 -1.8463911 0.12220831 164.64673
-13.441218 -1.75375 0.12217086 163.86356
-13.44785 -1.6551204 0.1133409 148.71843
-13.444574 -1.551671 0.13259837 156.61008
-13.441478 -1.4665983 0.1205048 160.26666
-13.430786 -1.3721986 0.13052098 155.33141
-13.481387 -1.247259 0.13528149 136.43954
-13.474031 -1.1659796 0.15279222 127.625
-13.462933 -1.0616889 0.1324247 131.54875
-13.453868 -0.94643927 0.13192926 140.675
-13.445668 -0.85579818 0.15052815 136.48611
-13.437884 -0.74031383 0.15631421 129.76343
-13.481853 -0.61465967 0.12839581 147.43333
-13.459995 -0.45988771 0.11014235 149.3
-13.444658 -0.35555387 0.1062838 159.375
-13.400034 0.58356041 0.10013971 191
-13.427851 0.65943068 0.10307454 191.5
-13.42915 -2.7864144 0.29912743 192.45454
-13.497031 -1.1359203 0.21330677 122
-13.456699 -0.86017054 0.21506456 158.11111
-13.417932 -0.66648269 0.22026186 127.5
-13.45885 -0.45000589 0.20573384 129.75
-13.380849 -2.3295557 0.088227145 162.43661
-13.374354 -2.1684709 0.073824182 156.07408
-13.355229 -2.0740914 0.095093079 149.2
-13.335121 -1.979641 0.077946067 158.07692
-13.354419 -1.8735517 0.072402887 171.73886
-13.375565 -1.7510077 0.089136973 159.27736
-13.351901 -1.6598635 0.099472165 147
-13.353109 -1.5384648 0.078093171 154.02557
-13.353489 -1.4468781 0.083707124 154.27324
-13.321608 -1.3708364 0.072262123 143.01334
-13.352569 -1.2650123 0.078313693 139.63116
-13.345714 -1.1470708 0.075661689 133.93546
-13.355917 -1.0315281 0.078783691 154.68796
-13.335375 -0.94988519 0.054603111 160.36996
-13.356844 -0.855133 0.064742029 148.89656
-13.347151 -0.75251019 0.049916182 159.42204
-13.376573 -0.65810704 0.073129103 150.36179
-13.362022 -0.55165631 0.055449866 150.32773
-13.382874 -0.45734197 0.069980428 145.74376
-13.339831 -0.34590685 0.07640744 157.70833
-13.334179 -0.25931561 0.097883798 148.16364
-13.323641 -0.17689244 0.080595754 133.8158
-13.38399 -0.061509013 0.067846954 137.68852
-13.345838 0.063403659 0.035991989 149.67519
-13.32117 0.13011864 0.03123704 153.36743
-13.348889 0.27980858 0.0311746 171.90581
-13.332695 0.36387223 0.032564849 168.15417
-13.333 0.46783197 0.068053596 182.62552
-13.361286 0.57230479 0.052278306 168.34
-13.34651 0.63785714 0.038069014 175.49522
-13.362524 0.74419725 0.050902255 167.27846
-13.368046 0.85643363 0.032852516 169.38194
-13.346875 0.95186532 0.039055087 169.64238
-13.341361 1.0528179 0.049642999 163.94583
-13.352305 1.1634798 0.056979023 165.5
-13.364138 1.2704514 0.066575199 182.66667
-13.324044 1.4297739 0.097717851 171
-13.353115 1.5435107 0.091404997 163.5
-13.311538 1.8765969 0.047129244 115.5
-13.352356 -2.9319267 0.16525739 172.61923
-13.349625 -2.8343947 0.15817495 171.13599
-13.348678 -2.7498109 0.15898226 168.86714
-13.323268 -2.6812081 0.15889961 170.01277
-13.362996 -2.5579622 0.14151371 158.12636
-13.343211 -2.4460762 0.14327085 155.45999
-13.333148 -2.2533562 0.16516073 181.28636
-13.320433 -2.1403556 0.12733404 159.01364
-13.339154 -2.0534763 0.13788396 163.56924
-13.35716 -1.9492552 0.13816528 161.39273
-13.334678 -1.8531407 0.13594934 175.27672
-13.36216 -1.7462269 0.12347483 169.09616
-13.353241 -1.6577264 0.12611736 162.14359
-13.344271 -1.5693835 0.12359988 155.93369
-13.338806 -1.4360883 0.12119178 166.74347
-13.364348 -1.3667669 0.14181703 147.33333
-13.367418 -1.2674119 0.14317088 135.34616
-13.357935 -1.1721884 0.15081532 126.96429
-13.352769 -1.0576222 0.14826727 131.44444
-13.356302 -0.93551236 0.10093616 144.72
-13.334435 -0.85016704 0.14121115 129.17857
-13.364243 -0.73396778 0.13501938 139.40001
-13.371064 -0.35769182 0.10597717 159
-13.397786 -0.21503067 0.11743125 158.06667
-13.368331 -0.17716083 0.17376173 177.2
-13.340252 0.65312344 0.10926065 188.53571
-13.353726 -2.9863861 0.23850375 174.14285
-13.391811 -0.70367694 0.21749532 124.625
-13.330893 -3.1322303 0.35847402 184.25
-13.32647 -3.0163321 0.32844672 172.94118
-13.343672 -2.9654849 0.31811625 173.51852
-13.330944 -2.7917712 0.30025163 192.39999
-13.204736 0.65000218 -0.0058104089 171.75
-13.240781 0.80007678 -0.0064349379 172.38095
-13.217263 0.90026039 -0.0093632126 172.39999
-13.279835 -2.4870162 0.097047701 163.28334
-13.260499 -2.3308485 0.099069536 159.41667
-13.284168 -1.755944 0.089275785 165.47144
-13.272934 -1.666824 0.096875392 149.33333
-13.253827 -1.5742668 0.084160909 148.60001
-13.237201 -1.4691727 0.090778917 176.33333
-13.254338 -1.3546622 0.079905488 143.34723
-13.271095 -1.2568008 0.094091959 160.83731
-13.247447 -1.1583879 0.086067572 156.45335
-13.250538 -1.0444832 0.065025844 160.66072
-13.24079 -0.93818414 0.07049486 157.6292
-13.214355 -0.71532834 0.087978274 152.25
-13.266678 -0.6496805 0.059934396 154.68874
-13.284556 -0.56810606 0.070924453 148.14706
-13.275949 -0.459223 0.067754135 145.23485
-13.259864 -0.34822533 0.078447446 153.14999
-13.289552 -0.13826826 0.086992413 156
-13.29379 -0.054433256 0.059982825 151.2991
-13.262847 0.044951625 0.037761871 151.59874
-13.247662 0.14023946 0.040184483 164.4375
-13.239733 0.24628626 0.034514643 172.38416
-13.239413 0.34615293 0.05525481 177.83777
-13.243736 0.42459217 0.025389699 170.72839
-13.25972 0.55223894 0.01689844 173.89111
-13.241348 0.64887011 0.047004133 168.99019
-13.256146 0.74136406 0.073327787 169.58519
-13.267733 0.82312053 0.058347028 155.21095
-13.259186 0.95060861 0.030923041 169.37639
-13.247469 1.0425971 0.033172812 175.5928
-13.215037 1.3865422 0.06386885 170
-13.221284 1.4260556 0.072969079 158.2
-13.261038 1.5266463 0.076248407 156.375
-13.270124 1.6417006 0.072147131 148.08334
-13.247932 1.7481843 0.070552811 140
-13.204834 -2.9391158 0.1544358 177.2
-13.237882 -2.8417583 0.16478041 175.98891
-13.261915 -2.788897 0.18456204 165.39999
-13.245611 -2.6724236 0.14859493 170.92319
-13.252232 -2.5474796 0.14879011 157.6985
-13.265232 -2.4944956 0.13552706 146.5
-13.262162 -2.3667533 0.1465278 177.47163
-13.225161 -2.2148669 0.16243929 179.60001
-13.256397 -2.1322763 0.16515493 159.3125
-13.248351 -2.0630944 0.15544453 169.77499
-13.234471 -1.9587677 0.13806078 172.54765
-13.211756 -1.8758562 0.14968979 175.0625
-13.263059 -1.7505748 0.12045348 160.7007
-13.246246 -1.6666008 0.12981641 153.29068
-13.248503 -1.5785704 0.15313423 164.62108
-13.250712 -1.4789519 0.11706771 165.43333
-13.261521 -1.3620689 0.11843869 158.45912
-13.241748 -1.248899 0.1376867 136.37454
-13.204222 -1.1515746 0.14078772 129.33334
-13.266069 -1.0539351 0.15529324 142.25
-13.240974 -0.92427856 0.15342504 129.33333
-13.229025 -0.83662754 0.13010746 130.5238
-13.215612 -0.76105869 0.1006206 147
-13.217278 0.51474708 0.10531607 189
-13.236628 0.62378538 0.10501248 174.28333
-13.260243 0.73725808 0.11024842 182.45834
-13.205272 1.0533369 0.11535678 165
-13.215417 1.3167268 0.10853521 158.5
-13.244208 1.414822 0.10490043 169.7
-13.220404 -2.9585783 0.25295314 175.42163
-13.259073 -2.8262208 0.25514251 193.23334
-13.25056 -2.0855174 0.25515422 125.5
-13.240709 -1.9938154 0.28603444 128.84616
-13.222512 -1.6310894 0.25844815 182.5
-13.211842 -1.5406643 0.24223255 131.88889
-13.207647 -1.3560284 0.21214436 138
-13.229384 0.79736471 0.21111877 142
-13.267623 -3.1129317 0.35764629 175.75
-13.238378 -3.0149927 0.33442399 163.58824
-13.124362 0.62602174 -0.0034317321 165.73334
-13.171844 0.77178437 -0.0027692909 167.36842
-13.180191 0.97255462 -0.0084138205 172.13333
-13.164457 -2.4019053 0.086354502 168.38
-13.186174 -2.3450258 0.095071413 161.14285
-13.199063 -1.6875896 0.096668527 168
-13.106297 -1.4785504 0.088600583 191.33333
-13.182107 -1.3016008 0.098446429 171.74193
-13.181107 -1.2772403 0.075433604 159.78572
-13.162621 -1.1567038 0.075798996 156.05132
-13.160181 -1.0651135 0.064795986 146.86931
-13.116213 -0.94584936 0.068764709 158.75275
-13.141803 -0.82712013 0.079053648 167
-13.159895 -0.75126028 0.089467168 155.36916
-13.155634 -0.65169775 0.079089068 150.85883
-13.154996 -0.54651129 0.067715503 145.99251
-13.146404 -0.46102631 0.084871694 119.33334
-13.142302 -0.38461226 0.074700013 151
-13.154866 -0.25378865 0.077982359 185.15714
-13.15562 -0.14731625 0.065256424 179.22728
-13.127564 -0.034710158 0.052798625 169.0625
-13.132142 0.0487605 0.024274752 159.73055
-13.147179 0.17262727 0.030658808 169.94138
-13.134474 0.24959357 0.03424025 175.43434
-13.149371 0.36271268 0.04080053 174.23799
-13.126236 0.47633168 0.03104664 162.4375
-13.156322 0.55394799 0.012654879 172.38905
-13.146935 0.65372664 0.036348123 163.99802
-13.146752 0.74301165 0.045995317 169.75009
-13.14004 0.83911878 0.041273121 165.30205
-13.135338 0.9519217 0.048055783 167.86537
-13.145937 1.0539783 0.04290041 165.9028
-13.160722 1.1198322 0.05075055 171.21666
-13.158126 1.2391433 0.06224357 158.3387
-13.168015 1.3399698 0.047283024 165.98611
-13.14537 1.4269981 0.041283686 149
-13.149939 1.5179368 0.0962018 173.18182
-13.17104 1.6425964 0.088522322 166.66667
-13.125459 1.7440761 0.081183739 140.375
-13.13673 1.8308427 0.07416115 137.5
-13.138267 -2.9399869 0.14969619 179.33333
-13.134046 -2.8546712 0.16274562 180.06389
-13.140384 -2.7578976 0.14864036 173.73178
-13.166847 -2.6555266 0.15945701 164.33751
-13.188209 -2.5930383 0.13154286 174.31529
-13.184834 -2.4927566 0.10933703 172.26315
-13.16503 -2.3551974 0.16687028 184.58334
-13.169609 -2.2619066 0.17723152 184
-13.180856 -2.0631475 0.15284424 160.33333
-13.134728 -1.9702652 0.14167628 177.24339
-13.152875 -1.861015 0.14703836 180.54167
-13.179029 -1.7350184 0.12130529 172.54309
-13.160588 -1.6639521 0.12660846 153.964
-13.138164 -1.5552109 0.1279379 171.72597
-13.158747 -1.4125853 0.13530001 167.8869
-13.145164 -1.3591924 0.12613238 165.58766
-13.186009 -1.1102263 0.1485555 148.33333
-13.161153 -1.0386587 0.12416849 131.51666
-13.126987 -0.95836383 0.15376595 129.06207
-13.150605 -0.83640128 0.16112237 133.54167
-13.154904 0.4474566 0.11686067 148.94781
-13.147873 0.53570729 0.1570182 141.71548
-13.146783 0.61802685 0.10468177 182.06667
-13.168077 0.78764319 0.18049723 129.67857
-13.17662 0.80214715 0.10195468 175.58333
-13.178525 0.93164176 0.16086663 130.27777
-13.150691 1.00924 0.14938612 138
-13.109194 1.2819023 0.13523366 170.55
-13.133274 1.3341278 0.099994764 155.32001
-13.132164 1.4410326 0.12196073 150.55556
-13.131753 -2.82937 0.28427744 195.66667
-13.14926 -1.9154154 0.25444388 162.5
-13.194934 -1.3240038 0.23023231 139.875
-13.179362 -1.2450097 0.22610015 130.49019
-13.113248 -1.0474758 0.2028771 137
-13.154655 -0.8218264 0.20329222 124.8
-13.172723 1.0453513 0.22077732 152.24074
-13.119043 -3.0395679 0.34089282 181.25
-13.121138 -2.9494219 0.30593398 180.60001
-13.166891 -2.8473253 0.30944955 195
-13.187366 -1.9514252 0.30435857 142
-13.001897 -1.4750017 0.086123906 189.33333
-13.087497 -1.3862095 0.098872654 188.88889
-13.076247 -1.2369126 0.086098544 175.75854
-13.047783 -1.1497606 0.087477185 165.25757
-13.072557 -1.0741948 0.083216049 165.23129
-13.022734 -0.95820731 0.0447363 169.3414
-13.075466 -0.8385396 0.086990781 171.34375
-13.053662 -0.74343669 0.086429536 158.85278
-13.05068 -0.6352936 0.080867074 163.89949
-13.037096 -0.56117368 0.077923521 162.31976
-13.036851 -0.44276696 0.079712398 155
-13.046981 -0.38985053 0.05934738 189.5
-13.006395 -0.28824106 0.0697295 188.5
-13.073828 -0.17015657 0.069531895 180.79167
-13.046309 -0.068192162 0.061068825 175.23685
-13.054339 0.028705649 0.035677627 150.0518
-13.048269 0.16505732 0.04741922 157.8326
-13.047698 0.26087603 0.071627229 155.76395
-13.064657 0.35469022 0.050817885 170.61829
-13.041836 0.45767686 0.035380319 155.60088
-13.048758 0.5754844 0.039537497 168.73221
-13.055149 0.65464646 0.036349524 170.24657
-13.042935 0.75214279 0.062735356 159.6232
-13.045358 0.84980404 0.038982496 166.87505
-13.067576 0.94288915 0.044300083 164.40604
-13.075313 1.0758177 0.033953473 184.22726
-13.058681 1.1507769 0.053003266 165.05557
-13.053732 1.2473859 0.050685577 169.48611
-13.046389 1.3304169 0.064432427 170.13406
-13.053513 1.4303352 0.094707735 170.64999
-13.063858 1.5264401 0.041150969 183.25397
-13.048044 1.6288537 0.057288427 173.83334
-13.001552 1.7463253 0.093495764 160.5
-13.010094 1.8355337 0.096109681 148
-13.020841 1.9238907 0.089770481 138
-13.039583 -2.8510525 0.15398842 178.82083
-13.04451 -2.739681 0.14477673 183.50069
-13.092031 -2.6460135 0.13349399 177.58057
-13.066283 -2.5566881 0.12684986 178.64813
-13.087708 -2.4087946 0.10562363 174.29411
-13.05317 -2.3640509 0.11155535 174.5
-13.068066 -2.0278893 0.13998061 180.33333
-13.032941 -1.9456762 0.14008319 182.15385
-13.05865 -1.8085718 0.15713242 179.26767
-13.050616 -1.6161704 0.11853226 174.04546
-13.046736 -1.5304676 0.12552625 172.59027
-13.028158 -1.4462569 0.13246463 159.0025
-13.001176 -1.2393267 0.10771368 172.90475
-13.052059 -1.1513115 0.11092284 158
-13.035335 -1.0293678 0.12702233 157.05952
-13.034653 -0.95000404 0.11611001 154.94711
-13.077854 -0.86549473 0.14405406 129.19444
-13.093508 -0.47268888 0.12191273 134.86363
-13.026136 0.03848603 0.13329102 118.58823
-13.015903 0.42558947 0.10136445 188.54546
-13.046175 0.54449844 0.10299229 183.35715
-13.051834 0.75385624 0.12183278 123.86667
-13.059413 0.92861193 0.14359143 138.91269
-13.066952 -2.9442794 0.20663814 183.76634
-13.096163 -3.1401803 0.34615365 189.8
-13.021299 -3.0885615 0.34519142 192.57143
-13.002988 -2.9459252 0.30642301 184.83333
-12.946819 0.76691395 -0.026976412 161.93959
-12.924308 0.8299666 -0.030220883 162.80556
-12.985895 -1.3493136 0.096371055 188.89999
-12.965002 -1.1488734 0.08497984 174.43803
-12.946343 -1.0326208 0.080407411 166.57758
-12.921746 -0.92705202 0.076741971 170.49585
-12.99491 -0.83999932 0.09936621 174.10001
-12.969699 -0.75935602 0.083326697 171.64285
-12.952904 -0.66524506 0.084877051 152.42899
-12.924858 -0.5700686 0.075039834 146.27586
-12.94551 -0.44351903 0.06420318 174.95062
-12.931555 -0.34657404 0.074855074 178.91071
-12.968163 -0.15408596 0.0672075 181.07353
-12.93841 -0.024888646 0.058376368 162.75
-12.967908 0.049399048 0.068209812 157.03845
-12.96758 0.15253869 0.062482316 163.76437
-12.949181 0.25443143 0.082195669 166.02083
-12.964938 0.34854311 0.074462667 158.37965
-12.967302 0.44906339 0.03152458 160.57852
-12.953294 0.55499172 0.051162582 168.52066
-12.944679 0.65521729 0.044134799 164.90613
-12.942225 0.75649959 0.045747057 177.77014
-12.96465 0.84438568 0.049780078 158.74496
-12.958699 0.96120125 0.052098662 161.87314
-12.961617 1.0526698 0.048751652 164.09558
-12.952204 1.1499643 0.04523259 164.09462
-12.941731 1.2428347 0.044752277 154.26334
-12.944874 1.3421737 0.061915278 153.2733
-12.948814 1.4554625 0.047280561 183.16072
-12.981503 1.5605307 0.057100493 179.1875
-12.950258 1.666885 0.0913141 166.2
-12.90314 1.7609652 0.09463983 156.60001
-12.910689 -2.9098976 0.18625543 189.16667
-12.959562 -2.8033414 0.14426014 186.23215
-12.93871 -2.7730432 0.14817528 177.42224
-12.953693 -2.6541507 0.14112592 185.25117
-12.950414 -2.5457921 0.13315436 183.20288
-12.966288 -2.4163151 0.10921834 180.36363
-12.928346 -2.3832238 0.12404559 183
-12.957183 -1.943931 0.14740527 185.75926
-12.938921 -1.8356615 0.15067175 184
-12.947754 -1.5580165 0.12429374 169.65001
-12.916054 -1.4607128 0.13070568 164.88333
-12.965113 -1.3503363 0.13054816 152.07111
-12.945885 -1.2363461 0.15196015 145.5
-12.93537 -1.1571583 0.11903103 148.80769
-12.932181 -1.0668415 0.12115236 188.55556
-12.951322 -0.97901338 0.15196605 156.14999
-12.969955 -0.85970861 0.13143627 128.66667
-12.981041 0.17535575 0.14638764 128.74001
-12.963568 0.24685013 0.15213537 139.44118
-12.933611 0.33462849 0.16001745 141.83334
-12.914155 0.4556227 0.10158399 186.2
-12.942817 -3.0680985 0.34330791 197
-12.929129 -2.9723923 0.33611688 177
-12.831535 0.75046104 -0.020614177 159.93771
-12.857852 -1.4200712 0.085442454 192.25
-12.894415 -1.3235782 0.093886785 190
-12.851871 -1.2296771 0.093306124 188.58333
-12.868764 -1.1180748 0.091112204 183.125
-12.833138 -1.0227381 0.081618316 182
-12.81155 -0.91968936 0.072446518 180.61905
-12.892363 -0.84746194 0.0890809 175.26086
-12.850365 -0.78249723 0.088681273 179.34091
-12.831509 -0.6962145 0.085176677 178.89423
-12.869064 -0.55781859 0.087510787 155.93518
-12.860628 -0.43918067 0.081182443 142.23077
-12.838176 -0.38103867 0.066063799 183.12859
-12.845268 -0.2632066 0.073518284 185.32443
-12.867057 -0.13313088 0.067322232 182.25
-12.846851 -0.068344496 0.059296954 172.82437
-12.843844 0.044345062 0.054302588 167.24216
-12.8542 0.13768566 0.061780941 169.25122
-12.856884 0.24009097 0.088376209 176.66251
-12.853472 0.37069908 0.06762325 177.96213
-12.868917 0.45779049 0.069592953 160.39314
-12.84269 0.53759336 0.0623805 163.62955
-12.831598 0.63657248 0.064702153 165.295
-12.861879 0.75012577 0.048732471 166.13284
-12.847548 0.84912258 0.050670855 164.37968
-12.835436 0.94247043 0.020741476 154.44698
-12.857231 1.0578474 0.0083079785 167.05173
-12.842598 1.1414629 0.044924054 163.19742
-12.849524 1.2633867 0.034344617 169.37222
-12.847067 1.3434761 0.034018293 175.61333
-12.84366 1.4786071 0.080107503 178.26666
-12.863563 1.5798606 0.097145803 169.85715
-12.899702 1.845602 0.098761469 142.66667
-12.897983 1.9443376 0.094632559 136.33333
-12.845274 -2.8409641 0.15804248 189.5
-12.853017 -2.7572362 0.14252378 187.75
-12.823112 -2.6492405 0.13771571 188.35555
-12.862712 -2.5659573 0.13558944 187.83334
-12.857163 -2.4708061 0.13293967 187.25128
-12.81383 -1.8321407 0.14562492 180.2
-12.856283 -1.741936 0.13654718 177.66666
-12.857755 -1.5485424 0.1031519 181.66667
-12.803713 -1.4774832 0.11706933 180.8
-12.836864 -1.3609697 0.1355757 155.57777
-12.872356 -1.272427 0.12668507 162.66818
-12.851595 -1.1372401 0.11909465 160.45
-12.856069 -1.0562592 0.12074443 149.47499
-12.822159 -0.97131461 0.10826106 169.22685
-12.832463 -0.85036713 0.10491029 165.43651
-12.888266 0.37738511 0.10302522 190.25
-12.883857 0.72169393 0.14451383 120
-12.81037 0.88037837 0.13286133 128.35294
-12.829551 0.90118831 0.12883995 121
-12.875842 -2.9259925 0.28126529 190.625
-12.810507 -3.0641677 0.32280025 220
-12.853375 -2.9283831 0.31579173 192
-12.776944 0.88128948 -0.0069625434 163.48148
-12.751554 0.96465212 -0.0010259269 161.54666
-12.75906 1.0603123 -0.0048568654 161.63889
-12.777641 1.1610978 -0.0096259955 162.80952
-12.774787 -1.3397497 0.085984267 193.16667
-12.768815 -1.239789 0.091394074 191
-12.752516 -1.1508206 0.092291623 189.75
-12.731241 -1.0483972 0.092445776 187.84616
-12.716195 -0.9448595 0.091626883 186.85715
-12.740025 -0.88334912 0.090425499 169.80556
-12.725487 -0.72030777 0.09411779 128
-12.755535 -0.69558352 0.099352494 184.39999
-12.762154 -0.59265506 0.084452249 182.08929
-12.778232 -0.49477908 0.077268936 181.86667
-12.7692 -0.353506 0.078236684 188.16667
-12.754526 -0.20072494 0.080234647 184.5
-12.76566 -0.1494381 0.070517905 182.46825
-12.761347 -0.039670765 0.068459153 179.83031
-12.731616 0.044554561 0.068402894 170.00333
-12.756628 0.14192206 0.073133245 173.61406
-12.793255 0.24147819 0.069618508 180.16
-12.759008 0.34174678 0.069970779 176.28172
-12.780119 0.4082329 0.07279323 153.66667
-12.739177 0.54203516 0.076997668 174.83821
-12.741755 0.66022563 0.058186792 157.6302
-12.745242 0.74381214 0.027670985 160.29839
-12.748634 0.84000075 0.021127757 154.95834
-12.76181 1.0464425 0.043993514 130.5
-12.726784 1.1640532 0.043120392 138.71407
-12.753878 1.2629561 0.031914659 164.72446
-12.761476 1.3483701 0.075851955 142.81944
-12.730534 1.4746772 0.075638808 143.66666
-12.771151 1.5457658 0.083458893 136.3125
-12.773052 1.6717908 0.078456506 131.91666
-12.796702 1.7921566 0.096570969 144.8
-12.782846 1.875327 0.098323256 135
-12.770178 1.95834 0.095537834 133.66667
-12.744144 -2.9242961 0.15928635 183.47916
-12.744481 -2.8283966 0.14144535 189.5
-12.734465 -2.7340086 0.14180242 190.83334
-12.700377 -2.6343307 0.10384052 180
-12.748802 -2.5401392 0.11266913 189
-12.765101 -2.4496999 0.12648802 188.13335
-12.720629 -1.7653781 0.14227612 167.25
-12.762596 -1.6556408 0.13042265 161.16667
-12.787252 -1.466409 0.13851582 142.5
-12.721375 -1.3591384 0.12456007 158.85715
-12.772049 -1.2661313 0.12383687 144.91666
-12.757826 -1.1658131 0.12313831 152.68332
-12.752477 -1.0444818 0.11762896 162.68486
-12.75057 -0.98498809 0.12513015 150.46667
-12.748052 -0.85309243 0.10613705 175.1969
-12.745696 0.37021449 0.19231133 163
-12.745096 -2.9863052 0.32357609 195
-12.646201 0.732086 -0.0036757367 154.92857
-12.660409 1.0506736 -0.0015005295 162.713
-12.689771 -1.3524178 0.087811746 188.5
-12.672642 -1.2496077 0.084263682 190.11111
-12.629421 -1.130608 0.081727758 189.8
-12.632679 -1.0385858 0.086889826 190.33333
-12.632659 -0.95338768 0.088954806 189.75
-12.630466 -0.84309721 0.088244759 159
-12.64327 -0.62578201 0.091772668 114.75
-12.654065 -0.543562 0.089162752 186.99207
-12.689213 -0.42607689 0.077935472 185.66666
-12.661502 -0.31457692 0.065640032 190.8
-12.646873 -0.22750622 0.071787901 183.35416
-12.654881 -0.1254613 0.071857959 182.42204
-12.681653 -0.014409299 0.071212851 182.05556
-12.652225 0.092568114 0.073512323 168.48148
-12.64826 0.15977475 0.068419918 174.44907
-12.657548 0.27714595 0.076037422 174.86142
-12.668335 0.38816974 0.077523187 179.04387
-12.627916 0.48130813 0.075463265 177.72726
-12.628191 0.56465489 0.059915453 175.45793
-12.662766 0.66235113 0.04717724 166.76817
-12.664474 0.75518614 0.061763089 160.69803
-12.696445 0.86138499 0.0014155041 152.67778
-12.665032 0.95057845 0.029160967 150.39952
-12.647362 1.0311149 0.042666584 146.01234
-12.67557 1.1824019 0.068667233 155
-12.648182 1.2633522 0.036315508 134
-12.659036 1.3103694 0.0666577 159.58025
-12.633252 1.4411991 0.07776618 147.60294
-12.686031 1.6548754 0.081343658 129.71429
-12.685526 1.798623 0.098586865 139.75
-12.661719 1.8794967 0.097150601 132
-12.644657 1.9357623 0.098120756 130.5
-12.67252 -2.9565001 0.14576416 195
-12.623669 -2.8608294 0.13340068 175
-12.645821 -2.7445757 0.13946511 180.5
-12.686842 -2.6436181 0.13065776 184.60001
-12.66328 -2.5455322 0.11225625 180.66667
-12.676799 -2.4363561 0.12252607 180.90001
-12.648206 -1.7141939 0.13650566 159
-12.607877 -1.6861494 0.13120238 152
-12.667609 -1.5678495 0.12561165 141.75
-12.682421 -1.4348323 0.12840706 156
-12.614923 -1.3787432 0.12531605 152
-12.689419 -1.2846144 0.12456433 159.16666
-12.692985 -1.1811405 0.11667059 183.8
-12.640083 -1.0558038 0.11848582 157.51999
-12.650555 -0.93578547 0.1144996 163.8125
-12.651367 -0.84756231 0.12208773 148.5
-12.679165 -0.7553122 0.1045618 185.19444
-12.661429 1.1865218 0.16551037 142.18095
-12.661361 1.5852019 0.10383948 153.28572
-12.606321 1.7076985 0.10463631 139.5
-12.615747 2.0154498 0.11816755 127.4
-12.660288 -2.9413426 0.21550994 179.75
-12.632293 1.1970007 0.22840624 133.5
-12.594372 0.82404917 -0.011346451 157.60655
-12.566488 0.99328107 -0.017531982 160.15326
-12.566245 1.0416583 -0.026563687 162.00578
-12.566997 -2.4576533 0.097242147 175.66667
-12.580524 -1.2546958 0.081135489 183
-12.562237 -1.1538748 0.086176842 184.66667
-12.551016 -1.0582751 0.082887188 189.39999
-12.518978 -0.93824035 0.084738091 181.16666
-12.573088 -0.82395297 0.099084154 176.25
-12.56736 -0.77986479 0.094570547 143.58334
-12.55664 -0.65800983 0.075634398 187.75
-12.565174 -0.52600026 0.080665097 147.75
-12.532261 -0.47435012 0.076252379 160.75
-12.559807 -0.33574602 0.080196023 162.88887
-12.54497 -0.25859857 0.072695918 170.19333
-12.517449 -0.16916107 0.062744409 179.19444
-12.553333 -0.043938357 0.061347447 178.01714
-12.560224 0.06425599 0.063270524 184.89905
-12.521286 0.17402756 0.076781228 173.16666
-12.52625 0.23880689 0.073992237 163.92223
-12.571909 0.34806579 0.080078773 177.77144
-12.544716 0.4627299 0.065169573 166.45
-12.548336 0.56220603 0.081867769 179.70486
-12.572946 0.66240525 0.039419916 167.06233
-12.56566 0.77015394 0.038451198 161.67804
-12.56274 0.84769046 0.061649151 146.625
-12.537436 0.92408651 0.030284354 156.84239
-12.560618 1.0474225 0.042794887 152.01587
-12.55032 1.1726329 0.028867565 156.64999
-12.527961 1.2692133 0.057534486 172.95833
-12.543091 1.3762865 0.076269627 167.40277
-12.59484 1.4273537 0.053872321 160
-12.565458 1.5501968 0.07092122 112.75
-12.559156 -2.7542589 0.13957341 171.5
-12.55233 -2.6412079 0.12987402 172.875
-12.579449 -2.5307248 0.12286562 175
-12.581661 -2.4108312 0.12775135 172.33333
-12.53545 -1.6301177 0.14748375 133.16666
-12.539803 -1.4470819 0.13170487 112.33333
-12.521935 -1.3205489 0.13750041 134.16667
-12.585004 -1.2347183 0.11189838 159.27779
-12.539001 -1.1319798 0.12349328 143.75
-12.53448 -1.0102254 0.10216291 176.39999
-12.516348 -0.93253118 0.13400491 119.00001
-12.599903 -0.87286562 0.1001291 183
-12.568926 -0.72631389 0.10152023 140.10001
-12.508744 -0.68881691 0.10618515 116.0238
-12.513727 -0.59193105 0.10004719 145
-12.526509 -0.48536581 0.13142173 147.45454
-12.519218 1.0468398 0.10183593 157
-12.509576 1.3983542 0.11349201 150
-12.552517 1.5003698 0.10907482 148.10001
-12.545238 1.6205778 0.10293306 140.5
-12.568007 1.7928697 0.10540961 133.5
-12.515363 1.9125786 0.10173777 126.75
-12.51155 -1.2855947 0.23082104 99.5
-12.506563 -0.46358377 0.20852087 163.66667
-12.466057 0.98226339 -0.010327379 155.34091
-12.471361 1.0751653 -0.018415181 158.36487
-12.486352 -1.1828811 0.082469478 181.66667
-12.471208 -1.0752994 0.08626879 163.66667
-12.455414 -0.97148472 0.083469562 157.33333
-12.474388 -0.84931344 0.077197433 182.53333
-12.46399 -0.24751157 0.064295918 156.75
-12.455412 -0.12380376 0.062406451 162
-12.4438 -0.055346526 0.056729749 186.71249
-12.469937 0.061420992 0.060667966 178.43333
-12.447489 0.17702186 0.060464792 165.875
-12.419245 0.23559384 0.075688735 172
-12.47218 0.34300408 0.068230882 173.75
-12.451908 0.44087043 0.080076694 181.3
-12.447956 0.53160715 0.050953209 176.47095
-12.438148 0.63813549 0.047887404 175.78
-12.446949 0.76229215 0.041789919 162.90883
-12.455781 0.85315007 0.037348788 163.84006
-12.447629 0.93906206 0.060756031 148.48889
-12.45725 1.0405829 0.042711645 151.52274
-12.439483 1.1660125 0.03226117 163.25368
-12.445393 1.2461448 0.042047404 182.125
-12.486617 1.3461299 0.04051901 181.16666
-12.422858 1.4425747 0.018767614 178.83334
-12.408963 1.7722136 0.079169214 136.5
-12.449804 -2.5084364 0.13336687 154
-12.470673 -2.378829 0.12718801 158.5
-12.477299 -1.2223617 0.11724991 136.71428
-12.471062 -1.1186093 0.13963909 115.14286
-12.453285 -1.0383317 0.11856365 129.08334
-12.455696 -0.94152868 0.11420209 134.1111
-12.433505 -0.86776221 0.12018043 106
-12.456763 -0.79113299 0.12018596 121.57143
-12.465098 -0.6834231 0.11675849 113.43333
-12.42178 -0.58882046 0.1038813 98
-12.485385 -0.37817627 0.1018096 100
-12.460681 -0.24523729 0.15172625 122.83333
-12.432925 1.4478327 0.11364163 129
-12.447004 1.5594109 0.10289893 139.425
-12.464331 1.7528223 0.10383102 132.60001
-12.408894 1.8445584 0.10172601 129
-12.479153 1.989051 0.10959438 124
-12.450016 2.0434854 0.12847069 105
-12.45351 -1.2520753 0.23431008 141
-12.404187 -0.44254369 0.23004259 180
-12.459388 -0.23115303 0.21134222 83.550003
-12.492116 1.2980156 0.2507748 130
-12.419097 1.3574095 0.22446726 150
-12.352201 0.78322423 -0.0037023996 155.82857
-12.334079 -0.85717839 0.095289625 152
-12.355834 -0.71077204 0.096517965 154
-12.399483 -0.23540133 0.063607968 194.33333
-12.354103 -0.13924304 0.051853199 199.625
-12.338043 -0.047480006 0.053936556 186.77777
-12.363686 0.076689184 0.046251036 190.38335
-12.347097 0.11737273 0.070473999 159.39999
-12.35373 0.3198238 0.066589855 179.31944
-12.347589 0.44263464 0.04888447 181.96249
-12.351837 0.54932564 0.057695583 165.3
-12.3335 0.64695776 0.045831878 175.69446
-12.332521 0.74311614 0.034787338 182.50876
-12.369112 0.85104328 0.053470619 171.90265
-12.347908 0.93839467 0.038294792 163.19466
-12.364875 1.0656309 0.044885542 175.75972
-12.358747 1.1465966 0.036112808 167.25029
-12.35403 1.2466301 0.041491702 178.07857
-12.362267 1.3448929 0.049802996 182.91251
-12.317133 1.4308603 0.033276666 187.5
-12.388859 1.66968 0.097067237 139
-12.338841 1.7438809 0.074156702 119.75
-12.327881 1.8872167 0.075400546 101.5
-12.302862 -0.88180363 0.111022 165
-12.333456 -0.62525797 0.10485149 141
-12.392074 -0.2109002 0.14938311 88.666664
-12.344111 -0.19856735 0.11147112 128.5
-12.345965 0.91553527 0.13026302 126.40476
-12.32445 1.4342316 0.1912906 157
-12.364512 1.5407292 0.10376125 142.2
-12.358707 1.7050965 0.10415938 136
-12.359865 1.9215739 0.10986438 124.25
-12.312698 2.0009768 0.10478006 118
-12.374256 -0.18457328 0.23174761 50
-12.252316 0.89656103 -0.012280069 161.96552
-12.272503 0.9955864 -0.00091959367 156.59259
-12.268207 1.1911603 -0.0081229722 164.75862
-12.281923 1.2843672 -0.0028448692 170.35715
-12.262008 -0.74543601 0.093707144 169
-12.23858 -0.59113705 0.088469371 167
-12.280444 -0.32985866 0.054545794 189.5
-12.258686 -0.17362417 0.057152148 183
-12.279344 -0.032104827 0.052818906 187.41667
-12.228273 0.068334825 0.038425926 192
-12.233814 0.19388491 0.086341284 151
-12.28409 0.22237614 0.067053288 175.83334
-12.22539 0.35096669 0.047770135 183
-12.250052 0.44626305 0.053237058 165.66666
-12.248845 0.53106648 0.046367049 165.27779
-12.254478 0.63539684 0.027037784 173.68571
-12.256766 0.75647742 0.037307896 181.32698
-12.253019 0.86094862 0.063951299 164.25897
-12.242827 0.93489683 0.055275492 180.14156
-12.257785 1.0490861 0.049550116 174.30341
-12.243752 1.1466113 0.038444731 184.0955
-12.270542 1.2461289 0.075167827 164.1756
-12.256937 1.3381171 0.031022528 179.80304
-12.249787 1.4841747 0.050338563 194
-12.242667 1.5986066 0.038764533 194
-12.25984 1.6362791 0.056367245 141
-12.223022 1.7563273 0.078651763 102.66666
-12.262568 1.8026397 0.084852472 136
-12.29531 -1.008727 0.11112544 163
-12.287084 0.92169523 0.1670731 122.77778
-12.251911 1.2027593 0.1802946 127.37931
-12.20136 1.5339043 0.14945535 154
-12.279796 1.6225735 0.10362636 145.2
-12.250534 1.8403364 0.10318016 120.75
-12.230635 1.9555123 0.140918 73.5
-12.165404 0.029888548 0.027500907 196
-12.197185 0.15105283 0.086443521 142.5
-12.175502 0.22559866 0.045730527 181
-12.190907 0.36224866 0.054114353 175
-12.151553 0.45744112 0.040035911 157.55556
-12.149384 0.55382651 0.04492344 168.27777
-12.195029 0.6758765 0.051375207 155
-12.158619 0.75192791 0.033620924 172.25339
-12.154622 0.86355644 0.033700079 172.81944
-12.16623 0.95084476 0.033081077 177.48938
-12.155025 1.0466262 0.040795382 180.81944
-12.171351 1.1529919 0.034405056 173.68188
-12.145106 1.2547029 0.05758607 178.51877
-12.169126 1.3535445 0.035660706 173.11111
-12.172291 1.4650862 0.039487008 190.70834
-12.149731 1.558041 0.043862898 174.91667
-12.149121 1.6584715 0.038515043 177.36113
-12.137247 1.7582587 0.061853807 155.57143
-12.177059 1.9002726 0.082140818 101
-12.164417 0.81714958 0.19699943 164
-12.10864 1.6080625 0.12310275 151
-12.191298 1.9143922 0.1026376 114.5
-12.043927 0.31309944 0.033777792 165.25
-12.027954 0.46311712 0.031393927 169
-12.074109 0.61272317 0.039796349 163.3125
-12.068418 0.73268008 0.03995176 159.94444
-12.042456 0.87679088 0.039564658 161.32196
-12.051525 0.95077378 0.038144525 177.21504
-12.049065 1.0563771 0.032435607 176.65642
-12.070925 1.1570276 0.029136999 178.41136
-12.061503 1.2337433 0.052213535 175.40532
-12.060001 1.358999 0.05546248 173.11285
-12.070747 1.4599756 0.051811773 172.5817
-12.014544 1.5491971 0.057903524 163.64999
-12.026058 1.6488391 0.04775016 168.33868
-12.071089 1.7347094 0.07358817 127.75
-12.031804 1.6676852 0.11150169 148.5
-12.035078 1.8585137 0.10513964 110.5
-12.069729 1.9369099 0.1536496 77.833328
-12.099546 1.9569223 0.21823713 41.666668
-11.901392 1.0439178 -0.0079972185 164.55556
-11.917694 0.15358628 0.036471453 157
-11.973576 0.22264777 0.031774227 161.33333
-11.958325 0.39611754 0.033508182 165.33333
-11.929033 0.52166128 0.032851033 168.8
-11.955193 0.65369827 0.039004881 171.25
-11.932398 0.85034829 0.04254159 183.375
-11.954127 0.9453612 0.034744788 173.08682
-11.946772 1.0491288 0.037565436 173.52231
-11.965536 1.1467161 0.038470428 173.65117
-11.952392 1.2517819 0.043001559 171.68472
-11.966528 1.3345135 0.029870789 175.26729
-11.952625 1.4527826 0.050618242 173.07254
-11.943346 1.5326145 0.04785379 167.70302
-11.927724 1.6504484 0.044453453 167.35425
-11.966046 1.7633569 0.077083349 123
-11.992218 1.8092246 0.093480706 155.5
-11.90251 1.925685 0.066277303 101.5
-11.967007 1.1533283 0.13405183 154
-11.971324 1.2654101 0.17432398 140
-11.938393 1.7389947 0.10395174 136
-11.926958 1.9507138 0.11921791 114
-11.951036 1.9217043 0.22356249 64.900002
-11.849961 1.0600898 -0.024825193 164.32733
-11.864935 1.165801 -0.0090886699 163.8
-11.823178 1.3607913 -0.00026055551 173.01923
-11.877197 0.31633836 0.031167096 162
-11.840501 0.45603299 0.033271275 167
-11.840074 0.5988729 0.036588274 169.66667
-11.835567 0.60053211 0.054016106 169
-11.823021 0.82515806 0.042986695 172.66666
-11.85759 0.94839191 0.042177547 171.58887
-11.848792 1.0411887 0.042795096 172.58916
-11.874169 1.1412258 0.028255953 169.57266
-11.884327 1.2382306 0.033877876 172.05249
-11.875321 1.323611 0.044224806 173.96667
-11.879629 1.4490206 0.026391422 177.55902
-11.861387 1.5345668 0.049668945 170.06984
-11.848045 1.6426471 0.05686707 161.8125
-11.847394 1.764796 0.061434265 145.54762
-11.878384 1.8335576 0.079612687 139
-11.868234 0.94764394 0.15061624 134.8
-11.857978 1.1342356 0.1581312 131.0625
-11.887599 1.7763602 0.10771318 111
-11.816489 1.9375975 0.18513343 135
-11.882081 1.1420296 0.20021516 130.08333
-11.821568 1.8668658 0.23963134 79.166664
-11.703736 0.94157797 -0.029197928 161.92308
-11.750914 1.0542338 -0.0066150152 162.63086
-11.740116 1.258866 -0.017057903 172.31966
-11.746971 1.385244 -0.030394793 171.42169
-11.744371 1.4718947 -0.02483963 171.19012
-11.791811 0.23474906 0.035373162 157
-11.755677 0.391413 0.027707675 163.66667
-11.707731 0.47590098 0.054044399 190.33334
-11.7321 0.80123395 0.036222834 173
-11.776894 0.95925385 0.029642524 166.34616
-11.758087 1.0573913 0.029986665 174.77699
-11.768313 1.1597607 0.038097303 176.41647
-11.784468 1.2479811 0.043507431 165.32812
-11.771955 1.3423204 0.052486084 177.20721
-11.752252 1.4510493 0.054703675 188.9861
-11.752954 1.5712329 0.059071697 173.1875
-11.73407 1.6570574 0.05550338 154.75
-11.765207 1.7731124 0.056923687 148.64285
-11.753789 1.8281635 0.065406717 153.04167
-11.777748 1.9113551 0.075493261 102
-11.75701 1.1389858 0.14030495 124.46875
-11.785848 1.8959426 0.10973051 101
-11.797418 1.9366087 0.12471402 111.77778
-11.646224 0.92205042 -0.021851003 162.68889
-11.653121 1.0204868 -0.019878566 162.31645
-11.640954 1.1476886 -0.027548658 162.58102
-11.620547 1.3559539 -0.018249659 168.36076
-11.640694 1.40218 -0.017754296 168.62944
-11.645547 0.34474173 0.03577847 164.25
-11.644678 0.56087691 0.063880824 189.5
-11.634692 0.60381323 0.060827557 186.5
-11.64257 0.78915316 0.060355686 166
-11.610862 0.86336637 0.031583469 162.29134
-11.670145 1.0321524 0.026009124 167.12218
-11.671965 1.148558 0.052833114 175.44475
-11.66367 1.2669178 0.042700253 159.19258
-11.684731 1.362357 0.057042133 175.57687
-11.632964 1.454363 0.044000991 180.41667
-11.644582 1.5326768 0.05541249 191.75
-11.649759 1.6534725 0.058942758 165.10001
-11.681941 1.1304482 0.11232802 122.22727
-11.525731 0.76336217 -0.00441257 171.45834
-11.571119 0.94825053 -0.0097082509 159.27272
-11.559597 1.0196542 -0.0205855 160.78667
-11.570172 1.1483738 -0.014817671 159.2093
-11.537093 1.3748232 -0.039863508 167.83026
-11.542786 1.4254295 -0.049048688 168.23572
-11.546766 0.26055819 0.055501312 178.66667
-11.548885 0.35536861 0.044542156 190.5
-11.564231 0.49184242 0.054342847 188.75
-11.544684 0.57095063 0.071052969 169.66666
-11.552092 0.64894706 0.073251314 168.47324
-11.549955 0.76078457 0.051134899 163.29762
-11.553215 0.85994703 0.040789172 167.06589
-11.557402 0.95329201 0.034391388 160.31763
-11.544579 1.0291514 0.037307296 166.38101
-11.54389 1.1267437 0.037265208 166.31821
-11.55644 1.2470381 0.028165758 164.67947
-11.545445 1.3401862 0.055984844 177.88434
-11.507973 1.455264 0.0597171 185.34644
-11.539689 1.5124533 0.042675536 195
-11.58679 1.6976725 0.06086247 188.75
-11.531638 0.15806092 0.10137681 196.75
-11.532775 0.43974754 0.11072785 189.97595
-11.575855 0.50399023 0.10984076 186.33333
-11.509313 0.91453332 0.12818094 134.05263
-11.530885 1.2391194 0.12940052 127.42857
-11.454353 0.79995793 -0.0074265637 172.63637
-11.411171 0.90325665 -0.012104676 170.875
-11.429311 1.1324613 -0.0022251799 168.33333
-11.430064 1.2778702 -0.01180995 171.42592
-11.433066 1.3326119 -0.030472711 167.36734
-11.463549 1.4774035 -0.049106486 167.05443
-11.458192 1.5565989 -0.033145748 168
-11.460424 0.15532397 0.033922706 182.375
-11.422134 0.27177182 0.03110164 190.2
-11.414117 0.3902784 0.042285316 188.72728
-11.495231 0.49172914 0.053500321 186.5
-11.44782 0.57449317 0.059197877 148.83333
-11.462564 0.65741539 0.048128534 174.78455
-11.442945 0.74967676 0.050785724 164.8313
-11.454254 0.88269645 0.056641672 170.03703
-11.469119 0.96276921 0.032950923 168.56787
-11.461745 1.0328866 0.025595305 163.17191
-11.459688 1.1554306 0.02831912 165.98032
-11.461561 1.2482861 0.030822925 175.13898
-11.405365 1.3415095 0.046598166 180.64999
-11.423436 1.4718069 0.054560419 191.83333
-11.465858 1.5545156 0.055045899 189.49603
-11.41988 1.6431521 0.058549132 192.66666
-11.497169 1.7484082 0.060202107 180.16666
-11.418007 1.8762363 0.053387776 166
-11.428803 0.24639754 0.10615859 198.2
-11.401283 0.37798277 0.11072797 193.60001
-11.421597 0.47711053 0.11187796 190
-11.428032 0.58482128 0.10156732 185.05
-11.40664 0.8515752 0.12858242 133
-11.433153 1.2561455 0.16226685 127
-11.380721 0.87049115 -0.0037082329 173.2
-11.357521 0.94948828 -0.010301675 172.55556
-11.348673 1.0221086 -0.012042186 171.85715
-11.350442 1.1095133 -0.012342734 171.75999
-11.359476 1.2185891 -0.021035366 172.175
-11.309894 1.3296485 -0.027031226 169.94339
-11.33653 1.4156452 -0.030997477 168.62338
-11.36874 1.5079821 -0.03459318 168.28572
-11.36007 1.6515774 -0.040504009 171.39673
-11.319087 1.7077359 -0.059723515 175.11111
-11.370484 0.097492851 0.026847092 179
-11.355542 0.17537549 0.024871213 188.25
-11.338434 0.26218066 0.024063973 191.2
-11.314 0.37155411 0.032123119 188
-11.343478 0.47092232 0.041573729 175.4355
-11.373132 0.54976302 0.046919927 155.95209
-11.350616 0.66760492 0.063613325 173.73979
-11.356071 0.76803303 0.053227995 173.28769
-11.344825 0.86509782 0.049877577 172.927
-11.338413 0.96806026 0.050170101 175.12794
-11.350053 1.0657724 0.028437391 169.72107
-11.345056 1.1499369 0.028432997 171.55783
-11.334325 1.2392755 0.033003733 172.93692
-11.350789 1.3592561 0.039885417 173.41418
-11.322368 1.4880983 0.05423281 190.08333
-11.300242 1.5825518 0.050990757 193.5
-11.356573 1.6411607 0.062376093 180.15332
-11.362986 1.7679217 0.045498472 186
-11.311158 1.9066728 0.052736931 163.66667
-11.357586 0.31349924 0.11626567 197.5
-11.32836 0.54547256 0.1101788 189.92361
-11.398703 0.90413541 0.13939121 137
-11.393237 1.3549287 0.10293056 130
-11.340616 1.660794 0.12789498 132.05981
-11.308475 1.7116846 0.12643282 156.25
-11.237429 0.97423637 -0.00083090476 167.05769
-11.245159 1.077327 -0.008236534 164.93765
-11.256287 1.1336677 -0.012517092 171.70886
-11.271226 1.2243067 -0.044312444 173.24324
-11.204374 1.3492694 -0.051032614 173.84616
-11.243604 1.449621 -0.047965698 170.88889
-11.279325 1.5392907 -0.046561606 170.78947
-11.216043 1.6654987 -0.049233433 178.54286
-11.239849 1.7590766 -0.040063821 181.23077
-11.267658 -0.0023633472 0.027573915 173
-11.261777 0.074931182 0.030014843 179.5
-11.255998 0.17444697 0.027456433 188.60001
-11.247993 0.27098301 0.032515645 190.75
-11.253672 0.35484824 0.041545108 164.16666
-11.208986 0.45028424 0.025269257 181.73914
-11.263412 0.55440098 0.035169445 165.76001
-11.252818 0.64847779 0.022088403 165.881
-11.249303 0.75283724 0.041835446 159.1582
-11.255447 0.84652925 0.059574619 175.37799
-11.235428 0.92987907 0.042063635 170.26666
-11.240863 1.0464379 0.058032557 177.11864
-11.250749 1.1605581 0.01902879 166.11633
-11.247109 1.2639055 0.029356431 167.73074
-11.249287 1.3656456 0.034597751 176.64789
-11.246981 1.4262586 0.052726947 160.02864
-11.227962 1.5378737 0.0526358 180.62685
-11.2558 1.6691498 0.053443782 192.72501
-11.230565 1.7256858 0.053987596 185.13335
-11.250566 1.8075659 0.055338517 176.2
-11.201654 1.9426819 0.055786207 168.66666
-11.284865 0.39152184 0.10517395 195.39999
-11.212779 0.45980245 0.10697871 195
-11.240469 0.59993088 0.11172403 191.16667
-11.241293 0.70363665 0.10627694 187.69231
-11.245682 1.4064312 0.10233568 130
-11.239313 1.724965 0.10134684 152
-11.16105 0.83951914 -0.0073948228 165.42616
-11.185372 0.96036321 -0.017734863 166.04781
-11.163981 1.0747355 -0.01986829 177.21614
-11.141491 1.1653411 -0.02729314 182.33333
-11.185313 1.2643907 -0.039017908 176.92105
-11.11795 1.3945303 -0.029814048 180.55556
-11.143347 1.4726249 -0.052553706 177.93103
-11.174228 1.5666852 -0.05664482 177.58537
-11.12309 1.749257 -0.045145355 184.58611
-11.116784 1.8799618 -0.0041903672 171
-11.146435 -0.026664047 0.024259919 172
-11.151261 0.07330481 0.029686064 177.75
-11.145907 0.16315918 0.042223286 167.06667
-11.157173 0.24286799 0.042358365 172.4762
-11.189791 0.33809662 0.045508787 182.94287
-11.157931 0.44253889 0.046104502 172.07408
-11.152062 0.56276816 0.035202891 175.07797
-11.155752 0.67056108 0.0486397 166.58719
-11.173011 0.75555527 0.017563513 167.70502
-11.161688 0.83887279 0.050109845 170.80984
-11.156389 0.92527586 0.065229148 177.41943
-11.159353 1.0425911 0.060591511 178.22661
-11.13748 1.1278449 0.05360217 176.41473
-11.143842 1.2685174 0.029105978 170.98396
-11.14695 1.3584234 0.034393739 174.93163
-11.127264 1.4358569 0.04501719 185.42857
-11.14683 1.5464482 0.043424312 177.2
-11.117178 1.6625493 0.040768001 194.8
-11.152277 1.7715411 0.054480422 179.75
-11.155881 0.512007 0.10808941 195
-11.142079 0.61635315 0.10551873 193.33333
-11.155815 0.74458629 0.11187748 159.02536
-11.144617 0.95348799 0.13161743 167.7
-11.164824 1.4129272 0.15485187 146.27008
-11.09491 0.99669892 -0.016214395 164.92857
-11.056885 1.0537945 -0.012967756 177.33386
-11.06866 1.2539425 -0.030906878 183.9707
-11.002169 1.3149916 -0.035499569 186.27272
-11.018778 1.4507772 -0.051057518 184.2
-11.030731 1.5174226 -0.053327121 184
-11.03289 1.6294997 -0.04419158 185.92802
-11.051394 1.7389569 -0.03445645 187.5238
-11.040432 1.8468363 -0.041377667 189.42857
-11.06746 1.939828 -0.036381472 181.5
-11.033312 0.075417101 0.043346692 185.5
-11.053945 0.14606093 0.038560953 172.3
-11.034225 0.22679928 0.040374603 176.125
-11.066092 0.33194366 0.038354971 173.10072
-11.039166 0.44332728 0.03406718 176.17613
-11.016125 0.56146038 0.038511209 175.10468
-11.062453 0.6552757 0.047371481 173.06383
-11.050884 0.73005307 0.045826569 170.14665
-11.054807 0.83397126 0.05393102 173.58678
-11.076513 0.92084485 0.050059747 177.91589
-11.066306 1.0250641 0.052779704 179.37723
-11.059189 1.1228669 0.043519508 172.85641
-11.046196 1.2681113 0.029276444 170.90767
-11.034773 1.365501 0.03112381 172.42679
-11.029757 1.4362085 0.049200051 186.66667
-11.032675 1.5348409 0.051485825 190.57143
-11.047096 1.6381406 0.038028356 174.675
-11.097212 1.8159745 0.048209954 163
-11.005211 0.060643177 0.12141231 202
-11.05273 0.75426 0.15694383 123.39335
-10.937741 0.92655814 -0.025781577 197
-10.946516 1.0127481 -0.023259247 194.75
-10.941623 1.1418273 -0.022021577 192
-10.946963 1.2295225 -0.022623032 190.11111
-10.947693 1.309674 -0.025812542 189
-10.994552 1.4578815 -0.0045804558 166.28572
-10.958512 1.5349834 -0.035242371 188.375
-10.939627 1.6488585 -0.044177879 190.3125
-10.949564 1.7791574 -0.042383555 193.5
-10.906873 1.8356693 -0.063978456 194
-10.980846 1.9302217 -0.053484745 184.8125
-10.95793 2.0604258 -0.057574529 170
-10.911086 0.074533492 0.068747796 191.16666
-10.929418 0.12293252 0.04019694 172.5
-10.95197 0.23875099 0.042770196 162.52779
-10.93713 0.34639174 0.045044649 166.73015
-10.919142 0.44119778 0.045181379 177.63333
-10.935884 0.55374384 0.041901466 170.19444
-10.970698 0.62638134 0.052177392 177.8846
-10.950198 0.75135332 0.035551712 169.70203
-10.981667 0.82815981 0.034856495 166.78517
-10.983927 0.94108182 0.052291613 155.2041
-10.958542 1.0516123 0.031074051 164.22427
-10.960796 1.1284399 0.019350654 166.64285
-10.948001 1.234098 0.026075853 171.04272
-10.931885 1.3525835 0.028093886 172.71297
-10.933647 1.4576862 0.044917166 175.57292
-10.943344 1.529231 0.04488105 192.2
-10.961017 1.6644651 0.027566748 170.7
-10.981937 1.7358389 0.036719549 168.375
-10.969983 1.8374189 0.048450362 165.5
-10.970288 -0.065138139 0.15128922 192.5
-10.901671 0.099946901 0.12401031 188.5
-10.913829 0.6451056 0.19976932 150
-10.960799 0.92614043 0.16470525 133.41667
-10.843859 0.85714459 -0.030027525 201
-10.847536 0.99058646 -0.030247638 197.66667
-10.813652 1.0870246 -0.039503038 197.16667
-10.803994 1.18806 -0.044232775 195.5
-10.878138 1.2774415 -0.029523088 192.5
-10.877947 1.3006338 -0.025870729 194
-10.865317 1.555923 -0.043805353 192.75
-10.822886 1.7702416 -0.064956501 195
-10.870989 1.8588904 -0.063130058 187.5
-10.875213 1.9867474 -0.057293676 167.39999
-10.859621 2.1659474 -0.065442339 140
-10.820992 0.13551903 0.040524419 194.33333
-10.827102 0.26509598 0.045526393 156.47223
-10.849956 0.34423611 0.049202126 171.64285
-10.820549 0.46268055 0.046841297 167.7625
-10.877668 0.53695744 0.042370807 176.41251
-10.867044 0.64666712 0.050089132 177.18056
-10.853622 0.74409163 0.039257534 166.12779
-10.845394 0.85302669 0.04693545 173.19048
-10.872737 0.9391973 0.024312096 170.18518
-10.878227 1.0203171 0.030877696 161.66666
-10.858707 1.1356938 0.02536515 168.2619
-10.858823 1.2273918 0.027337333 169.14287
-10.849349 1.3360033 0.028722407 171.85713
-10.835386 1.4626769 0.032167681 167.2619
-10.824843 1.5472648 0.025728712 193.66667
-10.815418 1.633164 0.019575201 196.2
-10.889891 1.7577147 0.030589102 158.91667
-10.834968 1.8388062 0.031973105 142.5
-10.88103 0.035829049 0.12112036 201
-10.88078 0.11399825 0.18869497 171.8
-10.827537 0.93516243 0.19626279 128
-10.830878 1.8355492 0.11894717 78
-10.834101 -0.015729921 0.21213117 128.5
-10.864491 0.064194232 0.20137538 141.33333
-10.834259 0.8879872 0.20493853 125
-10.724897 0.76961654 -0.034259714 191
-10.778847 0.80966258 -0.031404708 200
-10.749454 0.93488276 -0.037537158 200.5
-10.717924 1.135801 -0.049787648 199.16666
-10.761353 1.2811304 -0.050591696 196.33333
-10.756706 1.5800492 -0.059002724 196.66666
-10.776785 1.6788009 -0.062063739 196.25
-10.720245 1.8214182 -0.074281283 183.16666
-10.782796 1.9158942 -0.060267713 159
-10.788322 2.0603848 -0.065922707 146.66667
-10.718938 2.1183856 -0.067838833 130
-10.77758 2.2536869 -0.070629574 97
-10.717159 2.3189404 -0.077016331 95
-10.77388 0.063324794 0.076077618 173
-10.784451 0.14698496 0.065991633 147.5
-10.744663 0.2236235 0.033424534 172
-10.742185 0.32114223 0.064521842 163
-10.751378 0.43438229 0.057260271 152.62222
-10.787047 0.55681276 0.070913449 167
-10.765579 0.6519984 0.070374653 167.3
-10.74703 0.73539621 0.048293293 151.36539
-10.740188 0.8693012 0.043492321 174.47223
-10.756466 0.95417488 0.034020584 172.99582
-10.751941 1.0377158 0.033864189 181.03703
-10.757201 1.1339908 0.034730431 175.53056
-10.760052 1.2446084 0.0309889 178.66565
-10.743546 1.3526515 0.029045254 177.45833
-10.733173 1.4475329 0.045152955 171.92381
-10.73597 1.5479642 0.029589819 162.02499
-10.752441 1.7615122 0.038838364 160.28889
-10.706982 1.833106 0.014871833 168
-10.730433 1.9686822 0.068418108 100
-10.781236 0.12901777 0.15158565 190.62964
-10.731539 0.88850486 0.14511268 154
-10.785795 1.8061594 0.11410985 86.5
-10.648125 0.71533781 -0.031121794 182
-10.644405 0.87553042 -0.044375945 191
-10.67693 1.0314471 -0.04702948 202
-10.614982 1.137012 -0.055781461 194.25
-10.64506 1.2646545 -0.058557648 194
-10.648168 1.6045744 -0.066573024 190.16666
-10.677406 1.7141029 -0.069476694 187
-10.634968 1.8637294 -0.076689519 148
-10.688253 1.9783916 -0.071417771 136
-10.630926 2.015475 -0.069699913 124
-10.649103 2.1780581 -0.07768368 122
-10.66078 0.12928274 0.059473798 178.09167
-10.682176 0.2236174 0.062103309 157.25
-10.660962 0.37997165 0.052568719 144.5
-10.674628 0.41678485 0.063758679 168.5
-10.648493 0.54013634 0.066246256 165.39999
-10.669814 0.66117609 0.070412531 163.71428
-10.653733 0.70901537 0.03495384 122
-10.666246 0.87195343 0.060163636 180.375
-10.661777 0.95872968 0.041576639 166.82127
-10.651539 1.0534146 0.046521064 175.08333
-10.657269 1.1340809 0.041964069 161.70833
-10.682193 1.2617418 0.038756032 168.86667
-10.656393 1.3316054 0.041390587 190.38889
-10.660305 1.4343436 0.058794677 186.27693
-10.634814 1.5266836 0.050522536 188.125
-10.660488 1.6391598 0.044213038 186.625
-10.640971 1.7295072 0.053734917 152
-10.639509 1.8810943 0.093435571 106
-10.62184 2.585073 0.025312914 217
-10.680093 0.16385081 0.10727694 167
-10.614141 0.30734679 0.1024247 162.33333
-10.695851 0.74848294 0.10606963 153
-10.606121 2.0349958 0.16026896 38
-10.558609 0.83029157 -0.039781574 176
-10.546616 0.97923934 -0.051356353 185
-10.533639 1.1159902 -0.056494102 182.5
-10.534725 1.2496049 -0.062885582 177.75
-10.543141 1.6280998 -0.0778758 171.33334
-10.570246 1.7521406 -0.081599697 167
-10.552879 1.9044442 -0.078437656 121.66666
-10.583099 2.0474761 -0.079273053 118
-10.51191 4.7812347 -0.047894996 121.5
-10.53061 0.24183354 0.066285752 155
-10.561541 0.3438206 0.07481432 172
-10.557604 0.45473364 0.067739762 164.2
-10.554072 0.55147505 0.076079264 180.25
-10.549114 0.6351217 0.070702627 184.14583
-10.535388 0.71966994 0.064135991 181
-10.56476 0.86622864 0.058039304 182.93333
-10.559937 0.95851266 0.074918225 181.16666
-10.558929 1.0381976 0.060843915 176.59525
-10.54236 1.1332783 0.05892358 173.4025
-10.542809 1.2412914 0.045160811 183.75171
-10.553442 1.3487741 0.040978719 181.56609
-10.577173 1.432524 0.032121852 187.55769
-10.563912 1.513545 0.052657675 181.7468
-10.551486 1.6283289 0.054069195 170.84444
-10.561396 1.7573317 0.047992576 167.79166
-10.553417 1.8273318 0.077879056 126.03333
-10.532929 1.9771191 0.091951221 91.625
-10.541119 2.5923598 0.035741888 151
-10.52191 2.731143 0.023885431 143
-10.51683 4.0546274 0.078496292 204
-10.545887 0.37824479 0.10192847 177.5
-10.556564 0.98809516 0.16480038 168.77777
-10.598473 2.0450499 0.11029815 74
-10.54978 2.5571117 0.17204838 206.75
-10.524422 2.6871643 0.15617153 197.41071
-10.525167 2.8215916 0.15867433 196.37143
-10.551239 2.9089963 0.15926503 202.54546
-10.553182 3.0191228 0.15480846 203.27272
-10.550124 3.1490436 0.157386 203.34616
-10.525964 3.2402873 0.16623397 204.28572
-10.511484 3.5656586 0.16143486 193.70589
-10.519913 3.6602938 0.10291969 205
-10.501113 4.3909264 0.12829894 183
-10.548721 2.5812042 0.25118735 206.5
-10.534335 2.7140949 0.26127344 205.09091
-10.558063 2.8231943 0.26091051 203.66667
-10.562442 2.9341919 0.25715536 202.16667
-10.558188 3.0441432 0.25336355 201.66667
-10.559395 3.1497915 0.22323744 202.375
-10.520268 3.2509916 0.22421174 202.66667
-10.524621 3.6510301 0.29268453 169
-10.438 0.93739527 -0.048730619 161.5
-10.463484 1.0972713 -0.059777685 173.5
-10.423534 1.2348917 -0.064749755 162
-10.409723 1.5505372 -0.033195712 164
-10.458236 1.6477351 -0.075710416 152
-10.485855 1.7821891 -0.081894316 152
-10.467875 2.6825664 -0.0034510051 131.25
-10.435407 2.8147836 -0.016256286 123
-10.404536 3.5634542 -0.00070030551 182.25
-10.441339 4.1990814 -0.0047506518 180.22223
-10.433786 4.3831973 -0.0068983417 180.63637
-10.446771 4.4913087 -0.017719371 181.2
-10.438012 4.558033 -0.018741243 180.66667
-10.421656 4.6116567 -0.0053810561 126
-10.471779 4.7049961 -0.034308136 127
-10.418574 4.944746 -0.05463209 210.16667
-10.471071 0.17114559 0.071663037 148
-10.466938 0.2560482 0.091790095 180
-10.417618 0.33611995 0.077382244 163.55556
-10.449816 0.46716061 0.075298488 186.35666
-10.46307 0.54073894 0.056844182 181.57776
-10.449533 0.628061 0.066776 185.42084
-10.449935 0.73337597 0.069139443 186.65436
-10.463606 0.82023591 0.059733909 180.68333
-10.441818 0.91738796 0.053286631 191.42857
-10.453884 1.0444385 0.059567239 177.73865
-10.455372 1.1336712 0.053724952 174.20834
-10.472836 1.3390627 0.042463429 175.20618
-10.447629 1.431774 0.033666302 175.98271
-10.472135 1.533615 0.038308855 175.69286
-10.472054 1.6486278 0.04191855 180.90909
-10.456282 1.7432048 0.060380068 155.66
-10.406754 1.8366621 0.082404241 90
-10.445024 1.9144827 0.067501798 132.66667
-10.434783 2.1658051 0.046775758 129.22221
-10.488654 2.2671208 0.019069785 139.33333
-10.447346 2.3271952 0.055800356 142.5
-10.436671 2.4398594 0.033565447 168
-10.455808 2.5850935 0.053718545 169.21875
-10.455883 2.6802292 0.057228286 194.15385
-10.440324 2.764179 0.045199547 172.19048
-10.440519 2.8673265 0.049554344 166.32051
-10.427076 2.95191 0.083757378 183.83076
-10.446289 3.0302262 0.074907169 187.65384
-10.440464 3.1250894 0.090908125 187.57843
-10.428863 3.2514603 0.014772753 189
-10.462871 3.3582232 0.056985039 199.08586
-10.458944 3.4450302 0.043355793 192.57948
-10.465693 3.5401275 0.05947588 181.4357
-10.466302 3.6092703 0.09263242 142
-10.440554 3.7721779 0.09238065 141.75
-10.408474 3.9667616 0.07318788 189
-10.436867 4.0683179 0.054790638 172.21933
-10.430429 4.1679387 0.051052675 164.53851
-10.426471 4.2739635 0.044197097 180.61531
-10.43475 4.3897924 0.070928141 182.74802
-10.441975 4.4983149 0.067191534 182.05882
-10.464119 4.5972729 0.045100637 182.88235
-10.4076 4.6554313 0.028130285 142.02083
-10.434975 4.7523584 0.030880282 113
-10.411082 5.2257919 0.083363451 198
-10.469513 0.25832 0.10640312 174.75
-10.47805 0.44869789 0.10141655 191.5
-10.440861 1.8683029 0.10179213 130
-10.430883 2.0701692 0.12563887 129.5
-10.442459 2.4786918 0.16424476 176.29166
-10.47838 2.585449 0.15895687 177.87878
-10.439926 2.7115855 0.14954184 176.21112
-10.459013 2.8397563 0.13621138 189.52234
-10.461164 2.943609 0.13626432 179.45419
-10.432885 3.035454 0.12267189 187.23529
-10.464585 3.1271987 0.13209042 176.10295
-10.436409 3.2790933 0.15714875 184.8
-10.436025 3.3607404 0.13597393 182.47285
-10.487282 3.4588256 0.15052612 193.43518
-10.471615 3.5469828 0.16620144 184.06667
-10.411556 3.7736592 0.17764878 185
-10.411919 3.8415878 0.13925201 183.85776
-10.421263 3.9476683 0.15175825 185.45753
-10.42355 4.0780044 0.14661437 183.55324
-10.434073 4.1751642 0.15004589 182.60109
-10.441313 4.258038 0.13938813 183.28856
-10.477941 4.3597283 0.17262886 178.5164
-10.452678 4.467196 0.14964838 181.09352
-10.458126 4.6232438 0.14803053 181.88235
-10.402712 5.250062 0.13204108 194.76923
-10.411778 5.4577575 0.15687492 205.27777
-10.448015 2.4963953 0.23021816 202
-10.442122 2.7334616 0.2181289 199.77777
-10.460958 2.8422899 0.20345704 196.78572
-10.467409 2.9392097 0.22057118 196.04546
-10.446843 3.0620368 0.24715078 195.48108
-10.483449 3.1374176 0.2410547 192.33334
-10.445822 3.2549722 0.24228483 193.55882
-10.454339 3.3526733 0.26343742 180.23865
-10.459235 3.518347 0.25839591 172.41026
-10.488247 3.6074007 0.25350901 170.04616
-10.414679 3.9364223 0.2275212 188.83334
-10.437637 4.0826693 0.21436974 183.03703
-10.470568 4.4888549 0.22718224 179
-10.401586 5.2824459 0.23319781 199.75
-10.430722 5.5237179 0.2244533 203.83333
-10.37368 1.0748934 -0.056860421 157
-10.321634 1.2209783 -0.068897262 150
-10.329661 1.5227469 -0.081193201 139
-10.387773 1.6634809 -0.084138669 142
-10.382003 2.6650214 -0.0068136239 128.5
-10.364547 2.7914944 -0.014371808 127.33334
-10.328641 2.913096 -0.021965606 126
-10.327693 3.57289 -0.012117974 178.56
-10.301606 3.8641655 -0.017883567 173.625
-10.33754 3.9626408 -0.025900852 177.375
-10.34359 4.044805 -0.032127399 179.2
-10.355398 4.1482573 -0.042583846 182.41666
-10.316685 4.2600975 -0.031094799 152.35898
-10.35935 4.386045 -0.0096582659 166.62962
-10.360019 4.4758196 -0.011115299 174.75
-10.321432 4.5613976 -0.047828287 165.3
-10.360512 4.6399355 -0.05016923 170.33334
-10.350473 4.7588053 -0.060476169 139.5
-10.386336 4.8356361 -0.061331958 128.83333
-10.307868 5.077857 -0.067165419 118.5
-10.335143 0.23885544 0.081525184 177.5
-10.372227 0.33369684 0.062578648 192.5
-10.335689 0.43472397 0.078661308 178.52777
-10.359377 0.56278282 0.079166405 187.55681
-10.324244 0.66093749 0.063976765 187.92857
-10.360687 0.73702127 0.059270408 186.07605
-10.343691 0.85196304 0.06514582 173.93529
-10.329123 0.96973383 0.069353551 169.33333
-10.36783 1.0281268 0.055132203 175.29808
-10.331638 1.1582003 0.044463404 168.79507
-10.368422 1.2313528 0.039709367 166.25734
-10.378274 1.3084509 0.030673437 164.6637
-10.355772 1.4534016 0.031271573 166.52121
-10.369939 1.557734 0.055933196 159.55556
-10.35504 1.6359434 0.036084022 162.36667
-10.374724 1.7573063 0.073936485 158.75
-10.37339 1.8188087 0.068772651 143.57143
-10.351604 1.9545695 0.076347642 122.91666
-10.335092 2.0456047 0.043643981 136.33333
-10.346112 2.1626163 0.018848548 133
-10.360775 2.252305 0.031341311 139.75
-10.354864 2.3660483 0.037420552 153.25
-10.399829 2.468086 0.036077507 159
-10.333259 2.5185397 0.038989034 161.6111
-10.332761 2.6361887 0.042531528 170.43056
-10.344377 2.7443664 0.040954921 172.55556
-10.337079 2.8566623 0.056922026 169.24687
-10.368517 2.9634905 0.044053663 164.08333
-10.325949 3.059391 0.046251997 157.81111
-10.347269 3.1351581 0.063586645 160.375
-10.362839 3.240325 0.013962205 191.3
-10.348721 3.3808918 0.028340777 169.02777
-10.343587 3.4415681 0.071073085 158.04076
-10.379646 3.547147 0.081613384 159.93925
-10.359442 3.6866131 0.055894669 169.90132
-10.344814 3.7557626 0.047156651 172.93929
-10.368609 3.845129 0.056559093 188.90657
-10.346094 3.9589181 0.039853092 168.18848
-10.370852 4.0422277 0.036068726 172.8118
-10.365895 4.166213 0.020151453 163.7796
-10.345588 4.2482767 0.030128941 162.73563
-10.354036 4.3442993 0.043566506 171.31355
-10.34317 4.4372659 0.053953171 138.66667
-10.356866 4.5281777 0.038903363 130.1111
-10.345256 4.6075912 0.026812188 111
-10.322733 4.8523464 0.078458548 176.90475
-10.397113 4.9648886 0.083256468 187
-10.376741 5.1848397 0.08591266 156
-10.360312 5.34022 0.090599984 145.25
-10.351209 5.5845242 0.091721132 133.66667
-10.370791 0.38900024 0.1008743 195
-10.398712 2.0332797 0.10187943 108
-10.336736 2.5374219 0.13186286 158.625
-10.385899 2.6205213 0.12947254 155.2
-10.338231 2.7363544 0.12582144 163
-10.374255 2.8163638 0.12194394 154.2
-10.306289 2.9238069 0.11518526 161.23077
-10.376651 3.0504045 0.14290424 181.04602
-10.371635 3.1279104 0.14506444 172.45
-10.346672 3.2571061 0.12987074 172.70972
-10.342675 3.3460546 0.11576865 183.58577
-10.381598 3.7770133 0.15938832 192.29681
-10.398084 3.8009229 0.19377914 192
-10.374895 3.9192524 0.14597566 191.43333
-10.394188 4.0487976 0.12121265 184.48718
-10.344856 4.3097053 0.12171479 191
-10.344154 4.6818886 0.18699358 184
-10.300797 4.7177386 0.14482512 182.55556
-10.326158 4.8040867 0.15481077 182
-10.366188 4.9573855 0.11190267 185.42241
-10.381848 5.0541286 0.13806859 192.35294
-10.357063 5.1296058 0.11718843 169.66667
-10.369767 5.4947953 0.12763812 172.75
-10.385574 3.8611152 0.22664656 192.90909
-10.376378 4.9552617 0.2214788 188.58823
-10.377461 5.0084567 0.2419419 190.07143
-10.377385 5.1157055 0.23501192 195.60001
-10.267883 2.6420999 -0.0085978173 142.625
-10.239019 2.7499914 -0.013346805 139.5
-10.240002 2.871438 -0.018782649 134.66667
-10.264916 3.0227089 -0.030564856 121.33334
-10.221335 3.1523633 -0.038287532 122
-10.209557 3.4939084 -0.0075049442 178.2
-10.224925 3.5995545 -0.022490939 172.80769
-10.225834 3.652483 -0.04763082 168
-10.252258 3.7594934 -0.020251339 169.42857
-10.264082 3.864429 -0.038749497 166.92592
-10.271846 3.9573312 -0.044831812 167.10345
-10.269952 4.0406885 -0.043813512 171.16667
-10.243177 4.1573553 -0.04022586 166.94597
-10.2641 4.2467427 -0.032093007 165.98558
-10.212915 4.3456402 -0.040277965 182.79762
-10.250134 4.4401135 -0.036275368 177.21875
-10.263515 4.552423 -0.033800799 172.96111
-10.24576 4.650064 -0.04466559 162.07048
-10.237827 4.7917242 -0.034765549 152
-10.25404 4.8634815 -0.062804237 128
-10.246016 4.9586592 -0.047881771 151.93333
-10.231493 5.0465193 -0.039164942 187.5
-10.251769 5.3736343 -0.0053822305 192.57143
-10.269087 5.4828601 -0.0049557812 206.5
-10.230723 5.5990319 -0.019748453 185.25
-10.281188 5.6623254 -0.014730501 209.66667
-10.20887 5.775775 -0.022784198 172
-10.240802 5.8273282 -0.021059448 210
-10.249156 0.13574888 0.058841813 189.25
-10.277004 0.27220342 0.081953466 192.05
-10.234521 0.35176119 0.078586236 174.66667
-10.241531 0.43098328 0.083122239 191.875
-10.249066 0.53475761 0.085403182 179.45476
-10.24789 0.64134508 0.083646335 181.68549
-10.27691 0.70508993 0.081377789 180.72223
-10.272856 0.82599872 0.060612179 169.69048
-10.282049 0.94733822 0.056145921 175.24933
-10.268944 1.0440248 0.042316951 160.00563
-10.235677 1.1032916 0.033846434 166.85417
-10.250862 1.2450407 0.024295878 163.77872
-10.276591 1.3387929 0.040964212 160.25749
-10.23501 1.4346309 0.033488166 172.22966
-10.258426 1.5398626 0.054119494 158.52501
-10.270557 1.6631334 0.045149002 157.52777
-10.255693 1.7443413 0.069366686 164.35965
-10.253595 1.8505141 0.080627695 133.05556
-10.224926 1.9745332 0.068753123 115.5625
-10.266334 2.0557785 0.022976324 131.33333
-10.255672 2.1518123 0.034347679 150.5
-10.238294 2.2420514 0.033486068 157.16667
-10.23219 2.3550713 0.031391926 157.44444
-10.271884 2.4459736 0.037632421 158.39999
-10.224581 2.5838065 0.04112374 172.16667
-10.255165 2.64884 0.03531589 173.85713
-10.229413 2.7595112 0.044795524 178.31564
-10.246759 2.8453312 0.051322274 175.42097
-10.259801 2.9585702 0.047637686 171.92261
-10.250411 3.0387747 0.050613623 169.14906
-10.241646 3.1538105 0.039371371 152.5486
-10.257309 3.2414615 0.037042361 177.26666
-10.255185 3.350564 0.047699004 160.47523
-10.269878 3.4459488 0.058294035 163.76561
-10.266855 3.5621519 0.083721235 150.09084
-10.246589 3.6616755 0.0081773633 173.86667
-10.254894 3.7245688 0.061056811 152.21004
-10.277281 3.8316112 0.043147102 165.06519
-10.228287 3.9408648 0.046172556 156.53807
-10.254921 4.0547919 0.033626404 156.48285
-10.250734 4.1508665 0.062170312 160.38393
-10.226898 4.2698145 0.045504399 134.95714
-10.263613 4.3520274 0.038388018 147.3674
-10.266177 4.4588442 0.038265962 153.11522
-10.255325 4.5439281 0.033570234 159.4729
-10.263375 4.6634121 0.031454813 141.93495
-10.262984 4.7498817 0.044032697 180.31805
-10.258268 4.8470154 0.039975971 168.46429
-10.238252 4.9520278 0.051008623 183.63841
-10.239247 5.0569687 0.052809648 181.76352
-10.228755 5.1417103 0.067192897 183.30342
-10.267368 5.2443304 0.052946292 181.04761
-10.24401 5.3674426 0.071420707 161.77777
-10.278205 5.4216895 0.086864576 139.75
-10.23764 5.5292635 0.062244996 172
-10.246182 5.6565514 0.068912782 159.36667
-10.262813 5.7428102 0.083669618 129
-10.231569 5.8559098 0.052543178 214
-10.240186 0.37256208 0.10178918 196.5
-10.216738 0.59782571 0.10474943 191.39999
-10.256853 0.66900766 0.106411 190.36667
-10.200808 0.73848742 0.10544486 187
-10.288909 1.8634359 0.11174434 143
-10.232991 1.9981755 0.11840058 108.33334
-10.287435 2.0799999 0.16350122 131
-10.256517 2.6425459 0.1260599 168.70834
-10.25331 2.760782 0.11907034 170.77777
-10.245111 2.8499689 0.10785199 174.48149
-10.256059 2.9661884 0.10952151 168.33333
-10.277476 3.0542057 0.12400046 174.03333
-10.248316 3.1433651 0.12620255 162.27196
-10.225113 3.2406385 0.11584659 179.63181
-10.229503 3.3319237 0.11471837 174.77777
-10.212646 3.5445313 0.1874183 133.10001
-10.280256 3.748317 0.13864024 134.0625
-10.23271 4.1706505 0.15377548 125
-10.257798 4.2372303 0.15990303 189
-10.29057 4.4473505 0.1604515 189.28125
-10.274218 4.5971413 0.15324114 185.05556
-10.269741 4.6708741 0.11317666 183.28572
-10.280701 4.7823763 0.13515954 192.41666
-10.29022 4.8409672 0.16182508 192.05833
-10.284556 4.9426212 0.13908672 195.60832
-10.257317 5.029839 0.14917006 193.51619
-10.266085 5.142436 0.13563564 198.51144
-10.251471 5.2973785 0.15904194 202.46153
-10.296236 5.4328656 0.14044952 204.21667
-10.271545 5.5571127 0.15196761 206.58333
-10.256199 5.7122259 0.14117572 210.33334
-10.210456 3.3005557 0.25885308 204
-10.256279 5.3156371 0.19998397 202
-10.172702 1.4687003 -0.0034423366 166.10597
-10.176006 1.7040343 -0.0033766113 169.125
-10.167677 2.6440215 -0.0034221653 148.2
-10.132073 2.7146442 -0.012458956 150.25
-10.165981 2.8363273 -0.020585045 145.5
-10.169443 2.9627137 -0.025606247 137.25
-10.103949 3.0450196 -0.0028314372 158.61539
-10.16814 3.1089578 -0.036126766 127.66666
-10.143339 3.527535 -0.0082197953 166.36345
-10.130384 3.6501336 -0.045525618 164.2774
-10.166168 3.7643003 -0.024093186 165.75757
-10.153129 3.8542657 -0.025978507 164.21429
-10.167342 3.952311 -0.024507016 148.73485
-10.160098 4.0665226 -0.032090247 149.26083
-10.154668 4.1463909 -0.048644189 162.01662
-10.141917 4.2483335 -0.042646624 170.22958
-10.147585 4.3497915 -0.038460046 164.73483
-10.14493 4.4493647 -0.038750488 175.91965
-10.153792 4.5350137 -0.044475436 177.25
-10.136204 4.6235404 -0.041181844 165.03011
-10.1673 4.7285457 -0.035872817 162.50035
-10.144226 4.8442564 -0.045683019 149.51602
-10.121922 4.9251795 -0.053756829 142.82927
-10.163283 5.0643802 -0.037305102 179.98334
-10.152796 5.4619184 -0.010639026 187.2
-10.138752 5.5321698 -0.0099978587 181.5
-10.124422 5.6478791 -0.012968706 176.41666
-10.110653 5.8763647 -0.020641003 161.25
-10.136971 5.9379492 -0.013882121 154
-10.115748 0.029713361 0.066399902 180.75
-10.161534 0.16680378 0.074339524 190.66667
-10.170055 0.25754458 0.09239056 193.16667
-10.131172 0.30885765 0.069697969 189.57143
-10.155887 0.43588233 0.083319351 175.1546
-10.146563 0.53099132 0.086971499 186.97501
-10.141443 0.62230277 0.072540864 177.36275
-10.156489 0.74994385 0.069508016 172.71638
-10.184109 0.80081302 0.04095326 170.86667
-10.147587 0.94582921 0.045549724 163.20421
-10.160358 1.031137 0.055568974 148.51495
-10.173655 1.1708838 0.055497684 148.10741
-10.175606 1.2297893 0.022242937 159.875
-10.154984 1.3480899 0.035399582 162.64346
-10.159295 1.4934628 0.057080612 180.21428
-10.162076 1.56196 0.043565653 165.44357
-10.148354 1.6791501 0.051018998 169.69322
-10.141316 1.7804127 0.058557708 152.26515
-10.133602 1.8779391 0.052873578 144.75
-10.133742 1.9700876 0.045912579 148.33333
-10.155973 2.0475378 0.04593591 159.3625
-10.16077 2.1485376 0.036451597 161.40001
-10.107227 2.2387147 0.015847938 142.33333
-10.140658 2.3398526 0.028840024 165.46031
-10.146832 2.4448824 0.035101466 177.42857
-10.192522 2.5455194 0.036728907 170.78571
-10.150653 2.6407051 0.048013691 177.18651
-10.14691 2.757791 0.069701552 178.93451
-10.143274 2.8548748 0.060664061 173.59433
-10.158483 2.9523542 0.042182062 173.03178
-10.150508 3.0626523 0.037779782 168.45148
-10.153227 3.1579356 0.04680549 157.34987
-10.148934 3.2438414 0.039966486 160.08611
-10.163427 3.341711 0.050109386 176.11945
-10.157086 3.4580293 0.048895828 156.47556
-10.136161 3.5604022 0.05221558 159.08838
-10.156702 3.6479263 0.043455284 164.48924
-10.147364 3.7645586 0.042870905 160.52724
-10.164559 3.8630941 0.054465901 155.54028
-10.152341 3.9682457 0.044393532 163.43791
-10.149963 4.0577679 0.056390729 158.80322
-10.164826 4.145494 0.053223349 169.62578
-10.135631 4.2517982 0.053255152 167.92961
-10.158897 4.3720846 0.069101728 132.875
-10.162814 4.4555941 0.030734425 150.21143
-10.156509 4.5520711 0.023572261 147.84723
-10.116508 4.7739859 0.052266382 171.76398
-10.152197 4.8414717 0.052630391 176.34427
-10.162953 4.942965 0.02527158 184.92064
-10.139741 5.0593476 0.039185014 182.12181
-10.16498 5.1450138 0.027480312 180.85161
-10.16998 5.2293272 0.039768763 185.13312
-10.147223 5.3435278 0.048030715 182.11041
-10.168586 5.4688377 0.059884656 171
-10.138408 5.569171 0.037430122 191.66667
-10.153605 5.6521254 0.070794165 186.48959
-10.12302 5.7627416 0.083713718 163.91666
-10.100126 5.8189826 0.034027241 190
-10.148991 0.29119352 0.10149542 196
-10.105304 0.40091071 0.10143004 196.39999
-10.126871 0.57793921 0.10604694 190.57143
-10.136108 0.67632508 0.10696567 186.875
-10.163224 0.98769146 0.143168 120.5
-10.127721 2.043221 0.14778362 114.5
-10.148571 2.6825716 0.11932407 177.125
-10.197852 2.7756119 0.11081712 176
-10.161587 3.0676024 0.13977519 189
-10.140972 3.1739182 0.15501906 184.87621
-10.148181 3.2383895 0.13438387 184.19444
-10.14046 3.3237619 0.10641959 162.25909
-10.17747 3.4074895 0.10564431 145.77777
-10.192944 3.5097008 0.11004938 147.75
-10.170067 3.9283283 0.1842484 155.16666
-10.123888 4.1552877 0.1276429 133.5
-10.14361 4.2666154 0.1460959 163.68333
-10.160896 4.3360138 0.11466034 118.38425
-10.122981 4.7378893 0.16533755 197.26648
-10.121644 4.8540883 0.13488731 195.39999
-10.194124 5.1527977 0.1229943 204.5
-10.163038 5.2355461 0.10437186 201.07143
-10.169313 5.3150091 0.10916857 199.14584
-10.153004 5.4676204 0.15179865 203.21274
-10.175383 5.51511 0.13246374 204
-10.169678 5.6541414 0.19752669 204.83333
-10.142887 5.7626314 0.17007422 206
-10.149157 1.9977897 0.26664978 52.5
-10.106304 2.1203928 0.20027781 126
-10.107525 3.1646495 0.27521136 200
-10.199368 3.2056925 0.23718543 205
-10.187827 5.1702619 0.21268335 203.46153
-10.18596 5.2554898 0.20898849 203.28572
-10.175688 5.3416262 0.20564695 203.14285
-10.155971 5.5297298 0.20442635 203.66667
-10.066481 1.4334086 -0.002793466 165.41957
-10.071997 2.7923481 -0.014830547 147.39999
-10.043819 2.9423265 -0.02481108 146.77499
-10.084677 3.0408304 -0.030606193 139.75
-10.061331 3.1710584 -0.015522732 162.07143
-10.042149 3.3597763 -0.036200285 131.65477
-10.020474 3.5410149 -0.020735033 170.20634
-10.032355 3.6320972 -0.042723462 163.88158
-10.060224 3.7622249 -0.030084975 159.97554
-10.056249 3.8316216 -0.042883493 156.38535
-10.067949 3.9429269 -0.060257889 159.8246
-10.070147 4.0579348 -0.035179138 157.19687
-10.049646 4.1622353 -0.05167171 162.58087
-10.055984 4.242979 -0.046086881 167.77238
-10.03829 4.345953 -0.042991403 156.57486
-10.083404 4.4261761 -0.028726663 149.125
-10.063141 4.5381513 -0.021454416 161.88222
-10.051159 4.6351442 -0.034532472 161.03166
-10.016198 4.7378364 -0.036425784 159.53398
-10.060594 4.8398905 -0.046660695 167.31598
-10.040692 4.9675589 -0.058492348 168.70454
-10.069968 5.1400242 -0.0033528518 179.5
-10.028445 5.2184567 -0.009883658 179.77272
-10.040083 5.3789306 -0.0018057545 186.25
-10.053774 5.5366635 -0.011974382 186.66667
-10.04336 5.7358131 -0.013763404 173.875
-10.080459 5.809813 -0.022532204 168
-10.006251 6.0004435 -0.016004965 154
-10.013824 -0.056900825 0.069838136 170
-10.008243 0.011044237 0.06962958 178.75
-10.014869 0.1182057 0.070800141 189.5
-10.0455 0.25506383 0.080581695 191.08333
-10.079502 0.39822429 0.088990733 195
-10.050997 0.42122817 0.07838846 187.75
-10.043132 0.54264224 0.065362059 176.68633
-10.055239 0.65443087 0.08741653 184.25552
-10.051823 0.7433722 0.063814685 173.26729
-10.058056 0.82693839 0.061054103 173.55893
-10.081283 0.96288711 0.050066177 161.85336
-10.081946 1.0489887 0.049472056 160.9064
-10.056441 1.3520131 0.052708112 162.79369
-10.039054 1.439468 0.063918024 174.29546
-10.042032 1.5610027 0.059196275 175.03236
-10.055982 1.6787616 0.050045408 170.71613
-10.043989 1.7702231 0.046884712 156.77435
-10.050645 1.8592969 0.082603157 141.13333
-10.078232 1.956338 0.065517277 125.48705
-10.055452 2.0477016 0.055713311 146.89319
-10.061746 2.1623094 0.051881623 121.55
-10.0373 2.2733269 0.036723804 183.10715
-10.029508 2.3714545 0.024368171 157.29047
-10.066546 2.457655 0.03699458 169.22501
-10.032739 2.5735111 0.034714352 162.88889
-10.052125 2.6450717 0.02840551 166.29451
-10.048489 2.7448628 0.043121856 175.28271
-10.045042 2.841907 0.052845299 172.45212
-10.052332 2.9541504 0.048612941 157.60661
-10.040022 3.0472124 0.047137186 158.9088
-10.048799 3.143636 0.044953544 161.50291
-10.051888 3.2547901 0.050219711 170.45438
-10.063847 3.3515196 0.065240242 165.7576
-10.055555 3.4376106 0.022909909 159.01929
-10.047656 3.5536044 0.036173847 143.85951
-10.037463 3.6755886 0.042242512 159.64145
-10.054024 3.7690308 0.032636244 160.6826
-10.071865 3.8762224 0.053524189 146.61649
-10.063473 3.9565644 0.044820625 172.05551
-10.065462 4.0550275 0.06545826 171.85962
-10.039138 4.1620717 0.053616825 172.57222
-10.079965 4.2365808 0.060809411 157.66
-10.032205 4.3375826 0.047843006 160.99432
-10.019532 4.4382753 0.038696487 145.60666
-10.031822 4.5435586 0.037202895 146.93056
-10.023856 4.6288128 0.02802771 136.8
-10.047061 4.7090626 0.041514423 155.03053
-10.044168 4.8326735 0.027711829 165.23238
-10.061292 4.9542174 0.049828898 181.43109
-10.051187 5.0315843 0.046157055 182.60889
-10.047101 5.1517916 0.052277286 175.19643
-10.069194 5.2618537 0.040151879 174.50114
-10.017613 5.3575006 0.0091142403 185.8
-10.044304 5.4401293 0.034376286 179.40572
-10.058223 5.5295429 0.052282196 172.28889
-10.075638 5.628572 0.053560223 168.6111
-10.031134 5.7411146 0.046309885 185
-10.050845 0.19852634 0.10344483 191
-10.031689 0.2747418 0.10432614 197
-10.003934 0.38360068 0.10425012 195.8
-10.032027 0.4936448 0.10997055 192.39999
-10.036526 0.5778752 0.10696593 189.28572
-10.043594 0.65607083 0.10720052 186.33333
-10.020757 0.76592362 0.10135837 180
-10.054711 0.8997637 0.13527888 172
-10.039686 0.97891617 0.17050932 126.60326
-10.047546 1.8401431 0.11150324 135
-10.003325 2.064513 0.13840972 110.6875
-10.06783 2.1948302 0.16730538 119.375
-10.072629 2.2380059 0.12342279 110
-10.029442 2.7541826 0.11012527 154.85001
-10.057188 3.0687089 0.13448864 171.60001
-10.0393 3.1163964 0.1374221 159.44167
-10.056923 3.2451863 0.11724386 179.72223
-10.07761 3.3398321 0.11036021 174
-10.025832 3.8804519 0.13005084 130.07692
-10.037859 3.9483969 0.16160004 138.125
-10.054523 4.0627837 0.19380037 128
-10.027765 4.1460576 0.13828762 138
-10.099735 4.8633785 0.18478848 194
-10.08461 4.9646568 0.14158177 193.625
-10.090015 5.0029507 0.17126909 192.08333
-10.008368 0.96978736 0.20728518 121
-10.017611 1.9413508 0.27039304 82.449997
-10.019681 2.0361216 0.21601762 139
-10.063087 2.1283052 0.22394419 59
-10.044962 3.9911041 0.20891857 131
-9.9128942 2.4342437 -0.02254851 163
-9.9435425 2.5962234 -0.0064089154 128
-9.9484634 2.7642477 -0.0018015662 161.95833
-9.9656668 2.894361 -0.016049625 147.42857
-9.9651213 3.2599194 -0.017494878 151.32988
-9.9597816 3.378727 -0.0045541883 156.55484
-9.9303761 3.4028821 -0.0010753116 163.87341
-9.9214811 3.5576506 -0.021795725 169.31885
-9.9295235 3.6230738 -0.027738864 165.51093
-9.986515 3.7371385 -0.038127176 164.64949
-9.9745874 3.8348029 -0.06911771 160.89032
-9.985961 3.9502282 -0.06981197 157.26831
-9.9567451 4.0400715 -0.050462022 149.75623
-9.9403687 4.1777172 -0.052639507 165.41562
-9.9584541 4.2330661 -0.0290381 164.56732
-9.9368267 4.3500724 -0.035964798 157.99377
-9.9304552 4.4504619 -0.017280353 155.87396
-9.912735 4.5666919 -0.05491722 154
-9.9349794 4.6774817 -0.04169517 163.32364
-9.9328499 4.749938 -0.049590673 159.64395
-9.9563541 4.9454827 -0.0083706854 171.98245
-9.9408627 5.0478759 -0.017290503 170.62828
-9.9267311 5.1558018 -0.020578675 172
-9.931982 5.3474016 -0.016775787 180.52467
-9.9977522 5.4523711 -0.0045832987 187
-9.9307823 5.5238495 -0.0049170121 187.25
-9.9629097 5.6425271 -0.014128421 181.93333
-9.9321604 5.7596769 -0.021204982 174.66666
-9.9463234 5.8118773 -0.013382274 173
-9.9881487 5.9327016 -0.027144773 162.8
-9.9016638 0.099971935 0.077022731 185.8
-9.9150476 0.1742056 0.088790379 184.5
-9.925849 0.23086101 0.085182838 188.4375
-9.9366131 0.32909843 0.079513818 187.29631
-9.9805317 0.4090966 0.089449801 195
-9.9471931 0.5448367 0.068306625 176.62561
-9.9482002 0.66464525 0.079833254 178.50537
-9.9655542 0.76956952 0.076557837 176.77184
-9.9414711 0.85027391 0.046648253 167.55927
-9.9698114 0.95000422 0.056833751 165.50731
-9.9545441 1.0331622 0.053455301 166.21927
-9.960206 1.1840485 0.058862112 175.39285
-9.9411707 1.2474171 0.067028575 169.89825
-9.9647989 1.3595665 0.062465247 176.58311
-9.9594679 1.4763566 0.049770761 175.07634
-9.9582062 1.5584596 0.051233009 178.35695
-9.9534321 1.6352257 0.061127227 177.8734
-9.9515085 1.7374933 0.067661732 172.53299
-9.9721851 1.85375 0.063078783 155.48106
-9.9572849 1.9643762 0.052594613 137.82738
-9.9404402 2.0466321 0.060242474 136.90001
-9.9558735 2.1638417 0.03436216 143.76845
-9.9598885 2.2582259 0.043266416 142.35118
-9.9233246 2.327601 0.024818102 172.13158
-9.9410124 2.4427536 0.02053979 155.97778
-9.9521227 2.5646367 0.039702419 169.47116
-9.9526424 2.66276 0.015569832 161.37195
-9.9489126 2.7810528 0.050343174 170.06184
-9.9437323 2.8593798 0.058284923 162.40918
-9.955493 2.9472826 0.055480175 163.06604
-9.9428253 3.0550594 0.035516322 150.69095
-9.963562 3.1509051 0.026785044 166.76718
-9.9339371 3.2603741 0.027655084 175.99602
-9.964323 3.3514147 0.031485271 169.8455
-9.9627476 3.4568341 0.049645651 157.57959
-9.9792547 3.5473883 0.018438019 162.13879
-9.9192934 3.6476536 0.021929663 166.40948
-9.930337 3.7290351 0.034503631 155.76299
-9.944458 3.8439095 0.041272935 154.87442
-9.9440594 3.9556115 0.052996382 168.41142
-9.9496794 4.0433469 0.054402657 174.11665
-9.9637203 4.1444693 0.056660298 167.73334
-9.9584017 4.2363372 0.048651326 157.96428
-9.9382915 4.3123264 0.044153016 145.75
-9.9559383 4.438477 0.020551799 163.60001
-9.9383144 4.553319 0.016573403 163.34138
-9.9407501 4.6668487 0.01488573 159.64247
-9.9791203 4.7651534 0.037832692 166.78203
-9.9303541 4.8475194 0.03094741 159.62297
-9.951725 4.9529018 0.030222245 162.64528
-9.9416103 5.0226774 0.05546378 181.17577
-9.9683456 5.1145134 0.050411511 181.55882
-9.9612732 5.2372131 0.045136496 179.93939
-9.9659863 5.3430514 0.043984875 181.38788
-9.9392414 5.4480901 0.03544822 175.85335
-9.9776068 5.5668588 0.053058174 170.42223
-9.9554415 5.6529889 0.05320926 168.8
-9.9738855 5.7244978 0.065827154 129.5
-9.9795818 5.8199711 0.064161167 126.5
-9.9184904 0.24156228 0.10976245 196.2
-9.9200373 0.51476032 0.11563428 192
-9.9388437 0.60013187 0.11441054 187.5
-9.9269161 0.74192578 0.10420422 179.5
-9.9001102 0.89000177 0.18131655 178.25
-9.9615202 0.97361362 0.14248376 137.49432
-9.9820213 1.5801007 0.17179072 125.48376
-9.9464159 1.6089746 0.18478459 136
-9.9779863 1.999499 0.10339218 101.2
-9.9970102 2.0430968 0.13744715 110
-9.9655199 2.1755662 0.18586056 92.555557
-9.9529171 2.2370572 0.16933392 119.33334
-9.9285975 2.4616168 0.11487997 144
-9.9848413 2.7524848 0.10375887 141.66667
-9.9133129 2.9893978 0.16034615 124.125
-9.9465523 3.0471573 0.13041928 135.98076
-9.9883566 3.1266129 0.17101122 125
-9.9107046 4.1385036 0.10620216 130.57143
-9.9171896 4.9456725 0.13318627 130.65385
-9.9327965 5.2302704 0.13548544 138.5
-9.9477234 5.3763804 0.10023181 148.5
-9.9566412 0.95325094 0.21023642 154.25
-9.9113245 1.9494857 0.27889484 84.3125
-9.9692831 3.09128 0.20270333 128.35715
-9.9799814 3.13134 0.22816174 123.81818
-9.973258 4.1672053 0.24775065 140
-9.919322 1.9353312 0.30815417 81
-9.8463783 2.2707319 -0.021853395 173.73334
-9.8963728 2.3395791 -0.020678284 171.60001
-9.8355227 2.422241 -0.02133834 171.03703
-9.8494434 2.5746875 -0.0019947018 131
-9.8638992 2.6641233 -0.021801887 154.62222
-9.8348904 2.7515781 -0.018501157 156.35603
-9.8655605 2.8473294 -0.0054664137 159.90289
-9.8278923 2.9496441 -0.013921283 170.52951
-9.8663378 3.0518577 -0.01531205 144.16896
-9.8815498 3.1398048 -0.0019741494 138
-9.8352089 3.5586152 -0.0096448977 162.55556
-9.8374376 3.6445091 -0.028218959 156.94121
-9.8665838 3.7965183 -0.056386407 157.3447
-9.8841457 3.8607597 -0.059817728 154.12816
-9.849534 3.9263592 -0.057218019 151.99731
-9.8458719 4.0886998 -0.039257344 164.69565
-9.8655357 4.1582298 -0.026957376 163.98724
-9.8745012 4.2641702 -0.032026712 161.65277
-9.8616161 4.3475027 -0.02346977 157.91751
-9.8488178 4.4511142 -0.02020005 154.00926
-9.8578548 4.5497937 -0.039920829 158.71692
-9.8585663 4.6576853 -0.046454102 160.53735
-9.8525791 4.7478318 -0.022284575 151.9919
-9.8531208 4.8718376 -0.035206135 145.39799
-9.8330574 4.9650178 -0.030433018 142.83667
-9.8370724 5.0947952 -0.021979023 167.34616
-9.8670549 5.2386751 -0.023738254 171.39999
-9.8104906 5.3122773 -0.019952621 173.93103
-9.8344707 5.4581695 -0.010551322 183.47501
-9.8471441 5.5776029 -0.0046957638 187
-9.880106 5.6044221 -0.0094824918 187
-9.8097715 5.7049756 -0.021235129 182.66667
-9.8333139 5.8314157 -0.024846449 176.39999
-9.8558159 5.9513607 -0.028948443 160.66667
-9.8697748 6.0308485 -0.027805611 155
-9.8837299 6.1020555 -0.032639608 154
-9.8974991 0.0031814387 0.075535893 174
-9.8034067 0.11111734 0.075435162 183.25
-9.8229551 0.25609636 0.083851315 188.34285
-9.8442192 0.34679624 0.076920219 187.33334
-9.8720589 0.44257611 0.082787126 185.70001
-9.8487129 0.65375149 0.094855502 183.07692
-9.8780584 0.70600665 0.09125004 183.88889
-9.8370991 0.83730054 0.064650267 172.93645
-9.8742771 0.95180482 0.070220701 169.26059
-9.8578281 1.0564739 0.057667267 167.10999
-9.8484516 1.1898419 0.051480442 169.98518
-9.8616371 1.2561975 0.075862251 174.75465
-9.8506794 1.3576959 0.058755834 178.13734
-9.8588305 1.4591166 0.05825936 176.20479
-9.8473558 1.5701724 0.047111373 181.57573
-9.8503571 1.6478474 0.065719038 177.50032
-9.8269081 1.7336167 0.078125753 173.17856
-9.8582058 1.8347399 0.056278348 161.4724
-9.8631859 1.9270662 0.066361152 142.91666
-9.8601503 2.0201576 0.043223437 132.2381
-9.8445187 2.1426528 0.039896421 138.18333
-9.8593168 2.2677782 0.044250317 146.47592
-9.8145704 2.3509421 0.032223612 182.62088
-9.8582926 2.4559376 0.025910916 164.91667
-9.8571558 2.5687525 0.048597708 129
-9.8712435 2.662307 0.028720023 182.17778
-9.8521776 2.7311447 0.049727656 180.59821
-9.8548708 2.8507278 0.055616166 165.56004
-9.8549538 2.9373939 0.05024147 158.34593
-9.8516293 3.0319874 0.032300882 162.66931
-9.8562412 3.1394382 0.03835129 151.8042
-9.851634 3.2243674 0.020922581 178.60542
-9.8798437 3.3318093 0.022260327 165.64584
-9.8655891 3.4391823 0.010879152 160.31854
-9.8524055 3.5158644 0.0088753896 156.50049
-9.8473024 3.6538048 0.063142166 150.47105
-9.8478718 3.7400281 0.04793632 153.16972
-9.8358021 3.8312297 0.048210565 158.90652
-9.8637142 3.9322093 0.045478199 171.76666
-9.8640318 4.048583 0.051805116 180.11783
-9.8648386 4.1390867 0.04989567 171.63243
-9.8556814 4.2488513 0.043385562 157.39502
-9.8613186 4.3381014 0.041797224 145.18875
-9.8536625 4.4456468 0.035889111 136.79167
-9.8524513 4.5359879 0.013347077 148.67857
-9.8549309 4.6263084 0.019723518 140.7697
-9.8505144 4.7526536 0.0095154354 150.42064
-9.8419161 4.8551035 0.035616279 161.13872
-9.8654051 4.94941 0.017813301 160.16722
-9.8160095 5.0503297 0.016233295 164.79112
-9.8699951 5.1511183 0.03845552 163.78372
-9.8003626 5.2584677 0.055317871 148.57143
-9.8576527 5.3454909 0.044044979 162.38673
-9.8028498 5.4209871 0.028728608 174.32259
-9.8660812 5.5343299 0.03722024 181
-9.8722 0.050901789 0.17107739 87.055557
-9.801384 0.28187189 0.10920461 197.39999
-9.8991241 0.39835253 0.10704922 194.8
-9.8024607 0.40159312 0.10818788 194.8
-9.8489933 0.52684402 0.11079 191.375
-9.837431 0.63328129 0.10653862 187.69281
-9.8307819 0.74656022 0.10633728 178.7
-9.8124771 1.5950001 0.1767709 145
-9.8888302 1.6644648 0.13049358 149
-9.8722582 2.0299659 0.13367239 109.16666
-9.8365784 2.2302389 0.17818703 74.166664
-9.8115845 2.3007662 0.16021343 118
-9.8183107 2.4774401 0.16289936 142
-9.8996992 2.6584129 0.15568329 144
-9.872942 2.9439571 0.13197418 121
-9.8509884 3.3816628 0.13336471 123.57143
-9.8640614 3.4588854 0.13880682 126.125
-9.8667727 3.5599232 0.15911986 145.13095
-9.8023653 3.6678488 0.19681261 132.33333
-9.8192272 4.2516303 0.15891014 138
-9.8217754 4.3832717 0.10155761 119
-9.8734112 5.0465155 0.13319483 188.75
-9.8424358 5.1309581 0.16412596 173.59999
-9.8621445 5.2720451 0.15458909 187.7
-9.8690577 5.3787918 0.16101462 188.66667
-9.8439999 5.4768662 0.1612981 188.875
-9.8896284 5.5876675 0.15311427 190
-9.8140783 5.6902156 0.1666622 191
-9.8329649 5.7027469 0.15734245 193
-9.8293638 -0.093042038 0.29564568 62.5
-9.8486624 0.050021656 0.25243485 86.083336
-9.8873463 1.5566771 0.22636798 122
-9.8021688 1.9849993 0.27202412 62.900002
-9.8535843 2.1764047 0.20054837 71.666664
-9.8440657 3.5604367 0.23172665 121
-9.8545341 5.0361519 0.23535343 127.5
-9.7556982 2.1734078 -0.015431353 176.38034
-9.7072716 2.2812462 -0.019129639 164.74286
-9.7536945 2.3763213 -0.023744309 166.5
-9.7188225 2.4940772 -0.0045470623 171
-9.7378407 2.5519407 -0.022557069 157.08409
-9.7750273 2.638118 -0.027503084 170.75658
-9.7518997 2.7186866 -0.037874348 165.37662
-9.7461252 2.8203113 -0.027734302 165.8614
-9.725606 2.9189942 -0.012940689 165.73143
-9.7381554 3.0594339 -0.016495638 161.22223
-9.7192564 3.1800826 -0.041380152 120
-9.7960997 3.5175421 -0.0066285366 144.8
-9.7468109 3.6471386 -0.026603142 145.17456
-9.77526 3.7948289 -0.036215983 147.85437
-9.7628288 3.8662775 -0.033354383 144.53572
-9.7603683 3.9814007 -0.037597846 163.46939
-9.7443848 4.0545683 -0.044919074 167.93063
-9.755064 4.1633372 -0.037821084 164.13466
-9.7562294 4.2435164 -0.034355726 162.29384
-9.7334614 4.3377781 -0.030478641 158.86172
-9.745574 4.4587002 -0.03305541 163.47823
-9.7579479 4.5431032 -0.028865352 164.92418
-9.7633457 4.6467071 -0.02957752 160.76009
-9.7480984 4.7449408 -0.032677069 150.17238
-9.7530193 4.8450155 -0.047510389 136.94231
-9.7492867 4.9339504 -0.030068174 146.73207
-9.768096 5.027956 -0.020675095 156.69231
-9.7581062 5.136642 -0.016345287 155.94499
-9.7470274 5.2704601 -0.016123611 139.21428
-9.7607069 5.4145565 -0.01911458 179.83333
-9.7769318 5.5404377 -0.0076664737 185.625
-9.7588406 -0.12858333 0.077902153 163
-9.780405 -0.011098997 0.077674672 172.2
-9.7949772 0.077577166 0.083361313 180
-9.7803373 0.19676399 0.092174597 180.33333
-9.7724628 0.45042366 0.092800118 193.33333
-9.7238121 0.6947087 0.094107293 181.28572
-9.7134295 0.85777867 0.074560352 175.57741
-9.7746162 0.93591923 0.06913662 172.00739
-9.7652121 1.0580211 0.067875266 168.10182
-9.7779922 1.1814774 0.051957659 174.60527
-9.7699823 1.2371161 0.068558715 171.56096
-9.7628136 1.33674 0.063524999 182.45265
-9.7583694 1.4468629 0.056665745 176.08649
-9.7492771 1.5682713 0.062036913 185.81125
-9.7250004 1.6480098 0.047548968 188.0119
-9.7339268 1.7092367 0.075668223 187.67857
-9.7482243 1.8356452 0.077543922 145.18001
-9.7554331 1.913563 0.071415417 137.95
-9.7563295 2.0327179 0.073673941 122.8
-9.7691364 2.1621151 0.043616511 119.16667
-9.7405415 2.2133052 0.092070349 101.375
-9.7571564 2.3317742 0.020847945 160.53333
-9.7458525 2.4357076 0.023107883 159.69444
-9.7144947 2.532582 0.048426751 148.16666
-9.7936945 2.6146467 0.075832322 173
-9.7029171 2.7393751 0.044745449 190.66667
-9.7477598 2.851156 0.059550129 162.95996
-9.7551241 2.9329934 0.052226663 161.62556
-9.7625408 3.0381045 0.062225394 156.48047
-9.7671242 3.1264699 0.013779045 185.125
-9.7713985 3.2878003 0.017536886 190
-9.7459354 3.3482056 0.019566646 164.66666
-9.7542543 3.4489336 0.030373087 153.30569
-9.7659788 3.5342166 0.053805754 161.86983
-9.7316465 3.6333561 0.044159882 167.02403
-9.7200794 3.7316098 0.038581576 167.53487
-9.751543 3.8520622 0.043137912 178.00725
-9.7571888 3.9425242 0.046989504 175.82085
-9.7561855 4.0530639 0.055612382 168.60553
-9.7678013 4.1499438 0.047448058 165.70535
-9.7296896 4.2428517 0.03709989 164.08842
-9.7549925 4.3517814 0.025726881 144.59007
-9.7414074 4.4422526 0.045369018 145.8242
-9.7687244 4.5592928 0.026134066 138.87999
-9.7348957 4.6518068 0.012768172 138.83333
-9.7384548 4.7431402 0.019671697 128.19762
-9.7272224 4.8396659 0.03861405 148.61539
-9.7620373 4.9986982 0.00098994316 172.58824
-9.7305756 5.0541568 0.040868971 149.99677
-9.7473412 5.1318893 0.036022373 151.28014
-9.7419853 5.2301412 0.023186926 153.46875
-9.7633963 5.3547659 0.022405384 160.56586
-9.7507572 5.4701462 0.042589124 146.41666
-9.7275181 5.597578 0.037157271 136
-9.711998 5.6753798 0.044220541 126.33334
-9.7025356 0.40104458 0.11220823 196
-9.7275009 0.55000657 0.12201121 190.22858
-9.7598314 0.65372461 0.10657816 186.94287
-9.7292757 0.77991611 0.10953977 178.14285
-9.7844887 1.8644861 0.10907269 135
-9.7210407 1.9158596 0.10188989 144.75
-9.7095881 2.2439673 0.14795771 112.2
-9.7642403 2.6423094 0.17123477 143.46667
-9.7038383 2.9543979 0.19114836 141.18182
-9.7513866 3.4755061 0.15765363 137.25
-9.7652369 3.5490439 0.15973601 140.06349
-9.7735176 3.6897297 0.14528282 146
-9.7875109 4.460309 0.14668615 129.125
-9.7657185 4.5399413 0.1500918 122
-9.704217 4.7078872 0.17297433 134
-9.7626486 4.884799 0.11399272 137.94444
-9.7166986 4.9432158 0.11302764 195
-9.7636948 5.0538955 0.13644457 187.02777
-9.7471809 5.149159 0.1381723 186.66666
-9.764595 5.245347 0.14602035 187.11539
-9.753788 5.3616261 0.15390448 185.34486
-9.7251492 5.4630046 0.15470137 187.11665
-9.794157 5.5813928 0.16447021 189.5
-9.7176418 5.6059384 0.16511932 186.5
-9.765255 5.7595887 0.1650577 187.33333
-9.7392044 5.8459282 0.16831848 185.5
-9.7622538 1.5575465 0.22908096 142
-9.76406 3.6903694 0.22294429 153
-9.7408285 3.7480934 0.20021184 157
-9.7670612 3.8186128 0.23257822 156
-9.7160511 3.9042304 0.21833049 135
-9.7216053 4.6041036 0.20392683 125
-9.6242714 2.2536108 -0.015148896 148.6875
-9.6593475 2.3187141 -0.023457399 149.25
-9.6526251 2.5183821 -0.014511542 154.59525
-9.6359367 2.6606188 -0.042211447 157.375
-9.6674852 2.7488556 -0.024004949 167.08617
-9.6630135 2.846133 -0.0159989 164.40741
-9.6320448 2.9372187 -0.027062306 151.21527
-9.6436396 3.049571 -0.014061959 157.9702
-9.6637506 3.1311514 -0.038468864 126
-9.6498508 3.650351 -0.00916804 141.93939
-9.6672935 3.768924 -0.034622848 143.38176
-9.679143 3.8927219 -0.032048292 140.19736
-9.6616497 3.9670286 -0.034502521 137.42426
-9.637886 4.0426726 -0.039752167 179
-9.6593304 4.1724811 -0.031175004 174.86134
-9.6637611 4.2755885 -0.033654306 164.65186
-9.646944 4.354003 -0.019286025 162.17549
-9.6629696 4.4392176 -0.018372493 166.22148
-9.6298618 4.5405717 -0.035434086 158.43944
-9.6699839 4.6493936 -0.021883458 162.89273
-9.6566496 4.7396054 -0.023014888 169.80392
-9.6424961 4.8503246 -0.037040815 161.95657
-9.6535053 4.9428535 -0.029884273 162.03201
-9.6129608 0.18143268 0.099029899 169
-9.6809797 0.2961452 0.096387856 183.66667
-9.6757193 0.39988977 0.095078029 191.5
-9.6930933 0.5185678 0.097235769 194
-9.6646862 0.71518707 0.098323189 181
-9.6585169 0.83137178 0.093435615 176.2
-9.6551685 0.94864023 0.078742348 163.8335
-9.6690226 1.0603094 0.073364735 160.82906
-9.6645956 1.1694727 0.074708588 160.67619
-9.6735229 1.2778277 0.061471961 183
-9.6510649 1.3536235 0.064962827 174.45251
-9.6728449 1.4763606 0.062583752 186.4657
-9.6469412 1.5550586 0.068908699 180.97485
-9.6603785 1.656738 0.064630479 175.27885
-9.688735 1.7872614 0.065935202 189
-9.6593075 1.8508729 0.080025665 148.67857
-9.6562462 1.9509923 0.068568036 139.5381
-9.622879 2.0472991 0.067372479 151.08333
-9.6483564 2.1666155 0.061324131 118.97778
-9.6432638 2.3241787 0.016055051 158
-9.6596346 2.4446487 0.049176924 152.11111
-9.637414 2.5238819 0.0059902552 164.37097
-9.6566925 2.6414633 0.0011019126 165.48148
-9.6090288 2.7719758 0.062658869 161.33672
-9.6446333 2.8512554 0.05823781 162.62094
-9.6501541 2.9246454 0.029622683 158.01355
-9.692029 3.0364571 0.0075529241 179.66667
-9.663826 3.2805562 0.022422912 163.25
-9.6233196 3.3285358 0.00086733728 164.33333
-9.6685438 3.4504235 0.031389508 163.70512
-9.6557426 3.5303009 0.039564792 155.50163
-9.6276836 3.6673634 0.041726179 168.57564
-9.6538267 3.7405174 0.057040326 169.20613
-9.6472788 3.8571489 0.060157504 161.04564
-9.6626434 3.956841 0.042106204 171.37907
-9.6495304 4.0325861 0.044986498 172.16666
-9.6703634 4.1661944 0.036087181 159.63701
-9.6517925 4.2659822 0.031120913 165.8557
-9.6506767 4.3469844 0.038348418 142.9697
-9.6223335 4.44911 0.031359866 137.46429
-9.664052 4.5315022 0.023586765 132.33333
-9.6371241 4.6236567 0.030562688 137.07143
-9.6493235 4.7414279 0.013636849 152.25893
-9.6566868 4.8375034 0.037467048 134
-9.6499557 4.9168777 0.028440332 157.91666
-9.6659412 5.0595703 0.025719367 160.39545
-9.6439295 5.1514716 0.048114929 151.33456
-9.6567802 5.2531581 0.023224523 154.79762
-9.6836014 5.336009 0.035886589 149.39999
-9.6545238 5.4305983 0.029781338 148.5
-9.6313114 5.5043254 0.030734414 141.25
-9.6947231 5.7713614 0.038256124 123
-9.648613 0.24371822 0.10335533 175
-9.6873722 0.31099841 0.10599393 198
-9.6198072 0.44923219 0.11392096 176.91666
-9.6387014 0.58816963 0.12318559 189.66667
-9.6297655 0.66265339 0.11392059 160.47501
-9.6141968 0.78314197 0.1023761 142.33333
-9.6418943 0.84539473 0.10915916 181.02074
-9.6136227 0.97505122 0.16274993 141.52942
-9.6734276 1.5872208 0.18961646 167
-9.651083 1.7988441 0.12236457 125
-9.6704073 2.2989962 0.17962295 13
-9.6480513 2.549731 0.13841081 148.88043
-9.6693573 2.6221302 0.16504079 128.2
-9.6679211 2.9237378 0.14121015 143.35625
-9.650732 3.8456304 0.13388065 150.16667
-9.6134691 3.9241693 0.10276967 186.27272
-9.6676598 4.3645868 0.13590768 178.16666
-9.6485729 4.8472395 0.10209569 192.8
-9.6459742 4.9946041 0.11808609 190.75
-9.6677837 5.1370487 0.13174263 183.84375
-9.6626844 5.2478957 0.13799575 179.20869
-9.6534595 5.3192596 0.1373464 176.58441
-9.653677 5.4313946 0.14165707 180.04178
-9.635767 5.5101595 0.14537275 182.67857
-9.624629 5.6165919 0.16225256 182.92857
-9.6149807 5.75388 0.16980448 187.47223
-9.6704254 5.8538151 0.16617283 189
-9.6634922 5.93188 0.17441188 184.375
-9.6034203 3.8511384 0.20529169 181.53334
-9.6800938 3.992666 0.22454469 183.5
-9.5364437 2.4673805 -0.01623399 168.13953
-9.5539103 2.5247419 -0.030192852 162.0141
-9.5307941 2.6553671 -0.028584458 156.04486
-9.5656958 2.8574908 -0.014763875 163.60852
-9.5074005 2.9785213 -0.025239477 165.02728
-9.5554504 3.0456161 -0.022259291 159.75
-9.5474987 3.1661358 -0.013331642 170.26917
-9.5536346 3.2445104 -0.032280132 151.86012
-9.5330687 3.3296068 -0.00734718 161.66667
-9.5443811 3.6172504 -0.0046637566 164.13637
-9.5689316 3.710886 -0.013505801 153.5
-9.5689526 3.8463233 -0.020221677 152.28769
-9.5795832 3.9716167 -0.039181389 156.44206
-9.5847816 4.0700045 -0.0012966407 183.60001
-9.5590782 4.1336851 -0.027692404 176.57928
-9.5487766 4.2296472 -0.0181622 173.47333
-9.5530262 4.3385663 -0.027902974 169.78558
-9.5649481 4.4610577 -0.021901302 166.83418
-9.5667219 4.5712175 -0.033609699 161.26353
-9.5621967 4.6596026 -0.036852986 152.33086
-9.5406265 4.7450676 -0.039836977 159.83334
-9.5510063 4.8386164 -0.038065471 163.70511
-9.5436249 4.9496613 -0.031670928 159.44121
-9.5515938 5.0487165 -0.036135748 152.65436
-9.5418959 5.1531477 -0.023397334 153.60451
-9.5705814 5.2530198 -0.028326074 163
-9.5401115 5.3386459 -0.040204231 169.12479
-9.5293999 5.4284754 -0.017014531 177.21429
-9.5438881 5.5229168 -0.011841391 181.91666
-9.5468035 5.6152544 -0.0027686623 186.5
-9.5400848 5.7598524 -0.0032700642 186.75
-9.5814333 0.76766598 0.097380884 181
-9.5636597 0.8556335 0.064741828 179.02022
-9.5608635 0.94758111 0.078914247 169.85764
-9.5451727 1.0765473 0.072554342 170.61711
-9.559267 1.1699623 0.080976017 168.97726
-9.5525637 1.2700053 0.081342153 177.75928
-9.5619707 1.3622192 0.075708613 179.67113
-9.5627594 1.4663997 0.076681435 180.45038
-9.5438023 1.5643698 0.078079283 180.50417
-9.5656691 1.6723658 0.07201267 188.16667
-9.5651503 1.7752575 0.074646316 172.22
-9.5609007 1.8531659 0.086999536 147.5
-9.5027323 1.9668244 0.077578828 158.425
-9.5691395 2.0650547 0.087361813 141.89999
-9.5507631 2.1339054 0.024903838 180.06667
-9.5306911 2.204423 0.019425504 184.83334
-9.5530891 2.3307514 0.02699386 156.60057
-9.5601349 2.4139333 0.05923846 143.67435
-9.5445337 2.5563934 0.034183457 164.46974
-9.5808153 2.6976781 0.068724528 169.59702
-9.5488834 2.7511523 0.037321594 161.99413
-9.5612993 2.8368788 0.031397276 155.28166
-9.5750885 2.9429491 0.062693827 159.39893
-9.5327234 3.1825414 0.049055312 146.2
-9.5891685 3.2342601 0.047564011 140
-9.5759258 3.3996847 0.037339635 133.2
-9.5388403 3.4201937 0.0011334812 165.66667
-9.5526009 3.546478 0.027334793 160.96426
-9.5558615 3.6561871 0.03789233 149.9861
-9.551425 3.7551475 0.047595873 170.52779
-9.5434561 3.8355701 0.047607321 168.27211
-9.5745277 3.9632742 0.017349163 188
-9.5677586 4.0506353 0.032583896 157.73077
-9.5547428 4.1466451 0.042786103 180.42
-9.5174513 4.2833948 0.026340621 173.3889
-9.5351133 4.3376679 0.043231554 163.97322
-9.5408697 4.4427257 0.027626658 153.16666
-9.5630627 4.5467591 0.022766188 147.80954
-9.5559778 4.6708765 0.028262436 128
-9.5431023 4.7426977 0.072713777 178.5
-9.5473614 4.8585143 0.055936497 161.43001
-9.5463591 4.9360523 0.071993053 161.51111
-9.5801868 5.0249863 0.071652591 157.45834
-9.5650854 5.1624908 0.042757802 150.88542
-9.5196562 5.2509737 0.016689144 153.33333
-9.5808754 5.3434887 0.02249318 151.27777
-9.5343504 5.447516 0.019933207 143.33333
-9.5723486 5.647583 0.021907311 146.83333
-9.5337 5.8473778 0.0047351946 177.625
-9.5281019 5.9645019 0.0048842491 172
-9.5085678 6.0809116 0.055235822 210.5
-9.5668392 0.34261912 0.10666289 186.5
-9.5195007 0.46199712 0.124153 196.39999
-9.5382681 0.51959062 0.11423025 134.33333
-9.5422649 0.64087737 0.11658756 170.35416
-9.5540876 0.71893835 0.12610255 187
-9.5342255 0.80648756 0.10867827 168.09091
-9.5585365 0.93620676 0.11324038 177.60001
-9.5261974 1.0147461 0.15028219 180
-9.5099878 1.7566344 0.11687952 172.66667
-9.5487013 2.2692435 0.11546955 103
-9.5088844 2.4409161 0.11369537 189
-9.5723896 2.5497942 0.13779896 154.8125
-9.5733223 3.9124181 0.17802052 190.85001
-9.5891781 4.294631 0.1952101 188.60001
-9.5293131 4.3461895 0.14997117 181.52692
-9.5399323 4.917696 0.12304956 151.80595
-9.5671177 5.0046277 0.11204068 186.72728
-9.5656233 5.14153 0.1242056 176.71727
-9.5582523 5.2173128 0.11079978 173.04358
-9.5630217 5.3427291 0.11768703 174.80727
-9.5665274 5.4388418 0.12732536 175.9928
-9.55231 5.5390296 0.1492382 176.83333
-9.5493126 5.6125035 0.14191914 178.17273
-9.5179939 5.7256269 0.16762468 184.16667
-9.5263567 5.8210034 0.16834442 187.75
-9.5586252 5.9262791 0.16956846 188.75
-9.5512733 0.99044394 0.24873786 155.82143
-9.5072393 3.8668902 0.21440424 234.5
-9.5871449 6.0301099 0.21267408 203.28572
-9.5582781 6.0413136 0.32082295 204.81818
-9.4628544 2.4946134 -0.10847519 170
-9.4998512 2.3972161 -0.03218174 152.49181
-9.4242535 2.4487171 -0.057393607 161.85982
-9.4707642 2.5640149 -0.059906453 156.74699
-9.4150333 2.6642432 -0.018989269 161.93454
-9.4466286 2.7634084 -0.025331853 176.64496
-9.4968529 2.8333268 -0.022197179 172.60001
-9.443985 2.9377916 -0.030240243 171.33333
-9.4636316 3.1276305 -0.030281009 160.55342
-9.4232712 3.3163865 -0.027866187 162.82291
-9.4292908 3.4202919 -0.0010676775 160.2
-9.4478273 3.5225534 -0.00019158243 167.25
-9.4363451 3.6080832 -0.0049654911 171.125
-9.4621525 3.7250133 -0.013042155 171.59091
-9.4576206 3.8386674 -0.025586287 177.95001
-9.4655285 4.040585 -0.021945264 171.74088
-9.4515505 4.1451974 -0.026393622 172.18056
-9.4510021 4.2490444 -0.0188886 170.96089
-9.4210024 4.3416095 -0.020182002 169.54167
-9.4437485 4.4452639 -0.034228276 165.94055
-9.4765415 4.5469909 -0.047294844 157.14999
-9.4416628 4.6397405 -0.039593652 164.70201
-9.4583855 4.7451506 -0.02697056 164.10222
-9.4654408 4.8565731 -0.035840981 168.64783
-9.4400711 4.9507079 -0.021208346 160.30939
-9.4548388 5.0200248 -0.036233027 161.36722
-9.4231644 5.1524129 -0.0268871 154.61311
-9.4693356 5.2292514 -0.016533012 140.00917
-9.4481697 5.3744564 -0.030121289 169.72101
-9.4592571 5.4633236 -0.02168549 178.80833
-9.4075518 5.531301 -0.0058086761 183.66667
-9.4831409 0.74017739 0.09799505 188.5
-9.4611912 0.83637404 0.098955728 162
-9.4442177 0.94083816 0.085981503 171.41026
-9.4235725 1.0621736 0.093865804 167.60001
-9.4576712 1.1684152 0.082001597 179.9875
-9.4498768 1.2757881 0.08074256 182.24001
-9.4653807 1.3682559 0.078345992 183.91666
-9.4541292 1.4785515 0.073408276 188.22223
-9.4493923 1.5630409 0.079568699 183.63333
-9.4569883 1.6596323 0.070313208 187.33333
-9.4366856 1.7475705 0.071728513 172.325
-9.4520063 1.8666136 0.080819882 158.45834
-9.4223795 1.9038898 0.065266311 140.5
-9.4368954 2.0403628 0.077773653 142.47501
-9.4344378 2.159168 0.068667471 157.25555
-9.4089708 2.2130182 0.026767777 185.75
-9.4461021 2.3363113 0.017341062 187.16667
-9.4371166 2.4799063 0.0099047199 189
-9.4560623 2.6509743 0.06108417 180.19112
-9.4421663 2.7631431 0.045409244 164.68604
-9.4479876 2.8647878 0.037478201 173.28181
-9.4621925 2.9433494 0.04835245 167.16667
-9.4462929 3.0270729 0.041861199 170.83305
-9.4266195 3.1513829 0.047204494 149.98334
-9.4442387 3.286556 0.039051034 142.875
-9.4715481 3.3839703 0.0018564534 183.54546
-9.4624519 3.4696732 0.030777149 134.39999
-9.4521084 3.5894561 0.046990771 182.55952
-9.455224 3.6565869 0.034667864 161.46666
-9.4497185 3.7553196 0.050686255 166.66112
-9.4439068 3.8509085 0.039768621 174.5625
-9.4745865 3.9362943 0.035208352 164.04301
-9.4582739 4.0578403 0.031336635 169.04762
-9.477953 4.1661339 0.028661443 158
-9.4398422 4.2625642 0.041886162 171.16573
-9.4522181 4.3473907 0.03255548 149.79524
-9.4354773 4.454927 0.022062672 148
-9.4425859 4.5539699 0.022366039 148.26422
-9.4464388 4.6394968 0.039040036 157.75
-9.4393549 4.7364063 0.048321463 167.95
-9.4364977 4.8214412 0.079717144 174.8
-9.4487629 4.9410625 0.067658745 160.25778
-9.4618864 5.0611839 0.06070907 154.0383
-9.4510756 5.178081 0.043834288 160.20363
-9.4560661 5.2626839 0.050110672 170.6228
-9.4359388 5.351594 0.042379916 159.01215
-9.4442625 5.4622889 0.038280647 188.33333
-9.4628544 5.5506101 0.020363802 164.23076
-9.4404297 5.648634 0.025224213 155.75
-9.4413681 5.7400575 0.0005244948 186.85715
-9.4168453 5.8752384 0.0032772797 174.39999
-9.4890156 0.25814474 0.11023736 159.5
-9.4456911 0.5597111 0.12031242 175.3611
-9.4341259 0.71865994 0.11632323 176.75455
-9.454073 0.84502846 0.12658294 185.31818
-9.4633722 1.0443764 0.13301547 184.5
-9.4008341 1.6979108 0.13808739 107
-9.4280415 1.7728709 0.12494218 127
-9.4743042 1.8103009 0.12317887 109
-9.4663668 2.4295957 0.10522191 188.66667
-9.4369564 2.5436368 0.11547326 181.5625
-9.406373 2.6072328 0.10667602 185
-9.4403076 4.2705998 0.18143106 195.5
-9.4413853 4.3660831 0.16974925 152.5
-9.4548998 5.2450066 0.12779053 157.18333
-9.4725752 5.3297238 0.11150534 158.59702
-9.448081 5.4271889 0.11034577 159.7635
-9.4621906 5.5296998 0.11626516 169.94504
-9.4439754 5.6204405 0.14073224 174.61539
-9.4963388 5.7007251 0.14485124 180.16667
-9.4948645 6.1020761 0.10089973 217
-9.416007 1.7360188 0.24656862 120
-9.4734898 3.8992825 0.22006403 148
-9.3468599 2.4489317 -0.038602367 161.23351
-9.3250427 2.6433589 -0.01489634 162.76009
-9.3046904 2.7018673 -0.0077997847 188
-9.3701801 2.8732533 -0.030818664 185.16667
-9.3504114 3.0133619 -0.039538156 177
-9.3270636 3.1912017 -0.054693468 165.25
-9.3687325 3.2516389 -0.052670892 154
-9.3502293 3.4662302 -0.00278044 159
-9.3455324 3.5523617 -0.0066640386 179.6389
-9.371707 3.6483414 -0.0046657557 169.28572
-9.3487577 3.7317989 -0.0065014651 168.42857
-9.3575897 3.8100429 -0.0056988886 170.5
-9.3766422 3.9393001 -0.0088222539 179.25
-9.3680716 4.0343451 -0.010588893 169.30556
-9.3758125 4.1112976 -0.015145759 167.79167
-9.3346987 4.2578039 -0.02084404 163.31851
-9.3549585 4.3445158 -0.02504929 167.61667
-9.3450241 4.4497623 -0.016075458 173.79167
-9.3402767 4.5476565 -0.039800271 168.75139
-9.3440876 4.6587462 -0.01695363 162.94167
-9.3460264 4.7476792 -0.038281724 148.3125
-9.3420563 4.8417511 -0.022613674 158.39543
-9.3516531 4.9615641 -0.031340443 157.91316
-9.3491335 5.0600057 -0.034527861 155.24721
-9.3627167 5.1879001 -0.036360718 150.85001
-9.359231 5.2500663 -0.039770275 139
-9.3235092 5.357626 -0.028648689 176.46323
-9.3138924 5.4338369 -0.015153118 172.9375
-9.3771696 5.6302466 -0.0052130539 187.33333
-9.3473291 5.7333655 -0.012349393 187.3
-9.3108225 5.8509502 -0.0099506322 171.33333
-9.3484011 0.87232739 0.08637879 180.42778
-9.3906689 0.97063285 0.063791297 184
-9.3737164 1.1786474 0.086275436 190.125
-9.3572025 1.254742 0.084850594 181.3
-9.3753014 1.3789097 0.068911053 183.125
-9.3557014 1.4616561 0.068961978 184.89999
-9.3575268 1.5876042 0.070224166 187.3889
-9.332221 1.6562558 0.074029192 180.7
-9.3519268 1.9525527 0.074861936 155.3
-9.3729525 2.0501711 0.08617349 153.83333
-9.3448467 2.1646707 0.072664671 167.91518
-9.3480711 2.2469177 0.070702039 153.35834
-9.3582964 2.3410645 0.036581807 163.81944
-9.3553724 2.4677768 0.056517459 152.08333
-9.3424044 2.5460789 0.060322843 185.12222
-9.3608723 2.6430478 0.06306462 157.75334
-9.3451262 2.7429178 0.064976908 181.75455
-9.3328342 2.8460846 0.053217672 180.48001
-9.3500595 2.9589753 0.045805342 171.93929
-9.32479 3.0640686 0.029899186 150.45757
-9.3404417 3.1364024 0.025198752 156.91667
-9.3360529 3.2400558 0.018166116 171.873
-9.3632145 3.3529704 0.02350889 165.77777
-9.363163 3.4765735 0.012865697 162.1875
-9.3582993 3.5534282 0.02593817 133
-9.3731461 3.6373148 0.035803642 161.89999
-9.3456955 3.7498662 0.04625731 155.5625
-9.3515339 3.8473289 0.028763495 161.02499
-9.348814 3.9488382 0.034133364 155.81944
-9.3741455 4.0543466 0.016771516 159.48888
-9.3333769 4.130249 0.03710356 131.1875
-9.3684673 4.2606554 0.025180448 166.19714
-9.3429775 4.356843 0.025433367 148.43333
-9.3428326 4.4717836 0.019674659 149.53845
-9.3450489 4.5375547 0.024556721 149.10001
-9.3563356 4.6429243 0.037234433 167.444
-9.3167086 4.7379808 0.064701453 172.69048
-9.3469572 4.8419952 0.079424948 173.77777
-9.3392715 4.9380131 0.060498022 153.7999
-9.3396511 5.0424447 0.03625302 146.39818
-9.3643284 5.14853 0.04682814 160.05057
-9.3443298 5.2554693 0.033432342 163.51869
-9.3438244 5.3620477 0.037176084 171.5918
-9.3604469 5.4873862 0.029611418 167.08333
-9.3460598 5.5504303 0.01428683 138.96875
-9.3409958 5.6535473 0.051209167 188.58333
-9.3924322 5.7406287 0.040510319 189
-9.3316841 5.8152585 0.066028006 186.83334
-9.3115902 5.9003782 0.054824401 193
-9.3728657 6.0536852 0.051349767 203.86191
-9.3649836 0.29254028 0.11865187 141.66667
-9.3045616 0.35846606 0.11477821 151
-9.3739376 0.59251946 0.11891208 195
-9.3955441 0.68838716 0.10072458 172.33333
-9.3255758 0.74045151 0.11332808 181.925
-9.3600073 0.80295742 0.13305894 191.33333
-9.3460865 0.98793423 0.10742173 174.98334
-9.3345146 1.0345802 0.12792048 182
-9.3091469 1.1903648 0.10343543 173.5
-9.3687601 1.7593474 0.13967629 152
-9.3284988 1.8172719 0.11047735 152.5
-9.3709478 2.5485327 0.1377975 174.3125
-9.3689661 2.6487091 0.1050415 184.5
-9.3586178 3.929702 0.19996805 17
-9.3466053 4.3443437 0.18934377 218
-9.3472614 4.4048419 0.13340741 123
-9.3786821 5.2742114 0.10234813 162.50926
-9.374773 5.3452625 0.13992263 149.04106
-9.3015108 5.5277748 0.12921216 156
-9.3308077 5.8954034 0.10065291 188.33333
-9.3026514 6.0146799 0.12428232 201.25
-9.3034639 1.68725 0.26322618 57.5
-9.3019037 2.9268672 0.24501829 142
-9.3635359 4.2843637 0.2160361 191
-9.3321638 6.029995 0.21258438 204.75
-9.2089205 2.2714739 -0.0070553753 164.18367
-9.2641363 2.3730009 -0.013707972 166.81332
-9.2657051 2.4698541 -0.0092662433 179.75
-9.2415028 2.5395634 -0.033287466 162.1489
-9.2051373 2.6442919 -0.019486137 172.20558
-9.261117 2.771502 -0.0258168 173.9111
-9.2753286 2.9280145 -0.035990007 185.5
-9.2510557 3.0778828 -0.0471153 179.2
-9.2165489 3.2724178 -0.057005338 163
-9.2857752 3.487406 -0.0048217261 186.33333
-9.2508755 3.5368495 -0.0053581167 167
-9.2675772 3.6495876 -0.0086395517 166.29166
-9.224884 3.7433662 -0.013286346 161.60001
-9.2504063 3.8008225 -0.0091547677 161.5
-9.2803278 3.9546609 -0.0087990072 166.2
-9.2528486 4.0626788 -0.020854775 170.55554
-9.2654104 4.1416998 -0.01382729 161.26001
-9.2755642 4.2504368 -0.0147794 174.75
-9.261529 4.3478985 -0.032545924 163.86667
-9.2434645 4.4461236 -0.035723124 160.23889
-9.2561693 4.5633969 -0.035675064 155.51851
-9.2323008 4.632761 -0.035107333 148.52777
-9.2494354 4.7391248 -0.014096464 158.9127
-9.2548304 4.8727393 -0.021780899 142.43332
-9.2337122 4.9412789 -0.025803944 151.47134
-9.2429352 5.0654049 -0.029883798 151.39151
-9.2541876 5.1475711 -0.037967388 146.15971
-9.2313747 5.2671838 -0.037671175 176.13571
-9.2683458 5.3515644 -0.035887968 159.88782
-9.2455616 5.4466929 -0.014924261 179.00252
-9.2014894 5.5952387 -0.0043616202 190
-9.2983532 5.8865795 -0.0032415176 162
-9.274066 5.9719687 -0.010916132 163.33333
-9.2491064 6.0568676 -0.015090642 177
-9.2304735 0.87399226 0.088076517 191.05556
-9.2592688 0.94370723 0.085321769 191.35001
-9.2433281 1.264527 0.077962756 183.83333
-9.2774754 1.3612618 0.075887963 185.16667
-9.2522726 1.4750628 0.069422856 172.6111
-9.2728815 1.5474048 0.072173998 185.33333
-9.2407103 1.6064025 0.069850102 156.5
-9.2555285 1.7370483 0.078653328 173
-9.2313433 1.8658916 0.076757982 118.25
-9.28269 1.9514624 0.079000823 154.39999
-9.2642689 2.0184159 0.08113309 156.16666
-9.246973 2.1681361 0.055911049 163.05786
-9.2407179 2.2437701 0.031978924 162.5049
-9.2169342 2.341855 0.062525705 137
-9.2639408 2.4847989 0.073516801 164.75
-9.2669888 2.5458083 0.04076444 181.89999
-9.2399473 2.6205146 0.066472143 173.17778
-9.2302179 2.7388906 0.073478825 167.375
-9.2357492 2.8483057 0.038434193 187.08333
-9.2766476 2.9392173 0.0719366 172.74207
-9.2594652 3.0433476 0.038227439 169.77972
-9.2562828 3.1354129 0.057219904 179.84157
-9.2140045 3.2439833 0.022332521 177.76428
-9.2623405 3.367732 0.018055571 166.75
-9.2972107 3.4279213 0.029301073 140.5
-9.2104025 3.5413089 0.022115251 133
-9.2275772 3.6557407 0.02662863 154.83334
-9.2621365 3.7736986 0.039072331 167.33333
-9.2342539 3.8186393 0.014360105 134.75
-9.2502871 3.9432919 0.017404761 153.24445
-9.2513151 4.0351262 0.033717886 135.65279
-9.273469 4.1843739 0.017704075 132.73334
-9.2575102 4.2520971 0.012383651 159.56999
-9.2894659 4.3578377 0.011989343 167.28572
-9.2474079 4.4657755 0.006517088 158.77499
-9.2340221 4.5679288 0.032842912 157.9241
-9.2390518 4.6857338 0.027916865 100.33334
-9.2169991 4.7163701 0.066571504 170.83333
-9.2352371 4.8289537 0.039868586 172.36903
-9.2758169 4.9475164 0.064663135 148.24738
-9.2440233 5.028029 0.057101004 160.48221
-9.2585897 5.142385 0.049475323 153.46622
-9.2536306 5.2524419 0.036068078 166.17029
-9.2621365 5.3414116 0.054729253 167.67865
-9.2600851 5.4698849 0.038751718 175.07144
-9.2334929 5.5556803 0.048358362 172.0634
-9.2415428 5.6466784 0.058293972 173.77231
-9.2662859 5.7495618 0.072323509 181.67578
-9.2677364 5.8514838 0.072977848 188.70587
-9.2326479 6.0856428 0.017526012 217.5
-9.2238035 0.24215122 0.11798824 149.66666
-9.2812014 0.38078257 0.102733 157
-9.2069798 0.46672425 0.1144344 165
-9.2866879 0.65193331 0.13183157 145.25
-9.2167397 0.83307385 0.11010152 168.5
-9.2286911 0.91839558 0.10696752 167
-9.2355318 1.0400394 0.1055375 168.1875
-9.2311935 1.198584 0.10025381 167.375
-9.2632141 1.6953914 0.14581701 107.5
-9.2446032 1.7534095 0.15572022 140
-9.2825623 2.2868857 0.10342759 181
-9.2912121 4.1550651 0.19231056 233
-9.2233505 4.3489165 0.17292713 217
-9.2440691 5.0161338 0.13369352 132.06667
-9.2569771 5.1742334 0.12610161 131.70834
-9.2175617 5.2137184 0.16824594 122.4
-9.2646141 5.9270158 0.10901326 192.125
-9.2560787 5.9602523 0.21125706 202.95
-9.1438122 2.2438335 -0.0061954237 172.25499
-9.1640472 2.3392098 -0.012576679 170
-9.1587067 2.4497714 -0.03200778 169.37674
-9.1093712 2.551764 -0.025137868 173.87981
-9.1276789 2.6382074 -0.034775622 174.48763
-9.1862879 2.7393639 -0.015358251 169.41875
-9.184103 2.8375723 -0.016762169 171.57779
-9.1802654 2.972451 -0.04044918 187.83333
-9.1124744 3.062711 -0.04237587 184.5
-9.1474285 3.1337624 -0.048847117 178
-9.1206799 3.3520503 -0.030258408 172.29166
-9.1533909 3.4677558 -0.0081122238 181.23334
-9.1917372 3.5958595 -0.0088378489 175
-9.1335697 3.6733847 -0.010188502 155.83334
-9.1705265 3.7799788 -0.0036832744 147.33334
-9.1728907 3.8400326 -0.012636902 156.75
-9.1933413 4.04635 -0.017341515 141.60001
-9.1476688 4.1534977 -0.02364728 154.375
-9.1521702 4.2471914 -0.011441174 138.75
-9.1693573 4.345233 -0.037088562 144.8
-9.1575966 4.4146304 -0.02367891 163
-9.1723843 4.5139551 -0.029111093 149.14583
-9.1501865 4.6597109 -0.023696369 151.76666
-9.152072 4.7568378 -0.016886698 138.53334
-9.1562853 4.8461075 -0.028214624 150
-9.1456537 4.9705534 -0.022618277 146.43863
-9.153924 5.0445185 -0.032277696 160.71066
-9.1668253 5.1679735 -0.028861195 131.33333
-9.1591616 5.2382851 -0.038742341 153.21428
-9.1470232 5.3265433 -0.021935923 177.14246
-9.1048641 5.453053 -0.033475142 186.5
-9.1536741 5.5428848 -0.012022962 187.39999
-9.1583519 5.6689682 -0.01232466 182.8
-9.1080809 5.7508078 -0.008411305 163.75
-9.1362705 0.66467673 0.082602128 191.16667
-9.1658592 0.79798543 0.086775228 192.44444
-9.1527777 0.87420171 0.08943557 185.76666
-9.1530638 0.98292577 0.081902005 182.72116
-9.1545153 1.0675446 0.085108116 187.875
-9.1532898 1.1737282 0.077876672 178.89107
-9.1306458 1.2228394 0.074907683 159.44444
-9.1409292 1.3365629 0.078368187 177.94444
-9.1677122 1.4570857 0.075893961 177
-9.1952629 1.5943907 0.073871531 184
-9.1405334 1.6396505 0.074995458 161.58333
-9.1717215 1.8937973 0.091787234 179.66667
-9.1168957 1.9176395 0.074048497 109.5
-9.1478605 2.0435064 0.072060689 155.96164
-9.1538868 2.1608684 0.041436858 179.49167
-9.1391602 2.2325478 0.064269558 168.786
-9.1499863 2.3634648 0.044842448 160.92062
-9.1426611 2.4551477 0.025004206 159.04762
-9.1510963 2.5619245 0.035507083 163.16667
-9.1326675 2.6613517 0.056542505 191
-9.1503229 2.7262735 0.058025897 190.21429
-9.1478901 2.8578398 0.045299567 181.53275
-9.1585064 2.9535859 0.048110161 184.17592
-9.1758308 3.0237765 0.038086206 172.2625
-9.1468897 3.1428268 0.046081424 168.5
-9.1385279 3.2661953 0.050828379 172
-9.1751986 3.3281243 0.035428908 147
-9.1808605 3.4534259 0.024719607 140
-9.1140614 3.7258739 0.026079388 169.5
-9.1715956 3.8452809 0.045056593 128.27779
-9.1712265 3.9602661 0.0091585517 155.25
-9.1579838 4.0350499 0.0099154813 153.75
-9.1656475 4.1585822 0.013376014 150.53334
-9.146842 4.3382788 0.018010175 146.66667
-9.125474 4.4633417 0.072856806 146.5
-9.1483479 4.5321774 0.02117528 157.1875
-9.1491661 4.6660657 0.043694191 169.24374
-9.1488714 4.7654386 0.033400472 172.79393
-9.1211433 4.8364525 0.068721712 176.07266
-9.1545954 4.950366 0.047168862 163.15263
-9.1475868 5.0540519 0.042253498 156.30646
-9.1490746 5.1385889 0.071786352 156.10681
-9.142046 5.2530379 0.033521306 162.90327
-9.1645737 5.3565249 0.036408801 161.89748
-9.1532745 5.4687204 0.039599907 163.97992
-9.1531649 5.5653176 0.053277731 160.36963
-9.126174 5.6688981 0.055794369 170.34451
-9.1602325 5.7734437 0.063707359 180.78333
-9.1688385 5.8261471 0.080414288 183.5
-9.1593256 5.9067507 0.052900143 177.14285
-9.1880503 0.289305 0.10661624 160
-9.120945 0.38929036 0.11438904 160.75
-9.1396751 0.5396719 0.10633655 147.66667
-9.1135645 0.70666778 0.14717057 163.33333
-9.1311817 0.90003097 0.10607526 167.53847
-9.1203213 1.7491978 0.13366038 133.33929
-9.1985331 2.2878926 0.10730509 177.66667
-9.1735773 2.3815558 0.11120135 158
-9.1729727 2.4096985 0.19997036 150.5
-9.1227512 2.5095036 0.17201379 160.90909
-9.1069431 2.7768581 0.12569922 132.3871
-9.1586533 2.8131602 0.17319819 127.11111
-9.1491642 3.8696299 0.14650649 174.44287
-9.1381388 4.0360508 0.18213432 163
-9.1414413 4.3532805 0.16643937 214
-9.1432571 4.9779854 0.15411186 152
-9.1682377 5.1698713 0.12006179 141
-9.1792183 5.2149835 0.10952789 148
-9.1293659 5.5238156 0.1026239 138
-9.1103382 5.8105812 0.11294881 184
-9.1583967 5.9413943 0.14974152 198.63441
-9.1553068 1.6986406 0.20832519 132.625
-9.126235 2.4540567 0.21540284 125.6
-9.1688805 3.6438258 0.25655818 180
-9.1423206 3.8948584 0.22249173 189.25
-9.1308527 5.9498987 0.21541154 198.74347
-9.0747337 2.3312225 -0.011992571 166.26666
-9.0536232 2.4385912 -0.016608251 172.07947
-9.0476465 2.5292068 -0.039570924 169.48572
-9.0217628 2.6291847 -0.02821398 176.85687
-9.0425558 2.7392292 -0.027736915 181.70833
-9.0962915 2.8447287 -0.02274487 187.5
-9.0464888 2.9288826 -0.030860344 189.28572
-9.0444765 3.0406413 -0.04130099 188
-9.0363235 3.1725435 -0.048431445 177.25
-9.0571241 3.2752552 -0.021218674 178.02777
-9.0471106 3.406688 -0.0074890982 176.2
-9.0585556 3.5520992 -0.0072127017 168.125
-9.0661163 3.7403591 -0.015166008 158.66666
-9.0838013 4.0087857 -0.018303767 133
-9.0893841 4.1531124 -0.0091330772 133.66666
-9.0389767 4.2654285 -0.017928926 129.91667
-9.0090532 4.3718605 -0.023907691 135
-9.0600147 4.4516993 -0.02730264 148.02777
-9.063324 4.5556335 -0.023874113 149.33334
-9.0630674 4.6617455 -0.021788759 138.88889
-9.0450726 4.7230182 -0.039434828 156
-9.0485096 4.8570423 -0.025168797 135.95
-9.0278683 4.9417028 -0.023167996 163.79001
-9.0558691 5.0477848 -0.03796915 154.25
-9.0434294 5.1473756 -0.024926342 171.37776
-9.066411 5.2500787 -0.031728379 182.70796
-9.0516281 5.3370757 -0.036019895 150.56071
-9.0393257 5.4565144 -0.027870327 188.2
-9.0277481 5.5320368 -0.044996694 185
-9.0533056 5.8417068 -0.009674551 146.33333
-9.0048428 5.922327 -0.011391992 143.5
-9.0803585 6.0887432 -0.010143371 216
-9.049015 0.65723479 0.087498441 186.33334
-9.0637741 0.73751086 0.087168202 187.03175
-9.0481348 0.85656273 0.071595371 178.70587
-9.0605116 0.932271 0.080706991 186.76607
-9.0506544 1.0632292 0.076198369 183.7635
-9.0278616 1.1256489 0.078403644 186.8022
-9.0446644 1.2538823 0.074975118 193.28571
-9.0459604 1.3750361 0.077654719 171.125
-9.0776567 1.498608 0.069160506 141
-9.0591717 1.5298048 0.079223707 170.91666
-9.0788536 1.8689499 0.090764724 183.5
-9.056591 1.9872296 0.073076718 187.60001
-9.057744 2.0973718 0.093861312 183.73334
-9.0427103 2.1404095 0.055796389 181.48181
-9.0443544 2.2490239 0.047349084 174.71684
-9.0238924 2.3395076 0.014749851 166.36365
-9.0692635 2.4609895 0.05491576 156.67004
-9.046813 2.5729454 0.038156576 164.89745
-9.0397444 2.6521792 0.012035194 150.28687
-9.0571804 2.7620709 0.048851799 168.26804
-9.0465059 2.8470128 0.033695631 166.56781
-9.045929 2.9587133 0.030268775 173.43544
-9.0601625 3.0732837 0.033727568 185.67804
-9.0507689 3.1530473 0.035060208 161.84584
-9.0427418 3.2697473 0.042471167 153.45
-9.0520306 3.3233197 0.07981158 150
-9.0635195 3.4103169 0.057197623 142
-9.0787458 3.5136914 0.035814188 132.5
-9.0961008 3.6089485 0.027703077 134.66667
-9.0484066 3.7827487 0.0091282967 148.91666
-9.0294619 3.9093888 0.013328389 123.5
-9.0611715 4.0524359 0.019726938 155.33333
-9.0181217 4.395206 0.011765279 146.5
-9.056447 4.4637938 0.03531019 151.325
-9.0294685 4.546011 0.028672768 151.58333
-9.0634699 4.6355886 0.041291989 161.14166
-9.0485306 4.7431908 0.047387559 151.93416
-9.047575 4.8473434 0.04134978 169.68813
-9.0552444 4.9493465 0.045384757 162.25513
-9.0545444 5.0408559 0.033240419 164.55533
-9.050045 5.1440616 0.04925542 152.1507
-9.0644989 5.2063842 0.046505939 159.64
-9.0540962 5.3492765 0.016525615 159.65143
-9.0611506 5.4750819 0.04514147 157.02121
-9.0462904 5.5676751 0.045877963 159.01753
-9.0537491 5.6626229 0.05182749 170.01973
-9.024766 5.7663875 0.056376755 174.38623
-9.0521307 5.8181062 0.080465466 181.28737
-9.0594234 5.9190407 0.084471814 189.02084
-9.0791836 0.21349612 0.11557341 157
-9.0334482 0.34223425 0.11342701 162.16666
-9.0454588 0.49553141 0.10730945 165.16667
-9.0408554 0.64911538 0.11551949 167.8125
-9.0387068 0.76543373 0.12315897 172.35715
-9.0026684 1.7590746 0.12472347 159.09091
-9.0786219 2.3852103 0.14297105 145.33333
-9.0608416 2.4684601 0.1320406 144.13333
-9.0239697 3.1356614 0.11710787 142.58333
-9.0785742 4.0802679 0.16874287 100
-9.0594044 4.365489 0.18608867 213.16667
-9.0554495 4.6220064 0.14515977 114.88889
-9.0810509 5.26401 0.10482029 145.04286
-9.0923643 5.3607783 0.11424746 144.80646
-9.0656538 5.4303503 0.12144655 147.8
-9.0497894 5.5576429 0.15142554 189.875
-9.0460978 5.6251292 0.15142128 189.39999
-9.0370522 5.7465053 0.16158597 190
-9.034235 5.8518291 0.1441329 190.29413
-9.0513363 5.936172 0.13828413 195.26205
-9.0346775 0.78940219 0.21248861 158
-9.0220318 0.88713813 0.26674402 137
-9.0336113 1.7350457 0.21923664 138.36363
-9.0888081 2.433759 0.20325199 134.19333
-9.0265932 5.1832466 0.2049091 138
-9.04286 5.937757 0.21790092 195.6087
-8.9782372 2.3120775 -0.0078631723 162.80263
-8.9592314 2.4072964 -0.014381533 163.64772
-8.953371 2.528914 -0.017248431 173.82353
-8.9361095 2.6659329 -0.02923362 176.10381
-8.9421749 2.7775455 -0.028015103 186.875
-8.987834 2.8124228 -0.026712423 184.30769
-8.9501238 2.9177158 -0.025570666 188.71428
-8.9612036 3.0329103 -0.044972911 189
-8.911129 3.148622 -0.049658045 181.375
-8.9430532 3.3266017 -0.04406511 164
-8.94627 3.4719839 -0.014377448 163.25
-8.9878054 4.0262842 -0.021494815 126.5
-8.9981623 4.1507778 -0.024439955 127
-8.9118176 4.3373885 -0.021809263 128.25
-8.9270916 4.4721179 -0.029768679 133
-8.9857512 4.5737181 -0.0073620859 129
-8.9668026 4.604485 -0.026437651 137
-8.9792356 4.7204146 -0.031012481 141.33333
-8.9434729 4.846252 -0.014274506 142.83333
-8.9218464 4.959938 -0.031402931 164.25
-8.9587231 5.0799713 -0.029832292 149.36667
-8.926981 5.1426878 -0.026941121 177.04167
-8.9253359 5.2293811 -0.027176619 174.36665
-8.9616098 5.3740063 -0.043741904 152.29167
-8.9345312 5.4837127 -0.037017625 183.375
-8.989954 5.5692129 -0.038716186 177.625
-8.9293041 5.630724 -0.042997379 163.75
-8.9650364 5.9896207 -0.016259842 146
-8.915206 6.0765686 -0.031106852 194
-8.9426413 0.72003871 0.077476442 179.67702
-8.9699392 0.83043897 0.081290431 182.76666
-8.9359655 0.93505269 0.060929839 176.11813
-8.9556961 1.0214429 0.070572026 180.35542
-8.9386024 1.1438928 0.076163188 177.9762
-8.918169 1.2299777 0.08118318 189.11111
-8.9482813 1.317472 0.07613869 192.59525
-8.9596205 1.4270988 0.085564479 179.26666
-8.9271727 1.5383614 0.09919811 190
-8.9362564 1.6167983 0.087017901 169.25
-8.9823093 1.8631734 0.09245237 183.75
-8.9811335 2.0454423 0.055927232 184.66667
-8.9333344 2.1517096 0.045597024 183.64667
-8.9522123 2.2581267 0.038248301 172.66444
-8.9609776 2.3623924 0.061483692 171.66162
-8.9748135 2.4522996 0.031964093 173.76889
-8.9415083 2.5536215 0.027915347 162.86255
-8.9075699 2.6444366 0.025417155 158.55374
-8.9516973 2.7251804 0.026992265 153.30385
-8.9430227 2.8419061 0.018354287 151.94241
-8.9670525 2.935766 0.023628484 167.26192
-8.9566946 3.0471964 0.03218827 177.27654
-8.9380627 3.1693854 0.026812419 174.15277
-8.9317818 3.2260969 0.049550988 176.75
-8.9398241 3.3567605 0.019247007 158.53334
-8.9530182 3.4690609 0.026293423 145
-8.9582176 3.5703316 0.017857112 134.25
-8.9240093 4.3978043 0.068854742 135
-8.9498434 4.4695926 0.032431073 138.33333
-8.9471989 4.5817595 0.040237725 133.04666
-8.947361 4.6527424 0.039309915 145.47223
-8.9465714 4.7703772 0.043188337 156.91875
-8.9267845 4.8969874 0.057930522 160.98039
-8.9683466 4.9660544 0.051820744 165.11192
-8.944767 5.0540929 0.044377174 157.21346
-8.9437037 5.1402392 0.058771506 154.48476
-8.9605827 5.2608242 0.059333991 152.87138
-8.9514847 5.3605599 0.030250236 155.79652
-8.9658794 5.4795671 0.048547801 155.87756
-8.966568 5.5877151 0.030168243 161.54576
-8.9508858 5.6603394 0.056019548 169.91145
-8.9418268 5.7550235 0.066245392 172.98129
-8.948369 5.8549552 0.062673375 161.53572
-8.9786291 5.9056301 0.081264235 176
-8.9445848 0.1861212 0.11535438 157.75
-8.9048538 0.29764882 0.11640023 163.33333
-8.9586926 0.4443171 0.10974585 164.5
-8.9525824 0.59398574 0.11061651 171.25
-8.9425421 0.69654459 0.10495081 179.85715
-8.9346752 0.84877861 0.12427225 171.35001
-8.9319744 1.3511792 0.11090689 185.33334
-8.9113026 1.4529109 0.11344584 188
-8.9745398 1.9680318 0.10221843 185
-8.9794493 3.2605035 0.141243 198.33333
-8.9044399 4.507215 0.17916255 123.4
-8.9472742 5.2498746 0.17092064 142.28572
-8.9959898 5.3717704 0.10249963 157.61765
-8.9094305 5.4369903 0.12876509 168.76768
-8.937808 5.523931 0.15706976 158.17262
-8.9472466 5.607305 0.15561678 185.07776
-8.9562054 5.7141056 0.16108593 186.175
-8.9524536 5.8065019 0.16688317 187.82143
-8.9523172 5.9330893 0.14512458 191.85542
-8.9456453 0.91373402 0.28307763 128
-8.9318933 1.7455721 0.25910786 161
-8.9188509 5.2078362 0.29047087 124.33334
-8.9622393 5.9494171 0.23200268 194.27301
-8.9067202 5.2065864 0.31026983 128.5
-8.9530621 5.9530292 0.32876766 197.89584
-8.8733721 2.3450956 -0.035719462 162.98322
-8.857317 2.4918108 -0.014662836 175.72983
-8.8229256 2.5825431 -0.024034746 179.2381
-8.8583317 2.6573009 -0.024629423 179.65152
-8.8156538 2.7529018 -0.024757763 176.78094
-8.8618231 2.8611984 -0.025301583 179.75435
-8.837079 2.9430966 -0.017305749 178.88571
-8.8854542 3.0266318 -0.02872522 181.33334
-8.8399506 3.1455374 -0.019274125 164.27499
-8.8206415 4.4492364 -0.027481033 125
-8.8446484 4.5926056 -0.030492011 129.25
-8.8422384 4.7447333 -0.026395712 134.84444
-8.8406973 4.8660946 -0.035182942 136.33333
-8.8752966 4.9350257 -0.036718491 189
-8.807045 5.0021386 -0.031245267 134.91666
-8.8320112 5.1388779 -0.029659444 150.5625
-8.8384991 5.2279387 -0.013199232 150.31944
-8.8598347 5.3379006 -0.031031661 174.82614
-8.8321857 5.4311323 -0.040288128 170.5
-8.8425026 5.5562253 -0.035949431 160.5
-8.8788195 5.6820917 -0.047821835 152
-8.8384285 5.7225361 -0.04657219 139
-8.8553619 5.897501 -0.016161155 138
-8.8340569 0.68502891 0.080242507 181
-8.8832006 0.73770744 0.05227888 173.89999
-8.8586378 0.86831313 0.062497087 170.08849
-8.8502331 0.95216107 0.060201801 169.96205
-8.8424387 1.0436393 0.07672327 168.03917
-8.8565464 1.1414794 0.071226165 169.40359
-8.8123455 1.2297531 0.081411928 186.125
-8.8161764 1.336078 0.080858998 190.83333
-8.861599 1.4629648 0.085077584 158.08333
-8.8469257 1.5194956 0.071936101 196.75
-8.8367653 1.7166027 0.09065479 189.8
-8.8890638 1.9366192 0.095518805 184.5
-8.8567972 2.027102 0.094868697 187
-8.8355865 2.1372006 0.078193158 181.22726
-8.8353968 2.2331123 0.054694511 179.15556
-8.8528118 2.3562162 0.040323135 177.33298
-8.8574724 2.4554415 0.032262582 175.94202
-8.8554087 2.5521204 0.033505499 173.49915
-8.8713188 2.6613173 0.026205754 156.48019
-8.8133755 2.7264795 0.025284555 154.09302
-8.8857183 2.8587914 0.019572388 168.35001
-8.8722706 2.9599285 0.027914155 168.82738
-8.8335714 3.0500219 0.03211103 175.53847
-8.8590708 3.1391973 0.017085269 177.03967
-8.8689547 3.2707646 0.038697112 148.59523
-8.8696575 3.3536582 0.029673215 164.625
-8.8407345 3.4275098 0.021519111 153.25
-8.8326645 3.5331182 0.013722948 141.33333
-8.8899403 4.3925223 0.052093718 135.66667
-8.8553905 4.4700284 0.048941426 128.25
-8.8528528 4.5575376 0.038081996 136.25555
-8.8371868 4.6676831 0.039007884 142.10417
-8.8456659 4.7422876 0.038511474 152.375
-8.8727407 4.8455124 0.025793813 143.60001
-8.8406305 4.9244423 0.041828852 161.425
-8.8266745 5.0381331 0.037594859 157.95186
-8.8566952 5.1470428 0.050537195 169.41203
-8.8647623 5.2641997 0.037687629 168.10536
-8.8679838 5.35638 0.039195627 166.6219
-8.8582973 5.4578538 0.040989161 174.56877
-8.8490314 5.5587502 0.049624193 167.17046
-8.8344002 5.6485581 0.059650388 169.20105
-8.8516073 5.75562 0.061046403 169.06345
-8.8499718 5.8206425 0.085964769 179.83881
-8.8555975 5.9186478 0.071589105 163.15741
-8.8136234 0.1592178 0.11650964 159
-8.8005295 0.21574023 0.11302091 163
-8.8910608 0.33067498 0.10932826 162
-8.8633108 0.40740231 0.10854504 165.33333
-8.837966 0.54085016 0.10689348 179.375
-8.8487883 0.65524423 0.10531099 182.5
-8.8156366 0.75042635 0.11256724 178.29166
-8.8440371 0.86281383 0.13008809 175.33333
-8.8423595 0.95786113 0.1489436 163.24643
-8.8869839 1.0218492 0.11903621 181
-8.8823967 1.1608349 0.12227739 178.58334
-8.877306 1.2979742 0.12245841 179.57143
-8.8631916 1.338905 0.1146855 179.39999
-8.851738 1.4283481 0.1154728 183.61539
-8.82306 1.5607791 0.10849547 187.75555
-8.8237286 1.6038585 0.10522188 188.5
-8.8918552 1.776595 0.12032992 171
-8.8443003 1.8149508 0.10463199 162.75
-8.8567591 2.6481733 0.17770895 132
-8.8816748 4.4538546 0.12348629 77.75
-8.8601017 4.507412 0.11612479 96.5
-8.8325787 4.8875594 0.10563295 153.83929
-8.8359442 4.9904232 0.11411942 156
-8.8260784 5.2238989 0.13506635 134.5
-8.8176231 5.4944572 0.12158702 155.83333
-8.853343 5.5458708 0.1392875 154.71864
-8.8581514 5.7339263 0.15361194 181.80159
-8.8568268 5.8084812 0.17052245 184.54546
-8.8419056 5.9455614 0.15881568 190.78011
-8.8785915 6.0040903 0.11764911 201.72728
-8.855979 0.97350687 0.22973828 126
-8.8357544 4.450398 0.22888038 93.400002
-8.8287411 5.5421085 0.24438503 164.81818
-8.8430195 5.9656801 0.21976168 193.68468
-8.8549585 6.002996 0.20846845 202.25
-8.8367558 5.9507928 0.33522329 194.56818
-8.7627611 2.351558 -0.030241834 171.48315
-8.7774124 2.4645665 -0.026280774 160.86275
-8.7534027 2.5216327 -0.024507649 179.25
-8.7258444 2.6380928 -0.027824804 189.8
-8.7295332 2.7307105 -0.032255262 187
-8.7507544 2.8361142 -0.030722441 176.75835
-8.7467108 2.9570065 -0.03967322 174.08333
-8.7846537 3.0674305 -0.020607343 163
-8.7346783 4.5837188 -0.028462464 116
-8.7395554 4.7465429 -0.022678424 130.66666
-8.753994 4.8832045 -0.016087126 136.41666
-8.7522392 4.928431 -0.03910533 172.45
-8.7545776 5.0176034 -0.055485912 117
-8.7625484 5.1545525 -0.041013967 138.0625
-8.750536 5.2674232 -0.025029819 161.92308
-8.7449131 5.3475924 -0.013925835 158.75052
-8.7801342 5.4628878 -0.035981819 154.5
-8.7113972 5.5052481 -0.051225927 146
-8.7611284 5.620903 -0.043047309 143
-8.7913303 5.7698808 -0.046508111 129
-8.7483292 5.8141313 -0.054435868 126
-8.751997 0.42051095 0.0964607 176
-8.7225523 0.55870032 0.097461767 185.5
-8.7363729 0.66721624 0.080140918 181.21053
-8.7582932 0.75312358 0.07339406 174.13953
-8.7576427 0.87782991 0.073611632 157.21883
-8.7639771 0.95990801 0.050178505 168.48779
-8.7443027 1.0425882 0.061492309 159.58997
-8.7516432 1.1539664 0.06675157 165.50471
-8.7210836 1.2414145 0.068531111 183.42857
-8.73839 1.3364743 0.090264797 178.12746
-8.7533474 1.4181975 0.081850775 193
-8.7018738 1.5040771 0.099808767 173
-8.7995558 1.621529 0.066461116 196
-8.7873478 1.7901891 0.093062729 179.75
-8.7489309 1.8685813 0.094285741 171.59999
-8.7044315 1.9088484 0.093805671 182.8
-8.7536364 2.0143328 0.097945377 188.8
-8.7539968 2.1182213 0.092425615 184.91667
-8.728467 2.2395613 0.076160699 178.26668
-8.7362823 2.3541858 0.045436118 180.21667
-8.7657404 2.4670477 0.042555276 174.6702
-8.7527866 2.5650406 0.03823074 182.81818
-8.7602711 2.6276085 0.031356245 173.8889
-8.7468987 2.7324831 0.012509617 153.5
-8.7695026 2.8299589 0.033632308 158.87109
-8.7721663 2.9550469 0.033078246 149.33333
-8.761713 3.0304427 0.026368963 177.92221
-8.7397213 3.1539507 0.019175589 177.68571
-8.7637854 3.2561665 0.020784672 170.25
-8.7535486 3.3181598 0.024932312 160.5
-8.7467756 3.4509366 0.0098945564 150
-8.7626038 4.384213 0.072951131 126.33334
-8.762846 4.5542989 0.066260897 131
-8.7479315 4.6331816 0.040182211 139.14583
-8.7516308 4.7581873 0.039554011 152
-8.7491379 4.8467927 0.067854501 161.91667
-8.7457638 4.9399767 0.026869347 160.17719
-8.7621031 5.0383959 0.020306909 148.07036
-8.7494793 5.1477575 0.041168768 155.25229
-8.7699566 5.2400279 0.014589776 170.82906
-8.7660637 5.3545456 0.040355735 167.01471
-8.7525339 5.4496007 0.038869798 176.52837
-8.7563219 5.579237 0.053751867 162.73695
-8.7385845 5.6844139 0.064074963 176.42953
-8.7444029 5.7648501 0.065415986 165.80713
-8.7602596 5.8578916 0.071150273 173.95421
-8.7507572 5.9536242 0.067834087 186.375
-8.7824984 0.29750577 0.1112987 167.8
-8.749054 0.44992694 0.10874805 176.375
-8.7489939 0.64466321 0.10843808 179.51389
-8.7477379 0.79662025 0.12275189 177.2
-8.732563 0.8410629 0.12907445 171.92857
-8.7131634 0.93276477 0.15798537 160.40909
-8.7099247 1.050975 0.11957838 171.45667
-8.7940683 1.1090713 0.12937185 178.69231
-8.7761612 1.2443069 0.12820759 173.625
-8.7777109 1.3422376 0.11770164 171.375
-8.7428188 1.4300089 0.10947249 172.80833
-8.7455196 1.523573 0.11443806 182.25
-8.7320976 1.6232942 0.10813661 185.75
-8.7256927 1.7095448 0.10365517 188.875
-8.7490425 1.8281494 0.1054581 163.08334
-8.7561865 2.6238971 0.13576689 165.95
-8.719944 4.8322825 0.19899507 197
-8.7616291 4.953794 0.12428623 159.93332
-8.7769165 5.0839252 0.11791183 151.38889
-8.7902861 5.1956029 0.1036573 158.41667
-8.7536373 5.242702 0.13091221 139.23555
-8.7924776 5.3969731 0.11466355 156.35715
-8.7635889 5.401721 0.14063956 147.33333
-8.7687235 5.5437584 0.12774372 162.64618
-8.7350416 5.6587067 0.15031812 159.3782
-8.754899 5.8522782 0.15819332 180.70946
-8.7455797 5.9401855 0.13698842 188.37962
-8.7430296 6.0350556 0.14372246 203.58333
-8.7421932 0.94176608 0.22200842 140.77155
-8.7788486 4.6403928 0.27834001 226.33333
-8.7864103 4.7059321 0.23635297 187.39999
-8.7379827 5.5260482 0.23972394 128
-8.7087679 5.6115522 0.22678557 154
-8.7384939 5.9532418 0.22441807 190.54993
-8.7431841 6.0052304 0.32713977 191.34375
-8.6750889 2.0911198 -0.018077374 149.39999
-8.6459389 2.155261 -0.017037868 154.43939
-8.6935463 2.2745013 -0.016005244 161.28511
-8.6799355 2.3245125 -0.013162064 159.48462
-8.6952639 2.5571508 -0.021308489 192
-8.6296511 3.4598496 -0.019164018 156.66667
-8.6573963 4.7418499 -0.020881938 121.41667
-8.6732273 4.88592 -0.01258927 133.75
-8.6599779 5.0369544 -0.03854375 120
-8.6876373 5.1445904 -0.024539761 148.66667
-8.6664791 5.2762747 -0.036306705 142.625
-8.6096773 5.3080106 -0.015768066 122
-8.6433678 5.5467954 -0.04723778 134.16667
-8.6979628 5.6706276 -0.041427922 130.66667
-8.6259108 5.7277894 -0.04598261 126
-8.699769 5.8632226 -0.056497823 129.5
-8.6529083 0.45439968 0.09212181 190.5
-8.6319666 0.53256434 0.095756255 190.55556
-8.6280813 0.6435371 0.08641196 187.93332
-8.6595707 0.77927428 0.063725993 169.42073
-8.6641722 0.86975908 0.065253116 155.93982
-8.6638298 0.95776039 0.056571595 167.15396
-8.6541338 1.0736978 0.067520253 151.22206
-8.6107292 1.1412584 0.038436163 166.375
-8.6658134 1.2190702 0.08708588 129
-8.6379309 1.3239399 0.083274372 169.75471
-8.6357937 1.4085597 0.092441671 171.75
-8.6374769 1.5123156 0.098103322 172.11539
-8.6155949 1.6025379 0.096189156 177.33333
-8.6166916 1.7375778 0.082456149 163.66666
-8.6233091 1.8494143 0.059427004 175.59999
-8.6464148 1.9423531 0.078181416 153.78922
-8.6373701 2.0750601 0.061996222 149.05693
-8.6251354 2.1771932 0.089818411 185.25
-8.6522083 2.2817433 0.078117035 179.73413
-8.6382999 2.3514359 0.059540257 161.0625
-8.6150799 2.4500263 0.015865149 174.59459
-8.6426229 2.5261667 0.048601773 135.18018
-8.6673298 2.6493549 0.064411156 115
-8.6638336 2.7683418 0.033643808 164.85968
-8.695446 2.8272038 0.034853552 167.15396
-8.6600819 2.9303603 0.042288005 142.42725
-8.6525202 3.0613401 0.031063294 177.88148
-8.6482563 3.2196431 0.024242667 161.98001
-8.6444263 3.3497772 0.020412164 154.91666
-8.6212635 4.4323759 0.075084276 129
-8.6409473 4.5326357 0.041148126 133.4375
-8.659976 4.6466527 0.046923965 145.45833
-8.6628685 4.737628 0.033893578 152.1111
-8.6444397 4.8290057 0.054100212 145.89334
-8.6430979 4.9303741 0.04007544 178.80501
-8.6594038 5.039773 0.022354042 176.25151
-8.6516638 5.1521997 0.032459561 154.01665
-8.6612053 5.2737255 0.023614697 164.93506
-8.6601439 5.3599558 0.029774217 152.44649
-8.64534 5.4594431 0.039604578 173.39119
-8.6657963 5.5623446 0.054768592 168.95999
-8.6403837 5.6538939 0.057897687 170.25615
-8.6272373 5.7698288 0.054866739 170.35785
-8.644763 5.8453522 0.079187155 182.51349
-8.6326408 5.9396687 0.067430325 181.8
-8.6732712 0.25194731 0.11140915 166.75
-8.6621885 0.37989864 0.1084626 175.75
-8.6145325 0.48223755 0.10919781 170.5
-8.6521063 0.50563729 0.10859363 188.66667
-8.6530609 0.60974848 0.10921548 180.10001
-8.6265125 0.75085765 0.11680847 184.41071
-8.6544046 0.85009521 0.12595405 170.47223
-8.6371689 0.98428208 0.13871945 150.21053
-8.6904087 1.1818533 0.12042329 158.17647
-8.6899862 1.2751147 0.12023787 158.72223
-8.6821957 1.5598919 0.11168488 181
-8.6344824 1.6331133 0.11348145 182.90909
-8.6284275 1.7637086 0.10797106 181.5
-8.6489582 1.910679 0.10391703 163
-8.6053886 2.7046041 0.10544095 185
-8.6642771 4.8236556 0.11594556 122.94445
-8.6234913 4.9158487 0.10329094 149.89999
-8.6634645 5.0408168 0.11718836 145
-8.6524401 5.2314038 0.14119001 137.86296
-8.6764421 5.3440094 0.13602459 128.82727
-8.6778421 5.552536 0.12803252 155.34645
-8.6165552 5.6802726 0.15356867 146.2
-8.6552095 5.7484426 0.12144967 169.50739
-8.6471462 5.8924541 0.15371205 178.06667
-8.6322174 5.9858489 0.15153547 196.31952
-8.6731567 0.93512803 0.21269995 131
-8.6022434 1.6049434 0.22822081 37
-8.6253338 3.3534033 0.21238486 187.5
-8.6412287 4.7361102 0.23616861 189.76668
-8.6262417 5.6241336 0.20177819 172.60001
-8.6308117 5.9599824 0.22746952 187.62964
-8.6428366 6.018734 0.21489392 189.40741
-8.6388931 6.0282941 0.31687197 189.65384
-8.5939121 2.2382286 -0.021836875 156.96053
-8.547596 2.3569348 -0.01949673 151.70105
-8.5000572 2.6705227 -0.0083569791 169.38095
-8.5401354 3.2662189 -0.010215621 173.60001
-8.59268 3.3827243 -0.02164213 164.33333
-8.5673084 4.8822155 -0.011425619 126.25
-8.5673885 5.0250874 -0.0086281197 127.25
-8.5696726 5.1603885 -0.028477091 145.22856
-8.559104 5.2536221 -0.033219144 153.05
-8.5467596 5.3211951 -0.03169962 122.33334
-8.5456476 5.4798069 -0.0022235673 163
-8.5575895 5.5994272 -0.054319553 124
-8.5359831 5.6125541 -0.049377646 122
-8.5238724 0.34618992 0.042304177 180
-8.5521889 0.43479285 0.069640227 187.22058
-8.5473938 0.53346646 0.059203304 183.31061
-8.5435667 0.63178617 0.069085166 180.35001
-8.5645342 0.74790144 0.045447227 174.11633
-8.5602551 1.0786632 0.077509679 162
-8.5347004 1.1497246 0.06243604 167.91171
-8.5325966 1.2737505 0.058317076 169.01123
-8.5290403 1.3505818 0.057008155 171.20352
-8.5382977 1.440675 0.065833837 174.46765
-8.5188904 1.5412101 0.074277006 177.03181
-8.5381994 1.6574614 0.088445649 162.88005
-8.5265703 1.7717448 0.070458427 152.57777
-8.5716038 1.815105 0.034058955 176.2
-8.5417185 1.9397361 0.064241953 150.30952
-8.545167 2.0236797 0.064885467 168.29358
-8.5299425 2.1413896 0.06190623 152.90309
-8.5433693 2.2291617 0.061613038 150.37279
-8.5443487 2.3867509 0.047548525 138.33333
-8.5114527 2.4562027 0.012589662 166.70967
-8.551362 2.5211182 0.043319773 137.80159
-8.5629482 2.6587908 0.044985138 142.63637
-8.5697536 2.7720122 0.052023787 119.75
-8.5900669 2.8711071 0.038213663 168.91428
-8.5637445 2.9469566 0.039839905 159.02222
-8.5276489 3.0711689 0.020813316 178.75
-8.5598574 3.1577096 0.014298919 175.71667
-8.5596581 3.2922547 0.022731584 155.60001
-8.550601 4.3708315 0.014230197 126
-8.5709734 4.4291482 0.013143757 133.66667
-8.5325594 4.5726156 0.060177971 132.26112
-8.5306664 4.6571512 0.049567241 137
-8.5445852 4.7335806 0.045059334 145.57083
-8.5321569 4.8567977 0.07483653 159.16548
-8.5322571 4.9657559 0.045313865 161.51715
-8.554882 5.0020623 0.023066569 164.00212
-8.5586395 5.1556816 0.030308193 155.17928
-8.5632505 5.2525125 0.052014954 156.37645
-8.5572672 5.3605471 0.029572539 154.12718
-8.5526638 5.436883 0.045132287 164.7567
-8.567503 5.5548606 0.058123011 168.11856
-8.5366287 5.6465797 0.048512004 169.69269
-8.517786 5.749629 0.061953794 177.89584
-8.5591679 5.8656812 0.069735877 170.34126
-8.5339613 5.9313283 0.070712827 181.627
-8.5138321 0.45085809 0.1118127 170.66666
-8.5814743 0.56423056 0.11027453 179.39999
-8.5358896 0.67449588 0.11587882 184
-8.5484467 0.74957657 0.10658768 186.15475
-8.5366869 0.82043314 0.10004138 184.76923
-8.5124922 0.9431476 0.10854331 162.78125
-8.595562 1.0943199 0.10848142 153.32608
-8.5963869 1.1824801 0.1003626 156.37209
-8.5971231 1.2604774 0.10341751 154.63889
-8.5847006 1.5674946 0.1948773 77.25
-8.5359001 1.7150379 0.11064861 185.16667
-8.5341425 1.8335468 0.1068932 172.25
-8.5605497 1.9379705 0.10528026 165
-8.5793171 2.0097201 0.101511 159.5
-8.5306826 2.6129835 0.1525199 149.55702
-8.596242 3.2906232 0.13413742 197.39999
-8.5118141 4.8562918 0.10370282 142
-8.5617523 5.0013781 0.11013943 148.41666
-8.5678043 5.2745061 0.14929801 136.61389
-8.5341167 5.3398228 0.12173522 151.86667
-8.5468445 5.4441652 0.13818231 149.23334
-8.5523891 5.5541601 0.12704764 156.33713
-8.5296688 5.6878223 0.1209821 160.72118
-8.5404816 5.7647853 0.13642898 153.48256
-8.5535183 5.8823967 0.15179595 174.13792
-8.5612707 5.9680991 0.13511702 196.90715
-8.5443945 6.004518 0.15670238 183.45454
-8.5311642 1.9946822 0.25639614 73.777779
-8.5777235 2.6281998 0.22024289 155.66667
-8.5806284 3.3895719 0.22995612 255
-8.5446196 4.5644689 0.24114144 46
-8.5979681 5.1582999 0.22948484 122
-8.5637894 6.0402355 0.24694918 189.04582
-8.5298481 6.0066676 0.32641125 188.04167
-8.4934559 3.1651592 -0.0053156069 184.60001
-8.4239054 3.2663679 -0.0011842534 178.5
-8.4467783 3.3396544 -0.004182219 174.75
-8.4801912 3.4486587 -0.011335602 166.66667
-8.4839916 5.032299 -0.010064347 118
-8.4751215 5.1663423 -0.022590319 133.18889
-8.4284153 5.2182603 -0.0098176878 152
-8.4630423 5.3477139 -0.03083734 131.00264
-8.4187155 -0.048985645 0.057168543 172
-8.4460821 0.05522586 0.054643489 185
-8.4704123 0.16013512 0.062638968 190.5
-8.4712276 0.2368007 0.062069207 187.125
-8.4614124 0.33646172 0.072980098 193.64285
-8.46134 0.43127146 0.071710944 187.31863
-8.4508533 0.53083009 0.065789647 181.67221
-8.4931192 0.64137012 0.047564175 163.55933
-8.456233 0.74425483 0.063190773 172.62686
-8.4847507 0.80809748 0.056598015 174.89856
-8.4562006 0.95951062 0.088660896 162.9375
-8.4580574 1.052533 0.086847916 164.35658
-8.4423809 1.1489962 0.076938994 165.85425
-8.4409666 1.2441053 0.074944332 165.43811
-8.4350462 1.3831269 0.072260559 172.33034
-8.4141378 1.4893113 0.070029408 181.96001
-8.4297619 1.5575 0.081371203 175.10223
-8.4480886 1.6562473 0.073603995 144.75
-8.4222145 1.7539651 0.06878826 163.75815
-8.4769688 1.852433 0.046884548 164.5
-8.4642763 1.9343234 0.052431274 153.33333
-8.453701 2.0281236 0.051605463 169.05556
-8.4421778 2.1523199 0.053507518 148.82614
-8.4890251 2.3157535 0.001365346 147.77049
-8.4384413 2.4129488 0.037149481 149.38739
-8.4378023 2.5420229 0.053658586 143.33643
-8.446497 2.632499 0.058508977 140
-8.492837 2.7521183 0.025273468 153.01428
-8.4891195 2.8682687 0.029056856 155.2829
-8.471262 2.9633222 0.029731872 174.63461
-8.4527931 3.0577455 0.020753115 177.76984
-8.4238462 3.1542463 0.023560161 162.5
-8.4709501 3.2514887 0.022801895 154
-8.4412756 4.4559321 0.040808707 129.33333
-8.4850159 4.5249209 0.039381292 133.66667
-8.4326544 4.6647782 0.064140335 134.89583
-8.4424562 4.7341075 0.055099767 148.06667
-8.4308662 4.8258853 0.052898768 144.32698
-8.4442415 4.9534554 0.044457588 153.14717
-8.4593782 5.0633931 0.064159133 173.12675
-8.4580469 5.1373725 0.054283176 145.66667
-8.4666357 5.245492 0.038918521 161.36539
-8.4441843 5.3359399 0.043837722 156.50345
-8.4468565 5.435113 0.038582578 159.86531
-8.4549417 5.5302405 0.052051619 171.47926
-8.4477739 5.6281586 0.05033043 161.61111
-8.4417515 5.7406497 0.063425124 171.93143
-8.4337711 5.8633056 0.056983963 180.85715
-8.4573593 5.9563713 0.05428087 183.5
-8.4160252 0.38457265 0.11363344 164.75
-8.4040728 0.49292365 0.11129393 177.2
-8.4329453 0.59762895 0.11545273 184.125
-8.4520388 0.67595953 0.11845894 152.58057
-8.4302273 0.88094318 0.10398146 167.75862
-8.4225531 1.74814 0.11040778 184.33333
-8.4124136 1.8370744 0.107068 175.74443
-8.4709654 1.9631859 0.10116067 164
-8.4780769 2.0481477 0.11239538 149.83334
-8.4865532 2.5981126 0.1057733 145.33333
-8.4470625 4.9566565 0.10019538 144.25
-8.4924412 5.0417962 0.15836744 144
-8.4663191 5.1920958 0.11031008 150.08795
-8.42344 5.3307924 0.11826026 149.7619
-8.4470901 5.4344859 0.12356496 148.27779
-8.4564285 5.5551748 0.13082699 149.125
-8.4430752 5.6596737 0.13795304 150.01666
-8.4553013 5.7901745 0.13816878 147.83333
-8.4645157 5.8794551 0.13476764 169.08334
-8.4391937 5.9602127 0.12670986 191.52386
-8.4812994 6.0221076 0.14724205 200.04443
-8.4171276 5.1719122 0.23320521 140
-8.4598427 5.9867873 0.2098031 190.58824
-8.4602489 6.0366921 0.22227192 188.96155
-8.443697 6.0118341 0.33960766 187.39999
-8.3171825 2.4607227 -0.015809918 164.92592
-8.3071289 2.5390995 -0.010979533 162.08571
-8.3959446 2.7523568 -0.0052832239 168.2439
-8.3614292 5.0985379 -0.01255706 146.5
-8.3580885 5.2095947 -0.045652825 128.41667
-8.3446627 5.3536549 -0.04769814 124.6
-8.3932867 -0.15674514 0.050306763 164.5
-8.3077106 -0.016951956 0.062212676 167
-8.338892 0.061371114 0.063383833 175.5
-8.3694725 0.13439162 0.059612975 185.2
-8.3629723 0.23717675 0.064956158 187.45454
-8.3453693 0.35031801 0.075718351 194.36665
-8.3782663 0.46475875 0.053595461 176.72
-8.3411207 0.5198561 0.061219279 181.72209
-8.389801 0.66213143 0.052182533 164.38889
-8.3910465 0.7645973 0.07316459 174.17123
-8.3623171 0.86382991 0.072414167 164.28586
-8.3649359 0.94657207 0.092424735 167.96875
-8.3552256 1.0418981 0.078378372 164.35989
-8.3604164 1.1350664 0.071007967 168.11882
-8.3669338 1.2434783 0.067652471 167.17322
-8.3455601 1.3919142 0.07723859 174.37143
-8.334259 1.4808458 0.076817878 176.56726
-8.3246479 1.5857075 0.084844626 180.06448
-8.3087969 1.6793121 0.071253382 188
-8.3430424 1.7666739 0.060736924 162.83713
-8.3715982 1.8957635 0.055083763 159.85715
-8.3726683 1.9572827 0.069997489 165.79167
-8.3509502 2.0886495 0.036777582 156.92857
-8.349391 2.1650302 0.057162449 160.99777
-8.3480196 2.262536 0.037997518 147.37384
-8.3508511 2.3484917 0.045419391 147.3
-8.3423557 2.4341521 0.03829487 149.11905
-8.3557053 2.5236363 0.060687948 148
-8.3485336 2.6402087 0.040214557 153.45158
-8.3980055 2.7374148 0.050220937 144.75
-8.3779984 2.8417268 0.029550988 160.67935
-8.3841324 2.95647 0.010574717 182.8125
-8.3670616 3.061244 0.02427805 174.05556
-8.3930826 3.1678841 0.0025107653 189
-8.3355341 3.2173843 0.029511457 179.55556
-8.3276987 3.3336167 0.0018537705 176
-8.3252811 4.4777064 0.057134382 126.66666
-8.3583078 4.5690413 0.058079109 130.4375
-8.3326473 4.7584829 0.076271139 135.34
-8.3497124 4.8716836 0.054484069 146.1389
-8.3649406 4.9585438 0.052447837 129.36905
-8.3487911 5.0618634 0.070786029 158.32834
-8.3751249 5.1630392 0.046211381 157.99603
-8.3630648 5.2547097 0.058197789 151.38774
-8.3498316 5.3558273 0.059441712 150.97624
-8.3555298 5.4524527 0.046766974 161.60045
-8.3520336 5.5369554 0.042562321 156.59015
-8.3442354 5.6682305 0.037589818 150.51961
-8.3459339 5.7641363 0.057990614 163.00826
-8.353159 5.8650112 0.076867357 185.3423
-8.3556767 5.9893904 0.052929841 185
-8.3681488 0.65813905 0.1465544 157.64952
-8.3741589 0.74971652 0.11134468 180.58334
-8.3174887 1.7865151 0.10662371 148.16667
-8.3060961 1.8106722 0.10349037 178.25
-8.375535 1.9934857 0.10737877 159.25
-8.3758001 2.0641315 0.10054314 154
-8.3684015 2.1118517 0.12984812 162.83333
-8.314043 2.3301973 0.1162733 135.5
-8.3266172 3.1620593 0.13298401 199.48149
-8.3553019 3.26332 0.1778644 169
-8.3714409 3.3717744 0.16233285 36
-8.3417625 4.851274 0.13944504 135.75
-8.3408327 5.1793551 0.11470515 131.33333
-8.3435602 5.3031464 0.11815476 133.33334
-8.3474741 5.4428787 0.12470964 151.97321
-8.3428364 5.5584474 0.14201733 145.36349
-8.3513374 5.6745634 0.14659248 140.75
-8.3406878 5.774694 0.13563652 164.127
-8.3437738 5.8584461 0.14296515 154.69444
-8.3353729 5.974658 0.14658305 194.39999
-8.3155432 0.67328465 0.21942747 122.36364
-8.3303041 4.6346426 0.26275066 236
-8.3537636 5.9370046 0.21176293 193.0625
-8.3397865 6.0290127 0.21777238 198
-8.2127008 2.4758623 -0.018476721 163.15854
-8.2025833 2.5195744 -0.010816428 161.90489
-8.2320147 2.8168213 -0.0033547585 171.23077
-8.2726059 5.0724034 -0.023923688 137.33333
-8.2834644 5.1953888 -0.017596168 144.25
-8.2833652 5.3074474 -0.01317866 141
-8.2708693 5.4406586 -0.013021638 149.71594
-8.2587976 5.5023584 -0.01895122 161.0827
-8.2611656 -0.13588648 0.057831999 163
-8.2873716 -0.067575552 0.062038139 166
-8.2217751 0.05939617 0.062928952 169
-8.2660236 0.13956454 0.065995269 177.16667
-8.2561188 0.25751421 0.071649507 182.11111
-8.2479887 0.3807292 0.080808736 192.39166
-8.2703781 0.43652153 0.046955999 180.30769
-8.2206631 0.53199601 0.086715184 165.85417
-8.2531843 0.64218009 0.066236913 185.77525
-8.2686872 0.76025754 0.076816835 173.81847
-8.2442284 0.91133076 0.055815101 173.46843
-8.2548399 1.0320956 0.086220965 165.77589
-8.2459698 1.1630523 0.083749801 165.00514
-8.2593231 1.2498883 0.086105786 162.47137
-8.2593822 1.3544976 0.07337749 173.23375
-8.2167444 1.4778684 0.087891534 189.45454
-8.2426205 1.570429 0.089718521 181.9762
-8.2044926 1.68111 0.066529989 187.28572
-8.2496767 1.7372556 0.071008675 161.14142
-8.2637825 1.8597564 0.059280366 154.75
-8.2636757 1.9557126 0.060944807 162
-8.228322 2.0653083 0.026922792 163.25
-8.2745495 2.1739655 0.032648098 157.66667
-8.2565594 2.2551413 0.055375781 149.72223
-8.2740936 2.3541577 0.048076671 153.30556
-8.2490282 2.4497559 0.048911761 152.8889
-8.2685995 2.5575967 0.060180314 147
-8.254261 2.6569607 0.030455805 151.55243
-8.2599392 2.7289014 0.0048388178 167.23697
-8.2828817 2.8186741 0.036853902 157.41216
-8.2883835 2.9481165 0.0099324994 180.36363
-8.2798004 3.0400352 0.025867291 186.375
-8.2932816 3.1156306 0.024595695 190.66667
-8.2644091 4.4308891 0.030864647 126.25
-8.2345381 4.5980644 0.061122611 132.25
-8.2464905 4.6520576 0.050906099 131
-8.2597208 4.742106 0.076830991 133.5
-8.2485094 4.871408 0.08192832 139.66667
-8.2540092 4.9604797 0.077031948 151.68056
-8.2569656 5.0468931 0.063552998 164.32001
-8.2579527 5.1717615 0.066481374 155.46898
-8.2485218 5.276083 0.082315773 162.89865
-8.2508879 5.3433762 0.049832959 144.94301
-8.2531424 5.472044 0.056016475 153.67778
-8.2513819 5.5679297 0.047628365 148.78403
-8.2296658 5.6760774 0.03225017 139.8125
-8.238162 5.7722149 0.049049746 142.46666
-8.2454033 5.8705578 0.066304058 180.70238
-8.2500906 5.9731736 0.062665582 203.04166
-8.2715206 0.59410411 0.11759872 186.25
-8.276145 0.69182169 0.11080147 190
-8.2620211 1.3549038 0.15172124 124.56667
-8.2646751 1.4602751 0.10460763 166.63637
-8.2534723 1.654207 0.10978148 150.14815
-8.2310104 1.7697071 0.11824407 179.93571
-8.2365284 1.8511559 0.11576883 171.51666
-8.2813692 1.9710517 0.1066127 157.625
-8.2634487 2.0815084 0.11293958 150.2
-8.2328501 2.1076024 0.13555406 132.39999
-8.2389822 2.2037687 0.14096744 102
-8.221982 2.3609149 0.17847332 130
-8.2282009 4.8738089 0.10147217 117.5
-8.2636976 5.1707172 0.11466511 123.5
-8.2480383 5.3045831 0.12023862 121.75
-8.2690334 5.4536185 0.12112935 132.36313
-8.2752666 5.5674086 0.14049174 135.78761
-8.2682962 5.6607895 0.12910214 150.92308
-8.2537479 5.7262716 0.14474179 135.5
-8.2584047 5.878387 0.14145756 156.05556
-8.2565985 5.9644313 0.14339881 192.55127
-8.2387543 6.0069637 0.15777168 198.625
-8.2550449 0.60637057 0.27261326 136
-8.2281971 4.6497602 0.23811845 32
-8.2461767 4.7234306 0.24773563 161
-8.2876625 4.8645582 0.24139093 190.27272
-8.2177286 5.3704171 0.23380843 127.50555
-8.2452297 5.9627094 0.24378574 194.66132
-8.2242661 6.0151138 0.24030559 194.66666
-8.1395721 2.5148387 -0.0013767841 158.66667
-8.160902 5.0401468 -0.032903615 121.16667
-8.1693993 5.1770062 -0.029545607 125
-8.16679 5.302938 -0.026307555 125.5
-8.162878 5.4243488 -0.015828412 138.41487
-8.1605568 5.5345736 -0.011835771 139.71689
-8.1141777 -0.11639297 0.088933483 124
-8.1571341 -0.047019262 0.077145532 119.33334
-8.1743546 0.051736441 0.065749764 166.33333
-8.1659327 0.16750541 0.069076814 172
-8.1759911 0.26340798 0.079325683 183.66666
-8.1697779 0.34971726 0.074606955 178.3
-8.1494789 0.45955202 0.086915478 173.3492
-8.1532097 0.5382368 0.078744404 188.12224
-8.1505547 0.63529253 0.075640619 176.1111
-8.1618252 0.73558581 0.079616524 174.5419
-8.1603947 0.82750839 0.070420824 180.67317
-8.1516914 0.94857514 0.07677485 175.49529
-8.1818333 1.0582944 0.087420017 163.48639
-8.162796 1.1754845 0.090345494 169.26924
-8.1637106 1.2720332 0.085904725 169.31548
-8.1404543 1.3534193 0.07806547 172.26418
-8.1177864 1.4852611 0.080409884 193.25
-8.1412086 1.5827079 0.082010046 184.22758
-8.1068621 1.6506277 0.071244217 161.5
-8.1614923 1.7447945 0.077128649 131.08333
-8.1364517 1.9656378 0.081760742 141.2
-8.149765 2.1482008 0.040521868 156.675
-8.1377735 2.2507651 0.044019636 146.87321
-8.1450424 2.349061 0.050134253 144.16617
-8.1384888 2.4604254 0.020550199 157.09604
-8.1649075 2.5688236 0.067259178 145.46666
-8.1666861 2.6634257 0.056954779 146.93333
-8.167305 2.7732882 0.055836041 145.375
-8.1571779 2.9753919 0.061035719 114
-8.1362438 3.1422496 0.052426346 95
-8.1373539 4.4805121 0.042921998 120.5
-8.134491 4.546051 0.048206128 131.25
-8.1487589 4.6693611 0.060828771 136
-8.1814289 4.7384644 0.079119228 144.25
-8.1377497 4.8638306 0.084667541 130.94444
-8.1909809 4.9821677 0.09526623 162.5
-8.1686459 5.0581465 0.074097373 163.28571
-8.158289 5.1487336 0.062240038 163.10715
-8.1445665 5.2646675 0.080827549 151.25
-8.1552773 5.3655748 0.042711258 153.64174
-8.1623259 5.4616857 0.067756496 152.12872
-8.1555748 5.5418701 0.059772305 150.19478
-8.1392727 5.6545796 0.039680399 140.10347
-8.1220913 5.7796602 0.064565942 138.5625
-8.1254463 5.854722 0.04779825 173.55556
-8.160594 5.9609175 0.068770804 192.23529
-8.1941347 0.68175721 0.10978858 190.42857
-8.1830187 0.78270555 0.10235615 185.57143
-8.123455 1.0692974 0.1032379 188.15384
-8.1740818 1.3659692 0.1709263 128.75833
-8.1864414 1.4678417 0.11040983 165.16667
-8.1312094 1.5858243 0.13683982 103.5
-8.1677427 1.639436 0.11781724 178.82353
-8.1702452 1.7433332 0.11727714 170.94444
-8.1262264 1.8419287 0.12435954 181.60001
-8.1912317 1.9494103 0.11052138 155.27499
-8.1808691 2.048068 0.11764368 165.83334
-8.1379633 2.1446776 0.13781647 137.98572
-8.1945019 2.368686 0.16906343 123.33334
-8.1370344 5.1682935 0.10996418 140.72221
-8.1659918 5.2779245 0.15945725 160.5
-8.1688232 5.3057666 0.12166364 112
-8.1681118 5.6578846 0.11176541 150.65117
-8.1755209 5.7614684 0.1279757 149.25
-8.1520224 5.8387594 0.1300524 160.10001
-8.1510248 5.9715252 0.15253279 186.30952
-8.1610603 6.0200787 0.16308947 195.30263
-8.1333399 5.9921408 0.29075599 190.60001
-8.0160179 2.4286699 -0.0029706357 155.85715
-8.0090284 2.5116496 -0.0096190013 156.12698
-8.0953388 5.0211878 -0.038367767 113
-8.0985126 5.1658859 -0.032112952 114
-8.0850391 5.2997975 -0.033611856 114
-8.0643768 5.3465343 -0.00043569287 159.25
-8.0967197 5.4400115 -0.024328083 114
-8.0178585 -0.031716738 0.064039528 162
-8.0869827 0.062015325 0.068043873 165.5
-8.0361986 0.17611167 0.069156021 168
-8.0602646 0.27100715 0.076818407 186.6111
-8.0852537 0.35737109 0.078671575 189.1111
-8.0392694 0.45081168 0.088523343 181.42636
-8.0182743 0.56636494 0.087655984 180.1973
-8.0519276 0.64358348 0.081451476 176.10674
-8.0667343 0.75765884 0.078708455 176.3221
-8.0444403 0.8517831 0.08404658 176.15555
-8.0739326 0.97906053 0.089577839 173.40555
-8.0692625 1.0571419 0.077630393 175.43939
-8.0702133 1.1657833 0.088272572 173.88556
-8.0612307 1.2546538 0.088704273 172.43831
-8.0279417 1.3862737 0.076917261 194
-8.036705 1.4803834 0.080354311 183.5
-8.0496607 1.5304437 0.079867817 180.5
-8.0398808 1.6385983 0.060417902 151.75
-8.0314484 1.7988225 0.076861508 151.57143
-8.0816822 1.8643258 0.086298205 138.625
-8.0477114 1.9558636 0.073209554 158.52679
-8.0590916 2.0660319 0.059374105 163.06667
-8.0363941 2.130991 0.051495116 157.55556
-8.0352459 2.2272673 0.041834846 147.18336
-8.0492325 2.3517475 0.048406117 151.39442
-8.0695534 2.4695468 0.051063649 153.93182
-8.0817165 2.5705571 0.050558813 152.23485
-8.0692635 2.6791668 0.043331712 155.44615
-8.0755024 2.7431908 0.051940467 151.89999
-8.0842714 2.9529376 0.062416852 116
-8.0698977 4.5959983 0.055654082 123.25
-8.0076408 4.660728 0.073447824 135.5
-8.0622301 4.7564564 0.080015942 140.375
-8.0701036 4.9431963 0.059125025 145.46666
-8.0293169 5.0369439 0.045780607 143.39999
-8.0249805 5.1491375 0.050071944 143
-8.0608807 5.2696142 0.050285604 145.5
-8.0692034 5.3716364 0.039947424 153.98154
-8.0667477 5.4624233 0.043649558 156.33107
-8.0614176 5.5510674 0.044386074 147.9944
-8.0445042 5.6667295 0.032698691 151.95872
-8.0525646 5.772953 0.017578052 165.48485
-8.0110388 5.8092752 0.04562632 174.08333
-8.0945568 5.9707909 0.097861722 199.76923
-8.0541258 0.45550427 0.16583751 160.30769
-8.0518761 0.5130344 0.13831098 137.16667
-8.0538521 0.69196212 0.10613041 192.54443
-8.0935478 0.80770195 0.10330922 186.46153
-8.0495825 1.0731822 0.10283656 192.16667
-8.0209599 1.145128 0.14792092 158.92885
-8.0029087 1.2464194 0.10956159 166.5
-8.0716267 1.3560052 0.10619534 164.60976
-8.0870504 1.4740944 0.10860874 168.63637
-8.0695496 1.5652139 0.10477199 175.60715
-8.0693541 1.6673229 0.11563214 126.25
-8.0325432 1.7532688 0.11644278 147.80556
-8.037303 1.8295903 0.12479206 182.5
-8.0504189 1.9224323 0.12057307 169.16666
-8.0672112 2.0381248 0.12111986 162.25
-8.0219841 2.1741898 0.12851974 137.74286
-8.0111141 4.5796442 0.18806191 182
-8.0501919 5.0629606 0.10608079 153.16666
-8.0505047 5.1827068 0.12488281 155
-8.0628014 5.314868 0.12545484 137.08334
-8.0742331 5.5462675 0.10165122 172.51282
-8.0829601 5.7577868 0.11849837 147.17
-8.0697632 5.8520412 0.12384381 158.5921
-8.0378761 5.9524312 0.13986269 183.23611
-8.0320225 6.0044131 0.19390844 191.16667
-8.0448027 0.39430729 0.21060461 195.5
-8.0026913 0.98883486 0.22249432 136.66667
-8.0328465 1.1352553 0.23692417 145.73077
-8.0474663 1.3644302 0.2420442 128.86
-8.0121737 4.7554646 0.26661664 193
-8.048502 6.0180745 0.28115597 188.25
-7.9677362 5.2944407 -0.014037997 160.71428
-7.9620261 5.3705564 -0.01299361 161.59816
-7.9486656 5.414731 -0.020513637 163.27884
-7.9600105 -0.10645464 0.069020525 158.66667
-7.923564 0.059787124 0.066233061 165.5
-7.9988585 0.13928913 0.073063932 167.5
-7.9542599 0.2528888 0.073666759 182.15475
-7.9545298 0.37447721 0.082529835 181.5119
-7.9480767 0.57269627 0.088001147 187.2413
-7.9574118 0.6789968 0.084186584 175.62927
-7.9602108 0.75744867 0.080220908 168.69254
-7.9364405 0.84211826 0.071989529 174.62369
-7.9518738 0.96148103 0.092556573 174.15706
-7.9851108 1.0456848 0.089409709 188.72223
-7.9683018 1.1518587 0.087952986 185.90527
-7.9625301 1.2481763 0.086320318 193.60001
-7.9242587 1.3610238 0.090807378 171.36365
-7.9211884 1.582979 0.063542984 187.33333
-7.9104824 1.6166452 0.080766447 171.25
-7.9431233 1.7292918 0.084341124 143.66667
-7.9362874 1.8102046 0.072748102 143.42857
-7.9537449 1.9437476 0.075781658 154.2262
-7.9376359 2.0424051 0.0704199 162.03473
-7.9381657 2.1565337 0.059861727 161.45833
-7.9330645 2.2178187 0.050548524 148.51471
-7.9259591 2.3133099 0.043319423 155.37451
-7.9427314 2.4352572 0.021531077 164.18532
-7.9406929 2.5464807 0.014397109 158.95001
-7.957284 2.6765559 0.017779486 173
-7.9083323 2.8999655 0.05510154 133
-7.9916248 2.9247971 0.060720295 124.66666
-7.9640961 4.5876484 0.075486243 126.5
-7.9078364 4.747735 0.079110496 139.75
-7.9629202 4.8683066 0.052020535 133.68333
-7.939558 4.9656396 0.07922329 140.66667
-7.9335938 5.0622826 0.047125753 191.33333
-7.9359994 5.1498933 0.040573586 164.25
-7.941081 5.254118 0.047855716 166.15063
-7.9490285 5.3472981 0.03979025 157.80093
-7.9551287 5.4660044 0.047582678 154.03976
-7.9443336 5.5561419 0.055059172 143.92276
-7.9500675 5.6427193 0.039163888 163.90634
-7.9527946 5.7573943 0.046232238 155.86638
-7.9394994 5.8587351 0.037774708 166.21489
-7.9692974 5.9073949 0.066480055 163.375
-7.9166927 0.097436503 0.19143903 208.33333
-7.9571123 0.36856201 0.14588371 158.73334
-7.9801655 0.7856425 0.11159255 190.55556
-7.9821558 0.89159936 0.10273503 185.5
-7.9320765 0.95322782 0.15712853 184.27777
-7.9268718 1.0150303 0.18448056 149
-7.9966292 1.3385445 0.11356687 168.71428
-7.9921784 1.447644 0.14300995 164
-7.9817324 1.5656602 0.14314553 147.28125
-7.9631815 1.63219 0.14092353 149.08334
-7.9330144 1.7484351 0.12200353 146.74205
-7.9213262 1.8531286 0.12134569 179.8
-7.9792423 1.9585613 0.12165089 160.5
-7.9487514 2.0258427 0.12075788 162
-7.9410238 2.2794712 0.14448427 137.125
-7.9967628 5.1397419 0.1163705 151.16667
-7.9011564 5.2718458 0.12210535 146.16667
-7.957016 5.3369627 0.1281102 152.304
-7.9574628 5.4448128 0.12768663 156.04166
-7.9476929 5.5457044 0.1338919 154.11957
-7.985074 5.8358583 0.11892197 154.45454
-7.9131169 0.10265123 0.2163409 206
-7.9185929 0.28738609 0.24303339 199
-7.9879365 0.33796412 0.22582175 196.8
-7.972331 1.4166445 0.20673323 162
-7.980063 1.5464042 0.24238676 133.57143
-7.9887261 6.030755 0.24029396 188.6125
-7.9975295 1.1272368 0.30016929 150.72223
-7.8839192 2.6752613 -0.0033093831 163.75
-7.8670421 5.3593626 -0.0052672783 163.68173
-7.8468318 5.4310465 -0.015320975 161.17273
-7.8440604 -0.019999053 0.070674516 160.66667
-7.8446674 0.16261315 0.074590676 174.77777
-7.8362169 0.27842104 0.081225947 194.8
-7.8414102 0.34431654 0.086694539 179.27727
-7.8879361 0.48582098 0.086683594 192.625
-7.8418312 0.54091668 0.081824951 175.09419
-7.854589 0.64549416 0.078059956 179.26648
-7.8567085 0.75788844 0.0735562 175.87404
-7.8256974 0.85646808 0.073052332 168.64287
-7.8239331 0.94846553 0.080922574 170.75
-7.8608122 1.0457584 0.089176714 181.20834
-7.8655844 1.1406285 0.09493129 181.69444
-7.8412681 1.2370255 0.082003027 178.49767
-7.8352757 1.3386787 0.06260258 179.93333
-7.8682156 1.4307624 0.077744767 185.5
-7.8450875 1.5190461 0.076962098 187.97777
-7.8155646 1.6379369 0.080618113 170
-7.8240347 1.737344 0.086106524 160.75
-7.8450699 1.8627657 0.076070152 153.69
-7.8343439 1.96742 0.067424141 156.77777
-7.8579168 2.025064 0.057986207 171.66667
-7.8378806 2.1296785 0.056591354 171.03627
-7.8343225 2.2178385 0.059042409 159
-7.8402739 2.3287685 0.032776542 157.80804
-7.8457184 2.4515116 0.021324985 152.99945
-7.8435879 2.5711865 0.019402834 150.87085
-7.8000069 2.6550784 0.016548419 145.33333
-7.8308611 2.8754063 0.062840588 142
-7.8714762 3.352154 0.048920553 120.66666
-7.800251 4.5154562 0.053150199 170
-7.8283181 4.6499643 0.069289356 156.93333
-7.8287363 4.7462554 0.067329608 190
-7.8319612 4.8420491 0.070835419 154.64665
-7.8318076 4.9443498 0.049001519 171.36761
-7.8550277 5.0279493 0.059343841 173.62225
-7.8518987 5.1319056 0.063459449 172.0381
-7.8465896 5.2373037 0.039253894 162.97433
-7.8388271 5.3466568 0.05327861 156.65637
-7.85921 5.4728465 0.033749048 153.44431
-7.8542695 5.5621881 0.027405055 156.72716
-7.8569736 5.6513143 0.04802249 152.72321
-7.8477273 5.7291641 0.036352951 165.12083
-7.8071079 5.8254528 0.043967828 163.35152
-7.8410659 5.9456882 0.044852853 162.42242
-7.8936715 0.063428558 0.16215649 172
-7.8600636 0.24842833 0.15042041 161.75
-7.8354826 0.64726728 0.10264721 192
-7.8461089 0.75363499 0.10982082 191
-7.8705635 0.87660456 0.11180972 189.875
-7.8917475 0.96903408 0.11032881 186
-7.8387899 1.1299866 0.11437513 181.04248
-7.8382397 1.2390238 0.11471477 177.52193
-7.8662891 1.3733841 0.11581399 178.03888
-7.835382 1.6421949 0.13332531 131.84444
-7.8568144 1.7624633 0.11754762 157.58334
-7.8152065 1.8283206 0.11689006 193.75
-7.8637571 1.9446534 0.12302197 162.25
-7.8821783 2.157892 0.14411682 163.5
-7.8474431 2.337539 0.17263776 124
-7.8923349 5.0567865 0.10279369 146.83333
-7.8714194 5.1641779 0.12671474 162
-7.8578401 5.2395616 0.14960311 142.53334
-7.8685231 5.3259068 0.16383012 148.2
-7.8805881 5.4320936 0.13764264 146.83334
-7.8469334 5.5460143 0.14699051 147.71716
-7.8533497 6.0402012 0.13867256 194.675
-7.8000407 -0.013271999 0.21590446 40
-7.8905158 0.083015203 0.22617361 175
-7.8609815 0.26701045 0.24103367 203.8889
-7.8451085 1.6356885 0.22596587 119.71429
-7.8492875 2.3707509 0.2223976 126.5
-7.8309789 5.2817817 0.23375496 132
-7.8374405 5.3060784 0.23445101 122.26708
-7.8907218 5.5834279 0.21519664 129.72223
-7.8235073 6.0480132 0.22269413 196.2
-7.7364087 0.080951668 0.073629379 156
-7.7068634 0.16622753 0.077150971 198
-7.7297335 0.26814964 0.09813945 185.25
-7.7752008 0.3591519 0.088489279 191.33334
-7.7540121 0.43429211 0.087005854 191.625
-7.7477684 0.54474092 0.082044452 178.89999
-7.7488785 0.63330299 0.06783317 172.01851
-7.7764993 0.74431467 0.07285177 168.21133
-7.7474346 0.85254008 0.075406641 178.02751
-7.7394915 0.97474933 0.074864663 176.94162
-7.7558265 1.0610785 0.075606592 164.59509
-7.7773471 1.1343246 0.05242496 166.52083
-7.728425 1.2390442 0.076384202 180.01395
-7.7560658 1.3818427 0.061449025 180.72223
-7.7432995 1.4562073 0.080565423 188.8141
-7.7189231 1.5620199 0.090678431 172.39999
-7.7160187 1.6720123 0.088276781 164.16667
-7.7129173 1.7630321 0.089473009 161
-7.7221508 1.8493177 0.088257521 153.5
-7.74757 1.9140714 0.07303223 160.66667
-7.7429118 2.0274398 0.067207791 166.25128
-7.754528 2.1164634 0.048990265 171.95834
-7.7430573 2.244628 0.042754438 163.35358
-7.7204742 2.3202817 0.046056647 157.60001
-7.7552123 2.4284186 0.038954861 149.19785
-7.7369108 2.550766 0.028899821 147.97125
-7.703083 2.6020398 0.027506931 154.45454
-7.7472429 2.7446213 0.071091831 144.5
-7.7744904 2.8583937 0.060914725 146.25
-7.7301989 3.0849686 0.064986072 118
-7.7543373 3.2594674 0.046001751 133.55556
-7.73878 3.4391851 0.040087774 125.75
-7.7128906 4.4186974 0.029832011 160.75
-7.7660232 4.5633821 0.05091564 150
-7.7529263 4.652173 0.039073762 184.5
-7.7468743 4.7550702 0.056614015 147.84525
-7.756793 4.8422747 0.059183393 178.90477
-7.7397442 4.930325 0.064456291 159.46388
-7.7505469 5.0465655 0.050133664 172.31398
-7.7535925 5.1353331 0.046602022 157.95682
-7.7484074 5.2347064 0.047264058 170.69237
-7.7522063 5.3462477 0.039119229 165.30301
-7.7543588 5.4459133 0.027437285 155.04091
-7.7576814 5.5238242 0.038307916 154.35399
-7.7352428 5.6442466 0.025390418 155.67754
-7.726233 5.7245302 0.054765873 156.65833
-7.7212558 5.8214111 0.044410214 164.09523
-7.7544532 5.9699774 0.021225814 171.25
-7.73843 6.0396729 0.057606936 181.3409
-7.7050762 0.32990077 0.12055676 195
-7.7303181 0.45331949 0.17146708 181.3
-7.7080622 0.52732927 0.13784176 159.93333
-7.7322598 0.67001903 0.10395849 198.5
-7.7492666 0.74890327 0.11953572 189.58334
-7.7977743 0.85161561 0.11316357 193
-7.7813845 0.94492918 0.11356129 192
-7.7451844 1.0689939 0.12582619 183.875
-7.7352028 1.1205822 0.11660971 186.97223
-7.7265835 1.2545195 0.13071546 184.83035
-7.7327757 1.3230007 0.12361037 184.12122
-7.7716379 1.429812 0.12079549 183.60001
-7.7711511 1.5112889 0.13979264 186.16667
-7.7449155 1.7519512 0.128987 192.66667
-7.7715483 1.8379701 0.11226255 148.08334
-7.7381811 1.9195771 0.12305969 155.25
-7.7998462 2.0482523 0.12028695 153.33333
-7.7427897 2.1325066 0.13686295 131.2
-7.7615528 2.3675904 0.1379907 137.49744
-7.7691336 4.7852917 0.16805376 207
-7.7997136 5.1525707 0.12485093 169.5
-7.7568917 5.2466063 0.15220183 155.58333
-7.741662 5.3088675 0.12145291 151.5
-7.755281 5.4113173 0.1265417 148.8
-7.7197618 5.5520267 0.14300835 148.5
-7.7097368 6.0673633 0.16247602 200.44444
-7.7968416 0.16752879 0.20818211 159
-7.7589569 0.21284212 0.26199871 153.57143
-7.751843 0.40660253 0.21282554 181.8
-7.7124786 1.0641659 0.24505542 155.625
-7.7537665 1.1160754 0.23763703 178.25
-7.7576251 1.2963762 0.21224546 178.72728
-7.6143913 2.527401 -0.07672628 172
-7.6616259 5.3335938 -0.026430832 159.60001
-7.6509056 5.4015193 -0.021798911 158.76923
-7.6446571 5.5032878 -0.012105479 153.12659
-7.6540642 0.01673786 0.075735264 146.5
-7.6104593 0.16349636 0.079313278 197.8
-7.6640639 0.26406395 0.085897923 192.33333
-7.6308899 0.35287979 0.090337254 194.95239
-7.6702418 0.46172026 0.0839305 181.6389
-7.6351323 0.51278162 0.09557163 195.83334
-7.6788616 0.62663829 0.086331025 166
-7.691865 0.74420679 0.083422348 162.33334
-7.6464109 0.86260045 0.081100963 154
-7.653945 0.93919319 0.063860737 172.07886
-7.6660023 1.0362178 0.065397799 174.35706
-7.6596718 1.1205457 0.077143416 172.34302
-7.6560636 1.230948 0.073059976 180.13094
-7.6529832 1.3507234 0.064538822 181.71429
-7.653924 1.4382862 0.082379736 183.50986
-7.6252718 1.6265484 0.086280823 164.8
-7.6106482 1.7160625 0.089038119 164
-7.6777325 2.0699089 0.058228374 173.19583
-7.6951523 2.1716499 0.047749139 160
-7.6470203 2.2104015 0.040138904 162.98788
-7.633852 2.3026533 0.033016507 152.7381
-7.6448684 2.4348633 0.039602134 147.14473
-7.6339264 2.5498028 0.011116208 155.07156
-7.6034594 2.6656861 0.0035310893 160.66667
-7.6852655 2.7342467 0.063591979 146.60001
-7.6409245 2.8169997 0.065970033 149.64999
-7.6924267 3.060164 0.074243382 134.625
-7.6233988 3.1536708 0.05150177 145.10001
-7.6432543 3.3403392 0.04079064 136.5
-7.6146665 3.5202537 0.040276855 121
-7.6408558 4.522614 0.041072447 167.16666
-7.6496162 4.6515355 0.054184627 165.32222
-7.6939993 4.7195115 0.029236313 190.25
-7.6572008 4.8475013 0.065016113 162.32291
-7.626677 4.9432182 0.05148346 187.75
-7.6342607 5.0453391 0.050345238 174.89929
-7.6607833 5.134059 0.038435452 179.44292
-7.6417446 5.249434 0.032312807 164.02777
-7.6466255 5.3525 0.035559293 162.82172
-7.6702352 5.434875 0.049553767 156.41382
-7.6507502 5.5427322 0.04733571 162.19504
-7.6378417 5.6508026 0.047885031 154.82632
-7.6522107 5.770823 0.074777924 147
-7.647419 5.8506012 0.040399525 168.73215
-7.6341019 5.9280152 0.058617193 163.15239
-7.6401277 6.0364141 0.054265533 190.56363
-7.6232548 0.37327421 0.10070825 182.5
-7.6507697 0.5976373 0.10382317 197
-7.6528473 0.75123233 0.10296712 197.54166
-7.6491489 0.84743184 0.14125617 189.75
-7.6461086 1.0645698 0.12745129 192.5
-7.6195574 1.1265668 0.13458569 189.8
-7.6155643 1.2141879 0.13404806 190
-7.6407032 1.3102322 0.11960533 188.05556
-7.6692805 1.4338611 0.12960903 189
-7.6562023 1.5577458 0.12762433 192.25
-7.647737 2.0287559 0.12421817 138
-7.6468792 2.7191303 0.17025949 134.5
-7.6023383 4.7485766 0.14464368 190.5
-7.6286936 4.8315525 0.13117778 130.6875
-7.6867781 5.177969 0.11375393 142.66667
-7.6481094 5.2422576 0.1239441 157.5
-7.6570907 5.3640652 0.14803167 146.22223
-7.6787305 5.5422916 0.15666252 130
-7.6747971 5.6022186 0.14416245 148.5
-7.6672955 6.0724583 0.15266636 198.12549
-7.6686659 0.16388115 0.24223526 165
-7.6794543 0.20725366 0.20477825 204
-7.6216106 4.6812162 0.25096142 191
-7.6197553 5.2752361 0.24276368 150.20454
-7.6875896 5.3027854 0.23418839 131.14285
-7.6632404 0.32323292 0.30044147 123
-7.5396299 2.5270524 -0.018222401 138.89531
-7.5429721 5.3612776 -0.0070891436 161.86224
-7.5401859 5.4864302 -0.0013270584 156.5
-7.5472059 5.5979919 -0.0024275957 152.70175
-7.5228662 5.7116604 -0.0028313755 154.125
-7.5919881 0.054774977 0.073927641 201.33333
-7.5711379 0.18748486 0.087597005 187
-7.554358 0.22474056 0.08962404 188
-7.515027 0.31342804 0.090679437 157.5
-7.564136 0.46637964 0.089787416 184.1875
-7.5020542 0.59759635 0.085946299 139
-7.592072 0.61150432 0.078719705 154.33333
-7.5744243 0.73944366 0.081819393 147.75
-7.5588908 0.88035434 0.082618535 155.04167
-7.5567541 0.9680934 0.076783292 167.22942
-7.5499578 1.038913 0.073283426 160.06911
-7.5796003 1.1522964 0.054734953 173.04242
-7.542872 1.2490271 0.072111741 173.65907
-7.5452576 1.352222 0.070420191 179.4642
-7.5505481 1.4151039 0.090765424 179.57143
-7.5768442 1.5153698 0.092906304 172.77777
-7.5215249 1.6412264 0.088760659 167.83333
-7.5975146 1.7935462 0.093729086 160.33333
-7.576684 1.9288336 0.091770805 148.8
-7.5941305 2.3323638 0.036340199 150.27272
-7.5813236 2.4193094 0.026552856 151.86885
-7.595705 2.590591 0.011643771 159.5
-7.5481787 2.7501497 0.076199636 146.52499
-7.5344124 2.9671764 0.058453739 148
-7.5797143 3.0240777 0.054121267 149
-7.5548573 3.2473326 0.046280514 143
-7.5467167 3.4285538 0.042409856 134.5
-7.5775757 4.4431586 0.028584795 158.58334
-7.5310235 4.5904603 0.0037299797 171
-7.5349541 4.6609192 0.032110557 176.91667
-7.5271211 4.7735252 0.032451328 184.88333
-7.5514121 4.8658414 0.039938547 171.19444
-7.5441942 4.9415607 0.043586873 177.13095
-7.539649 5.0563116 0.049684577 174.83734
-7.556448 5.1712112 0.027465686 160.57353
-7.5571656 5.2507238 0.038657352 165.45522
-7.5471249 5.333468 0.041927174 166.60631
-7.5652418 5.4347277 0.037016146 162.29985
-7.5482087 5.5361323 0.046107933 171.64812
-7.5548415 5.6564832 0.047479138 163.35039
-7.5491414 5.7715058 0.03888784 171.88353
-7.5370665 5.8507361 0.054619703 171.35417
-7.5437422 5.9317789 0.06202754 162.36388
-7.5546007 6.0541739 0.071810901 188.16905
-7.5768456 0.17888837 0.14576603 193.8
-7.5228972 0.30038586 0.1013383 191
-7.506052 0.46985355 0.1073304 172.25
-7.5583229 0.54115319 0.10127855 190.83334
-7.5707555 0.65861011 0.10359896 190.85715
-7.5643163 0.83332556 0.10540263 197
-7.5603342 1.0587174 0.13243838 178.875
-7.5057688 1.119431 0.14493379 168.01923
-7.5294161 1.2323745 0.11883259 155.67857
-7.592473 1.3984793 0.12926486 191.33333
-7.5551562 1.513191 0.12286622 190.5
-7.5749288 1.6199857 0.12385558 190.75
-7.573976 2.1182358 0.12384875 129
-7.5312037 4.5618124 0.11862727 157
-7.5679297 4.6655021 0.14361577 162
-7.5420985 4.7941923 0.14663337 209
-7.5445538 4.8317842 0.17542718 178.16666
-7.500289 5.0962782 0.10637287 123.5
-7.5830498 5.1361599 0.10502971 157.75
-7.5695457 5.2522516 0.14218193 155.15909
-7.5833206 5.3828297 0.12555639 139.33333
-7.5904808 5.4968567 0.13286375 137.25
-7.5810966 5.6099505 0.14223664 138.66667
-7.5371895 6.0763021 0.139411 200.55119
-7.577724 0.16834955 0.21680254 176
-7.5798402 0.35154679 0.20854549 196.60001
-7.5258822 0.74215698 0.27166647 173
-7.5502787 0.87511724 0.21793984 170
-7.5384302 1.2861451 0.24741542 154
-7.5737433 4.6559148 0.22710116 47
-7.5441866 4.7730398 0.22952308 188.33333
-7.5386324 5.2737403 0.25845128 141
-7.5829859 6.0925269 0.20943739 193.26666
-7.4365191 2.3894947 -0.020039743 114.5
-7.4193821 2.5392189 -0.031163357 125.33334
-7.4359159 2.8075969 -0.0010683362 167.75
-7.4697132 4.4373894 -0.0077307145 174
-7.4703546 4.5029163 -0.001885803 183
-7.4019179 4.7669954 -0.013057857 178.5
-7.4157009 4.8872819 -0.0054610507 182.5
-7.4324403 4.9404688 -0.065777391 193.5
-7.4487262 5.0276079 -0.064691931 191.8
-7.4699426 5.1498227 -0.023081252 171.422
-7.4754539 5.2369752 -0.058892339 190
-7.461441 5.3274841 -0.028132109 172.28241
-7.4048142 5.4305978 -0.03260811 189.5
-7.4448872 0.26741171 0.087902702 131
-7.4597979 0.43515518 0.091714442 170.76666
-7.402667 0.58095574 0.08311633 129
-7.4797683 0.74516267 0.083985791 166.93333
-7.4557381 0.9378953 0.060016662 171.79913
-7.4567909 1.0149378 0.061670162 170.21249
-7.4571247 1.1077533 0.062595576 170.15527
-7.4550719 1.2581583 0.072460078 173.90981
-7.4300513 1.3470356 0.081311397 176.77856
-7.4522133 1.4450849 0.099807546 169.44444
-7.4765491 1.5325425 0.097255364 167.66667
-7.4039621 1.662414 0.099218711 168.5
-7.4925332 1.740322 0.089364275 164.16666
-7.4543395 1.8714572 0.089260392 155
-7.4258847 1.9665223 0.093170948 135.5
-7.4695215 2.5725341 0.015545564 163.32285
-7.4562025 2.6957386 0.016361872 158.54546
-7.4587574 2.7288263 0.04861524 159.53847
-7.4749026 2.9305408 0.060664486 153.625
-7.4759898 3.035964 0.052139685 151.71428
-7.4401999 3.1292489 0.045380674 151.5
-7.4803681 3.2449672 0.052446403 143.5
-7.4840965 3.3424699 0.048256565 143.5
-7.4291534 3.4965086 0.033303056 136
-7.453424 3.539372 0.033743385 129
-7.4268866 4.4513745 0.028603109 151
-7.4395242 4.570837 0.034760308 166.66667
-7.4390321 4.6479602 0.015261616 181.93333
-7.4593863 4.7374682 0.030169308 185.70892
-7.4430051 4.8614821 0.036686361 164.38249
-7.4398866 4.972156 0.029430106 175.59319
-7.4481559 5.0480862 0.040331185 173.56628
-7.4681525 5.1512952 0.019767193 173.39946
-7.4292369 5.2554097 0.045352276 168.62627
-7.4358635 5.3643613 0.031505853 171.70859
-7.4581766 5.4585238 0.029963771 164.69421
-7.4550996 5.5554934 0.047655806 174.09653
-7.4633036 5.6776009 0.052803926 169.55511
-7.4400897 5.7727127 0.056026973 168.17331
-7.4487853 5.8523583 0.057684429 151.2359
-7.4587846 5.9556012 0.062237717 167.89166
-7.4384069 6.0416875 0.058694679 173.50595
-7.4396572 0.41252211 0.11538266 160
-7.447247 0.56524134 0.10631738 190.92857
-7.4459553 0.65149611 0.10530563 181.825
-7.4816575 0.74230742 0.10336614 185.91666
-7.4449677 0.85485113 0.14337792 174.26666
-7.4065342 1.0982112 0.13342394 170.75
-7.4874039 1.2134942 0.1278308 187.2
-7.4996834 1.3162289 0.12681837 187.5
-7.4435406 1.4356605 0.12746212 177.89999
-7.4727025 1.5446995 0.12572823 180
-7.4599304 1.6591069 0.12655875 169.83334
-7.4490356 5.0739241 0.10564433 117
-7.4412475 5.1597838 0.14602184 129.51282
-7.4896517 5.240344 0.11609497 138.25
-7.4735956 5.3646379 0.12216473 127
-7.4680037 5.4917431 0.13040347 127.25
-7.4403362 5.6328669 0.12162573 123.625
-7.4828072 0.89353794 0.21718638 160.5
-7.4993019 1.1221095 0.21142325 126
-7.4191384 3.3613038 0.25313669 37
-7.4265513 5.9584966 0.25424042 201.54166
-7.4849963 6.0690536 0.2119751 191
-7.361815 2.2756674 -0.015950197 115
-7.3044906 2.3079414 -0.015963057 124.5
-7.3541794 2.4239006 -0.023159452 126.75
-7.352551 2.5580423 -0.032771256 134.5
-7.3479271 4.6624222 -0.015221919 177
-7.3540788 4.8104987 -0.014628324 182.25
-7.3295674 5.0466909 -0.052805275 187.72726
-7.3922009 5.1315403 -0.050198145 188.16667
-7.3727198 5.2479248 -0.02873881 175.26508
-7.3582392 5.3237457 -0.032864563 176.75253
-7.329555 5.4149814 -0.031830858 185.92857
-7.3730321 5.5634432 -0.025999436 189.33334
-7.3416553 5.7171364 -0.028717231 189.25
-7.3976941 0.42342755 0.088625483 128
-7.3838563 0.68427193 0.084613256 183.07692
-7.3424215 0.76117611 0.095570587 178.88571
-7.343513 0.94832534 0.069101736 171.93832
-7.3557277 1.0494018 0.067784011 169.47148
-7.3657551 1.1699033 0.070281178 172.94795
-7.3350611 1.2488743 0.074240148 171.29166
-7.3974624 1.5864595 0.092164151 170.2
-7.3347445 1.8248613 0.092531681 154.66667
-7.3638935 2.5296569 0.0088972906 161.30159
-7.3674645 2.6479168 0.018828448 166.10883
-7.3608088 2.7250888 0.017317055 168.25223
-7.3817887 2.8429022 0.029901722 170.92593
-7.3760591 2.9495943 0.033317585 176.75371
-7.3627152 3.0650444 0.038931713 174.67778
-7.300899 3.1134288 0.032161582 191.5
-7.396492 3.2117052 0.081854649 145.5
-7.3451405 3.3454862 0.036720134 143
-7.397254 3.4421206 0.029074239 139.75
-7.3025703 3.5393767 0.029676957 135.5
-7.3713245 4.3890419 0.040765464 129.77777
-7.3532529 4.4686465 0.0092042927 174.5
-7.3470984 4.5468702 0.032335617 151
-7.3373432 4.6393499 0.031941425 178.125
-7.33922 4.7517772 0.038711682 159.70555
-7.3626494 4.8670335 0.048430726 175.86925
-7.3664026 4.9427462 0.022875074 153.88541
-7.3575788 5.0622678 0.024034997 162.30325
-7.3464217 5.1709843 0.016393051 175.45531
-7.3173676 5.2394419 0.058474641 175.71892
-7.3527236 5.3314915 0.039032936 175.95387
-7.3484163 5.4469385 0.058228981 177.90042
-7.3514142 5.5534911 0.051868849 161.97499
-7.3571887 5.657505 0.062263973 150.55598
-7.3365927 5.7416916 0.055843946 164.50668
-7.3569355 5.8669949 0.065563582 158.84821
-7.3089042 5.9627795 0.05695552 157.4035
-7.3447456 6.0778861 0.092678048 203.23656
-7.3656616 0.56296104 0.10876545 166.57143
-7.3430896 0.76681578 0.10988776 171.95238
-7.3684731 0.98362964 0.18067631 145
-7.3756695 1.237399 0.15351132 159.33334
-7.3916302 1.3289785 0.12905766 168.25
-7.3495007 1.4481431 0.11072694 165.90477
-7.3446007 1.5940647 0.12686467 155
-7.319653 1.6045816 0.10071756 170.39999
-7.3440018 1.7274034 0.11986119 153.41667
-7.3188901 1.857046 0.10345139 151
-7.3006663 3.0751505 0.10263915 104.625
-7.3471584 3.1370623 0.10324302 130
-7.3754954 4.785995 0.16465195 205.66667
-7.3841228 4.8182893 0.13476446 186.33333
-7.3559294 5.0332012 0.10291354 112
-7.3689117 5.1571326 0.13906793 131.44333
-7.3804479 5.2188644 0.13143401 156.10358
-7.3538756 5.3400512 0.13400023 122.06774
-7.3449016 5.486372 0.13478638 113.5
-7.3462071 5.5902257 0.10219766 183.75
-7.3627768 5.6273279 0.14712478 115
-7.341157 5.9552321 0.14320214 199.14285
-7.3993545 6.0709319 0.19712922 190.38889
-7.3731723 0.96347064 0.22739878 144.39999
-7.3553886 1.2230179 0.24758965 151
-7.3113494 1.6290052 0.24765205 79.5
-7.349349 2.8176916 0.24525119 142
-7.3225627 3.1924555 0.24808136 188.66666
-7.3345294 3.2049382 0.2645196 192
-7.370151 4.7944651 0.21182916 184.5
-7.3851647 4.8165369 0.21845461 200
-7.342443 5.9891586 0.28004408 199.92857
-7.2866321 2.1604054 -0.012232833 117
-7.2219257 2.2081146 -0.012698337 128
-7.247798 2.3399897 -0.020765005 135.5
-7.2270331 2.4766893 -0.02260877 147.33333
-7.2476144 2.5859973 -0.019685242 144.66667
-7.2073026 4.4408312 -0.033672657 167.33333
-7.2818642 4.5591869 -0.025361089 176
-7.2438545 4.6163111 -0.022664331 181.75
-7.2916775 4.8844342 -0.01149404 190.16667
-7.2452126 5.0854425 -0.028355017 175.75
-7.239769 5.1741543 -0.050309747 181.31924
-7.2566042 5.2845898 -0.04583111 181.06451
-7.2327223 5.388834 -0.044261556 179.57143
-7.2126293 5.4853749 -0.036651645 180.08333
-7.2929053 5.5532556 -0.022687446 186.08333
-7.2382822 5.6936321 -0.017717313 187.55556
-7.2210007 5.777915 -0.014934107 188.60001
-7.2466483 5.8489037 -0.02538823 189
-7.243886 0.9572084 0.079935111 170.19911
-7.2522612 1.0880107 0.055522632 170.68207
-7.2546649 1.1666101 0.075566709 169.6665
-7.2538891 1.5234113 0.098342985 172.14285
-7.2108607 1.7753001 0.073249415 183.5
-7.2562981 2.4571815 0.040228359 173.5
-7.2714686 2.5236633 0.022815643 168.14493
-7.2720528 2.6429055 0.020809295 162.06071
-7.2804604 2.7258615 0.02212943 166.80556
-7.2619352 2.841073 0.028320322 175.57018
-7.2726007 2.9283216 0.033081066 180.67778
-7.2545018 3.0271559 0.036631219 183.19048
-7.2655153 3.1290505 0.055528216 158.54465
-7.2714195 3.2440047 0.033785123 173.44168
-7.2436643 3.3434808 0.033624623 148.66666
-7.2642884 3.4438899 0.030567452 142.66667
-7.2093072 4.3773308 0.005839882 166.66667
-7.2225008 4.4621382 0.024477346 145.25
-7.292624 4.543148 0.015753619 164.68889
-7.2867036 4.6630063 0.024079198 148.33333
-7.2510195 4.7443442 0.037175007 166.32999
-7.2614775 4.8617868 0.02921511 165.18001
-7.2596564 4.9743171 0.026218997 185.26285
-7.2404532 5.0343947 0.036638163 148.19168
-7.2547135 5.1603727 0.019179441 179.15146
-7.2785978 5.2808352 0.036818154 182.38612
-7.2540812 5.3626356 0.036329105 173.87306
-7.2435536 5.4592662 0.041818421 172.98761
-7.2582183 5.5553775 0.050559536 171.64874
-7.2559128 5.6397176 0.053563908 174.50739
-7.2307386 5.7584815 0.054560747 162.00577
-7.2618251 5.8225884 0.061750986 172.46487
-7.2207847 5.9547567 0.033526402 176.75
-7.2364144 6.0586205 0.082646646 185.60603
-7.2948084 6.1033769 0.056136705 193.5
-7.2548776 0.67560732 0.1059336 150
-7.2751827 0.94418448 0.16301149 162.25
-7.2541456 1.0779406 0.1323801 145.5
-7.2612023 1.2293265 0.12545587 153.44444
-7.2334156 1.3501753 0.12595154 156.25
-7.2655954 1.4797627 0.12910645 146
-7.258646 1.6539266 0.1440811 128.875
-7.2375722 1.7603232 0.11265379 144.58929
-7.2112083 1.8033595 0.1059769 129
-7.2734814 1.9602077 0.10746292 125
-7.2330432 2.7287774 0.1724626 128.40556
-7.2576513 4.6509304 0.17481466 175.5
-7.2805023 4.7325878 0.1549992 164
-7.2459602 5.0740662 0.11405496 155
-7.2488327 5.1725945 0.16050994 136.76923
-7.2474442 5.6066198 0.1030265 187.10001
-7.2549267 5.9661593 0.13579777 196.33978
-7.2756753 0.94920248 0.21375126 135.03125
-7.2903523 1.3348209 0.21119153 157
-7.292408 1.6448666 0.20155704 116
-7.2332358 3.2447495 0.20802747 190.5
-7.2297764 4.703898 0.2006367 202.5
-7.2369018 5.9849067 0.25742814 198.49124
-7.2950644 6.0763102 0.20073225 189.96666
-7.1400347 2.2685587 -0.010506892 144.5
-7.1655865 2.3862863 -0.020714711 143
-7.1098318 2.4357333 -0.013473869 151.5
-7.1352186 2.5521436 -0.014737983 152.875
-7.1536231 2.6113808 -0.011267361 152.5
-7.1509099 4.5533915 -0.024338732 180.2
-7.1037006 4.6489568 -0.018517565 191.75
-7.1562204 4.7434998 -0.0079052681 190.97501
-7.1860552 5.0996828 -0.0011318314 171.33333
-7.138876 5.1640811 -0.032681428 171.92528
-7.1539288 5.2548018 -0.0538049 174.625
-7.1257281 5.3484664 -0.059504349 170.66667
-7.1755171 5.5741072 -0.029732618 181.29167
-7.1343136 5.6704078 -0.016206367 183.75
-7.1220393 5.7344656 -0.0092925997 185.5
-7.1232324 0.81780976 0.052948862 182
-7.1392994 0.96453482 0.074467786 179
-7.1617146 1.0403817 0.065060012 174.39999
-7.1576614 1.1243448 0.037045248 166.00186
-7.1623707 1.6428323 0.098584428 161.66666
-7.1028938 1.7204703 0.098527797 151
-7.1657071 1.8677486 0.067727961 162.33334
-7.1492023 1.9672966 0.081200384 188.33333
-7.1353445 2.0389829 0.052914485 153.16666
-7.1089096 2.1746867 0.042369626 86
-7.1423502 2.4342318 0.049191091 181.625
-7.1414995 2.5361648 0.046084229 180.67046
-7.1514392 2.6404064 0.040566344 169.19679
-7.1632233 2.7283108 0.038082007 168.3821
-7.1866927 2.8316469 0.032699488 173.76424
-7.1788349 2.9385803 0.037532631 183.72462
-7.1830797 3.0327814 0.020872412 179.3
-7.1570582 3.131026 0.025185606 186.8889
-7.1889434 3.2561917 0.031916767 162.5
-7.1101022 3.3258181 0.029113181 158.39999
-7.1360865 3.4251797 0.030557308 146.33334
-7.158443 3.5219693 0.021973539 136.66667
-7.1737294 4.5531096 0.02140012 163.16667
-7.1760101 4.6554203 0.037959881 160.49333
-7.167336 4.7654715 0.036149435 166.62143
-7.1818786 4.8367014 0.027233386 164.5575
-7.1669841 4.9473176 0.031328686 178.162
-7.1585054 5.0550089 0.060494557 169.05624
-7.1498847 5.1469665 0.04734512 170.92421
-7.1463847 5.269031 0.039726485 174.32979
-7.1401281 5.3569269 0.033060316 175.86638
-7.1322455 5.4591751 0.046459477 176.86734
-7.1526327 5.5508871 0.063809648 180.88333
-7.1436248 5.6331568 0.0697328 172.9863
-7.1268411 5.7175827 0.04005447 163.84972
-7.1501894 5.839962 0.053605624 175.68478
-7.1373696 5.9421191 0.045521799 173.04443
-7.1145711 6.1010818 0.097983681 193.76923
-7.1215858 1.0362617 0.11896452 149.125
-7.142911 1.1188641 0.10276607 167.625
-7.1548371 1.2241043 0.11857824 151.64285
-7.1099577 1.3542103 0.11953005 149.7
-7.1711173 1.4653516 0.12606108 166.60001
-7.152976 1.5076555 0.13046004 129
-7.1415639 1.6823556 0.14933595 125.75
-7.1214042 1.7253119 0.13122825 129.375
-7.1697254 1.8585814 0.10713698 143
-7.1204319 1.9412256 0.11242741 126.5
-7.1751251 2.7292216 0.14701569 133.34782
-7.123292 4.8784213 0.17503691 191.5
-7.1834235 5.1608648 0.16112654 149.4375
-7.1263037 5.8925953 0.11673331 185
-7.1466699 5.9818244 0.15039891 196.2674
-7.181335 6.0892396 0.1919291 191.46153
-7.1567812 1.6778104 0.21993007 143.85715
-7.1566529 1.7093607 0.24002622 93
-7.1061559 4.7556238 0.23791781 170.60001
-7.10848 4.865766 0.21360092 197.66667
-7.1904945 5.0915327 0.22904311 187.66667
-7.1104393 5.9748473 0.27790007 197.72728
-7.1781354 6.0737066 0.22195217 193
-7.0308089 2.3491316 -0.010670507 155.05556
-7.0792928 2.487345 -0.017856289 152
-7.0263352 2.5127931 -0.0037160849 152.25
-7.0587554 4.7339153 -0.0038126169 190.75
-7.0134497 4.8077521 -0.00346397 170.78571
-7.0562787 4.9672594 -0.0084616179 180.83823
-7.0228815 5.0855403 -0.001587513 175.64516
-7.061882 5.2270174 -0.043507215 169.45169
-7.021884 5.3137178 -0.052862473 166.24265
-7.0560164 5.4309254 -0.064955138 167.52975
-7.0410099 5.5182524 -0.053480059 168.15674
-7.066483 5.6303768 -0.032073423 178.35294
-7.046566 0.86114818 0.066254474 186
-7.0436263 0.97641087 0.072182074 182.60001
-7.0294542 1.0778937 0.072047211 180.28572
-7.063786 1.1568395 0.068426795 172.21622
-7.0683403 1.2693704 0.067071475 173.76389
-7.0436702 1.3719711 0.06172232 177.28333
-7.0314183 1.461383 0.06826131 175.625
-7.0391779 1.568095 0.038674805 189
-7.0534129 1.7300957 0.044936586 189.33333
-7.0435638 1.8460329 0.052844215 161.41666
-7.0546165 1.9778329 0.047586903 147.83333
-7.0638785 2.0442436 0.058718577 161.47501
-7.0516686 2.1621253 0.023195807 152.70775
-7.0304995 2.2589383 0.023002746 163.06818
-7.0241551 2.3557043 0.05010106 183.25
-7.0649214 2.4316244 0.057797842 185.66667
-7.0509949 2.5326893 0.0511037 185.75
-7.0514774 2.6422799 0.034141492 168.47037
-7.0508881 2.7255528 0.051252972 167.29201
-7.0763245 2.8310528 0.033614993 173.7437
-7.0610237 2.9278517 0.031293239 181.19777
-7.0660019 3.0365512 0.021216007 186.86665
-7.0725107 3.1399724 0.036088869 181.22223
-7.0441151 3.2393663 0.028573943 173.3
-7.0101314 3.3281362 0.023767509 164.39999
-7.0212412 3.4226642 0.022615639 155
-7.0318489 3.52672 0.015814686 144.33333
-7.0646191 4.3657517 0.030174214 145.625
-7.0820584 4.4590373 0.029776191 150.19444
-7.0464492 4.5767522 0.031290855 164.30556
-7.0676007 4.6583433 0.036153607 159.38333
-7.0548334 4.7549915 0.027770087 190.85001
-7.0531225 4.8514137 0.042975519 158.46132
-7.0541101 4.9538102 0.034148447 169.95425
-7.0206251 5.0394502 0.039123248 172.51724
-7.0697203 5.1458521 0.051785473 165.89578
-7.0539989 5.2411175 0.038199525 164.71368
-7.0573463 5.3489671 0.039326042 169.91899
-7.0481849 5.441236 0.03903443 164.30803
-7.0481615 5.5347676 0.087402895 170.25
-7.0544219 5.6401482 0.059104275 154.20932
-7.0351191 5.7329364 0.043028325 165.99875
-7.037076 5.8249292 0.049796268 171.09375
-7.0105844 5.9459915 0.063486539 151.79524
-7.057457 6.0529099 0.079992175 176.24615
-7.0309329 1.025768 0.10956801 173.33333
-7.075223 1.1406077 0.10845951 173
-7.0955415 1.253459 0.10304509 176
-7.0228477 1.3341337 0.10356972 170.75
-7.0459166 1.7806314 0.11835894 138.95238
-7.0884924 4.7529769 0.10842212 164
-7.0473137 4.9272928 0.12871365 153.5
-7.0777678 5.1136127 0.13905677 165
-7.0360446 5.8851681 0.10062195 180.41667
-7.0448666 5.96171 0.13654213 193.46667
-7.0640988 6.0006275 0.11273411 198
-7.0804873 6.1173024 0.19171788 193.73334
-7.0316248 1.7387054 0.2246301 147.36363
-7.0386395 4.6960125 0.21459007 39
-7.0923748 4.8381071 0.2326813 188
-6.9109454 2.43764 -0.0069853696 147
-6.9749823 2.55369 -0.0048577301 147.81818
-6.9056458 2.6823988 -0.028403345 165.5
-6.9004893 3.3370571 -0.057747159 154
-6.9272242 4.5289974 -0.0077807205 143
-6.9359856 4.727294 -0.0073087588 160.66667
-6.9447465 4.8612118 -0.0077983574 174.5
-6.9500341 4.9126997 -0.0035473872 165.39999
-6.952796 5.0154972 -0.0088092294 169.46388
-6.9451966 5.1316915 -0.02797842 167.89966
-6.9541907 5.2417841 -0.048243884 163.84737
-6.932672 5.3512759 -0.050478216 164.41087
-6.9560213 0.78848368 0.033372503 190
-6.9792466 0.87164646 0.054231886 185.25
-6.915451 0.9406448 0.061567195 179.91353
-6.9541664 1.077798 0.069069788 168.28116
-6.9520874 1.1602509 0.075582057 167.26001
-6.9630389 1.2615908 0.071831875 169.86301
-6.9765062 1.3652676 0.070496373 176.25
-6.9471207 1.4635768 0.067365393 184.30688
-6.9673691 1.5657638 0.06351532 186.46429
-6.9350524 1.6603795 0.059481449 187.24445
-6.9550533 1.7172794 0.04234473 188.79167
-6.9627628 1.8487655 0.062464427 178.78333
-6.9727149 1.9442486 0.040959857 156.23334
-6.9500632 2.0558488 0.066638641 178.7381
-6.9627094 2.1248922 0.042957004 143.05
-6.9601736 2.2740462 0.025928855 162.55357
-6.9609699 2.3497224 0.043170229 178.92392
-6.9521236 2.43905 0.033275172 170.83215
-6.9407897 2.5474608 0.025981389 167.51198
-6.943326 2.6468148 0.032328315 167.49483
-6.9692955 2.7455988 0.029869936 172.63837
-6.9822526 2.848686 0.020725051 171.17105
-6.9913597 2.9401498 0.037034865 154
-6.9815845 3.051245 0.025447799 175.38461
-6.990665 3.1502619 0.030598238 182.71428
-6.9002585 3.2547016 0.019732703 172
-6.9382863 3.3355148 0.016314818 136.75
-6.9112401 3.4319305 0.01806578 156
-6.9159474 4.3526144 0.035446402 141.75
-6.9497147 4.4443426 0.030897906 152.5
-6.9544005 4.5567007 0.046923012 146
-6.9627113 4.650579 0.025240829 156.36667
-6.9380651 4.7744365 0.037383869 136.625
-6.9559131 4.8678718 0.070948444 154.70833
-6.9791298 4.9377484 0.051571365 161.04103
-6.9475098 5.0496197 0.061115753 160.80482
-6.941906 5.1441059 0.049402442 164.93811
-6.9326186 5.2564869 0.041807167 153.56436
-6.9687309 5.3407216 0.038894549 160.33881
-6.9458928 5.4342308 0.049497351 149.66516
-6.9904695 5.5370216 0.093087561 158
-6.9579678 5.6384077 0.061223168 142
-6.9548593 5.7670851 0.034563702 143.77745
-6.9339547 5.8829155 0.07994777 161.0625
-6.9371843 1.0430142 0.10314567 172.39999
-6.9062519 1.2767593 0.10138939 163.5
-6.9403677 1.3852066 0.10669313 158.5
-6.9975314 1.7530761 0.11215867 152.5
-6.9931469 1.8620136 0.10810068 128
-6.921978 3.2756228 0.10140641 98
-6.9319444 4.8780479 0.10141995 166
-6.994246 4.9171157 0.10535531 146.75
-6.9721789 5.7932911 0.10698559 175
-6.9544048 5.964592 0.13932368 191.06563
-6.9926682 6.0974469 0.18840471 197.21428
-6.919488 1.7443264 0.22644414 151.09091
-6.9827394 5.9817266 0.26356554 197.56667
-6.8504391 2.5446506 -0.025794856 163.15518
-6.8488727 2.6975925 -0.022197645 172
-6.8878274 3.1732373 -0.059556391 125
-6.8291049 3.2135406 -0.060378682 129.66667
-6.8594928 3.3585591 -0.059676062 130
-6.8952041 3.4892569 -0.048463009 195.83333
-6.8068533 3.5255153 -0.063240796 143.66667
-6.8410144 3.6281435 -0.011961007 203
-6.8757205 3.7531614 -0.015650705 165
-6.8193054 3.8733768 -0.005155528 169
-6.8544936 4.3501582 -0.011769668 129.33333
-6.8732066 4.4527822 -0.007371089 133.16666
-6.8597422 4.547421 -0.0052636284 139.375
-6.8920956 4.626936 -0.010417799 133.66667
-6.8657613 4.7570329 -0.0080941431 156.24443
-6.8549571 5.1979389 -0.012770399 161.46939
-6.8266296 5.2946177 -0.049319077 160.73991
-6.8355293 5.3302174 -0.047427505 163.3036
-6.8235769 0.65768236 0.052711733 159.16666
-6.8692265 0.72539335 0.034243818 187.8
-6.875493 0.84771675 0.044649009 187.66667
-6.8239822 0.96600085 0.068358965 158.93637
-6.8369379 1.037743 0.064161025 166.11946
-6.8353038 1.1451563 0.06149736 157.98541
-6.8416939 1.2634964 0.074432448 157.07909
-6.8565578 1.3543693 0.063518919 176.17918
-6.8455658 1.455617 0.07121034 172.83864
-6.8466272 1.5638025 0.050142005 185.26665
-6.8293171 1.6607043 0.05400233 184.63628
-6.8641663 1.7601562 0.058619387 187.62524
-6.8669891 1.8536839 0.06812042 171.20833
-6.8603544 1.9583795 0.063293375 181.33333
-6.8595543 2.0649784 0.040895779 163.24829
-6.8464036 2.1390471 0.052663952 169.69168
-6.8837891 2.2398269 0.033558391 163.75194
-6.853024 2.3405602 0.019959314 157.28328
-6.8638 2.467895 0.018994085 155.65048
-6.8833661 2.5563712 0.031595159 163.56705
-6.8517761 2.7260938 0.012521765 157.96295
-6.8838787 2.8503668 0.011962883 153.13637
-6.8509192 2.9595165 0.0328415 155.89999
-6.8478518 3.0425358 0.0368171 173.19949
-6.8834 3.1512926 0.027509101 181.2
-6.898972 3.2317381 0.025786731 115.5
-6.8092198 3.372716 0.011355133 135.14999
-6.8019862 3.4258993 0.018144641 158
-6.8762932 3.6140671 0.0078334128 172
-6.8573184 3.7493191 0.00086616859 137
-6.876349 4.348104 0.096717305 146
-6.8094354 4.4740381 0.04792035 142
-6.8495975 4.5487728 0.038239196 160.75
-6.8533258 4.6315417 0.058224771 154
-6.8635573 4.7251225 0.02470237 126.66666
-6.8140998 4.8174729 0.070991598 151.85715
-6.8409214 4.9532042 0.042692278 166.52827
-6.8429961 5.0461946 0.041107103 166.45872
-6.84729 5.149087 0.047791336 165.10834
-6.8479013 5.2504058 0.057671014 150.05238
-6.8552966 5.3591595 0.039825637 160.808
-6.8455901 5.413116 0.082743056 128.75
-6.8670969 5.522017 0.048218854 128
-6.8566251 5.6572886 0.06022983 124.5
-6.8530445 5.7915702 0.026786273 112
-6.8447227 5.8398485 0.061328944 140.03333
-6.8919749 5.9929056 0.060624804 142.66667
-6.8043628 6.0761318 0.057619885 152.8
-6.8837805 6.1298971 0.08577586 191.44444
-6.826683 0.98234206 0.11407039 168
-6.8338327 1.0629379 0.10613708 163
-6.8653407 1.1715494 0.10257652 163.25
-6.8278856 1.4513702 0.10944404 163.33334
-6.8922553 1.743548 0.13459839 131.55556
-6.8640599 4.3646221 0.19377299 216
-6.8283401 5.1914315 0.13795391 143
-6.8758783 6.0233712 0.18839608 199
-6.8431945 6.146101 0.17984353 199.36363
-6.8252883 1.7793807 0.27022868 85
-6.8776898 4.3933396 0.20954917 216
-6.8799129 4.4017558 0.22189619 214
-6.8055596 5.1805749 0.22174871 128.59091
-6.8624787 5.9898343 0.26958495 197.92857
-6.7196398 1.4273376 -0.0055010119 170.25
-6.7640066 2.4318109 -0.01942081 162.60001
-6.7246928 2.557632 -0.042157184 173.25926
-6.7733617 2.6372831 -0.044809114 173.48648
-6.7068191 2.9278495 -0.063471086 118
-6.7924457 3.0577338 -0.070399269 121.5
-6.7221131 3.1177707 -0.062811032 127
-6.7508855 3.2670653 -0.060960956 134.83334
-6.7908311 3.3934193 -0.059278529 137
-6.7121086 3.4310176 -0.051359743 191
-6.7546458 3.6459477 -0.0088216169 175.5
-6.7490973 3.7608809 -0.0068264119 179.5
-6.7352691 3.8695462 -0.0051126056 182.66667
-6.771843 4.3635216 -0.010056209 135
-6.7285986 4.4239197 -0.0073079313 139.75
-6.7833753 4.5317092 -0.009624565 135.66667
-6.7897577 4.6570663 -0.0036367262 151.66666
-6.7926097 4.7737098 -0.0051341886 144.5
-6.7591066 4.884737 -0.003377748 147.75
-6.7303128 4.9898891 -0.001148687 150
-6.7091866 5.0717363 -0.043560639 150.5625
-6.7610235 5.1598997 -0.070062317 152.54054
-6.7596917 5.2384238 -0.080670111 157.00729
-6.741724 5.3504486 -0.040314145 161.69464
-6.7303376 5.4252319 -0.045716155 154.76677
-6.7110748 0.53985882 0.062500566 160.5
-6.7450447 0.66511273 0.064990364 157.2
-6.7640309 0.76786828 0.033763539 189
-6.7835007 0.84518999 0.044385593 185.45454
-6.7176924 0.97277731 0.057515595 161.875
-6.7265401 1.065987 0.039307449 165.13026
-6.7284946 1.1380336 0.074798971 161.81209
-6.7490959 1.2518574 0.067038275 169.13675
-6.7647724 1.3528823 0.04215179 180.37807
-6.7510929 1.4410717 0.050440565 161.99005
-6.7827029 1.5637256 0.048404112 186.33333
-6.7379231 1.6212262 0.058807436 187.14999
-6.7443275 1.742642 0.049573034 183.47639
-6.7748485 1.8462569 0.064986303 178.69643
-6.7451439 1.9406539 0.053188361 170.125
-6.7633362 2.0469501 0.051500708 177.56
-6.7347898 2.162163 0.063662276 176.17046
-6.7791424 2.2250094 0.042446937 160.03947
-6.7687507 2.3571365 0.037264071 159.68637
-6.7644949 2.4475954 0.032339457 143.32864
-6.7772484 2.5396974 0.026267676 163.58182
-6.7281499 2.6341076 0.044133808 115
-6.7078462 2.7286382 0.05811777 134.53334
-6.741282 3.0091443 0.088249601 129
-6.7363892 3.1524351 0.020464633 160.8
-6.7460613 3.2530477 0.015058567 148.33334
-6.7100973 3.3435574 0.015580577 157.25
-6.7818274 3.7556565 0.00080641912 170.5
-6.7370901 3.8576488 0.031340148 180.5
-6.7505331 4.282866 0.057510369 120
-6.758112 4.3781691 0.048156939 131.5
-6.795516 4.4476395 0.045851171 143.5
-6.7570534 4.5477295 0.0010199768 151.39999
-6.7302814 4.6615162 0.04288004 158.2
-6.7038069 4.7667012 0.063666962 155.66667
-6.7533894 4.8678107 0.037815183 163.86607
-6.7427225 4.9562197 0.049435794 155.14395
-6.7350378 5.0387583 0.040295053 162.66666
-6.7373877 5.1562271 0.043533269 150.20702
-6.7612314 5.2268281 0.046488754 154.375
-6.7507358 5.3625259 0.036015127 168.00082
-6.7267551 5.4044418 0.076841816 115.5
-6.739367 5.5366669 0.057523575 115
-6.770155 5.6732097 0.060492318 112.33333
-6.7577209 5.8493948 0.0383173 125.6
-6.748167 5.959146 0.052144341 143.05
-6.7223229 6.1480598 0.076659933 204.5625
-6.7694645 0.98002905 0.11556914 169.92308
-6.740109 1.0711666 0.11130967 162.95238
-6.731286 1.1725062 0.11715408 168.5
-6.7263727 1.2285618 0.11028143 158.64166
-6.778688 1.3515866 0.10702505 166.17094
-6.7459068 1.472617 0.10078198 186.5
-6.7566214 1.5614495 0.10062122 190.25
-6.7761207 1.7777396 0.10557959 171.5
-6.7279291 2.2861114 0.11500499 120.5
-6.6615334 1.0913513 -0.00606211 169.09859
-6.6752596 2.4475999 -0.019019 173.04483
-6.6063251 2.5141702 -0.045710988 167.22858
-6.6738605 2.6486745 -0.054212928 158.9191
-6.6152735 2.758234 -0.048139013 131.70587
-6.6561828 2.9869962 -0.068201281 124.5
-6.6684113 3.1659265 -0.064408064 134.83334
-6.613596 3.3566427 -0.048121657 162
-6.6614408 3.4569707 -0.05179327 147
-6.6885204 3.5640097 -0.051584482 144.2
-6.6581974 3.6661587 -0.0063483417 183.625
-6.6474404 3.7695241 -0.0072754412 190.25
-6.6437182 3.8656015 -0.0057850219 194.39999
-6.6599321 4.197753 -0.0074525587 144
-6.637289 4.2678418 -0.0051608132 144.66667
-6.6199198 4.3238668 -0.0055636959 143
-6.6741476 4.4573197 -0.0064872825 137.8
-6.6860704 4.5725017 -0.0054665809 144.8
-6.6843038 4.6833858 -0.0047491398 151.60001
-6.6466475 4.7929029 -0.0034077014 160.7
-6.6187315 4.8659248 -0.0073029124 171.7
-6.6478128 4.9465017 -0.0027765778 167.32309
-6.6209764 5.033123 -0.050170142 163.39285
-6.6933775 5.1203494 -0.072509177 144.83333
-6.6518221 5.2473936 -0.047282074 153.06905
-6.6250329 5.350174 -0.062339228 148.09882
-6.6545906 5.4544587 -0.036328733 147.28479
-6.6654253 5.5555511 -0.006090458 151.70454
-6.6137276 0.58122939 0.046224669 171.60715
-6.6538439 0.68460798 0.046256762 172.625
-6.6497664 0.72940677 0.071367852 166.42424
-6.6860294 0.88851422 0.034094397 177.85001
-6.6177068 0.97913396 0.079254374 172.33333
-6.6447034 1.0529277 0.031744853 166.2294
-6.6442637 1.1311197 0.038979296 167.55389
-6.6448689 1.2381085 0.047794648 174.21933
-6.668745 1.3689584 0.05340657 164.78656
-6.6382022 1.4129395 0.032798819 186.50258
-6.6674132 1.5394239 0.046528541 179.14456
-6.6451635 1.6561694 0.053866815 186.04666
-6.6383595 1.7623315 0.048991755 167.42592
-6.6819558 1.8405293 0.062256318 174.5
-6.6676536 1.9509506 0.05318724 186.67915
-6.6818681 2.0591168 0.061084617 174.35001
-6.6327634 2.1516848 0.064834245 174.02777
-6.6539536 2.2466419 0.07890588 158.74458
-6.6341896 2.343241 0.048322748 170.14977
-6.6617136 2.4397864 0.040417697 149.73863
-6.6606908 2.5392723 0.043794602 144.92493
-6.6179428 2.7354712 0.037453886 118
-6.6141281 2.995774 0.017985949 171.16666
-6.6594248 3.0854719 0.018014157 156.5
-6.6325307 3.3512731 0.0071377144 119.75
-6.6765671 3.4735942 0.001442136 110
-6.6587262 3.766031 0.00056207879 191.5
-6.6490011 3.9504161 0.087733813 166
-6.6016531 4.0664668 0.084321491 145
-6.6315699 4.1899157 0.032311935 178.83334
-6.6554885 4.4529099 0.0609672 129.25
-6.676239 4.5264978 0.02803223 145.75
-6.6258068 4.6460276 0.031622048 158.5
-6.667841 4.7770028 0.0015913856 178.2
-6.6788664 4.8661728 0.063039131 164.16667
-6.6656914 4.9303756 0.057638645 162.25
-6.6408997 5.0533004 0.047599837 145.18146
-6.6378403 5.1443129 0.040649142 160.35901
-6.6775947 5.2468343 0.039214935 179.65475
-6.6557999 5.3236556 0.04749772 179.62573
-6.6579003 5.4098454 0.03640908 163.15686
-6.6191864 5.628159 0.024900751 156.29167
-6.6201196 5.9478402 0.04918785 137
-6.661705 6.055335 0.04686128 146.83334
-6.6185875 0.87793934 0.12631987 190
-6.6552019 0.94616973 0.12209833 181.83333
-6.6625781 1.0762941 0.11241741 157.55556
-6.6595669 1.1581358 0.11160889 175.71428
-6.6481018 1.2474971 0.11007717 180.39999
-6.6694908 1.3651836 0.10773671 185.63637
-6.6672287 1.4686236 0.10297471 189.5
-6.6650105 2.2421486 0.12320169 117
-6.6315346 2.8552144 0.13732374 133
-6.6263685 5.0874901 0.14361814 152.23077
-6.6852288 5.7989159 0.11770947 124
-6.6775012 6.1688871 0.15420401 203.2
-6.5715919 0.51713085 -0.010541703 186.5
-6.5405192 1.0145766 -0.0035210822 169.94444
-6.5284281 1.2446227 -0.010840757 165.97928
-6.5637255 1.3326366 -0.01490718 166.85519
-6.5330238 2.3295178 -0.0020178212 173.56731
-6.5545874 2.4758394 -0.041290041 166.54546
-6.5140924 2.5798676 -0.022411533 150.03636
-6.5608702 2.6577444 -0.027122101 150.40298
-6.5160365 2.7715878 -0.040781885 160.22784
-6.5742736 2.853199 -0.060183804 118
-6.5220008 2.9296875 -0.058863867 128.66667
-6.5754538 3.0777416 -0.064299688 139.66667
-6.5676994 3.2522202 -0.054566041 144
-6.5226283 3.3631859 -0.02183364 190
-6.560183 3.4805088 -0.038127124 192.39999
-6.5839119 3.5593345 -0.046794061 169.35556
-6.5445628 3.6943836 -0.017177535 191.66667
-6.5053043 3.8587425 -0.0041502416 189
-6.5209789 4.1618919 -0.0037747745 199.5
-6.5105677 4.2304802 -0.0083189961 148.66667
-6.5745988 4.5486045 -0.0036712489 153.07777
-6.5062537 4.681819 -0.0010381305 172.30769
-6.5345254 4.7657709 -0.025859423 163.19524
-6.5486302 4.8462577 -0.029059747 153
-6.5293231 4.9516168 -0.030289713 163.40759
-6.5491352 5.0708127 -0.061480299 162.61359
-6.5564718 5.1704993 -0.057682939 155.29944
-6.5359721 5.2638659 -0.033011328 150.44359
-6.5481176 5.3656187 -0.048343033 158.33127
-6.5596495 5.4521704 -0.0062469812 144.13043
-6.5691166 5.5280471 -0.045350064 160.60628
-6.5435848 0.26285076 0.091952294 149
-6.5485349 0.72948968 0.058344156 180.21428
-6.585351 0.86611229 0.019663418 178.70512
-6.5147319 0.98615026 0.079066247 191.5
-6.5131907 1.0994406 0.07878992 189.25
-6.5339594 1.1389955 0.015821474 160.06137
-6.5378933 1.2331772 0.046337064 184.47581
-6.5727534 1.3400084 0.07498493 191.93333
-6.5583787 1.4593089 0.055681691 181.58334
-6.5538278 1.5498302 0.05157597 183.47949
-6.5546083 1.6671016 0.031696446 180.95029
-6.5411816 1.7772381 0.048575483 168.91368
-6.5764027 1.8424923 0.055664726 166.14603
-6.5479393 1.9439756 0.05253562 174.92064
-6.5494485 2.0514002 0.053575892 175.60248
-6.5604863 2.1648982 0.062392715 161.84999
-6.5536118 2.2579122 0.049846087 174.06979
-6.567131 2.3687057 0.050533418 179.67064
-6.5474443 2.4265525 0.047340237 172.46667
-6.5301499 2.5333123 0.058600809 157.03867
-6.5329132 2.6490946 0.032365628 154.29166
-6.5447755 2.7617166 0.04233636 179.45422
-6.558857 2.887886 0.02886145 186.66667
-6.592958 2.952832 0.010943899 181
-6.5200772 3.0384529 0.017756216 173.375
-6.5529194 3.1297534 0.013813731 162
-6.5890732 3.2300427 0.0072402745 138.66667
-6.508431 3.4586637 0.0012416677 115
-6.5525827 3.5310817 0.018973647 138
-6.5251617 3.6925311 0.0016903752 189.5
-6.5420203 3.7727413 0.0098907473 191.5
-6.5332403 3.8567533 0.0058213286 191.75
-6.5315638 3.9708679 0.097002327 184.8
-6.5370965 4.0701361 0.085975923 188
-6.5292144 4.1522503 0.033722464 180
-6.5769682 4.282372 0.047210604 151.5
-6.572937 4.3590202 0.038372371 140.22223
-6.5445442 4.4532337 0.032975897 133.85001
-6.5488052 4.5398827 0.060297955 132.625
-6.5397148 4.6535621 0.0051578013 172.03572
-6.5129199 4.7620511 0.043219868 152.66667
-6.5648484 4.8347011 0.040089142 160.20238
-6.5341277 4.9582348 0.022908993 162.85001
-6.5593386 5.0782657 0.026529506 166.875
-6.5581269 5.1681132 0.04992184 158.70982
-6.5659194 5.2595015 0.050300553 154.56194
-6.5461221 5.3424206 0.070815228 143.12038
-6.5523505 5.4130421 0.058288459 137.29385
-6.5458474 5.5728207 0.015290141 157.0625
-6.5648251 5.7417431 0.025828909 182.84822
-6.5456891 5.8453798 0.043747481 166.66071
-6.5048556 5.9532022 0.033520434 172.60001
-6.5080886 6.0107212 0.046650931 129
-6.542717 6.1390266 0.061779965 183.45834
-6.5425215 0.60341883 0.10143714 144
-6.5871444 0.86304802 0.12008754 189
-6.5659142 0.93509412 0.11005347 185.5
-6.5814533 1.053992 0.107351 182.85715
-6.5754299 1.1521329 0.10705135 182
-6.5839186 1.2554368 0.10719119 183.5
-6.5836954 2.4763269 0.15665428 146
-6.5618162 2.5207717 0.15277489 127.12354
-6.5908995 2.7949476 0.13703299 156
-6.5891547 5.0613179 0.17752215 141.44444
-6.5421686 5.3892612 0.10326961 123
-6.4650955 0.46259469 -0.0081891911 181
-6.4714966 0.51568377 -0.0098735709 184.5
-6.4959173 0.60801238 -0.010157892 191.5
-6.4470677 1.3976482 -0.02178479 165.36
-6.4459486 2.440784 -0.012524255 167.78125
-6.4466238 2.6383557 -0.017518291 153.26414
-6.466588 2.730788 -0.04491505 139.05882
-6.4157853 2.8194566 -0.041052241 141.66177
-6.4828119 2.9881873 -0.061597742 137.5
-6.4359045 3.0609262 -0.047755733 154.60811
-6.4864745 3.1669354 -0.040661722 160.90909
-6.4407387 3.2360666 -0.031905334 169.12714
-6.4532685 3.3380458 -0.036138974 162.89684
-6.4674072 3.4240725 -0.039474618 174
-6.4746261 3.5485532 -0.047528852 187.77777
-6.486269 3.6564527 -0.035556175 177.39999
-6.454463 3.7584105 -0.034116317 186.29411
-6.453289 3.8657815 -0.033005066 185.54546
-6.4892836 4.3429422 -0.0016364846 145.66666
-6.4105458 4.6498132 -0.03733103 159.30556
-6.4430079 4.7355342 -0.023592837 167.44923
-6.4655519 4.8713436 -0.0088920249 165.30435
-6.4451036 4.9434972 -0.046260849 157.82222
-6.4385428 5.0228939 -0.043462008 157.00348
-6.473825 5.155426 -0.040697988 160.76926
-6.4306946 5.2415628 -0.056186896 167.52258
-6.4192948 5.3728557 -0.035877604 165.50063
-6.4544573 5.4363561 -0.039961196 168.84375
-6.4511347 5.5673919 -0.050389472 174.38889
-6.4274769 5.6541767 -0.032946452 167.1875
-6.4335403 0.35348958 0.09544041 172
-6.454989 0.75486428 0.060332295 189.97223
-6.4696779 0.84104061 0.010372308 181.91304
-6.429019 0.94495046 0.055307895 173.40398
-6.4379096 1.0612799 0.032669432 168.26866
-6.4286332 1.1808952 0.030261191 175.30847
-6.4730277 1.3540368 0.070987217 190.02777
-6.4449558 1.4435765 0.052147217 184.93214
-6.4496851 1.528914 0.038779572 177.31845
-6.4355741 1.6513164 0.037392069 183.37302
-6.4654284 1.7377156 0.05294184 165.43982
-6.4680982 1.8379381 0.048358869 175.26611
-6.448266 1.9491335 0.04833363 165.14734
-6.4523783 2.0652471 0.049319733 167.40688
-6.4445534 2.1644399 0.047720455 176.0101
-6.4627023 2.2542789 0.042719517 181.83176
-6.4625802 2.3297675 0.05886022 178.21875
-6.4441805 2.4636722 0.065149605 182.39583
-6.4634876 2.5266032 0.031186908 156.875
-6.4470434 2.6457677 0.025243068 161.80595
-6.4321909 2.7765059 0.018276298 181.5
-6.458457 2.8669765 0.023607705 185.85715
-6.459095 2.9592495 0.02164802 185.44444
-6.4178553 3.054338 0.012477282 177.8
-6.4421482 3.1628044 0.010353622 157.5
-6.4655738 3.2674637 0.0029321704 142.5
-6.483407 3.3469863 0.0049468293 126.33334
-6.484314 3.5471418 0.04609704 183.21429
-6.4237852 3.6702268 0.056647547 200
-6.4670162 3.7767479 0.01679234 189.66667
-6.4718323 3.8552408 0.0018505116 189
-6.4469686 4.0845447 0.054563884 167.8
-6.4537926 4.1689448 0.052133497 165.2
-6.4557319 4.2572412 0.051384024 167.5
-6.4633141 4.3485527 0.029997449 152.10001
-6.4544315 4.4475317 0.030117443 145.04167
-6.4414959 4.574821 0.025363252 147.3651
-6.4432135 4.6407995 0.028907459 156.02478
-6.4394622 4.7534699 0.043686889 144
-6.4366055 4.936635 0.022444582 158.15277
-6.443224 5.0532951 0.052497435 150.79167
-6.4599504 5.1686273 0.060684696 152.17143
-6.4393826 5.2820129 0.065821566 144.95001
-6.4680972 5.33114 0.057472929 140.86365
-6.4395776 5.4589214 0.026461676 152.32056
-6.4797778 5.5454845 0.0091970619 173.17459
-6.451993 5.6475596 0.017051518 180.495
-6.4426217 5.7567434 0.030684799 180.07053
-6.4410501 5.8825569 0.03159833 173.39999
-6.4101524 5.9215455 0.051199421 117
-6.4494081 6.0597734 0.056359999 182.95
-6.4442019 1.1560518 0.13049443 125.35606
-6.4987617 1.66598 0.10853455 127
-6.4451604 2.0765119 0.14171852 159.33333
-6.4073114 2.1029918 0.1121268 111
-6.4794855 3.7965066 0.1817544 186.16667
-6.4680319 3.8060446 0.15118 174.39999
-6.4231501 3.9888301 0.10890241 189.60001
-6.4348907 4.0719757 0.10292654 178.60001
-6.4766455 5.0017252 0.11559997 139
-6.4509463 5.2737274 0.14352371 123.14285
-6.35535 0.46916288 -0.0073239566 178.75
-6.3794751 0.57053572 -0.0048671598 185.8
-6.3974614 0.64846587 -0.0013722534 190.66667
-6.3906131 1.4353929 -0.0038233225 167
-6.3022251 2.3738897 -0.024163028 157.89024
-6.3419495 2.4512253 -0.0014053463 166.51352
-6.3468161 2.5543485 -0.011064447 150.63419
-6.3515711 2.656122 -0.0349494 132.39334
-6.3529406 2.7474494 -0.043597493 139.53026
-6.3611298 2.8623474 -0.034488559 152.46645
-6.3563838 2.9609864 -0.054400425 155.53862
-6.3123903 3.0349107 -0.037929256 154.6142
-6.3599467 3.1165092 -0.035552062 156.00407
-6.3259702 3.2294927 -0.024723891 166.07455
-6.3365927 3.360857 -0.013397825 189.45454
-6.3656445 3.4672773 -0.036113419 176.9375
-6.3758831 3.5472302 -0.039896972 185.95587
-6.3630438 3.6483309 -0.052333158 180.11539
-6.3607359 3.7430015 -0.054279666 178.11765
-6.3518982 3.8343289 -0.045977362 174.91304
-6.3791289 4.1603251 -0.004798986 138.41666
-6.3760738 4.2502465 -0.0058259484 141
-6.3715253 4.3583679 -0.0038279437 143.66667
-6.3406224 4.4869184 -0.033534959 143.08334
-6.3534894 4.5510592 -0.053587656 143
-6.3146152 4.8532753 -0.036636814 155.54413
-6.3648453 4.928391 -0.029402535 148.60989
-6.349978 5.0524116 -0.018879473 152.62743
-6.3679786 5.1542864 -0.029641861 162.44087
-6.3283305 5.2562752 -0.026044222 163.26263
-6.3347535 5.3651719 -0.052593756 160.33749
-6.3823552 5.43573 -0.026351031 168.83913
-6.3440676 5.5444503 -0.0098067774 165.69728
-6.3428473 5.6627955 -0.011137078 149.39999
-6.3065257 5.7406049 -0.013743077 146.8
-6.3267198 0.26443836 0.095450886 180.1111
-6.3889914 0.3866021 0.083649166 184
-6.3131604 0.44948998 0.08766529 197.25
-6.317997 0.68720651 0.0076193586 190
-6.3347015 0.75843942 0.059882443 186.83733
-6.3571906 0.85650903 0.059036799 185.08781
-6.3552437 0.9426769 0.044934828 178.09525
-6.3411403 1.0563534 0.050681099 160.96425
-6.3412638 1.1458793 0.039653253 175.1069
-6.3571839 1.2692478 0.045565337 175.0746
-6.3544459 1.3754232 0.074074008 193.44444
-6.3516035 1.4614255 0.042834595 180.52222
-6.3942251 1.5666403 0.021353913 176.36813
-6.3379483 1.6505569 0.057142414 182.83333
-6.3534861 1.7493734 0.045890041 167.89635
-6.3585801 1.8308418 0.050053373 171.533
-6.3460245 1.9518757 0.042823866 159.97542
-6.3639846 2.0524287 0.045254614 165.19078
-6.3555031 2.1559806 0.037380084 168.17575
-6.3585663 2.2464507 0.049541496 177.38097
-6.3607054 2.3485501 0.0379152 180.78751
-6.3456264 2.4545624 0.032141559 168.8593
-6.3715086 2.5498519 0.010963023 162.52942
-6.3498325 2.6718702 0.028822234 147.04959
-6.3409448 2.7550483 0.0180567 179.25
-6.3708243 2.8440707 0.031174906 185
-6.3614554 2.9382565 0.032888751 182.27777
-6.312942 3.0399983 0.037975218 169.94444
-6.3254037 3.1648681 0.056446642 141
-6.3374877 3.2992961 0.041178733 128.66667
-6.345696 3.3969853 0.015225155 121
-6.3594685 3.4356141 0.041748971 145.25
-6.3937087 3.520256 0.053295791 169
-6.3999319 3.6164141 0.047654506 166.875
-6.3055506 3.7099955 0.055171806 166.8
-6.3657022 4.0684142 0.032129366 166.8889
-6.351203 4.1587181 0.064942099 174.71428
-6.3356776 4.2616787 0.070192195 174.72728
-6.3654561 4.3500819 0.030670438 155.60001
-6.3713036 4.4571276 0.032657277 155.25
-6.3613429 4.534318 0.0096660703 151.25
-6.3535404 4.6587968 0.034309749 151.62962
-6.3254061 4.7334299 0.04842348 167.83334
-6.3542414 4.8500671 0.045041684 141.46875
-6.3398271 4.941267 0.056651656 134.88858
-6.3449092 5.033257 0.036677536 146.45761
-6.332675 5.1447482 0.052127793 147.66666
-6.3524551 5.259903 0.047565989 149.37619
-6.3573995 5.3350091 0.068287209 150.83333
-6.3609195 5.4243026 0.061871711 122.5
-6.382782 5.5886025 0.0062140445 177.95535
-6.3283639 5.6589589 0.026534216 175.17084
-6.3476896 5.7728648 0.030486573 178.30159
-6.3499374 5.874507 0.02926339 169.3875
-6.3788805 5.9328108 0.027531462 179.60001
-6.3610811 6.0616388 0.043737736 150.08334
-6.3194842 6.1152792 0.050008487 126
-6.3252625 0.97537726 0.1402564 137.4375
-6.3826456 1.1642948 0.14213315 125.66667
-6.3706861 1.71034 0.16503133 131.25
-6.3722386 1.9676211 0.17508672 174.5
-6.3399668 2.240952 0.10970794 131.5
-6.3143306 3.0068138 0.15569821 138
-6.3350811 4.0056481 0.11027343 187
-6.3275852 4.9474092 0.1175882 128.77777
-6.3460598 5.3067169 0.1453391 168.71112
-6.3009858 0.92435414 0.22825189 142.5
-6.3209267 1.9476675 0.23030671 150.72728
-6.2307043 0.45125368 -0.0061906609 171.625
-6.2853417 0.59558868 -0.0011821043 186.16667
-6.2744832 1.5518115 -0.0030719447 172.17647
-6.2978973 1.6267368 -0.0015872137 175.1875
-6.232811 2.2818775 -0.025038935 160.93512
-6.2258835 2.3904119 -0.017899787 156.89655
-6.2529678 2.8461637 -0.044782706 145.89584
-6.2415948 2.9428422 -0.031943843 147.3125
-6.2371259 3.0712152 -0.013756903 175.23529
-6.2651758 3.1591308 -0.02507237 162.84259
-6.203505 3.2600882 -0.012866184 148.75
-6.2678232 3.3195314 -0.021612866 170.825
-6.2373791 3.4489861 -0.024580685 145.425
-6.294188 3.5267892 -0.044579975 183.44444
-6.2536116 3.6423287 -0.049379069 172.58824
-6.2417808 3.7382209 -0.042478554 158.89655
-6.2391067 3.8350725 -0.035479434 151.66667
-6.2275157 4.0267544 -0.0015642667 122
-6.2398381 4.1522684 -0.0039421627 129.66667
-6.2472539 4.2196884 -0.0084589534 140
-6.238874 4.3659606 -0.048206825 131.5
-6.2848806 4.4474502 -0.061715666 133
-6.2253451 4.6977444 -0.01886474 173.375
-6.2919493 4.7795858 -0.006488122 175.66667
-6.2479124 4.8515725 -0.035756033 157.75
-6.234971 4.9419107 -0.016790867 148.32613
-6.2615314 5.048377 -0.022916485 155.74551
-6.2636113 5.1491404 -0.017548062 153.27411
-6.2258358 5.2904034 -0.010462629 140.2
-6.2702951 5.3453722 -0.012476429 159.74413
-6.2586975 5.4279122 -0.018238822 157.72408
-6.2652102 5.5668793 -0.0081176748 145.35001
-6.2055831 5.6965728 -0.015165042 144.83333
-6.254499 5.778635 -0.0085564526 144.66667
-6.253624 0.12769563 0.098024912 177
-6.2356482 0.35867181 0.091406628 194.83334
-6.2261128 0.47133514 0.067448325 189.25
-6.244307 0.54635286 0.078799807 192.60834
-6.2667546 0.65705413 0.074755102 188.14268
-6.2563968 0.75188422 0.060353775 186.82831
-6.2541924 0.84767729 0.069818467 185.14786
-6.2507987 0.94710171 0.075172439 184.825
-6.2493606 1.0564791 0.073207282 182.03558
-6.2531466 1.1679329 0.075632498 180.82507
-6.2514243 1.2592341 0.085180439 185.91188
-6.2301798 1.333361 0.081650756 185.89285
-6.2664852 1.4583089 0.058038648 180.875
-6.2479534 1.5403584 0.048038073 182.22307
-6.2488799 1.6499505 0.031739775 176.21416
-6.236074 1.7499352 0.03752967 182.95399
-6.2561278 1.8448583 0.056175169 158.15741
-6.2408957 1.9548374 0.038298354 167.82771
-6.2478523 2.0464334 0.033388443 163.13963
-6.2631493 2.1583772 0.032642137 167.24896
-6.2617302 2.2492893 0.046740934 183.01984
-6.2644105 2.3312216 0.019227786 178.69414
-6.2497163 2.4623401 0.019162707 167.32236
-6.2399807 2.5494235 0.053418398 176.17567
-6.2006817 2.7001004 0.0095583163 175.27586
-6.2605872 2.8512681 0.035715356 175.63094
-6.267849 2.9145615 0.020462027 186.39999
-6.2140365 3.0370517 0.010745986 185.25
-6.2111759 3.1337831 0.011077564 170.8
-6.2086029 3.2155428 0.0091172364 156
-6.2047758 3.3366952 0.0059202434 133.75
-6.2876472 3.4212399 0.07410226 169.375
-6.2894082 3.5196347 0.072815485 168.81818
-6.2485561 3.6098499 0.074357331 167.8
-6.2134261 3.719172 0.068220712 166.66667
-6.2433853 4.0798454 0.033336185 150.22916
-6.2341232 4.1744118 0.074138798 170.09091
-6.2370548 4.2647018 0.084256783 169.76923
-6.2531877 4.3571057 0.028080193 155.68889
-6.2556314 4.4583969 0.042558059 159
-6.2631621 4.5505247 0.043365359 156
-6.240942 4.6441474 0.036330353 147.41666
-6.2583938 4.7682462 0.053994428 152.75
-6.2863898 4.8184824 0.067059875 121
-6.247776 4.9516358 0.067955829 127.33334
-6.2467346 5.03339 0.046634104 148.69193
-6.2476797 5.1339884 0.03227742 140.71854
-6.2756448 5.2300363 0.06178752 139.08717
-6.2403741 5.3437896 0.037588947 155.13057
-6.2576509 5.4523263 0.02894178 148.8586
-6.2588949 5.567256 0.019266531 174.66666
-6.2535396 5.6463585 0.031596012 173.16071
-6.2680593 5.7321405 0.03262144 174.69444
-6.2602744 5.8501964 0.02815407 167.34999
-6.2702675 5.9709201 0.04041345 140.8889
-6.2109981 0.18749155 0.10153503 178
-6.2453022 0.93924868 0.11481641 179.09259
-6.2777343 1.0408031 0.10163818 190.39999
-6.2382617 1.1476007 0.1030935 191.72223
-6.2573094 1.2556915 0.14438878 154.5
-6.2061062 1.5735446 0.18215492 155.26315
-6.2689281 1.9583625 0.11300014 147.96155
-6.2970691 2.3292058 0.10506722 148.66667
-6.2498755 2.4256189 0.1052567 169.5
-6.2074122 2.5127325 0.10240943 183.5
-6.2654881 4.7485175 0.1190613 127
-6.2218847 4.8340116 0.13713922 135
-6.2862101 4.9126258 0.14743538 130.69167
-6.2496762 0.95263118 0.2086141 151.75714
-6.1884003 2.6176977 -0.0002541295 167.42308
-6.1423049 2.9445977 -0.018678561 156.93205
-6.1985908 3.1978068 -0.001806512 184.0625
-6.1615405 3.3525064 -0.035865873 175.13158
-6.1678138 3.4303734 -0.045681234 180.8889
-6.1707726 3.5305307 -0.056059744 173.70967
-6.1691279 3.6263371 -0.06211479 157.40475
-6.1560602 3.725451 -0.059236594 147.42308
-6.1486568 3.8252585 -0.063062757 148.86957
-6.1921358 4.3118501 -0.060589608 121
-6.1249647 4.4759164 -0.051330384 114.5
-6.1806264 4.5411472 -0.04091844 108
-6.1757617 4.7401953 -0.016786505 158.14732
-6.1472297 4.8325934 -0.032724701 155.23328
-6.1061831 4.9229507 -0.010423953 152.3299
-6.1539631 5.0498781 -0.02304144 151.30969
-6.1640372 5.1576357 -0.026907092 151
-6.1236067 5.2631288 -0.01600069 156.33182
-6.1683903 5.3813229 -0.0083341943 156.92014
-6.1293626 5.6240921 -0.010881888 149.875
-6.1030545 5.7546353 -0.011387036 146.2
-6.1670012 5.845026 -0.0087789949 143.83333
-6.1028986 0.18545675 0.043115314 160
-6.1744056 0.25510192 0.079318993 182.25
-6.1352863 0.35180578 0.072213374 193.18056
-6.1641469 0.4428758 0.085514612 196.79167
-6.1447196 0.5458501 0.06635043 188.05554
-6.1599283 0.64791316 0.069563895 188.27779
-6.156559 0.74082702 0.069478787 183.48781
-6.1404757 0.85984486 0.072753377 182.49324
-6.1367126 0.95589083 0.059022643 181.36807
-6.142951 1.0316976 0.079106897 183.03069
-6.1471591 1.1555399 0.066334859 184.87733
-6.1437726 1.246923 0.074257225 184.04852
-6.1569996 1.3407397 0.064157762 181.52083
-6.1809187 1.4480683 0.094611377 183.33333
-6.1551838 1.5312793 0.032854572 173.36905
-6.1482601 1.6509228 0.021876039 180.38478
-6.1204414 1.7461909 0.048057083 177.38925
-6.1465378 1.8578205 0.045787416 164.80261
-6.1259403 1.9733641 0.031899307 162.04001
-6.1606069 2.0444119 0.038520709 161.88362
-6.1628942 2.1436009 0.035736289 163.99557
-6.1975832 2.2772248 0.051903255 165.27777
-6.1466436 2.3576899 0.044887505 160.02649
-6.1271448 2.4353805 0.038557187 147.53265
-6.1620498 2.5129879 0.01958381 155.49057
-6.1099787 2.6700675 0.016296066 174.03409
-6.1559062 2.770885 0.0043793549 179.5
-6.1492176 2.8257174 0.021965632 182.98572
-6.166831 2.9281378 0.030626036 185.5
-6.1717291 3.083195 0.015613913 141.5
-6.1484308 3.1219428 0.0014118851 181.17241
-6.1136537 3.2373018 0.033954799 164.64999
-6.1931133 3.4590144 0.077922016 156.82001
-6.1624026 3.5377839 0.061635837 141.5
-6.1880307 3.7925372 0.066742979 162
-6.1082883 3.8111427 0.06807369 166.5
-6.1372504 4.0731568 0.081818491 151.55556
-6.1190996 4.1672654 0.043542664 137.63635
-6.1445069 4.261375 0.08595591 154.08
-6.1353521 4.3578777 0.06857089 139.52942
-6.1524606 4.4652462 0.090182513 165.60001
-6.150373 4.5562363 0.082523331 170
-6.1318407 4.6224093 0.044884007 158.58333
-6.1628313 4.7038803 0.028007999 153.25
-6.12042 4.9711814 0.0069893491 153.5
-6.1596813 5.0401759 0.046033911 136.75
-6.1395364 5.1524367 0.043976773 139.5379
-6.1429219 5.2258673 0.03976449 149.90475
-6.1579266 5.334271 0.047286723 147.74107
-6.1780443 5.4212337 0.030814415 155.45
-6.1709414 5.5314307 0.017621022 163.98296
-6.1600542 5.66676 0.028290268 165.65152
-6.1467743 5.749536 0.028974054 161.87627
-6.1974335 5.8134365 0.025641005 191.25
-6.1733961 5.9066114 0.029080439 167.325
-6.1247706 0.63483703 0.10185057 191.75
-6.1292782 0.71092802 0.11379941 191.57143
-6.1740036 0.85815233 0.1047014 183.92308
-6.1440687 0.92819577 0.10737561 185.75
-6.1484756 1.0370857 0.10527441 184.37776
-6.1372809 1.1334858 0.10482299 186.55302
-6.1301956 1.2104588 0.10405038 189.125
-6.1370478 1.3365134 0.14632864 175
-6.1211052 1.4683841 0.12371038 194
-6.1732626 1.5129484 0.10077749 195
-6.1455045 2.3807871 0.14060931 88
-6.1270618 2.5333776 0.12351378 134.46725
-6.1528716 2.6337159 0.14802261 153.8508
-6.1129265 2.7241347 0.13992204 167.28571
-6.1476412 4.7458353 0.13189115 127.88667
-6.1878524 5.0830879 0.13090189 149.77777
-6.1618004 0.96390647 0.24343191 148.60001
-6.1651907 1.2975876 0.24714735 165
-6.0862913 0.43317127 -0.0031618027 163
-6.0027599 1.82373 -0.0038103815 168
-6.0318241 2.6913738 -0.028306434 117.5
-6.0236144 2.7620378 -0.02850575 126
-6.0192862 2.8019376 -0.037105355 133.5
-6.0060568 2.9127712 -0.02736125 144.5
-6.0662389 3.0585105 -0.032315444 151.42223
-6.0397286 3.2030206 -0.021775205 152.25
-6.0597482 3.3450813 -0.014765644 192
-6.08289 3.5127816 -0.073487014 165.27026
-6.0642715 3.6172285 -0.057909727 145.91837
-6.0537109 3.7136569 -0.053174719 152.29762
-6.0394983 3.8116891 -0.053943004 154.75229
-6.0174141 4.3541737 -0.055132367 108
-6.0598907 4.401454 -0.05667622 113.5
-6.0685773 4.7552838 -0.037839442 144.11905
-6.0003209 4.8789234 -0.027834887 156.11977
-6.0143347 4.9251251 -0.015600543 159.07936
-6.0686579 5.0335512 -0.021759357 150.79375
-6.0672426 5.1355648 -0.033377692 152.60001
-6.0248995 5.2354074 -0.029957898 150.66667
-6.0603061 5.349978 -0.013327893 163.24704
-6.0849261 5.4444551 -0.011996352 160.57436
-6.0314441 5.664628 -0.0090128882 142.5
-6.0438929 5.9379139 -0.0071794069 135.3
-6.0441318 0.13962756 0.08409556 175.5
-6.0700703 0.24753831 0.069677964 178.62224
-6.0498323 0.37192094 0.087866634 196.875
-6.053071 0.45003739 0.074235886 192.71666
-6.0432968 0.56474549 0.060009055 182.26854
-6.0704389 0.63827252 0.071533106 184.40833
-6.0563889 0.7427054 0.068157122 176.24213
-6.0444922 0.87214053 0.067671783 174.87317
-6.0414701 0.94940591 0.075433813 171.48781
-6.0401816 1.0542059 0.072579727 174.99664
-6.0440259 1.1553702 0.080715306 179.67419
-6.056922 1.2495891 0.083459474 183.36221
-6.054812 1.3510456 0.075694054 184.21388
-6.0613537 1.4694886 0.088970661 187.98413
-6.0789676 1.5760925 0.089272894 179
-6.0607266 1.6324627 0.031222407 167.90109
-6.037076 1.7665789 0.030826174 177.46347
-6.0631223 1.8455056 0.038240727 190.5
-6.0432911 1.938988 0.030788226 165.06236
-6.0718155 2.0257776 0.026948893 166.6161
-6.0496554 2.1490421 0.023078948 165.75757
-6.0830092 2.2598133 0.040521044 164.48689
-6.0300307 2.3669958 0.039185539 161.12614
-6.0468702 2.4507177 0.038332004 172.16666
-6.0730448 2.5484931 0.039409079 154.38095
-6.0098524 2.639246 0.031994645 178
-6.0530162 2.7629161 0.063708745 182.87143
-6.0521283 2.8318658 0.088027082 177.75
-6.0308585 2.9374723 0.032330375 177.06667
-6.0446882 3.0486386 0.033723909 163.33771
-6.0388041 3.1457276 0.054893967 144.29167
-6.0997248 3.2610686 0.072137952 135
-6.0744843 3.3578424 0.078506246 139.86842
-6.0511732 3.4515018 0.063946947 147.05
-6.0962701 3.553432 0.088354789 152.16501
-6.0492163 3.625499 0.094326966 155.2
-6.0559053 3.7130723 0.090898953 162.14999
-6.0018549 3.8165498 0.081792213 161.8
-6.063879 4.0704093 0.030795151 133.41057
-6.0467429 4.173017 0.064532921 150.0303
-6.0346646 4.2658958 0.082159892 148.89583
-6.0506425 4.370841 0.091672719 149.85185
-6.0411763 4.4680862 0.097902961 156.71428
-6.0673423 4.5458336 0.060618293 160.28571
-6.0557466 4.6543026 0.034019265 157.04546
-6.0488505 4.933773 0.0032793011 150.75
-6.0751648 5.0491247 0.0091048889 151.5
-6.0815053 5.1591506 0.022785159 146.56349
-6.0362344 5.3312287 0.025800977 139.36667
-6.0524902 5.4554396 0.025305623 145.0238
-6.0286741 5.5527763 0.020493383 161.72223
-6.0489287 5.6474171 0.023595029 184.88454
-6.0488839 5.7423534 0.032497752 174.33333
-6.0586166 5.8441529 0.027891802 171.21667
-6.0743675 5.9656968 0.031232752 160.75
-6.0523472 0.5541054 0.10021523 191.60001
-6.0401726 0.71416295 0.10628507 187.2
-6.0103765 0.82279855 0.13875116 184
-6.0945039 1.1962222 0.10623634 185.8
-6.0475702 1.325395 0.14270011 188.10001
-6.0576963 1.4161602 0.11965962 187.25
-6.0263844 1.5086924 0.10576211 192
-6.0873194 2.1170416 0.12726085 118
-6.0575705 2.2563131 0.12805353 139.83334
-6.0867286 2.6365149 0.10947937 175
-6.0744076 2.8296921 0.11987214 166
-6.0971227 3.3243411 0.12313391 134.2
-6.0190854 3.4695487 0.10528892 130.28572
-6.0592909 4.4332399 0.10485079 154.07143
-6.0117989 5.0181808 0.10263357 120
-6.0499673 0.85075432 0.22104558 169.83334
-6.0701237 0.92258102 0.20508423 179
-6.0505743 1.2435478 0.2880865 155
-6.058053 1.3143036 0.27930325 139
-5.9932089 3.0218439 -0.022348795 152.25
-5.9797125 3.232058 -0.011352737 150.5
-5.9860063 3.3033338 -0.044362992 165.95238
-5.9699798 3.4029882 -0.053517751 173.83333
-5.9789948 3.5063345 -0.062668562 156.42857
-5.9619269 3.6079154 -0.045244008 150.87654
-5.9547424 3.7065449 -0.05529654 157.63759
-5.9325991 3.8111207 -0.055118341 162.08995
-5.9237614 4.4101615 -0.00067221845 145.5
-5.9879427 4.534008 -0.0037787119 155.5
-5.979836 4.7159472 -0.048585966 122.66666
-5.9416618 4.8768411 -0.020587398 150.02621
-5.903203 4.9147921 -0.028546011 163.80952
-5.9954238 5.0021591 -0.03468363 141
-5.968555 5.1130404 -0.031242181 140.75
-5.9431148 5.227262 -0.027961431 138.5
-5.9529481 5.3380141 -0.0055888142 172.61111
-5.9717379 5.4468956 -0.021549359 143
-5.9523497 5.6982789 -0.012523798 133
-5.9577198 5.8375235 -0.0086857975 131.16667
-5.9473324 0.25212097 0.083316103 181.08334
-5.9780211 0.38618296 0.046978638 176.60001
-5.9400721 0.44889274 0.053634066 182.10417
-5.9721045 0.5468899 0.0771899 190.28751
-5.9515204 0.64819759 0.059603538 183.71648
-5.9406343 0.76534808 0.059543744 175.89232
-5.9556832 0.85360932 0.056630127 171.77562
-5.948225 0.96542764 0.061993871 169.52071
-5.9307256 1.0546243 0.067190669 172.9259
-5.9423652 1.1521497 0.073323965 172.95776
-5.9542775 1.2657341 0.072709918 174.1087
-5.9485364 1.3617413 0.059007667 183.09982
-5.9467239 1.4576002 0.049342565 173.27206
-5.9420714 1.5566783 0.012073281 177.57692
-5.9524064 1.6461498 0.040532913 185.72728
-5.9484735 1.7354254 0.024222059 174.24373
-5.9635806 1.8413948 0.054597121 185.15384
-5.9639916 1.9875898 0.019162305 160.22728
-5.9875774 2.0535569 0.011408923 172.01595
-5.9819956 2.1650879 0.026367014 156.9375
-5.9500928 2.2566965 0.020982092 143.91667
-5.9952235 2.308763 0.05358078 183.28572
-5.9235053 2.4519782 0.032716598 179.90666
-5.9554167 2.5688188 0.024889862 174.74001
-5.9515171 2.6718214 0.019853678 179.375
-5.9591956 2.7497332 0.06341318 182.70238
-5.9556212 2.8470812 0.043002445 183.42424
-5.9427218 2.9374731 0.03710781 178.93056
-5.9410081 3.0144093 0.041782018 175.56482
-5.9229956 3.134666 0.020146698 190.33333
-5.9715543 3.2268677 0.0034195357 189
-5.979497 3.3351879 0.058997095 157.16327
-5.996027 3.4201496 0.053109195 151.23288
-5.9908752 3.5535226 0.08513917 150.95056
-5.9136171 3.7443519 0.097231776 160.83333
-5.9010658 3.8093753 0.091603629 163.8
-5.9422388 4.0991306 0.07604906 154.45653
-5.9347095 4.1622601 0.072252892 156.54445
-5.9470487 4.2681637 0.062651753 153.28
-5.9442778 4.3610373 0.088411056 155.81395
-5.9439898 4.4500623 0.098383866 153.10527
-5.9699082 4.5018992 0.0054522348 154.25
-5.9529972 4.6645889 0.085536011 167.39999
-5.9986458 5.1234288 0.0090298625 147.8
-5.9313769 5.3657618 0.020080054 162.66666
-5.9476819 5.4520192 0.013275053 178.29488
-5.9606419 5.5619903 0.024952915 173.79167
-5.9378915 5.6511765 0.026031949 154.93333
-5.9630647 5.7492504 0.02947253 172.72223
-5.9377708 5.8542566 0.023873527 183.7
-5.9651051 5.9292426 0.0319966 157.33334
-5.9650378 0.52371186 0.10156928 191
-5.9399967 0.62056363 0.10216454 186.89999
-5.9622855 0.76029915 0.13455513 184
-5.9539294 0.86271948 0.18208864 182
-5.9766183 0.94879609 0.15345159 179.85715
-5.9396162 1.2683755 0.11139163 181.12917
-5.9832892 1.3988276 0.10507441 187.875
-5.9606199 1.499005 0.10801238 190.625
-5.9524469 1.6115808 0.1011826 193
-5.9438028 2.1258557 0.1288207 120.66666
-5.9348073 2.2261083 0.12352827 142.66667
-5.9261832 2.3260517 0.12699756 159.5
-5.9172845 2.4231811 0.11769458 180.66667
-5.9066463 2.5469687 0.1234112 189.2
-5.9716682 2.6719003 0.150857 181.9881
-5.9541235 2.8398013 0.14005247 168.25
-5.9166632 2.9162061 0.14052702 141.46153
-5.9361024 3.6811285 0.10325629 155.91112
-5.9649153 4.4903278 0.10827862 156.33333
-5.9367256 4.5655937 0.10521472 161.25
-5.9402637 0.8605352 0.26126629 161.5
-5.9393363 0.92730087 0.2228228 151.94705
-5.9139075 1.2599448 0.25825331 149.3125
-5.9755559 2.6434445 0.21969005 169.33333
-5.9750891 2.8642151 0.2564297 134.72223
-5.8818049 0.5819729 -0.00093914429 162
-5.8296695 1.903362 -0.00038313936 159.42477
-5.8960719 2.7345819 -0.022012819 119.75
-5.8963418 2.8450074 -0.025221286 137
-5.8965564 2.930619 -0.02508311 146
-5.8968325 3.0394258 -0.021757465 151.83334
-5.8971138 3.1509223 -0.010890972 150.67857
-5.8974304 3.2705269 -0.024793403 160.35226
-5.897687 3.3994968 -0.054320648 173.35001
-5.8977184 3.4984665 -0.060610458 160.92857
-5.8975039 3.5984066 -0.043846074 152.70833
-5.8966212 3.6954389 -0.065204337 162.84616
-5.8725104 3.863086 -0.044889323 162.84004
-5.8609324 3.9916945 -0.050597206 165.51605
-5.8526096 4.0826511 -0.029114915 170.63046
-5.8128009 4.1936512 -0.0080767926 180.04167
-5.8570065 4.2381554 -0.0058661732 142.63673
-5.8885207 4.3400145 -0.0056112763 139
-5.8332267 4.5358763 -0.01545614 167.57143
-5.8554001 4.6639495 -0.023251932 144.68678
-5.8471661 4.7629604 -0.030178919 160.70314
-5.835155 4.8456302 -0.0091820993 141.16943
-5.8445725 4.9474125 -0.026117485 133.79112
-5.8665948 5.089766 -0.031783085 126.66666
-5.837728 5.2168636 -0.028077498 122.66666
-5.8800507 5.3391361 -0.0029102557 129
-5.8530989 5.463964 -0.02174003 135
-5.8968101 5.7197719 -0.003235498 127
-5.8374681 5.9046612 -3.1318748e-05 119
-5.8117275 0.25595504 0.083749019 160
-5.8206482 0.31773597 0.08796607 174.60001
-5.845428 0.53794372 0.06455525 176.4375
-5.8566046 0.62903988 0.056165881 182.25
-5.8469539 0.74929672 0.045188677 172.45921
-5.8472538 0.85212374 0.066074438 164.48763
-5.8368344 0.96886671 0.059804387 171.69373
-5.8457699 1.0365328 0.063591197 168.35236
-5.845108 1.1379601 0.068943076 171.08624
-5.8377843 1.256891 0.063744292 167.06776
-5.8462415 1.351374 0.071178563 182.75246
-5.8733249 1.4435445 0.050600685 182.03789
-5.8613262 1.5576764 0.045057468 181.11665
-5.865777 1.6607162 0.036106549 176.31253
-5.8408971 1.7651957 0.038812459 182.53221
-5.8041205 1.8943936 0.059267916 188
-5.8392372 1.9839256 0.018108638 163.36188
-5.8567281 2.0767212 0.020906657 154.76189
-5.8583078 2.1586764 0.025060514 145.95895
-5.8744092 2.2628622 0.044367142 177.33334
-5.8638787 2.3572755 0.045056865 164.92084
-5.8593254 2.4756556 0.043495513 180.02777
-5.8442068 2.5579967 0.023546351 179.60796
-5.8605795 2.6541414 0.039629694 183.91428
-5.8448071 2.7357218 0.053856999 183.97223
-5.8624229 2.8234959 0.056767993 178.52499
-5.8573174 2.9321938 0.045549233 178.19753
-5.878077 3.0549304 0.03972875 172.34312
-5.8586955 3.1501842 0.028153045 161.91228
-5.8272667 3.222235 0.037604772 158.05394
-5.8554287 3.3181996 0.070446715 162.21822
-5.8490677 3.4220443 0.062377345 157.38078
-5.8527536 3.5537286 0.086430602 151.99106
-5.8922319 3.6078529 0.08874131 151.47058
-5.8201246 3.8127263 0.095777154 162.75
-5.8294077 4.1352997 0.077784844 160.7041
-5.8447895 4.2856126 0.026412847 177.54826
-5.8442683 4.3715434 0.033080541 178.80257
-5.8565159 4.656333 0.05172465 160.83334
-5.8600216 5.0895414 0.0044196881 140
-5.8424468 5.3465033 0.011951558 162.7
-5.8684759 5.441328 0.019755842 173.10416
-5.8613353 5.5527878 0.027827961 154.47223
-5.8665171 5.6682186 0.028331608 176.18333
-5.8201489 5.760767 0.021463115 183.5
-5.8859921 5.8167515 0.036129333 130.39999
-5.8357401 5.9098816 0.019916696 181
-5.8851233 0.70217168 0.10934133 188
-5.8490744 0.84518135 0.15176395 167.5
-5.805243 0.90569168 0.17961086 134.34782
-5.864254 1.2546777 0.18739714 160.5
-5.8564539 1.4702963 0.10733146 185.69231
-5.8455501 1.5896059 0.10601067 189.77777
-5.8446617 1.6885887 0.10399256 192.5
-5.8030157 1.7699274 0.10334232 194.5
-5.824554 1.8178747 0.14239773 123.55556
-5.8064604 2.1370263 0.13652371 125
-5.8094726 2.2343109 0.13051866 144
-5.8126802 2.327759 0.12920539 162.66667
-5.8154593 2.4176943 0.12376504 178.8
-5.8969297 2.6543748 0.11645665 184.46429
-5.804513 3.6420443 0.11092477 152
-5.8035669 3.7350137 0.10467361 159.33333
-5.8566804 4.4639993 0.10037157 155.04167
-5.8608742 4.5481458 0.11328923 158.47223
-5.8394914 0.89977974 0.20674948 148
-5.8524432 0.90269989 0.213715 129.4375
-5.8402925 1.2282413 0.24848919 127.71429
-5.7848601 1.8992188 -0.0039475998 162.00314
-5.7461982 3.8526168 -0.041943621 162.65475
-5.7261167 3.9814229 -0.048545722 167.91429
-5.7224579 4.0651202 -0.011645386 174.29546
-5.7499423 4.1582603 -0.0054092128 146.35526
-5.7640333 4.345921 -0.013318303 180.33333
-5.7838135 4.4770794 -0.023760485 172.86363
-5.7821326 4.5741854 -0.0099450713 166.29167
-5.7882814 4.7972398 -0.0018127891 118
-5.7279558 4.9695997 -0.0045644399 168.57895
-5.7998466 5.0745239 -0.031402525 117
-5.7595239 5.2092209 -0.030157782 118
-5.7888083 5.3420291 -0.014373616 122
-5.7636509 5.4761028 -0.015125851 126.66666
-5.7145591 0.17790233 0.08116328 153
-5.7217941 0.23605186 0.089144044 156.33334
-5.7416277 0.3777653 0.08741644 166.60001
-5.7478104 0.4551875 0.063579135 168.46428
-5.7073898 0.55842829 0.058499441 182.77039
-5.7565441 0.62533623 0.059034728 158.41667
-5.7757797 0.73877472 0.045592241 172.94873
-5.7593536 0.86171377 0.050207969 167.45151
-5.7345042 0.96213174 0.053361628 172.16472
-5.745316 1.0479186 0.053910118 174.65359
-5.7385378 1.1496239 0.047170579 159.82153
-5.7553291 1.254316 0.057367522 171.64275
-5.7620678 1.3612896 0.057837367 174.33725
-5.7703872 1.4551647 0.056884166 180.94868
-5.7647123 1.5551656 0.061558988 186.10576
-5.7564616 1.6342989 0.032414176 176.19377
-5.7624664 1.7568456 0.047780499 169.4149
-5.7358623 1.8569156 0.050564744 168.02232
-5.7368627 1.9547008 0.030615592 184.66666
-5.7447453 2.0649247 0.046142232 190.5
-5.7469816 2.1653912 0.037889659 180.2149
-5.7419033 2.246242 0.03715853 151.35001
-5.7626534 2.3109601 0.051276088 180.2877
-5.7133312 2.444304 0.057467017 187.8
-5.7722483 2.5133471 0.039960522 182.5
-5.7457061 2.6281075 0.039586376 186.3889
-5.769424 2.7247553 0.035819691 185.75
-5.7766895 2.8423095 0.053692318 176.24594
-5.7734723 2.9439552 0.051974889 168.85367
-5.7829628 3.0326123 0.051639333 163.98669
-5.7362504 3.1542377 0.049227063 157.69064
-5.7916517 3.2750795 0.0086057866 138
-5.7554693 3.3574471 0.0063897106 129.5
-5.7650623 3.5165963 0.088849641 152.67194
-5.7400937 3.6760256 0.099455871 174.64865
-5.7412696 3.7823009 0.095577128 166.27026
-5.7273326 3.8564494 0.09640833 162.92352
-5.7431731 3.9768205 0.072220497 162.18919
-5.7550068 4.0827913 0.065925941 164.17957
-5.7162571 4.1520939 0.041943964 176.06944
-5.7494669 4.2411308 0.015827337 184.8768
-5.7535524 4.3528628 0.012253848 185.59723
-5.7641821 4.4423347 0.0033770085 177.35715
-5.7484679 4.5553951 0.058498997 150.73914
-5.7497511 4.6809359 0.0043689371 160.23563
-5.7306418 4.7623701 0.0064052748 159.19363
-5.7293243 4.8593197 0.0071853772 165.77451
-5.7688599 5.0669565 0.0041258279 127.66666
-5.7526054 5.3483386 0.022557778 157.93333
-5.7566218 5.448875 0.021565443 162.42694
-5.7394962 5.5806479 0.024234973 169.55556
-5.7512364 5.6891899 0.022013867 183.16666
-5.774056 5.7447729 0.016042817 127.33334
-5.7443123 5.8404722 0.02365947 173.33334
-5.7268271 0.91978925 0.13594174 127.75676
-5.7388263 1.5482266 0.1057118 185.46153
-5.7398219 1.654381 0.10894172 190.2
-5.7144985 2.4372706 0.12911597 180
-5.7911892 2.5417635 0.12762113 189.22223
-5.7769432 2.6638603 0.12339676 183.7
-5.7959452 2.745928 0.10799994 179.16666
-5.7183104 2.8793292 0.14289962 121
-5.7244925 2.9743309 0.14299391 128.5
-5.7301354 3.0699356 0.13657956 146.75
-5.7371206 3.1770265 0.13699481 166
-5.7427707 3.2756581 0.12859912 185.83333
-5.7508612 3.391618 0.13514157 190
-5.7562509 3.4784071 0.13254213 185.625
-5.7258024 3.5784247 0.10824441 165.82391
-5.7050781 3.6335852 0.11537581 152.93333
-5.7859216 3.7216067 0.11073277 158.77777
-5.7422357 4.5154238 0.16746385 157.51875
-5.6609755 3.8410015 -0.043022297 167.64999
-5.6331925 3.960223 -0.024892546 173
-5.6183395 4.065731 -0.0053838161 178.18182
-5.6779294 4.1072955 -0.003920713 181.5
-5.6995039 4.376862 -0.013788955 181
-5.6485186 4.591794 -0.013433897 172.91666
-5.6471887 4.6773243 -0.012418533 169.175
-5.6058092 4.7907386 -0.012887315 169.2
-5.6179919 4.8911428 -0.0082938457 170.17857
-5.6473389 4.9764671 -0.0051925862 171.35001
-5.6931696 5.0325184 -0.0069435704 171.11111
-5.6582427 0.33550981 0.088758208 157.375
-5.6600118 0.4565298 0.061153911 171.15556
-5.6349835 0.53977215 0.060422689 164.95923
-5.6500754 0.64107436 0.061634108 177.034
-5.6484842 0.74406213 0.064701945 160.91727
-5.6737404 0.85794032 0.048027325 160.70486
-5.6438117 0.93446136 0.053561803 170.19266
-5.6368127 1.0315416 0.041648366 162.58395
-5.6398244 1.145725 0.058792386 169.12619
-5.6613412 1.247611 0.050643004 174.78601
-5.6562614 1.3581264 0.054725554 173.08345
-5.6732259 1.4553927 0.061767947 179.62941
-5.6535783 1.5499847 0.048773136 175.81078
-5.6508842 1.6393545 0.058395181 178.15982
-5.6556606 1.7275127 0.040438168 173.17429
-5.6614594 1.8394104 0.040662687 171.89026
-5.6690454 1.9432079 0.054214749 168.23077
-5.6602693 2.0677195 0.058513168 190.39999
-5.6356325 2.1770227 0.048352767 182
-5.6650214 2.5451822 0.046138193 187.375
-5.650178 2.6888537 0.023722731 181
-5.689023 2.7845984 0.025251312 178
-5.6496248 2.8496983 0.058523081 172.01562
-5.6582379 2.9368706 0.062910765 168.83038
-5.6582994 3.0276599 0.054182585 159.90833
-5.6466279 3.1451285 0.094352737 164.30891
-5.6433592 3.2452848 0.0095251678 140
-5.6396236 3.772558 0.089735627 169
-5.6388969 3.9987907 0.0017954852 152
-5.6576343 4.0711761 0.050449163 164.26463
-5.6177187 4.1531696 0.010886176 182.72223
-5.6604552 4.2655263 0.013695879 186.78572
-5.666831 4.3414969 0.016217034 188.61667
-5.6439781 4.5239248 0.0072679073 177.33334
-5.6046081 4.9883175 0.020083228 174.27777
-5.6575217 5.0430369 0.011624167 146.58334
-5.6594062 5.4372606 0.026456324 161
-5.6526766 5.5181212 0.01720828 185.5
-5.6661563 5.6149507 0.024121307 164.27777
-5.6618547 5.7613564 0.023784397 172
-5.612422 0.31784001 0.10128435 145
-5.6315632 1.6309371 0.14254193 163.33334
-5.6146474 1.7440796 0.15919766 146.27692
-5.6653581 2.1225858 0.14322864 126
-5.6817737 2.2279203 0.13811332 139.5
-5.6995444 2.3396065 0.13623923 161
-5.6142993 2.4754918 0.15394256 169.83334
-5.6576433 2.5346866 0.14527619 162.60001
-5.6719847 2.6561892 0.12999535 185.57143
-5.6448402 2.7391346 0.10794606 180.57639
-5.6480455 2.8357089 0.12103575 177.625
-5.6391864 2.9732919 0.16594841 161
-5.603837 3.0751717 0.14529152 146
-5.6238194 3.1803148 0.14599025 163.83334
-5.6417642 3.2788637 0.14015588 178.875
-5.6618495 3.3860986 0.1385141 189.66666
-5.6313782 3.4727864 0.15989943 178.16667
-5.6451225 3.5492969 0.13560061 183.29167
-5.6377954 3.6887174 0.11396968 176.0625
-5.6532555 3.743732 0.12354199 164.66666
-5.6490259 3.8792143 0.10638171 163.46153
-5.6587496 3.9749024 0.13788751 142.78638
-5.648109 4.132812 0.10303742 160.375
-5.6801376 4.297924 0.13878141 150.83333
-5.6026583 2.9261231 0.27696627 142
-5.6596017 3.0343645 0.24404013 139.23914
-5.6471028 3.1266451 0.22926089 138.72221
-5.6142216 3.4652221 0.27229422 180.66667
-5.6412153 3.7977238 0.28347129 129.5
-5.643508 3.8744948 0.22988497 131.32579
-5.5010691 0.93998194 -0.014825474 170.65672
-5.5850749 1.2561402 -0.012220407 170.86046
-5.5937247 1.3412755 -0.017317869 172.20895
-5.561892 3.846036 -0.012743625 159.97597
-5.541667 3.9556673 -0.0091249924 177.875
-5.5294313 4.040061 -0.0043715145 180.5
-5.5987434 0.10369091 0.07628046 150
-5.5924907 0.21318567 0.084701851 155.75
-5.5395403 0.36098957 0.073390238 177.28334
-5.538836 0.44142437 0.062503263 180.19048
-5.5442352 0.53556257 0.057485085 181.42361
-5.5272441 0.64996028 0.052877408 179.89934
-5.5693798 0.74024332 0.039760683 174.76666
-5.5507393 0.85812074 0.051015582 159.85117
-5.5458407 0.92236811 0.049916584 167.84386
-5.5502548 1.0504652 0.049889956 162.36742
-5.5602822 1.1525531 0.04973691 179.27251
-5.5540276 1.2428001 0.049904633 172.52386
-5.5502281 1.3478035 0.065737493 175.43324
-5.5461493 1.4365171 0.059910927 170.89711
-5.5534449 1.5283648 0.056263115 175.13161
-5.545104 1.6414877 0.045335069 170.84625
-5.5539904 1.7454486 0.045102179 167.88113
-5.5572624 1.8441221 0.039401475 171.00632
-5.5644474 1.9352965 0.053081088 173.91411
-5.5397739 2.039041 0.033126224 181.20834
-5.5367999 2.1300049 0.060531426 190.8
-5.5492649 2.2363567 0.053916555 148.125
-5.5619583 2.6450911 0.03640838 160.3
-5.5459685 2.7679894 0.030930305 143.83333
-5.5451031 2.9239531 0.026747067 118.66666
-5.5903354 3.0454192 0.054283764 149.46667
-5.5324206 3.1415961 0.027343905 111.5
-5.5855913 3.8166318 0.04869207 143.25
-5.5266886 4.0668416 0.011883656 171.13635
-5.5324817 4.1571646 0.011207283 184.10278
-5.5492773 4.2505374 0.022776872 189.28333
-5.5401444 4.3566346 0.016628508 190.20833
-5.5580001 4.4820914 0.0074158222 181.25
-5.5947485 4.5937691 0.013390338 177.17647
-5.5751014 4.6728454 0.010575073 175.76923
-5.5312772 4.78161 0.013227452 176.47501
-5.5511904 4.8872495 0.016867751 175.46539
-5.5023952 4.9902482 0.017532956 179.89999
-5.5364633 5.0507665 0.0160865 179.7926
-5.5466232 5.3236032 0.018348983 127.5
-5.5814972 5.4548373 0.021866543 157.41666
-5.5824556 5.547996 0.020899173 178.2
-5.5686502 5.6811919 0.025063256 170.58334
-5.5766363 5.8330135 0.018767292 164
-5.5462604 0.73579067 0.1400627 131.85715
-5.5321074 1.2100804 0.10219207 136.27272
-5.5433817 1.6407291 0.1356363 157.82353
-5.5248413 1.7112697 0.10522013 168.54166
-5.5281816 2.15117 0.15539542 118
-5.546298 2.2682927 0.1522049 129.375
-5.566453 2.3279986 0.14653806 136.75
-5.5738587 2.6216547 0.13504736 188.42857
-5.5837078 2.7301314 0.1333213 183.30769
-5.5895019 2.8271408 0.11060093 178.5
-5.5818543 2.9525878 0.15553412 122.75
-5.585434 3.0135643 0.16571556 163
-5.5824103 3.1216757 0.13487892 158.25
-5.5512824 3.3295283 0.14519194 183.55556
-5.5558186 3.4400175 0.15062295 189.14285
-5.5436001 3.5524313 0.13972731 184.43333
-5.5760918 3.6322279 0.11668231 180
-5.5570011 3.7766116 0.15229093 173.15625
-5.5452394 3.8818209 0.13388465 155.64285
-5.5518751 3.9800158 0.11029379 167.16667
-5.5548968 4.077673 0.11196499 168.23529
-5.5528212 4.1464281 0.10741759 168.46666
-5.521029 2.3028133 0.22595231 112
-5.5358782 2.9099269 0.23571694 156
-5.5240884 3.6571188 0.3114295 150.5
-5.5759144 3.762954 0.33087134 141
-5.400703 0.93387246 -0.015743595 169.47169
-5.4800172 1.0441324 -0.0066285194 168.90909
-5.4327497 1.1380265 -0.0080460208 167.2114
-5.4532127 1.2335733 -0.0079560075 167.57176
-5.4846768 1.3300725 -0.0022610691 168.85057
-5.4503469 1.4267246 -0.0099022696 171.40115
-5.4369364 3.7912588 -0.01445184 180.55556
-5.4421215 3.8437274 -0.014127447 180.10001
-5.4586544 3.9255056 -0.0073082736 180.57143
-5.4669561 0.068249099 0.082302898 149.5
-5.4160042 0.15933833 0.072262801 196.8
-5.4603586 0.26889631 0.076701522 171.9375
-5.4458852 0.35311228 0.074987307 180.7625
-5.4516215 0.44686535 0.069272041 177.96503
-5.4276338 0.5453493 0.057439093 188.0296
-5.443891 0.64604378 0.059476659 189.4269
-5.4452391 0.74561548 0.046131525 162.45381
-5.447216 0.84916914 0.059229728 162.49167
-5.437326 0.95764685 0.050472923 163.49724
-5.4522028 1.048086 0.06106637 160.2426
-5.4702201 1.146343 0.070417918 164.14966
-5.4373469 1.2474182 0.059755936 175.5511
-5.4505959 1.3583473 0.057184767 181.73776
-5.4383469 1.4390786 0.07448402 172.82469
-5.4482632 1.5582458 0.050181706 170.23462
-5.4566789 1.659897 0.050935883 177.81374
-5.4564056 1.7380642 0.043583661 166.60172
-5.4579639 1.8314519 0.039560661 183.21107
-5.4769149 1.9410105 0.026358696 180.16667
-5.482852 2.0326777 0.049070571 178.8875
-5.4541674 2.1155636 0.043003492 179.16666
-5.4638805 2.6840115 0.047815122 130.25
-5.4148517 2.8750281 0.065546229 189.16666
-5.4888139 2.978904 0.028784335 118.5
-5.4050055 3.7821739 0.004276278 183
-5.4061918 3.843256 0.0091984076 184
-5.4243927 3.9398959 0.01554121 184.75
-5.4210281 4.0453296 0.016887445 186.7
-5.4241934 4.1258912 0.014576137 188.375
-5.431015 4.263176 0.017224982 188
-5.4309821 4.3078833 0.015613826 191
-5.4647384 4.4456053 0.02352629 185.58334
-5.4776759 4.5952897 0.016719453 182.3158
-5.4802971 4.7003403 0.010679167 180.35294
-5.4432144 4.8440533 0.015812319 181.72354
-5.4317503 4.9503078 0.029887734 184.07143
-5.4340768 5.0987043 0.036214136 186.55556
-5.4263773 5.1597095 0.041010205 187
-5.462326 5.4705896 0.021835171 172
-5.4804182 5.5923781 0.023337724 171.25
-5.4671941 5.7434316 0.024535133 161.66667
-5.4802647 0.67642522 0.10341954 162
-5.4879799 0.73401463 0.17285195 135.94444
-5.4250731 0.80062407 0.12852329 170
-5.4408159 1.0823462 0.1741045 183.10001
-5.4900155 1.141537 0.15027255 135.42857
-5.4932327 1.223618 0.1504934 121.71429
-5.4575286 1.4591085 0.10146063 184
-5.4343724 1.543083 0.12045985 163.28889
-5.4391689 1.6499527 0.10793688 170.5
-5.4843025 1.9124964 0.10348106 158.33333
-5.4071536 2.2282054 0.15618463 127.5
-5.4465346 2.3216343 0.14995763 145.75
-5.4900703 2.4248142 0.14337395 166.5
-5.4590979 2.5295317 0.13959658 180.79166
-5.4937773 2.6548488 0.14060737 188.33333
-5.4967222 2.7075322 0.15917118 172
-5.4560857 2.8640521 0.13796057 181.31818
-5.4562821 2.9348528 0.12403736 180.04443
-5.4557323 3.066308 0.1295107 183.33749
-5.4163818 3.2696416 0.15787108 167.25
-5.4571557 3.3609202 0.15049106 185
-5.4209771 3.662622 0.14960824 184.11574
-5.4525013 3.781558 0.13436662 178.625
-5.443882 3.87359 0.1350417 176.41071
-5.4311476 3.978621 0.13097373 173.97223
-5.432827 4.0826392 0.13042296 173.7381
-5.448411 4.156003 0.13052447 173.35715
-5.4432492 0.74898338 0.20802222 132.75
-5.4455991 1.135704 0.20664018 137.21213
-5.4995813 2.2671611 0.2479834 55.57143
-5.4621167 3.0620837 0.21408267 185.5
-5.3028135 0.93635911 -0.011048731 167.76744
-5.3975763 1.0464085 -0.00060071825 167.64102
-5.3024464 1.1198015 -0.013620102 166.02248
-5.3928962 2.1172457 -0.001835908 208
-5.3101187 3.7754207 -0.0020288853 187
-5.3232923 -0.0548645 0.063550889 197.5
-5.3524423 0.065364487 0.074471109 177.04166
-5.3390641 0.18495785 0.079665899 177.875
-5.3611426 0.26669985 0.063023187 175.03333
-5.3428621 0.36945587 0.063235492 180.12778
-5.3389053 0.46766955 0.064501844 178.59047
-5.3274479 0.56553328 0.061992265 181.63971
-5.3594923 0.65690124 0.054417577 181.93344
-5.3399773 0.74712378 0.055551533 171.10229
-5.3559799 0.85870653 0.054872487 163.59781
-5.3490009 0.94988334 0.051668856 170.55836
-5.3407335 1.0626682 0.055250999 171.75851
-5.3533621 1.1652182 0.052422121 167.14249
-5.3406687 1.2610084 0.05289134 177.35263
-5.3439808 1.3426554 0.056968924 169.6373
-5.3443375 1.4505686 0.055250496 164.73485
-5.3652034 1.5507385 0.053966463 169.02963
-5.3611627 1.6366901 0.047569878 161.85338
-5.3654933 1.7381837 0.033410739 165.45801
-5.364162 1.8336551 0.048691157 180.69226
-5.3517556 1.9504418 0.039177638 173.58333
-5.3812284 2.0420809 0.018849861 181.5
-5.3390112 2.1885366 0.048471231 136.89999
-5.3698039 2.7396736 0.063231878 211.28571
-5.3937874 2.8852823 0.047410633 214
-5.3567047 3.7755489 0.010776507 185.71428
-5.3362961 3.8452444 0.010504907 186.14285
-5.3458257 3.9542265 0.010017217 187.14285
-5.3355336 4.0139389 0.017763972 188.25
-5.357491 4.1987453 0.015843311 160.75
-5.3738856 4.2472525 0.012291397 192
-5.3410206 4.3622794 0.014402735 177.625
-5.3900499 4.4967237 0.024767157 182.66667
-5.3736596 4.5905318 0.025949666 184.28572
-5.3860984 4.6844225 0.029301623 183.375
-5.3191638 4.7382493 0.030853007 180.16667
-5.3229828 4.8425593 0.031359479 184
-5.3218203 4.9282231 0.031276025 187.60001
-5.3406591 5.0145211 0.035738576 188.39999
-5.3299842 5.1120777 0.032569826 185.25
-5.3369608 5.2098522 0.036226746 181.5
-5.3341327 5.5072966 0.024699794 156.83334
-5.3668756 5.6416464 0.026402043 156
-5.35955 0.67269731 0.14915673 181.33333
-5.3806419 0.74467295 0.16911085 167.5
-5.3421702 1.1721876 0.15077557 157
-5.331706 1.2392443 0.13165854 166.25
-5.3210945 1.3750749 0.15060821 139.82245
-5.3431854 1.6638341 0.10241255 176.78333
-5.309062 1.7343646 0.12780753 98.5
-5.3634505 1.8253057 0.1810845 100
-5.371273 1.9070479 0.1028631 166.33333
-5.3006043 2.0734341 0.14707221 111.8
-5.3726883 2.1473374 0.15948059 113.5
-5.3146243 2.347481 0.15639563 141
-5.3770275 2.4540801 0.15209489 160.75
-5.3010159 2.5430107 0.15657988 156
-5.3678069 2.6233666 0.1716345 152
-5.3593121 2.7712722 0.15619765 210.75
-5.3310528 2.8581212 0.13819288 186.85001
-5.3907614 2.9256814 0.1527811 197.76666
-5.3577194 3.0499415 0.14169125 164.31429
-5.3691273 3.1655328 0.16240418 146.25
-5.3139725 3.4974854 0.17057137 183
-5.3727198 3.5867717 0.15484264 187.75
-5.3400822 3.6604762 0.16163258 186.25
-5.3522253 3.7829304 0.14963703 182.72223
-5.3244905 3.876003 0.14839108 181.76785
-5.3500662 3.9790518 0.14488907 178.85226
-5.3354793 4.0570922 0.15521948 185.86327
-5.330214 4.1474619 0.16020001 187.23927
-5.3044062 4.2052598 0.1878359 204.16667
-5.3071651 4.648406 0.19252414 209.5
-5.3644137 0.73756552 0.25613028 144.375
-5.3111386 1.100737 0.27195251 139
-5.3168049 1.8968147 0.20627211 76.666664
-5.3290358 2.0414999 0.22305502 54.75
-5.3128748 2.7910364 0.27412295 214.1111
-5.3337865 2.9678721 0.2734915 211.05556
-5.3025756 3.5404115 0.26912254 187.25
-5.3220563 3.9895875 0.25149408 204.63637
-5.3395319 4.0851111 0.28273231 205.33333
-5.3425379 4.1469989 0.25047112 205.95
-5.3269777 4.2547202 0.24308936 218.5
-5.3004785 4.3844891 0.26845238 210.57143
-5.317421 4.4094782 0.23368765 208.13335
-5.3100553 4.6319742 0.24687685 208.44444
-5.3858337 2.8429756 0.31336352 218
-5.3370576 3.2588239 0.34342492 208.39999
-5.3340025 3.3768899 0.39886445 207.54546
-5.332468 3.4045787 0.30323336 208.66667
-5.3343563 3.5127466 0.3359428 205.375
-5.3347526 3.6408241 0.35048383 208.03888
-5.3273115 3.7826648 0.30235118 209
-5.3216019 4.0613818 0.36094454 205.18182
-5.3451099 4.178669 0.3458803 205.85001
-5.3232398 4.3751926 0.34772247 216.83333
-5.3224306 3.5024476 0.40049964 208.11111
-5.2020402 -0.016198494 0.061329201 196.66667
-5.2636428 0.088896662 0.067275874 200.5
-5.20996 0.16560031 0.075444952 176
-5.2761436 0.27148643 0.072435968 179.05556
-5.2311563 0.37718585 0.064552061 181.27083
-5.2548394 0.46089295 0.06317988 185.97778
-5.2363901 0.57211393 0.075599752 181.39722
-5.2482181 0.63862514 0.053876773 176.88095
-5.2510185 0.74574125 0.05517577 178.37346
-5.2437673 0.86610651 0.058810577 172.12602
-5.258121 0.96601927 0.061341278 167.72566
-5.2417178 1.0487109 0.042949531 160.73709
-5.2318091 1.1554755 0.044855177 175.12451
-5.2505431 1.2480601 0.054727383 169.45482
-5.2570629 1.3551711 0.048373424 169.98334
-5.2471309 1.4545351 0.074772842 179.7274
-5.2554593 1.5541698 0.055250123 178.54778
-5.2486987 1.6498699 0.038405623 169.07909
-5.2649345 1.7531945 0.039252903 174.66002
-5.2503638 1.8457286 0.037354585 174.61111
-5.2663369 1.9601921 0.062013634 141.78889
-5.2596841 2.0347068 0.020719027 167.58333
-5.2606673 2.1211729 0.02629086 159.57777
-5.271235 2.2503066 0.062908657 132.5
-5.2605243 3.7660317 0.012436951 188.39999
-5.2336044 3.8496056 0.0078896228 186.66666
-5.2179184 3.9400706 0.0083819451 183.5
-5.2378907 4.0507321 0.015298418 168.16667
-5.2832499 4.1524267 0.013632655 177.06
-5.2421541 4.2534189 0.01680289 159.83334
-5.2706637 4.4194117 0.018423654 173.2
-5.2630038 4.5388203 0.019712282 176
-5.2680163 4.6479931 0.02127829 175.66667
-5.2005005 5.0397496 0.055317365 196.38461
-5.2141223 5.1446376 0.063675031 197.25
-5.2587991 5.5278029 0.029976096 147.5
-5.2540078 0.68826568 0.13573696 184.5
-5.2149191 0.76173389 0.10355309 174.7262
-5.26999 0.83748758 0.1572133 126
-5.2435956 0.94889992 0.15255727 149.09821
-5.286345 1.1578739 0.103831 164
-5.2498083 1.2622839 0.11646605 169
-5.2584677 1.3569518 0.12462678 159.90739
-5.294085 1.4301914 0.12624004 159.83333
-5.2889915 1.5745798 0.10051768 166.33333
-5.2207251 1.6659206 0.10416408 159.60001
-5.2784996 1.7685235 0.10758898 135.8889
-5.2466183 1.8767313 0.1000739 166.66666
-5.2885337 1.9252577 0.16355512 88.833336
-5.2951832 2.0020521 0.15214872 110
-5.2099481 2.1239069 0.12004261 161.39999
-5.2395239 2.2162986 0.16935009 115
-5.2260242 2.3440404 0.15835312 158.88889
-5.224741 2.4508152 0.14890192 164.97223
-5.2188087 2.5695777 0.14143342 207.08333
-5.2077384 2.6727614 0.14480092 208.54546
-5.2412724 2.7917397 0.1330065 184.5
-5.2577076 2.9455111 0.16074517 149.85715
-5.2907743 3.0139081 0.1589698 150.5
-5.2541981 3.4506779 0.17407419 175
-5.2455454 3.5708547 0.16131596 183.5
-5.232235 3.7343957 0.1595756 198.27858
-5.2191262 3.8690937 0.18189125 195.48296
-5.2320137 3.9800181 0.18080473 175.98077
-5.233634 4.0493951 0.15778974 198.35962
-5.2314844 4.1641722 0.16932799 184.95999
-5.2479429 4.2572775 0.17656587 190.93831
-5.2461214 4.3351674 0.17321955 208.05331
-5.2311249 4.4414439 0.14735557 207.04849
-5.2595067 4.5438805 0.15292545 205
-5.2550731 4.6672573 0.18123133 209.25
-5.296154 0.69209325 0.25337514 177
-5.215888 0.89210397 0.20375372 135.74074
-5.2229304 1.1661628 0.23726599 152
-5.2303028 2.235487 0.27032489 137.5
-5.2578511 2.3343821 0.25727814 93.143944
-5.2514939 2.4352746 0.23656087 207.54546
-5.2473636 2.5648038 0.24908556 208.02084
-5.2257361 2.6551063 0.22860052 209
-5.2409463 2.8614085 0.25123802 152
-5.2332478 3.0419085 0.25049728 145
-5.2310972 3.3165023 0.26491418 151.5
-5.2268424 3.4672134 0.25935185 180.77084
-5.2320819 3.5169277 0.20080477 211.5
-5.2353415 3.6733785 0.26313016 196.65477
-5.2768998 3.783169 0.25869465 197.66666
-5.2547417 3.8305104 0.24127959 203.90477
-5.259285 3.9329073 0.26403666 206.41667
-5.2618318 4.0548763 0.26284388 204.55682
-5.2481365 4.1745749 0.24930537 207.40202
-5.2680011 4.2878604 0.25891519 207.24113
-5.2518334 4.3864989 0.23888177 203.875
-5.2366347 4.4465957 0.23249522 184.05
-5.260303 4.5435629 0.22533739 179.72916
-5.2121406 4.6876383 0.26501217 209.75
-5.2013617 4.8031898 0.24561796 203
-5.2830257 3.1385689 0.33594313 208.89999
-5.2289963 3.4934416 0.30654526 213
-5.2290559 3.6590011 0.32895032 211
-5.2820363 3.7677865 0.34872133 208.2
-5.2215385 3.8187752 0.30634743 203.33333
-5.2741938 3.9227853 0.36123854 206.72223
-5.2751579 4.0236497 0.35244882 209.72728
-5.2777581 4.145246 0.32823777 206.37122
-5.2788062 4.2640924 0.32476452 206.21968
-5.2802911 4.3673301 0.33591723 207.45454
-5.261045 4.4790053 0.34077883 205.5
-5.2415252 4.6574726 0.35544446 208.62857
-5.1957636 0.92881501 -0.014366803 171.39024
-5.1276274 1.092949 -0.002167983 169.16667
-5.1545701 3.7603853 -0.00050060503 191.33333
-5.1838622 0.05106359 0.084594294 146.5
-5.1535535 0.12812129 0.06752377 200
-5.1596313 0.25792757 0.062095355 181.28809
-5.1311131 0.34722522 0.068563759 186.25
-5.1396775 0.46315092 0.06523113 182.1875
-5.1331048 0.55090183 0.066623814 185.34694
-5.1439471 0.64022785 0.058577918 182.48845
-5.1343684 0.75928056 0.064634308 185.03917
-5.1518865 0.85740703 0.062405422 171.52557
-5.1547494 0.95943356 0.062213805 175.91049
-5.1624241 1.069868 0.05885867 169.70604
-5.1338477 1.165611 0.060539167 171.0136
-5.1469817 1.2601418 0.050576542 173.2876
-5.1609597 1.3505285 0.063337974 177.54601
-5.1379709 1.459729 0.066128664 168.72835
-5.1633129 1.5535367 0.065078169 175.61668
-5.1586895 1.6429834 0.059800893 170.33548
-5.1467667 1.7392281 0.03914614 167.93764
-5.1621556 1.839051 0.044810548 153.28572
-5.1655822 1.9444399 0.032560606 150.86667
-5.1666021 2.0410454 0.027721126 155.45834
-5.1262255 2.1471577 0.0058602244 165.75
-5.1786895 2.3495512 0.059987999 184.05
-5.1084442 2.4464686 0.075805843 155
-5.1822243 2.5320928 0.072073594 205.8
-5.1688762 2.6965909 0.077145614 205.75
-5.1374803 2.766398 0.086903445 181.89999
-5.1103415 3.7401536 0.048258066 201.08333
-5.15312 3.8470387 0.024098916 191.25
-5.1496086 3.9628155 0.02719029 196.84615
-5.1711407 4.0271735 0.043040354 179.5625
-5.1372519 4.156105 0.037176277 187.14287
-5.1575222 4.3386078 0.036751933 197.33333
-5.1582756 4.483305 0.034544446 194.85715
-5.1769943 4.6107016 0.04353736 196.09091
-5.1728339 4.7209435 0.044995025 195.07692
-5.1673903 4.8272009 0.05428727 195.91112
-5.1744514 4.9335842 0.052062601 197.09723
-5.1871338 5.166019 0.032697503 203
-5.1375189 0.6333847 0.11298589 172.6852
-5.1534209 0.74315149 0.10379694 169.10185
-5.1574936 0.8476609 0.10542618 174.84723
-5.1455274 0.92997807 0.1321177 173.96666
-5.148366 1.0713682 0.10404461 172.2625
-5.1340542 1.149839 0.11156774 163.24536
-5.1339116 1.3345007 0.11986107 160.33334
-5.1876235 1.4202017 0.10467615 164.25
-5.1411433 1.7300271 0.10958235 139.64285
-5.1447821 1.8468677 0.1113259 150.8889
-5.1988301 1.9946686 0.11703261 136.66667
-5.1916795 2.1695337 0.15452829 141.5
-5.1816649 2.2438996 0.15096338 139.5
-5.1613832 2.3404136 0.1384719 165.56667
-5.140162 2.4765427 0.10070744 185.66667
-5.1619339 2.538842 0.12134042 195.7
-5.1526508 2.6784916 0.13198519 191.98958
-5.1964397 2.7546422 0.14261018 179.8
-5.1387825 2.8671548 0.12657125 179.89999
-5.1834941 2.9467666 0.14363435 183
-5.153666 3.4793615 0.17422287 171.5
-5.1591773 3.6260653 0.16692707 178.5
-5.1275706 3.7479157 0.15176612 178.23334
-5.1539159 3.856626 0.15164663 194.18889
-5.1254673 3.9650114 0.15899804 182.37202
-5.1405597 4.0500593 0.15878797 171.69263
-5.176106 4.1542115 0.18273219 174.27777
-5.1727424 4.2488766 0.14337522 180.4787
-5.1595483 4.3320956 0.15107599 177.56018
-5.1416774 4.4419818 0.1422541 178.58749
-5.1540074 4.5508051 0.1346156 175.12224
-5.1394744 4.6590638 0.13979647 194.875
-5.1408868 4.7650399 0.15589009 199.77777
-5.1110654 4.8277669 0.16429499 194.93056
-5.1413288 4.9105363 0.14400859 198.68434
-5.1570497 5.0220251 0.15017134 195.8125
-5.1849957 5.1171284 0.17025638 202.08334
-5.1629133 0.83458388 0.22664805 146
-5.1060896 1.3456141 0.22157788 141.39999
-5.1982245 2.1557314 0.20252635 109
-5.1938982 2.2235084 0.23716187 163.27272
-5.1963458 2.4870801 0.22286084 208
-5.189784 2.64411 0.24508178 205.27272
-5.1545129 2.9379323 0.24896419 137.33333
-5.1420112 3.1368377 0.25669354 144.875
-5.1352811 3.2138906 0.22866698 137
-5.1637712 3.3434894 0.24417655 179.43333
-5.1203909 3.4373188 0.22737385 145.46666
-5.1714735 3.5683081 0.2239349 159
-5.1472583 3.6481636 0.26585817 144.33333
-5.1450543 3.7445445 0.23661427 160.97501
-5.1362371 3.8694077 0.24970606 158.18333
-5.1210837 3.9779999 0.24350935 161.875
-5.1989074 4.0289974 0.2282111 197.83334
-5.1781225 4.1069899 0.21609987 180.5
-5.1860571 4.2070494 0.21721163 178.25
-5.1705127 4.3215756 0.21725531 181.14285
-5.1360631 4.4576821 0.21479478 162.75
-5.1542249 4.5694332 0.21944131 168
-5.1841378 4.6933208 0.24774416 206
-5.1439958 4.7467027 0.23163317 195.98863
-5.1673393 4.8407865 0.25216836 205.40277
-5.1114016 4.9655108 0.26929414 198.66667
-5.096437 1.0405728 -0.013940434 171.04347
-5.0494161 0.056261204 0.074776888 159.25
-5.0866466 0.16479437 0.078552343 154
-5.0587616 0.22456527 0.049406182 182.625
-5.0486827 0.33272702 0.0617471 176.22223
-5.0431809 0.44777015 0.075490974 182.01999
-5.0286345 0.56083894 0.074360862 184.1241
-5.0600572 0.66307628 0.060769085 175.25597
-5.0469213 0.750871 0.071060918 183.73979
-5.045516 0.84674644 0.063699998 180.07286
-5.0572448 0.94780958 0.041489936 170.89093
-5.0357594 1.049943 0.05515334 178.98044
-5.0539017 1.1552002 0.066101916 173.32227
-5.0416694 1.2632568 0.057432599 171.07617
-5.0410633 1.3474349 0.05668981 170.55411
-5.0666304 1.4392308 0.066005222 172.43965
-5.0669718 1.5506822 0.066064276 165.049
-5.039876 1.6585624 0.056933671 161.27379
-5.060348 1.7602254 0.071262725 163.38667
-5.0540142 1.8594307 0.052846584 173.425
-5.0794349 1.9662595 0.041689508 160.85417
-5.0447025 2.0370758 0.060035184 139.93333
-5.055913 2.1703534 0.039937325 146
-5.0983739 2.4418623 0.075224273 176
-5.0523086 2.5054307 0.080639251 167.16666
-5.0460963 2.6352973 0.078538626 187.55
-5.0017829 2.8262491 0.090520874 188.33333
-5.0344014 0.55626565 0.12772696 191
-5.0445795 0.68600053 0.10143492 181.625
-5.0454154 0.75666761 0.12564257 166.84334
-5.025167 0.88821763 0.15950452 158.57777
-5.0739317 1.0354263 0.14541012 147.57793
-5.0508294 1.2044593 0.10715532 172.2
-5.0689306 1.3298458 0.17191437 140.08333
-5.0191112 1.4462578 0.12553801 142.73215
-5.070559 1.5166764 0.10161082 164.66667
-5.0873637 1.6497175 0.10564721 162
-5.0388699 1.7164806 0.15164518 135.03999
-5.0082741 1.9974898 0.10092451 170.66667
-5.0190287 2.0236971 0.10048643 110
-5.0803213 2.1915293 0.10046367 174.60001
-5.0824203 2.2814209 0.13480425 142
-5.0520811 2.3920047 0.11185095 182.25
-5.0360465 2.4812262 0.11050983 185.60001
-5.016768 2.5639398 0.11358142 185.75
-5.0385556 2.6326203 0.14979453 174.66667
-5.0480289 2.7552631 0.11385665 181.33334
-5.0456114 2.8419042 0.13256575 178.8
-5.0554118 2.9168065 0.18176782 197.39999
-5.0262227 3.3552434 0.18375254 151
-5.0972834 3.4250758 0.17654686 165
-5.0425634 3.5365679 0.17990552 169
-5.0311823 3.6699874 0.17973995 170
-5.099287 3.7033367 0.15658452 200.66667
-5.0594807 3.8471994 0.15161386 160.77779
-5.0580926 3.9541271 0.16875428 149.08
-5.025456 4.0496483 0.1604408 162.75
-5.0652928 4.1406193 0.15570308 171.60693
-5.0465913 4.2520642 0.16759528 177.3611
-5.0652647 4.3384314 0.13711172 163.2
-5.0544829 4.439137 0.14330764 167.07779
-5.0423193 4.557642 0.15235354 153.91666
-5.0395575 4.6643968 0.15173513 150.3
-5.0305109 4.7641287 0.1683456 176.125
-5.0403061 4.8668237 0.15701519 171.875
-5.0920072 4.9352112 0.14373071 193.42857
-5.0436249 5.1112208 0.1616077 186.89899
-5.0346117 5.2048864 0.17440057 196
-5.0099602 0.89741606 0.2243316 164.66667
-5.0741997 0.99818617 0.21289457 157
-5.0799861 1.0362333 0.22809909 134.76471
-5.0376248 2.6513059 0.23891219 119.75
-5.0010128 2.7508361 0.20301288 212.7
-5.0470896 2.8896563 0.25944653 202.66667
-5.0431786 2.9912124 0.24592687 117
-5.0476069 3.0211916 0.24594821 129.16667
-5.0505948 3.2532268 0.23470119 135.09999
-5.0229321 3.357146 0.23236099 134.60001
-5.0792861 3.526778 0.23412979 146.60001
-5.0670905 3.6369286 0.23392628 156.97501
-5.0444546 3.7434459 0.2266122 165.41667
-5.0330319 3.8171828 0.23398803 163.875
-5.0174661 3.9188232 0.23868129 166.64999
-5.0293679 4.0288253 0.24036731 165.3125
-5.0799766 4.1469455 0.22031614 184.56667
-5.0619655 4.281013 0.20148784 180
-5.0622215 4.3450446 0.21446872 165.25
-5.0460744 4.449316 0.22579738 168.94444
-5.0693383 4.5690255 0.21442324 167.5
-5.0281782 4.63586 0.21599491 163.5
-5.0257983 4.7149692 0.20504253 159.97501
-5.061657 4.8529053 0.25047544 187.16905
-5.0422487 5.0555849 0.24192347 193.93463
-5.0277061 5.1576977 0.22817525 192.125
-5.0312791 4.8549123 0.34584689 198.66667
-5.0278988 4.9736671 0.34879932 193.67857
-5.0500708 5.0571313 0.30281794 196.625
-5.0047898 5.1399207 0.32315329 191.15384
-4.9205251 0.049295038 0.067509867 181.5
-4.9536281 0.13735554 0.072439291 167.125
-4.9358234 0.22015846 0.068959735 173.04166
-4.9388046 0.3505595 0.063434213 192.21666
-4.9634171 0.43150622 0.054515518 173.24445
-4.9479146 0.54162121 0.070791185 166.21428
-4.9560547 0.65005589 0.0690744 175.31429
-4.9357405 0.74914563 0.065982714 178.98219
-4.9357762 0.84596634 0.065131463 177.42479
-4.9612241 0.93270648 0.063940428 172.2813
-4.950027 1.0519053 0.067147948 173.22037
-4.9309959 1.1673045 0.048318602 176.39807
-4.9667225 1.2371188 0.053994499 168.97324
-4.9503522 1.3473586 0.0536533 169.71445
-4.9405022 1.4535998 0.063742436 173.8031
-4.9583883 1.5395144 0.048525434 163.93297
-4.9542346 1.6491915 0.060165398 156.91852
-4.9415455 1.747377 0.050460406 159.63831
-4.9561839 1.8257303 0.032860253 162.82408
-4.9277101 1.9313829 0.069998562 155.81111
-4.9896822 2.0765104 0.077157468 146.83333
-4.9551315 2.1417658 0.04367527 140.34444
-4.94663 2.240963 0.046129953 144.79166
-4.9349627 2.4358659 0.078761019 138
-4.997756 2.5713222 0.086255036 184.25
-4.9397783 2.6434491 0.094812557 179.125
-4.9588385 2.746963 0.093086392 188.625
-4.9005346 0.51816618 0.10306569 162
-4.9711037 0.97674417 0.1469585 163.71111
-4.9624505 1.0377868 0.16093725 145.082
-4.9526711 1.2240516 0.10781012 172.25
-4.9370689 1.3566867 0.16432352 148
-4.9645233 1.4461975 0.13912182 152.33334
-4.9282231 1.5074921 0.11011413 162.5
-4.9596562 1.6076076 0.1007057 157.25
-4.9625068 1.734899 0.13312656 142.95238
-4.9869485 1.8563412 0.13910779 99.799995
-4.9616084 2.1511099 0.11007551 177.5
-4.9792261 2.2538867 0.10968287 183
-4.9635162 2.3629804 0.11351914 185.3
-4.9176426 2.4635894 0.11438061 182.07143
-4.9281554 2.5421693 0.1337795 182.09523
-4.9562473 2.6588225 0.11952983 185.3718
-4.9125748 2.7737086 0.11884785 186.16667
-4.9079666 2.8538792 0.10232971 184.57143
-4.9248242 2.9528079 0.14241703 141.36667
-4.9385781 3.1949763 0.14566439 126.5
-4.9379177 3.4553339 0.19446471 196.33333
-4.9405718 3.5960732 0.1726301 121
-4.9211407 3.6701276 0.1314427 138.45
-4.9191232 3.732933 0.15841547 161.78571
-4.9427295 3.9700022 0.16567637 149.02083
-4.9321356 4.0548072 0.16625041 159.22955
-4.9566526 4.1521626 0.15753223 166.60172
-4.9633684 4.2374964 0.17059247 161.2075
-4.940896 4.3520646 0.17012469 176.51294
-4.9535127 4.4533277 0.15339568 170.77162
-4.958653 4.5522065 0.15834591 165.38889
-4.9418454 4.6616454 0.17775506 159.09206
-4.9548187 4.7651334 0.15941253 158.78409
-4.9637799 4.8490858 0.15888353 163.65477
-4.962821 4.9377341 0.15896821 162.4875
-4.9493876 5.0303183 0.16152239 168.27499
-4.98739 5.1284499 0.16659494 185.63637
-4.9753361 5.2230101 0.16278517 183.85715
-4.9073892 1.381826 0.23280895 130
-4.9827347 1.4310837 0.21523498 133.76923
-4.9617486 1.6986396 0.20064285 122.71429
-4.9799647 2.7452834 0.26140139 169.75
-4.9002056 2.8604035 0.23201041 135
-4.9040494 2.9473102 0.22820707 113
-4.9815288 3.0869811 0.24232692 131.2
-4.9458561 3.1765635 0.23925795 132
-4.9461875 3.2826941 0.23677193 169.13393
-4.9522038 3.3848336 0.22664654 137.63158
-4.9295011 3.4311078 0.25124115 208.39999
-4.9964437 3.5038135 0.2570093 144.3
-4.9556713 3.6332982 0.22218385 176.20535
-4.9240017 3.7412105 0.24761224 177.67802
-4.9294257 3.855813 0.24444929 186.17084
-4.9494295 3.9624598 0.23184738 179.34999
-4.9345741 4.0777321 0.24259396 167.51111
-4.9559364 4.1078038 0.21378802 182.57721
-4.9582181 4.2060571 0.21365142 192.25
-4.9562058 4.342628 0.22589812 181.79474
-4.96908 4.4412899 0.21623309 173.51666
-4.9563489 4.5368867 0.21061145 170.61905
-4.9584856 4.6158032 0.20818424 153.88095
-4.9195104 4.7436843 0.20843656 162.20001
-4.9017839 4.8865972 0.22581024 178
-4.9722214 2.8427603 0.31414416 208.125
-4.9348521 3.4193418 0.30058852 205
-4.9675999 3.5925519 0.31831512 205.33333
-4.9299846 3.7087605 0.32400003 203.7
-4.9549751 3.8329215 0.34872016 203.5
-4.959619 3.9567814 0.32068193 203.72728
-4.9624152 4.0665631 0.31670275 203.75
-4.9646931 4.1770911 0.31469941 204.08333
-4.8632936 1.1386607 -0.023018932 166.55319
-4.8572431 1.2171674 -0.026079422 166.73077
-4.8331661 1.631752 -0.0015594863 163
-4.860939 1.7235332 -0.0052554999 170.88889
-4.8758073 1.8557891 -0.0081818867 175
-4.8695107 0.086639509 0.079554975 134
-4.8265219 0.15281412 0.064949743 179.5
-4.8440714 0.24093546 0.069532059 176.10001
-4.8500409 0.34329417 0.065870844 184.25
-4.8500366 0.46431932 0.068560287 168.55
-4.8403821 0.57707 0.064769238 193.66667
-4.8569493 0.65794981 0.064870268 184.00476
-4.8618031 0.7346459 0.065943487 176.77083
-4.8506074 0.84455132 0.062730618 174.85396
-4.8621926 0.94477415 0.065159813 176.37149
-4.8511167 1.0481052 0.059538241 173.28096
-4.8466978 1.1434537 0.072267383 170.14008
-4.8537202 1.2392813 0.055308707 182.29315
-4.8473673 1.3403751 0.054604445 172.63376
-4.8618574 1.4644902 0.052500393 167.10564
-4.8560767 1.5477639 0.06174 172.89003
-4.8446531 1.6372865 0.055189349 165.21684
-4.8695111 1.7669275 0.056539044 159.81969
-4.8481326 1.8556629 0.046707585 166.24304
-4.843585 1.9485205 0.056788582 161.58333
-4.8578815 2.0715461 0.074012458 122
-4.8187542 2.1071761 0.081021361 119
-4.8597784 2.243397 0.06445279 138.45834
-4.8414626 2.3501387 0.053457823 154.15079
-4.8341208 2.4513865 0.057803866 153.4375
-4.8101954 2.5267074 0.083779953 136
-4.8966842 2.6859286 0.094168119 180.60001
-4.8964405 2.9100327 0.089730889 181.75
-4.8413124 3.2470145 0.049323846 190.375
-4.8816357 3.6589155 0.095334493 168.16667
-4.8718338 3.7370079 0.093794666 169
-4.8455081 0.6323213 0.10178682 159.66667
-4.8371177 0.73039418 0.10086214 160.75
-4.8581619 0.84611231 0.14914387 145.125
-4.8830423 1.0260577 0.11892091 144.75
-4.8316441 1.1612068 0.10301868 167.60001
-4.8196802 1.4083376 0.11160991 154
-4.8411384 1.538705 0.14687206 123.7381
-4.8785501 1.6730442 0.10460339 147.75
-4.8074651 1.7308086 0.10622393 138
-4.8642502 1.9849104 0.10833144 114
-4.8461723 2.0583863 0.10981624 153.10001
-4.8314924 2.1559112 0.1114142 146.95833
-4.8681607 2.254503 0.10623701 181.22223
-4.8601255 2.3576596 0.10489404 178.92308
-4.8463898 2.4735196 0.12168565 160.14706
-4.8432846 2.5614812 0.10401925 173.19444
-4.8328428 2.6396184 0.12034931 179.25
-4.8230319 2.7659254 0.10873374 183.2953
-4.8411884 2.867379 0.12205119 167.65973
-4.8394165 2.9478483 0.12446991 178.5
-4.8657603 3.0818958 0.16047037 136
-4.8180857 3.1758664 0.1605629 147.2
-4.8563275 3.2833016 0.15601863 126
-4.8392501 3.387007 0.15231138 149.25
-4.8175344 3.4437573 0.1440632 140
-4.8043356 3.5912161 0.12622422 166.14285
-4.8453074 3.6155591 0.11648954 164
-4.8647051 3.7469618 0.15168239 134.45833
-4.8537169 3.8219893 0.13541429 145
-4.8558254 3.9334247 0.14208965 164.84314
-4.8596649 4.0421195 0.1682633 155.5
-4.8409886 4.1510019 0.17280395 160.86069
-4.8583965 4.250803 0.17029379 162.54385
-4.8521538 4.3371191 0.17781016 163.5759
-4.8648419 4.422411 0.17782629 164.07936
-4.8526378 4.5426898 0.16309878 171.74406
-4.8615093 4.6361451 0.17384408 161.60706
-4.8417869 4.7340455 0.16745773 167.58479
-4.8436732 4.8296175 0.16380873 170.33145
-4.8415599 4.9322457 0.1671558 166.53214
-4.8406906 5.0386462 0.15969901 166.05608
-4.883863 5.1165934 0.16514191 179.5
-4.8767052 5.2155552 0.16003452 177.34782
-4.8797488 1.7675451 0.25021166 127
-4.8783565 2.8954909 0.22573361 140
-4.8356428 2.958662 0.22876519 141.5
-4.8553619 3.0418694 0.22349118 120.5
-4.8402686 3.1613939 0.23269221 134
-4.8511415 3.2594302 0.23094872 140.20454
-4.8143005 3.3523948 0.22135998 154.66251
-4.836329 3.4784234 0.2163561 162.06427
-4.8980975 3.5892272 0.22547558 166.75
-4.8523583 3.6676803 0.22376215 170.07692
-4.8453021 3.7704697 0.2216928 176.59058
-4.8118062 3.876869 0.22008198 174.74661
-4.854526 3.9750841 0.22642514 153.25
-4.8578343 4.0049791 0.25702429 155.25
-4.8777566 4.192028 0.20442703 177.41667
-4.8528905 4.2873893 0.20355961 188.28572
-4.8587441 4.3433523 0.21570402 182.61667
-4.8559718 4.4711175 0.21348244 178.4142
-4.8443227 4.5561266 0.20913522 160.8125
-4.8473477 4.6416898 0.20550297 165.69682
-4.8257384 4.7783003 0.20951699 174.57143
-4.8139763 4.8194718 0.21557713 144.5
-4.7542696 1.1567438 -0.026385365 167.16422
-4.7834616 1.6133915 -0.0013831659 166.5
-4.743288 1.717412 -0.011678381 165.10001
-4.7215719 1.8525579 -0.0070803012 146.02609
-4.7287936 0.17960629 0.08129666 149.83333
-4.734942 0.26228151 0.052725956 169.16667
-4.7476163 0.35331693 0.066282466 170.53572
-4.7571759 0.46499518 0.076654881 164.77083
-4.73422 0.55072999 0.069298081 161.0262
-4.7474146 0.66597903 0.071597844 171.13889
-4.7378583 0.75930423 0.065102868 177.74405
-4.776186 0.84469336 0.074257664 180.5
-4.7488036 0.96055299 0.067406662 171.48093
-4.7553086 1.0392736 0.059648797 178.37996
-4.7511396 1.1522622 0.070405439 174.87923
-4.7632356 1.2571948 0.043661118 178.907
-4.7424369 1.3481071 0.057839714 174.34741
-4.7563972 1.4287871 0.057685386 167.22366
-4.749836 1.5490669 0.040459927 169.15657
-4.7436476 1.6488668 0.043608483 163.51906
-4.7547503 1.7293826 0.047370862 164.70557
-4.7499413 1.8424765 0.04136686 162.7061
-4.7674885 1.9512807 0.060475584 146.48334
-4.733902 2.0330582 0.063957527 150.16667
-4.7637029 2.1564195 0.075775638 144.93333
-4.7533255 2.2599561 0.080944248 142.75
-4.7520866 2.3436227 0.071022116 159.09654
-4.7521119 2.4505222 0.055598732 170.41666
-4.7465882 2.5472906 0.081044272 159.69753
-4.7011118 2.8771834 0.089973822 172.74074
-4.7214618 2.9628708 0.077621073 169.08571
-4.7245913 3.0393836 0.084115528 167.75999
-4.7728953 3.1642976 0.060133122 186.16666
-4.7031012 3.2300444 0.064619236 186.66667
-4.7469592 3.3239567 0.067157 185.08333
-4.7876425 3.7471015 0.096652165 169.5
-4.7232242 0.41895306 0.10059761 141.5
-4.7931962 0.55115801 0.10029002 150
-4.7833166 0.80592573 0.10014211 158.8
-4.7599306 0.97541916 0.13347961 152.70833
-4.7880802 1.056928 0.10379527 161.33333
-4.7501192 1.4413686 0.11108738 143.66666
-4.7665358 1.58303 0.10554363 141
-4.7270589 1.8392857 0.17582206 143
-4.7491503 1.9554814 0.11005782 147.5
-4.7109504 2.0360296 0.11189608 147.72223
-4.7476864 2.1442881 0.10473758 155.69444
-4.7719879 2.2448921 0.10518728 164.41666
-4.7573981 2.3431187 0.11392935 172.625
-4.7245474 2.4345229 0.10662798 169.25
-4.7529097 2.6563222 0.11752856 169.35367
-4.7614622 2.7574785 0.12499645 181.95833
-4.7565231 2.8476717 0.12480039 180.34444
-4.7400303 2.9640474 0.16272098 164.2
-4.7710519 3.030926 0.14777215 142.66667
-4.7526793 3.1302805 0.15291761 134.91667
-4.757854 3.2909198 0.17100196 144.57143
-4.7475204 3.3698318 0.17503621 144
-4.7436547 3.4535751 0.16371901 150.49394
-4.7546868 3.5389092 0.15299881 149.16264
-4.7556777 3.6403525 0.14746982 143.22025
-4.7321467 3.7416689 0.14392541 141.8889
-4.7577014 3.8250086 0.16193251 139.16666
-4.7537489 3.9744422 0.1674211 154.15654
-4.7606916 4.0617766 0.16231449 162.451
-4.7514429 4.1616836 0.16318426 160.7785
-4.7673597 4.2651272 0.18347594 154.57037
-4.7643051 4.3642068 0.17713793 159.55064
-4.7565403 4.4470959 0.17485906 169.60196
-4.7461739 4.5373602 0.17748593 177.03073
-4.7618403 4.643127 0.17318313 167.66125
-4.7279682 4.7339725 0.180372 166.02699
-4.742022 4.8197584 0.16726245 164.86964
-4.732533 4.9446311 0.17213085 158.44286
-4.7766247 5.0080729 0.17094786 169.65625
-4.7691922 5.1233063 0.17313734 165.23077
-4.7708163 5.2433419 0.18395704 160.75
-4.7235308 5.3823667 0.19707078 165.5
-4.71383 2.696871 0.29784513 135
-4.7066755 2.8371708 0.27939361 156
-4.7542877 2.9447706 0.21489722 113
-4.7485595 3.0373938 0.22256817 130.41666
-4.7396598 3.1535475 0.22020215 140.3485
-4.7711048 3.2861049 0.21162756 161.5
-4.7377067 3.3204262 0.20696391 157
-4.7438717 3.4281135 0.22431897 144.66667
-4.7755904 3.5644217 0.2037902 165.51785
-4.7259216 3.6647329 0.23866077 159.33751
-4.7298498 3.7457912 0.22017215 148.16129
-4.7213645 3.8673117 0.21705617 165.86111
-4.7547894 3.9577098 0.26737288 135.48149
-4.7765641 4.0302739 0.21567561 139.5
-4.7590041 4.2680902 0.20593479 183.2
-4.7368245 4.3420544 0.2066319 172.59999
-4.730875 4.4309096 0.22306781 163.77777
-4.758379 4.5567727 0.20475325 174.54167
-4.7380342 4.6578813 0.21049893 165.61905
-4.7460713 4.7696576 0.21411379 160.12776
-4.7522259 4.8507376 0.21403362 161.45238
-4.7026539 5.3415051 0.20186755 168
-4.7254453 5.004591 0.36656711 195
-4.6714916 1.1958791 -0.0016971742 167.18971
-4.6377087 1.2928618 -0.0046153339 168.69231
-4.6061401 1.4454476 -0.01254933 168.0864
-4.6678252 1.6417459 -0.010446876 161.09337
-4.6884465 1.7977183 -0.0053711114 144.2
-4.654829 1.8837248 -0.0043865717 138.89999
-4.6539221 0.25239858 0.0702755 146
-4.6350737 0.37086999 0.052426856 164.79166
-4.6553044 0.45472142 0.045123551 176.5
-4.6399312 0.56108344 0.031957928 169.69444
-4.6539931 0.64430976 0.064496264 168.87619
-4.6568465 0.74862969 0.05746891 175.25197
-4.6629477 0.8465395 0.069339722 170.29076
-4.6458106 0.95830065 0.049966548 177.77284
-4.6547189 1.0454551 0.060372792 176.62987
-4.6425252 1.1560706 0.040520262 175.39072
-4.6389785 1.2650675 0.036254067 184.32985
-4.6503682 1.344898 0.070905305 164.54248
-4.6608291 1.443596 0.051627021 171.93069
-4.6540608 1.5488613 0.038837135 167.17621
-4.6443343 1.6536481 0.045240555 150.85561
-4.6417994 1.7360388 0.04859269 161.69559
-4.6446676 1.8546222 0.043579727 143.64009
-4.6571903 1.9452859 0.057285011 159.95364
-4.6521001 2.0380256 0.062356587 154.6228
-4.6525598 2.1520047 0.071984984 162.54102
-4.6512923 2.2468631 0.065539002 162.12445
-4.6578374 2.3652556 0.065690175 154.33333
-4.6316075 2.422215 0.067497611 156.04945
-4.6447492 2.5279112 0.051300757 151.51918
-4.645422 2.6490855 0.0841702 158.2887
-4.6281195 2.7438271 0.087999478 171.73157
-4.6260715 2.8724198 0.081361152 170.12122
-4.6208611 2.9539413 0.089292705 169.64647
-4.6622553 3.0751808 0.062533334 174.09566
-4.6338763 3.136832 0.075201869 175.44353
-4.6359463 3.2331495 0.079009496 184.39317
-4.6263914 3.320482 0.06794408 189.83334
-4.6334333 3.4003515 0.083111592 153.75
-4.6978936 0.5529213 0.10536737 136
-4.6592894 0.65365326 0.10069054 142.5
-4.6643581 0.84849161 0.11530374 145.575
-4.630619 0.95614946 0.14649862 138.96249
-4.6348639 1.0459515 0.10223541 145.53967
-4.6919675 1.1891991 0.10784089 145
-4.6180611 1.2386454 0.12604879 142.25
-4.6134033 1.3308229 0.15030551 136.81197
-4.6969085 1.4605007 0.13266179 152
-4.6050177 1.5084804 0.13927794 130.75
-4.6918654 1.629805 0.10648258 132
-4.6292915 1.8858167 0.12311359 145
-4.697238 2.0410841 0.1168218 120
-4.6785417 2.1507058 0.12085112 137.33333
-4.6543884 2.2918127 0.11891472 166.66666
-4.6622677 2.3728395 0.107297 163.07855
-4.6370535 2.4426954 0.12241375 158.12526
-4.6443615 2.5533726 0.11726569 182.08406
-4.638093 2.6341798 0.12979542 175.02777
-4.6652107 2.7529213 0.11703733 181.62964
-4.6732497 2.8761668 0.14571191 151.61111
-4.6441822 2.9696183 0.16480355 134.08334
-4.633637 3.0637131 0.13166523 134.875
-4.6227474 3.1692531 0.14920628 138.375
-4.6408529 3.2613056 0.1630989 139.80832
-4.6510801 3.3495581 0.151345 152.52948
-4.6431642 3.4589655 0.14241609 155.63525
-4.6438704 3.5468338 0.15504737 152.30824
-4.6312203 3.6523085 0.15501355 144.46417
-4.6470304 3.7551374 0.16955189 170.16
-4.6556869 3.8442371 0.16358449 161.84
-4.6555028 3.9357166 0.17494255 148.70833
-4.6703706 4.043366 0.15774332 166.18558
-4.6439323 4.1622996 0.16529383 164.79697
-4.6679564 4.2439499 0.16768783 172.53206
-4.6529889 4.3451848 0.16924098 173.12192
-4.6534286 4.4434576 0.17037164 176.24535
-4.660677 4.5375171 0.18416385 162.01553
-4.6440392 4.6227822 0.16225189 164.48027
-4.6532326 4.717917 0.16926108 155.38618
-4.6448426 4.8390317 0.17481802 155.33409
-4.6348748 4.9459195 0.17060161 144.15729
-4.6594667 5.0216131 0.16829193 166.27777
-4.6497722 5.1366849 0.17783071 157
-4.6346402 5.2465401 0.18189237 146.93585
-4.6116037 1.024655 0.21767475 133
-4.621551 1.2084613 0.26183337 125
-4.6805234 2.588098 0.21936946 138
-4.6301341 2.8679516 0.23015052 144.06363
-4.6591744 2.9634626 0.24417049 143.83334
-4.6779885 3.0438771 0.24918938 138.35896
-4.6955347 3.1055386 0.20685036 133.5
-4.6738753 3.2181275 0.20409934 152.625
-4.6076808 3.3492014 0.22335981 143.83333
-4.6831679 3.4496343 0.2152842 141.38333
-4.6530733 3.5451481 0.23821329 136.2
-4.6469154 3.6317027 0.20856051 135.10715
-4.6354108 3.7321432 0.21179296 133.29411
-4.6324401 3.8031609 0.21927808 133.73334
-4.6469021 4.0482864 0.20335616 137.25
-4.6181455 4.1063876 0.20960952 138.54166
-4.6458707 4.3494854 0.20386903 166.80357
-4.6246109 4.4453106 0.20337145 170.7639
-4.6415772 4.561831 0.21544683 170.72501
-4.6341209 4.6480794 0.21213143 155.86473
-4.6289382 4.7555461 0.21129951 164.68001
-4.6607895 4.8443456 0.2128772 157.3889
-4.6038895 4.9157305 0.20617822 168
-4.6606565 5.1491065 0.22623287 159.625
-4.6579595 5.2424145 0.2288602 151.14583
-4.6442847 5.3973346 0.20057921 166.33333
-4.6105289 3.3321519 0.33832008 124.07143
-4.6348515 3.7978659 0.34508798 140
-4.6583743 3.8452654 0.35610953 133.25
-4.6101041 3.9517393 0.32189187 139.87878
-4.6967273 4.4438119 0.35880759 163
-4.5564508 1.0376475 -0.014299979 171.78947
-4.5501299 1.170648 -0.0052111754 167.00406
-4.5356936 1.2932868 -0.021435805 170.58824
-4.5369234 1.384972 -0.00021199933 171.62746
-4.5740414 1.5451605 -0.013587183 165.84909
-4.5272384 1.7582655 -0.010212859 145.25409
-4.5284872 1.8678126 -0.01427599 145.27777
-4.5628042 0.12949067 0.066959046 180.5
-4.5820661 0.24334696 0.060973715 175.66667
-4.5522709 0.3233332 0.048678983 154.75
-4.5486984 0.45053062 0.05717681 147.06667
-4.5617547 0.55543494 0.061582919 157.53334
-4.5330324 0.65739435 0.058463234 166.21875
-4.5579386 0.76288301 0.0603038 167.96292
-4.55089 0.86276251 0.056047868 161.81673
-4.5419478 0.9472785 0.058583759 168.74734
-4.5349936 1.0472172 0.054254297 168.36087
-4.5600696 1.1610686 0.057939582 171.60316
-4.5386477 1.2364619 0.059912082 179.20177
-4.5427341 1.3382525 0.059520658 171.05067
-4.5645857 1.453441 0.045027602 163.74776
-4.550889 1.569259 0.03772958 175.65144
-4.5519643 1.659458 0.042162936 158.14827
-4.5540729 1.7468433 0.04176626 159.55646
-4.5421214 1.8536052 0.048025202 157.0945
-4.55053 1.9342257 0.063911676 156.42291
-4.5447845 2.0329254 0.057346065 160.93825
-4.5257678 2.1242588 0.068260126 157.4257
-4.5713782 2.2458782 0.06604851 158.75073
-4.5443044 2.3434477 0.055202071 156.21309
-4.5546541 2.4338825 0.060580295 154.24792
-4.5524101 2.5269971 0.059779491 151.83562
-4.5416217 2.6498284 0.062135991 151.1636
-4.5390339 2.7424216 0.079434805 157.7171
-4.5284853 2.884409 0.08867301 169.27222
-4.5597286 2.9486742 0.049184587 166.91924
-4.5408483 3.0544934 0.058425099 166.32823
-4.5324845 3.1412392 0.07246609 171.09277
-4.5180612 3.2543612 0.085961349 173.49931
-4.53654 3.3471732 0.078124031 174.27536
-4.5125446 3.5613563 0.093142629 171.07692
-4.5442138 3.8504877 0.086238436 159.85251
-4.5261555 3.9605732 0.089113265 161.68549
-4.5655074 0.96283865 0.12443858 166.125
-4.5521517 1.1250858 0.19024657 159
-4.5612788 1.2380548 0.13975653 163
-4.5743313 1.3553027 0.1582223 129.99094
-4.588007 1.6072686 0.12072916 137.5
-4.5534487 2.0432804 0.13486442 119.66667
-4.5462141 2.1862371 0.12889339 143.25
-4.541481 2.2828739 0.12862411 166.75
-4.5438676 2.3649673 0.11981282 170.53041
-4.5455093 2.4567573 0.1320276 156.66667
-4.5736899 2.5283709 0.14425439 129.54111
-4.5788341 2.6419575 0.1348308 159.64023
-4.5807662 2.7705095 0.10398483 178.52524
-4.5648623 2.851681 0.12405472 146.56667
-4.5519209 2.9741657 0.12813282 144.98993
-4.5629663 3.0651805 0.15197484 141.79773
-4.5482688 3.1599565 0.15542422 150.5625
-4.5699339 3.2552824 0.15189114 147.51389
-4.5539784 3.345469 0.14690328 149.61722
-4.5473084 3.4490488 0.14274849 149.01582
-4.5409994 3.5455258 0.14954536 153.3448
-4.5507278 3.6586058 0.15058497 157.20314
-4.5531111 3.7454214 0.14688994 159.15707
-4.550386 3.8430851 0.16937114 166.8557
-4.5599518 3.9679935 0.16234584 161.38155
-4.5565014 4.0548735 0.16968544 165.5195
-4.5478501 4.1524191 0.16724724 164.84128
-4.5509281 4.2472048 0.17122588 166.00766
-4.5526929 4.3390808 0.17097549 163.99886
-4.5398273 4.4483614 0.17385781 164.02939
-4.5586491 4.5362401 0.16808948 167.57002
-4.5426402 4.6184459 0.1759396 155.05556
-4.5569868 4.7236838 0.17394228 150.82474
-4.539042 4.8062029 0.18572147 145.60895
-4.5564423 4.9425616 0.17964044 153.6481
-4.5286107 5.0322614 0.17989784 151.33333
-4.5596318 5.1493864 0.18865064 153.53667
-4.5630603 5.2476335 0.18366344 150.57843
-4.5378842 0.93635583 0.2467012 142.1579
-4.5724611 1.2212648 0.23133349 131
-4.534059 2.5997589 0.22416228 173
-4.5303288 2.6153584 0.20833734 170
-4.5537863 2.9914694 0.26147333 125.5
-4.5565138 3.0456958 0.23655058 124.66666
-4.5560465 3.3699389 0.20284402 143
-4.5539784 3.7602785 0.25281018 183.35715
-4.5624809 3.8308527 0.20090713 157.35715
-4.5576053 3.9591346 0.22861283 151.75446
-4.5231981 4.0270643 0.24416567 132.45833
-4.5550866 4.1595783 0.22076476 138.36667
-4.519753 4.2513185 0.2291626 146.375
-4.5510612 4.300374 0.21860707 147.83333
-4.5382795 4.4256887 0.21559192 164.73334
-4.5420108 4.5636263 0.20417266 153
-4.5544128 4.652329 0.23704425 154.31607
-4.5577607 4.7427316 0.23922744 144.01102
-4.5582209 4.8386054 0.21804634 165.91667
-4.5017195 4.9342589 0.20633797 171
-4.5684052 5.0657101 0.22380611 146.70955
-4.5464587 5.1516213 0.21016158 157.76299
-4.5509801 5.2597785 0.22736374 155.25
-4.5390882 5.4003048 0.21504806 160.42857
-4.511126 5.7202792 0.24659981 180.71429
-4.5371418 5.8310509 0.25879136 184.55556
-4.5562553 5.9217587 0.24810492 188
-4.5788965 3.6812339 0.3069241 136
-4.5641508 3.7225389 0.3009288 167
-4.5569382 3.980973 0.3910749 148
-4.5432935 4.0130372 0.34155318 147.12903
-4.5735335 4.3435259 0.39226368 146
-4.5855613 4.536612 0.32632494 129.97009
-4.5988674 5.0897822 0.33036572 132.64285
-4.5814643 5.1998687 0.30415043 122.5
-4.5821819 5.244256 0.31951129 120.41666
-4.4531307 1.0120274 -0.013622557 171.86667
-4.4588203 1.1795977 -0.0049941828 165.33136
-4.4559913 1.2253821 -0.022036863 159.73238
-4.4432044 1.3372787 -0.0071476451 161.29848
-4.4508753 1.4687515 -0.0055601066 164.64128
-4.4289608 1.5453068 -0.019585049 163.95518
-4.4571338 1.7539492 -0.012767199 153.09398
-4.4240232 1.8850234 -0.020421157 155.89722
-4.4322958 2.7397475 -0.0036770995 160.51944
-4.4167132 0.15838112 0.078795679 173.5
-4.4454403 0.24147373 0.071907766 189
-4.4620872 0.35647163 0.058839466 175.66667
-4.4525704 0.43520266 0.039590046 157.39287
-4.4396167 0.54337299 0.047929417 176.29762
-4.4534636 0.64182246 0.046312366 173.62245
-4.4508462 0.75510275 0.051474698 160.60555
-4.4463558 0.86090398 0.057197623 161.63974
-4.4371114 0.94765091 0.046900366 169.64986
-4.4640388 1.0611243 0.048998583 174.21904
-4.4444971 1.1546587 0.047968954 174.44772
-4.4347768 1.2595022 0.057221111 161.12331
-4.4553599 1.3614124 0.049976531 163.24167
-4.4421263 1.4349635 0.025418477 173.1169
-4.4359636 1.5490415 0.025188021 172.04375
-4.4559016 1.6494251 0.033713814 165.84631
-4.4679565 1.7443427 0.051738307 173.23682
-4.4336772 1.8471446 0.050194547 163.09473
-4.4481163 1.9417773 0.061828468 158.1757
-4.432229 2.0365553 0.069795974 156.7
-4.4359422 2.1397479 0.067907743 159.19881
-4.4543858 2.2500665 0.055013545 153.78026
-4.4537354 2.3366287 0.049596526 152.76797
-4.4540091 2.4312189 0.056413133 164.36459
-4.4489713 2.5513301 0.06057151 153.21042
-4.4628015 2.6567256 0.037671 144.86876
-4.4565187 2.7462635 0.05511241 152.14374
-4.428515 2.8550692 0.058227371 165.88715
-4.4651647 2.9396083 0.067240305 158.44258
-4.4566565 3.0714068 0.080353692 163.51349
-4.4619951 3.1569588 0.076919392 164.14058
-4.4045992 3.2334256 0.082523957 183.83333
-4.4229755 3.3500421 0.085717678 167.12169
-4.4200749 3.6571031 0.095204689 160.04167
-4.4289865 3.8506584 0.099651746 159.52768
-4.4129286 2.0534334 0.14467275 119.25
-4.4587154 2.1731741 0.12265798 129.5
-4.4571581 2.2761991 0.12586054 145.5
-4.444541 2.3591769 0.12904179 173.5625
-4.4644451 2.455112 0.11346734 170.39999
-4.4735799 2.5490499 0.12849842 187.60951
-4.4825549 2.6494799 0.12645304 181.36208
-4.4793043 2.7660565 0.10459928 177.35497
-4.4477792 2.8362334 0.13636674 144.28787
-4.4525175 2.9655664 0.13870975 139.57507
-4.4656696 3.0440142 0.14420189 134.30527
-4.4615598 3.1431243 0.15972312 140.34666
-4.4639459 3.2484195 0.14174627 153.44473
-4.4567232 3.3495045 0.14079154 150.8616
-4.4487991 3.4438159 0.13432093 157.06662
-4.4486699 3.5528352 0.1405935 152.12952
-4.4589558 3.6547291 0.15814425 148.18423
-4.4544139 3.7543731 0.15557022 158.38177
-4.4517994 3.8412569 0.15581563 160.01108
-4.4558506 3.9447498 0.15735455 167.50581
-4.4477835 4.0541639 0.16691753 163.88063
-4.445056 4.158525 0.17269796 169.66231
-4.4565401 4.2570477 0.16321136 164.9892
-4.4502969 4.345922 0.17111237 167.56129
-4.4575038 4.4604902 0.17383289 162.4931
-4.4668207 4.5474701 0.17685366 159.78328
-4.4526906 4.6501808 0.17926338 152.50136
-4.4392171 4.7412982 0.16335919 156.11336
-4.452538 4.8288918 0.1788619 149.5518
-4.4711571 4.9460397 0.1695796 156.14388
-4.4802675 5.0119185 0.17673928 161.89655
-4.4781809 5.1050453 0.18982966 150.91357
-4.4725046 5.2048249 0.17557454 155.55479
-4.4291077 5.3369908 0.18361764 161.58253
-4.435904 5.4963379 0.19282801 163.95653
-4.4591832 0.85723424 0.20162126 184.33333
-4.4580483 3.9536159 0.23899242 143.05556
-4.451448 4.2028685 0.21034659 166.68182
-4.4637542 4.3478293 0.22237006 141.27975
-4.4409742 4.4498215 0.23369174 140.97778
-4.4272556 4.5722251 0.21461849 144.07918
-4.4407802 4.6835818 0.21259066 145.23567
-4.4496846 4.7500801 0.21466866 155.59694
-4.4280968 4.8552055 0.21465237 168.64
-4.448555 4.9376616 0.21175946 163.41666
-4.4603415 5.0605497 0.20951988 155.78989
-4.4479365 5.1787686 0.21755111 157.66666
-4.4509997 5.2448754 0.24077459 152.625
-4.447403 5.3486915 0.23158486 161.14584
-4.4467578 5.5878801 0.21404944 169.8793
-4.4460354 5.6997886 0.23362595 179.21428
-4.414485 5.7626681 0.26015493 185
-4.4394054 5.8452654 0.24979571 188.00641
-4.4561701 4.4301677 0.32854697 129.04166
-4.3491626 1.0195628 -0.0094896704 171.23077
-4.3668489 1.2624799 -0.014643604 159.5285
-4.321136 1.3523952 -0.016071232 161.67378
-4.3852739 1.4608846 -0.0064297421 172.11111
-4.3854132 1.5706537 -0.012484969 164
-4.3872538 1.693144 -0.012752689 145.27777
-4.3568082 1.747172 -0.0067256074 159.15556
-4.3594275 1.8658962 -0.016934149 155.38815
-4.3659248 1.9518644 -0.02789804 159.56624
-4.3735266 2.6457269 -0.00089554104 158.06081
-4.3173027 0.28570578 0.065859467 189.5
-4.3542247 0.38390726 0.057835031 187.33333
-4.3476529 0.45060655 0.053459704 188.625
-4.3482184 0.55004495 0.045794465 157.68712
-4.3274136 0.6586377 0.036352687 171.62312
-4.3642917 0.75001836 0.059245814 156.09926
-4.36377 0.84303695 0.045435719 167.59737
-4.3296275 0.95737737 0.046608992 176.02173
-4.3675842 1.0468017 0.041014954 168.92993
-4.3479414 1.1341859 0.04077211 164.38896
-4.3379507 1.2422898 0.04161334 163.53427
-4.3539062 1.3464537 0.03293917 170.94904
-4.3520861 1.4330117 0.028189452 174.97412
-4.3516035 1.5460005 0.034258779 171.1111
-4.3654189 1.6545696 0.029316833 157.91359
-4.3586726 1.750739 0.04154085 162.13344
-4.3586302 1.8523623 0.050015017 157.5683
-4.3324909 1.9558805 0.055291526 153.63852
-4.3459692 2.0402467 0.046982378 157.74026
-4.3339529 2.1522298 0.050478891 149.08774
-4.3621154 2.2426169 0.041546676 158.98964
-4.3588586 2.3321025 0.048696578 162.93159
-4.3591838 2.4394698 0.045119584 166.29768
-4.3447514 2.5504649 0.070291892 149.8728
-4.3235354 2.6370761 0.046603009 143.89951
-4.3399315 2.7172887 0.056175526 144.68918
-4.3497133 2.8471146 0.064510681 159.8078
-4.3604593 2.9303317 0.051664431 155.87386
-4.365942 3.0398953 0.064357422 163.09578
-4.3439116 3.1472516 0.076191783 172.93306
-4.3491244 3.2493622 0.080194607 167.56726
-4.3306823 3.3446832 0.084736787 172.81346
-4.3211622 3.6516352 0.086613849 171
-4.3159885 3.7486737 0.08645156 158.75862
-4.3253999 3.9596837 0.09365721 152.35107
-4.3552718 0.6052658 0.12305266 184
-4.358273 0.75265789 0.10322872 191.39999
-4.3591824 2.1617043 0.11655488 115.5
-4.3604703 2.2349944 0.1104734 137.0139
-4.3318586 2.3437052 0.13996735 166.76666
-4.3496451 2.4451265 0.12922788 183.44444
-4.3644557 2.5515578 0.13735068 187.1111
-4.3583856 2.6548784 0.14058951 180.875
-4.3669095 2.740629 0.11289392 179.375
-4.326591 2.8371365 0.11168348 174.21236
-4.3461404 2.9760704 0.14236414 136.14075
-4.3489509 3.0370486 0.12312584 145.29326
-4.3701162 3.1453853 0.12946619 146.0625
-4.3710041 3.2167189 0.13263063 148.791
-4.3511353 3.3385684 0.13199705 149.77098
-4.3530602 3.4456124 0.14625515 148.67014
-4.3499355 3.5469239 0.13987133 152.0101
-4.3459663 3.639396 0.15801103 147.85767
-4.34834 3.7556686 0.16071479 152.66966
-4.338408 3.8374407 0.16038056 155.88164
-4.3591762 3.94592 0.16568609 163.18515
-4.341723 4.0545082 0.16630082 164.31477
-4.3404498 4.145185 0.16749981 163.00613
-4.3560333 4.2680173 0.16310188 160.65907
-4.3516159 4.3478808 0.15951128 160.14835
-4.3481908 4.4340463 0.17175616 160.50465
-4.3646832 4.5457945 0.17241913 161.61505
-4.351531 4.6630917 0.16812994 156.43808
-4.367692 4.7436981 0.18484403 145.89281
-4.3804383 4.8675475 0.18964817 159.54092
-4.3369427 4.9473863 0.17120516 162.20766
-4.385366 5.0537896 0.19011807 155.94188
-4.3970122 5.195231 0.16621193 162.18823
-4.3257217 2.8910224 0.29365459 137.06897
-4.369535 3.2387428 0.24531396 159.18182
-4.3619814 3.3352418 0.25326672 146.5625
-4.3708653 3.4230919 0.23368081 143.66666
-4.3276663 3.6168401 0.2507093 130
-4.3648229 3.9106381 0.20318797 182.60001
-4.3632326 4.0086708 0.20158972 182.375
-4.3231344 4.1090569 0.22082649 182.33333
-4.3527856 4.2451277 0.20900074 184.41666
-4.3141632 4.5599694 0.20461197 149.46428
-4.3179832 4.6530881 0.2149474 142.50592
-4.3387094 4.7532406 0.21203266 149.16016
-4.3463821 4.8447709 0.21959814 164.16667
-4.3424749 4.946136 0.21734591 157.64104
-4.335104 5.0782928 0.22036503 156.73666
-4.3495231 5.1759782 0.22550961 158.73914
-4.3490539 5.2407813 0.24687099 155.04166
-4.3519135 5.3579807 0.22755679 163.35008
-4.3615632 5.4860234 0.20406206 162.71428
-4.3562961 5.5822315 0.22029148 169.33333
-4.34793 5.6986957 0.24274677 179.4762
-4.3353829 5.740047 0.26254335 182.95
-4.351275 5.8329802 0.2599183 187.75
-4.3063416 2.8438809 0.3376261 163.25
-4.3113484 4.1591139 0.34250948 148.5
-4.3082662 4.3935146 0.34628519 148.39999
-4.2756619 1.055645 -0.0072512128 171.08333
-4.2909789 1.3850086 -0.023872484 162.01408
-4.2747016 1.6674678 -0.01063753 192
-4.2681794 1.8933024 -0.0076707755 151
-4.2610054 1.9110727 -0.010711926 153.47728
-4.2068701 2.1049137 -0.0088051595 170
-4.255847 0.25548777 0.057182219 170.16666
-4.2109227 0.34489956 0.055062819 176.1111
-4.2790718 0.44326016 0.071038865 163.95833
-4.2421637 0.56570691 0.037163191 173.625
-4.2548404 0.67671198 0.026315512 181.875
-4.2529016 0.76931489 0.044609465 177.74019
-4.2590556 0.84337223 0.026896954 164.3421
-4.2526588 0.94619733 0.037635826 174.22862
-4.273262 1.0593294 0.055586968 158.83655
-4.2472062 1.1492456 0.020186307 172.29211
-4.2676606 1.2479708 0.044944931 158.52911
-4.2694426 1.3525848 0.042095952 160.93365
-4.2331123 1.4459819 0.014629903 190
-4.2466664 1.5095489 0.069788903 151.66667
-4.2440138 1.6604856 0.054768205 132.66666
-4.256424 1.7456783 0.050118506 148.29366
-4.2482038 1.8572474 0.043915439 167.31853
-4.233531 1.9501952 0.05299627 157.64822
-4.2394266 2.0443983 0.054615211 155.62331
-4.2289929 2.1397033 0.039618235 160.95514
-4.2605157 2.2414479 0.051186096 146.97366
-4.2593064 2.3401985 0.034389801 172.68567
-4.2539678 2.4460056 0.059852313 156.38112
-4.2696314 2.5443437 0.06897448 145.59459
-4.2573862 2.6604524 0.070285328 139.75743
-4.2537951 2.7171173 0.049694318 141.2
-4.2417459 2.8686888 0.09499412 171.42857
-4.2470708 2.9430058 0.065227173 162.77835
-4.2660952 3.0461352 0.081733689 163.82112
-4.2393436 3.1371851 0.082192093 171.13232
-4.2393403 3.2295752 0.085054301 169.35001
-4.2179537 3.3345206 0.085996456 190.5
-4.2829795 3.5475101 0.099949956 166
-4.2110653 3.6317501 0.099217154 169.81818
-4.230907 3.740612 0.094094418 171.78125
-4.2190285 3.8367655 0.097132057 164.54546
-4.264811 0.87954074 0.10248357 171.875
-4.2435751 1.069193 0.13067278 132
-4.2837801 1.2466733 0.11429124 125.74603
-4.2658277 2.0347927 0.15277296 115
-4.2487674 2.1581681 0.14896989 129.625
-4.2445598 2.2501011 0.1612213 135.60417
-4.2340698 2.3557165 0.14298795 157.86667
-4.2443504 2.4508243 0.13852039 159.7538
-4.2685585 2.561816 0.14398541 169.05653
-4.2455707 2.6496403 0.13948359 169.79851
-4.2561469 2.7284844 0.13243563 169.03583
-4.2443919 2.8470929 0.14053045 148.70129
-4.251627 2.9688876 0.13865794 142.25
-4.2344708 3.0394645 0.13761185 140.01552
-4.2532663 3.1388748 0.14881125 142.64822
-4.2739429 3.2223594 0.15509421 134.96236
-4.254086 3.3425851 0.15381372 150.61806
-4.2518616 3.4632423 0.1415299 153.94109
-4.2568789 3.539521 0.14133762 155.8925
-4.2658577 3.6444366 0.14547682 161.51637
-4.2453928 3.7420976 0.15461585 163.67485
-4.2517905 3.8478825 0.15267207 158.65382
-4.2400641 3.9453804 0.1433807 167.43451
-4.2421594 4.0443873 0.17924443 168.56364
-4.2389927 4.1421442 0.178647 164.54257
-4.2568722 4.2350879 0.16401394 159.0321
-4.263814 4.3412809 0.16457456 160.0464
-4.2485023 4.4400363 0.17599471 157.83826
-4.2681251 4.550334 0.16174592 163.02257
-4.24966 4.6599727 0.18217997 150.90393
-4.2492323 4.7555075 0.17026933 164.6852
-4.2490964 4.8431416 0.18078108 162.35417
-4.2533255 4.9441352 0.19172044 158.07149
-4.2623434 2.6741519 0.25467101 155
-4.2400551 2.7253494 0.20470321 159
-4.2568498 2.9195251 0.22966689 153.41667
-4.2101912 3.0132909 0.23438294 131.5
-4.2487388 3.460814 0.2314804 116.25
-4.2612543 3.543421 0.229534 125.05555
-4.245398 3.7382188 0.22331221 154.82921
-4.2622261 3.8661757 0.21110204 179.875
-4.2424116 3.966032 0.24119988 164.63945
-4.2407465 4.0599275 0.2302296 167.325
-4.2493396 4.1625485 0.24487777 141.6731
-4.2230663 4.2485356 0.20966695 151.14363
-4.2474408 4.3633809 0.20613657 147.9136
-4.2727494 4.4337873 0.23269659 162.27777
-4.2548218 4.5568833 0.21049713 142.91667
-4.239244 4.6402612 0.2194681 152.20454
-4.2340631 4.7551379 0.21936242 157.2477
-4.2708416 4.8594098 0.21559881 160.20743
-4.2448053 4.9596949 0.22551292 153.0125
-4.2473021 5.0534906 0.22503144 159.18588
-4.2521424 5.1656523 0.22682159 168.60884
-4.2455401 5.2543101 0.2393862 175.21666
-4.252274 5.3616562 0.23446992 175.04167
-4.255825 5.4827447 0.23646596 176.2164
-4.2647557 5.5733452 0.23699605 172.53334
-4.2558179 5.6817632 0.24789509 179.78947
-4.2429261 5.7279859 0.26737568 183.85001
-4.2605228 5.8427639 0.26677382 189.30556
-4.2647119 3.969012 0.35732424 144.18518
-4.2058463 4.0453362 0.31563684 132.10606
-4.2606964 4.1437874 0.33398241 133.49622
-4.25035 4.2550821 0.34726128 138.23485
-4.2342606 4.3350883 0.30597958 135
-4.2812982 4.7467227 0.35836849 135.75
-4.1843748 0.89604384 -0.017772717 165.06354
-4.1838479 0.94965369 -0.015354165 165.15652
-4.1263323 1.170491 -0.0046921913 171.83333
-4.1516032 1.4229655 -0.0016384625 189
-4.1889081 1.5468935 -0.0063815857 192.60001
-4.1027436 1.9286398 -0.0067187324 167.28572
-4.154294 2.0447955 -0.0068360511 169.20175
-4.1394086 0.25692415 0.07029862 162.83333
-4.1608744 0.36257362 0.040237721 133
-4.1863313 0.43997365 0.040398158 152.08333
-4.1764269 0.52532023 0.034785636 187
-4.1561499 0.65818375 0.052884579 181.21335
-4.1552849 0.75316638 0.050594855 181.7619
-4.1442389 0.84162968 0.055976115 174.09375
-4.1586428 0.93914652 0.057169009 170.37738
-4.1837516 1.0460868 0.017793873 178.24472
-4.1243439 1.139724 0.019904349 175.42168
-4.1773214 1.2503002 0.017399693 171.22688
-4.1811843 1.3530145 0.037292015 162.07843
-4.1855946 1.5032862 0.072559431 144
-4.1620483 1.6627618 0.04445323 141.33334
-4.1660261 1.7567781 0.066098981 145.22334
-4.1652708 1.8421983 0.06682732 138.75
-4.1735172 1.9339701 0.061566815 151.4041
-4.1115766 2.0403109 0.0091093034 171.57692
-4.1371403 2.1466937 0.046045199 161.07954
-4.1730614 2.2575176 0.046783216 163.44055
-4.1805072 2.3250716 0.038741607 168.28125
-4.140543 2.4523718 0.044288926 173.47237
-4.1647301 2.5459948 0.050612766 157.80952
-4.1845369 2.986712 0.062895276 175.33333
-4.1358223 3.0662644 0.062975086 179.47223
-4.103848 3.1554382 0.080346324 185.3
-4.1176586 3.2440164 0.082042105 189.14285
-4.1379657 3.3365114 0.075176291 190
-4.1422987 3.6784861 0.091236196 172.39999
-4.1219158 3.7350368 0.084959097 174.875
-4.1015964 3.8391514 0.088725388 176.71428
-4.1037216 3.961483 0.092445128 175.26263
-4.1077251 1.0488008 0.18867613 152
-4.1103306 1.8690405 0.10547138 136.13333
-4.1134391 2.0378783 0.13335721 119.83333
-4.1455817 2.1392996 0.13964576 132.02777
-4.1737537 2.227087 0.13071834 144.5
-4.1413751 2.3464863 0.12558165 146.47569
-4.1361995 2.4487791 0.11540169 147.12318
-4.1573844 2.5295277 0.13830876 163.43182
-4.1320629 2.6389551 0.13642126 167.2619
-4.1410203 2.7687705 0.14243668 173.97917
-4.1793251 2.8552892 0.13977586 148.2356
-4.1698494 2.9150491 0.11509996 170.47223
-4.1301398 3.0618448 0.12677149 145.493
-4.162437 3.1348293 0.13028643 137.83463
-4.1707554 3.256417 0.1389866 152.06389
-4.1466136 3.3482239 0.15688156 159.59921
-4.132699 3.4591575 0.14647961 155.88435
-4.1416488 3.5506413 0.15000547 163.98555
-4.1542382 3.644588 0.14281389 165.91554
-4.1619434 3.75001 0.15462822 164.95082
-4.1642509 3.8472557 0.15873364 163.29012
-4.1639771 3.9668016 0.1686752 172.39496
-4.1496067 4.0749927 0.15426132 157.19014
-4.1363859 4.1571608 0.15087873 151.35512
-4.1607203 4.2362456 0.16333327 159.47029
-4.1561122 4.3447928 0.17527895 173.41833
-4.181406 4.4688706 0.18136697 153.63206
-4.1762657 4.5616922 0.18840536 157.92592
-4.1480746 4.6751847 0.18066278 156.02917
-4.1242161 4.7407494 0.17162111 161.94897
-4.1869278 4.9449282 0.18413857 168.88889
-4.113132 1.865707 0.21892247 124.91666
-4.1866503 2.2973468 0.21635243 141
-4.1777949 2.969692 0.23380819 145
-4.1061902 3.5326948 0.21326619 162.41667
-4.1406493 3.6373169 0.21648188 159.71429
-4.1594734 3.7360113 0.25126323 166.25555
-4.1738524 3.8507028 0.21691139 173.5
-4.1320257 3.9497576 0.24731523 161.04861
-4.1621389 4.0715337 0.23679394 168.1515
-4.1380749 4.1596622 0.22584486 165.14444
-4.1505232 4.2397122 0.23813513 166.51111
-4.1633034 4.3328362 0.21629234 175.2
-4.1665349 4.4539199 0.21318808 160.07167
-4.1463513 4.5468807 0.2044811 147.60794
-4.1405773 4.6618538 0.21196944 153.47833
-4.1246247 4.7631831 0.21589297 163.25455
-4.1353145 4.8755584 0.2201412 165.71077
-4.1655502 4.9523129 0.21613267 163.59946
-4.1745868 5.0704694 0.22868294 167.92836
-4.1556282 5.1503987 0.23988537 167.72198
-4.1610303 5.2733927 0.24950701 175.7
-4.165226 5.3746266 0.24580091 173.13289
-4.1536636 5.4606657 0.25674257 181.58333
-4.1544285 5.5511827 0.25700155 177.44104
-4.160459 5.6624227 0.26360139 181.86868
-4.1481605 5.7724719 0.27211043 187.45
-4.1255178 5.8626294 0.26742721 192
-4.1892495 2.7713776 0.35008442 143
-4.1871262 3.8973906 0.32368585 139
-4.1497025 3.9615083 0.31747311 143.34659
-4.1039872 3.8600826 0.40594763 204
-4.0872498 0.92494297 -0.024459535 164.51523
-4.0297976 1.042124 -0.013492445 163.74603
-4.0916944 1.2427657 -0.0053748731 171.2
-4.070045 1.3318151 -0.0045029563 169
-4.0671911 1.9424188 -0.008705426 169.35001
-4.0123181 0.35813665 0.039051238 128
-4.0507069 0.45847559 0.036978282 138
-4.0598602 0.56680447 0.060428482 171.1111
-4.008812 0.67584223 0.060311571 168.66666
-4.0761013 0.75433809 0.060315274 179.72501
-4.0311527 0.84413058 0.063415505 194.66667
-4.0132513 0.97977918 0.05448366 158
-4.0680342 1.0397666 0.022080241 167.94722
-4.0356445 1.1376843 0.026103167 171.61249
-4.0489478 1.2500116 0.01677862 171.06
-4.0379672 1.3238567 0.014130004 171.80556
-4.0745325 1.6336346 0.013368815 175
-4.0406785 1.7543975 0.072363652 169.7625
-4.0494237 1.830461 0.068217173 116.72223
-4.0577111 1.9399135 0.056454629 158.4091
-4.0307455 2.0332508 0.03894845 160.48077
-4.0308375 2.1487522 0.041724786 171.08333
-4.0691051 2.2439384 0.062553555 173.77017
-4.0585098 2.3462944 0.057484947 165.44048
-4.0551519 2.4740262 0.09609928 156.06079
-4.0944371 2.524739 0.060620405 169
-4.0278187 3.1263576 0.078177512 187.125
-4.0573473 3.3192339 0.069428168 189
-4.0035276 3.65289 0.099096902 169.33333
-4.0165195 1.6827209 0.10768706 189
-4.0580835 1.8494819 0.10191621 149.16666
-4.0527601 2.0727904 0.11056265 107
-4.083405 2.1436779 0.13537917 125.5
-4.0592532 2.2474058 0.15126538 138.66667
-4.0416284 2.3151591 0.1246196 132.75
-4.0461946 2.4187529 0.13418286 142.33333
-4.0552053 2.5444515 0.12508196 163.01282
-4.0147924 2.6330647 0.14902154 171.83333
-4.0599136 2.7337689 0.15022786 179.01715
-4.0456848 2.8468757 0.15068932 168.6611
-4.0791621 2.9702649 0.12735328 169.13194
-4.0465713 3.0370317 0.12561509 151.11806
-4.0398011 3.1455951 0.14063549 133.32857
-4.0503411 3.2402813 0.14707248 159.0023
-4.0569448 3.3544829 0.14826754 154.13184
-4.0301375 3.4683998 0.15390775 150.80023
-4.0521035 3.5572331 0.14048837 161.78188
-4.0665035 3.6485434 0.15556064 169.88077
-4.0596476 3.7494531 0.13461347 166.86868
-4.0393119 3.8536711 0.14356227 172.35353
-4.0507064 3.9471114 0.13231987 175.36308
-4.0534353 4.0585847 0.17677417 175.47876
-4.0482702 4.1402812 0.16083416 161.71663
-4.066618 4.2270465 0.16371956 151.28752
-4.0719166 4.3488207 0.18614687 166.35875
-4.0548043 4.4405155 0.1660758 179.62083
-4.0324712 4.5109601 0.19340263 162.47501
-4.0231624 4.6799846 0.1795775 165.04375
-4.0274959 4.7594628 0.17421409 163.66251
-4.0408106 4.8437657 0.18298705 169.02892
-4.090199 4.9149261 0.19490689 170.5
-4.0780058 1.9639792 0.20822571 152
-4.0076332 3.089561 0.21563306 191.73334
-4.0275521 3.1440375 0.25645414 194.17857
-4.0017934 3.2003603 0.2242222 194.91667
-4.0156875 3.3073347 0.21922156 146
-4.0701208 3.4278407 0.21774691 128.33333
-4.0256586 3.5789473 0.22451125 184.8
-4.0597134 3.6551547 0.22191569 149.16667
-4.0426793 3.7480922 0.23156682 134.55556
-4.0604801 3.863256 0.23731415 157.48334
-4.051578 3.9508376 0.2290497 175.08333
-4.0570202 4.0652232 0.233068 177.05449
-4.0555463 4.1347647 0.22105597 183.33334
-4.0586905 4.2428684 0.22799696 175.75
-4.0526128 4.3311477 0.22391522 174.74577
-4.0766282 4.4526515 0.23485647 180.41286
-4.001061 4.5118985 0.20632319 168.16667
-4.0524502 4.6493754 0.21392359 157.96667
-4.0474963 4.7782741 0.22001448 164.33334
-4.044631 4.8532581 0.22228371 164.68199
-4.0515666 4.9733024 0.22664593 168.76523
-4.064363 5.0595913 0.23841985 172.32336
-4.0594563 5.1509647 0.24861206 174.91534
-4.053441 5.2445769 0.24916768 178.80556
-4.0709839 5.372139 0.26151261 176.25557
-4.0703135 5.4528456 0.2490669 175.7381
-4.0674815 5.5799618 0.26409072 181.15872
-4.0539441 5.6852813 0.27976316 186.3
-4.0525451 5.7675157 0.28224704 189.25
-4.0462694 5.843575 0.26923716 188.5
-4.0423832 3.7162957 0.30524549 172
-4.072422 3.8447473 0.33222321 167.66667
-3.951411 0.84061933 -0.016871898 163.36511
-3.9818566 0.93961835 -0.028290089 163.69118
-3.9684262 1.0302343 -0.010217273 163.70589
-3.9759049 1.2845494 -0.0026044233 167.84637
-3.9315674 0.4750686 0.062105589 145.08334
-3.9684582 0.54278851 0.051944368 152.83333
-3.9205389 0.62926972 0.069288135 167.25
-3.9543278 0.77118522 0.056280389 193.04445
-3.9112427 0.87300986 0.058086876 175.875
-3.958297 0.94063258 0.062203385 180.40741
-3.9402132 1.0436637 0.044651903 151.05844
-3.9546249 1.122378 0.02712352 164.42209
-3.9136791 1.2322519 0.021861264 173.77499
-3.925452 1.3773912 0.024982778 167.61314
-3.9802842 1.4050828 0.030764354 168.52174
-3.9346223 1.5577469 0.034400035 183.71465
-3.918293 1.6930599 0.0069690663 192
-3.939852 1.7663784 0.049476821 171.27777
-3.9685805 1.8678396 0.0471889 171.5
-3.9591153 1.9431812 0.048450854 151.4697
-3.9452875 2.0413845 0.073403262 149.8889
-3.9542186 2.2553904 0.054848585 157.49443
-3.9723363 2.3930771 0.025728751 183
-3.9409077 3.2339046 0.078949027 186.09999
-3.9604928 3.7133162 0.096223362 172.57143
-3.9899347 3.9519866 0.096664786 174
-3.9485595 1.6510289 0.10628698 186.125
-3.9529016 1.7575719 0.10375864 189.22223
-3.9777474 1.8692564 0.10298079 191
-3.9655566 1.9499084 0.16279024 150.16667
-3.958739 2.0627096 0.16949438 113
-3.9546154 2.171535 0.13867375 123.51666
-3.9732459 2.26372 0.127202 135.19191
-3.9748144 2.346417 0.12699398 139.57143
-3.9357395 2.4686201 0.1456078 166.46875
-3.9330959 2.5383472 0.14939438 172.98413
-3.9607303 2.6340098 0.14181508 177.61403
-3.9403939 2.7353723 0.14909971 175.2
-3.9240355 2.856684 0.14584139 153.69313
-3.9643531 2.9385822 0.14106928 146.16667
-3.9708765 3.0397379 0.13075063 128.875
-3.9502156 3.1521292 0.14752163 149.74872
-3.9567583 3.236671 0.14350393 148.44286
-3.9441857 3.3637087 0.13577406 153.88142
-3.9623418 3.4525368 0.15051405 158.96667
-3.9404151 3.5487251 0.14564039 158.31088
-3.9393239 3.6523547 0.13787618 169.19838
-3.9506571 3.7496722 0.16183816 175.91751
-3.940609 3.8518736 0.17043529 184.1031
-3.9467883 3.9602404 0.15551932 182.66112
-3.9508233 4.0503592 0.16843317 176.82292
-3.9370723 4.1447806 0.15877807 167.47742
-3.9751532 4.2490931 0.16421868 167.22437
-3.9586554 4.3782177 0.17661496 168.89999
-3.9806902 4.4775639 0.17935644 180.07574
-3.9366243 4.5861402 0.19842073 168.375
-3.9202693 4.6687579 0.18084368 171.35883
-3.9461787 4.7337413 0.18377811 166.73215
-3.9348757 4.852469 0.19122943 178.28094
-3.9795249 4.9232802 0.19513632 178.11765
-3.9943721 5.0016332 0.19585738 180.57143
-3.9154198 2.7518198 0.2443265 176.89999
-3.9515502 2.8460875 0.2555775 187.37848
-3.9791634 2.9867036 0.25188118 191.875
-3.9371793 3.0791428 0.24423325 148.5
-3.9432251 3.1663628 0.23191461 146.65228
-3.9829581 3.2537653 0.22305207 170.5
-3.9536061 3.3664815 0.24075457 173.2619
-3.9257655 3.4588692 0.23316523 146.9881
-3.9515688 3.5494568 0.25655112 153.33905
-3.9498072 3.6304984 0.23804595 148.18518
-3.9266407 3.7587361 0.25039133 168.55556
-3.947005 3.8480148 0.25067955 180.92375
-3.9320879 3.9602728 0.24942224 187.33273
-3.9683995 4.0758576 0.24502489 185.28464
-3.9516907 4.1524591 0.24264011 182.19194
-3.9362648 4.2260776 0.24494402 182.89999
-3.9488554 4.3228493 0.24357264 181.66325
-3.9744914 4.4439349 0.24359886 183.12379
-3.965538 4.5611572 0.25797141 189.2
-3.9446356 4.7904792 0.24579263 177.60001
-3.9630618 4.8600492 0.24220216 172.31676
-3.9344878 4.9428539 0.24401508 178.38461
-3.9527495 5.0386796 0.25371009 180.40277
-3.9667428 5.1583624 0.25300142 183.54707
-3.969758 5.2619443 0.26388052 175.41666
-3.989717 5.3362617 0.26589254 174.10001
-3.9753807 5.438745 0.265441 181.35666
-3.9556015 5.5742445 0.28090173 186.25
-3.9602494 5.6609101 0.28528988 188.57143
-3.9408717 5.7626386 0.2786057 191
-3.92804 3.8591728 0.310615 190
-3.9027781 4.6095304 0.34871441 172.71428
-3.9005928 4.7020273 0.3477976 172.79411
-3.9622321 4.8846502 0.33892745 195.66667
-3.9336929 4.9381108 0.35734698 181.5
-3.9375532 5.0536942 0.34728277 185.90384
-3.8854876 0.92010921 -0.0050325487 163.44318
-3.872684 1.251454 -0.0015732981 167.13139
-3.8455744 0.37139452 0.059859727 128
-3.8283772 0.58337104 0.050498676 174.5
-3.8719158 0.68502373 0.038148839 197.75
-3.8535843 0.74750769 0.035285905 170.93709
-3.8367946 0.82153994 0.03543723 168.73856
-3.8286593 0.95185721 0.035506997 170.21227
-3.8566639 1.0440238 0.053583618 171.40797
-3.8301868 1.1597267 0.020004006 166.71111
-3.8394547 1.2426454 0.038760029 171.13335
-3.8435545 1.3292308 0.028647674 173.62326
-3.8780432 1.4789031 0.022220874 184.84573
-3.8314862 1.5496132 0.065997347 172.15294
-3.8422933 1.6643748 0.050876714 185.59018
-3.847728 1.7539828 0.048473112 181.47917
-3.856647 1.8452207 0.041619737 178.94444
-3.8261876 1.9506894 0.052822221 175.25333
-3.8070729 2.040452 0.051058512 179.5
-3.8595116 2.1516707 0.052342128 156.93333
-3.8491087 2.2969487 0.0260741 185.66666
-3.8982685 2.3516912 0.023150207 186
-3.8421671 3.7987528 0.095116995 171.66667
-3.8411334 3.8969071 0.089270815 183
-3.8661487 3.9614277 0.086419471 168.66667
-3.831996 1.0145262 0.14019457 128.05263
-3.8643551 1.7560251 0.1017211 187.42857
-3.8614647 1.8488468 0.10248785 189.28572
-3.8432145 1.9686203 0.11625329 154.32143
-3.8791876 2.0699425 0.11598022 136.66666
-3.8615217 2.1528158 0.12604432 131.16667
-3.8788607 2.2462175 0.13076802 137.48611
-3.8760283 2.3502984 0.12980628 153.55
-3.8556464 2.4340081 0.15221104 155.74243
-3.8438818 2.5381567 0.14802194 158.88095
-3.8383725 2.6464217 0.15061641 167.85185
-3.8358777 2.726589 0.15180622 169.06667
-3.8544753 2.8255668 0.16128477 142.125
-3.8352928 2.9570372 0.13944665 151.13333
-3.8511167 3.0672045 0.13595131 140
-3.8674924 3.1600509 0.14796537 162.10715
-3.8538034 3.2548099 0.1601913 173.57999
-3.8239434 3.3225825 0.13714024 173.05556
-3.8502104 3.4446566 0.15244614 174.57254
-3.8502169 3.5702775 0.15011267 185.81696
-3.8602686 3.6621687 0.16194761 184.22223
-3.8911068 3.7186284 0.13740125 176.35416
-3.8945377 3.872566 0.16741422 188.75
-3.8710194 3.9555264 0.18250082 170.76923
-3.8978035 4.0504174 0.18275142 179.88235
-3.8826344 4.1466222 0.18694912 173.6087
-3.8470168 4.2450681 0.18671747 183.14545
-3.8710685 4.3818107 0.19760577 183.35715
-3.8621042 4.4900432 0.19546106 187.66667
-3.8539488 4.6169891 0.18951018 191.25
-3.8597193 3.2574968 0.23978233 143.4111
-3.8285878 3.3308294 0.26688144 193.05606
-3.8366072 3.4477599 0.23219781 185.60416
-3.8716958 3.5689363 0.2428785 183.63017
-3.8698313 3.6552398 0.23153046 174.49391
-3.8862319 3.7339118 0.23622735 189.15454
-3.8489513 3.8408158 0.23641346 180.54546
-3.8824091 3.9662127 0.25145876 184.03947
-3.8651447 4.0516787 0.24839643 182.05261
-3.8509166 4.1450596 0.26470786 182.70441
-3.85004 4.2633162 0.26531714 187.27393
-3.8710816 4.3762741 0.26866013 187.74504
-3.8659952 4.4767728 0.27237332 188.82503
-3.8864579 4.579443 0.26186386 193.23077
-3.8712418 4.6418986 0.25659004 183.75174
-3.8784008 4.7576237 0.25673011 179.89597
-3.8620017 4.8704371 0.26775107 183.2598
-3.8986332 4.9644628 0.25595757 180.10001
-3.8886445 5.0770135 0.26795578 180.04546
-3.8607829 5.1558971 0.27900657 186.375
-3.8395422 5.2127085 0.27370006 188
-3.8112676 5.4197907 0.29866263 194.66667
-3.8548553 5.6813974 0.27925435 186
-3.86044 5.7456346 0.28685835 189.83333
-3.898952 3.6951969 0.33655167 207
-3.8471088 3.8762848 0.39450926 196.35715
-3.8569131 3.949106 0.32358068 188.77727
-3.8241978 4.0496459 0.30424437 193.99286
-3.8300223 4.1286693 0.3326897 191.08929
-3.8117225 4.2637486 0.31513599 196.21428
-3.8243518 4.3407249 0.34962589 194.5724
-3.8315117 4.41397 0.35769141 194.90631
-3.8317723 4.5505075 0.34074831 200.2
-3.8197737 4.6171985 0.38767576 201
-3.8501945 4.7730055 0.36225447 181.24908
-3.893353 4.8814855 0.34912863 178.24324
-3.8387699 4.9549823 0.30945137 188.14285
-3.8562348 5.0579224 0.35195288 191.15808
-3.8461022 5.1905293 0.35553131 197.8
-3.8667595 5.230196 0.3315258 194.47261
-3.8948767 5.3415213 0.31015214 193.375
-3.837064 5.4321737 0.31593165 192.49623
-3.8599277 5.5671344 0.32347128 194
-3.8450699 5.6731734 0.3229171 196.89999
-3.8030429 3.7215292 0.41503617 197
-3.8478067 3.9731553 0.40122074 194
-3.8007841 4.0688157 0.41138032 194.98334
-3.8235946 4.1663136 0.4165073 195.05
-3.8308892 4.2621703 0.42290363 194.88335
-3.8268402 4.3996859 0.42402664 195.57143
-3.8502376 4.4839592 0.42298427 197.71428
-3.8534517 4.5805979 0.43723682 199.8
-3.8191857 4.6922364 0.41956076 188
-3.8118901 4.8537092 0.40171003 187.3125
-3.8230977 4.9521985 0.40935662 187.46153
-3.8622384 5.0642095 0.42444196 192.42857
-3.8846631 5.15272 0.41854823 193.1131
-3.8794813 5.3445406 0.40705645 194.53125
-3.8606119 5.4486976 0.42011082 193.61539
-3.8425674 5.5413013 0.42335722 195.21428
-3.8683207 5.6229935 0.42785725 197.35715
-3.8575718 5.7302384 0.46604785 199.33333
-3.7460594 0.69030225 -0.0020038451 173.34782
-3.7029154 0.78590196 -0.0021580281 172.78572
-3.7513156 1.0610361 -0.004617298 171.75
-3.7516689 0.16029885 0.070374154 157
-3.7014942 0.22708461 0.07035201 163
-3.7361102 0.55625659 0.049223367 166.875
-3.7571011 0.67483604 0.043338262 173.32222
-3.7471068 0.75624073 0.052385475 166.88461
-3.747057 0.87680304 0.038933709 165.77884
-3.7363312 0.98372209 0.031686813 169.71638
-3.7217073 1.0821381 0.03368574 176.32076
-3.7367213 1.1524763 0.034966972 168.45604
-3.7531509 1.2616516 0.02536682 172.21802
-3.7658677 1.3587732 0.031082112 176.72803
-3.777132 1.4521747 0.028923158 179.22273
-3.7436788 1.5406605 0.040469024 179.1563
-3.7217903 1.6531544 0.040861152 186.24815
-3.7591147 1.7463424 0.059496198 187.24234
-3.7658396 1.8655518 0.067910843 171.03125
-3.7564371 1.9502325 0.018393438 156.80556
-3.7735295 2.0616946 0.055645265 150.16666
-3.7825847 2.2169142 0.025529837 182.5
-3.7784324 3.2471275 0.087055862 197
-3.7444959 0.99409461 0.1856772 125
-3.7447939 1.3393669 0.1590233 134.68571
-3.7462027 1.9663981 0.10203554 184.28572
-3.7405875 2.0410435 0.13487527 124.76806
-3.7684834 2.1440535 0.12538448 137.2
-3.7496121 2.2655342 0.1614482 128
-3.762578 2.3607395 0.15996312 132.8611
-3.7652016 2.4414172 0.15062128 137.09999
-3.7272069 2.552356 0.14167015 147.39999
-3.7197077 2.7311308 0.14409986 146.375
-3.7943809 3.1767738 0.16449589 108.85714
-3.7686267 3.2319968 0.13824606 192.8889
-3.7900085 3.4584346 0.17288215 196.55556
-3.7410541 0.68287975 0.21019471 135
-3.7938948 3.1908095 0.23564005 151
-3.7685723 3.4192421 0.23752254 171.625
-3.7680817 3.5042272 0.24364334 185
-3.7848072 3.6182246 0.26479635 193.25
-3.7708755 3.7623696 0.27224496 193.40211
-3.79193 3.8132815 0.24454355 156
-3.7728972 3.9354513 0.24388397 181.16666
-3.7846739 4.0044122 0.26509178 192.69444
-3.7853281 4.1574244 0.2697475 192.33334
-3.788825 4.2367311 0.29041439 195.28572
-3.7827423 4.3536267 0.25719535 193.83334
-3.7761896 4.4500241 0.253048 193.5
-3.7934694 4.5611234 0.26187494 196.25
-3.7947791 5.1363797 0.26345813 201
-3.7927432 5.6127563 0.28393254 195
-3.7806132 3.736393 0.35194626 196.66666
-3.794929 4.2107716 0.37131804 194
-3.6863337 0.89215767 -0.0016165288 172.53847
-3.6268065 0.10815135 0.069804221 159.66667
-3.6528177 0.2907019 0.066613756 168.8
-3.6149983 0.485688 0.013939274 201
-3.6268005 0.592179 0.030996002 181.86111
-3.6524734 0.65178889 0.032466635 173.74724
-3.6482716 0.76807505 0.039536394 152.20833
-3.6378937 0.87620485 0.030896138 179.33142
-3.6559486 0.96488082 0.032948002 166.10579
-3.6357977 1.0547044 0.034147248 166.0724
-3.6359894 1.1765683 0.034374438 166.92886
-3.6461189 1.2618678 0.03233365 171.46439
-3.6452482 1.3704764 0.032516181 176.46393
-3.6551578 1.4519659 0.039570075 177.3242
-3.6529083 1.5817404 0.038300626 178.70723
-3.646455 1.6503761 0.063088849 173.46533
-3.6465709 1.7715701 0.043846119 184.875
-3.6565771 1.8676805 0.048795849 159.53366
-3.6634281 1.9527961 0.057998061 162.89049
-3.6893029 2.0459087 0.050786655 173
-3.6519854 0.61450571 0.16974205 155
-3.6653631 1.3762677 0.17094187 179
-3.657532 1.9597826 0.14927946 116
-3.6601105 2.047575 0.14625576 141.13333
-3.671808 2.1327236 0.12222243 134.72501
-3.6710892 2.238595 0.16163056 116.33334
-3.6754177 2.3244512 0.14784718 122.8
-3.6569338 2.4148598 0.14078291 132.5
-3.643255 2.5070589 0.1421434 134.8
-3.6114233 2.6082089 0.14318535 134.25
-3.6447198 2.7540712 0.14513689 135.5
-3.6545453 3.1656694 0.13684542 178.75
-3.6401863 1.0771313 0.20755374 141
-3.6328492 1.3213173 0.22382164 145.80556
-3.6817691 2.7728789 0.22933328 90.714287
-3.6433127 3.3568881 0.23715433 190.43333
-3.6507661 3.4929073 0.22719927 181
-3.501138 0.41558433 -0.0019056014 202
-3.5483127 0.24559131 0.067041203 168.08334
-3.5781658 0.3887327 0.06235721 171
-3.5063133 0.48087651 0.032824174 190.21429
-3.5372903 0.56440562 0.031632628 182.41428
-3.5307555 0.60830218 0.043715462 166.85715
-3.562731 0.74666399 0.039421983 169.85835
-3.5545061 0.86123186 0.032292373 164.63637
-3.5506876 0.96812367 0.024344951 172.32817
-3.5427742 1.0437793 0.035470136 161.07234
-3.5482569 1.1566955 0.037650798 170.58
-3.5464745 1.2537829 0.029789399 170.74023
-3.5674226 1.3432078 0.024257874 176.24095
-3.5387352 1.4584439 0.053423461 179.3109
-3.5500119 1.5476239 0.044956215 177.13406
-3.5711656 1.6717234 0.03366768 189.35333
-3.5389936 1.7529483 0.052557133 179.11113
-3.5464146 1.8441958 0.051528089 185.42856
-3.5797133 1.9667926 0.037606567 179.60001
-3.5619476 2.0530148 0.066068657 160.5
-3.5890877 1.3877107 0.12453684 184.5
-3.5540073 1.87941 0.14122732 90.5
-3.5400884 2.0246232 0.14253968 123.75
-3.5715544 2.1773486 0.12097616 133.425
-3.5655782 2.292959 0.13539867 133.33333
-3.5634055 2.4015181 0.14150225 129
-3.5630736 2.5044932 0.14790571 124
-3.5539296 3.1073411 0.12939046 171.66667
-3.5446324 3.3482289 0.24922204 171.0238
-3.5531442 3.4805415 0.22420803 203.75
-3.4263856 1.211282 -0.0050356416 173.85001
-3.402056 1.8055956 -0.00059391465 184
-3.439065 1.909925 -0.0032135847 169
-3.4760733 2.0123386 -0.0025648242 160.33333
-3.4986999 0.077444702 0.06946189 158
-3.4525411 0.18894759 0.066548303 168
-3.4602041 0.34859607 0.062430196 172.66666
-3.4227002 0.45342317 0.055489726 168.2
-3.429821 0.54055262 0.041006301 178.39745
-3.4235148 0.61362433 0.025497751 183.125
-3.4104195 0.74897516 0.035555031 184.74675
-3.4409294 0.86170381 0.034087282 175.84763
-3.447073 0.97143704 0.03884666 171.73993
-3.4463379 1.0595222 0.045770049 186.62737
-3.4487488 1.1545299 0.039111666 171.24321
-3.4393053 1.2675608 0.029656671 177.86237
-3.468817 1.3784822 0.03545142 179.95528
-3.479856 1.461803 0.018277796 164.55833
-3.4386456 1.545639 0.042303633 184.17935
-3.4746089 1.6687056 0.044199113 179.23979
-3.4184027 1.7365977 0.055061769 173.55556
-3.4529126 1.8309032 0.061170697 188.84886
-3.4864104 1.9508445 0.062048879 177.90477
-3.4343061 2.0481982 0.064511701 156.66667
-3.4996057 1.138232 0.15912922 152
-3.49086 1.3135066 0.18150616 197
-3.4329207 1.4740535 0.11167354 123.95652
-3.4906046 1.8284998 0.1508176 86
-3.4943793 1.9914646 0.16862677 99
-3.4590809 2.1560719 0.12030713 127.79167
-3.4683073 2.2673135 0.13111541 132.5
-3.4570768 2.3477967 0.12409955 135.375
-3.4905779 1.3713248 0.20742305 164
-3.4301746 4.8362603 0.24757405 205
-3.3871183 0.46345302 -0.0041383407 200.875
-3.3102345 1.2813611 -0.0059140041 173.6579
-3.3021469 1.8720863 -0.0002509499 179
-3.3292918 1.9983243 -0.0027857441 194
-3.363158 0.085748464 0.066345662 159
-3.34305 0.16294476 0.067293525 164.25
-3.3475878 0.2673842 0.060947504 173.33333
-3.3698368 0.38845637 0.060941134 184
-3.3307655 0.48115283 0.055704124 185.125
-3.3331168 0.53146899 0.034313332 176.72917
-3.3413937 0.63127029 0.023757784 180.94698
-3.3216653 0.72194946 0.034253675 166.60001
-3.335067 0.84865934 0.034401529 175.25
-3.3838627 0.91850436 0.04880733 175
-3.331512 1.0315933 0.033201661 180.97438
-3.3519449 1.1554151 0.047838509 179.17299
-3.3254318 1.2258613 0.073401518 181.42778
-3.3495748 1.3514104 0.055191655 184.37738
-3.35882 1.4572392 0.039919842 169.03967
-3.362756 1.5770065 0.016842814 192.22223
-3.3454182 1.6546674 0.033470601 181.48003
-3.3573437 1.762418 0.050812546 186.22223
-3.3697374 1.8642324 0.057909444 190.76666
-3.3561301 1.9421235 0.066287614 173.14015
-3.3585601 2.0844421 0.097049356 140.60001
-3.3053191 1.1737759 0.18267022 171.25
-3.3813717 1.4999212 0.14151935 130.25
-3.3323362 2.1785245 0.10257001 136.25
-3.3575685 4.7114038 0.18671209 207
-3.3367598 4.8163137 0.18183067 207.5
-3.3067048 4.659102 0.22177494 204.25
-3.3573377 4.7226257 0.22526819 197
-3.3756578 4.828845 0.22348037 190.85715
-3.2413175 0.38940534 -0.02215099 194
-3.2832503 0.51133627 -0.010488627 199.5
-3.20714 0.6490581 -0.006211191 196.76666
-3.2263327 1.0861861 -0.007466197 166.21428
-3.2870288 1.8044207 -0.0014893799 181
-3.2314999 0.14343931 0.060951985 172.60001
-3.2419684 0.26542264 0.055430379 179
-3.2462487 0.37211421 0.057802659 187.92308
-3.250284 0.47433963 0.042487726 175.84126
-3.2265801 0.56261569 0.031775616 169.29825
-3.2557533 0.65020388 0.041897975 180.4028
-3.2716343 0.74902076 0.027571894 186.29643
-3.2153807 0.82664227 0.034914609 184.26465
-3.2349226 0.94694513 0.039635368 187.53943
-3.2394955 1.0484312 0.034064889 179.25
-3.2609429 1.1348807 0.012074389 168.28543
-3.2103546 1.253595 0.0006487933 171.80556
-3.2678165 1.3686962 0.038840093 177.2639
-3.2383342 1.4426957 0.035537753 166.64706
-3.2591825 1.5571253 0.044298198 175.46666
-3.2694128 1.6682317 0.036461558 178.06731
-3.2577713 1.7485182 0.041098904 187.69762
-3.2637475 1.8367234 0.045221701 201.25
-3.2805638 1.9361043 0.067481034 169.6875
-3.2734208 2.0103259 0.066376567 164.08334
-3.2460012 2.1010962 0.086409375 145
-3.2974572 1.1760987 0.15150002 187
-3.2955818 2.3083889 0.11226174 137.14285
-3.2846293 4.6162653 0.17782435 205.25
-3.2938242 4.716362 0.17661871 200
-3.2709019 4.8151951 0.17911945 192.60001
-3.2241287 4.6681943 0.30548471 127.25
-3.1089015 0.41571948 -0.029233871 194.33333
-3.1573534 0.51440489 -0.016094169 199
-3.1045592 0.71172053 -0.0057847435 196.83333
-3.1233711 0.94424129 -0.011350746 167.46715
-3.1260324 1.0384923 -0.015791353 167.8322
-3.1917543 1.9657869 -0.0074025462 171.66667
-3.1188359 0.14972503 0.05778737 171.75
-3.1167994 0.26670358 0.046860769 186.10001
-3.1194105 0.36570123 0.056988597 189.75
-3.1395619 0.45075318 0.042796008 172.6111
-3.1478329 0.52683997 0.035201903 170.83333
-3.1475673 0.65423578 0.032681767 170.44803
-3.1524 0.73318517 0.033434466 176.91307
-3.1440802 0.82355112 0.02978728 175.89967
-3.1429775 0.93798119 0.039769612 185.70833
-3.1428692 1.0442991 0.052731454 179.94444
-3.1258461 1.1372315 0.0064657652 167.97728
-3.1686726 1.2616628 0.029881341 188.23232
-3.1973486 1.3472325 0.0040121539 176.36842
-3.1651905 1.4616205 0.055826336 162.31885
-3.1627188 1.5560569 0.022131311 190.42857
-3.148772 1.625811 0.041716624 183.12
-3.17184 1.744559 0.03933052 188.98334
-3.1693966 1.8506036 0.049743757 174.84814
-3.1638446 1.9137967 0.043960966 179
-3.177691 2.0091419 0.075902395 167.66667
-3.1487498 2.1121879 0.087164186 142
-3.1802871 2.2572916 0.094526827 142.66666
-3.1291289 3.8352585 0.072988644 148
-3.1274018 2.3421056 0.16334975 213.30952
-3.1513526 4.4880152 0.16640972 188.16666
-3.1954813 4.5901361 0.16775779 188.875
-3.1839325 4.7120309 0.17370492 188.8
-3.1597588 4.8156247 0.18232813 189.58334
-3.1272471 5.5174499 0.21392712 169
-3.1304426 5.6026502 0.22148705 166.66667
-3.0695395 0.60041571 -0.017835964 201
-3.0125389 0.71000236 -0.0098334095 198.5
-3.0786293 1.0400773 -0.0034677607 168.37614
-3.0120544 1.2333751 -0.015302531 173.2653
-3.0706713 1.8342463 -0.005068894 180
-3.0650425 1.9368036 -0.0099862572 172
-3.0124583 0.19687963 0.049031965 177.5
-3.0232568 0.27657059 0.049318288 187.25
-3.0557399 0.3367371 0.034563318 161.5
-3.0417168 0.41837963 0.04657013 188.33334
-3.0424526 0.52693963 0.040270917 168.26111
-3.0520234 0.63947612 0.038954254 170.34085
-3.0539486 0.77025235 0.028133998 164.39217
-3.045543 0.87548548 0.029158533 181.90053
-3.0494637 0.91493624 0.039283343 169.29948
-3.0700922 1.0519453 0.056056235 179.86667
-3.0285339 1.1157622 0.03888211 180.45334
-3.0735235 1.2791396 0.046871185 192
-3.0511017 1.3183227 0.0092673926 177.23334
-3.0670898 1.4696178 0.038019963 155.76315
-3.0653133 1.5306998 0.025751052 190.125
-3.0543096 1.6520859 0.035864159 187.36665
-3.084826 1.7626115 0.02747572 191
-3.0521419 1.8366164 0.0428016 174.625
-3.0704222 1.9257296 0.064716749 173.39999
-3.0579062 2.0041788 0.075046673 165
-3.0715568 2.1930659 0.083293013 132.66667
-3.0261908 2.271131 0.087627254 131
-3.0196495 3.632354 0.068460971 156.14285
-3.0118313 3.7024891 0.082659729 150.5
-3.0780928 3.8538103 0.076319814 152.66667
-3.0442116 4.3746305 0.1508819 191.03333
-3.0481603 4.5789156 0.16906781 188.70001
-3.0885983 4.6656351 0.17323487 188.85715
-3.06458 4.7807341 0.17919943 186.37776
-3.0439451 5.2581778 0.19447879 171
-3.0357411 5.2982912 0.25970694 188.5
-3.0060196 5.3599157 0.21259861 165.125
-3.0444643 5.5856657 0.21925554 169.66667
-3.0090351 5.7321448 0.22297235 183.5
-2.9092007 0.22477174 -0.0051069288 197.60001
-2.9451995 0.30885762 -0.0012547354 196.8
-2.9685388 0.45254976 -0.032601919 190.25
-2.9482567 0.63844883 -0.016492726 199
-2.9397116 0.7906844 -0.0068969266 199
-2.9771676 0.82249779 -0.003258073 183.35593
-2.9637768 1.1586994 -0.025134237 171.75
-2.9320707 0.29821193 0.047709577 188.66667
-2.9627664 0.35462627 0.021393938 194.5
-2.9462757 0.45544347 0.035541002 190.81879
-2.903614 0.54490656 0.036833659 188.20512
-2.9643562 0.64793932 0.024308521 174.90111
-2.9727709 0.74933243 0.021454873 162.89554
-2.9342167 0.87600601 0.02893812 166.70833
-2.9763741 0.9543187 0.048793282 160.2619
-2.9601145 1.0377969 0.049011361 176.6515
-2.9465194 1.1810457 0.070715539 191.97916
-2.947293 1.2695072 0.037017673 178.17543
-2.9024792 1.318998 0.012419747 181.58824
-2.9957144 1.4276839 0.012055865 184.14999
-2.9809079 1.5391023 0.0381689 181.89999
-2.9738069 1.655205 0.029206062 184.14285
-2.9626691 1.7124519 0.027182376 183
-2.9622056 1.8234901 0.0010353607 182.75
-2.9942474 1.9187583 0.068385325 176.5
-2.9801497 2.0143487 0.069948815 165
-2.9640324 2.1303625 0.07285618 138.33333
-2.9052532 2.2073462 0.077339515 136.66667
-2.9552205 3.5530353 0.071930386 156.41666
-2.9172282 3.6717021 0.069839545 163.85715
-2.9496729 3.7401223 0.067363299 166
-2.9749837 3.8466313 0.076126136 165
-2.9284515 3.9720733 0.044136148 172.65926
-2.9565115 4.044971 0.039295975 171.15001
-2.9508212 4.1745491 0.038873583 167.36365
-2.9356658 4.2801266 0.038523074 161.44446
-2.9398263 4.3555827 0.066562459 124.24747
-2.937602 3.7794976 0.18841693 133.66667
-2.9448166 3.8513913 0.16439117 124.16666
-2.9656656 3.9222229 0.19869407 158.57143
-2.9355409 4.1129413 0.1820548 154
-2.9163172 4.3515201 0.15092199 191.33334
-2.9521563 4.4721384 0.16234337 187.94444
-2.9774334 4.6767435 0.1660322 182.8125
-2.9877031 4.7776241 0.15815984 180.64
-2.9661279 5.1381068 0.19116917 174.88889
-2.9408939 4.3230195 0.23298909 157.875
-2.982476 5.15833 0.26909977 195.16667
-2.9679596 5.2612958 0.2460282 174.64204
-2.9789462 5.3654633 0.28439012 186.45454
-2.9421375 5.432528 0.24322791 175.44048
-2.9510181 5.5359359 0.21794507 164.64706
-2.9441409 5.6499519 0.24399123 180.72223
-2.9877572 5.7321668 0.26757157 182.75
-2.9620702 4.3260298 0.34691557 179.01111
-2.9822083 5.1493802 0.36295772 193.15384
-2.984242 5.2364869 0.35529697 190.39999
-2.9642029 5.3397412 0.34453472 189.03125
-2.9754868 5.4551721 0.34616783 187.325
-2.9716959 5.6318169 0.38795564 185.18182
-2.9350994 5.7222495 0.33478183 185.75
-2.9594214 5.245573 0.40436226 186
-2.9342279 5.7370811 0.4017438 183
-2.8337464 0.01196877 -0.016283212 200
-2.8614132 0.14106441 -0.0064784759 198.5
-2.814312 0.48895511 -0.031695962 183.33333
-2.8793662 0.55974162 -0.030453246 193.66667
-2.8299987 0.69540149 -0.021997755 198
-2.8813725 0.73920125 -0.018526858 200.75
-2.8251753 0.29709321 0.0081183705 193.75
-2.8360224 0.36346635 0.033206571 190.35715
-2.8560665 0.45161209 0.023360595 191.68332
-2.8294668 0.537889 0.038985446 187.66667
-2.8491819 0.66246629 0.02410046 169.98474
-2.846102 0.71583915 0.031833168 172.78703
-2.8815687 0.84083802 0.024220416 162.43657
-2.828959 0.96290511 0.045434821 158.92857
-2.8693614 1.0343877 0.050951444 168.23529
-2.8044648 1.1286076 0.062335651 186
-2.8691525 1.2711917 0.058875341 172.25
-2.8446374 1.3352181 0.041686255 190.55
-2.8542464 1.4386359 0.022516131 189.60715
-2.8635836 1.545024 0.034652393 173.5
-2.8464985 1.6565888 0.0069985432 197.5
-2.8566349 1.7950877 0.0023316899 188.66667
-2.8575287 2.0594492 0.070722014 144.25
-2.8481283 2.2843838 0.075250313 141
-2.8577924 3.4972503 0.069990188 155.25
-2.8319454 3.6745358 0.071093403 168.10001
-2.8441389 3.7793331 0.057191923 170.64999
-2.8966346 3.8744967 0.04844033 171.80952
-2.8980272 3.9060991 0.033693124 168.5
-2.8260603 4.0498099 0.033862319 158.23413
-2.8600624 4.1648374 0.036110248 170.93982
-2.8695772 4.2897935 0.043874219 165.71428
-2.8234694 4.2683325 0.14099288 191
-2.8190827 4.3735571 0.15429766 188.22223
-2.848712 4.5643487 0.15115309 180.54001
-2.8986256 4.663765 0.1522115 178.82608
-2.8735518 4.7756915 0.15493825 174.7742
-2.8623874 5.032331 0.17299993 164.75
-2.8104932 5.134583 0.19285502 157.7
-2.8827374 5.2048187 0.19927798 158.3
-2.8538299 5.4918065 0.1975649 150.45161
-2.8531785 4.3181214 0.25775474 124
-2.8325973 5.1913686 0.20134117 155.33333
-2.8117878 5.2081761 0.20176175 154
-2.8585088 5.3542771 0.20178443 151.25
-2.8409204 5.6230078 0.20226063 154.08333
-2.8831043 4.2905817 0.33882055 205
-2.7507966 -0.059657358 -0.017162936 202.25
-2.7461393 0.056584526 -0.0084184129 198
-2.7494509 0.13714311 -0.0052132816 195
-2.7133694 0.59571224 -0.031006018 180.5
-2.7552478 0.66273844 -0.025290165 174.15105
-2.7078474 0.77355736 -0.0036570181 164.12766
-2.7447848 0.24057016 0.0087817712 193
-2.7608273 0.38655347 0.033798184 189
-2.7323875 0.45936754 0.024878263 187.73332
-2.7514906 0.56142253 0.021787187 184.93092
-2.794354 0.69716138 0.0294478 173.68015
-2.7575123 0.76106703 0.038354844 174.47025
-2.7580357 0.8163746 0.030920561 167.69901
-2.7775486 0.93168384 0.031564955 172.94118
-2.7418606 1.0027394 0.043735936 176.03703
-2.7042971 1.1263033 0.051166199 183.8421
-2.7756953 1.2587415 0.056757152 164.25
-2.7583747 1.3457841 0.059676565 194.25
-2.7451718 1.4159665 0.041800506 194.5625
-2.7352729 1.5877007 0.0064692288 197.33333
-2.7796922 1.7021527 0.001431792 199
-2.754739 2.164124 0.076646335 126.33333
-2.7969518 3.584672 0.068553999 166.14285
-2.7548325 3.6455801 0.068964347 171.5
-2.7401471 3.7133777 0.062019829 162.66667
-2.7576721 3.8110137 0.057053145 156.23529
-2.7515554 3.9308987 0.042116728 142.08772
-2.7356873 4.0213914 0.033740588 139.80682
-2.7471724 4.1156292 0.043377083 137.87878
-2.7617292 4.2534227 0.040741526 154.69048
-2.7105989 4.2568874 0.14352843 185
-2.7276621 4.3254757 0.17108405 163.76428
-2.7572539 4.4670115 0.1501473 182.16403
-2.7831938 4.6684642 0.13540053 172.05882
-2.7833555 4.7600164 0.15807727 159.2963
-2.7555742 4.9221463 0.15903634 167.5
-2.7381074 5.0615597 0.18133613 159.75
-2.7365618 5.1730351 0.18344072 151.39334
-2.7919524 5.2773218 0.1866858 149.91429
-2.7140675 5.3395514 0.16627759 151.45454
-2.7508404 5.4489918 0.16809317 151.65172
-2.748318 5.5675797 0.17346679 151.93124
-2.7147079 4.2859459 0.21398021 131.5
-2.6563516 -0.1149765 -0.026777297 201.39999
-2.6140685 0.004645328 -0.014627992 196.5
-2.6617301 0.11759472 -0.0012202947 194.25
-2.6498365 0.25865114 -0.0032857861 172.05263
-2.6039579 0.30754423 -0.0092599168 183
-2.6739266 0.49644682 -0.023870075 162.45901
-2.6468284 0.562482 -0.015209004 174.43452
-2.6651504 0.62319756 -0.0142063 163.2345
-2.6481805 -0.37469503 0.023699703 154.66667
-2.6525481 -0.23953173 0.025502427 161
-2.6559889 -0.13449189 0.026734358 170.39999
-2.6573045 -0.032916144 0.034833334 173
-2.6326401 0.049511775 0.034447625 179.54546
-2.6466401 0.13048235 0.015140793 180.31482
-2.640754 0.24452391 0.010762504 183.90953
-2.677887 0.35117644 0.013118946 178.88972
-2.6678133 0.42750674 0.022554614 154.84761
-2.6394849 0.5632233 0.035397928 193
-2.6475523 0.67539757 0.035743423 183.16667
-2.6192074 0.79047716 0.028661706 186
-2.6926732 0.88405436 0.040811285 169.75862
-2.6389041 0.93365127 0.019932792 186
-2.6501801 1.0443398 0.037159231 179.6732
-2.6216519 1.1700536 0.028252602 188.5
-2.6795387 1.2591623 0.039012481 170.33333
-2.6486697 1.3313091 0.036279157 193.5
-2.6669269 1.4025124 0.05352442 197
-2.6504159 1.5369257 0.018153923 179.83333
-2.6769488 1.6252286 0.028514417 139
-2.6708572 3.1768034 0.082765386 125
-2.6231012 3.3160408 0.076445609 117
-2.6037953 3.4612072 0.056205891 113.5
-2.6751361 3.7583709 0.062219378 149.5
-2.6530051 3.843503 0.038480129 143.06567
-2.6803422 3.939501 0.029757012 144.27907
-2.623786 4.0539432 0.072685555 123.94736
-2.6350212 4.1464233 0.020001594 147.18182
-2.6812468 4.2193079 0.027594374 143.30769
-2.671365 4.1625376 0.13029192 124.88637
-2.6697257 4.2433 0.14774631 147.67084
-2.6217296 4.3457189 0.15004602 186.83333
-2.624366 4.4386764 0.1387081 180.79167
-2.6490288 4.5633821 0.13187239 172.27374
-2.6947505 4.6476851 0.10978243 166.45206
-2.6778071 4.7604547 0.1242755 161.24731
-2.6652911 4.8022547 0.13880971 153
-2.6839974 4.9872241 0.17315486 166.89999
-2.6511796 5.0658789 0.17986707 156.5
-2.6689987 5.1269178 0.17787331 150.53419
-2.6308677 5.2362676 0.16078308 151.46649
-2.646908 5.4028816 0.13960521 154.38823
-2.6489995 5.5248246 0.14539777 156.89743
-2.6065896 5.7337818 0.1853444 146
-2.6154621 5.8383188 0.18819694 132
-2.6210902 5.9052753 0.19124334 123
-2.6829998 4.8372979 0.2669729 119.60715
-2.5611296 -0.21954718 -0.025156718 203
-2.5483384 -0.15267256 -0.024191994 201.75
-2.5280447 -0.052009072 -0.018440444 197.75
-2.5301189 0.25330913 -0.010083305 178.44167
-2.5513847 0.45554301 -0.015638765 168.89209
-2.5784512 0.55910456 -0.031542189 163.02563
-2.5524099 0.63139129 -0.022431811 167.57594
-2.5105278 4.0561609 -0.013265769 158.93835
-2.5725696 4.1325006 -0.0029639232 150
-2.5165083 -0.37740347 0.020506732 156.33333
-2.5362415 -0.25407735 0.023525961 162.25
-2.5502074 -0.16518256 0.026619922 168
-2.5628557 -0.090583406 0.025906399 169.8
-2.5404053 0.015201907 0.015677221 183.4861
-2.57075 0.13830721 0.0073148487 187.68225
-2.5866899 0.23284991 0.015446291 182.40625
-2.5620248 0.33090517 0.01058987 168.5
-2.542639 0.42474687 0.029031055 166.92468
-2.5542967 0.53306097 0.017511826 197.25
-2.548996 0.65519613 0.022995958 195.5
-2.5440214 0.76870322 0.022042898 194.39999
-2.5285792 0.88618004 0.013360824 196
-2.5239711 0.96146762 0.0071338653 173.33333
-2.5438046 1.0573623 0.019555325 182.99002
-2.5188403 1.1327217 0.030553119 183.88889
-2.5766311 1.2403286 0.022243248 190.66667
-2.5453868 1.355135 0.014351082 193
-2.523911 1.4772639 0.033039819 152
-2.5780683 1.5317721 0.021844473 146
-2.502522 1.6590171 0.018165655 153.33333
-2.5662057 1.7363031 0.023006057 142
-2.5169663 2.8964021 0.080302872 154.5
-2.5524938 3.0270834 0.085837662 143.75
-2.5565743 3.1599233 0.079379052 136.75
-2.5148454 3.2846959 0.068396538 137.25
-2.5927911 3.8787355 0.028315989 145.05263
-2.5650721 3.9548647 0.033580281 146
-2.5499103 4.0307307 0.0084381942 153.22916
-2.534476 4.6381855 0.096980363 167.1875
-2.5349157 4.9434915 0.099386357 163.94339
-2.5359099 0.41648534 0.11715782 129
-2.5435402 4.2448277 0.13874424 192.42857
-2.5353696 4.3339667 0.14484419 186.93333
-2.5368433 4.4342484 0.13425623 180
-2.5342922 4.5493393 0.12098023 171.72974
-2.5985694 4.6498566 0.10257557 165.29167
-2.5547094 4.7529144 0.11830651 164.61433
-2.5438576 4.8228168 0.10573495 161.92064
-2.5354443 5.0403161 0.12596622 151.97917
-2.5379457 5.1397586 0.11391317 162.5
-2.5624993 5.2503796 0.13243592 162.44048
-2.5595536 5.3495617 0.14982057 155.86493
-2.5518432 5.4503894 0.16295387 156.51292
-2.5459774 5.5432234 0.17677432 157.25
-2.5979347 5.6309509 0.18058774 155
-2.4460204 -0.31236932 -0.033379532 197.75
-2.4366729 -0.1837438 -0.023823174 202.2
-2.4295874 -0.0635681 -0.012372225 195.7
-2.4799917 0.069688201 -0.00045714562 193.375
-2.4121699 0.21300833 -0.012514107 184.53847
-2.4356527 0.35958123 -0.016295236 172.85577
-2.4329357 0.46275404 -0.017773947 171.46808
-2.4858737 0.55715728 -0.014975766 165.58115
-2.447381 0.63960958 -0.019128582 164.84027
-2.4196281 0.78150398 -0.012381133 174.33145
-2.4592235 0.83478612 -0.013485559 171
-2.4493172 0.94278121 -0.011515658 174.97878
-2.4200494 4.0724721 -0.011893497 159.76585
-2.4266365 -0.21936211 0.020010831 165.75
-2.4599741 -0.10764828 0.021855857 168.39999
-2.4216099 -0.047447823 0.0046151304 194
-2.445132 0.048304122 0.023124054 176.94444
-2.4498487 0.14297289 0.0070858914 187.83191
-2.4820275 0.22629829 0.016561342 177
-2.4519405 0.32616177 0.033235874 184.5
-2.4379294 0.46367717 0.0092976876 173.98611
-2.4307148 0.54084986 0.0083535071 190.94444
-2.4356291 0.64884633 0.0087856166 175.71667
-2.4382484 0.73946178 0.017048908 194.75
-2.4579639 0.83275986 0.0071357703 187.8
-2.4486775 0.97794539 0.013223059 198
-2.4199176 1.093266 0.010681606 177.10527
-2.4465885 1.1622485 0.029662171 184.05556
-2.4792619 1.2390629 0.019460313 188.625
-2.4451265 1.3487864 0.04028995 173.60001
-2.4661829 1.415379 0.016303992 191.39999
-2.4418426 1.5861835 0.010866955 165
-2.4223595 1.8063736 0.016653679 144.5
-2.4740145 2.7729013 0.076734066 157
-2.4507957 3.1426206 0.069330193 156
-2.4358048 3.2619524 0.063153349 153
-2.4276843 3.3854582 0.042635564 148
-2.4858055 3.4116588 0.05264809 134.25
-2.4139228 0.39269701 0.14807849 130.28572
-2.4962635 4.8283639 0.10711706 161.88472
-2.4715776 4.9323192 0.10837331 158.62405
-2.4620976 5.0321474 0.12333554 151.56165
-2.4527769 5.1355247 0.10722687 160.40741
-2.436527 5.2254481 0.11816728 173.35135
-2.4420645 5.3525524 0.15551215 154.96591
-2.4429817 5.4502988 0.14801565 157.68634
-2.4366934 5.546061 0.13878268 161.45689
-2.4498286 5.6182613 0.17366678 155.5
-2.4951205 5.7284074 0.17733251 146.39999
-2.4910345 5.8422112 0.18127906 129
-2.4884281 5.9150748 0.18231164 120
-2.3112764 -0.33780226 -0.03174061 198.5
-2.3197441 -0.20549694 -0.025290299 201.75
-2.3174744 -0.065530807 -0.020670146 196.875
-2.3642449 0.056469731 -0.0046149255 192.66667
-2.3156087 0.19475798 -0.014223106 185
-2.3442252 0.34281799 -0.013487334 179.53592
-2.3719649 0.44528508 -0.0081339506 177.06944
-2.3472581 0.55893469 -0.017285116 167.64488
-2.3620682 0.65756023 -0.01496574 175.7383
-2.3563638 0.75406325 -0.020816106 177.56064
-2.3381515 0.85304564 -0.0093257669 175.79399
-2.3554456 0.96590328 -0.020022091 170.08621
-2.3262653 1.0284196 -0.0039926907 185
-2.3983896 4.0243659 -0.0015309808 162.47418
-2.3664813 -0.41869351 0.019204726 148
-2.3921309 -0.33674762 0.01614007 158.66667
-2.3389332 -0.13592598 0.018534586 166.66667
-2.3547823 -0.05371616 0.017448753 167.2
-2.3469641 0.045245435 0.012077398 189.22223
-2.3640733 0.17016767 0.017050069 186.48149
-2.3443973 0.24645008 0.0065989033 190.54584
-2.3922937 0.34153432 0.0074471976 195
-2.3437209 0.45099914 0.018915582 193.25
-2.3607635 0.5608077 0.013837276 179.76552
-2.368129 0.6499514 0.013481952 175.16667
-2.3287523 0.71176523 0.019868808 191.16667
-2.3156211 0.80004382 0.017569061 191
-2.3563843 0.92476737 0.013421666 194.5
-2.3559999 1.0589607 0.0058873305 170.51389
-2.341193 1.1756684 0.035078079 181.55554
-2.3630676 1.240634 0.045802724 180.375
-2.303844 1.3631704 0.015763462 191
-2.3652546 1.4577824 0.015562219 184
-2.38551 1.5142171 0.018707711 173
-2.3310716 1.6631801 0.0050298604 169.5
-2.3709748 1.7249465 0.012161653 160.33333
-2.3701892 2.6768317 0.081688918 159
-2.3007243 2.7026701 0.077777855 164.25
-2.3512328 2.8026643 0.075023971 161.5
-2.3865838 2.9108505 0.078395039 159.66667
-2.3961406 3.0227456 0.076575585 162
-2.3199048 3.1232829 0.065468878 171.25
-2.3586009 3.240644 0.061990693 164
-2.3361714 3.3486664 0.047465172 161
-2.3428724 3.9513934 0.018253434 155
-2.3111827 4.0346026 0.017776884 156.68468
-2.3343735 4.1236396 0.011900809 155.68115
-2.3328547 4.2029505 0.016534118 160.15909
-2.3709476 0.28694743 0.16482432 162
-2.3974841 0.30212638 0.10473242 145
-2.388253 4.8350639 0.11188374 154.09435
-2.3780801 4.9273138 0.11416051 152.54118
-2.3750052 5.0460691 0.15212078 139.1859
-2.3760529 5.1569219 0.10411733 163
-2.3583183 5.2204299 0.12536524 174.05556
-2.3414981 5.3329554 0.15242964 157.33389
-2.3321393 5.4269772 0.1285162 162.65833
-2.3655744 5.5228891 0.11846932 164.35507
-2.3513381 5.6587267 0.15184814 163.4557
-2.3861272 5.7156954 0.16734016 155.97501
-2.3480351 5.8172646 0.15920876 151.17743
-2.3543937 5.9124479 0.17658107 122
-2.3640616 5.1156344 0.25213709 138.35416
-2.3000503 5.2365122 0.29039004 134
-2.3745813 5.3698449 0.27799168 149.1875
-2.2067525 -0.18142709 -0.027336759 200.5
-2.2446041 -0.068344072 -0.01340049 198.08334
-2.2403722 0.040686302 -0.0066556777 196.08929
-2.2609949 0.16517922 -0.0038731897 193.00854
-2.2618427 0.34489179 -0.015203326 174.526
-2.2845104 0.44553983 -0.012578734 179
-2.2783751 0.53317308 -0.0077348431 183.44815
-2.2652271 0.6333918 -0.0093599372 183.70454
-2.2594604 0.74043238 -0.018489143 179.425
-2.2236397 0.8134923 -0.0081261834 180.46667
-2.2545412 0.95267349 -0.0065936414 185.4409
-2.2274694 1.012028 -0.00042351251 171.85001
-2.2487259 4.3262329 -0.0034747487 167.5
-2.2431645 -0.35191768 0.01329988 152.66666
-2.2789583 -0.27332142 0.011578337 160
-2.2802632 -0.17239872 0.018412568 165.33333
-2.2529879 -0.039571449 0.012558583 184.5
-2.2178428 0.060487017 0.044439975 169.39999
-2.2558599 0.15484971 0.010882613 188.18571
-2.2512722 0.26220438 0.013085216 188.5
-2.2400227 0.3442345 0.025022427 180.2863
-2.2629621 0.44205084 0.039407916 165.33333
-2.2288713 0.52942336 0.013181316 180.55157
-2.2198529 0.63077378 0.013103032 180.29546
-2.2159474 0.70655394 0.0043646903 185.11111
-2.2410531 0.83774626 0.013926418 188.61365
-2.216136 1.0895143 0.0099485144 180.5
-2.2596471 1.144556 0.023356881 181.93224
-2.2517858 1.2472475 0.018003592 187.83333
-2.2370214 1.347589 0.033943761 188.77499
-2.2291911 1.4624869 0.032046322 186.46667
-2.2573457 1.5600126 0.022196541 172.20834
-2.2390981 1.6982541 0.038167212 161
-2.2246289 1.7548549 0.0070114606 164.25
-2.2531314 1.8295217 0.025612764 147.5
-2.2051897 2.0220208 0.039072908 175
-2.2612014 2.1214168 0.029738016 164
-2.2583485 2.6070104 0.08321318 159.75
-2.2032022 2.7382112 0.069805764 177.39999
-2.2399075 2.828671 0.069993436 173.60001
-2.2612367 2.9534078 0.068798043 173.13333
-2.2808871 3.0513916 0.067814663 173.33333
-2.258621 3.2119372 0.055657364 178.2
-2.2462652 3.3111672 0.045984212 173.75
-2.2291896 3.8616195 0.026843505 173
-2.2760894 3.9354782 0.0061175404 160.88235
-2.2072406 4.0544395 0.0079114055 167.57143
-2.2379465 4.1513081 0.015414167 166.80435
-2.2666831 4.244626 0.015013298 164.21428
-2.2774651 4.8268619 0.098739572 149.60715
-2.246289 0.46744731 0.12113119 129.83333
-2.238107 1.0792506 0.17002954 156
-2.2914002 1.1236062 0.13922282 164
-2.2771907 4.9208593 0.10866506 143.7037
-2.2625196 5.0205398 0.10255917 157.69444
-2.2653103 5.1128764 0.11250243 171.52942
-2.2120976 5.2197156 0.12381857 171.76923
-2.2650571 5.3611512 0.11929791 168.35243
-2.2682686 5.4301829 0.17897964 151.85715
-2.2484014 5.5375328 0.15189108 161.84215
-2.2265253 5.6479554 0.1367598 165.80769
-2.237988 5.7600226 0.14392942 171.06085
-2.2777338 5.8623157 0.16404203 175.8
-2.275687 5.9563379 0.1785242 180.70001
-2.2425783 6.0183992 0.19759983 185.33333
-2.2328434 5.3419862 0.2418692 145
-2.2068975 5.6206751 0.21422265 133.13333
-2.2738655 5.2917795 0.33005223 135
-2.1575942 -0.41228464 -0.017714703 186
-2.1731532 -0.35108367 -0.032738063 197
-2.1651938 -0.27062297 -0.014437806 179.33334
-2.1297426 -0.072650008 -0.01233656 198.68333
-2.1649573 0.057825595 -0.0072326213 194.6111
-2.1614227 0.11192004 -0.0049168137 193.96944
-2.1619163 0.22963127 -0.011657097 184.74677
-2.1427069 0.34576765 -0.0036650808 188.92982
-2.1679435 0.43863502 -0.0036418668 178.65874
-2.1427336 0.6561901 -0.0015036897 185.55833
-2.1380236 0.79314148 -0.0039104782 182.36363
-2.1482248 0.84082907 -0.0066492585 175.56596
-2.1512413 0.94217062 -0.0066939928 184.19106
-2.1001956 -0.32230818 0.0094860503 150
-2.1760764 -0.19686787 0.013889706 161.66667
-2.145005 0.11116284 0.00080184435 193.66667
-2.1521389 0.22898944 0.010228486 188.77399
-2.1479144 0.34183553 0.017294502 184.60606
-2.1786392 0.42365861 0.0096763438 178.35001
-2.1618001 0.51464242 0.0078169247 174.83333
-2.1238225 0.6388346 0.017855212 169.40097
-2.1424112 0.72219485 0.00091262441 191.83333
-2.1735575 1.0559573 0.023111831 176
-2.179847 1.145515 0.016141649 182.80882
-2.1563072 1.2613724 0.018193731 185
-2.1392183 1.3719304 0.029900659 170.08749
-2.1533804 1.4489374 0.028928902 182.55278
-2.1508434 1.5347373 0.033268634 177.76666
-2.1565802 1.6602589 0.036854561 180.08333
-2.1318641 1.7697495 0.048706826 182.825
-2.1353941 1.8218098 0.037797414 171.16667
-2.1259844 1.9368834 0.034084566 196
-2.1310654 2.0330343 0.038216848 184.2
-2.1800804 2.1229119 0.029355705 175
-2.1214633 2.4454854 0.09442652 188
-2.149622 2.5528848 0.086258195 157.73334
-2.1623025 2.6563928 0.075311489 176
-2.1547544 2.8592694 0.068914682 165.83333
-2.1067009 2.9655874 0.047340088 161.11111
-2.1451247 3.029227 0.045061089 148.80952
-2.162822 3.1011 0.06506639 182.5
-2.1398354 3.2419531 0.052535135 182.57143
-2.1333997 3.791033 0.033378109 181.29166
-2.1592681 3.8668566 0.031958818 176.90404
-2.1513684 3.9597635 0.027939621 173.90741
-2.1233809 4.0811372 0.019592207 172.63158
-2.1374953 4.1728635 0.010545393 171.46153
-2.1632371 4.2676086 0.010715755 170.7381
-2.1950886 4.3609805 0.016215684 173.75
-2.1433315 4.465641 0.015273089 181.19231
-2.1009841 4.5256524 0.065062791 104.25
-2.1377449 1.0400122 0.19488207 140.8
-2.1812441 1.1180971 0.16761979 155.5
-2.1339614 2.4651456 0.1813641 194.75
-2.1875889 4.8337617 0.12336314 151.84616
-2.1901979 4.9219475 0.11936257 161.23077
-2.1841779 5.0185246 0.11593018 173.77272
-2.1484847 5.1593742 0.12088671 174.08405
-2.1624372 5.2728086 0.15163082 155.83334
-2.1380286 5.3294845 0.12937996 166.43614
-2.1598194 5.4394622 0.15031378 158.83823
-2.1331861 5.5460014 0.1420157 160.51613
-2.1715589 5.6090522 0.18910277 154
-2.1322987 5.7403464 0.16546053 139.46666
-2.1014173 5.8585191 0.15229826 181.30769
-2.1509972 5.9532762 0.1801085 183.84999
-2.1361468 6.0777974 0.18910089 188.92064
-2.1809671 6.1587706 0.19231206 189
-2.1418872 6.2448149 0.19383717 179.08333
-2.1095722 6.3170695 0.19330406 169.5
-2.1516185 5.6083245 0.27988672 135.54762
-2.1983647 6.1147022 0.20103945 189.5
-2.1035724 6.3230586 0.20533264 164
-2.0190434 -0.38005304 -0.027816221 190.25
-2.0601079 -0.25893503 -0.027165629 201.83334
-2.0888982 -0.17296121 -0.024796823 202
-2.0163946 -0.050481666 -0.014726256 199.14999
-2.0712328 0.044283055 -0.011634515 195.5
-2.0594146 0.28412825 -0.010045722 185.07843
-2.0257115 0.3413085 -0.012873099 183.125
-2.0410297 0.44191763 -0.018247962 177.78354
-2.0574939 0.52946341 -0.020513484 177.57445
-2.0580716 0.6527307 -0.018752694 177.87917
-2.0551035 0.7321682 -0.0068241684 182.89999
-2.0652647 0.83964348 -0.011287622 180.10715
-2.0493517 0.93575984 -0.0025184683 176.48485
-2.0393128 1.0538976 -0.034937296 174.60715
-2.0471034 1.177163 -0.027822034 180.32143
-2.097975 1.2098836 -0.0072355554 182.39131
-2.0296848 1.6038392 -0.00028018694 175.25
-2.0483749 -0.40800714 0.0064147441 140
-2.050097 -0.1509811 0.020547446 197.31667
-2.0556335 0.0052593355 0.00047365946 194.25
-2.0623651 0.14061403 0.0079378709 187.3006
-2.0586553 0.23261799 0.010512795 181.64285
-2.0551174 0.34552664 0.020788858 174.55
-2.0678601 0.46034524 0.015759468 174.83334
-2.0432239 0.65022612 0.063769557 165.66666
-2.045023 0.9672097 0.091069803 128.64999
-2.0041013 1.0441221 0.0021703453 181
-2.0647409 1.1453178 0.018617611 177.82144
-2.0485303 1.2484835 0.024680799 172.58333
-2.0610542 1.3488842 0.028102469 176.23792
-2.0516562 1.4364811 0.029040029 181.55286
-2.0563986 1.5315908 0.040862285 181.30536
-2.0491538 1.6426167 0.034595039 182.99654
-2.0486064 1.7446338 0.031200636 180.44446
-2.0546212 1.8562417 0.051744521 193.38889
-2.0388756 1.9509838 0.053737499 192.46033
-2.0096626 2.0626049 0.04820846 188.42728
-2.0952077 2.1251194 0.03141965 186.25
-2.0377216 2.2540584 0.056612674 183.69446
-2.0130661 2.3679993 0.033877648 186.66667
-2.0788672 2.4829361 0.088508613 151.8
-2.0137894 2.6462717 0.074290842 186.39999
-2.0576539 2.7359135 0.055711705 158.09167
-2.0325234 2.8533084 0.062694199 182.93333
-2.0521071 2.9498794 0.033410929 160.68518
-2.0381815 3.0797701 0.036314286 165.2381
-2.060627 3.176585 0.03862834 152.5101
-2.0387459 3.2230361 0.035283111 181.58334
-2.0439255 3.737828 0.041105866 186.8611
-2.0572906 3.8840659 0.035091378 181.625
-2.0833554 3.9867201 0.027879702 177.33333
-2.0204482 4.005836 0.024267642 179.75
-2.0143411 4.1032677 0.021953445 179.70589
-2.0274882 4.2142582 0.020791944 179.82608
-2.061383 4.3646293 0.026069595 181.63982
-2.0291646 4.4012361 0.040114302 186
-2.0611951 4.5557709 0.052607801 149.54167
-2.0107794 5.3760581 0.089556523 166.33333
-2.0548446 0.60790473 0.12893301 163.18182
-2.0935373 1.0287764 0.1904372 127
-2.0368774 2.2401264 0.15670376 193.42857
-2.030421 2.4043043 0.12463143 99
-2.0193956 3.49313 0.10991596 135
-2.0596008 3.6095774 0.11097585 129
-2.0799532 3.73054 0.12119183 120
-2.0443213 3.8442504 0.11746123 123
-2.0241275 3.9773688 0.12497883 120
-2.0602167 4.0027719 0.13075538 115
-2.075134 4.4969974 0.19837914 85.5
-2.0345519 4.5259962 0.15393688 88.660713
-2.0368514 4.8352909 0.12987797 136.6875
-2.0379899 4.9291039 0.15625654 108.78078
-2.072504 5.0103412 0.11146935 171.38095
-2.0501177 5.1141987 0.16270787 118.07027
-2.0405939 5.2421341 0.13230033 167.55293
-2.055294 5.3635755 0.14268379 151.06667
-2.0401895 5.4397502 0.12596367 165.1875
-2.0607026 5.5341859 0.13475887 158.05428
-2.0717897 5.6330018 0.13778821 159.35555
-2.0340919 5.7488499 0.14440794 164.21875
-2.0550375 5.863143 0.16770028 160.1875
-2.0417202 5.9642191 0.17079666 187.25
-2.000808 6.0819216 0.16899888 190
-2.0605104 6.1708665 0.18315525 185.16666
-2.0340602 6.2137156 0.18311237 180
-2.0667531 6.410625 0.19618502 155.33333
-2.0267239 5.1450505 0.26447445 74.666664
-2.0058191 6.0629582 0.21269423 186.5
-2.0334756 6.4817009 0.20110469 143.5
-2.0155075 6.5176988 0.20765822 136
-2.0901563 5.631392 0.33892655 156.30769
-1.9142962 -0.25922391 -0.021099498 178.5
-1.9675419 -0.12591034 -0.021269199 175.64999
-1.9660628 0.039375175 -0.0071863285 194.25568
-1.9558759 0.18433455 -0.012147002 174.3952
-1.9646171 0.25500387 -0.016855918 183.28412
-1.9482569 0.35552579 -0.021807332 178.03918
-1.9361593 0.45069584 -0.030383527 175.34283
-1.9407952 0.5557254 -0.020511998 171.99075
-1.9387169 0.65599936 -0.015735717 178.34166
-1.981089 0.76079232 -0.005252501 185.5
-1.9732056 0.84846771 -0.010676632 182.45834
-1.9549932 0.94753498 -0.022512503 173.77083
-1.9413444 1.0718068 -0.046124574 172.15384
-1.9369838 1.1405435 -0.01514954 176.57608
-1.9818757 1.2709559 -0.0046511497 184
-1.9625591 1.3840206 -0.0025594996 185
-1.9975849 1.4992964 -0.0020123606 178.16667
-1.9098215 1.586482 -0.0073802108 178.75
-1.928619 1.6967418 -0.0052432278 171
-1.9416628 1.775322 -0.0050550192 166.75
-1.9316027 -0.25375715 0.017516961 197
-1.9347137 -0.1951447 0.015680986 195
-1.9383684 -0.050043516 0.015298705 192.54762
-1.9553916 0.084885225 0.012240908 165
-1.9518343 0.14298518 0.0066922465 182.48462
-1.9765474 0.23524693 0.0085109062 181.84259
-1.9278603 0.31444928 0.014655652 170.33333
-1.9876202 0.46609125 0.028299356 169
-1.9221798 0.51547462 0.01827497 170
-1.9388881 0.95265019 0.0064245234 180.61743
-1.9409529 1.0497444 0.025017034 178
-1.9700085 1.1548111 0.02220103 173.37141
-1.957963 1.2446315 0.022207722 181.5
-1.9541035 1.3349891 0.026710687 176.94
-1.9361846 1.437764 0.029283583 176.06363
-1.9484923 1.5286856 0.033758521 180.27444
-1.9447496 1.6318104 0.031454463 180.71623
-1.9511427 1.7312332 0.038005549 183.80196
-1.9411367 1.8137373 0.047942933 184.95
-1.9321795 1.9352881 0.044252194 188.44612
-1.9614776 2.1630368 0.055978119 179.31818
-1.952288 2.273438 0.050059702 167.46153
-1.9135576 2.3808899 0.057867773 179.66501
-1.9578892 2.4656062 0.059742667 177.62776
-1.964505 2.5606604 0.068743266 178.26111
-1.9640909 2.673207 0.035931811 179.43939
-1.9625603 2.7825632 0.043716468 175.69791
-1.9322278 2.8118019 0.034919448 174.26389
-1.9462256 2.9402454 0.030992698 169.77274
-1.953928 3.0289338 0.0308004 161.70587
-1.9340135 3.1294441 0.02841359 169.81668
-1.9316275 3.2583961 0.022808718 116.5
-1.9690784 3.3867671 0.098627985 143.66667
-1.9077741 3.715956 0.030192718 189
-1.9480962 3.8194304 0.042945188 189
-1.963686 3.9349334 0.039156035 185.95715
-1.9791164 4.0984454 0.042311568 183.625
-1.9618981 4.1582928 0.0409193 184.2
-1.9453597 4.2172818 0.036673542 185.60001
-1.9422865 4.3172545 0.065027148 183.94373
-1.9762294 4.4403448 0.030079324 187.8
-1.905968 4.537858 0.015161792 179.2
-1.9231483 4.6063318 0.034608446 153.5
-1.9232111 4.7554569 0.0070874994 169.75
-1.9299651 5.2607293 0.075281784 164.83333
-1.9553137 5.3557463 0.081992239 160.85715
-1.9780164 2.3431246 0.15983985 185.91949
-1.9761913 2.480768 0.16672136 138.85715
-1.9794693 2.5849452 0.16391352 198.93333
-1.966127 3.290385 0.10352804 146
-1.9976344 3.387609 0.10805834 139
-1.9368542 3.4842813 0.10270051 145.58334
-1.9526788 3.5856459 0.10776009 142.5
-1.9766773 3.6941288 0.11770397 129
-1.9592925 3.8022597 0.11683992 127.33334
-1.966513 3.9372108 0.11720137 127
-1.9302601 4.0641174 0.12731436 125.16667
-1.9908561 4.1182957 0.13472289 116.5
-1.9572258 4.2773261 0.13623016 111
-1.9297242 4.3267093 0.18369819 196.25
-1.988611 4.8335619 0.17716298 86.75
-1.902004 4.9937534 0.14095782 193.5
-1.9981725 5.0314121 0.17538972 88.25
-1.9440562 5.162879 0.11772014 188.83334
-1.9710647 5.2460132 0.13391179 160.19444
-1.9580164 5.3445864 0.12400345 174.15625
-1.9349215 5.4619274 0.14303701 166.06349
-1.9826096 5.5507607 0.13515168 161.05952
-1.9292328 5.62959 0.14084916 159.84303
-1.9643458 5.7683048 0.15670434 174.98485
-1.9366475 5.8444757 0.1590177 169.86905
-1.9703175 5.9738197 0.16789199 190.16666
-1.981795 6.1054072 0.16883469 190
-1.9921979 6.2800741 0.18655716 167
-1.9461964 6.355926 0.18331915 151.5
-1.9124722 6.406539 0.19296366 137
-1.910997 4.3467197 0.23225081 198.5
-1.9717404 6.0922484 0.25622699 176.5
-1.9891965 6.5792584 0.20279595 134
-1.9723083 6.6061244 0.22036819 215.66667
-1.8376539 -0.41794574 -0.0071863211 171
-1.8825217 -0.32547212 -0.021915093 166
-1.8465794 -0.27216917 -0.017975193 171
-1.8543662 -0.12891424 -0.0078008361 158
-1.8940117 -0.068545304 -0.018353907 200
-1.8750153 0.069201767 -0.0085815517 190.89087
-1.8548794 0.17341526 -0.01707292 176.9463
-1.8475447 0.27354965 -0.028754514 175.78699
-1.8583182 0.33710533 -0.041077014 164.18971
-1.8416722 0.46375224 -0.023707433 178.47968
-1.8684996 0.568165 -0.026856409 180.4001
-1.8664429 0.66194612 -0.026794987 178.15755
-1.8530842 0.82876581 -0.022893863 186.96684
-1.8456807 0.93313205 -0.022202102 180.98126
-1.8595452 1.0628542 -0.037891317 185.32936
-1.8148978 1.1270789 -0.02442999 174.76923
-1.8754743 1.2546322 -0.018760387 180.69583
-1.8743137 1.3688829 -0.0057777618 187.625
-1.8604532 1.4594742 -0.011594144 175
-1.8157933 1.5383533 -0.00060860411 179.57143
-1.8283812 1.6483692 -0.0091357743 178.77274
-1.8412939 1.7461303 -0.0083732652 176.62964
-1.8420069 4.8586483 -0.0031002518 159.5
-1.8222795 -0.40752667 0.095424175 99
-1.856395 -0.36895639 0.0064376863 129.66667
-1.8203049 -0.24759085 0.019415164 144.83333
-1.8514819 -0.15400895 0.01767211 193.85185
-1.8433075 -0.050768327 0.013429217 178.65625
-1.861915 0.016516278 0.014228155 176.42857
-1.8661312 0.15926431 0.0094147846 177.16666
-1.8437986 0.26344061 0.01111253 175.08333
-1.891945 0.40851304 0.016815318 166.5
-1.8747182 0.50802261 0.020557644 167.5
-1.8879337 0.70071238 0.024003468 166.5
-1.8491274 0.95731974 0.019431386 176.72083
-1.8750088 1.0834231 0.027605155 177.10001
-1.8468708 1.2295954 0.020223709 178.46666
-1.8445832 1.3703828 0.028584531 172.61906
-1.8259773 1.4485875 0.018498126 165.18027
-1.8684826 1.5271993 0.021599259 172.61765
-1.8641729 1.6443228 0.014714823 176.9904
-1.8579236 1.7688236 0.041888028 180.11617
-1.8910017 1.8718714 0.042993203 184
-1.8241727 1.9444487 0.042182971 184.7877
-1.892307 2.0321782 0.043919466 184.76961
-1.8972203 2.1386459 0.038513422 184.88635
-1.8641974 2.2356365 0.052247383 185.29413
-1.8360497 2.367476 0.026482956 179.83809
-1.8237538 2.4490283 0.011010603 180
-1.8632632 2.544085 0.047913719 185.39285
-1.8428023 2.6543164 0.025582202 183.39999
-1.8704692 2.7335217 0.026118791 180.65001
-1.8487091 2.8484893 0.022617461 168.73666
-1.8519897 2.9457006 0.021613069 168.63095
-1.8539797 3.0683935 0.015008654 160.04779
-1.8612088 3.1548927 0.040106162 152.84027
-1.8308182 3.2237701 0.016119052 148
-1.8552054 3.3481967 0.093078949 159.375
-1.8775034 3.476619 0.091674022 159
-1.8532943 3.5614033 0.096268587 157.5
-1.8426774 3.7346392 0.053713847 175.41667
-1.8259282 3.8292658 0.035140559 186.5
-1.8846505 3.9289784 0.035790604 189.25
-1.8673391 4.0508418 0.037549447 188.11906
-1.8711241 4.1534691 0.03658668 187.83334
-1.851307 4.2377014 0.033898327 188.75
-1.843411 4.3355889 0.035704669 184.25
-1.8539855 4.4412713 0.022842847 184.925
-1.8176508 4.5610247 0.013486936 175
-1.8750609 4.8283052 0.041333072 105.33333
-1.8244411 5.090106 0.075058334 173.125
-1.8542274 5.1656446 0.064395651 152.08334
-1.8461393 5.27104 0.076673791 168.2
-1.8431345 5.3760614 0.097986706 159.75
-1.8782004 3.2196791 0.1043439 149.66667
-1.884668 3.347738 0.10241551 153.64999
-1.8053282 3.4722705 0.1007406 164
-1.8970532 3.5738037 0.1086925 148
-1.8695579 3.6640975 0.10637611 144.5
-1.8873144 3.7651508 0.11030049 135
-1.8695369 3.8722107 0.11357109 133.39999
-1.8210124 3.9679086 0.11898827 133.8
-1.8749812 4.1849313 0.13026644 124.6
-1.8480709 4.3559923 0.13522251 114.25
-1.8702667 4.8354816 0.1669741 87.199997
-1.8495388 4.9079962 0.11062915 157.5
-1.8845088 5.0139928 0.19346134 196.78572
-1.8715504 5.1178174 0.11264013 167.96667
-1.8893224 5.2495441 0.11533823 188.96429
-1.8386976 5.3425245 0.12505667 170.35001
-1.8431662 5.457613 0.12373772 179.07852
-1.8636872 5.5653768 0.13141687 173.77501
-1.8481709 5.6618934 0.13656521 163.6994
-1.8576314 5.7371621 0.1459837 135.38235
-1.851392 5.82968 0.15306254 175.5
-1.8228939 5.971529 0.14951834 181.2
-1.894309 6.0475597 0.16230856 182
-1.8165753 6.1222601 0.16012393 164
-1.8322198 6.5374112 0.19088471 126.25
-1.8390361 2.2171254 0.20107462 198.63637
-1.8667032 5.0373416 0.25655985 199
-1.8543023 5.0554299 0.30696067 199.3
-1.8836095 5.1467371 0.32971069 63
-1.7528788 -0.54363286 -0.0053963633 181
-1.7529494 -0.40236628 -0.013684532 183.66667
-1.7720737 -0.26751444 -0.020909727 181.75
-1.7897645 -0.13094763 -0.00043869784 154
-1.782367 -0.048776597 -0.021412078 200
-1.7740306 0.052636325 -0.013539941 191.42676
-1.7513363 0.15384063 -0.011789114 174.00803
-1.7552907 0.28004897 -0.039281651 165.1875
-1.7505952 0.36266083 -0.025615225 178.20703
-1.7636439 0.46721926 -0.040678777 167.67084
-1.7454479 0.54071623 -0.046072561 172.35985
-1.7361978 0.64045167 -0.022750042 175.50862
-1.7534032 0.73671031 -0.032860454 176.97731
-1.7534046 0.83947372 -0.03375797 176.84821
-1.7548318 0.96177906 -0.040050406 186.65404
-1.7490864 1.0496798 -0.032617308 186.50249
-1.7743531 1.1577512 -0.012732529 191.25
-1.7939458 1.2476178 -0.025621951 182.64285
-1.7613477 1.3438444 -0.016053071 180.45239
-1.7085207 1.4078569 -0.015437251 191.2
-1.7641939 1.5150136 -0.00655053 176.96259
-1.7149117 1.6613114 -0.015920687 167.56195
-1.7293651 2.0556607 -0.010592236 170.84848
-1.7297353 2.1233361 -0.010556871 168.94408
-1.7544551 2.2332501 -0.0085100373 167.66667
-1.7364089 2.3305767 -0.01125933 168.24138
-1.7007624 2.4226251 -0.0099753179 171.26086
-1.7032863 2.9139426 -0.0050178692 182.5
-1.7018276 -1.1752368 0.047470462 164
-1.760287 -0.31406802 0.010026943 195
-1.716511 -0.22765574 0.023519112 192.83333
-1.7183044 -0.12716888 0.013912051 158.8125
-1.7524137 -0.059391361 0.015416508 185.01666
-1.7551479 0.050234452 0.010149593 173.03125
-1.733374 0.25140887 0.0069294283 168
-1.798574 0.38174585 0.01311757 160
-1.7671322 0.49118239 0.01793232 158.75
-1.786478 0.72078609 0.0229368 165.8611
-1.7490886 0.84785134 0.050275289 166.07144
-1.7519811 0.96620977 0.037247926 172.33333
-1.7656474 1.0560348 0.028950995 169.33334
-1.745198 1.1502321 0.015968509 170.875
-1.7481275 1.2585176 0.0082814209 173
-1.7573426 1.3303565 0.026172576 166.52666
-1.7574869 1.4585249 0.019963736 172.16029
-1.7478043 1.5665588 0.012937457 172.26746
-1.7758933 1.6852986 0.006635 174.8604
-1.7453282 1.7850538 0.0092161 175.6875
-1.7464987 1.8472966 0.039985761 180.375
-1.7337763 1.9701124 0.041506421 184.7375
-1.7639345 2.0504894 0.034180332 181.27937
-1.7968698 2.1501434 0.014326374 173.09525
-1.7847288 2.2463965 0.052380662 181.35555
-1.7365218 2.3569634 0.03999871 181
-1.7270925 2.4559524 0.037748329 182
-1.762219 2.5597174 0.024334589 181.89226
-1.750855 2.6461973 0.035228625 180.22479
-1.746364 2.7604344 0.023558056 171.52222
-1.7524178 2.8641529 0.030924577 174
-1.7392944 2.9556901 0.019146699 165.01158
-1.7544675 3.0510321 0.052730974 159.88048
-1.7595093 3.1444633 0.030031161 161.41667
-1.7117882 3.2921052 0.005789557 149.2
-1.7466929 3.3585181 0.071715109 163.72223
-1.752152 3.4568167 0.082965232 165.77777
-1.7416759 3.5489361 0.085362151 165.5
-1.7466308 3.6438355 0.084599555 161.5625
-1.7746115 3.7314081 0.081003144 159.8
-1.7711346 3.8216197 0.090366893 152.39999
-1.7589796 3.9400501 0.046894394 176.5
-1.7655139 4.0780363 0.025341306 184.33333
-1.7651228 4.1682906 0.026808664 186.5
-1.748896 4.2643809 0.019207872 183
-1.7894979 4.3475533 0.01895304 181
-1.7229023 4.4981565 0.015909055 170.75
-1.7553289 4.6095963 0.011343811 167
-1.7214662 5.0438728 0.07145793 168.93333
-1.7660981 5.1612949 0.084489696 179.93333
-1.7390947 5.289187 0.091669872 167.81818
-1.7540764 5.4823608 0.099225909 151.15152
-1.7063193 0.61893862 0.11998129 148
-1.7095416 0.87446851 0.14226243 163.88889
-1.7331922 2.1857226 0.18311842 201.89999
-1.7857382 3.2579608 0.1000144 161.33333
-1.7551187 3.351794 0.100334 165.25
-1.78081 3.5928323 0.10614838 161.2
-1.7757002 3.6784022 0.10621778 152
-1.7596256 3.8538721 0.11007386 141.7
-1.7564098 4.0751495 0.11884094 137
-1.7725533 4.2446923 0.11879353 129
-1.745846 4.8407574 0.16724911 108.14816
-1.7370114 4.942234 0.1264118 132.46666
-1.7631966 5.1427612 0.11808425 141.125
-1.7361323 5.2791262 0.10868945 176.5
-1.7262418 5.3601398 0.12033023 150.04762
-1.7433623 5.4305849 0.12602569 137
-1.7705685 5.574295 0.13048917 165.69426
-1.731491 5.6814594 0.11617278 169.60001
-1.7753955 5.7810116 0.13772878 131.83018
-1.7592636 5.8861485 0.14355771 183.75
-1.702841 5.9181247 0.13874528 172
-1.7384109 6.0342569 0.14729705 167
-1.7438164 6.1929593 0.15429887 149.5
-1.7286021 6.2054744 0.16420913 141
-1.7163416 2.1766517 0.23010673 203
-1.7032965 4.873734 0.27319625 163.11111
-1.7265674 5.2016587 0.28529823 185
-1.6679502 -0.66048449 -0.0028310346 190
-1.6394244 -0.37966779 -0.01513169 196.8889
-1.6460133 -0.25828728 -0.019650573 196.66666
-1.6230223 -0.026911914 -0.0088109709 181.60001
-1.679523 0.057937574 -0.013248635 186.0807
-1.661942 0.16307393 -0.025890794 171.07143
-1.6452477 0.25644219 -0.036137529 175.03494
-1.6466866 0.35840136 -0.035410818 176.901
-1.6756098 0.4615036 -0.035129346 171.39328
-1.6599483 0.55092669 -0.052224223 167.72653
-1.6467905 0.66014409 -0.038630504 176.58646
-1.6418427 0.76652557 -0.022672288 178.49069
-1.6713506 0.87642777 -0.032101464 181.34421
-1.6485654 0.94861692 -0.048527788 182.86131
-1.6479889 1.0891584 -0.030198731 188.46875
-1.6608104 1.1018215 -0.0037475254 191
-1.6503143 1.2565556 -0.024196781 186.80168
-1.6279124 1.3478806 -0.0096108848 173.33788
-1.6329029 1.4363984 -0.017644418 168.79698
-1.657535 1.5251663 -0.022140739 173.40875
-1.6464863 1.6376655 -0.023131957 167.27829
-1.6806854 1.7234946 -0.0161443 162.8889
-1.6047747 1.9910666 -0.022191469 166.5
-1.6324062 2.040102 -0.0058258036 165.28571
-1.6450315 2.1099513 -0.0098225093 140.18333
-1.67329 2.2280874 -0.0061398437 146.4375
-1.64267 2.3520091 -0.014302324 134.48692
-1.6141132 2.430325 -0.0097909886 150.0625
-1.6078821 2.5083618 -0.015799018 173.05556
-1.6253273 2.9632545 -0.0040212758 165.66891
-1.6681303 3.0426369 -0.0083532706 161.22221
-1.6337242 3.1689017 -0.0027557556 173.8
-1.6062697 -1.4713681 0.055286843 159.33333
-1.6717983 -1.3316637 0.056793135 161
-1.6245261 -1.1367356 0.0475186 169.25
-1.6979609 -1.0182183 0.038739778 166.5
-1.6981986 -0.87550622 0.031834837 167.25
-1.6625463 -0.73932117 0.025676962 175
-1.6697676 -0.32880661 0.021976244 165
-1.6164861 -0.2494649 0.020918813 191.90909
-1.6325694 -0.15021414 0.021927496 163.32587
-1.6487217 -0.030154215 0.0095105562 180.33334
-1.6889498 0.036027122 0.012848257 158
-1.6609372 0.16470163 0.0042118789 164.5
-1.6472893 0.29154968 0.00047655765 197.5
-1.6489432 0.33020172 0.0074135936 163.875
-1.6438582 0.47188708 0.013798665 142.66667
-1.6683412 0.71931416 0.019033629 145.33333
-1.6510115 0.8507036 0.026794693 159.32539
-1.6643937 0.97189319 0.0097767981 171
-1.6633954 1.0217643 0.022749489 168.0625
-1.6416174 1.1555872 0.014952925 175.67667
-1.6669556 1.236993 0.024153313 171.33333
-1.6645557 1.358109 0.01645769 163.91454
-1.6591995 1.4528507 0.01715689 157.95952
-1.6959555 1.6599637 0.009365133 169.29411
-1.6309075 2.1601925 0.0015917326 161.94089
-1.6357725 2.2579591 0.004822881 160.75436
-1.6948472 2.4974878 0.0015474479 132
-1.6804729 2.5407636 0.031750504 180.10834
-1.6469897 2.6550844 0.024124773 145.5
-1.6282065 2.736155 0.022761233 158.50694
-1.6612043 2.8312409 0.013721544 154.14421
-1.661419 2.9319143 0.022643855 152.27026
-1.6611654 3.0609465 0.086473145 164
-1.6157551 3.1306822 0.095453419 166.11111
-1.6922277 3.2441013 0.09697976 165.8
-1.6312259 3.3400118 0.079247914 162.90866
-1.6469178 3.4322357 0.050572082 152.62666
-1.6564285 3.5349104 0.082894422 166.75992
-1.6500922 3.6490569 0.089602016 157.38628
-1.6555309 3.741766 0.094380528 160.96666
-1.6440188 3.8367443 0.093254581 163.08334
-1.6857222 3.9436367 0.058931492 170.625
-1.666677 4.0720439 0.05740799 167.91667
-1.633895 4.187459 0.018394601 176.33333
-1.6394869 4.2945251 0.010512976 170.5
-1.6137376 4.5612769 0.0059457673 159.33333
-1.6426609 4.6979275 0.0094722612 192
-1.6635605 4.7043328 0.096261032 214
-1.6326051 4.9797401 0.060010172 161.85001
-1.629492 5.0899 0.059439976 168.8
-1.6707133 5.1410351 0.089009173 175.5
-1.6193901 5.2425728 0.086411059 172.47569
-1.663478 5.3160901 0.094323784 182
-1.6594225 5.4864573 0.095895164 152.68965
-1.6583309 5.586751 0.079204246 152.20238
-1.6702498 5.6810336 0.082487486 157.39772
-1.6770552 5.7576323 0.094943643 157.92
-1.6686797 0.58477789 0.19061722 124.66666
-1.6712415 3.7491488 0.10252971 160.375
-1.6471096 3.8386037 0.10951168 150.22223
-1.6756564 3.9600189 0.11260627 142.75
-1.6235582 4.032692 0.10883153 141.16667
-1.6997303 4.1425095 0.11819042 136
-1.6300178 4.7454004 0.15169603 234.33333
-1.6695825 4.9378128 0.10735399 141
-1.6398944 5.1967788 0.11063848 136.66667
-1.6278253 5.3772717 0.11545977 138.38635
-1.6706753 5.4852881 0.11687345 169.05556
-1.6197124 5.5675712 0.12039811 153.08334
-1.6892115 5.6744709 0.14994553 118
-1.6069621 5.7110271 0.11353123 173.66667
-1.6759083 5.9326005 0.14628215 161
-1.6605735 6.0925288 0.14178763 148
-1.6393279 6.1072011 0.14937286 142
-1.6800056 6.2528901 0.15939456 133.5
-1.6195796 6.3108459 0.15834601 125.5
-1.6591257 5.0855517 0.23873173 142.3718
-1.5773814 -0.7658639 -7.81567e-05 189.66667
-1.5524168 -0.60405707 -0.0048895348 199.75
-1.5641899 -0.45909068 -0.041920923 167.5
-1.5349095 -0.35749325 -0.011366586 198.5
-1.5311753 -0.25629565 -0.0348696 175.33333
-1.5426502 -0.11622029 -0.054730635 152.39583
-1.5502082 -0.028991282 -0.023631088 190.22223
-1.584595 0.072302438 -0.019260973 184.52831
-1.564473 0.15313511 -0.021318026 188.43304
-1.5693498 0.24716191 -0.005967712 192
-1.5488487 0.34732097 -0.037571918 178.2574
-1.5519258 0.44692096 -0.040826332 174.12668
-1.5743526 0.55714697 -0.022626748 179.10774
-1.57567 0.65163845 -0.035249479 176.3092
-1.5491347 0.770724 -0.03128485 185.0463
-1.5539616 0.84471428 -0.037100643 181.9463
-1.5434612 0.94344306 -0.035505936 183.58768
-1.5211818 1.0575377 -0.03296696 182.57677
-1.5524532 1.159713 -0.030650737 184.85454
-1.5678716 1.2635412 -0.029863836 179.56332
-1.5503078 1.3402094 -0.016246336 177.06805
-1.543108 1.4601697 -0.029056083 178.3833
-1.5559024 1.5644188 -0.029245622 171.09901
-1.5400734 1.6386256 -0.023680627 168.76001
-1.5285363 1.7920607 -0.029772306 142
-1.5428734 1.9765844 -0.02655053 182
-1.5722017 2.1341996 -0.015194006 147.20949
-1.535969 2.2551434 -0.020665187 140.80809
-1.5590349 2.335542 -0.015552483 139.10316
-1.5255049 2.4459043 -0.014239066 152.85556
-1.5451742 2.6420212 -0.00077843526 151.36365
-1.5016787 2.7871368 -0.0037481654 183.85715
-1.5353438 2.8899245 -0.0025792127 186.42857
-1.5403849 2.959434 -0.028430508 159.44266
-1.555503 3.0452356 -0.01174778 181.375
-1.599216 3.1131063 -0.0092958361 181
-1.5421119 3.2434332 -0.0088410694 168.5
-1.5862441 3.3360882 -0.0049893823 153
-1.5111859 3.5287347 -0.003120264 124.66666
-1.5122145 -1.6012474 0.065286823 152
-1.5120256 -1.5968934 0.053697374 155.5
-1.5229987 -1.3951973 0.048806477 169
-1.5983356 -1.279631 0.050063852 167.5
-1.5153652 -1.080978 0.043471541 175
-1.5525819 -0.96834964 0.037866432 174.875
-1.5579429 -0.84808499 0.031981599 180.125
-1.5757066 -0.73521441 0.028889297 186
-1.5619881 -0.62086636 0.024615806 184.8
-1.5385616 -0.51223737 0.027074752 183.33333
-1.5875226 -0.31485832 0.026478387 168.75
-1.5190245 -0.25465596 0.020941345 190.84723
-1.5309733 -0.15151693 0.027777713 169.77777
-1.5447103 -0.038466845 0.0090847509 183.5
-1.5595174 0.076314412 0.030842921 170
-1.5446599 0.26329437 0.009746816 174.75
-1.5424856 0.34230739 0.0038807846 188.75
-1.5467346 0.44234958 0.019517738 148
-1.5240791 0.56957442 0.043019027 122
-1.5042707 0.67360282 0.081240445 131.47917
-1.5314746 0.74027234 0.046283182 129.73334
-1.5384361 0.9460209 0.02050844 165.6111
-1.5609456 1.0742314 0.018781966 171.26666
-1.5502558 1.1664368 0.01389905 178.16667
-1.547577 1.2359542 0.014057698 172.40001
-1.5334767 1.3338435 0.020098194 153.9375
-1.5074441 1.4368929 0.013610908 137.5
-1.5678191 2.3276711 0.0053584469 155.57143
-1.5373211 2.401355 0.063603632 134.41379
-1.5811963 2.5946443 0.022532951 148.54166
-1.5929168 2.6696868 0.0059143049 182.33333
-1.583329 2.7466846 0.01845884 157.49792
-1.5644765 2.8489411 0.0144924 161.2252
-1.574749 2.9087963 0.0094577055 129.9375
-1.5470434 3.1475599 0.096136644 160.75
-1.5808815 3.2263112 0.094119161 159.45
-1.5761949 3.3476501 0.079058252 152.7807
-1.5482672 3.4452727 0.078426629 154.60381
-1.5389779 3.5272436 0.071564376 150.02991
-1.5693289 3.6525528 0.083095513 146.55927
-1.5649005 3.7522929 0.079559594 160.56181
-1.541167 3.8563848 0.094701469 157.5303
-1.5815691 3.9461505 0.092234053 166.55556
-1.5849092 4.0310969 0.084511027 170
-1.589002 4.1320171 0.081951447 166.83333
-1.543983 4.2257652 0.085964568 158.16666
-1.5899624 4.9573975 0.087258041 148.5
-1.56016 5.0950246 0.071033366 165.25
-1.5655847 5.3420334 0.091008119 172.18056
-1.5816302 5.4800701 0.098138563 181
-1.5776371 5.5522342 0.086051136 150.18484
-1.5574877 5.7067695 0.094268888 161.18182
-1.5014186 0.81304163 0.15162185 129.125
-1.5457104 2.4710801 0.12891133 145.45999
-1.5464077 2.5275238 0.17164384 147.16666
-1.5558146 3.8429568 0.10434856 153.90909
-1.5465798 3.9247112 0.10829312 147.25
-1.5684971 5.2305489 0.11529627 129.83333
-1.5709168 5.36901 0.10406528 164.375
-1.5485648 5.4594975 0.13278458 152.46666
-1.5863863 5.5530782 0.14395329 130.5
-1.553502 5.6014528 0.11186668 170.5
-1.5607177 5.7340183 0.11282698 160.71819
-1.5889294 5.9818473 0.13954678 145.33333
-1.5549926 6.1702318 0.14426659 131.25
-1.4366604 -0.65133107 -0.0012385508 198.33334
-1.4458094 -0.56627631 -0.048794769 161.33333
-1.4615468 -0.43541107 -0.033721715 178.08333
-1.4774417 -0.34731963 -0.017328389 194.75
-1.4342376 -0.25655112 -0.038764428 158.47501
-1.4229364 -0.12590732 -0.0066448515 181.625
-1.4208653 -0.064126693 -0.015897641 194.5
-1.454142 0.0035452505 -0.025435079 173.5
-1.4665561 0.14830433 -0.02525926 187.2993
-1.4466968 0.24792522 -0.047845043 172.55083
-1.4518462 0.36290792 -0.043994542 179.21974
-1.4263906 0.45742807 -0.033604417 174.84578
-1.4574494 0.54847944 -0.036716957 171.80197
-1.4479196 0.65675789 -0.039421648 171.7368
-1.4585084 0.78731012 -0.041781977 183.84978
-1.4376556 0.85308778 -0.030181045 182.44075
-1.4336824 0.94701201 -0.034718096 186.10603
-1.4554987 1.0352658 -0.024173627 186.42201
-1.4442393 1.1374825 -0.039747097 177.85526
-1.4527491 1.2561963 -0.029823376 176.69208
-1.4448159 1.3576628 -0.030112254 179.66347
-1.4275299 1.4448786 -0.027519098 175.49117
-1.4415793 1.55867 -0.02095353 172.5739
-1.4373363 1.6298515 -0.040198829 165.15437
-1.4907312 1.7125093 -0.033791225 154
-1.4645144 1.9646637 -0.029765109 188.91666
-1.43641 2.0533035 -0.030360729 168.2811
-1.4818382 2.1482744 -0.037906397 151.70163
-1.483321 2.2629504 -0.044170499 155.84091
-1.4196951 2.3207531 -0.028515659 132
-1.4580407 2.42242 -0.038112231 112
-1.4496806 2.5589252 -0.0032415593 136.5
-1.4467216 2.6801801 -0.012988579 177
-1.4584656 2.7413509 -0.02098047 179.41667
-1.4193064 2.8646472 -0.018335991 182.76767
-1.4446245 2.9789188 -0.014772849 176.61528
-1.4567835 3.0786467 -0.017125126 165.17499
-1.4478022 3.1381421 -0.0086214552 142.74622
-1.422936 3.2577589 -0.018442959 174.25
-1.4569108 3.3614712 -0.013470493 155.83334
-1.4858389 3.4520609 -0.005825235 134
-1.4087788 -1.7197689 0.066123135 145
-1.4316643 -1.5025736 0.049704928 169
-1.4522141 -1.252726 0.050158318 177.89999
-1.4100453 -1.0281742 0.042478524 182.83333
-1.457001 -0.93720001 0.042170361 183.33333
-1.4557229 -0.8288666 0.019409332 192.3
-1.4609928 -0.72782618 0.027109593 192.33333
-1.4545038 -0.62881738 0.024136387 192
-1.4671059 -0.52653491 0.024274159 191.75
-1.4374176 -0.28325111 0.036087722 167.62962
-1.4377022 -0.16947371 0.023215069 178.0625
-1.4451029 -0.069801323 0.0084060179 180.06667
-1.4294976 0.04055465 0.064583361 173
-1.4726788 0.1191759 0.031255651 166
-1.461113 0.2520057 0.0098232776 183.16667
-1.4475876 0.35631087 0.014566828 183
-1.4498779 0.46645418 0.0047169239 188.03333
-1.4259727 0.54588926 0.015104143 158.875
-1.4690287 0.63971168 0.059864163 142
-1.4510272 0.73365849 0.060086649 156
-1.4549845 0.84919989 0.026239654 162.125
-1.4010136 0.91708785 0.0069724317 168.55
-1.4904754 1.0963783 0.015158278 168
-1.4558057 1.1385493 0.014172904 163.86111
-1.453536 1.2409981 0.021454835 165.29167
-1.4843478 1.381166 0.038439661 147
-1.4721476 2.6467044 0.0012021178 130
-1.4296483 2.7889557 0.054592662 156.66667
-1.4785488 2.8196673 0.0063224253 123.4
-1.4509504 2.9253628 0.062017731 148
-1.4490703 3.0349643 0.068188235 148.75
-1.4359252 3.1602612 0.075890109 133.99039
-1.4372995 3.2522743 0.070484966 143.07431
-1.4710498 3.3317745 0.073192514 135.46129
-1.4353482 3.4524598 0.053877506 141.93123
-1.4209572 3.5749524 0.063866861 137.10966
-1.4526727 3.6473181 0.054416846 156.5594
-1.4688265 3.7226863 0.067232929 160.55
-1.4781451 3.83006 0.080465116 160.11508
-1.4509184 3.9513395 0.08714623 163.875
-1.453914 4.0267811 0.088102676 171.075
-1.4980992 4.1424227 0.081784874 170.39999
-1.4853987 5.0659776 0.069236107 157.5
-1.4135684 5.1949339 0.071790136 153.5
-1.4855453 5.2125316 0.072571039 166
-1.4591961 5.3465872 0.081398249 162.25
-1.4551666 5.4815364 0.093262061 160.66667
-1.4683344 5.6126752 0.097077921 158
-1.4857258 5.7616482 0.082039505 161.34711
-1.4383969 3.3259938 0.19566117 122
-1.4263585 5.6188536 0.10334131 148.5
-1.4496361 5.7534099 0.11193892 140.66666
-1.4649882 5.8888907 0.10875742 158.84146
-1.45989 5.9834914 0.12445681 167.80952
-1.4588528 6.059866 0.12830004 140.1389
-1.4090282 6.2338853 0.14426406 180
-1.4940518 5.59201 0.23948732 129.58333
-1.3397311 -0.65768391 -0.0011301633 196.60001
-1.3445946 -0.56267005 -0.029387746 163.6875
-1.3634409 -0.46474463 -0.021508932 154.75
-1.3446367 -0.36052632 -0.022758758 177.63333
-1.3460069 -0.23795553 -0.03276046 170.5
-1.3603094 -0.11621245 -0.044589974 168.48334
-1.3373766 -0.079840958 -0.020994734 188.60001
-1.3349619 0.049860008 -0.028084006 181.69388
-1.3659352 0.13705523 -0.028184561 185.47752
-1.3095918 0.25338089 -0.047617409 180.33749
-1.3540539 0.34367561 -0.036205512 177.02142
-1.3520169 0.42852902 -0.03454506 174.95868
-1.3503857 0.54256237 -0.038399827 166.41345
-1.3484924 0.63235295 -0.029712776 170.36617
-1.3487109 0.73906225 -0.039950546 177.4586
-1.3273697 0.84109885 -0.029035933 180.22256
-1.3526869 0.9639256 -0.026462752 183.87038
-1.3641107 1.0451891 -0.033327144 177.68094
-1.3632836 1.1587361 -0.050593302 178.71567
-1.3474566 1.2352836 -0.033637866 181.83566
-1.3422188 1.3592854 -0.032573488 181.51428
-1.3632671 1.4479945 -0.023783952 169.17958
-1.3405442 1.5460069 -0.039552458 155.25
-1.3377875 1.6385043 -0.047538403 158.95538
-1.3129884 1.7768707 -0.031404167 169.55797
-1.3375804 1.8668776 -0.026785996 174.67706
-1.348086 1.948471 -0.029680928 173.14827
-1.3418684 2.0516217 -0.02898496 167.64415
-1.3642997 2.1537745 -0.034896899 154.60507
-1.3552513 2.2261562 -0.032510914 150.0303
-1.3039739 2.3140402 -0.015178118 157.625
-1.3651557 2.4417937 -0.016723052 132.03175
-1.3026545 2.5246329 -0.021993238 155
-1.353358 2.62462 -0.042382967 168.3858
-1.3668391 2.7202072 -0.01837616 156.11935
-1.3304822 2.8171904 -0.028136579 178.33333
-1.3403095 2.9326859 -0.018790158 184.25
-1.3459458 3.0308065 -0.017680481 187.66666
-1.3914304 3.1637003 -0.019892065 183
-1.323422 3.2448242 -0.0058312658 143.21428
-1.3558283 3.3629882 -0.012187518 166.47437
-1.3552271 3.4427309 -0.00062742579 171.375
-1.3597512 3.521656 -0.0031782372 116
-1.3790106 3.6105242 -0.008136807 119
-1.3251799 -2.2955451 0.029870598 203
-1.3228592 -2.161561 0.033750828 201.66667
-1.3450483 -1.6225158 0.062722176 157.33333
-1.321425 -1.5817306 0.04864056 167.5
-1.3640234 -1.4269084 0.056789305 175
-1.3291339 -1.3847619 0.051724188 175.5
-1.3554932 -1.2088839 0.047856942 180.83334
-1.3410769 -1.1495023 0.033552643 185.53333
-1.3992684 -0.91561472 0.036445078 188.60001
-1.3506224 -0.84931082 0.02664566 193
-1.3720562 -0.74929261 0.020164367 195.33334
-1.3646274 -0.61656624 0.029472729 192.25
-1.3976537 -0.54006594 0.020377247 193
-1.3128355 -0.2627227 0.013679431 191.83333
-1.3264605 -0.14849029 0.022737326 189.04546
-1.3550078 -0.045741472 0.0085453698 181.94958
-1.3151195 0.010027291 0.049463261 180.16667
-1.382885 0.10926627 0.032046881 181.75
-1.326273 0.22524063 0.01663284 192.33333
-1.3673706 0.36690584 0.024268964 184.33333
-1.3442825 0.45337349 0.026046976 168.08186
-1.3364522 0.51029474 0.087146342 135.38095
-1.3482379 0.63559669 0.057950348 152.57143
-1.3326336 0.85405141 0.0097480984 170.60001
-1.3579481 0.94895101 0.011077495 172.83334
-1.3562623 1.0513505 0.0086480156 164
-1.3637915 1.1264707 0.016610639 159
-1.3642557 1.2900639 0.036902774 146
-1.370973 1.5486666 0.004367894 149.8625
-1.327909 2.735512 0.054540452 165
-1.3648773 2.8211689 0.056885399 161.75
-1.3640248 2.9343829 0.032966781 152.66666
-1.3441695 3.0377083 0.034076679 150.81581
-1.3475132 3.1452527 0.036276918 129.54861
-1.3712878 3.2529793 0.031683125 140.87
-1.3256541 3.3533816 0.052777283 148.48572
-1.3356999 3.479028 0.044399321 148.62511
-1.3432257 3.5492549 0.044205476 144.36862
-1.3677299 3.6488311 0.033003464 153.79747
-1.3469146 3.7234154 0.068264827 134.99324
-1.3455715 3.8216653 0.048759677 148.77551
-1.3971291 3.9349704 0.074387163 156.1875
-1.3568908 5.335196 0.081475809 146.33333
-1.3610342 5.4831238 0.095428668 143.5
-1.3718894 5.7258739 0.074653022 163.35803
-1.3824784 5.8037705 0.077275999 164.47552
-1.3224679 -0.13063665 0.13300194 162
-1.3464178 0.56526095 0.12782617 125.35715
-1.3616264 0.68938398 0.10799233 121.5
-1.347327 0.79913968 0.1287276 135.75
-1.319479 0.91898501 0.13677584 168
-1.3026512 1.3189646 0.10147258 132.16667
-1.3842508 3.4658751 0.12311533 134
-1.3241297 5.5641437 0.13348319 191.5
-1.3411822 5.6400547 0.11805116 163.25
-1.3237848 5.7296357 0.14487992 192
-1.3545672 5.8629742 0.12785028 176.35275
-1.3918601 5.9924531 0.12424891 166.39131
-1.3529871 6.0953789 0.12108694 171.70312
-1.3925027 6.1549373 0.15322337 177.08749
-1.3365723 6.2668014 0.16173941 183.42888
-1.3694458 6.3725905 0.18051708 188
-1.3488817 6.4871111 0.17497444 188.5
-1.3247221 6.419045 0.24068788 197.45834
-1.2719047 -0.71786892 -0.021405192 151.5
-1.2397873 -0.54805833 -0.045875538 164.29166
-1.249127 -0.47407836 -0.024620019 178.42221
-1.2495632 -0.3558065 -0.043368738 181.48572
-1.2576844 -0.23461744 -0.026271861 179.09999
-1.250399 -0.11425386 -0.058826398 176.83334
-1.2516555 -0.085009292 -0.025707381 183.55682
-1.2681065 0.023970289 -0.036520004 179.41299
-1.2448668 0.13165694 -0.026415706 187.75
-1.2382653 0.23647678 -0.036278952 176.98572
-1.2712452 0.35839319 -0.044512682 180.49809
-1.2592776 0.44881496 -0.039350562 171.60934
-1.2686605 0.52283806 -0.049672924 169.05782
-1.256439 0.62710923 -0.052089453 175.29579
-1.2429166 0.74068969 -0.042914223 170.13354
-1.2635123 0.85317558 -0.041549686 170.83832
-1.2451819 0.94426346 -0.032182593 177.28316
-1.2644165 1.0494963 -0.040644549 180.61072
-1.2595282 1.1385001 -0.031600218 178.23567
-1.2485749 1.2507353 -0.034887951 179.04564
-1.2531685 1.35858 -0.021228379 164.21481
-1.2206331 1.4626687 -0.030500062 158.34737
-1.2294673 1.5757849 -0.028058806 176.39677
-1.2407397 1.6426359 -0.042957716 170.23421
-1.2478365 1.7460941 -0.056784987 172.35251
-1.2515962 1.8510129 -0.03026191 177.92525
-1.2441503 1.9417725 -0.041806757 174.25803
-1.2527717 2.0374629 -0.034910839 177.84084
-1.2708621 2.1429834 -0.031343155 159.53613
-1.238837 2.2339745 -0.048185505 160.99304
-1.2595748 2.3341546 -0.025217745 150.53143
-1.2416477 2.4649615 -0.018881949 170.64102
-1.2196479 2.5664737 -0.0480415 162.82524
-1.2589784 2.6543856 -0.0032865638 140.25
-1.2699409 2.7416019 -0.055861142 170.09412
-1.2600372 2.9582369 -0.0084161786 143.42691
-1.2582049 3.0604045 -0.0056107775 141.97917
-1.2607837 3.1675067 -0.0024591468 143.16666
-1.2325509 3.2846792 -0.017453123 166.93243
-1.2034814 3.3179755 -0.014160065 166.25
-1.238145 3.4360819 -0.0096141249 161.0119
-1.2176838 3.5087509 -0.0077261082 119
-1.24256 -2.5613821 0.022585275 204
-1.2944432 -2.4264617 0.020790648 205
-1.2318739 -2.3784006 0.029082736 202.33333
-1.2844572 -2.2698646 0.027164694 202.66667
-1.2191095 -2.1179628 0.041241854 198.2
-1.2903522 -1.5357473 0.050889812 171
-1.244188 -1.4522725 0.044234823 184.5
-1.2487242 -1.3182299 0.037004676 188.08334
-1.2064041 -1.2074347 0.022696478 198.66667
-1.2600235 -1.0609641 0.030323027 186.77777
-1.2889429 -0.99429286 0.045024503 187.81818
-1.2829913 -0.86731261 0.025014669 185.64815
-1.2702377 -0.74843174 0.019580211 191.58035
-1.2444508 -0.61423469 0.021231914 191.0119
-1.2762231 -0.56320906 0.003144799 193.39999
-1.219455 -0.24625377 0.013570016 193.25
-1.2473148 -0.1382121 0.02370009 195.07405
-1.2642837 -0.030763846 0.006715002 177.7381
-1.2366049 0.093709596 0.028951811 196.66667
-1.2957187 0.13898185 0.022833904 196.33333
-1.26329 0.32784423 0.026881937 197.5
-1.2715476 0.46700355 0.022008587 197
-1.241021 0.59806365 0.026287137 193.66667
-1.2694968 0.65509963 0.044939265 172
-1.236449 0.85361809 0.076004073 150
-1.2669177 0.94971478 0.0088600628 172.375
-1.2925863 1.0558231 0.008819215 174
-1.257292 1.1780236 0.020182207 153.5
-1.2729363 1.3232114 0.041946556 151.25
-1.2456892 1.6267182 0.0075232503 187.75
-1.2569522 1.7302544 0.0031120933 180.54546
-1.230896 2.0281677 0.023880763 152.8125
-1.248857 2.1468928 0.025528459 162
-1.2711105 2.2462726 0.026485469 153.875
-1.2799919 2.357662 0.0040530646 188.75
-1.246984 2.5813439 0.00039699537 158.75
-1.2130247 2.7705154 0.032719616 144.8125
-1.2364402 2.8635221 0.034929615 146.61667
-1.2358444 2.9428627 0.035397179 159.22223
-1.2196615 3.0600011 0.0094737606 133.83333
-1.2273983 3.1294527 0.033096656 150.83334
-1.2454844 3.2581303 0.047728855 153.72223
-1.2581673 3.3779726 0.034279451 159.09891
-1.2299877 3.4276409 0.036466081 153.98149
-1.2637273 3.5489359 0.041354585 149.05565
-1.2605795 3.6462862 0.05807662 137.28069
-1.2950306 3.7345927 0.041656125 152.425
-1.2313505 3.8423424 0.093316063 116.5
-1.2777951 5.4839501 0.090493388 128.5
-1.272377 5.6400871 0.09614078 123
-1.2733552 5.7162213 0.098895907 163.11842
-1.2451278 -0.069194026 0.15139817 165
-1.2016048 0.29666772 0.10190692 176.5
-1.221501 0.7933591 0.15478687 165
-1.2811848 1.3169086 0.1711448 134.95238
-1.2103264 2.2752104 0.12823051 173.75
-1.206915 5.3615623 0.1143866 191.08334
-1.270733 5.4523206 0.12533359 191.36667
-1.2380433 5.6036658 0.14557569 189.2
-1.2454364 5.7625852 0.1408236 171.70454
-1.2432761 5.8290925 0.14271232 181.58156
-1.2755488 5.9191022 0.14404497 180.7235
-1.245302 6.0362058 0.14632922 183.18773
-1.245868 6.1168909 0.15031794 177.84296
-1.2455833 6.2194886 0.14529608 181.59091
-1.2110127 6.3224697 0.1749094 187.42857
-1.2027241 6.4130244 0.1751579 187.66667
-1.2176344 6.5451827 0.19626732 195.44444
-1.2849716 0.67614686 0.20083928 151
-1.2133592 6.4882302 0.26423681 197.33333
-1.2161865 6.4283619 0.31448185 199
-1.2828974 6.5615668 0.32448325 201.5
-1.1270195 1.445766 -0.12104271 166.81482
-1.1474233 -1.9681059 -0.0073666899 175.75
-1.1705073 -1.7633736 -0.0090466784 148
-1.1295053 -0.9078815 -0.05028788 165
-1.1899005 -0.82238883 -0.019589625 149
-1.1238718 -0.79847175 -0.020351721 158.5
-1.1699462 -0.69420129 -0.017171839 157.25
-1.1591862 -0.44718066 -0.02760208 182.45277
-1.1305381 -0.34181622 -0.05467952 186.73334
-1.1489286 -0.25220796 -0.040342852 187.87122
-1.1625459 -0.13459842 -0.047827777 194.11665
-1.1429207 -0.081331417 -0.04380656 179.07692
-1.1928948 0.098840721 -0.05027077 184.81818
-1.1274039 0.15900677 -0.039394058 183.38225
-1.1729295 0.25414932 -0.038383879 191.875
-1.1729437 0.36056203 -0.046450436 181.06927
-1.1485089 0.44677263 -0.050070081 177.26393
-1.1464884 0.54151779 -0.047655474 172.43362
-1.1565768 0.63820451 -0.043199357 173.67793
-1.1381596 0.74980217 -0.042265479 177.78699
-1.1460474 0.84032404 -0.035088886 168.52388
-1.1450156 0.94817513 -0.03574235 176.37157
-1.1431993 1.0368608 -0.054288015 175.62355
-1.1518309 1.156054 -0.040306896 180.01501
-1.1542006 1.2810318 -0.046750419 172.98529
-1.1265419 1.3612365 -0.031281538 173.07692
-1.1714175 1.5555789 -0.044025186 153.69322
-1.1386442 1.6409014 -0.04128176 163.9912
-1.1560065 1.7611572 -0.043654054 176.06897
-1.146921 1.8581907 -0.039182223 175.30638
-1.1332792 1.9255695 -0.0248894 179.16931
-1.1384057 2.0351377 -0.028642375 163.26752
-1.1494677 2.1473646 -0.034665018 156.26489
-1.1406192 2.2327876 -0.050750408 149.67969
-1.1551373 2.3495815 -0.052506089 149.69833
-1.1304153 2.4391379 -0.042929005 153.74767
-1.1524063 2.5397615 -0.027308604 149.20229
-1.1866598 2.6575055 -0.046907146 164.03703
-1.148362 2.7520857 -0.065830804 168.25
-1.1333923 2.8661511 -0.028633799 165.69243
-1.1532228 2.9522417 -0.021780057 159.44444
-1.1753263 3.0377774 -0.017093649 171.65001
-1.1917101 3.148304 -0.025180189 189
-1.1567546 3.2467365 -0.01689448 175.91666
-1.1707501 3.3339159 -0.0097210407 174.91667
-1.155398 -2.6747749 0.024945881 200.25
-1.1612409 -2.4768448 0.027671224 202.75
-1.1661732 -2.3251376 0.029377755 199.7
-1.1763616 -2.2078888 0.040418629 198.39999
-1.1226445 -2.0779352 0.050089926 194.75
-1.1054425 -1.7831773 0.064621195 151.5
-1.1530226 -1.4614959 0.022012273 198
-1.1545383 -1.3482058 0.039836574 187.66667
-1.1497946 -1.2370296 0.045516491 185.78572
-1.1983324 -1.1080674 0.051812537 183.10001
-1.1328475 -1.0582345 0.027555559 189.71053
-1.1639681 -0.95113438 0.028682265 187.08412
-1.1476216 -0.81039631 0.022419961 182.81548
-1.1691571 -0.74018306 0.026316954 170.04762
-1.154608 -0.64998013 0.02283751 187.99359
-1.1622459 -0.52439082 0.0051605222 187.83334
-1.1386871 -0.20851508 0.020187564 194.83334
-1.1305144 -0.1466722 0.024482673 180.26785
-1.1366967 0.081998006 0.034857437 193.83334
-1.1821183 0.19074681 0.019792611 196
-1.1540723 0.28052759 0.044425655 175.39999
-1.1423969 0.33907506 0.031075306 197.5
-1.1916187 0.42409655 0.027329206 198.75
-1.1505729 0.53430742 0.030180661 199
-1.1471195 0.68974096 0.02829594 191.66667
-1.1536493 0.75677913 0.015675256 154.58928
-1.1589893 0.84465241 0.037078444 160.24721
-1.1334243 0.98116559 0.019029073 162
-1.1437585 1.1724206 0.002966298 136
-1.156642 1.2330871 0.070249289 187.375
-1.158316 1.663095 0.011543551 181.8485
-1.1621445 1.7107325 0.0054784282 185.71428
-1.1851989 2.2378681 0.024863707 164.61113
-1.1624151 2.6015685 0.024244191 143
-1.1575828 2.7337127 0.060200896 139.6875
-1.1468184 2.8749838 0.041770142 155.7738
-1.1345115 2.9661243 0.022331586 160.2787
-1.1410553 3.0465631 0.0360796 163.90833
-1.1705428 3.1435957 0.020864913 148.18547
-1.1518966 3.3510199 0.031504843 161.37013
-1.131657 3.4416409 0.03083631 155.88123
-1.1787959 3.5323617 0.047717988 146.57375
-1.1486773 3.666085 0.051842034 139.50064
-1.1745104 3.7627068 0.05329622 131.41667
-1.1478963 3.8224185 0.02091836 133
-1.105518 3.9168882 0.051490191 123.33333
-1.1512641 5.6545763 0.076161653 169
-1.1788658 5.7174888 0.093346626 166.47058
-1.172622 -0.21204783 0.11558149 163
-1.1690488 -0.13160567 0.17110074 148.5
-1.1717762 -0.077891141 0.1793814 153
-1.1636302 0.89776111 0.12720966 131.36363
-1.1976416 0.94726902 0.15959707 163
-1.1690754 1.2848715 0.11503329 177
-1.1820161 2.1671383 0.15324782 146
-1.1769825 2.7512083 0.12245488 131.84
-1.1854134 2.8392377 0.17290051 129.5
-1.1599958 2.9280939 0.16573192 136.5
-1.112208 5.1392083 0.1086848 176.33333
-1.1350313 5.2828946 0.12022265 187.83333
-1.1592672 5.5486226 0.13700448 187.1875
-1.1213801 5.6935601 0.14162849 182.45
-1.1358215 5.789741 0.1465223 182.1413
-1.1484472 5.8532825 0.11856885 173.47714
-1.1500058 5.9340544 0.15339005 174.49309
-1.1562817 6.022192 0.13850625 178.32475
-1.1985135 6.2197628 0.16311811 183.4375
-1.1191696 6.3065381 0.17666949 188.28572
-1.1299486 6.4417214 0.17481023 189
-1.1374078 5.9128327 0.25776181 149.42857
-1.1107937 6.4852939 0.23364127 199.85715
-1.1106488 5.917666 0.30354562 152.42857
-1.115683 6.422143 0.30884519 196
-1.071998 1.3437515 -0.12479702 167.57834
-1.048232 1.4487901 -0.11586478 166.02206
-1.0384948 -2.0364084 -0.012553923 194
-1.0534341 -1.8598484 -0.014005831 173.16667
-1.051443 -1.6523552 -0.010616964 147
-1.0868406 -0.90186638 -0.012192082 157.75
-1.0615172 -0.85283118 -0.060722347 184.25
-1.0257903 -0.76308566 -0.02197676 167.8
-1.0669485 -0.67186451 -0.019056903 162.39999
-1.0633631 -0.54861373 -0.012829125 178.61333
-1.0498701 -0.45566478 -0.031513091 183.02942
-1.0407298 -0.3495388 -0.040521782 191.84616
-1.0620162 -0.23089267 -0.044239536 185.18225
-1.0731137 -0.12163556 -0.070726261 184.20386
-1.0319201 -0.067087963 -0.044904534 182.44827
-1.0395672 0.069312632 -0.046061024 182.81
-1.029803 0.14374371 -0.029626604 187.69698
-1.0633879 0.25933629 -0.045411214 184.11131
-1.039075 0.38255489 -0.056189474 183.41667
-1.038725 0.46863663 -0.046195094 180.57187
-1.0515417 0.55792314 -0.040208582 179.82492
-1.0427941 0.65893602 -0.042340245 177.03595
-1.0533862 0.75610495 -0.039822645 173.32779
-1.0458505 0.86653644 -0.043936934 174.46164
-1.048753 0.94261199 -0.045541331 172.09782
-1.0445409 1.0562418 -0.031183504 172.04375
-1.0252774 1.1389663 -0.043177772 167.70972
-1.0638672 1.2530218 -0.099084266 168.48276
-1.0767998 1.4607067 -0.03561227 158.9875
-1.0500301 1.5615538 -0.037717417 165.6539
-1.0613211 1.6563505 -0.044866249 178.83057
-1.0642948 1.7711316 -0.045467187 182.43422
-1.054162 1.8743031 -0.03952295 181.78091
-1.0431514 1.9633113 -0.028020518 177.18391
-1.0532191 2.0740404 -0.043760613 163.74603
-1.0421177 2.1665034 -0.02815718 169.04057
-1.0518463 2.2721076 -0.031440537 175.50714
-1.0179218 2.4602673 -0.0087825665 156
-1.029627 2.5487251 -0.068448797 163.00598
-1.0998851 2.6250796 -0.05346949 163.5
-1.0600684 2.7529581 -0.037837632 158.53333
-1.0367393 2.8186007 -0.0597504 175.17949
-1.0325134 2.9533758 -0.019907722 152.35869
-1.0460219 3.0267696 -0.013475543 156.78572
-1.0442091 3.1355958 -0.020547153 177.88889
-1.0042143 3.2857728 -0.007402943 168
-1.0563074 3.3858752 -0.0044984245 165.5
-1.0134135 3.4828959 -0.0042238082 150
-1.0603561 3.5621607 -0.0028054952 146
-1.0747288 3.6471496 -0.0085255569 139.45454
-1.0254089 3.8002813 -0.00076728396 128
-1.0779901 -2.8277996 0.029132381 194
-1.0335627 -2.7424982 0.024740545 201.33333
-1.03196 -2.6803699 0.040214632 147
-1.0505536 -2.5406177 0.029000189 175.9375
-1.0654023 -2.454608 0.029419379 200
-1.058545 -2.3839722 0.027629843 162.73334
-1.0545497 -2.2305932 0.031937677 169
-1.0398964 -2.1278839 0.051491138 191.78571
-1.0478623 -2.0456386 0.052517008 190.83333
-1.0784802 -1.7037028 0.061326962 161.33333
-1.0287428 -1.5611619 0.064991392 174.95834
-1.044472 -1.4450331 0.017817585 194.41666
-1.0788219 -1.3701926 0.013805435 195
-1.0665305 -1.2570403 0.026508221 191.95833
-1.0438207 -1.1449329 0.026594749 189.65894
-1.0083271 -1.0540483 0.018497974 197.5
-1.0577215 -0.93712991 0.018936027 192.46637
-1.0511546 -0.84696424 0.026757078 183.44827
-1.0670916 -0.72900271 0.030682568 173.53125
-1.0670389 -0.63687485 0.028972361 173.625
-1.0679044 -0.58808559 0.011674859 187.11111
-1.0465885 -0.37034389 0.024227876 149.66666
-1.03448 -0.15965469 0.05926425 159.70177
-1.0407534 -0.091436423 0.041873999 190.125
-1.0597022 0.072658956 0.04173138 191.66666
-1.0336236 0.1280822 0.022870241 164.16667
-1.0188297 0.29797283 0.039981049 193.66667
-1.0856214 0.33418342 0.023901071 166.625
-1.0563335 0.48293364 0.015734486 186.83334
-1.0067677 0.51705295 0.034177173 198
-1.0582992 0.60917276 0.030697545 200
-1.0187092 0.74204206 0.026464095 196
-1.044964 1.2500659 0.00059561286 168.57143
-1.0585532 1.3413839 0.0068848277 169.66666
-1.0478673 1.4419034 0.01385376 171.08334
-1.0577658 1.5388205 0.021787319 171.875
-1.0725517 1.6465337 0.025864745 174.55556
-1.0464636 1.7268307 0.038014885 171.25
-1.0562637 2.0200303 0.05454855 158.91112
-1.086158 2.1816564 0.0018043425 185.75
-1.0806577 2.2670667 0.017758748 187.71428
-1.002506 2.3216186 0.0032413716 164
-1.0318925 2.4363806 0.016044309 150
-1.0501163 2.8479433 0.038212094 158.26389
-1.072046 2.9316497 0.017303994 158.55556
-1.0789473 3.0391414 0.049409933 175.13635
-1.0309694 3.1513653 0.021166285 161.63768
-1.0515761 3.254823 0.026706638 168.69193
-1.0501875 3.3435335 0.043217968 160.66431
-1.0509448 3.4555948 0.040549163 149.63065
-1.0688717 3.5530293 0.056050252 142.40161
-1.0901505 3.6010225 0.0066959755 137.83333
-1.0526059 3.7382383 0.04055021 135.875
-1.0547761 3.8032165 0.085702986 125.5
-1.0776609 3.9826694 0.011577981 124
-1.0410478 4.0672045 0.0085821142 115.5
-1.0723037 5.6358027 0.092608131 176.35294
-1.0706009 5.718996 0.091831259 174.3158
-1.078163 5.8245249 0.09482304 174.3421
-1.0662855 -0.14498319 0.12881747 134.46153
-1.0413024 2.4743273 0.12645388 134
-1.0863452 3.0714653 0.10535033 145.5
-1.0842457 3.1334789 0.10130952 133
-1.0303136 5.0707326 0.10300807 178.5
-1.0473257 5.1567168 0.10722107 182.5
-1.057516 5.2412105 0.11117437 186.39999
-1.0719701 5.3893533 0.1313404 189.66667
-1.0847499 5.4688497 0.12733199 187.25
-1.0517789 5.5761395 0.12866661 181.65218
-1.0423073 5.6649776 0.12754539 178.13637
-1.0048091 5.7667246 0.1271672 172.61539
-1.0785506 5.9323812 0.12288728 176.88335
-1.0498981 6.060452 0.13158558 180.82222
-1.0749136 6.136354 0.15300503 183.30005
-1.0079734 6.2220597 0.17281406 188.3
-1.0250514 6.4379578 0.19536023 196
-1.000748 6.4309258 0.27829742 199.8
-0.97079474 1.6663016 -0.10594206 172.45833
-0.91500384 -2.1118443 -0.010578798 197.25
-0.94882542 -2.0222249 -0.016568722 199
-0.94557041 -1.9475861 -0.0087402919 177.83333
-0.94390011 -1.5273652 -0.017985642 139.5
-0.9043299 -1.0373459 -0.019813173 175
-0.95384586 -0.93856108 -0.043208204 182.1111
-0.94843853 -0.83090615 -0.017370325 176.81667
-0.94933087 -0.75112259 -0.034061469 188.10129
-0.96988147 -0.63556218 -0.030344907 184.57738
-0.93341249 -0.55594271 -0.022885049 188.54167
-0.96449411 -0.46973771 -0.015124164 180.37242
-0.93100792 -0.33867472 -0.039043047 187.05
-0.94774199 -0.25586531 -0.053928345 186.45613
-0.9465704 -0.15784875 -0.037688185 167.67802
-0.94545871 -0.048021678 -0.024737142 169.9875
-0.94726032 0.039441045 -0.039004296 172.10478
-0.94473374 0.16263272 -0.016820641 159.625
-0.94511229 0.25264612 -0.051557768 179.14999
-0.9338032 0.33462766 -0.044408336 167.09999
-0.93510985 0.45236522 -0.050977759 185.15239
-0.94574463 0.55601531 -0.054086924 177.63347
-0.95549423 0.6456607 -0.03205974 174.94797
-0.95142132 0.77827018 -0.046926476 174.49284
-0.95661283 0.85526252 -0.041493379 171.08655
-0.95131874 0.94859916 -0.042493984 174.93556
-0.94382799 1.0379919 -0.02976688 171.80556
-0.94583148 1.1378696 -0.023938714 164
-0.95124811 1.2233431 -0.028338611 159.78888
-0.92875522 1.3604919 -0.033971258 171.78174
-0.95224375 1.4607346 -0.090795457 166.43434
-0.94647676 1.5520962 -0.053300012 175.89102
-0.94681954 1.6255423 -0.023133898 188.44444
-0.95594555 1.7534181 -0.045565393 186.21756
-0.94005817 1.8522583 -0.045212824 184.8197
-0.9439922 1.9369628 -0.030253602 182.11118
-0.94862491 2.0562265 -0.040551115 173.16931
-0.93790364 2.1606712 -0.031160528 168.64305
-0.93462569 2.2474723 -0.036157005 156.3812
-0.95810735 2.339035 -0.031649355 162.71539
-0.94881552 2.432507 -0.048143215 169.41348
-0.96126646 2.5796804 -0.039770722 158.37575
-0.97141075 2.6845751 -0.074141935 167.07895
-0.96170872 2.7405424 -0.033406567 162.30409
-0.97225565 2.8164134 -0.0090423329 150.2
-0.96597189 2.9646082 -0.044211011 183.95454
-0.92297661 3.0628364 -0.020914331 157.8
-0.91413742 3.1464064 -0.023132198 152.5
-0.98893493 3.2206218 -0.022662869 176.3
-0.95716256 3.3223567 -0.02406786 162.5
-0.93592691 3.4354753 -0.016317889 148.33334
-0.93038547 3.5508609 -0.019499373 130.625
-0.96167839 3.6369519 -0.020291958 123.58334
-0.91469103 3.7489574 -0.012763771 125.25
-0.99948102 3.841723 -0.0075390553 129
-0.9523989 3.9236336 -0.00524433 127
-0.90050381 -3.1002836 0.081837401 145
-0.9507218 -2.9091868 0.024850538 191
-0.94316274 -2.8322833 0.039348796 181.16667
-0.91771591 -2.7987537 0.057296924 156
-0.9432252 -2.6599693 0.042685457 180.27499
-0.93442351 -2.5367084 0.043022227 185
-0.95155734 -2.4483027 0.051586185 195.22858
-0.96259481 -2.3679972 0.043760642 176.2
-0.93611658 -2.2640269 0.046891883 182.02777
-0.94212884 -2.1748023 0.0581153 191.75
-0.94373953 -2.0297287 0.040421095 184.50641
-0.96663064 -1.7308962 0.03435155 152.875
-0.92649096 -1.6259428 0.063151225 170.75
-0.90524679 -1.5237532 0.060506478 180.60001
-0.97700012 -1.4661207 0.046152093 186.20834
-0.93699116 -1.3326654 0.042018171 185.75238
-0.9140681 -1.2372341 0.044984967 182.09697
-0.98071337 -1.1952677 0.018642699 194
-0.95723653 -1.0334533 0.015250568 189.18953
-0.95259207 -0.95863581 0.012312669 187.92424
-0.98695683 -0.81655544 0.0033009399 168.70454
-0.95093364 -0.56594473 0.024805844 148.125
-0.94963533 -0.47049212 0.025462493 156.97501
-0.92157215 -0.36419916 0.020032296 168.8
-0.93953878 -0.12695323 0.030299984 178.93147
-0.95750958 0.072613634 0.036614887 179.11113
-0.9240467 0.1231244 0.028449491 185.76923
-0.96435899 0.21717143 0.023734333 176.73001
-0.94123447 0.33726779 0.044911914 192.62964
-0.96743011 0.4385455 0.027853724 177.33333
-0.93862379 0.53415161 0.034344088 196.5
-0.95207077 0.66310549 0.030918242 199.75
-0.99859071 1.3248559 0.0091511374 170
-0.93570244 1.4412228 0.034948133 148.59099
-0.94494349 1.5402704 0.048525661 151.21819
-0.97082275 1.6326966 0.023436496 169.88889
-0.96895891 1.7532114 0.066988327 157.75
-0.91076899 2.1875877 0.017431291 122.70834
-0.92606604 2.2766244 0.051208567 135.04546
-0.94841391 2.358125 0.05689314 141.21213
-0.93465507 2.7864828 0.025293751 151.69287
-0.94589484 2.8317842 0.019244725 156.10822
-0.9514702 2.9624329 0.027781796 169.10239
-0.92532575 3.0663078 0.025545945 167.05492
-0.94524133 3.1557517 0.027689243 167.20956
-0.95061076 3.2523646 0.029684464 168.87918
-0.96642965 3.3534946 0.044249397 158.90611
-0.95252699 3.483006 0.035303995 161.1019
-0.95668787 3.5494525 0.043648671 150.57889
-0.98398584 3.653759 0.045082789 144.69768
-0.94092047 3.7563074 0.052519657 149.09525
-0.95874292 3.8548827 0.041285709 127.45
-0.95399433 3.9527044 0.046133514 117.5
-0.97555459 4.0454226 0.090317264 117
-0.9543798 5.6400814 0.097885065 181.80952
-0.92678809 5.7426844 0.094868094 163.05971
-0.94627124 0.03917069 0.19788986 167
-0.95023865 1.6722049 0.1289684 135
-0.94469434 3.4687226 0.13036655 129.28333
-0.98921126 5.173646 0.11111651 184
-0.96778506 5.2319269 0.10951776 188.8
-0.96183842 5.3405709 0.12153728 188.13095
-0.96889704 5.4598289 0.12648416 182.5
-0.9696545 5.5522685 0.11792947 177.83333
-0.93088013 5.6435022 0.11396732 178.02777
-0.9646852 5.7330637 0.10501478 180.41667
-0.95155811 5.8514299 0.11852842 179.42021
-0.97319448 5.9431491 0.12323979 177.57143
-0.92008579 6.1420975 0.16130738 188.83333
-0.90853238 6.2642565 0.16988114 185.75
-0.95017684 6.3402667 0.18345545 188.83929
-0.90818918 6.4062905 0.19598506 188.66667
-0.8502568 1.5754602 -0.10200121 171.89473
-0.80000359 2.0793273 -0.10303748 167.16077
-0.83786893 -2.0402808 -0.0081048822 190.875
-0.85267055 -1.9959145 -0.0055636871 165
-0.8753866 -1.8159189 -0.015538666 160
-0.85538077 -1.6505035 -0.018884048 166
-0.86712581 -1.0224876 -0.026983829 180.11459
-0.85965449 -0.99738705 -0.023787105 183.39999
-0.86474502 -0.8510977 -0.044921685 194.77777
-0.83228171 -0.76471084 -0.026739247 187.95557
-0.84879452 -0.67749727 -0.032789931 190.14999
-0.85060853 -0.56003571 -0.041811045 184.58333
-0.85496938 -0.48539597 -0.032283783 173.58749
-0.84640533 -0.3746821 -0.022866191 182.85609
-0.84178603 -0.24420834 -0.05537837 184.58672
-0.84284186 -0.15028386 -0.052448001 174.66765
-0.84191382 -0.044609264 -0.048481811 178.85522
-0.84346926 0.044086926 -0.042389467 163.47437
-0.85848141 0.15280183 -0.022753632 159.04167
-0.83825696 0.27437165 -0.034500174 171.31761
-0.84549803 0.34333846 -0.044008113 172.20102
-0.84575176 0.4556731 -0.038511146 170.35692
-0.85011762 0.5636211 -0.051971707 175.68155
-0.85621935 0.67409748 -0.046231564 170.74168
-0.8637383 0.74931026 -0.024581727 173.11113
-0.83241713 0.84529269 -0.044431139 171.36113
-0.85219878 0.95320719 -0.037239619 162.58333
-0.8502906 1.0410273 -0.045323439 163.5
-0.8533653 1.1491358 -0.03236986 158.5238
-0.85145265 1.2627541 -0.027288983 156.95
-0.85850728 1.3791314 -0.027584286 149.24445
-0.85598922 1.4611932 -0.054462198 164.60507
-0.83370721 1.5535674 -0.019242955 182.16666
-0.86560178 1.6564775 -0.042008597 185.39091
-0.84310812 1.7670809 -0.048721496 184.44702
-0.82554466 1.8318142 -0.017611336 190.2381
-0.84794188 1.9454449 -0.037763845 185.71585
-0.84861875 2.0331059 -0.033554953 183.15843
-0.84972876 2.1563036 -0.048021905 156.30812
-0.84435076 2.2440157 -0.03187301 166.08824
-0.83886701 2.3543801 -0.022867372 164.12291
-0.86740208 2.4497888 -0.039481532 142.47697
-0.87940359 2.5615094 -0.028110892 155.18333
-0.85992837 2.6468425 -0.024247993 144.91333
-0.85846162 2.7335684 -0.060485747 175.90475
-0.88398767 2.8685441 -0.030034063 164.90909
-0.84614587 2.9374266 -0.019705255 166.76666
-0.83211756 3.0609603 -0.018758053 165.39999
-0.82585597 3.1766808 -0.022667702 166.98889
-0.84674531 3.2823405 -0.020448215 155.80833
-0.87212545 3.3623729 -0.015822547 148.60001
-0.8273868 3.4399862 -0.045175254 141.16666
-0.82469958 3.5178187 -0.014108808 134.25
-0.85508734 3.641686 -0.01115332 128.75
-0.85986072 3.8204465 -0.013628049 128
-0.84633452 -3.0617664 0.05742399 161
-0.80438489 -2.9544683 0.03636625 185.5
-0.85346591 -2.8360286 0.047362447 197.66667
-0.85237092 -2.7557247 0.049792707 189
-0.84291953 -2.6496024 0.047637094 191.52083
-0.85851496 -2.5568092 0.040538389 191.70833
-0.85303056 -2.4358552 0.047568534 186.87627
-0.84911674 -2.3704667 0.057437818 190.575
-0.83190352 -2.2561843 0.042285729 184.96011
-0.88336009 -2.1656463 0.046779785 187.59
-0.81686777 -2.0107841 0.027265985 177.8421
-0.84893095 -1.9531634 0.036847755 179.125
-0.82215798 -1.7609839 0.064091787 154
-0.81113601 -1.6304382 0.061393809 168.5
-0.80251396 -1.5282009 0.059281375 177.8
-0.88073975 -1.4522704 0.03714335 185.76509
-0.84145504 -1.3278679 0.023729019 187.23929
-0.84618771 -1.2501613 0.037037011 182.35713
-0.87221146 -1.1432801 0.020857701 186.69188
-0.81239074 -1.0685422 0.033007883 192.58334
-0.859236 -0.92965949 0.047680721 166.18361
-0.87806523 -0.82156312 0.019289542 168.33736
-0.87157631 -0.72842783 0.015486408 168.58163
-0.87201333 -0.66038698 0.008760686 169.2973
-0.88205999 -0.55764598 0.02265582 168.2
-0.83802122 -0.45483556 0.010403509 136
-0.80650264 -0.35908487 0.024829181 174.60001
-0.83968782 -0.16275486 0.011762535 155.15442
-0.84484762 -0.030304695 0.017885858 157
-0.85746068 0.038846578 0.027089503 165.22917
-0.84900433 0.14080104 0.016216122 160.16667
-0.87562448 0.24492154 0.037383128 186.51923
-0.83903009 0.34079543 0.035863463 178.03333
-0.84001452 0.44332528 0.024120511 164.69048
-0.85954827 0.55218047 0.040851709 196
-0.83134538 0.61321718 0.034119926 196.60001
-0.87693149 0.75517225 0.032205183 198.875
-0.85066676 1.4802552 0.038072299 167.08183
-0.8570292 1.5854458 0.02383567 170.5
-0.8812589 1.6861284 0.016734434 169.10001
-0.89933622 1.7847034 0.02105448 175.33333
-0.83564872 1.8081956 0.024862254 174.5
-0.8676281 2.4057231 0.00068019301 149
-0.86692983 2.6728957 0.007802899 158.5
-0.87204921 2.7850542 0.024460474 131.81818
-0.84250855 2.8382413 0.016641052 170.68782
-0.87434137 2.9641445 0.030215548 179.83095
-0.85747999 3.0512447 0.025079647 169.88699
-0.84582835 3.1541786 0.030499291 173.64638
-0.85477465 3.2560439 0.031852618 176.07649
-0.8410114 3.3576722 0.047669422 163.37035
-0.83712143 3.4525802 0.044195227 156.18576
-0.85343754 3.5679333 0.043122068 162.11905
-0.86050266 3.6592374 0.052086949 159.86969
-0.83781028 3.772162 0.021014996 170.79147
-0.81720734 4.1719842 0.062318895 183.54166
-0.85385412 5.627563 0.090811767 166.64444
-0.89536959 5.8401594 0.099209674 162.31081
-0.88741326 5.9070368 0.097372964 161.65517
-0.87248975 -1.0111547 0.13265708 149.3
-0.84145027 0.15614684 0.10438862 181
-0.8170563 1.4865165 0.1062768 147
-0.88646102 2.6647773 0.12147073 132.1579
-0.85467428 3.4454885 0.16234714 143.77777
-0.84922945 3.7596872 0.19431581 137
-0.89252269 5.4288321 0.11423154 181
-0.85567391 5.561523 0.10881854 180.92949
-0.85895669 5.6569171 0.11038376 186.33334
-0.85057062 5.737031 0.11465812 172.82361
-0.83836162 5.823843 0.11106404 187
-0.85728711 5.9620113 0.14175974 188.23077
-0.81842673 6.2120595 0.16071013 180.83333
-0.8051399 6.3525758 0.17985745 164.8
-0.87237817 -1.0429684 0.21541488 129.47368
-0.81639242 0.019256821 0.24029027 155
-0.88408494 5.9575887 0.25505257 157.66667
-0.83103496 6.4757504 0.24252722 208.22221
-0.7420336 -2.1102383 -0.0021025192 191.83333
-0.73364109 -2.0506172 -0.0021427905 193
-0.71393335 -1.914726 -0.014925615 192.33333
-0.76301235 -1.85993 -0.014272694 183.83333
-0.73628187 -1.764528 -0.019302048 185.875
-0.71303326 -1.1151478 -0.028940078 185
-0.73724341 -1.0604473 -0.039393634 188.3
-0.76348287 -0.94169724 -0.036214378 193.58334
-0.75229317 -0.84984511 -0.036353182 192.13635
-0.74797899 -0.75693393 -0.039019432 187.99568
-0.76584953 -0.64259756 -0.026237708 176.02914
-0.74531639 -0.54872352 -0.02886343 179.15942
-0.73822933 -0.45998159 -0.045182977 179.54666
-0.77231479 -0.25440279 -0.054912228 181.19208
-0.74223381 -0.14064296 -0.037128728 174.72995
-0.7122013 -0.011249185 -0.039000638 173.7785
-0.75655633 0.047474969 -0.045872323 174.33531
-0.76997036 0.1514229 -0.02672164 166.49672
-0.74688214 0.26715216 -0.034581967 163.63112
-0.7520774 0.34686169 -0.045596663 173.48389
-0.75115842 0.4517737 -0.04240106 169.50021
-0.7381981 0.55886412 -0.060087427 170.56047
-0.74536878 0.63644719 -0.050486166 165.74074
-0.73954326 0.74974561 -0.03946954 169.65379
-0.76245695 0.85438776 -0.03561087 161.75
-0.7664147 0.94134086 -0.052383371 159.83334
-0.75368953 1.0531348 -0.034967314 159.5
-0.74270165 1.1412624 -0.033982545 158.11111
-0.74310362 1.243821 -0.041682586 160.25
-0.74842972 1.3312935 -0.031505056 157.91667
-0.76240563 1.4658871 -0.034661714 159.80556
-0.7487101 1.5483147 -0.050371058 186.60834
-0.74487895 1.6358315 -0.025821172 180.91667
-0.74675137 1.7696421 -0.034020729 182.20068
-0.72654104 1.8765578 -0.046897911 184.53949
-0.73867285 1.9540181 -0.034323256 189.33333
-0.73667902 2.0512261 -0.057856373 172.58347
-0.78474313 2.1316719 -0.016756855 177.76666
-0.72550172 2.2317488 -0.010723813 142.55556
-0.7256372 2.3477929 -0.016924949 155.3875
-0.76174653 2.463438 -0.02573666 134.66667
-0.74661183 2.5463946 -0.036278844 137.55556
-0.78078973 2.6548023 -0.014370037 149.29166
-0.76925367 2.742286 -0.011454188 116
-0.7644943 2.8361728 -0.021213589 152.6218
-0.77361405 2.9480731 -0.022691965 164.99495
-0.77732325 3.0348735 -0.018978298 153.41667
-0.74250114 3.1248844 -0.022196934 146.675
-0.75072503 3.2241211 -0.025818892 152.66667
-0.73820364 3.3310678 -0.026250718 141.22223
-0.77815437 3.4170246 -0.021406578 138.5
-0.77663767 3.564106 -0.036927324 123.16666
-0.77101457 3.6339052 -0.047595371 114
-0.72055554 -3.3409572 0.097732298 153
-0.76112986 -3.0219026 0.075388439 168.91666
-0.7628063 -2.9295502 0.022445114 193.875
-0.75820881 -2.8690891 0.044290129 184.08888
-0.74310184 -2.7432768 0.047573578 188.61905
-0.74483794 -2.639329 0.046771649 194.96875
-0.75234872 -2.5499644 0.045649536 190.38942
-0.75677061 -2.4474471 0.046090782 189.25128
-0.74873137 -2.3663647 0.055729851 182.89459
-0.7604081 -2.2651594 0.043878827 186.34853
-0.75037128 -2.182482 0.010958907 187.34492
-0.77432746 -2.0914271 0.024643991 177.66667
-0.75456285 -1.9375632 0.01213223 172.61162
-0.71146983 -1.8888603 0.027149068 171
-0.76514804 -1.5060949 0.020543952 180.09091
-0.77022541 -1.4209106 0.030620053 180.43077
-0.7431789 -1.337203 0.044330478 182.56548
-0.74858958 -1.2296621 0.037490342 185.75
-0.7980656 -1.1259948 0.017461888 176.7619
-0.75375289 -1.0396882 0.045807209 182.20312
-0.78771877 -0.92495531 0.022382379 166.94872
-0.78291363 -0.82494515 0.009299513 167.24265
-0.74325466 -0.70844406 0.0098957922 182.43021
-0.77017862 -0.66153932 0.016414467 158.78889
-0.76041287 -0.55221522 0.018002102 164.07857
-0.75624853 -0.43859795 0.029233193 157
-0.70597267 -0.35454586 0.02801298 165.85715
-0.75063038 -0.27668962 0.05476591 159.62222
-0.75392228 -0.16559763 0.021785825 146.5
-0.75705659 -0.028091606 0.036147904 154.41319
-0.76321447 0.058454216 0.034130547 160.2
-0.74473238 0.14972024 0.016269572 171.88908
-0.75671393 0.24063994 0.026830589 172.875
-0.74958783 0.35203752 0.01558521 167.91153
-0.74837792 0.42075452 0.047734417 188.35715
-0.72108859 0.55574328 0.030750059 173.72223
-0.7229352 0.65447611 0.038287144 196.2
-0.75783592 0.77231544 0.032210778 200
-0.75159645 1.7558382 0.014955283 169.04166
-0.72285074 1.8508377 0.024164421 163
-0.70379668 2.3189292 0.042033661 187.39999
-0.73797446 2.6684284 0.023712356 163.66667
-0.77788335 2.7473283 0.023400774 170.33334
-0.73308039 2.851279 0.019077776 176.98811
-0.76863825 2.9603119 0.036461424 164.0741
-0.74548131 3.0524473 0.036063053 171.61188
-0.75409359 3.1479771 0.033488777 177.22072
-0.75205034 3.2446437 0.035857461 170.05908
-0.75134933 3.3327959 0.036170211 164.2961
-0.74683219 3.4372759 0.031248383 169.57149
-0.74868339 3.5567727 0.031642284 176.81659
-0.74089092 3.6684761 0.035217393 177.7818
-0.74334294 3.7420886 0.045383014 180.73334
-0.74150139 3.8483799 0.043345671 179.16666
-0.71056408 3.9470735 0.038361814 180.77499
-0.75279176 4.0449705 0.060835969 187.28572
-0.74788451 4.1175113 0.057157323 167.5
-0.72495216 4.2311101 0.057075448 171
-0.76603049 4.321393 0.06206125 170.75
-0.74189615 5.5532994 0.087711103 187
-0.70290971 5.644743 0.094312407 187.33333
-0.72026205 5.8455615 0.084314249 160.19588
-0.79153299 -0.28247043 0.10607194 168
-0.7307803 -0.016230339 0.1497921 129.12
-0.78261781 0.064667135 0.12819096 163.53571
-0.78013682 0.17367895 0.12799743 152.75
-0.72841436 3.0884161 0.1194935 131.75
-0.71921885 3.1532099 0.13903834 133.08333
-0.78765112 3.7968037 0.17156114 149
-0.77615291 5.6540327 0.10742632 189.5
-0.78676772 5.7414565 0.12074586 189
-0.77065951 5.8429322 0.10558081 175.30978
-0.79103082 5.9163532 0.13171017 189.75
-0.75319928 6.0219984 0.14649248 180.55
-0.74203658 6.2621613 0.17007777 159.33333
-0.70992899 6.4353895 0.18442515 151.33333
-0.78658205 3.4632483 0.22743388 160.16667
-0.64188707 -0.30738249 -0.10155535 175.8
-0.60835397 -0.23561031 -0.1070721 171.88889
-0.68141317 -2.255733 -0.011651329 185.125
-0.64002818 -2.1985753 -0.023634575 184.2
-0.61448509 -1.9551377 -0.008255573 193.88887
-0.66296893 -1.845281 -0.019584022 193.25
-0.62651968 -1.672708 -0.0072037554 171.86667
-0.6837877 -1.5097231 -0.012056157 175.45161
-0.62599331 -1.4601166 -0.02957632 152.5
-0.6740641 -1.3346355 -0.030937353 134.75
-0.65032923 -1.2594088 -0.0011378091 178.75
-0.61480147 -1.1229407 -0.036547977 190
-0.61284679 -1.017314 -0.02679733 189.44444
-0.65761107 -0.93028337 -0.037754226 191.14166
-0.65068716 -0.8285076 -0.03719357 187.26137
-0.66977334 -0.72380978 -0.032396197 186.06818
-0.6544401 -0.65697455 -0.046161946 177.30089
-0.6627444 -0.55029821 -0.031866863 174.53778
-0.64288849 -0.43753812 -0.042874947 176.09032
-0.63288605 -0.35457525 -0.032541893 174.77988
-0.66341764 -0.24021402 -0.046012081 177.71094
-0.65971953 -0.14188434 -0.041323368 172.30566
-0.66034544 -0.059353087 -0.032715779 172.08333
-0.65192413 0.027605815 -0.050767265 171.94412
-0.65918791 0.12309442 -0.0292392 174.48233
-0.66243774 0.25192437 -0.03455855 172.87128
-0.65394425 0.3540605 -0.043186955 164.14931
-0.66502929 0.44343331 -0.035155319 169.8287
-0.64287996 0.56122994 -0.043478373 165.37038
-0.64029968 0.66501808 -0.039673533 167.33855
-0.63935626 0.74563003 -0.042925876 168.6898
-0.65178949 0.84252691 -0.045677543 164.97916
-0.67977101 0.95345473 -0.034603268 160.39584
-0.65775812 1.0525789 -0.042708162 162.08334
-0.66143078 1.1553867 -0.039989952 149.91667
-0.637447 1.2225511 -0.027161052 157.75
-0.66834366 1.3252114 -0.031688344 142
-0.63916701 1.48962 -0.061770719 191.2361
-0.63301867 1.5905352 -0.065952078 186.94885
-0.63959426 1.6497486 -0.043443765 181.70088
-0.63384527 1.7496029 -0.028846893 185.1111
-0.63524318 1.8505895 -0.056429639 181.60068
-0.64855254 1.9684247 -0.050295208 184.0125
-0.65462941 2.0572104 -0.053161323 176.87607
-0.64201874 2.1798534 -0.013324645 138.5
-0.65205532 2.2548478 -0.025169889 160.97501
-0.6712333 2.3836064 -0.014326144 142
-0.63480562 2.4491615 -0.01725474 141.21249
-0.61824977 2.598722 -0.0030064723 165.48611
-0.66128439 2.6297207 -0.013794253 123.66666
-0.64018846 2.7525754 -0.020252014 154.66667
-0.62446165 2.8469529 -0.018867997 168.16667
-0.67515856 2.9335804 -0.012912408 171.2
-0.63957042 3.0455036 -0.06110619 186.875
-0.61542541 3.2644393 -0.0013133328 150.29787
-0.64052248 3.3486395 -0.015516315 151.07353
-0.67755407 3.445514 -0.029142089 136.34547
-0.63170558 3.5645456 -0.054352876 113.75
-0.65020406 -3.2747438 0.094462357 166.5
-0.6696592 -3.0649211 0.034528755 179.1111
-0.64607352 -2.9692295 0.051524494 192.14999
-0.64397353 -2.8682575 0.041019358 189.05556
-0.65399033 -2.7412951 0.046678931 189.30833
-0.63948542 -2.6479657 0.043205176 190.43571
-0.64392209 -2.5513074 0.044050053 185.87964
-0.6483224 -2.4623177 0.041627157 187.52214
-0.66025656 -2.3490214 0.040092032 183.6732
-0.62268335 -2.2570114 0.02173654 176.85481
-0.65738189 -2.1643667 0.0032007112 180.73422
-0.65877324 -2.0425322 0.014151896 180.74146
-0.64776152 -1.9091847 0.024452349 168.41129
-0.66861707 -1.6059947 0.017364122 174.1875
-0.60649222 -1.5766125 0.017255249 174.32812
-0.65737921 -1.4737482 0.031145781 178.61111
-0.63271791 -1.3360113 0.046234209 180.08333
-0.64641279 -1.2526174 0.043145224 191.33333
-0.64234513 -1.1527369 0.027039006 183.1369
-0.6059888 -1.0268999 0.023029808 187.10001
-0.6247943 -0.91518581 0.017593781 192.14285
-0.676898 -0.80039477 0.0093944501 196
-0.68746459 -0.6697554 0.017714767 168.39729
-0.64375949 -0.54973298 0.033692982 144.68291
-0.66292238 -0.433283 0.019047026 160.78751
-0.63994539 -0.34847838 0.02462621 164.55116
-0.66251844 -0.26190343 0.036057271 165.35228
-0.64425349 -0.15202339 0.02150456 169.46825
-0.66475618 -0.058677152 0.01689665 156.59666
-0.67301095 0.045402598 0.026613563 154.42174
-0.64582866 0.16096471 0.01917476 167.4248
-0.65536302 0.27993998 0.019539367 169.07857
-0.6359055 0.36991525 0.0045280596 160.89999
-0.64644217 0.44419229 0.028029947 180.32036
-0.64928895 0.54251158 0.045678493 190
-0.62992436 0.67773128 0.027756 178.44444
-0.6314615 0.72750878 0.05423234 187.66667
-0.68758494 1.6068474 0.0065817977 166.5
-0.61182845 1.7484859 0.0063905087 156
-0.63650179 1.8838255 0.021129599 154.25
-0.66731858 2.2556944 0.032625686 189.40475
-0.6081081 2.3903275 0.037547994 183.41176
-0.68059391 2.4238937 0.034092247 180.66667
-0.67577803 2.5477362 0.022264546 171.21115
-0.6805194 2.6443143 0.0030109801 162.14706
-0.64555597 2.767627 0.010917705 165.03023
-0.65022892 2.9576125 0.023036869 180.47641
-0.65852517 3.0464578 0.01824541 175.59166
-0.67307109 3.1583197 0.028431226 173.2421
-0.66406387 3.2416101 0.035511922 184.02454
-0.66300821 3.3640773 0.041066568 173.7227
-0.65992779 3.451709 0.04267038 172.96001
-0.64774227 3.542418 0.036970071 182.61307
-0.6619553 3.6399524 0.046735849 172.42424
-0.64744127 3.7614155 0.041054737 175.0634
-0.65765554 3.8527756 0.046070941 163.44485
-0.65407282 3.9531033 0.049661264 158.83333
-0.66661847 4.0249829 0.064473011 156
-0.69273895 4.1368103 0.057591818 178.89584
-0.62188739 4.2416363 0.056198318 173.93333
-0.6551277 4.3599763 0.06326209 170.75
-0.65914303 4.4302535 0.093131989 189
-0.66566026 5.5342908 0.087557547 180.5
-0.65153646 5.8483706 0.078133352 160.20541
-0.60681051 -2.0880551 0.13749303 161
-0.67173105 -1.0329523 0.14580587 174
-0.66243511 -0.56537175 0.11859462 154.125
-0.6575979 0.027638568 0.13887617 131.58125
-0.69097567 3.1686773 0.19509892 129.47368
-0.6789614 5.6419697 0.12493469 162.5
-0.6815477 5.7409801 0.11327914 180.39999
-0.64879704 5.8456144 0.10984883 174.25
-0.6677444 5.9684777 0.13648149 151.7561
-0.62977153 6.0609918 0.13452497 144
-0.62224537 6.1383924 0.11827895 153.51852
-0.6056084 6.2262197 0.13783309 174
-0.64650571 6.3282013 0.16841994 141.25
-0.64332759 6.4924593 0.19035228 144.5
-0.56562304 -2.3326373 -0.034675222 175.54546
-0.56773007 -2.2681382 -0.017555203 179.42125
-0.54553735 -2.0699883 -0.012486476 185.60001
-0.54878551 -1.9488316 -0.010506981 197.02777
-0.58141798 -1.8595082 -0.020073444 194.5
-0.52193457 -1.741194 -0.030073296 193.5
-0.5645296 -1.6628166 -0.023894994 184.35226
-0.58700192 -1.5289189 -0.018209599 169.26666
-0.57676917 -1.4307445 -0.00086007488 170.45161
-0.55000311 -1.323904 -0.026131375 156.69696
-0.55692858 -1.2337625 -0.025565842 153.93056
-0.535568 -1.1522032 -0.040599987 191.5
-0.54235333 -1.0413494 -0.025681451 187.51666
-0.54251295 -0.95642668 -0.039460853 188.52777
-0.54491198 -0.85373569 -0.041014425 176.0125
-0.56115979 -0.75866735 -0.029243387 179.71889
-0.57112604 -0.65706742 -0.026438938 181.61098
-0.56175566 -0.54721755 -0.041842751 174.53717
-0.53204095 -0.45018861 -0.043695331 178.18835
-0.5375737 -0.34014729 -0.035312317 177.33691
-0.54106581 -0.23191378 -0.045212887 174.69392
-0.54720825 -0.1415749 -0.051271096 176.84285
-0.54518604 -0.031730436 -0.041680165 168.85739
-0.56122303 0.061429609 -0.035465539 182.96988
-0.54138047 0.13766351 -0.037644576 172.91222
-0.53735059 0.25349066 -0.033425722 174.21623
-0.57330257 0.34687477 -0.023762042 165.95001
-0.55392611 0.44830424 -0.047926176 174.30647
-0.54633868 0.54886776 -0.041129995 168.02382
-0.55582225 0.64561325 -0.03519845 172.33333
-0.55120361 0.73268682 -0.053687256 176.87933
-0.55154872 0.85009784 -0.035003897 159.37302
-0.5585112 0.97684509 -0.05580366 170.2
-0.56863695 1.0436146 -0.047977082 152.81332
-0.5476467 1.1733159 -0.051757105 153.33333
-0.57359159 1.2474684 -0.077052951 167
-0.56269163 1.3378731 -0.043944631 153
-0.5634284 1.4690814 -0.048241422 198.5
-0.54183114 1.5602541 -0.062429655 191.92062
-0.53866118 1.6846912 -0.057282221 190.20833
-0.54610705 1.779881 -0.060954038 188.40405
-0.53369272 1.8858976 -0.083594136 186.40179
-0.54831201 1.9429659 -0.055511989 180.53851
-0.55016649 2.0499122 -0.04981019 174.90773
-0.5666672 2.1684151 -0.028138272 154.25
-0.55391556 2.2536981 -0.037588719 134.89999
-0.53290957 2.3136086 -0.030061483 142.60001
-0.52944112 2.429733 -0.023359969 128
-0.5567205 2.5442092 -0.022309862 130.66667
-0.53425324 2.7359095 -0.022373008 155.8
-0.53073233 2.8506889 -0.019778853 168
-0.55924594 2.9666615 -0.0091982391 177
-0.55363101 3.1595721 -0.064941809 168.75
-0.51098835 3.2488358 -0.043163076 150.3923
-0.56027246 3.3657296 -0.01421912 132.22581
-0.52308059 3.4847388 -0.016632896 159.08542
-0.53848559 3.5854669 -0.020856403 164.53659
-0.5826937 -3.2122045 0.088374071 179.33333
-0.59049815 -3.1333251 0.01958685 201
-0.54322153 -3.0422058 0.034361489 180.43333
-0.54157668 -2.966933 0.052796137 182
-0.5226444 -2.873898 0.04967406 193.33334
-0.54369771 -2.7524233 0.040395707 194.60001
-0.52483481 -2.6641803 0.044933606 191.0625
-0.55230564 -2.557874 0.046383094 189.71428
-0.53482473 -2.4553552 0.038993649 187.76834
-0.5468775 -2.3474798 0.032109529 181.14429
-0.50130028 -2.2292063 0.017208651 179
-0.55145562 -2.1602662 0.0066397861 185.87964
-0.53275549 -2.0532007 0.013733603 184.71808
-0.52312469 -1.9562445 0.0063100741 178.16296
-0.53404212 -1.833472 0.0054344302 168.01691
-0.54531729 -1.7682507 0.017058665 168.5009
-0.51813108 -1.5257057 0.030189622 175.94286
-0.57861882 -1.429991 0.04418597 172.16896
-0.54790026 -1.2614179 0.045810003 191.08334
-0.52189755 -0.943771 0.019319417 184.875
-0.52674067 -0.84134328 0.026940007 171.8
-0.58032751 -0.71423447 0.022489293 168.63829
-0.54401821 -0.63469714 0.011652778 179.26744
-0.53826946 -0.52284962 0.011501257 167.00926
-0.55266982 -0.43757924 0.017704915 164.86459
-0.54032975 -0.34119722 0.022818822 183.56667
-0.56407422 -0.25722641 0.041880451 158.20741
-0.55318034 -0.15252224 0.023231991 161.8889
-0.55106604 -0.025143126 0.0087407818 169.02499
-0.56485021 0.068660721 0.02903644 157.22299
-0.53003055 0.15302616 0.043342013 157.56946
-0.55180013 0.2800841 0.0086835036 170.65977
-0.57015628 0.33335996 0.044604018 178.85715
-0.54056352 0.43677157 0.028774085 168.0873
-0.55195773 0.55932331 0.035031758 183.0611
-0.53564346 0.63888818 0.032410625 180.5
-0.53506881 0.7401762 0.048120044 198.125
-0.55206907 1.6214757 0.0025720219 149.5
-0.52989024 1.7675457 0.0085363584 143.66667
-0.53761572 1.9201314 0.028109724 138.75
-0.57971108 2.1760006 0.015341554 191.33333
-0.56888616 2.2728698 0.031093312 189.33333
-0.51617563 2.3371146 0.03115706 187.11111
-0.56283396 2.4686222 0.023556778 178.96153
-0.52391511 2.5740623 0.011191095 172.38
-0.5870387 2.6840434 0.023303099 150.33333
-0.55860937 2.7403982 0.0072182845 161.0899
-0.53282887 2.8431232 0.017687321 173.3889
-0.55296743 2.9736474 0.017152052 183.60001
-0.55936533 3.0719774 0.029474135 180.46269
-0.55691779 3.1570008 0.027419528 176.90332
-0.55418146 3.257925 0.04378023 180.12708
-0.54622465 3.3428123 0.057746846 172.69231
-0.55506349 3.448339 0.046468064 182.89191
-0.56669813 3.5657341 0.037239045 187.47221
-0.58231294 3.6473179 0.03351979 178.69063
-0.55822092 3.7499564 0.03689713 181.71442
-0.53775668 3.8563993 0.03817571 175.02315
-0.56374878 3.9413497 0.054063134 170.00114
-0.57249212 4.0330257 0.045988288 179.46191
-0.57822841 4.1324711 0.057762198 181.92857
-0.52844697 4.2626963 0.05611727 174.16666
-0.56044883 4.3727722 0.062953494 161.875
-0.54966438 4.4820518 0.062456273 163
-0.57216036 5.5108042 0.083468802 164.5
-0.51014346 5.7812018 0.09111543 149.33333
-0.59363079 5.8754649 0.079762965 158.39436
-0.51178652 -2.1501923 0.17089625 151.33333
-0.55416304 -2.0278113 0.15520824 155
-0.52118737 -1.4034812 0.14028905 123.76471
-0.54988247 -1.3553153 0.14085335 151.23914
-0.54771984 -1.2299089 0.17699461 148.89999
-0.57710356 -1.1548992 0.19811822 162
-0.54408389 -0.84417135 0.12761956 187
-0.53806609 -0.75540137 0.16794395 137.88597
-0.54532552 0.47700536 0.10134665 133.77272
-0.56054991 0.54494429 0.14600638 144
-0.55729997 5.6265869 0.10845974 150
-0.58448046 5.7402916 0.11511297 159
-0.58547992 5.85285 0.11005538 157.66667
-0.58269238 5.9667382 0.11676349 154.22549
-0.56424266 6.0659876 0.13479207 136.375
-0.52616864 6.1652956 0.11148777 166.88571
-0.56050867 6.2635956 0.13350686 176.41667
-0.53222603 6.3435712 0.14075357 177.72223
-0.52644074 6.4319563 0.17269108 154.05
-0.58834934 6.5407443 0.19155702 214
-0.54563069 5.9909096 0.2121149 126.42857
-0.40876108 -0.26737261 -0.10076701 166.44681
-0.43380728 -2.4079161 -0.013622748 168
-0.46630558 -2.38219 -0.020903574 169.9375
-0.4025602 -2.243464 -0.030163582 171.39285
-0.45615602 -2.14922 -0.019757107 179.80368
-0.4532342 -2.0283084 -0.014239597 185.22807
-0.44015914 -1.9514412 -0.0059824116 185.30449
-0.46170828 -1.8449869 -0.016781073 195.72223
-0.43918523 -1.759894 -0.025473541 196
-0.43078631 -1.6324247 -0.027785439 189
-0.4722065 -1.512681 -0.022614051 170.20833
-0.48384264 -1.425576 -0.020582905 160.76999
-0.48658562 -1.3271636 -0.0026170793 168.89285
-0.4947204 -1.2218757 -0.024015673 172.25926
-0.47229049 -1.1326041 -0.02436026 184.63235
-0.43110883 -1.0155503 -0.029567065 191.60713
-0.43106022 -0.92467535 -0.032088302 178
-0.46173766 -0.86615521 -0.0482338 183.39999
-0.45745322 -0.74185109 -0.035237849 181.58052
-0.46142069 -0.63192946 -0.048232332 180.96124
-0.45970327 -0.54100806 -0.041833252 182.62634
-0.433584 -0.44639823 -0.032925703 174.87984
-0.42896727 -0.33326751 -0.033418 178.52797
-0.44752824 -0.23873942 -0.03624288 176.52945
-0.45932764 -0.14440712 -0.047937263 176.9852
-0.44437009 -0.046035998 -0.029714165 171.03194
-0.44085962 0.056922402 -0.026655372 176.43326
-0.44598374 0.14678042 -0.045776781 174.50191
-0.46328115 0.24581644 -0.024418544 178.84583
-0.4502269 0.34875304 -0.0280599 176.43469
-0.45869997 0.44362277 -0.044024341 176.55173
-0.44620225 0.56933409 -0.032139331 174.44722
-0.45479038 0.66527766 -0.040316015 175.47325
-0.45880374 0.76223409 -0.035325203 170.42488
-0.45104656 0.86943418 -0.042962406 175.00993
-0.44477853 0.97663373 -0.075838007 185.66666
-0.45471406 1.0319113 -0.054196302 155.08334
-0.44684696 1.1570297 -0.054024499 155.25
-0.43944079 1.2613083 -0.087106235 164
-0.43797454 1.3287368 -0.021825965 136
-0.45308042 1.5250701 -0.077695467 192.25
-0.4518778 1.6517329 -0.062521018 191.44034
-0.44719434 1.7695072 -0.069317006 180.85416
-0.4491871 1.8479866 -0.068480529 182.8302
-0.42527738 1.961989 -0.070513561 175.44643
-0.44067758 2.0703716 -0.068360627 184.57457
-0.43958661 2.1696861 -0.035087828 136.5
-0.47024366 2.2084792 -0.059476301 180.39999
-0.44712168 2.3519626 -0.03835161 125.88889
-0.45113078 2.456862 -0.021439811 126.33333
-0.47479758 2.5949376 -0.019556664 122
-0.47986349 2.6478038 -0.011204772 167.94231
-0.42684266 2.7436719 -0.023263585 156.95834
-0.42221144 2.836925 -0.011684605 168.18929
-0.44803542 2.9670849 -0.010164985 176
-0.4879483 3.0760818 -0.0072160461 171.375
-0.4960928 3.1835818 -9.3522664e-05 149.52174
-0.46138522 3.2822208 -0.066305615 139
-0.43460396 3.3483002 -0.03538768 142.74886
-0.47638643 3.442359 -0.0097057289 168.24051
-0.47266057 3.5402699 -0.021874959 163.66483
-0.49529296 3.6754479 -0.0018239913 157
-0.45628655 3.7666192 -0.00050096971 155.17392
-0.46301642 -3.1248591 0.057154845 195.39999
-0.44787055 -3.0551403 0.06008251 192.85713
-0.45687351 -2.9261189 0.030268759 185.6125
-0.44398853 -2.8280361 0.045362908 184.625
-0.49216527 -2.7808948 0.041632529 189.7
-0.46691027 -2.660429 0.041698925 188.89473
-0.43961048 -2.5536051 0.04492731 185.38243
-0.4326781 -2.4550858 0.039294597 178.18889
-0.45310915 -2.3543615 0.01834425 168.43936
-0.46772084 -2.2749169 0.018648056 167.68518
-0.44925138 -2.1427994 0.029989062 171.88393
-0.46593702 -2.0416574 0.037009835 168.79591
-0.42154053 -1.7242745 0.022806015 168.54626
-0.47892928 -1.6014035 0.0019661849 171.77777
-0.42822194 -1.4700055 0.037816867 177.28572
-0.47310477 -1.3915051 0.05330386 183.27777
-0.43111056 -1.2640203 0.050142858 190.60001
-0.47313547 -1.1835228 0.033357494 192.33333
-0.42186877 -0.95699179 0.014666925 187.39999
-0.45997781 -0.87372208 0.0044301827 190.5
-0.4536078 -0.75494635 0.020797841 174.98169
-0.47885638 -0.64564598 0.044637065 162.2973
-0.4818984 -0.54783589 0.027511759 177.02
-0.43844387 -0.44775093 0.017826015 178.05508
-0.46749038 -0.36434004 0.025100781 187.70833
-0.44469491 -0.27273485 0.01676969 171.97374
-0.43376124 -0.16444175 0.035378136 167.7
-0.44494286 -0.049799968 0.0081645437 173.34999
-0.4674105 0.05790928 0.018128116 148.95694
-0.45279804 0.14993216 0.023860533 164.39291
-0.45358065 0.25386152 0.011574901 174.26666
-0.47359344 0.35901937 0.018099261 173.75758
-0.45700163 0.45462734 0.05254953 158.07291
-0.41379943 0.50324929 0.00031791304 165
-0.45070255 1.6323751 0.00017631461 137
-0.43503749 1.790277 0.0042475094 131
-0.47454789 2.2032497 0.013940365 192
-0.43334523 2.3127196 0.022600573 189.85715
-0.46878198 2.4392674 0.023321573 182.26086
-0.43737063 2.52108 0.015575898 178.70589
-0.40667412 2.6145494 0.013235286 175.03572
-0.44390151 2.7459874 0.013942762 158.8699
-0.44508201 2.8431373 0.0077544241 178.25
-0.4527832 2.915081 0.013108609 173.91071
-0.45494133 3.0710638 0.03678064 173.04445
-0.45012221 3.1771059 0.063085206 167.77095
-0.45206124 3.2481651 0.039080922 170.14444
-0.44997352 3.3703301 0.031028721 179.82393
-0.44787818 3.4728158 0.040292826 176.83334
-0.4553386 3.5531566 0.05854075 174.74445
-0.47089994 3.6610522 0.037414085 185.45831
-0.44574663 3.780515 0.031443819 172.65976
-0.46204329 3.8764749 0.029009761 171.36771
-0.45431748 3.9459956 0.042201735 171.11363
-0.46461469 4.0420403 0.042563826 179.34999
-0.45767385 4.154676 0.05532296 181.19048
-0.43188918 4.2733536 0.054425377 174.58334
-0.46804813 4.3300953 0.059222203 159.54166
-0.44032499 4.4140363 0.065369733 158.83334
-0.41434982 4.5277534 0.065793157 161.33333
-0.46793339 5.4845586 0.077354833 145.25
-0.41310972 5.7499828 0.067686066 158.85185
-0.49619785 5.8588443 0.096751466 148.80769
-0.45290366 6.0226254 0.095171571 154.07143
-0.43462008 -2.7225816 0.1894947 175
-0.40051794 -2.6970744 0.11548571 186.78572
-0.45664841 -2.2520044 0.13341244 157.14445
-0.49654213 -1.9846534 0.12077847 179.625
-0.46160951 -0.74150765 0.11084762 160.66667
-0.46292847 -0.21240559 0.14005832 138
-0.49699825 0.16395918 0.11800522 134.10345
-0.4943234 0.22031584 0.15618262 151.8
-0.46793589 5.6153908 0.10869982 134.16667
-0.47132251 5.739727 0.1093343 138.33333
-0.48383215 5.864985 0.10273205 140.66667
-0.48218262 5.9700089 0.11470761 140.38782
-0.41481525 6.0362773 0.14280745 145.25
-0.43029204 6.1511717 0.12130275 174.42647
-0.44755074 6.256259 0.11664627 177.13889
-0.48265591 6.3623257 0.15082133 173.33333
-0.45266452 6.4515862 0.19771247 174.85715
-0.41210201 6.5108075 0.15370974 157
-0.45967281 -2.2193429 0.22043929 144.98718
-0.45031208 5.9870896 0.24662757 130.91798
-0.4705832 6.4423013 0.26859039 188.875
-0.43562841 6.4000678 0.30481547 189.10001
-0.30797514 -0.27667084 -0.10571085 164.30556
-0.38681108 -0.18801557 -0.1284022 166.44247
-0.32963455 0.82722521 -0.10015031 160
-0.3083683 -2.8070869 -0.028440027 169.92857
-0.35658747 -2.7680173 -0.017672952 168.69264
-0.34756985 -2.4585433 -0.059047785 165.03827
-0.36256558 -2.3319311 -0.026588321 166.85107
-0.31590262 -2.2235093 -0.011406417 167.39166
-0.34006768 -2.1244097 -0.038800538 176.86667
-0.33909997 -2.0127468 -0.02767989 182.7
-0.35017452 -1.9381391 -0.0096338456 190.22221
-0.3747077 -1.8453121 -0.012477112 187.45557
-0.32739475 -1.7206007 -0.026955545 183.17932
-0.31968504 -1.6142999 -0.020777579 177.05414
-0.34467563 -1.529109 -0.036581013 170.70549
-0.34719941 -1.4236273 -0.038511865 163.578
-0.34702647 -1.3301548 -0.020440314 159.93904
-0.34960651 -1.2328336 -0.020391416 156.4361
-0.37597877 -1.1242709 -0.027612403 186.03418
-0.33620602 -1.0181841 -0.016803855 185.82857
-0.32593256 -0.94496346 -0.035015881 191.26666
-0.33125824 -0.84681153 -0.023466846 177.95151
-0.36040369 -0.75705236 -0.029649913 184.39284
-0.34940487 -0.65550977 -0.02879085 186.05212
-0.35732138 -0.55710596 -0.043332867 177.24448
-0.35156959 -0.45173559 -0.022613367 171.78328
-0.34440303 -0.34761295 -0.044934038 170.59958
-0.34570047 -0.26410362 -0.021989534 170.62148
-0.33154738 -0.1488997 -0.03149996 169.6881
-0.33557454 -0.041035529 -0.020622205 173.51947
-0.35176986 0.048601363 -0.03415731 177.64165
-0.3549152 0.14858966 -0.033431385 177.56082
-0.35596108 0.25826898 -0.052921716 181.00435
-0.34974596 0.3493568 -0.046822596 182.30388
-0.35480183 0.46862891 -0.029125113 181.78273
-0.35817343 0.54658723 -0.046282724 186.86111
-0.34386176 0.64878112 -0.040539056 175.99883
-0.34619036 0.73680383 -0.045682304 173.19955
-0.35134235 0.84739667 -0.044845648 169.50204
-0.33935332 0.92167449 -0.045659482 170.50999
-0.3163271 1.0185628 -0.08844582 189.60001
-0.31272358 1.1164123 -0.088928863 176.75
-0.30548239 1.2334509 -0.099072836 166.66667
-0.35994878 1.5697858 -0.082481332 186.83333
-0.35218069 1.6871825 -0.070026614 183.0625
-0.31753102 1.7652793 -0.062157996 191.55556
-0.34038705 1.8558679 -0.069609039 174.99123
-0.36497167 1.9603209 -0.05807424 191.41026
-0.3237007 2.0268669 -0.073639341 163.75
-0.34587452 2.2175143 -0.068987742 128.5
-0.38938543 2.6358101 -0.025119986 116
-0.31589773 2.7373657 -0.012324661 167.66666
-0.34663895 2.8565392 -0.021738091 167.875
-0.37562415 2.9803407 -0.014843535 177.42857
-0.37951472 3.0857072 -0.018999036 175.8421
-0.36714059 3.345706 -0.013853264 168.76056
-0.34770539 3.4497626 -0.04759929 132.6282
-0.30823526 3.551856 -7.6568889e-05 163.79144
-0.39242852 3.6496778 -0.018891118 161.30081
-0.32598507 -3.1213109 0.051804204 191.66666
-0.38560125 -3.0419199 0.058831412 193.5
-0.32094154 -2.9594753 0.055991489 190.60393
-0.36202142 -2.8409219 0.048813663 189.78491
-0.35469526 -2.736661 0.072917797 185.65186
-0.35639364 -2.6493428 0.047382254 191.95369
-0.34867391 -2.5869198 0.034427207 184.26666
-0.35371432 -2.4714911 0.042338457 189.32857
-0.36400086 -2.3611784 0.030064305 185.4825
-0.3365562 -2.2288918 0.04473976 169.47292
-0.36548388 -2.1414223 0.018601691 184.45236
-0.33395684 -2.0646875 0.022736879 180.33492
-0.34004802 -1.9554604 0.01504855 173.48416
-0.35653523 -1.7263358 0.041940078 147.875
-0.34098488 -1.6413798 0.0060395864 171.21739
-0.34353259 -1.5409607 0.030874157 175.3694
-0.32823396 -1.4247042 0.055793289 183.33333
-0.34347126 -1.3167036 0.050360713 188.7619
-0.33340105 -1.1848086 0.031635307 193.5
-0.34355843 -1.0156777 0.022788946 133.5
-0.37530518 -0.91695958 0.012210152 176.75
-0.35588634 -0.85441393 0.01459918 168.12222
-0.37275654 -0.73407745 0.032957051 179.25
-0.36272272 -0.66740286 0.029217668 188.06223
-0.35454682 -0.55559164 0.014227311 176.45833
-0.35286596 -0.44556248 0.018592235 171.7123
-0.35931826 -0.35768899 0.015708918 177.86566
-0.34708515 -0.24123389 0.045951147 175.82085
-0.33214208 -0.14550151 0.032823939 170.03152
-0.34540963 -0.041921776 0.014214968 182.60416
-0.36003086 0.054979932 0.032206155 179.1875
-0.38284636 0.12916529 0.0038355407 182.28572
-0.3512511 0.25312874 0.0035290672 185.07341
-0.37084135 0.44525018 0.039793491 145.55342
-0.3368966 0.52361751 0.0010024068 162.125
-0.38052109 2.1986275 0.0094247628 193.8
-0.30773774 2.2479596 0.0079911677 192.8
-0.34235638 2.3741794 0.022131696 188.71527
-0.33930483 2.4694104 0.032488704 185.39999
-0.35650516 2.5054474 0.019170342 181.6875
-0.35893229 2.6996698 0.0026747533 172.79167
-0.31201622 2.7924831 0.0013194878 172.39024
-0.33001593 2.8362405 0.017031288 153.8
-0.35111633 2.9502914 0.012825713 191.42857
-0.34491763 3.0167773 0.016664417 168.125
-0.34731698 3.1541429 0.028394513 161.37524
-0.34731826 3.2592735 0.034469925 165.42085
-0.32504237 3.390383 0.038840361 169.53571
-0.35424608 3.4830239 0.059791639 170.02777
-0.34159994 3.5392284 0.028737979 174.50555
-0.35189247 3.6543632 0.042336892 165.96133
-0.34891745 3.7213271 0.035544727 166.42778
-0.35066846 3.84198 0.017941646 166.78671
-0.3604382 3.9524224 0.03740494 163.42046
-0.3669067 4.0388446 0.042297121 170.18056
-0.34957975 4.1526408 0.054984301 184.33116
-0.32164893 4.315311 0.055004094 169.59525
-0.34717396 4.4189048 0.065084167 155.75
-0.34982964 5.4551253 0.07697247 129.33333
-0.32474014 5.723187 0.074318685 172.78378
-0.34809044 5.8313174 0.077846728 165.29823
-0.37045211 5.9311275 0.074872971 162.70589
-0.34544122 6.0062084 0.08814358 170
-0.35726714 -2.4187696 0.16727887 177.875
-0.37069857 -2.3758786 0.14415894 138.2
-0.34865463 -1.7595524 0.16778196 121
-0.3597534 -0.20693181 0.11201951 128.22223
-0.32562226 -0.16389026 0.12704621 170.41
-0.3279416 -0.051831611 0.12438171 162.35715
-0.36516979 3.3393135 0.13594264 130.18518
-0.33265719 4.4411426 0.12399042 203.39999
-0.3735579 4.5039954 0.19655019 184.33333
-0.39864483 5.606741 0.11249707 117.5
-0.37054297 5.7390647 0.10997483 125.66666
-0.34133238 5.8814282 0.10112718 123.5
-0.36456347 5.9851184 0.1822322 127
-0.32604197 6.1425724 0.12015884 170.70636
-0.34790054 6.2336998 0.13248582 168.17223
-0.39904073 6.3445435 0.14794406 164.10001
-0.32407472 6.468492 0.16305818 182.54166
-0.30503979 -2.7971566 0.26263157 150
-0.30929339 4.4644456 0.21642011 185.63637
-0.39892259 5.9663687 0.21994253 122
-0.38089114 6.0100651 0.25577205 145.10001
-0.30987665 6.4533763 0.24076426 197
-0.23655011 -0.22182865 -0.12055811 166.90475
-0.2558344 -0.15895185 -0.12640066 166.24594
-0.22819297 0.09384679 -0.10643966 166.69231
-0.20935293 0.58683139 -0.10008098 186.2
-0.20542274 0.68593526 -0.10041478 172.75
-0.20060889 0.76611114 -0.10638185 172
-0.22597079 -2.8229008 -0.016348049 168.625
-0.23873074 -2.7113047 -0.012884913 167.11111
-0.24953784 -2.6542361 -0.030012188 165.75223
-0.24430539 -2.5142989 -0.079506859 166.0573
-0.27897975 -2.4252925 -0.071998641 164.85271
-0.27313504 -2.3440409 -0.035908893 166.23763
-0.24707498 -2.2450247 -0.015314847 168.60893
-0.22880016 -2.1072726 -0.038548645 176.81818
-0.26084957 -1.9557706 -0.016747927 186.31746
-0.28641707 -1.8230679 -0.013805097 182.925
-0.2879467 -1.7167358 -0.031187966 171.23944
-0.2870363 -1.1238303 -0.027146576 184.11842
-0.2645047 -1.0382445 -0.014588617 187.08334
-0.24823649 -0.93983549 -0.028399566 186.46666
-0.22892384 -0.84068274 -0.031170242 191.5625
-0.24960171 -0.73173261 -0.015541621 195.39287
-0.26638418 -0.63609219 -0.022766201 191.28911
-0.26605448 -0.53232968 -0.030906839 180.3141
-0.24410196 -0.4491013 -0.037725374 178.24509
-0.25438735 -0.35015875 -0.047321305 170.2977
-0.25415373 -0.2557196 -0.032429457 172.14555
-0.23252733 -0.15156132 -0.023851104 177.26068
-0.24653448 -0.0414676 -0.043234348 180.60286
-0.24516401 0.045450598 -0.02792589 174.84235
-0.25092715 0.14218406 -0.0320324 177.27081
-0.25971353 0.23616737 -0.027521146 174.21234
-0.26530984 0.35301995 -0.050865289 187.38081
-0.25568008 0.44950148 -0.042555939 183.10893
-0.23834214 0.56046641 -0.038815789 182.89621
-0.23727526 0.65022141 -0.03536034 177.56111
-0.25115323 0.74816805 -0.042295199 177.53244
-0.24128093 0.84594429 -0.0369481 175.68704
-0.24004421 0.94349301 -0.039796259 170.35417
-0.20975199 1.0512568 -0.070063062 164.125
-0.24995218 1.5936743 -0.079851225 198.25
-0.24058644 1.639696 -0.080741167 183.45
-0.26039258 1.7619811 -0.074514844 180.625
-0.21687326 1.854439 -0.063462757 192.85715
-0.22996831 1.938368 -0.069543839 178.20512
-0.25455433 2.0793769 -0.065962054 177.7381
-0.29630792 2.6400156 -0.035115194 137
-0.20771304 2.7596211 -0.0047069336 182.5
-0.23505391 2.8321157 -0.022617133 156.39999
-0.23914488 2.9580376 -0.014757964 170.22501
-0.28035343 3.0508075 -0.016973214 177.51602
-0.29939705 3.1601937 -0.0008472238 176
-0.2652736 3.3550148 -0.010271592 168.65958
-0.29021645 3.6271837 -0.0054183509 159.6338
-0.23022009 3.8366444 -0.006810111 171.39131
-0.26428837 5.5999069 -0.0019593427 157.5
-0.26793227 -3.1069546 0.029082708 190
-0.25381619 -3.024538 0.04842652 191.66071
-0.2572774 -2.9199147 0.059352562 187.39375
-0.24000125 -2.8493669 0.069893561 189.26666
-0.28161985 -2.7539635 0.045576241 183.83334
-0.23417708 -2.6713917 0.03805596 178.97437
-0.23530394 -2.5859458 0.040099248 188.95
-0.26398835 -2.4508116 0.038829487 186.99146
-0.24707113 -2.355324 0.042270515 185.80698
-0.24209008 -2.2047062 0.0054666549 165.91209
-0.26524043 -2.1369581 0.030057702 174.23976
-0.2554484 -2.045794 0.02369895 174.16608
-0.26351216 -1.9600512 0.02760148 180.10393
-0.24459313 -1.8631258 0.039352521 181.96704
-0.25928438 -1.7058152 0.073072456 170.5
-0.22947247 -1.6216249 0.048480425 174.31905
-0.24449347 -1.455649 0.053256895 183.55882
-0.24017695 -1.362079 0.048869863 188.16667
-0.24871163 -1.1661747 0.027463015 164
-0.23381598 -1.0036559 0.060716424 182.42857
-0.24361698 -0.95181137 0.016784208 177.17917
-0.25302768 -0.83240223 0.023665644 175.81111
-0.25172496 -0.73615885 0.022199472 176.79073
-0.24166185 -0.65514338 0.038566075 187.59821
-0.25036472 -0.55205971 0.016930694 179.88371
-0.25223741 -0.44730866 0.019208536 182.28889
-0.25892934 -0.35316101 0.023505868 177.3134
-0.25538504 -0.24510282 0.019649994 185.42789
-0.2375672 -0.14685975 0.026637521 173.4136
-0.2424431 -0.060592476 0.012933214 176.1497
-0.24321732 0.041302782 0.011138469 174.94263
-0.25019199 0.15001328 0.02077511 179.36153
-0.24474362 0.22096144 0.012510945 182.2
-0.27276337 0.37042424 0.0095513882 167.25
-0.28142673 0.41514921 0.0011288343 183.58334
-0.27514654 2.1990349 0.007793135 185
-0.2206137 2.2850847 0.00786273 189.8
-0.25073764 2.4393673 0.02218964 189.05
-0.25041848 2.5557346 0.019560821 184.44376
-0.24969919 2.6419289 0.008332856 180.8
-0.20800105 2.7464888 0.0038030809 180.33333
-0.24544577 2.8495765 0.0073229414 183.91666
-0.24469894 2.9489601 0.016134793 150.83333
-0.25048551 3.0766139 0.018846245 161.66666
-0.25268 3.1486094 0.044004135 150.00461
-0.26445937 3.2766752 0.03376789 157.15277
-0.23768972 3.3875825 0.041812617 154.32692
-0.23409772 3.4660144 0.031883039 161.08627
-0.20206065 3.5144858 0.0069752089 163.5
-0.25577983 3.6345832 0.031833209 163.81972
-0.24000874 3.746891 0.03287822 155.44872
-0.26665366 3.8669777 0.032994974 158.41214
-0.2541616 3.9319777 0.034519553 156.87297
-0.25384766 4.057755 0.041232102 148.29688
-0.24350576 4.1299992 0.054251328 153.92857
-0.26721284 4.2395644 0.053042054 179.94444
-0.24547689 4.3388219 0.061585288 154.33333
-0.25738555 4.428287 0.065045647 151.08333
-0.24270138 4.5457888 0.065895349 138.77777
-0.24322841 5.4281583 0.067768738 124
-0.21997513 5.6697092 0.045716733 159.25238
-0.29175067 5.9203048 0.091028094 172.66667
-0.239957 -2.1928098 0.11584936 125.74194
-0.22501531 -0.94388574 0.13905676 165.8
-0.26859316 -0.1652548 0.11637104 168.08334
-0.28053993 0.12482566 0.14018694 161.55556
-0.2259699 5.9804592 0.10335676 165.625
-0.21435975 6.2540197 0.1491698 148.625
-0.29444566 6.31461 0.14976077 151.81818
-0.22361299 6.4397655 0.16207807 172.36363
-0.26940507 -2.7697489 0.26554456 149.5
-0.20082107 6.1932817 0.28239402 199
-0.2445484 6.5416226 0.26978973 199.54546
-0.19121885 -0.12587178 -0.10699689 166.79523
-0.1249418 0.075553149 -0.11319701 169.23215
-0.1211779 -2.8344669 -0.0048464299 168.92857
-0.14456993 -2.7471216 -0.027057467 168.61237
-0.14980227 -2.6451406 -0.040846944 166.64795
-0.18942434 -2.5125716 -0.072265595 165.6228
-0.18319485 -2.4112866 -0.070464484 164.39999
-0.17390339 -2.3508711 -0.022838911 166.31468
-0.10207468 -2.2994242 -0.026581991 167.36066
-0.11598934 -2.1542621 -0.037021071 175.00078
-0.14613342 -1.9470065 -0.023504755 186.96667
-0.19310278 -1.8065814 -0.015453829 183.86765
-0.16046795 -1.7131153 -0.028940579 180.72978
-0.19910572 -1.6115769 -0.024822213 169.26506
-0.1909055 -1.5986409 -0.03675903 194.75
-0.18797439 -1.4474405 -0.033462647 164.16666
-0.11503496 -0.91877586 -0.028537007 188.25
-0.18094487 -0.86838877 -0.006711802 192
-0.13620597 -0.76315027 -0.010823936 198.18332
-0.14609754 -0.64598525 -0.01844633 194.41666
-0.17252305 -0.54310977 -0.027750811 182.60136
-0.14447108 -0.43632555 -0.021805335 181.11565
-0.14959548 -0.35051045 -0.032342523 179.18228
-0.1543223 -0.24033262 -0.027829919 179.23053
-0.14033099 -0.15111394 -0.026656216 182.00693
-0.16484486 -0.05132949 -0.036297385 181.03482
-0.16469409 0.048416264 -0.022887073 177.54774
-0.14878632 0.1494454 -0.035362862 177.41214
-0.16694365 0.21944703 -0.023185279 177.22827
-0.15158445 0.35461187 -0.046718426 178.97977
-0.15189885 0.45075288 -0.047474898 183.91267
-0.14641446 0.54998147 -0.037971258 172.05974
-0.14193411 0.6598649 -0.040916696 182.65625
-0.13526563 0.76081187 -0.039418496 182.43889
-0.14977585 0.87195754 -0.044663467 180.43808
-0.13864477 0.95378679 -0.042069569 168.14
-0.1338132 1.0380906 -0.069611304 174.125
-0.18666063 1.1566814 -0.096131258 175
-0.1465425 1.6654996 -0.082836337 181.5
-0.15575106 1.7742851 -0.083164617 180.35715
-0.13835771 1.8414685 -0.076988228 177.33334
-0.15510884 1.9702746 -0.06775251 176.46667
-0.1293072 2.0782428 -0.05857081 193.60001
-0.16103536 2.641793 -0.032158695 128
-0.19941293 2.7256336 -0.012629171 157.75
-0.1199467 2.8465466 -0.011593912 169.10001
-0.16676198 2.9168553 -0.020236043 159.83333
-0.14118259 3.33179 -0.014659761 169.89285
-0.11061032 3.7362123 -0.0069583855 173.66667
-0.16219561 -3.125597 0.057740763 195.06667
-0.14320903 -2.9629679 0.029076597 183.30453
-0.13688238 -2.8195767 0.057300247 187.25
-0.14331619 -2.7505295 0.056175325 183.7563
-0.15430228 -2.65306 0.043704368 186.33934
-0.12682091 -2.560802 0.036978759 184.48282
-0.16123886 -2.4527948 0.041259598 186.78923
-0.15946779 -2.3399897 0.0025976594 170.10963
-0.15059195 -2.2277925 0.016628433 172.89003
-0.1529952 -2.1196675 0.024660703 179.24583
-0.16896816 -2.0394561 0.013683256 182.25969
-0.15815717 -1.9426939 0.023227129 177.44722
-0.12912321 -1.8837433 0.041300401 180.91666
-0.15151326 -1.7469554 0.071042143 170.76666
-0.11402078 -1.606974 0.047792304 175.54166
-0.13536625 -1.5467618 0.048530437 182.91666
-0.16387278 -1.4718649 0.056833513 179.19048
-0.16772978 -1.3743184 0.053889096 174.25
-0.15021259 -1.2230402 0.032668076 176.58333
-0.15926947 -1.0742128 0.015661448 151.08334
-0.17188893 -0.94905835 0.027099483 153.83334
-0.15189804 -0.85092199 0.025188407 184.61212
-0.1456766 -0.76777178 0.032344833 188.23334
-0.16371615 -0.64348561 0.022246895 177.2375
-0.15372369 -0.55582982 0.022034653 186.26666
-0.14427178 -0.45087868 0.020779204 185.202
-0.13694316 -0.36286554 0.022240322 187.44264
-0.15275691 -0.25247973 0.023863602 176.33344
-0.14115599 -0.13938831 0.022269681 177.54033
-0.14283718 -0.052737143 0.030776564 171.37537
-0.14854443 0.052506585 0.01904254 172.18469
-0.16886812 0.14109282 0.013873746 177.05554
-0.14657715 0.23460993 0.018996291 177.6875
-0.15832464 0.32234144 0.022871008 183.76666
-0.14495818 0.43720266 0.0055513908 176.66667
-0.1607047 2.3544414 0.0035218529 191.8
-0.11740506 2.4632928 0.0042339857 190.5
-0.15189843 2.5837379 0.012350655 187.5
-0.1916199 2.633028 0.025017139 185.14285
-0.13932766 2.7395294 0.023596773 185.53333
-0.15840197 2.8505414 0.013370004 160.77779
-0.14337918 2.9600828 0.013188998 190.5
-0.1495098 3.0429413 0.013642496 153.5
-0.12958395 3.1529014 0.012705583 161.6689
-0.1619654 3.2782662 0.022333639 158.27217
-0.14457284 3.3719525 0.021302251 148.65323
-0.12920819 3.4612787 0.03739081 149.4881
-0.14626746 3.5513103 0.038686536 164.9375
-0.17041081 3.6456354 0.026270293 158.17445
-0.14656997 3.7535622 0.022685543 151.04207
-0.15822922 3.8541088 0.032438263 156.46449
-0.15502676 3.9487634 0.037383359 161.75786
-0.14832976 4.0395918 0.03229047 174.91774
-0.15361737 4.1490989 0.051428851 163.08134
-0.14805064 4.2529597 0.055919245 167.86665
-0.15834087 4.3555431 0.060363144 156.16667
-0.13101536 4.4530945 0.065409288 146.75
-0.10927816 4.5484142 0.0663222 139
-0.12796633 5.6193123 0.015096855 155.05
-0.1551386 5.7520437 0.032829832 159.09659
-0.17706273 5.8632793 0.052341938 162.65625
-0.11146642 5.9262848 0.010731041 166.66667
-0.12408466 -2.6829059 0.12981936 135.53334
-0.17592517 -2.3322103 0.11734982 174.8
-0.13861734 -2.1854975 0.14203846 130.29744
-0.19900867 -1.8399047 0.12982209 148
-0.18423243 -0.74453783 0.11163688 157
-0.15546635 -0.25808308 0.15555279 144
-0.16888122 -0.18294394 0.12833123 162
-0.12388162 0.18476868 0.17446098 148
-0.18493842 3.7598233 0.16345699 141.90323
-0.14421511 5.6487689 0.14292596 142.80556
-0.1432817 5.7439728 0.11425583 146.20834
-0.16009276 5.8917427 0.12208968 149.23077
-0.15687124 5.9949889 0.13025776 149.09091
-0.17008264 6.394062 0.16315421 161.42857
-0.1439065 -2.6874101 0.2230581 137.83871
-0.1485312 -2.5236454 0.22590551 162
-0.16551389 -2.3751204 0.20806186 133.29411
-0.14993942 3.7773874 0.21176863 149
-0.12430888 5.6324191 0.23675902 149.3
-0.17531937 6.4651842 0.24745183 198.41666
-0.08186207 -0.13205907 -0.10770359 168.78572
-0.052352391 -0.045491576 -0.11671244 169.2258
-0.084103927 0.73393387 -0.10162488 174
-0.0078815818 -2.9009545 -0.0002424367 177.13043
-0.026545269 -2.7798376 -0.023990814 169.82764
-0.058029264 -2.6569996 -0.034578808 168.11563
-0.052008986 -2.4094825 -0.012916614 170.39285
-0.076737419 -2.3454776 -0.024969779 167.7327
-0.051931504 -2.2685323 -0.015413248 171.96786
-0.038320541 -2.1542697 -0.016676167 178.64474
-0.014757121 -2.0777204 -0.026703907 182.63637
-0.055418454 -1.9990532 -0.026736286 185.58333
-0.063360259 -1.8514677 -0.014054107 183.90045
-0.09598355 -1.7788113 -0.034788672 194
-0.056085113 -1.6395388 -0.029203078 180.87117
-0.066998839 -1.5854628 -0.043038409 194.66667
-0.049954914 -1.4723934 -0.04980034 177
-0.037152287 -1.3849837 -0.047783077 157.5
-0.021735689 -1.2821164 -0.052322254 143.5
-0.06866727 -0.94901162 -0.0072219246 188.33334
-0.042995684 -0.83603865 -0.015121446 194.25
-0.038529832 -0.72849751 -0.021831311 197.22223
-0.06030662 -0.63862062 -0.023843357 194.06667
-0.040805724 -0.54358113 -0.01998773 183.87999
-0.047589455 -0.46220353 -0.019579731 178.92033
-0.036841549 -0.35491538 -0.029629894 180.62894
-0.052493364 -0.23062322 -0.02937483 183.97693
-0.053246103 -0.14755791 -0.026349755 180.7856
-0.053949859 -0.042508274 -0.02762696 183.69618
-0.046070002 0.051490847 -0.037569392 178.90875
-0.048959441 0.14186731 -0.042376831 181.07948
-0.042636484 0.24137071 -0.040207233 179.80716
-0.04980785 0.3542026 -0.02219039 178.76512
-0.043004137 0.45936602 -0.029090369 176.96288
-0.062901676 0.54094458 -0.038857147 182.84895
-0.061435346 0.64683974 -0.036876019 176.84009
-0.040769033 0.74322003 -0.035208464 178.05185
-0.047835741 0.83567131 -0.03629411 173.9375
-0.063126013 0.93399811 -0.044389825 171.10715
-0.035982873 1.05601 -0.069898203 168.83333
-0.078559883 1.1282521 -0.086816035 176
-0.054698844 1.7926737 -0.074964382 198.5
-0.0373009 1.8865973 -0.078805536 198.60001
-0.016926784 1.9813476 -0.076184154 198
-0.011334197 2.0784018 -0.07780993 197.75
-0.085876942 2.2873685 -0.0021821717 185.5
-0.051343262 2.4489632 -0.00023317154 189.75
-0.045867544 2.6572685 -0.022990113 148
-0.08190228 2.7569113 -0.018464619 151.33333
-0.025273524 2.888582 -0.0051382957 190.25
-0.049682204 2.9479468 -0.0031133951 191.33333
-0.086905703 3.6685128 -0.012891953 173
-0.048821509 -3.2018456 0.085600026 200
-0.025630826 -3.1654265 0.079910032 199.33333
-0.075491458 -3.0608435 0.044459451 193
-0.057335153 -2.9528422 0.044665467 155
-0.080656111 -2.8706594 0.057427227 181.5
-0.031929143 -2.7384996 0.049372353 180.94167
-0.064081132 -2.6466031 0.044943091 186.52588
-0.027422212 -2.5697722 0.047992319 174.59195
-0.018883545 -2.470906 0.043330543 173.82243
-0.037522592 -2.3564062 0.059344776 146.37698
-0.033166133 -2.2961917 0.068544328 149.25
-0.045746066 -2.1823022 0.026792534 180
-0.030033853 -2.0526917 0.035829499 177.99207
-0.055821624 -1.9601899 0.019005088 182.56709
-0.044726044 -1.8656988 0.022228952 179.10649
-0.018177088 -1.7969779 0.068963908 169.66667
-0.031153716 -1.6821364 0.066986382 167.5
-0.064618818 -1.5455571 0.056738585 180.08333
-0.050813779 -1.455689 0.053806163 181.5
-0.022443635 -1.3694421 0.052781716 173.76666
-0.08088135 -1.2827117 0.039770439 190.66667
-0.042606279 -1.1519481 0.010086292 159.75
-0.079129852 -1.0200759 0.0059733675 162
-0.055450104 -0.94597381 0.006283123 185.33333
-0.016852858 -0.85519522 0.017613743 177.5
-0.078448839 -0.75148773 0.025303116 177.37776
-0.063274898 -0.67411566 0.019733699 191.93335
-0.056886166 -0.54392505 0.02165534 182.73334
-0.047530446 -0.44119447 0.021532632 187.25529
-0.055362787 -0.35084629 0.01784276 178.53313
-0.056159474 -0.25455692 0.024650048 179.7186
-0.044373952 -0.16068539 0.018921906 174.22531
-0.073361009 -0.03727597 0.021546368 155.28986
-0.073035769 0.064224996 0.020826532 174.1369
-0.041501585 0.14546825 0.030955011 177.11282
-0.033416826 0.26425895 0.018395748 183.41667
-0.064157784 0.45112205 0.0017812176 180.55556
-0.072947286 0.53148043 0.0018678493 174.66667
-0.082960732 2.3557281 0.006070653 187
-0.084966138 2.5699682 0.010094462 189.75
-0.048686478 2.6602354 0.011861873 189.96667
-0.051847652 2.7526894 0.011593521 188.66667
-0.039808407 2.8624172 0.010665749 188
-0.067148305 3.0271482 0.0091455961 150.83334
-0.025732296 3.1587255 0.0090543665 166.88905
-0.047889866 3.2732186 0.011628725 166.55521
-0.065305732 3.3524208 0.014410782 144.36363
-0.027563175 3.4605255 0.03189835 152.31018
-0.055955928 3.5824327 0.041525677 174.44444
-0.051681153 3.625715 0.030980639 159.19444
-0.063933007 3.7440171 0.04919792 156.06726
-0.050827891 3.8481557 0.026802076 170.1488
-0.056563903 3.9599464 0.045898687 167.71667
-0.051945038 4.0477533 0.034776069 176.87256
-0.042406034 4.1560502 0.045001101 168.92348
-0.069579802 4.2605777 0.057497803 153.125
-0.055015754 4.3561029 0.060420908 152.86667
-0.0082609402 4.4436264 0.062374182 141.75
-0.096717916 4.5530562 0.07056646 131.5
-0.029587995 5.587141 0.0090684611 147.79166
-0.054165356 5.6680756 0.016647795 151.88889
-0.060161438 5.7764955 0.02017938 157.16667
-0.040820442 5.8601995 0.016443718 163.73334
-0.0357114 6.0393777 0.037963513 181.55556
-0.072812721 -2.3676999 0.14400378 127.25
-0.056146044 -2.2514567 0.11529778 133.96875
-0.078294218 -2.1924732 0.14784555 137.82608
-0.044497468 -2.0999286 0.17895941 133.25
-0.092468113 -0.30616143 0.14615937 193
-0.053197939 -0.24070048 0.14567012 175.66667
-0.049105432 -0.17572127 0.1405157 152.06667
-0.054851685 -0.06278903 0.12647836 184
-0.025667131 0.15647241 0.17679523 150.2
-0.075143978 0.24861351 0.14337221 169.75
-0.01527657 3.7739174 0.14616393 140.20454
-0.065928198 5.5999107 0.11903435 142
-0.061416563 5.6431341 0.10975156 143
-0.067214407 5.7738624 0.11858089 145.6875
-0.078217603 5.8542938 0.12045524 146.625
-0.077165172 5.9543867 0.1249202 146.75
-0.020993717 6.0532775 0.16270871 175.69643
-0.098636679 6.2980776 0.15076804 154.14285
-0.02850201 6.363925 0.1515011 179.66666
-0.02666758 6.4853754 0.16866826 180.72728
-0.013929141 -2.4407525 0.2166307 162.66667
-0.0046339766 6.1168919 0.23469017 195
-0.08699847 6.2878118 0.22827283 200.5
0.084494084 -2.8483064 -0.014017034 176.57143
0.059248984 -2.7230377 -0.023501502 170.84497
0.034117546 -2.4327583 -0.019080421 174.60001
0.051079717 -2.3199685 -0.012782631 176.325
0.047806513 -2.2142413 -0.00045001265 176.68571
0.064273283 -2.1915028 -0.01087613 180.5
0.013988578 -2.0546999 -0.0062826676 192.10001
0.015126199 -1.7426372 -0.022272537 186.78149
0.043026265 -1.653846 -0.040990621 195.75
0.077772386 -1.5329033 -0.049054977 184
0.041390896 -0.96289009 -0.018137814 191.45833
0.037620321 -0.83331609 -0.022723293 197.25
0.051477734 -0.74157852 -0.010032758 197.83333
0.037551932 -0.66262817 -0.020164359 187.53889
0.045261957 -0.54710484 -0.020469423 185.12422
0.056062296 -0.43997285 -0.019037867 180.11087
0.051573798 -0.3492251 -0.012060186 180.78333
0.048303865 -0.24441828 -0.024934771 176.32584
0.040273856 -0.14209488 -0.038566306 178.25563
0.037957445 -0.055621739 -0.030791104 176.63062
0.045728609 0.050816763 -0.032415807 175.99385
0.05204986 0.15765902 -0.040674724 175.45311
0.059119213 0.26030529 -0.036007643 177.74011
0.032972705 0.35333169 -0.041167021 187.55095
0.050758481 0.44874549 -0.0295988 184.42535
0.040470425 0.55725509 -0.033046123 184.09367
0.049059108 0.65804589 -0.040810522 182.96042
0.043077279 0.75971115 -0.040422134 183.28889
0.050884098 0.84225971 -0.035847951 176.04286
0.03882321 0.94404513 -0.031615913 166.51904
0.038933389 1.8681372 -0.084488124 202
0.095206372 1.9686985 -0.086175397 202.66667
0.096170656 2.0805411 -0.086399741 202
0.027981164 2.3234391 -0.012441078 180.16666
0.058572408 2.4348826 -0.010716449 186.15001
0.03459198 2.5716739 -0.0042181634 187.75
0.062214792 2.6647496 -0.01128399 177
0.055835821 2.7492082 -0.0064711678 185.33333
0.047508635 2.8437567 -0.010014879 178.92831
0.071184851 2.9249973 -0.006676083 178.68666
0.058463082 3.1406565 -0.011283279 160.62968
0.020947153 3.7409601 -0.0010801294 180
0.042388152 5.5856428 -0.0082103191 149.5
0.099335574 5.6180668 -0.018757604 148.78432
0.056505859 5.7460999 -0.00083605351 149.95454
0.087180048 -3.2128248 0.083263263 198.5
0.02420282 -3.072979 0.045509078 193.22501
0.046937507 -2.94594 0.054677479 179.36945
0.040853992 -2.817333 0.053160924 168.54762
0.086741239 -2.7381983 0.062245607 181.25
0.062990732 -2.6437566 0.052692585 166.39429
0.065686479 -2.5429525 0.011347476 167.44604
0.041671988 -2.4463353 0.053688943 152.36703
0.03979009 -2.355474 0.024315827 168.64285
0.050109167 -2.2665253 0.042421144 153.625
0.053829573 -2.1190121 0.017120194 178.08333
0.086008959 -2.0381193 0.0031944513 189
0.017424073 -1.9219651 0.0033993293 187.8
0.069410965 -1.8424844 0.056517541 166.89999
0.06839852 -1.7005824 0.063060515 168.16667
0.0068395329 -1.6100637 0.071155123 169.5
0.029815463 -1.534616 0.057640098 178.75
0.069844902 -1.4282701 0.033685632 175.85001
0.038531333 -1.3256102 0.025927028 161.5
0.03700421 -1.2512544 0.021148136 161.33333
0.06311287 -1.0564476 0.010211804 168.5
0.072363041 -0.96803796 0.018550705 175.66666
0.051092308 -0.85178334 0.020167295 180.34763
0.036474492 -0.74202579 0.013641262 187.08891
0.053459987 -0.65034539 0.018329587 182.53333
0.035168458 -0.55330873 0.020696063 185.37143
0.030541306 -0.4434489 0.022960084 184.55424
0.063543074 -0.35073978 0.021030132 180.97896
0.051575284 -0.25851783 0.036137149 180.05357
0.039803009 -0.16353683 0.043454632 178.34111
0.053036205 -0.027957438 0.019781088 179.15556
0.027263824 0.069166042 0.023229044 179.10768
0.048959251 0.16093189 0.062877439 167.13889
0.041156854 0.22981368 0.050427683 173.96666
0.093232431 0.30261037 0.012846303 194
0.092457809 2.55616 0.0075799841 187.75714
0.077547789 2.6860733 0.0011178104 181.24001
0.055561602 3.0338247 0.0047548208 174.34326
0.0087316409 3.1694722 0.0056663984 183.76923
0.03538112 3.2933414 0.01338685 158.45833
0.030749897 3.3981731 0.014868534 151.72223
0.053780898 3.4464352 0.025838299 155.90477
0.056196254 3.5219374 0.037034586 159.51755
0.038427733 3.6396246 0.045365084 170.21628
0.045371626 3.7390072 0.031122608 164.73746
0.055714358 3.8615561 0.038170777 168.46498
0.04252563 3.9622753 0.044505242 162.03157
0.05616032 4.0474982 0.052944787 159.46333
0.041016191 4.1373 0.047743056 164.40001
0.03573427 4.2357564 0.046937868 159.26666
0.074838825 4.3333592 0.053144686 150.54167
0.015118184 4.4978471 0.059766863 134
0.029012598 4.5307851 0.065993056 133.66667
0.05491754 4.6021667 0.070346966 126
0.030645158 5.6592231 0.063138217 147.08333
0.014686442 5.7498007 0.017428698 150.07692
0.065574326 5.8470044 0.017662991 153.66667
0.018416854 5.9685688 0.021243781 169.5
0.060953896 6.0654535 0.059559815 190.82353
0.066117533 -2.4588425 0.17764123 141.83334
0.068361618 -2.0698979 0.19599794 143
0.035841156 -0.21388289 0.14597346 167.94444
0.05574182 -0.1611726 0.16262271 141.23192
0.06514997 0.14876898 0.13501801 136.48576
0.032419652 3.8473041 0.15227553 168.35001
0.045712151 5.6616292 0.10607205 146.5
0.048419576 5.7602863 0.10493937 146.66666
0.060711816 5.8548293 0.12271404 150.44698
0.044685088 5.9507742 0.10665037 150.2
0.052869327 6.0431724 0.14287667 168.82762
0.017675593 6.1351433 0.16811253 194.875
0.012506027 -0.21646011 0.20760483 147.5
0.010302639 6.4972343 0.24278107 201.16667
0.17791519 0.50113565 -0.1067659 186
0.19919264 -2.9375806 -0.0035984183 189.2
0.15023912 -2.7731121 -0.019792097 179.2
0.16731863 -2.4165256 -0.0050503192 179.25
0.12040348 -2.123467 -0.026443448 184.57143
0.14480689 -2.0393672 -0.015643431 191.55556
0.13661644 -1.9582622 -0.018967414 192.39999
0.19039473 -1.8732382 -0.041881528 194
0.10308916 -1.622107 -0.0079207243 182.28
0.10070056 -1.451084 -0.047600731 165.5
0.12778015 -1.3562905 -0.052143969 149
0.14946173 -1.2799791 -0.054409616 140
0.13758756 -0.93987191 -0.020086775 196.25
0.14726591 -0.85290039 -0.017013175 199.92857
0.15023991 -0.73557979 -0.012723763 193.88097
0.1476218 -0.64168799 -0.013457053 190.03334
0.14450411 -0.54657698 -0.019855035 186.42958
0.15020773 -0.45638961 -0.02118169 180.47107
0.14722407 -0.35503706 -0.019071946 178.1712
0.15921216 -0.26609775 -0.02759747 177.47716
0.1508884 -0.14208773 -0.031999685 175.70123
0.1499601 -0.054135874 -0.038185649 175.25676
0.14306439 0.034932673 -0.034530889 173.14478
0.15906031 0.14107157 -0.030045396 173.53442
0.15156141 0.25708807 -0.048800912 178.50681
0.13558511 0.34798065 -0.030323496 177.32561
0.14328241 0.44824716 -0.040232781 185.45378
0.14036739 0.56813675 -0.029359035 189.21381
0.14184766 0.65422291 -0.031657148 191.70625
0.14029489 0.73347306 -0.031042337 182.55
0.16423179 0.8433283 -0.030816102 171.72038
0.16031757 0.95759195 -0.02739827 163.83333
0.15728843 2.083137 -0.085109092 202
0.16288979 2.2169361 -0.034908053 172
0.15386465 2.3032463 -0.024098689 179
0.14085321 2.4119978 -0.015979446 186.60001
0.13299359 2.5380769 -0.0092984643 174.60001
0.18409866 2.6632614 -0.0054559107 179.27779
0.16851003 2.7359269 -0.0097101945 171.8889
0.16882589 2.850719 -0.0067867232 178
0.16871841 2.9395471 -0.0083799167 177.65384
0.18198249 3.0164766 -0.00084517908 160.73016
0.17851204 3.1280031 -0.023974027 162.45897
0.19165093 3.6157794 -0.0004976982 148.85246
0.18547869 5.6005588 -0.044243384 157.1132
0.13757434 5.7070909 -0.01727923 150.63492
0.17014123 5.8003321 -0.0066173309 153.72974
0.12285051 -3.1220913 0.084294654 196.39999
0.13228256 -3.034596 0.047769569 191.875
0.11322 -2.9857452 0.0042698858 188.33333
0.1603356 -2.8592906 0.038671501 185.60416
0.17973432 -2.7677083 0.062235728 179.35268
0.14649978 -2.6524677 0.061422762 154.65384
0.13009943 -2.5363829 0.046108462 164.02766
0.15595971 -2.4751642 0.049026273 160.53984
0.12394711 -2.3611267 0.035469595 160.42657
0.17106242 -2.2299571 0.027920738 181.81668
0.14499813 -2.1362793 0.044734921 178.1317
0.13846846 -2.0301368 0.058755167 167.5
0.19275545 -1.9026371 0.060649555 168.66666
0.11481708 -1.8616848 0.024752667 170.07777
0.15304203 -1.7375565 0.047504503 157.79893
0.14730424 -1.6471635 0.038624182 168.125
0.13838002 -1.5705161 0.052603737 152.75
0.1177899 -1.4645193 0.056728229 170.77777
0.16146074 -1.3378489 0.036915898 169.0625
0.1520526 -1.1365794 0.0050900392 177.58333
0.17373011 -1.0603099 0.026519679 165.75
0.14043669 -0.93224669 0.027799206 191.33333
0.13929987 -0.85750562 0.024198402 182.77777
0.1346966 -0.7505216 0.0094383899 193.71161
0.1459229 -0.6428107 0.016727909 183.68881
0.14464426 -0.55643213 0.025272831 179.8011
0.14609441 -0.48299676 0.022076944 181.20277
0.14841793 -0.34157166 0.012903891 176.73697
0.1580999 -0.23327081 0.031226316 174.14999
0.14914542 -0.14902136 0.050608549 163.30289
0.1484604 -0.03846541 0.019283604 182.14951
0.13986267 0.056354046 0.017501658 183.35535
0.15853009 0.14179172 0.050410163 148.205
0.17159158 0.25969502 0.011096967 189.25
0.15797326 0.36351961 0.0036604789 193.75
0.14575179 0.49639839 0.0035308369 189
0.12074404 0.52674663 0.006040832 152.5
0.19361155 2.6122744 0.009300109 185.83333
0.10620403 2.7698295 0.0044041886 188
0.13839082 3.0348406 0.050432373 147.36667
0.15419315 3.51402 0.0079276506 147.77298
0.10844217 3.6111825 0.011845194 146.71428
0.1419017 3.7468672 0.018253596 167.28816
0.17060223 3.8344684 0.022471044 158.46991
0.16373333 3.9404182 0.035305347 168.05237
0.15439673 4.0292492 0.051885691 155.46031
0.15807132 4.1535535 0.040706094 163.67143
0.12744102 4.2463031 0.043034751 157.05714
0.14110385 4.3408427 0.052852839 143.83334
0.15005118 4.4621515 0.064531311 145.48001
0.18393919 4.5494418 0.06791959 131.33333
0.16389966 5.6321688 0.089850105 139.75
0.14797169 5.7486143 0.095599346 144.5
0.13654692 5.8412123 0.0072787264 148.60715
0.14586358 5.9330339 0.035021473 155.99286
0.17871323 6.0752258 0.031706676 186.7845
0.11448128 -2.4672773 0.16003112 128.77777
0.13755639 -0.1512253 0.13080972 130.66995
0.10664618 0.14007169 0.10370422 126.15
0.13925457 3.8817859 0.12385012 137
0.18081404 3.929177 0.12063801 136
0.19145338 5.743598 0.1021663 138.33333
0.1675031 5.966454 0.1044817 142
0.16562979 6.0606294 0.13142982 156.83333
0.11929027 3.8506539 0.22616881 133.5
0.10836574 5.8526325 0.20405619 127
0.224562 -3.0230653 -0.013823378 191.5
0.28083038 -2.836091 -0.0093137277 190.25
0.23278725 -2.7866533 -0.0033648205 185
0.28246045 -2.4501247 -0.010104074 165.0625
0.23977681 -1.9462719 -0.026900187 194.5119
0.24132605 -1.8403653 -0.023651574 194.05556
0.26503736 -1.7476801 -0.045010559 198.33333
0.24140087 -1.6656231 -0.02137039 191.28572
0.24354485 -1.0267334 -0.0020562524 172
0.25832143 -0.9354009 -0.0095168073 195.5
0.25734776 -0.86869335 -0.013209901 198.11113
0.2541208 -0.74121988 -0.014874811 191.53543
0.21638542 -0.64682561 -0.016723197 189.16667
0.25849316 -0.53406703 -0.013125341 185.46353
0.2515581 -0.46269125 -0.017857131 183.63663
0.25206229 -0.36190471 -0.02353983 179.82376
0.24552786 -0.24403597 -0.018452831 175.67216
0.2533102 -0.14434165 -0.028868824 175.37221
0.25151309 -0.041219395 -0.043755025 173.70721
0.24048001 0.056959376 -0.046561122 172.81815
0.24998359 0.14736855 -0.029259088 171.06384
0.24943139 0.24386661 -0.036620013 174.73834
0.24577053 0.33881873 -0.041211672 176.74342
0.23490489 0.47006646 -0.027123073 184.78896
0.24906833 0.557289 -0.02513497 189.8223
0.24372537 0.62956506 -0.023654288 192.25
0.24311925 0.74564403 -0.024947055 183.50476
0.2570875 0.85087371 -0.020504832 174.3125
0.24726719 0.95265734 -0.03112877 162
0.29744858 2.1913157 -0.038113616 165
0.26699862 2.3095913 -0.029186862 176.39999
0.23861861 2.4230504 -0.017772101 185.5
0.22761145 2.5040431 -0.020498626 171
0.26774651 2.6534255 -0.01304974 168.0614
0.2418914 2.7712505 -0.011530628 174.44444
0.26852956 2.8641067 -0.010772309 173.35037
0.24646077 3.5533328 -0.024910679 150.33333
0.27886137 3.6209364 -0.022259204 153.45
0.27733055 3.7167621 -0.018099496 153.7561
0.26797608 3.8127093 -0.014527113 151.68657
0.22407554 4.5818038 -0.055688962 165
0.24025352 4.7025032 -0.050553016 176.8
0.25612631 4.8287044 -0.048991844 187.625
0.27615777 4.9385314 -0.024624089 189.75
0.28504941 5.0085139 -0.023335047 186.5
0.2960414 5.5829043 -0.037957888 159.85556
0.22098517 5.6739759 -0.041434355 156.14285
0.25449267 5.77422 -0.036977299 153.57333
0.21721512 -3.163506 0.087790713 197
0.24238564 -3.048687 0.097130269 194.25
0.25150001 -2.9509151 0.090831421 188.84167
0.26410228 -2.8632586 0.074255787 182.94444
0.2580395 -2.7463596 0.052906778 175.55807
0.23589489 -2.6163607 0.072599173 156.11224
0.26954651 -2.555747 0.056818955 164.03943
0.24519579 -2.4542999 0.018023062 169.21991
0.23864429 -2.3462648 0.05146512 160.55
0.24016212 -2.2597239 0.047939893 176.05333
0.25136408 -2.155194 0.042962007 174.34523
0.24042381 -2.0280509 0.045160931 172.59778
0.25939336 -1.9356022 0.024000242 180.18832
0.24669203 -1.8453395 0.051333092 179.37776
0.26313072 -1.7536458 0.046466105 161.1111
0.24455917 -1.6166565 0.04453722 150.95
0.24438883 -1.5438411 0.048396293 163.6389
0.23108797 -1.4283154 0.038212594 160.00833
0.20104556 -1.3240305 0.015057513 156.5
0.24465725 -1.2009277 0.0041726916 168.25
0.26433751 -1.1081066 0.0047012782 169.66667
0.24187577 -1.0183232 0.03279873 163.5
0.24458149 -0.94474018 0.026175283 181.32291
0.22599396 -0.8583293 0.0078004878 192.09721
0.24747732 -0.75123423 0.019938186 188.37036
0.24800353 -0.64371419 0.008601089 192.75514
0.26478645 -0.53572297 0.01263075 184.44887
0.23269315 -0.44916043 0.015977532 182.25926
0.22881138 -0.36537829 0.017694624 181.69444
0.25361475 -0.25243476 0.020146409 174.44643
0.24557279 -0.14546505 0.040588576 154.95732
0.24455953 -0.03774751 0.027599609 185.875
0.23473321 0.054817945 0.0094737094 176.66667
0.23348561 0.13164729 0.018304659 152.89999
0.26785842 0.25629398 0.02422303 188.2
0.2473162 0.37019712 0.0077323471 193.66666
0.21463932 2.527827 0.00037952192 190
0.28364211 2.6050673 0.0014167175 187.14285
0.27855903 3.024965 0.0024065406 162.47223
0.2775062 3.1305184 0.0020730239 161.45966
0.29112145 3.7911737 0.012637247 175.2
0.2772685 3.8973455 0.012164284 159.82222
0.23735569 3.9722703 0.049919054 152.04091
0.245711 4.0507069 0.037173312 156.03334
0.20241757 4.1640649 0.054984987 148.5
0.25455147 4.2644792 0.047655407 142.1111
0.23240025 4.3448138 0.050005775 132.66666
0.26524511 4.4290733 0.056680489 133
0.26918417 5.6062865 0.08318226 128.66667
0.28481215 5.7326317 0.091656581 128
0.21029437 5.8916903 0.0023498442 151.75
0.26980254 5.9561896 0.035141505 151.1111
0.25896037 6.0358086 0.039122108 180.94287
0.26137495 6.1004033 0.00090318685 186
0.20695885 -2.504215 0.1057589 130.075
0.22798532 -2.4848723 0.1187258 146.93333
0.27902576 -0.27382082 0.18856502 139
0.27882296 3.0242555 0.11295346 124
0.29685637 5.983007 0.10146808 130
0.26821706 6.0829382 0.1582271 183.0303
0.26944014 6.1039 0.11160754 129
0.21775922 4.5347929 0.22209094 166
0.31191435 -2.9305367 -0.015324432 191.75
0.37778834 -2.8717785 -0.023875548 192.5
0.38061735 -2.4568963 -0.01043261 165.72198
0.38331065 -2.2964075 -0.0024985881 165
0.3505103 -1.8437124 -0.037114039 193.33333
0.32568407 -1.7510598 -0.022012085 192.89999
0.34282869 -1.6179085 -0.030366041 187.8889
0.39662969 -1.5268066 -0.052392423 164
0.31701598 -1.0921676 -0.00081263151 171
0.34289908 -0.84899211 -0.010575096 192.87543
0.35454479 -0.74224132 -0.01640987 191.90417
0.33309439 -0.65081185 -0.023808664 183.2375
0.34030467 -0.51669961 -0.028007573 183.07176
0.34250164 -0.44992274 -0.019184429 179.1369
0.34203389 -0.35643992 -0.024631741 177.4155
0.35333571 -0.23768844 -0.027418295 175.80351
0.34806108 -0.14480084 -0.039719239 172.24431
0.3583495 -0.036050126 -0.044441372 168.50986
0.36028793 0.044001706 -0.058024149 175.33864
0.3471345 0.13423344 -0.033345178 166.86565
0.34986073 0.24650772 -0.03867783 171.06816
0.343409 0.33280426 -0.030311413 164.4213
0.35022619 0.45660543 -0.032962713 176.91988
0.34359616 0.54344565 -0.016924625 188.75447
0.35113558 0.63270503 -0.017664606 190.74136
0.34166789 0.73526508 -0.026643317 188.74643
0.33872607 0.84700471 -0.025704114 178.49376
0.35009399 0.92466217 -0.028177315 169.5
0.37185946 2.3472848 -0.032782927 178.33334
0.3266573 2.462466 -0.019796448 185.55
0.35052088 2.6184688 -0.0097091822 176.11111
0.34480026 2.7383585 -0.012598594 166.8
0.36935866 2.8718348 -0.011222327 169.17157
0.38234866 3.0181892 -0.02086816 168.08
0.37493068 3.1046031 -0.0047742361 166.0303
0.38079065 3.6501999 -0.017884051 159.1037
0.38193789 3.7036233 -0.017600311 160.74274
0.34869546 3.8001316 -0.011285821 154.64102
0.35276452 4.5352721 -0.06013488 161
0.35366753 4.6818857 -0.052131623 176.25
0.35426593 4.7829947 -0.046686914 186.5
0.35361782 4.8565726 -0.046929896 189.75
0.35746068 4.9724007 -0.028279835 187.28572
0.35438508 5.0763283 -0.037474286 181.51447
0.34546834 5.249239 -0.049502634 170.60925
0.32519215 5.3307223 -0.04312345 168.19048
0.34981024 5.4225092 -0.042438868 160.37662
0.37724885 5.5495391 -0.064266086 162.71585
0.31684861 5.6272879 -0.038344208 160.49084
0.33899328 5.7262607 -0.032634106 155.63492
0.33384085 5.84268 -0.024319198 151.84972
0.35842437 5.9400129 -0.0021096 156.8562
0.38494492 6.0212297 -0.0045293453 174.25
0.31853914 -3.1599066 0.091971025 196.125
0.39957771 -3.0281918 0.094548881 193.33333
0.33939493 -2.8974724 0.076579541 184.33333
0.35924801 -2.7658014 0.05418133 176.64021
0.36919659 -2.6418958 0.046959475 170.69249
0.3426815 -2.5557895 0.042191293 168.06512
0.35223266 -2.4255338 0.0078800591 174.09798
0.34193462 -2.3469779 0.037234087 170.31372
0.33191141 -2.234735 0.032942582 173.79204
0.36111662 -2.1449192 0.039534528 166.80478
0.35085264 -2.0495095 0.041224401 175.55542
0.36580291 -1.9464374 0.057829101 176.83374
0.33279675 -1.8438531 0.050890189 177.25
0.35634619 -1.740569 0.051581871 178.45239
0.33571243 -1.662167 0.042737063 158.41666
0.36321461 -1.5272868 0.03850184 155.64999
0.3558557 -1.4126697 0.0117223 163
0.34937251 -1.3237195 0.012723021 158.75
0.3284708 -1.1592408 0.036756761 144
0.36945924 -1.0451972 0.038931515 160.3611
0.31858653 -0.93285769 0.014294098 183.41667
0.35755393 -0.86558038 0.01893647 192.06
0.35736713 -0.75364172 0.016192788 193.78333
0.35519305 -0.63472009 0.019875718 189.56071
0.35885939 -0.5316776 0.018928045 182.58972
0.35160387 -0.431326 0.017143704 181.00151
0.35536551 -0.35921332 0.016826143 178.25436
0.36118215 -0.23376159 0.020869898 178.09259
0.34338346 -0.14537498 0.011976446 184.25
0.36297572 -0.059485942 0.008436976 172.33333
0.36463439 0.047185525 0.0067935092 172.98611
0.35830349 0.14121477 0.033999674 160.91071
0.3493109 0.27662349 0.0079474691 182.7639
0.32074472 0.39252555 0.0359056 169.92857
0.37737274 0.44817817 0.010362932 197.25
0.33677241 2.9712613 0.056285027 152.83334
0.37536144 3.1662309 0.0023040436 163.86667
0.39490452 3.8254256 0.012805469 155.75
0.36067858 3.9392655 0.022295671 151.33333
0.35593179 4.0654001 0.072899364 145.3875
0.35518464 4.1695948 0.055721629 143.58334
0.35923675 4.3415365 0.049100306 140
0.32635322 4.4228282 0.039842922 119
0.33042833 4.5207858 0.065865502 121
0.3596217 5.5843649 0.084195338 117.33334
0.38263929 5.7212586 0.097029112 113.66666
0.35685074 5.9090161 0.0038177513 150.5
0.3677398 6.0715423 0.043280095 187.28125
0.35638013 -2.5256975 0.10219042 163
0.37889072 -0.53267348 0.12954685 128.42857
0.35739678 -0.29147649 0.16128075 191
0.3359538 0.13267735 0.15526244 156.46458
0.33730507 3.0168593 0.14526393 132.43158
0.30490339 5.7303581 0.10088162 122
0.3611736 5.9911151 0.10174557 119.5
0.3645696 6.0906506 0.13318749 177.25
0.34454662 6.1212668 0.12570064 119.5
0.41003504 -2.8889246 -0.021448847 192
0.42803377 -2.3772924 -0.0045563611 164.84375
0.4393242 -1.7264124 -0.034014978 185.3889
0.49342579 -1.6392373 -0.038903281 179.39999
0.40641424 -0.94246471 -0.002942024 180
0.44531244 -0.85547209 -0.017150471 192.96666
0.44382259 -0.73907131 -0.0223499 188.52
0.44279709 -0.63557577 -0.032007545 175.91666
0.43528372 -0.55210602 -0.025819447 177.34554
0.44745314 -0.45508283 -0.019275125 174.22282
0.44690222 -0.34712595 -0.021609178 176.60153
0.45457584 -0.24451585 -0.02923953 171.69708
0.45677 -0.14457211 -0.024058243 170.91457
0.43866992 -0.03875383 -0.038700122 171.71049
0.42871964 0.042152401 -0.031690404 169.2605
0.44276422 0.13993694 -0.037497513 168.85049
0.44263515 0.25233796 -0.041603703 168.24341
0.44008514 0.33514228 -0.023906454 173.22269
0.45964849 0.44545987 -0.020599116 179.53273
0.45840466 0.55709922 -0.019007608 187.74271
0.45087391 0.65387046 -0.024162421 189.66667
0.44212988 0.73979563 -0.027100669 191.04286
0.44632208 0.84929717 -0.032133933 181.06667
0.42456734 0.92645514 -0.032756306 169
0.42648649 2.210587 -0.044791881 163.25
0.4731558 2.3925011 -0.037795551 178.5
0.41575202 2.4958379 -0.026561011 184.83333
0.45671281 2.6049707 -0.01265851 190.5
0.48382205 2.7029004 -0.0051331087 187
0.48136151 2.8422904 -0.0061623841 181.64682
0.47816575 3.053812 -0.010978253 175.07153
0.48287007 3.1727867 -0.01000417 173.5
0.47287565 3.6568723 -0.038260702 162.09303
0.46089652 3.8012619 -0.026719572 161.25
0.47561845 3.9512336 -0.018575175 162.29166
0.48337457 4.0787201 -0.015805515 165
0.49495959 4.4795318 -0.060673732 157
0.4821904 4.5676837 -0.06346409 166.66667
0.47340971 4.650599 -0.052688301 175
0.46547148 4.7014503 -0.056665644 179
0.4498449 4.8251457 -0.051040947 190
0.46006843 4.9505534 -0.037646856 188
0.49090987 5.0476055 -0.039992582 183.25
0.43767101 5.1697626 -0.03878526 175.19231
0.46790951 5.232944 -0.061026484 170.20689
0.4150067 5.397809 -0.043677494 161.59459
0.45730728 5.478241 -0.062293321 162.68085
0.48987326 5.5465488 -0.067761645 163.075
0.44348651 -3.1383548 0.045995675 192.10001
0.49068907 -3.0526967 0.0069904095 191.14999
0.42437115 -2.9196074 0.088932879 187.16667
0.48620334 -2.8569336 0.077275075 183.25
0.4456248 -2.7370241 0.056494147 175.88235
0.45146799 -2.6689861 0.058271721 174.45879
0.4336752 -2.5666497 0.070101202 171.31944
0.43290779 -2.4599688 0.019551976 173.35614
0.44693828 -2.3493395 0.046329163 171.49866
0.43250924 -2.2492642 0.029889543 173.82558
0.43627572 -2.1400034 0.047323998 171.61996
0.47468463 -2.04686 0.024858998 172.16904
0.45676884 -1.9088322 0.033591058 177.77739
0.45047194 -1.829152 0.056500867 172.16667
0.45080376 -1.7806211 0.058143433 163.37038
0.43771213 -1.6533412 0.046459872 191.6875
0.47791719 -1.5414957 0.0290644 177.93333
0.44726497 -1.437927 0.035385836 148.5
0.49460301 -1.1634543 0.036891215 154.33333
0.4216609 -1.0183721 0.030278269 162
0.45138997 -0.94049495 0.037320279 175.33333
0.44903013 -0.85497499 0.023749603 188.33334
0.45602238 -0.74532032 0.018248051 190.04333
0.44499773 -0.63995004 0.0200426 191.01181
0.4580892 -0.54655725 0.03134736 174.82233
0.44092661 -0.46201721 0.014279749 184.53976
0.44637495 -0.35562587 0.0099386917 183.39949
0.44412702 -0.24274403 0.018778374 182.1646
0.46673697 -0.12468113 0.032485481 178.5
0.43196005 -0.080956779 0.0038676597 182.17857
0.40633205 0.14447625 0.0044516115 172.44444
0.43420625 0.25049284 0.0050047538 176.57143
0.45500237 0.36265498 0.048013486 191.57143
0.45184675 0.42179343 0.0049993913 163
0.48332369 2.8872943 0.034384802 182.66667
0.49185306 3.8578074 0.0085467305 136
0.46507809 3.9891107 0.021614719 127.25
0.4422878 4.24613 0.052627038 133
0.40100196 4.3856964 0.057994731 134.5
0.48290357 4.4752793 0.065343119 128
0.44825831 5.3867583 0.022077337 130.68182
0.43644816 5.5656033 0.082187064 111
0.41942862 6.0928297 0.077117726 187.57143
0.4292154 -2.1573548 0.12239917 164
0.44760856 -0.16842405 0.14615789 131.55682
0.47469589 2.848933 0.1872182 149
0.43723673 2.959563 0.1315002 164.5
0.43845212 6.0009503 0.10062777 113
0.41871336 6.1093917 0.1610163 184.58333
0.56854439 -3.1795039 -0.0030433466 183
0.5380466 -2.4657285 -0.0098633775 174.75
0.55639184 -2.3516097 -0.0049121054 171
0.53767526 -1.5967761 -0.058630712 170
0.50923294 -0.81904358 -0.027660184 187
0.55110967 -0.75057232 -0.021347541 183.78276
0.55609304 -0.65295297 -0.030789077 170.30682
0.57020408 -0.55133766 -0.019847069 170.9859
0.5434109 -0.43623236 -0.017023982 174.63687
0.54048973 -0.35049275 -0.018451901 176.65326
0.54722631 -0.25302482 -0.022052443 169.94238
0.55391353 -0.15471716 -0.029802227 176.83675
0.53552413 -0.044112917 -0.029989261 171.60239
0.54360712 0.044271961 -0.024354264 179.3768
0.5476948 0.15035275 -0.0445797 173.66071
0.53317606 0.24787264 -0.032537099 173.48691
0.54355913 0.35392627 -0.020992339 178.55829
0.54158121 0.43547285 -0.019112898 181.25174
0.54795533 0.5495013 -0.017555468 188.63783
0.5285399 0.6553039 -0.030402157 188.85834
0.5532406 0.74438781 -0.029884301 189.43704
0.52884656 0.83130157 -0.032773897 187.66667
0.58515352 0.9713791 -0.035537452 161
0.55503541 2.2471058 -0.049704473 159.875
0.58351642 2.4311299 -0.039311346 175.75
0.55981416 2.5480831 -0.030323824 181.76666
0.58094293 2.7247932 -0.0094584506 189
0.58505833 3.0148954 -0.0087214634 181.33333
0.59007895 3.1463184 -0.0029779233 180.42221
0.56378245 3.3407793 -0.050567705 166.33333
0.5336259 3.412236 -0.044342738 166
0.53648341 3.5323431 -0.028834144 160.37471
0.56442499 3.6226139 -0.030811641 160.4225
0.54848707 3.7412181 -0.02112416 158.93877
0.58407027 3.8255899 -0.01162822 157.57143
0.56887621 3.9169295 -0.0089380015 163.5
0.5641225 4.0500064 -0.013578741 168.83333
0.52705008 4.1211762 -0.018057067 164.42857
0.55671108 4.2417898 -0.0085531604 162
0.5817309 4.6961589 -0.055674154 178.25
0.56721878 4.7492533 -0.05685154 181
0.53455132 4.8111291 -0.050947953 187.83333
0.56570721 4.9573603 -0.037085392 188.62222
0.53556001 5.1170201 -0.044674367 180.05556
0.56715387 5.2115226 -0.046482876 175.18182
0.52428782 5.3572311 -0.044272281 165.1842
0.54922456 5.4391761 -0.044004738 164.36586
0.58538401 5.5252585 -0.040114399 162.77632
0.54255551 -3.1526513 0.048918433 188.5
0.55751121 -3.0651672 0.062175501 193.77777
0.54659295 -2.9498477 0.053311806 190.89583
0.59062517 -2.8573849 0.093196556 190.2
0.53149992 -2.7672162 0.064305924 181.90486
0.56680709 -2.6867113 0.08677993 183.3158
0.52912551 -2.5478969 0.083881274 172.03333
0.57601166 -2.4762144 0.072184175 166.96819
0.54803455 -2.3692749 0.036825139 170.73669
0.53876656 -2.2564285 0.038428802 169.8811
0.5368855 -2.1506729 0.056884501 168.04427
0.53376138 -2.0393243 0.048004165 162.08864
0.53514069 -1.9469585 0.022167072 163.40833
0.56229222 -1.8622612 0.042195261 175.882
0.53357774 -1.7388086 0.033994891 153.35834
0.58370805 -1.6387687 0.030561168 188.39999
0.59403878 -1.5623488 0.018713364 169.75
0.58387583 -1.4992504 0.035214655 196.5
0.5650323 -1.3640914 0.046640523 148.33333
0.53239298 -1.0622439 0.046031464 162.55556
0.57860178 -0.95183587 0.053586509 167.72501
0.54921442 -0.83767527 0.036482088 179.875
0.54694325 -0.74879658 0.020188874 190.58333
0.54613853 -0.64764488 0.019151108 188.68214
0.54820496 -0.54856187 0.023246361 187.34091
0.55919272 -0.44194981 0.0080055324 180.81064
0.53741068 -0.34098759 0.0064161718 178.3293
0.57276833 -0.26623777 0.011767845 171.82292
0.57996273 -0.14977956 0.049344044 165.14285
0.50486094 0.053674903 0.026059797 167
0.5517658 0.27451572 0.015565951 187.35715
0.5624454 0.36097276 0.013662408 190.625
0.56644392 0.42778334 0.0075521339 187.91667
0.59242487 2.9899876 0.025895132 190
0.56247234 3.0637455 0.027742701 191
0.58509427 3.1813278 0.029308325 185.75
0.5571456 3.5113382 0.093020201 119.71429
0.57840878 3.8864045 0.0084815696 143.66667
0.56002563 4.0346646 0.019349435 112
0.50041926 4.2945495 0.062207509 126.75
0.53906989 5.2573328 0.019259745 172
0.51362479 5.3437653 0.066053465 133.62962
0.53173977 -2.4046607 0.17787041 128
0.59319043 -2.3902428 0.16122262 142.125
0.5455848 -0.48711801 0.16910186 150.5
0.56823426 -0.16172083 0.11605616 123.92857
0.59444773 3.5033362 0.11696693 122.79166
0.52780908 4.6090374 0.14914723 199.16667
0.55232227 5.3259554 0.10009095 130.5
0.6332407 -2.6097379 -0.006638865 163.92424
0.65315926 -2.4461842 -0.016483054 163.8125
0.65779316 -2.3388829 -0.019669902 164.10159
0.6689043 -2.2238619 -0.0049167937 161
0.66461957 -0.71955669 -0.00041121204 198
0.63789576 -0.65049982 -0.021790447 183.23334
0.65582019 -0.56514418 -0.023212267 179.82924
0.64349437 -0.46086937 -0.024258526 176.40215
0.6386807 -0.35332486 -0.01933326 175.638
0.64611876 -0.25408369 -0.014399343 178.2103
0.64050484 -0.15175398 -0.019487601 175.83969
0.64528519 -0.046287436 -0.023838058 179.9877
0.64666563 0.042988397 -0.025087936 176.28368
0.6476661 0.142039 -0.021685001 175.68776
0.66123855 0.2404311 -0.020477854 178.72581
0.62503952 0.36030698 -0.021456134 181.06413
0.6517958 0.45335782 -0.01626572 187.13428
0.63506871 0.53944802 -0.017150065 190.55
0.64705259 0.65735132 -0.033238307 189.82962
0.63633186 0.74357367 -0.036471553 182.16667
0.66448814 0.84515363 -0.041352443 187.54166
0.60364407 0.93212056 -0.04260898 168
0.65333802 2.335777 -0.052960481 162.16666
0.67002183 2.5083959 -0.03457791 174.75
0.66756016 2.6535578 -0.027252253 187
0.68496776 2.9487166 -0.0053041661 186.5
0.69516623 3.0292916 -0.0013223861 186.66667
0.66549307 3.2494769 -0.024498021 180.57143
0.64935672 3.3282971 -0.018048096 174.96429
0.64110798 3.4551513 -0.030325161 163.28334
0.64773148 3.532943 -0.021342525 161.28241
0.65099669 3.631191 -0.018420976 154.74171
0.67116803 3.7559588 -0.013023491 157.80238
0.66867495 3.8300793 -0.0116733 151.44444
0.67291117 3.9282148 -0.0061441376 158.5625
0.64488351 4.0416851 -0.010348309 168.72223
0.66282731 4.1349993 -0.0094585577 172.75
0.62531555 4.2631216 -0.0078942282 163.88889
0.61934191 4.5701237 -0.038866684 157
0.60866195 4.6199384 -0.026958836 130.5
0.69363791 4.7233267 -0.059993275 178
0.64537954 4.844635 -0.053401023 187.16667
0.68433917 4.9783101 -0.042906787 188
0.61741805 5.0873308 -0.04248745 183.07143
0.69382226 5.1126122 -0.018040886 186
0.68326938 5.2716293 -0.045328081 176.2963
0.61105281 5.3045292 -0.065367058 169.97058
0.65636367 5.4489923 -0.050609592 167.28877
0.68106377 -3.2678413 0.011840738 177
0.67970753 -3.1979847 0.012092387 183.5
0.6929099 -3.0839255 0.012894331 192.16667
0.64673978 -2.9280572 0.050955936 191.5
0.65296966 -2.8442707 0.046693929 187.81818
0.66922158 -2.761055 0.092186727 190.83333
0.6391198 -2.6862698 0.049601655 181.7381
0.66431326 -2.5778754 0.079573147 182.13333
0.65655237 -2.4531159 0.05414049 169.2383
0.6540997 -2.3463733 0.038072232 173.24963
0.65593106 -2.2589469 0.033515744 169.0907
0.65582716 -2.1555486 0.034226298 171.7858
0.64304984 -2.0524669 0.026777109 179.36513
0.64037061 -1.9662361 0.03428819 165.62524
0.64727896 -1.8492798 0.043083671 173.08875
0.65711588 -1.718603 0.041589361 189.8
0.64447427 -1.6392598 0.026283203 135
0.6922701 -1.5982366 0.040784206 195.60001
0.66455346 -1.4688982 0.039716773 177.83333
0.68125099 -1.2828938 0.045498371 148
0.64954299 -1.1518521 0.036786307 160.41666
0.66488975 -1.0554534 0.059597943 163.75
0.68135577 -0.94801921 0.054443002 173.22501
0.64828527 -0.84272718 0.037634242 178.4375
0.63895571 -0.74145687 0.026073914 180.82143
0.64959782 -0.66603386 0.017802887 185.0735
0.64875811 -0.5534935 0.020547088 183.65504
0.64763904 -0.45379797 0.028829567 179.44695
0.64315373 -0.35802895 0.0094616637 184.40198
0.63573992 -0.24345823 0.016362945 168.48003
0.65738785 -0.16334404 0.038071875 164.68628
0.66439837 -0.047425739 0.012164792 178.33333
0.66416258 0.014742086 0.011747879 178.66667
0.6494568 0.19153254 0.031728704 177.5
0.65051562 0.2538909 0.0082491273 183.375
0.65524393 0.33931622 0.0048598945 184.5256
0.64040899 0.42202121 0.0051148683 187.88889
0.6667847 2.8791838 0.037583392 175.66667
0.65668869 2.9610879 0.018182209 188.74583
0.67943656 3.0615811 0.025169875 187.20834
0.652637 3.1496081 0.020577841 185.08136
0.65226603 3.2481732 0.051539037 186.2
0.64207149 3.4096258 0.022915384 156.41666
0.60277969 4.3826528 0.06656047 112.66666
0.61924493 4.9501686 0.0087165898 161.25
0.62335008 5.0336227 0.015434029 161.60001
0.65123582 5.1544394 0.021206073 168.3889
0.65834904 5.2539458 0.038303763 163.16667
0.6831581 -0.40727302 0.16594729 142
0.69399738 -0.37242097 0.12008964 139.5
0.68348157 0.1529094 0.15551229 127
0.61739248 0.25498688 0.13743667 143
0.64768064 3.4704883 0.10800568 162
0.67839533 3.5155337 0.13629043 124.22222
0.61399496 5.3109469 0.12322037 134.8421
0.61689782 0.16712561 0.2004393 179
0.75971544 -2.6197371 -0.006888608 159.85715
0.75248241 -2.4629755 -0.015965138 160.18892
0.7608639 -2.3536196 -0.0091616353 146.33333
0.77520978 -2.212033 -4.7792e-05 144
0.73323488 -0.62897974 -0.0076614646 192.58334
0.75233102 -0.55139852 -0.0073915408 191.11429
0.71775061 -0.45044896 -0.0362227 175.70699
0.75615549 -0.33215094 -0.0076969401 183.02704
0.73967302 -0.23236875 -0.01553333 179.81038
0.7416572 -0.15794456 -0.01517397 177.33875
0.74716109 -0.041112676 -0.015883358 174.14961
0.73635769 0.047345906 -0.023947256 169.64763
0.7450335 0.13851491 -0.01507805 170.76404
0.73985445 0.23817807 -0.017654302 178.18204
0.7556411 0.34761864 -0.017426135 176.4373
0.73949152 0.44646832 -0.01628262 182.20981
0.76011664 0.55775279 -0.02919727 188.99307
0.73891985 0.63476038 -0.027427729 194.3611
0.73260158 0.74305946 -0.031231888 181.58334
0.75316256 0.8435747 -0.025711901 143.33333
0.72762656 0.94909281 -0.035789516 150
0.71902102 2.2502766 -0.054363973 152
0.74415189 2.4316692 -0.04372507 164.33334
0.75958019 2.5811763 -0.030456085 174.66667
0.76147568 2.8249714 -0.0039491518 178
0.7618013 3.0403249 -0.032599788 179.41667
0.74446827 3.1401737 -0.013782161 180.79166
0.78633094 3.2455642 -0.019409752 178.14745
0.78200251 3.3489225 -0.025064381 169.78334
0.75579423 3.4603853 -0.03191575 164.89583
0.74212241 3.5416877 -0.03431309 156.38194
0.74683279 3.6384745 -0.03142789 157.14536
0.75249422 3.7514026 -0.029953232 153.12379
0.74234289 3.8505719 -0.024093417 151.87715
0.75812793 3.9464979 -0.016764885 148.89102
0.76343775 4.0270042 -0.013466189 158.26923
0.73488164 4.1432047 -0.010367774 174.95238
0.70245785 4.2023296 -0.0046164971 173.5
0.73299885 4.6374297 -0.03978521 134.16666
0.79878664 4.7692423 -0.059495095 177.25
0.756378 4.8462863 -0.054620638 184
0.77500862 4.9553556 -0.04713643 184.83334
0.721201 5.0497513 -0.034008887 187.16667
0.70506674 5.1988273 -0.043182373 180
0.73515922 5.3596835 -0.053191863 174.8158
0.77361882 5.4567332 -0.052836113 174.78947
0.76143163 5.5396571 -0.051651828 172.45294
0.75289339 -3.2602508 0.063600466 157.16667
0.78798532 -3.1855612 0.012765687 179.75
0.71925998 -2.9758573 0.023112683 191.10001
0.70760477 -2.856725 0.017942635 184.59091
0.7543211 -2.7935569 0.080543205 193
0.73511225 -2.6777439 0.038635481 181.17999
0.73073119 -2.5767422 0.037016414 177.39423
0.74530792 -2.4562547 0.069418117 152.72165
0.74336523 -2.3548033 0.048551522 175.81944
0.7476176 -2.2418439 0.024704605 166.10001
0.72134763 -2.1381562 0.035230875 177.31871
0.74596721 -2.0475638 0.030521229 169.62053
0.74635339 -1.9464359 0.027604656 171.59642
0.75338888 -1.8447552 0.030120736 182.21666
0.76519078 -1.7414818 0.036680322 189.66666
0.73073298 -1.6461675 0.04255788 164.8
0.77196604 -1.5544999 0.028239945 177.95
0.75405067 -1.44637 0.053190567 160
0.70755869 -1.3414835 0.047474787 152.5
0.79090643 -1.1380712 0.034040872 163.75
0.7277112 -1.0286022 0.051068138 169.33333
0.76244974 -0.94929188 0.043387737 172.8125
0.7494235 -0.84177727 0.033130068 174.77144
0.74786597 -0.74055952 0.034938067 186.05833
0.75349975 -0.62965059 0.022790106 187.06042
0.76908278 -0.55379999 0.021697294 186.5746
0.74682605 -0.43864763 0.018351413 184.22856
0.74306798 -0.35247779 0.0274415 174.9626
0.73836643 -0.23403178 0.010213412 184.94693
0.76450104 -0.13609895 0.0091648232 177.03813
0.76078039 -0.050037727 0.0062526865 182.08833
0.75619096 0.039559923 0.0075865258 177.01642
0.75693762 0.14410093 0.040520068 169.03185
0.74273986 0.24105018 0.012404311 180.95479
0.7646293 0.34256533 0.0038922764 187.60713
0.77743292 0.4383058 0.007133984 190.11111
0.74803489 2.7889199 0.029921178 194
0.78463721 2.8003674 0.018005716 193.16667
0.76395142 3.0101719 0.019601589 188.02274
0.7658723 3.1357749 0.019474322 185.89815
0.74478531 3.2402861 0.040966731 180.5238
0.75507927 3.4395158 0.050564617 169
0.79477346 4.0485802 0.059755262 161
0.76339519 4.1129713 0.055711288 154.25
0.78344458 4.5434918 0.017690733 176.58333
0.75329113 4.9830709 0.018676288 139.91667
0.74047136 5.067821 0.023217503 149.85001
0.74337453 5.2001891 0.042705413 160.42857
0.71484166 5.3373709 0.042266179 162.8
0.78573537 5.4164004 0.054020908 163.33333
0.73147386 -0.35366639 0.14567743 129.45238
0.75414693 0.064597942 0.13779189 146.16666
0.70781851 0.15693606 0.12466923 128
0.78571278 3.4563575 0.10861232 166
0.79095292 3.5153279 0.16919219 134.44444
0.78890157 3.8329513 0.16811076 135.16667
0.81521708 -2.6729715 -0.0083305445 156.89102
0.8350805 -2.5053768 -0.017079705 141.5
0.8512345 -2.4466238 -0.0053209234 166.1219
0.866377 -2.3548074 -0.018676916 135
0.85599685 -0.70345527 -0.0017662718 165
0.82683289 -0.62414807 -0.00076282106 181.92857
0.84356779 -0.5185954 -0.024055624 182.27083
0.83474433 -0.44643459 -0.025218137 184.23114
0.83518219 -0.33640119 -0.032989267 174.08163
0.86816901 -0.24365385 -0.02700842 177.80528
0.85976517 -0.1377207 -0.016692374 182.2119
0.85008079 -0.020469882 -0.021359226 172.25934
0.86278272 0.057716068 -0.026347574 168.02733
0.85786605 0.159012 -0.019106504 177.13722
0.85101652 0.25943616 -0.016724378 174.14894
0.8446722 0.34685609 -0.013531661 169.29907
0.85325038 0.44086215 -0.022282526 182.72214
0.8612653 0.54255861 -0.02385425 172.57745
0.86396503 0.65789938 -0.017994158 174.18001
0.85703498 0.73947406 -0.02144785 178.01666
0.84408927 0.82778949 -0.025440441 173.625
0.85764992 0.93504524 -0.032335941 136.33333
0.88000184 2.2933538 -0.052268758 140
0.82038331 2.354681 -0.046261687 149.5
0.84045994 2.5168123 -0.036828458 157.5
0.88910365 2.7576201 -0.045911528 165.72223
0.8434245 2.8423727 -0.039984524 171.20999
0.82034272 2.946806 -0.031004751 177.77499
0.86553538 3.0535667 -0.021232411 176.63998
0.84340918 3.172071 -0.012777224 176.63667
0.86393112 3.2425456 -0.019243956 160.33333
0.87345189 3.3252323 -0.015757538 169.51112
0.86446434 3.4555132 -0.01748208 178.3
0.85125244 3.5675323 -0.048713978 159.07796
0.86115921 3.6575339 -0.051073167 159.34482
0.8782596 3.7521038 -0.04755488 164.51636
0.84676832 3.8672557 -0.024557792 169.82639
0.8490873 3.9662883 -0.026866816 149.13095
0.81098396 4.0576468 -0.016058395 161.67857
0.83883995 4.6994452 -0.055298787 102.66666
0.8257975 4.7384515 -0.0083769523 93.333336
0.88192469 5.1341748 -0.038435929 187.60001
0.85792291 5.2284355 -0.032555863 185.06004
0.87134337 5.3162928 -0.035317685 183.07692
0.87609786 5.4182439 -0.045951359 180.70589
0.85543263 -3.3354683 0.093443133 155.5
0.84555137 -3.1667707 0.062414996 165.5
0.83934319 -3.0834193 0.010686977 185.08333
0.84342265 -2.9726276 0.015828423 189.8
0.81802273 -2.8511038 0.0092016719 184.38597
0.81691569 -2.5556409 0.044808131 146
0.84300214 -2.3475072 0.057409525 163.23709
0.83871049 -2.2304661 0.041057441 166.2576
0.83451015 -2.1302817 0.051787708 177.14093
0.83413434 -2.0593798 0.038721096 184.8869
0.84406024 -1.9490461 0.039581727 179.55
0.83072704 -1.8494474 0.025624391 183.27777
0.8544153 -1.7399837 0.043034282 180.40277
0.84332556 -1.6511692 0.026533054 178.24286
0.82055587 -1.594808 0.058722064 164
0.83974147 -1.4666023 0.033820458 181.58333
0.81622297 -1.0125159 0.034042839 170.25
0.84808427 -0.97252053 0.059233267 159.625
0.86019301 -0.85570973 0.033130851 173.87817
0.8477419 -0.73686302 0.033664577 182.16187
0.87257808 -0.6485219 0.032577559 180.27777
0.84804076 -0.53995544 0.016810587 188.95834
0.83943331 -0.45345366 0.019000405 180.02425
0.83156753 -0.33988664 0.015935788 180.54933
0.85206962 -0.25577113 0.021406576 167.815
0.84835798 -0.13708238 0.012364798 177.88091
0.82541674 -0.051197771 0.012182446 185.83029
0.84430379 0.060062736 0.013542347 175.3958
0.84527552 0.13432948 0.02392732 163.6808
0.86861056 0.24956068 0.0043906029 181.73732
0.85703123 0.34276664 0.0036110829 182.03999
0.86854702 0.43157843 0.02068531 186
0.85668874 0.51350003 0.016279057 189.5
0.88660318 2.6453891 0.0049865381 184
0.82576156 2.7457631 0.024511129 190.66667
0.84605366 2.915993 0.034361128 188.20454
0.87403804 3.0326715 0.033360448 182.16667
0.85549462 3.1084044 0.026918583 178.69565
0.85935688 3.2609601 0.026173731 172.57095
0.84874678 3.3408504 0.0047125565 183.25
0.84528375 3.4714065 0.040582195 164
0.89353019 3.7947519 0.0039700484 179
0.80811167 3.8600795 0.092730314 175
0.8623867 3.9095724 0.03415215 178.13095
0.84501851 4.0313931 0.050349478 165.11111
0.85824627 4.1629419 0.061532181 150.66667
0.83834171 4.7206092 0.0048381956 99
0.86640304 5.0422354 0.027049093 150.57513
0.81732982 5.1498108 0.046646412 153.46429
0.84686571 5.2477617 0.04978662 151.05701
0.85413355 5.3511257 0.058364537 157.68056
0.85190541 5.435967 0.065852813 163.75
0.8246932 5.5048127 0.057602338 162
0.84640551 -2.4541147 0.13600451 134.67059
0.88579452 -2.0038054 0.15929398 137.33333
0.8589927 -1.9696872 0.15446281 136
0.83912152 0.051195234 0.13981287 128.18056
0.8937695 3.4552701 0.11939031 153
0.85095465 3.5148737 0.17379518 140.39999
0.92571616 -2.647085 -0.0033329304 158.75714
0.98338926 -2.5476089 -0.026401214 171.5
0.98996502 -2.4149415 -0.0014801801 169.88889
0.97057301 -0.63094622 -0.04188358 171.61111
0.94701833 -0.53193933 -0.027799161 169.03722
0.93298745 -0.43524921 -0.028034769 169.05608
0.9210428 -0.33366659 -0.023763595 179.43565
0.95837229 -0.26187715 -0.019995848 178.24629
0.9690696 -0.15992254 -0.015406588 171.83884
0.95681143 -0.039607868 -0.012197231 171.17375
0.96334368 0.057750344 -0.019457003 168.6427
0.96142948 0.15491645 -0.013582299 175.15967
0.93934357 0.24780679 -0.017892534 177.875
0.94667113 0.32310125 -0.013667598 174.00574
0.94293678 0.46506673 -0.027746813 167.75555
0.96325523 0.55522221 -0.012860686 186.625
0.96808529 0.65572697 -0.015452651 168.89999
0.93073726 0.75012249 -0.015917359 166.20834
0.93575013 0.81440997 -0.019673798 160
0.91377598 2.4593329 -0.038505252 139.5
0.93705529 2.6802282 -0.063573912 164.33333
0.99159902 2.736212 -0.048010189 160.08334
0.97077423 2.8542058 -0.036397804 164.19376
0.94623309 2.9549613 -0.03530271 163.28868
0.96345794 3.0752513 -0.023683667 161.50833
0.93249279 3.1677837 -0.01836101 164.08125
0.940736 3.2421889 -0.015592641 170.79176
0.9795121 3.3168368 -0.015889086 171.40475
0.97515768 3.4781985 -0.023586528 182.58333
0.98481816 3.5477352 -0.026498767 181.54546
0.99263757 3.6477549 -0.019939311 181.09525
0.99119377 3.7397239 -0.048683271 167.59715
0.96088123 3.8604271 -0.027182559 172.75499
0.91874927 4.5620937 -0.041354425 113
0.95791823 5.0703683 -0.04837421 186
0.98559636 5.1657848 -0.042600058 189
0.93428946 5.2911549 -0.033402376 185.28572
0.94489294 5.3695593 -0.028362358 185.08334
0.91130847 5.5010924 -0.038264375 181.46666
0.92982024 -3.2559741 0.059365835 148.16667
0.99912494 -3.1356213 0.091779284 141
0.96156234 -3.0534844 0.047969215 160.925
0.90660965 -2.8525419 0.012954225 185.47697
0.90048748 -2.4853294 0.0024177614 167.11111
0.95030981 -2.3428938 0.03288408 158.91452
0.914469 -2.2290187 0.049006034 178.21295
0.95359015 -2.146718 0.02785401 159.49031
0.92910135 -2.048162 0.038192522 165.09415
0.97454673 -1.9299699 0.028518708 177.2
0.92618304 -1.8675407 0.032200254 186.01875
0.92504478 -1.7677805 0.026229307 170.43333
0.95422721 -1.5519186 0.012820859 167.66667
0.92123955 -1.4772791 0.030423662 177.375
0.94254392 -1.3546238 0.052569009 166.3889
0.95661575 -1.251996 0.066482104 141
0.92248589 -1.114625 0.031968895 167.33333
0.93086803 -1.0075761 0.028737035 171.25
0.93786269 -0.91241229 0.027877346 179.75
0.96233314 -0.85504222 0.040569331 166.6111
0.953273 -0.75311381 0.026299099 176.39316
0.97171813 -0.65309227 0.03638706 162.91029
0.95196277 -0.55451018 0.034801807 164.57143
0.96555156 -0.46414667 0.033335138 171.99486
0.9218604 -0.3486031 0.02572397 162.37366
0.93702686 -0.23987873 0.016248172 166.5405
0.94064301 -0.15022051 0.013055918 182.22189
0.94831669 -0.064355955 0.013789873 169.94745
0.92273939 0.054751553 0.025449257 167.14151
0.92356843 0.1334551 0.0056544612 182.35555
0.96410209 0.23968007 0.010316074 163.44176
0.97259086 0.34578046 0.011029221 150.25
0.96055979 0.41626117 0.0085549671 187.3611
0.96566617 0.51442635 0.012839849 150.5
0.98594451 2.6195023 0.015431319 182.39999
0.95353878 2.72032 0.011228337 191.68333
0.94625598 2.8369918 0.027680613 190.2
0.9635399 3.0217776 0.021880399 179.28
0.96563262 3.1391397 0.019599721 172.27083
0.94308716 3.3256884 0.0029914554 176.27499
0.95991307 3.7447295 0.04165037 160.0043
0.97004151 3.8489747 0.027171167 179.75
0.97483552 3.9668181 0.0576501 174.14104
0.95283061 4.0303116 0.051529936 167.8
0.96784794 4.1435609 0.057252556 153.66667
0.95493621 4.2282267 0.065220162 141
0.96503645 5.0433965 0.011190712 149.61111
0.95759207 5.1531067 0.020450892 149.87805
0.95656681 5.2860365 0.035501163 149.10527
0.95671707 5.3520403 0.057504054 151.11111
0.93565661 5.4390621 0.065280564 158.76923
0.9515503 5.5188494 0.045826901 170.43982
0.94845045 5.623528 0.066030636 167.08334
0.9118731 -2.4954042 0.16283223 122.57692
0.97092295 -2.0704029 0.14747572 128.27165
0.90496027 -1.3248856 0.12542887 207
0.91406161 0.03144668 0.11854512 124.69231
0.96468997 3.4942052 0.1674833 132
0.98894984 -2.5998611 0.21328978 167
0.98693174 -0.16389835 0.21024194 145
1.0596189 -3.2723143 -0.0026901443 169
1.0097754 -2.6974671 -5.1968294e-05 180.23529
1.0476995 -2.4950533 -0.011495451 174.56851
1.0917193 -0.70379305 -0.019130601 183.3
1.0381868 -0.64381373 -0.032192085 178.3125
1.0717112 -0.56030852 -0.013677674 184.82893
1.0379864 -0.46649492 -0.021628076 152.97095
1.033962 -0.35531175 -0.022611575 155.3073
1.050842 -0.24841176 -0.025168499 176.82463
1.0742582 -0.16453312 -0.02239345 164.4901
1.0506899 -0.057714391 -0.027919495 159.3815
1.0558298 0.030088594 -0.025109326 176.31367
1.0431182 0.14634044 -0.015038966 175.38957
1.0480251 0.26566374 -0.01346259 167.06667
1.0852358 0.36284307 -0.033049118 160.53571
1.0624998 0.44486862 -0.028028209 157.04001
1.0574639 0.55501187 -0.021599974 165.59334
1.0630959 0.64065099 -0.027895529 158.9762
1.0541494 0.74481165 -0.025540454 155.77777
1.0432162 2.4987574 -0.073556699 156
1.0770487 2.5717413 -0.065507315 164.2
1.0435601 2.6600814 -0.054738425 149.41666
1.0698478 2.7464657 -0.055721849 161.125
1.0520093 2.8537273 -0.035336886 152.125
1.0568295 2.9556732 -0.037044667 155.39499
1.0639304 3.0587635 -0.038818337 147.49629
1.0395691 3.1389167 -0.028654883 171.06631
1.0580951 3.2362325 -0.033383649 147.13892
1.0337849 3.309715 -0.037428066 152.38333
1.0695119 3.4450872 -0.011962336 188.25
1.0327135 3.5374379 -0.005954152 185.25
1.0963396 3.6308029 -0.011521371 185.83333
1.0869635 3.7328491 -0.092339389 162.79836
1.0800167 3.8463492 -0.001188508 186.5
1.0772818 4.9711809 -0.052155066 170
1.031803 5.0532875 -0.031620797 164.19385
1.0688096 5.1381392 -0.025482599 167.37698
1.0503594 5.2347808 -0.041575052 187.5
1.0480771 5.3343401 -0.037791304 189
1.0393052 5.4265766 -0.03015177 188.68889
1.0835526 -3.3246861 0.00031567935 166
1.0554382 -3.2706044 0.093012959 133.25
1.0159329 -3.163281 0.0088093244 170.33333
1.061813 -3.0169363 0.048144195 159.5
1.0020032 -2.9719572 0.085275136 145
1.0648128 -2.8791444 0.038424522 170.21886
1.0546955 -2.7598801 0.028035749 152.23654
1.0499551 -2.5906296 0.010865615 128
1.034903 -2.454679 0.023357807 129
1.0559416 -2.3184903 0.018725472 125.66666
1.0356257 -2.2444723 0.04427661 160.04738
1.0458802 -2.1399746 0.030001579 160.67075
1.0341961 -2.0479813 0.032808568 157.15305
1.0545779 -1.9296303 0.040832762 131.75
1.0452662 -1.8471204 0.033553232 181
1.0645792 -1.7832215 0.026337415 156.75
1.0439737 -1.6383803 0.02252523 171.25
1.0467803 -1.5448281 0.019003898 159.375
1.0541703 -1.43957 0.013097527 153.5
1.0360435 -1.3703581 0.046067253 137
1.0674944 -1.271314 0.065685511 141
1.0176429 -1.1333059 0.05318626 143.25
1.0472081 -1.0663249 0.029935533 134.75
1.0403341 -0.95975327 0.047132231 148.24359
1.0460861 -0.85699964 0.030961098 150.6881
1.0578591 -0.76429766 0.037584759 153.40834
1.0513265 -0.64665514 0.025918055 169.37286
1.0558105 -0.56944573 0.03011499 169.55
1.0553434 -0.45209876 0.031509873 156.65436
1.0579053 -0.34980801 0.021467827 159.15811
1.043528 -0.22942367 0.017123939 166.8398
1.0523648 -0.1444505 0.023888022 164.91667
1.0529683 -0.059325218 0.018287057 148.27936
1.0412829 0.052970834 0.020045407 135.1675
1.0599155 0.1717516 0.015361541 160.43793
1.0463133 0.21882848 0.020453323 132.70085
1.0678073 0.32624254 0.010608943 162.37485
1.066052 0.45138109 0.010531801 152.84375
1.0764385 0.55505216 0.0070699546 187.89584
1.0437415 0.66236335 0.0022742443 110.5
1.0862087 2.5542789 0.011257951 182
1.0879123 2.6555634 0.016507918 188.8
1.0880892 2.7303016 0.016396217 191.33333
1.0913694 2.8341112 0.027651338 188
1.0392863 2.9425092 0.025295274 182.28677
1.0682019 3.0505066 0.022434965 175.44
1.0511613 3.2501059 0.0065143178 163.79546
1.0708613 3.3535509 0.0084183579 163.58527
1.0351982 3.4601765 0.011181378 173.76357
1.0340989 3.5411382 0.012027856 158.65958
1.0304949 3.6511354 0.0066300509 168.9812
1.0589561 3.7603595 0.0030794472 184.16667
1.0724487 3.8522851 0.029054672 178.33334
1.0733304 3.9305553 0.039633125 182.83333
1.0717999 4.028224 0.055123124 167.5
1.0685358 4.1177473 0.058074921 156.91666
1.0645493 4.2263012 0.061618343 143.33334
1.0591946 4.3393621 0.060865074 130
1.0149629 5.1486826 0.005561606 160
1.0290854 5.22821 0.016528355 150.55933
1.0631149 5.343441 0.037009615 150.00221
1.0690581 5.4377928 0.056241877 151.32565
1.0558444 5.5824633 0.075569801 166.7
1.0494882 5.7124586 0.067311592 163
1.0035034 -3.3630004 0.10115992 125
1.0117141 -2.8328259 0.11935843 143
1.0983428 -2.7423413 0.19662151 138
1.0261753 -1.3528662 0.11750627 163
1.0651969 -0.15635914 0.13709067 172
1.0144804 5.4987392 0.1021705 175.54546
1.1848333 -3.2326083 -0.0052087484 168.5
1.1714609 -2.6549447 -0.0033025087 190
1.101465 -2.4284906 -0.009417166 175.55556
1.1920533 -1.4766629 -0.004042251 161.33333
1.1987295 -0.81526273 -0.023235654 188
1.1508871 -0.76732814 -0.018421302 170.0506
1.1416854 -0.6250115 -0.013911745 162.77779
1.167083 -0.50626397 -0.014402453 152
1.1297892 -0.46568421 -0.021792656 179.92778
1.1528476 -0.36204046 -0.018646222 154.00841
1.1475039 -0.24548146 -0.020767175 164.22307
1.1581463 -0.15325809 -0.029619532 156.95964
1.153506 -0.05068833 -0.025072308 146.9921
1.1312687 0.040418278 -0.032476149 152.13925
1.1539344 0.1257159 -0.032804132 176.40092
1.1371068 0.24154 -0.010873963 180.1111
1.1477617 0.34723067 -0.027723173 168.89523
1.1500835 0.4616448 -0.035071697 160
1.1449708 0.53599346 -0.020847853 174.28333
1.1461866 0.64755374 -0.045838758 153.125
1.1325568 2.4498537 -0.074495748 151.25
1.1623871 2.5532584 -0.071286768 164.5
1.1631665 2.6491082 -0.055873636 146.875
1.1745021 2.7863989 -0.041242342 147.25
1.1414109 2.8510773 -0.049321037 160.00954
1.1441878 2.9285939 -0.042939767 144.66666
1.1644355 3.0571108 -0.048722651 154.90878
1.1614759 3.1552866 -0.058279894 160.38075
1.1544052 3.2228537 -0.04338856 156.67284
1.1092596 3.4383583 -0.00073309441 162.55307
1.1429846 3.5280004 -0.018289089 188.75
1.1616981 3.654213 -0.043110229 174.67548
1.1457466 3.780458 -0.048227329 174.85448
1.1786923 3.9763525 -0.0052671186 185.66667
1.1883566 4.8786507 -0.058487162 144.25
1.137511 4.920393 -0.062606692 158
1.1384988 5.0656376 -0.032177161 157.60606
1.1935182 5.1426325 -0.028378047 163.19586
1.1441073 5.3016458 -0.048413195 182.2
1.1655165 5.4003816 -0.042539716 183.8
1.1929197 -3.2566981 0.099458113 135.66667
1.1258291 -3.1474864 0.032755032 160.31667
1.1721185 -3.0550125 0.0910163 140.60001
1.1442761 -2.9553661 0.060872778 157.16667
1.1686546 -2.8286605 0.081190154 162.05
1.1499743 -2.7537377 0.049059447 175.14787
1.1578932 -2.6372812 0.046398904 121.22223
1.1514189 -2.5598121 0.0099825608 155.8
1.1556435 -2.4488666 0.02075552 171.35001
1.1768397 -2.3399389 0.0333292 145.91463
1.1304464 -2.2613444 0.038853891 150.2346
1.157333 -2.1706247 0.036605649 166.21033
1.1478026 -2.071681 0.040044311 143.80952
1.1519743 -1.9603604 0.053138748 166.29465
1.1568521 -1.8605884 0.04555323 157.66667
1.1842097 -1.7475674 0.023716427 187
1.1339743 -1.6522059 0.022232851 176.22501
1.1616647 -1.5315588 0.029398894 168.66667
1.1185024 -1.4800782 0.026665865 159
1.1574162 -1.3491818 0.064656168 153.83334
1.155787 -1.2907084 0.044858102 143
1.1494719 -1.1867368 0.055053145 149.58334
1.1348743 -1.0516403 0.042236593 145.88889
1.1282954 -0.93302697 0.04218068 155.93333
1.151651 -0.84328514 0.017842557 167.2563
1.1382247 -0.74103719 0.030460821 160.16666
1.1670434 -0.65766537 0.042066414 166.63499
1.1591543 -0.5547052 0.037108317 161.97333
1.1477824 -0.45891848 0.034750737 169.77306
1.1656573 -0.34115079 0.028540395 165.17599
1.1441164 -0.26599145 0.016462659 169.0455
1.1694356 -0.17253292 0.028386841 159.82539
1.1673386 -0.063725598 0.021202644 163.95
1.1542476 0.050046697 0.027051287 156.26747
1.1442995 0.15680939 0.029487789 159.94139
1.1562049 0.26727763 0.019493353 173.26364
1.1657896 0.33861384 0.025536979 173.47917
1.1675446 0.42862329 0.0044255699 153
1.178668 0.56197971 0.0091020465 137.86667
1.1649599 0.643713 0.0091109583 179.5
1.1958603 2.55056 0.0065150615 180.66667
1.1845158 2.6537354 0.01357888 189.60001
1.1966369 2.8563719 0.02876748 186.46153
1.1805782 2.9428523 0.017885597 180.84
1.156415 3.0501797 0.021904787 174.12
1.1455598 3.1688077 0.049351681 149.08087
1.1254939 3.25107 0.010136953 162.58904
1.1090099 3.5394154 0.015844258 157.27869
1.1470618 3.6524417 0.015226691 150.99823
1.1467627 3.7552974 0.021033941 171.48448
1.1578245 3.869462 0.022092056 181.08667
1.1661695 3.9616649 0.037358295 179.33333
1.1564614 4.0319686 0.060835294 163
1.1622156 4.1184402 0.054703109 155.33333
1.176219 4.2516823 0.064729922 138.16666
1.1860038 4.3574228 0.067696497 129
1.1606163 5.247726 0.00092837808 155.8481
1.1712285 5.3467422 0.022400275 152.72083
1.1735352 5.4322882 0.054770805 148.55
1.1391627 5.5136309 0.070718512 158.89473
1.1430105 5.6387191 0.075552002 167.14999
1.1264888 5.7514997 0.075866297 162.33333
1.1595877 -3.34128 0.10288896 125.66666
1.1376987 -2.7780361 0.12472688 173
1.1555892 -1.3188868 0.12186911 140
1.1215218 -0.2608507 0.14647931 142.38667
1.1648853 3.2343211 0.13701507 123.75
1.1761676 -2.6661692 0.24301577 138
1.2234622 -3.2942696 -0.00059130776 164.33333
1.2186756 -3.0616834 -0.0004215893 170
1.2968129 -2.878021 -0.012167553 194
1.2377306 -2.7805467 -0.016412817 192.25
1.2389506 -0.84462172 -0.037668206 188
1.2515249 -0.74246854 -0.018863583 170.76666
1.2345815 -0.62794632 -0.017214339 171
1.2565099 -0.5181182 -0.022174343 171.2262
1.2578266 -0.42136797 -0.021158546 167.47223
1.2569214 -0.35536653 -0.020988859 165.22617
1.2490268 -0.24304047 -0.017831367 151.99141
1.2433161 -0.12158582 -0.023220571 155.60439
1.2585305 -0.05370472 -0.019713152 164.60378
1.2411238 0.033581462 -0.033494093 170.47194
1.2415239 0.14579506 -0.035314538 166.01672
1.2497379 0.2553775 -0.01793647 179.45555
1.2401645 0.34651873 -0.026136225 171.55
1.2498971 0.4513002 -0.029799402 177.43651
1.2490696 0.53697008 -0.032643996 176.66667
1.2020167 0.64372122 -0.029159853 163
1.2881246 0.75052887 -0.031090148 160
1.2178717 0.82120693 -0.031258527 150
1.2479396 2.7659175 -0.048479386 133.14287
1.2551329 2.8649275 -0.054402191 151.11111
1.2520022 2.9504147 -0.055364367 143.88474
1.2696759 3.06935 -0.052372236 135.06923
1.2766646 3.1417222 -0.056693211 164.2757
1.2723893 3.214026 -0.048057184 138.60001
1.2418267 3.4688396 -0.035607222 175.63614
1.2393851 3.5532694 -0.047879189 175.74828
1.262995 3.6518369 -0.040757224 171.99921
1.257895 3.7691913 -0.02481313 178.32095
1.2555568 3.8522971 -0.060638674 164.30359
1.2911177 3.9045837 -0.0058910493 168
1.2808764 4.0183525 -0.0049495734 170
1.2260704 4.6450515 -0.06794364 105
1.2723538 4.8089905 -0.059791833 124
1.2787223 4.9554176 -0.030760841 149.63513
1.2413684 5.0457554 -0.03908217 154.84782
1.2559748 5.1433849 -0.027034257 152.60022
1.2402563 5.268487 -0.049388748 166.75
1.2705402 5.3776045 -0.040637795 162.83334
1.2004092 -3.1695118 0.094046749 139
1.2644106 -3.0735536 0.094643675 146.5
1.2478482 -2.9597881 0.023842132 142.45
1.2591428 -2.8745663 0.045282558 162.36508
1.292539 -2.7507758 0.054696985 173.11111
1.2336233 -2.6428189 0.045173064 148.27975
1.2492322 -2.541456 0.038607489 166.45461
1.2348211 -2.4585986 0.034785889 164.20616
1.2527637 -2.3571372 0.041183397 144.28445
1.2395223 -2.2473948 0.040940721 149.63521
1.2562673 -2.1630588 0.032652583 169.03125
1.22507 -2.0665748 0.036365226 155.81635
1.2514019 -1.9635259 0.039856493 166.09804
1.252141 -1.867563 0.041272927 130.33333
1.2618253 -1.7459961 0.02722957 187.08334
1.2558749 -1.6602713 0.031384077 181.75
1.2349505 -1.5623159 0.01859476 174.25
1.249581 -1.4607136 0.030784955 167.66667
1.2444903 -1.3576424 0.055043772 166.14285
1.2904868 -1.2070832 0.068544261 149
1.2779411 -1.1840273 0.033584513 197.16667
1.2175436 -1.0943427 0.051864427 163.25
1.2352101 -0.93754077 0.018747186 167.41171
1.2450917 -0.83052504 0.038895603 139.82143
1.2640579 -0.7424798 0.04168582 155.76022
1.2446104 -0.63738292 0.024102286 166.66666
1.25037 -0.54268736 0.034263309 177.49701
1.2488261 -0.44992003 0.045526516 164.41382
1.2482581 -0.33879259 0.013339526 177.51225
1.2553358 -0.24815811 0.028621024 169.47083
1.2543812 -0.15135759 0.026254948 162.45615
1.2558434 -0.064276911 0.020967316 168.68332
1.2500883 0.041866064 0.019149877 165.66667
1.2450233 0.15213203 0.040342327 166.1974
1.2329993 0.24085006 0.033389784 174.30972
1.2589645 0.35372493 0.026257107 176.69077
1.2767677 0.48605141 0.027012013 187.8
1.2605276 0.59396434 0.013009254 180.33333
1.2797334 2.6731458 0.0096052429 191.25
1.2025809 2.7775652 0.026149601 189.875
1.2734549 2.9496093 0.015870191 180.75
1.2292205 3.0694194 0.035286937 173.27777
1.2166257 3.1187575 0.063429229 151
1.297754 3.3690808 0.060977407 163
1.2343844 3.5752642 0.046767306 134.37544
1.291497 3.6619861 0.013971846 159.42857
1.2705607 3.7493486 0.024147807 168.15356
1.2571007 3.8699524 0.018886266 172.33333
1.2496455 3.9370468 0.049788374 170.08971
1.273912 4.0442038 0.031393908 159.65556
1.2622179 4.137239 0.056697343 146.625
1.2951906 4.2788215 0.065389715 137.33333
1.2837102 -3.3599265 0.10914909 132.33333
1.299114 -3.167835 0.1014396 140.33333
1.2981895 -2.5772963 0.17875183 128.5
1.2659624 -1.3391733 0.13309783 195
1.2888697 -1.0765795 0.10309357 153
1.2421565 -0.26946729 0.12530254 130.76086
1.2468809 -0.17058554 0.1780684 150.57143
1.2528229 0.15012877 0.14358296 139.27586
1.2168455 0.25171465 0.20370844 166
1.3619457 -3.2456899 -0.0062980931 159
1.3012515 -3.1699355 -0.0086436532 165.75
1.360738 -2.9515951 -0.012997582 194.5
1.3675547 -2.8797503 -0.014370922 178.16667
1.3575776 -0.88847435 -0.0040502744 161.5
1.3495067 -0.75425416 -0.0020750007 151.94067
1.3375945 -0.63284826 -0.012443163 164.35052
1.3666604 -0.52389061 -0.01541858 149.37218
1.3508704 -0.42809129 -0.02208247 171.2455
1.3562046 -0.33690679 -0.020063518 154.43285
1.344924 -0.25318009 -0.024584014 161.2066
1.356243 -0.14026386 -0.024805767 162.3316
1.3376536 -0.049674269 -0.00398276 178.52632
1.3389521 0.039020635 -0.026505446 171.93736
1.3505574 0.14979422 -0.034852076 176.6281
1.3573617 0.28519633 -0.02693584 180.4375
1.3426068 0.37378889 -0.029319216 180.425
1.3479339 0.44614908 -0.030163772 181.50999
1.3164937 0.55260909 -0.017989783 173.39999
1.3818378 0.65347522 -0.021328151 171.33333
1.331624 2.4578607 -0.0095045604 168
1.3351244 2.8846567 -0.049708728 135
1.3324572 3.0642798 -0.040177733 134.3889
1.3728694 3.193244 -0.095642686 161.43709
1.3870755 3.242126 -0.080352306 175.20892
1.3490689 3.3170052 -0.072280303 182
1.3304328 3.4595749 -0.03568041 168.44444
1.3687187 3.5771427 -0.018677546 162.16666
1.3712037 3.6909995 -0.012776728 159
1.3893824 3.7218792 -0.074404217 166.03334
1.3614492 3.8090117 -0.025258837 162.01785
1.3643103 3.9397743 -0.038751524 164.41608
1.38831 4.0627656 -0.0060989978 148
1.3914206 4.2490988 -0.040612578 179.33334
1.3753743 4.3472118 -0.03734678 188
1.3596947 4.4590464 -0.020097874 187.86667
1.3570269 4.5699539 -0.018965149 182.46153
1.3563446 4.6555486 -0.015154109 177.8231
1.3260515 4.7485657 -0.044583511 140.58334
1.3533225 4.8662243 -0.009393068 161.575
1.3237375 4.9672565 -0.038836196 141.59399
1.3837025 5.0684319 -0.045794688 144.48026
1.3427031 5.1275797 -0.026181757 159.58029
1.3345445 5.2360187 -0.051285636 144.66667
1.3787066 5.3545589 -0.043702751 144.33334
1.3697459 -3.0357668 0.033792462 128.7
1.3452111 -2.9563012 0.089722365 170.5303
1.3619541 -2.8593621 0.030728284 134.3869
1.3487986 -2.745038 0.04632264 177.12143
1.350426 -2.6570785 0.04026714 170.47574
1.3516825 -2.5622799 0.041054688 148.57578
1.3590866 -2.4535427 0.03408882 158.21007
1.3428822 -2.3648934 0.02498002 150.36806
1.3371131 -2.2504671 0.029415369 156.22476
1.3265705 -2.1563401 0.035516612 161.49789
1.3446149 -2.060308 0.029120611 163.51259
1.356841 -1.9639984 0.044673301 154.905
1.3178608 -1.8478389 0.03781018 184.55556
1.3400884 -1.7378105 0.049159884 163.06111
1.3536932 -1.6626133 0.035506371 190.325
1.3144836 -1.5610914 0.033376534 178
1.3515357 -1.1513319 0.0067768195 153.66667
1.3319523 -0.91274631 0.071896031 149.16666
1.3696729 -0.85170192 0.046598684 147.53571
1.3529109 -0.7611438 0.028315339 138.8889
1.3443615 -0.65430373 0.048917621 155.45
1.3486799 -0.54624838 0.041139476 167.63055
1.3405876 -0.45073593 0.03804861 174.05714
1.3494712 -0.35679999 0.039111901 168.19096
1.3417314 -0.23950657 0.029433729 170.92778
1.3395603 -0.13956444 0.017813152 175.24524
1.3404448 -0.05308757 0.017291538 169.16573
1.3365396 0.034116521 0.021872057 175.31973
1.3310224 0.16821916 0.027791772 173.95267
1.3468295 0.25398585 0.036750764 180.55728
1.3625405 0.37026379 0.022649543 169.7
1.351051 0.46009845 0.044150177 149.83334
1.3067648 2.5644445 0.0029740261 178.8
1.3785988 2.6890249 0.0069827931 187.39999
1.3145779 2.7790189 0.0232947 189.83333
1.3089612 2.8730128 0.02966393 186.57143
1.3256181 3.2983091 0.052285209 166
1.3709921 3.3473153 0.070411347 163.33334
1.3250753 3.4844122 0.051949102 155.7269
1.3494277 3.5759258 0.069357686 145.25232
1.3738924 3.6685994 0.04379065 163.99678
1.3522705 3.758553 0.04554927 164.6823
1.3710384 3.8574679 0.05931966 164.49998
1.3597685 3.9611151 0.048973195 163.08333
1.346866 4.0698805 0.034127183 158.34665
1.3515421 4.1717935 0.048158698 152.20834
1.3966801 4.2218556 0.053381421 152.26666
1.3149799 4.3672352 0.067751244 128.33333
1.3899775 4.703752 0.082257695 178.5
1.3578708 4.8587341 0.095068112 125.61111
1.3039321 4.9083896 0.089007407 128.26666
1.3106234 -3.2505753 0.10809016 136.5
1.3950498 -3.142077 0.10348625 146.71428
1.3813969 -2.931047 0.10719378 172.5
1.3665174 -2.8150835 0.10953658 178
1.3453237 -2.7415988 0.10596727 181.22726
1.3068289 -2.6347549 0.11053278 150
1.3538702 -2.5613658 0.15329926 126.57211
1.3431382 -2.0131476 0.16164996 147
1.332907 -1.7078726 0.17328812 202.3
1.3424269 -1.6826245 0.11272523 201.83333
1.3610617 -0.90861136 0.16439274 174.50113
1.3663843 -0.32798848 0.11797521 121.39526
1.3540163 0.020897491 0.14983128 155.33334
1.356191 0.13311183 0.11857959 128.875
1.3847135 3.5804224 0.11448511 148.19048
1.3650022 3.9271255 0.11741064 132.04546
1.3694378 4.630127 0.18062116 155
1.3801534 4.8388381 0.13508289 126.07692
1.3233415 -1.7118218 0.21434057 200.66667
1.4857607 3.1734817 -0.1034032 164.25688
1.4249785 -3.0398269 -0.015796296 158
1.4571012 -2.9618168 -0.012623707 165.83333
1.4707392 -2.865483 -0.0044927741 170.33333
1.4729471 -2.3682523 -0.0057248021 144.86363
1.4774168 -2.2789514 -0.0084156506 148.53125
1.4379466 -0.87085974 -0.0077828737 178.60001
1.4188889 -0.76519167 -0.0086673088 179.83333
1.4600928 -0.65347874 -0.012048949 139.375
1.462483 -0.55856788 -0.017782876 173.65845
1.4546682 -0.44389573 -0.0095756985 160.58333
1.4436282 -0.33380875 -0.017880516 168.85715
1.4754305 -0.23346235 -0.012684987 168.89833
1.4793719 -0.13932574 -0.016420413 174.63499
1.4358348 -0.027127285 -0.028388418 175.4846
1.4481434 0.06537018 -0.031501845 181.57051
1.4624019 0.13919495 -0.01903457 179.5
1.4432025 0.25213629 -0.041427668 176.70833
1.446424 0.3616741 -0.02712501 185.54167
1.4612896 0.45670602 -0.029626582 180.71667
1.4451551 0.54837495 -0.031297471 183.66667
1.4333755 0.60095817 -0.018903688 181
1.4615283 2.4826107 -0.00090097141 166.5
1.4409156 2.9922371 -0.042213045 129
1.476251 3.1187589 -0.079970822 189.8
1.470119 3.2446787 -0.08112029 176.04926
1.4409845 3.3452675 -0.064997643 168.50948
1.4504814 3.4408085 -0.041753855 166.96111
1.4660934 3.556196 -0.031898011 165.89716
1.4602133 3.6581631 -0.055634752 162.42125
1.4837259 3.7288065 -0.07515718 173.57143
1.4758939 3.8398361 -0.041682065 157.89474
1.4467322 3.9543619 -0.034426477 157.57954
1.4422134 4.0344973 -0.050189808 164.97778
1.428498 4.1257572 -0.05486425 180.55556
1.4170545 4.2148714 -0.05005816 189
1.422781 4.7991171 -0.029190695 166.77272
1.4457985 4.8728399 -0.038175661 139.85001
1.4290702 4.961482 -0.011755773 159.32846
1.4722699 5.0298357 -0.054247878 113
1.449891 5.1304708 -0.0079826154 161.78824
1.4254515 5.2046113 -0.050613906 128.33333
1.465742 5.3356576 -0.041638691 124.5
1.4940746 -3.1139348 0.01979306 112.5
1.4929024 -3.0517089 0.098562084 164.81818
1.445702 -2.9431555 0.052341998 149.31596
1.4660782 -2.8168986 0.023839576 170
1.4566772 -2.7540097 0.022375418 158.96919
1.452055 -2.6518102 0.025554853 154.04147
1.4434322 -2.546428 0.032473594 158.6097
1.4670366 -2.4621153 0.022072457 145.71458
1.4366133 -2.3256557 0.051355314 153.64272
1.4395142 -2.2352402 0.046453524 157.03813
1.4402454 -2.1468613 0.046455313 156.3625
1.4715588 -2.0360115 0.055937909 154.09999
1.456192 -1.9608964 0.059627119 151.6508
1.4184741 -1.8601334 0.037026301 181.69608
1.4418591 -1.773996 0.05501686 163.15294
1.4594218 -1.6700047 0.069506086 190.22679
1.465665 -1.2309605 0.018393686 196.75
1.4563284 -1.1268201 0.025749546 175.5
1.4982278 -1.0756023 0.0077388771 175.5
1.4431311 -0.8448872 0.04411399 156.85713
1.463582 -0.7587707 0.02504421 144.65331
1.4609408 -0.66300201 0.029730748 132.02222
1.4333447 -0.55231607 0.033372372 169.21428
1.4510584 -0.4556241 0.027644532 159.87082
1.437986 -0.33720455 0.044394348 176.00952
1.4539745 -0.23422691 0.028016888 185.02222
1.4585966 -0.12530878 0.023025613 179.76744
1.4440937 -0.0309029 0.020039614 179.01347
1.4302148 0.046235386 0.022386413 173.04761
1.4501857 0.13683967 0.034307271 148.44644
1.4523082 0.25736597 0.01565603 167.67142
1.4293363 0.33581591 0.023880702 173.05
1.4165076 2.5958223 0.0050801747 178.75
1.4420136 3.3573465 0.072925143 158.25
1.4350096 3.482625 0.084018253 158.35715
1.4172692 3.5570126 0.032757822 158.63333
1.4451097 3.6769371 0.06137776 154.8875
1.4754177 3.76196 0.037510291 159.41226
1.4778602 3.8783851 0.054240521 147.17896
1.4550595 3.9708722 0.062710539 159.5
1.4731088 4.0621758 0.053536437 151.71619
1.4712336 4.1472759 0.042043742 171.83333
1.4739735 4.2659774 0.042805426 164.83333
1.4490669 4.3432298 0.060141966 137.5
1.4643105 4.4027047 0.072372854 121.5
1.402608 4.6257377 0.015038991 182
1.4112512 -3.3527424 0.10887942 130.66667
1.4235237 -3.2429721 0.1082641 136.25
1.4759467 -2.8615196 0.10583487 171.375
1.4899439 -2.7196164 0.11089818 177.375
1.4733366 -2.6166401 0.10555422 180.75
1.4663888 -2.5475056 0.10519914 122
1.4567223 -2.0323243 0.15964505 143.89935
1.4171715 -1.9998168 0.14140937 162
1.4209461 -1.7116364 0.19496752 201
1.4230111 -1.664614 0.1457151 198.54167
1.4525801 -0.89190853 0.16790003 176.75
1.4948871 -0.16494529 0.17435813 132.66667
1.4179091 3.5928571 0.18831609 132.76471
1.410264 3.616451 0.14165542 129.64706
1.4586334 3.9842761 0.16720431 134
1.4709071 4.6551919 0.1166073 153
1.4015841 4.7754574 0.16040562 147
1.4121044 -1.6994603 0.22432227 201.44444
1.5187023 -3.0835581 -0.013813294 153.75
1.546627 -2.9757094 -0.012036324 165.83333
1.5541174 -2.8569427 -0.0049933111 175.44444
1.5677507 -2.7717957 -0.00013102566 172.92308
1.5531566 -2.6689322 -0.0038941512 154.91304
1.5600986 -2.5613229 -0.0093565537 146.6875
1.5500507 -2.4720898 -0.030470988 147.8
1.5557041 -2.3704753 -0.02258574 149.54118
1.5564176 -2.2907095 -0.01323753 152.05769
1.5807084 -1.1557794 -0.00030636182 184.66667
1.5329614 -0.75409138 -0.0026490658 189.25
1.5657113 -0.66383457 -0.0079640886 187.10001
1.5519869 -0.56840134 -0.007084961 163.11482
1.5524336 -0.47598326 -0.013077697 172.1111
1.5551507 -0.38060644 -0.015031622 186.66666
1.5703686 -0.27605176 -0.011891593 177.75
1.5548477 -0.15414636 -0.019366112 179.93709
1.5560971 -0.044858444 -0.025478087 179.84048
1.549459 0.045333892 -0.023534069 184.93718
1.5307982 0.15694983 -0.023271969 185.93668
1.539044 0.20887367 -0.017603744 184.28346
1.5377011 0.35989034 -0.026099224 182.5
1.5610423 0.45891133 -0.012591434 185.58333
1.5511923 0.513807 -0.033371668 186.88889
1.5963917 2.9424722 -0.092966035 172.5
1.5344476 3.0341113 -0.084210426 178.66666
1.5789229 3.1559627 -0.081198372 174.9045
1.5710409 3.2604256 -0.056791969 154.50902
1.5573888 3.3596451 -0.058658041 178.58333
1.5452824 3.4364119 -0.048076537 160.92259
1.5526952 3.5544362 -0.037452459 162.94472
1.5460308 3.6811993 -0.025049545 158.49229
1.5424128 3.7432983 -0.039157148 181.05556
1.5721742 3.8372223 -0.040390115 167.96591
1.5608264 3.967495 -0.04152552 162.5
1.5516492 4.039772 -0.047215577 185.75397
1.5961194 4.1809783 -0.049454559 188.92308
1.546779 4.2761416 -0.045835227 189.25
1.5744786 4.3847661 -0.0072829523 172
1.5579638 4.6351929 -0.017202331 182.63889
1.5291998 4.7673264 -0.026308857 174.67841
1.5358815 4.9401331 -0.012884949 163.40475
1.5580305 5.162344 -0.031957392 140.73334
1.5555288 5.3166656 -0.045767225 112.5
1.5809919 -3.1486001 0.075063668 119
1.5548939 -3.0457723 0.036249723 118.9375
1.542009 -2.9064281 0.059916668 154.75
1.5499696 -2.8625102 0.044158801 154.86479
1.553715 -2.7526321 0.054544162 159.79018
1.5614178 -2.6550426 0.036413804 144.1489
1.5511734 -2.5541122 0.038926169 148.02336
1.5267364 -2.4574926 0.049389493 161.28218
1.5507438 -2.3503196 0.047960281 154.62386
1.5609368 -2.2501338 0.055882718 156.96637
1.5431211 -2.1426439 0.046661586 160.43105
1.5417346 -2.0637834 0.046520978 162.13618
1.5393169 -1.9594774 0.045613956 172.92964
1.5389466 -1.8477182 0.040231574 166.93741
1.5504786 -1.7375864 0.058997601 166.875
1.5524721 -1.6741757 0.051495697 192.42062
1.5485342 -1.0498228 0.0071043898 183.33333
1.5499808 -0.86451 0.038750451 158.86258
1.5615134 -0.7687673 0.027627956 155.10312
1.5610489 -0.65023565 0.02504093 145.925
1.5334523 -0.55659443 0.027836775 160.17142
1.5487516 -0.44323504 0.027256528 163.88
1.5346086 -0.34676713 0.021942122 168.21286
1.5628835 -0.21863705 0.024389958 171.41777
1.5567745 -0.14281829 0.018593051 165.22221
1.549186 -0.05619226 0.012144789 169.13525
1.5369921 0.051626138 0.026614254 160.55981
1.5715715 0.13378575 0.011777885 161.65544
1.562583 0.25708348 0.018756459 148.56667
1.529104 0.38746181 0.0092464695 147.57143
1.5887851 0.41127208 0.028270597 136
1.569833 0.5343411 0.0058355564 110
1.5545756 3.3944039 0.06076866 146.99248
1.553656 3.4880805 0.063768804 146.16666
1.5271033 3.5708506 0.067224257 156.09731
1.5494239 3.6674821 0.034876116 152.12337
1.5377544 3.7722886 0.035187818 150.77884
1.5580072 3.8559501 0.04431878 150.63901
1.5770563 3.9277229 0.059291437 156.05
1.5670434 4.0663328 0.060324751 153.04123
1.5404204 4.1654639 0.036585525 141.83333
1.5680898 4.2470603 0.06271074 149.83333
1.560295 4.346508 0.056029424 142.2
1.5690291 4.4491768 0.035104129 161.83334
1.5509621 4.5767326 0.0072134729 180
1.5874065 4.9999652 0.053342711 141.23529
1.5241269 5.0793109 0.00029197443 161.16394
1.5244945 5.1680784 0.0068323528 160.28572
1.5341767 -3.3283627 0.10900831 136
1.5323552 -3.2470553 0.10960361 142.25
1.5164936 -3.1427073 0.10224555 154.16667
1.5386308 -2.8308408 0.10527484 171.5
1.5805575 -2.7434494 0.1079606 170.5
1.5758883 -2.6314776 0.11114765 179
1.5668073 -2.4260535 0.10503838 180.91667
1.5114671 -2.0452082 0.14250077 120.33334
1.5251392 -1.6536413 0.13449551 194.78922
1.5036603 -1.1830444 0.10568252 200.2
1.5292233 -0.86528587 0.17926215 179.89999
1.5073961 -0.1617617 0.16637354 133
1.5699334 3.6243982 0.13628452 141.32738
1.5441538 -1.6715118 0.21333945 199.19643
1.6987256 3.072968 -0.10977229 170.27272
1.6082968 -2.7374728 -0.0086612254 165.60001
1.6272185 -2.6651778 -0.0073217973 152
1.6290296 -2.5679634 -0.030035287 148.07692
1.6471272 -2.4580677 -0.028009608 152.59155
1.6550543 -2.3336673 -0.026846511 159.27266
1.6004307 -0.83381391 -0.0023602704 187.125
1.6464682 -0.76592743 -0.0040913848 184.78333
1.6610551 -0.66683757 -0.004365671 184.33334
1.6750872 -0.56414115 -0.0062426119 184.4375
1.6417246 -0.46650988 -0.011085439 186.60715
1.6626412 -0.36282289 -0.010673835 178.5238
1.6723489 -0.23391983 -0.011016172 183
1.6605549 -0.16594967 -0.0067939362 187.30952
1.6714164 -0.04078627 -0.014469684 176.38232
1.6596955 0.031402878 -0.026744455 170.56015
1.6652317 0.12743804 -0.021203993 178.94316
1.6467667 0.23339546 -0.02242168 176.11951
1.6376483 0.34579703 -0.01145256 178.48105
1.6522188 0.45586324 -0.037741702 180.44446
1.6037078 0.50086981 -0.023768932 185.5
1.6588817 2.8524396 -0.0950941 156.16666
1.632181 3.0824561 -0.083607584 169.72223
1.6801418 3.1758108 -0.085252553 175.1554
1.6647846 3.2457454 -0.069546349 154.94762
1.6554993 3.3592858 -0.073344119 178.23485
1.6562929 3.4305246 -0.039860595 156.34259
1.6635711 3.5450516 -0.038571298 167.47055
1.6480004 3.6655045 -0.048029684 169.71591
1.6673086 3.7484231 -0.039785124 175.25992
1.6696137 3.867568 -0.025060121 167.60405
1.6251963 3.9473093 -0.039129961 184.94583
1.6507815 4.0359545 -0.034342751 172.91388
1.671986 4.14012 -0.035152048 149.48889
1.6461139 4.2693834 -0.042310782 174.91071
1.600634 4.3184805 -0.031885903 169
1.6623023 4.4206142 -0.033182763 188.2
1.655046 4.5476613 -0.015288822 187.80952
1.6435782 4.6473994 -0.0055126688 184.75
1.6399324 4.7221212 -0.020116927 180.7
1.6152828 4.8604755 -0.02645262 173.76315
1.6549168 4.9338522 -0.023983449 173.2
1.6375471 5.062407 -0.016936667 169.58194
1.6547841 5.1985846 -0.0048307204 172.76923
1.6507974 -3.1086364 0.032728411 118.33334
1.6821159 -3.0420704 0.029047841 123.5
1.6229408 -2.9416604 0.043954782 135.56
1.6598133 -2.8542855 0.059900194 148.92015
1.6490023 -2.7484369 0.053823601 145.22935
1.6636574 -2.6512983 0.060071468 144.19463
1.6713784 -2.5280824 0.045411587 143.13919
1.6525775 -2.4367373 0.059643924 145.25893
1.6526331 -2.3279743 0.057835478 160.14267
1.6668752 -2.2513266 0.047290731 158.97185
1.653766 -2.164263 0.042950153 159.71309
1.6479304 -2.0511959 0.048201196 163.2318
1.6528288 -1.9566611 0.052363634 166.58441
1.648869 -1.8504946 0.056980234 170.01242
1.6185645 -1.7660925 0.052703995 172.34639
1.6493968 -1.6603439 0.064486288 185.91667
1.6297815 -1.2484331 0.025077913 199.33333
1.671265 -1.1934075 0.0089372993 189.33333
1.6431398 -1.0365739 0.043431617 176.83333
1.678247 -0.94044465 0.039689485 157.8
1.6667283 -0.86739391 0.042062063 181.83655
1.6279433 -0.74346334 0.034547701 153.25
1.6746938 -0.65417689 0.02530887 159.10555
1.6485431 -0.54783726 0.021601629 147.39107
1.6604818 -0.43025029 0.026342945 158.28662
1.6697819 -0.34460661 0.023444749 162.11765
1.6162653 -0.24835317 0.014229359 180.37904
1.6323448 -0.14236444 0.0081942296 154.42484
1.6209598 -0.034359619 0.016317464 121.33334
1.644186 0.049687665 0.021253327 159.90765
1.632044 0.21803966 0.014348371 150.4762
1.6325423 0.37126541 0.017370841 151.10577
1.6651399 0.48721701 0.0098222271 119
1.6356843 0.67138344 0.0021443318 110
1.6811906 3.0830481 0.069443308 131.53334
1.6324927 3.4254401 0.048487682 150.28378
1.6295972 3.5531778 0.054090459 148.71638
1.6114062 3.6119409 0.064143836 147.91304
1.6408178 3.7322435 0.059633471 150.72101
1.666665 3.8093588 0.062594093 162.07738
1.6658938 3.9510231 0.048736222 157.58606
1.6770054 4.0274262 0.055053052 163.94118
1.6523032 4.1343608 0.047251612 163.42593
1.6525987 4.2368736 0.062543601 146.77084
1.6284792 4.3921852 0.05958917 140.75
1.6890346 4.4611549 0.060824223 152.75
1.6743317 4.5315638 0.068694897 139.66667
1.6665689 4.8607154 0.0011469338 178.5
1.6879638 5.1980867 0.020060837 177.66667
1.6370951 -3.2294638 0.1174032 147.66667
1.6266652 -3.1512036 0.11200797 155
1.6173011 -3.0742071 0.10326624 166.2
1.6834575 -2.9578059 0.1019247 175.5
1.6413119 -2.5422695 0.10851665 182.16667
1.6693933 -2.4305446 0.10448012 183
1.6489171 -2.0376379 0.11933085 120.38889
1.6230978 -1.6445001 0.13904443 195.88361
1.645225 -1.2029778 0.12627968 196.8
1.6522838 -0.82759416 0.1561209 155.76317
1.6656493 -0.4314298 0.12203564 159.77777
1.623562 0.053584676 0.16566764 148.21637
1.6305246 0.3462404 0.15703948 143
1.6451175 3.5391595 0.12438933 20
1.6835914 3.6897187 0.14511693 130
1.678241 5.0065765 0.15305811 140.65277
1.6088694 -1.6517493 0.20977423 201.75
1.6886823 -0.15182261 0.21878415 125
1.733361 -2.3285878 -0.052427899 159.19608
1.7460272 -2.2822185 -0.057714004 161.44637
1.7735379 -2.144454 -0.021887479 161.26334
1.7737665 -1.259927 -0.0015614565 190.5
1.7366291 -0.87827629 -0.023968261 181.5
1.7697773 -0.76418787 -0.016834896 178.93333
1.7155386 -0.66938394 -0.023705626 180.66667
1.7236874 -0.56760186 -0.027639069 180.94737
1.7577343 -0.43980798 -0.015657434 181.42776
1.7501539 -0.3621459 -0.0048198067 179.59999
1.7496294 -0.26964572 -0.0078639993 174.70334
1.7386631 -0.1540744 -0.0098807132 178.62619
1.7730106 -0.049425218 -0.017971728 173.20714
1.7533823 0.036228549 -0.022462351 173.14725
1.7413902 0.16335709 -0.024795562 165.70992
1.7480544 0.24705558 -0.018257527 167.96613
1.7269257 0.30864146 -0.0075603253 177.5
1.74733 0.43449897 -0.018471105 154.35001
1.7485226 2.9570696 -0.091400258 157.83334
1.7754645 3.0693407 -0.075705864 172.41975
1.7605913 3.1567006 -0.085969336 174.46646
1.7602065 3.2721543 -0.081659853 178.61978
1.7463875 3.3634877 -0.03451895 155.93968
1.7719882 3.446053 -0.049637936 179.14423
1.745049 3.571701 -0.057325128 181.59679
1.7539653 3.6638894 -0.062580183 181.76999
1.7896248 3.7444181 -0.024193555 174.26334
1.7645763 3.8427262 -0.058950689 187.02501
1.7557709 3.9523404 -0.045579594 165.19524
1.750784 4.0489159 -0.039043125 174.39583
1.7766209 4.1390443 -0.037341427 183.33333
1.7511199 4.2216129 -0.053833507 167.23077
1.7111486 4.3345146 -0.049851056 174.57738
1.7632905 4.4529114 -0.028596817 182
1.7648941 4.5963583 -0.011108295 189.5
1.7057406 4.6559715 -0.0059150085 185.57143
1.7390968 4.7708139 -0.0093474789 182.95587
1.7432234 4.849103 -0.0062620607 181
1.7854235 4.9429731 -0.018247576 169.91666
1.736196 5.0337052 -0.026953612 169.05556
1.7433981 -3.0263038 0.045198217 122.375
1.7173162 -2.9540014 0.040148094 126.6875
1.7406447 -2.8283541 0.05556811 131.3373
1.7598692 -2.7586763 0.074397244 145.00714
1.7502097 -2.6703382 0.048195306 133.36667
1.7516429 -2.5531096 0.041575477 144.996
1.7533286 -2.4467828 0.049274195 147.64299
1.7307328 -2.3470476 0.024281526 152.09131
1.7593242 -2.2431214 0.028375158 153.41704
1.7510749 -2.1514776 0.031787582 160.0439
1.7464263 -2.0542767 0.040043462 157.30185
1.7561164 -1.9455018 0.064063482 166.30251
1.7531315 -1.8585731 0.064517856 167.14124
1.7377524 -1.7473757 0.068130359 165.35777
1.7416267 -1.6656379 0.05981344 195.53448
1.7799214 -1.2022378 0.037899591 195.33333
1.7486643 -1.0566933 0.01317241 183.29166
1.7545558 -0.95093244 0.044122145 178.05554
1.7633485 -0.85379702 0.054671526 165.45312
1.7552468 -0.73720461 0.027832745 158.59143
1.7378504 -0.62259644 0.032728486 152.75
1.7644658 -0.59249008 0.022803254 183.95454
1.7438296 -0.45089227 0.016514644 166.31787
1.7445736 -0.36651239 0.015744699 154.78572
1.7217828 -0.26304579 0.030713839 160.41667
1.7619014 -0.15070271 0.037823938 152.8409
1.7441956 -0.067816682 0.009868036 155.31944
1.7685213 0.048458666 0.010515466 150.52841
1.7686611 0.15206158 0.011915801 151.66345
1.7205591 0.24699627 0.0083381124 152.67857
1.7479802 0.33320263 0.041918442 151.75
1.7199055 0.46111679 0.0066087856 125
1.7687263 0.58218664 0.013922886 107
1.713305 0.62037051 0.0045027724 109
1.7071384 3.0685756 0.0066499789 158
1.7320461 3.3683074 0.099483617 139.73334
1.7384415 3.4453776 0.015522301 156
1.7342358 3.515687 0.020344766 155.8427
1.7094007 3.6193352 0.042276885 150.86111
1.7235355 3.7055855 0.039279282 150.51282
1.7694629 3.8606606 0.033775903 160.80968
1.7811198 3.966275 0.046656962 157.95428
1.7664527 4.0375261 0.047264706 164.02083
1.7692183 4.1662745 0.050871629 154.95096
1.7365649 4.2573104 0.06604673 159.24445
1.7545135 4.3467755 0.066545688 133.66667
1.7808814 4.4639034 0.053974416 149.39999
1.7712954 4.5651188 0.059935749 131.75
1.7448575 4.9274511 0.034949072 174.19048
1.7264218 5.0593719 0.019241892 173.91666
1.7194333 5.1597896 0.011606158 177.82051
1.7881062 5.2229414 0.0055753286 181
1.7571354 -3.168864 0.11672987 152.25
1.7508293 -3.0650728 0.10665061 162
1.7609941 -2.9486332 0.10408244 172
1.7922994 -2.873034 0.10008468 175
1.7832111 -2.7637539 0.10051285 165.5238
1.7495924 -2.4803994 0.12131888 108
1.7905343 -2.3132112 0.14164646 129
1.7481397 -2.2143772 0.15252303 111
1.7482891 -2.0557148 0.17603225 120.86905
1.7342119 -1.9680184 0.17848264 114
1.7399125 -1.8397305 0.1957996 112.66666
1.7318867 -1.6408707 0.13171619 196.2525
1.7689562 -1.2122351 0.13412081 194.78572
1.7118381 -0.82938921 0.18209064 187.93333
1.7503324 -0.22744951 0.16990429 141.54167
1.7944072 -0.15493259 0.13860513 121.8
1.7776575 0.21361426 0.18488938 121
1.750845 3.3697379 0.13818601 165.14285
1.7488286 4.9629426 0.14210781 157.8
1.7990392 -2.4192138 0.214386 137
1.7763894 -1.9929985 0.26649526 187
1.722132 -1.6628673 0.21376544 160.77274
1.8502129 -2.3537049 -0.053684626 158.41463
1.8450683 -2.2732885 -0.057352345 161.1282
1.839751 -2.1427002 -0.018516172 162.12212
1.8564963 -1.9492366 -0.010366274 174.32565
1.8564899 -1.8459264 -0.013794397 180.5
1.8567537 -1.0278934 -0.021309972 180.76825
1.8942825 -0.94040781 -0.0092769098 178
1.8169193 -0.84786904 -0.015216721 178.22223
1.8222574 -0.78290325 -0.030906986 175.44444
1.826021 -0.69821393 -0.038636316 174.22223
1.8340598 -0.58980614 -0.038384654 174.64102
1.8778214 -0.45341399 -0.02362811 175.02534
1.8666677 -0.34939221 -0.020370692 177.63725
1.8425293 -0.25310841 -0.010553454 169.13788
1.8589649 -0.14075248 -0.012091882 168.09015
1.8761135 -0.055969838 -0.018474737 172.19757
1.8651372 0.036383733 -0.013298198 165.20892
1.8500896 0.14998972 -0.013011037 159.09894
1.8594706 0.22433877 -0.024261784 157.69853
1.8416891 0.34067413 -0.026171461 161.75871
1.8205794 0.45701605 -0.047610935 167.875
1.8632131 0.88014227 -0.007109202 117
1.8981925 2.8547342 -0.015458704 172.66666
1.846362 2.9494023 -0.046233494 169.60001
1.8735673 3.0419242 -0.086899333 165.02777
1.8649894 3.1929994 -0.078900181 167.2
1.8992544 3.2660048 -0.077790901 181.5
1.8647535 3.3572664 -0.056213252 177.12141
1.8739358 3.453109 -0.033992399 177.48213
1.8608469 3.5688369 -0.060056768 173.64574
1.8681022 3.6636555 -0.056389783 176.63432
1.871644 3.7674072 -0.05745095 177.93571
1.8544242 3.8614271 -0.063386597 177.3
1.8389406 3.9482231 -0.044789694 171.45
1.8410605 4.0521026 -0.060927879 166.96638
1.8223442 4.1552386 -0.042679336 157.36655
1.8565547 4.2688913 -0.064858913 164.55547
1.8379406 4.3557367 -0.056273077 162.93573
1.8025178 4.4093804 -0.076625027 169.86957
1.8395078 4.5211201 -0.023716435 183.33334
1.8879421 4.6120796 -0.025022615 186
1.8440983 4.7014151 -0.0041380697 188.8
1.8611887 4.8563919 -0.0338885 155
1.8428432 4.993382 -0.02610388 164.875
1.891201 5.0817728 -0.032928303 167.39999
1.8223455 5.1257148 -0.017595898 174.72916
1.8145726 -3.0273824 0.085798785 132
1.8556399 -2.9395859 0.084414981 135.55556
1.8454356 -2.8537686 0.05204156 127.9
1.8448385 -2.7286847 0.059825975 148.48053
1.8399351 -2.6482458 0.049613185 160.42821
1.8502781 -2.5353196 0.057214059 159.33669
1.8378179 -2.4696951 0.029364122 160.11111
1.8315798 -2.3610051 0.044509985 151.82977
1.8306564 -2.2525287 0.028322805 148.25851
1.8637617 -2.1429975 0.047171503 157.03357
1.8490882 -2.0617678 0.049949836 166.95535
1.8406714 -1.9699414 0.079227887 172.61905
1.8536638 -1.8396832 0.038326263 178.26799
1.8198297 -1.7627423 0.05257757 184.35416
1.8347614 -1.6901764 0.082891963 187.54546
1.8724675 -1.2303822 0.025153976 192.5
1.8740532 -1.091187 0.00071166025 183.78572
1.8526347 -0.84433544 0.02010951 166.03571
1.8485385 -0.75094312 0.021198992 160.13689
1.8528074 -0.6567983 0.01980417 167.1389
1.86531 -0.5406571 0.011659056 179
1.8353695 -0.44692689 0.019714942 167.1389
1.8434645 -0.34037322 0.014717631 170.85608
1.819863 -0.24320911 0.013678039 164.77499
1.8477787 -0.14382617 0.020911697 155.35698
1.8510145 -0.037519958 0.0092245433 149.56924
1.8436968 0.072879188 0.015810261 149.5
1.8453364 0.1488498 0.009169626 154.85242
1.8399745 0.25292185 0.026883813 153.9023
1.8789209 0.37379044 0.026604166 145.76634
1.8549471 0.42881957 0.0056190304 154.91666
1.8335036 0.53670108 0.02869227 106
1.8617201 3.0128891 0.068861365 143
1.8890674 3.1029382 0.0091628022 189
1.8852515 3.2152636 0.021657268 185
1.8424486 3.4725609 0.017498208 159.65625
1.8420806 3.5207355 0.015322295 162.75337
1.8369497 3.6555645 0.043890864 153.95186
1.8009181 3.7291675 0.016867649 154.37704
1.8578062 3.836396 0.039094735 146.87
1.825058 3.96786 0.017224405 145.7
1.8353148 4.0504394 0.041784842 135.08929
1.8588873 4.2510691 0.074641556 113.75
1.8576707 4.8382387 0.0065901829 186.66667
1.8610467 4.9069443 0.099983513 163
1.802492 5.0123091 0.008491273 180
1.850825 5.1457963 0.022938482 184.15384
1.8137939 5.2212677 0.028997803 183.125
1.8803316 -3.0245988 0.10678951 160
1.8666133 -2.8578343 0.10153911 172.83333
1.8757392 -2.7462049 0.10588334 138.33333
1.8932598 -2.5036199 0.11588263 143.33333
1.8607472 -2.4348934 0.1301176 121
1.8405205 -2.319186 0.14101914 121.34259
1.8328507 -2.1710398 0.12280846 123.36111
1.876348 -2.0644081 0.16556057 134.26666
1.851568 -1.9790566 0.182584 130.25
1.8382437 -1.8609886 0.19606055 127
1.8245978 -1.6488891 0.16116264 188.52942
1.8857592 -1.2016056 0.13573587 193.73334
1.8582622 -1.0233383 0.11820149 198.75
1.8807995 -0.98931521 0.1102704 201
1.8468131 -0.82766002 0.15151203 171.66071
1.8702598 -0.34507361 0.18607217 160
1.8506098 -0.18702127 0.12503733 155.33333
1.8507593 0.13793659 0.13417062 126.39583
1.8259672 0.33676106 0.12159126 128.71667
1.8920699 4.8071656 0.12879692 123
1.8103663 4.9419408 0.11883914 159.66667
1.8635916 -2.0761826 0.23462678 135.75
1.8092568 -1.7279519 0.21040082 125.66666
1.808843 -1.6644075 0.23323466 204
1.9923952 -2.42026 -0.0320522 163.60001
1.9437948 -2.3702216 -0.030710353 160.70833
1.9451615 -2.2734034 -0.02959461 160.42424
1.9425358 -2.1716511 -0.017696561 160.30646
1.9499602 -2.0826926 -0.018327491 164
1.95278 -1.9662604 -0.013216511 175.89999
1.9416929 -1.8545169 -0.0094481371 181.56061
1.9405451 -1.5848649 -3.1136515e-05 184
1.9799876 -1.1131957 -0.012410633 181.10715
1.9840565 -1.0334117 -0.0079199811 178.44444
1.9387814 -0.96185118 -0.02641709 175.25403
1.90792 -0.79539829 -0.043910816 168.51515
1.9388449 -0.65010512 -0.034771059 165.6351
1.9626393 -0.54677337 -0.012334411 173.62331
1.9386786 -0.46106559 -0.04683926 171.60239
1.9889967 -0.37665647 -0.002325421 175.67816
1.9286873 -0.24704009 -0.019850578 171.84247
1.998781 -0.1529633 -0.02887224 170.15384
1.9583527 -0.05279649 -0.015255769 171.22984
1.9693598 0.050169777 -0.020282224 152.18576
1.9480867 0.15154891 -0.021819806 149.09503
1.9696052 0.25648957 -0.030873867 160.81268
1.9416047 0.31571332 -0.036994401 130
1.9793773 0.40809697 -0.039394096 159.02272
1.9625427 0.52365839 -0.011079606 168.61111
1.9990963 0.61819655 -0.018681336 160
1.9556657 0.7787255 -0.0051530912 134
1.90459 0.83487844 -0.0065776873 121.5
1.9945793 2.8980591 -0.036188725 174.5
1.9648141 2.943265 -0.090729356 137
1.9831022 3.025387 -0.038267359 184.77107
1.9520164 3.1550026 -0.074633755 170.93942
1.9489473 3.2661877 -0.040816486 176.20761
1.9442196 3.3747063 -0.032360062 176.39629
1.9569304 3.4547844 -0.049514208 160.35474
1.9517779 3.5624893 -0.063387543 168.61806
1.9866537 3.6599936 -0.05931345 170.65097
1.9681989 3.7614391 -0.050916027 168.41359
1.9444736 3.8663507 -0.042713799 163
1.9422545 3.9638977 -0.050968885 154.27075
1.9367516 4.0486364 -0.04238186 160.16666
1.9535226 4.1698442 -0.049071159 148.49374
1.9481487 4.2421827 -0.03936556 144.06667
1.9761235 4.3628511 -0.062107071 153.42477
1.9451301 4.463141 -0.063683681 163.3343
1.9492562 4.5633841 -0.018422345 167.75
1.9706498 4.678194 -0.052412562 168.02884
1.9212236 4.7629123 -0.030757358 172.04166
1.9665767 4.8424902 -0.046893295 156.18796
1.9219316 4.9331613 -0.026105898 159.8125
1.9773769 5.0199618 -0.026491782 168.8
1.9587814 5.1656857 -0.037120394 169
1.9968729 5.211421 -0.03108098 167
1.9112846 -2.9754598 0.090076007 134
1.9715587 -2.8442359 0.087729253 127.875
1.9271076 -2.6420782 0.067081854 164.8485
1.928018 -2.5464339 0.023511369 170.65277
1.9549539 -2.4478767 0.044158924 153.96539
1.9366654 -2.3442893 0.045330826 143.11295
1.9357325 -2.2473574 0.023625182 147.88467
1.9449067 -2.1379282 0.033197444 148.6881
1.9539183 -2.0588343 0.073280528 189.70634
1.9545395 -1.935647 0.038349964 167.16183
1.9296856 -1.8694531 0.05181101 191.45834
1.9476067 -1.7487651 0.0044222539 187.08333
1.9168961 -1.6654403 0.0027435371 187.66667
1.9759924 -1.4687726 0.00010265459 184.8
1.9370511 -1.1874139 0.0056195259 186
1.9478935 -0.83367294 0.035575941 156.6105
1.9487621 -0.73703676 0.016386988 175.36232
1.9306457 -0.65209246 0.012548719 159.94286
1.9404385 -0.5353803 0.0025723686 163.25
1.9509727 -0.43381697 0.048593618 164.33334
1.9321936 -0.3346056 0.051604412 145.72223
1.9532232 -0.23925392 0.016901357 162.51884
1.9483216 -0.14701289 0.021725716 155.64636
1.9539349 -0.033770122 0.014284369 153.16666
1.9554708 0.054254957 0.011652202 151.28241
1.9461768 0.15036 0.011888696 150.24783
1.9584043 0.2490878 0.012489598 145.34091
1.965674 0.35854456 0.014746929 148
1.9681883 0.43726236 0.0016879635 167
1.952095 3.1647406 0.0022229697 179.96353
1.9524025 3.3489122 0.0041465373 161.49039
1.9535568 3.41027 0.052067105 164.22223
1.9035109 3.5872958 0.097238123 124.47369
1.9562951 3.7157426 0.056327481 139.5
1.9931707 3.8589697 0.064042903 125.25
1.9462146 4.1394305 0.070739202 113.66666
1.9051628 5.0721602 0.026622485 186
1.9433966 5.1433659 0.02582497 187.5
1.9283147 5.2432747 0.033880804 186.33333
1.9458903 -2.9610102 0.10585853 163
1.983801 -2.8738961 0.10390206 165.66667
1.9589065 -2.6523898 0.11080546 116.66666
1.9535887 -2.4181964 0.17787237 127.25
1.9324176 -2.354511 0.13529748 127.59523
1.9239163 -2.2590716 0.15508015 130.83334
1.959751 -2.1250074 0.1588175 137.64835
1.9602647 -1.9557645 0.1908306 141.83333
1.9045287 -1.8750279 0.19494663 133.5
1.9335573 -0.84585005 0.13922246 165.60526
1.9142686 -0.337587 0.14293104 139.94444
1.9103893 -0.17759605 0.12632389 181.14285
1.9261576 -0.072946653 0.18217058 138.66667
1.9910405 0.02614083 0.150894 144.36
1.9773234 3.5836399 0.11516906 123.66667
1.908928 4.8003025 0.12273773 123.5
1.9350483 4.9699464 0.10222022 152
1.9216468 -1.7680252 0.21263351 138.25
1.9478326 -1.6631819 0.24805029 169.85715
2.0932744 3.5331557 -0.10348074 171
2.0955687 4.1817036 -0.10689297 170.13513
2.0500844 -2.4421649 -0.046654642 167.85715
2.0400755 -2.3736181 -0.035419058 165.39285
2.0396852 -2.2730207 -0.027875826 165.2619
2.053417 -2.1365666 -0.03591466 169.76785
2.0128777 -1.9570694 -0.003867998 178.60001
2.0441461 -1.8948135 -0.017093234 181.33333
2.0259945 -1.6297837 -0.012034826 185
2.0690892 -1.5410445 -0.0036457828 176.16666
2.0523725 -1.0207429 -0.023574354 174.33334
2.0486388 -0.90522552 -0.036211453 166.43304
2.0265167 -0.75535923 -0.031155754 161.66736
2.0694098 -0.62796062 -0.023358675 167.50568
2.0574267 -0.54816902 -0.021509707 165.09305
2.0352919 -0.46680778 -0.00051874615 167.13043
2.0819523 -0.33932579 -0.00061962061 164.48685
2.0563293 -0.23349895 -0.0045336662 172.64285
2.0433865 -0.13179362 -0.010714184 172.28413
2.0583451 -0.034435943 -0.022102974 152.23486
2.0664184 0.047335993 -0.021011325 144.79137
2.0737834 0.14583038 -0.018891837 145.18579
2.0552289 0.24044266 -0.016285118 143.96263
2.0683062 0.35870081 -0.027030209 151.21684
2.0593233 0.46099862 -0.024473054 158.96667
2.0739141 0.53671837 -0.012757657 146.5
2.0818682 0.62381697 -0.02258336 144.1111
2.0025432 0.72893465 -0.0086082164 138.66667
2.0775828 0.84601277 -0.018148843 161.33334
2.04866 0.93838173 -0.014887487 162.75
2.098815 1.1638622 -0.028651064 128.33333
2.0921011 1.3121622 -0.028243277 131.25
2.0581799 2.587441 -0.046320014 175
2.0473924 2.6549044 -0.036477324 180
2.0211458 2.7776554 -0.032852069 177.10001
2.0159857 2.8432169 -0.013583004 191.33333
2.0410714 2.9604454 -0.014496645 185.7
2.0655446 3.0809474 -0.082741268 161.95
2.0462165 3.1651363 -0.029517232 185.62762
2.0429249 3.2637696 -0.045383725 173.17227
2.0597432 3.3794887 -0.047935333 184.2361
2.0646901 3.4688053 -0.053020746 162.72482
2.0606141 3.543613 -0.04532297 163.17867
2.0528729 3.6639507 -0.049784139 172.48561
2.055717 3.7474692 -0.060640395 162.60213
2.0450447 3.8585877 -0.058501534 164.28566
2.0324447 3.9729934 -0.048995536 159.38387
2.0516672 4.053792 -0.043128949 135.07765
2.031395 4.1520433 -0.05818953 147.70573
2.0330324 4.2766309 -0.047767919 139.70834
2.0819674 4.3223343 -0.058372915 141.58151
2.0678923 4.4819603 -0.051741447 136.14571
2.0625618 4.5761271 -0.084554821 162.26624
2.0697317 4.6499672 -0.047807813 158.69167
2.017293 4.7532959 -0.04368009 165.3829
2.0739067 4.808578 -0.058482174 155.625
2.0548759 4.9477291 -0.031749316 163.3158
2.0385435 5.0886364 -0.028014394 172.2
2.0813537 5.1975622 -0.040278532 170.33333
2.005656 -2.9338911 0.085820779 138
2.0677974 -2.8399131 0.086676046 146.5
2.0078275 -2.7580299 0.086877301 156.5
2.0920284 -2.6683469 0.084341832 159.125
2.0509081 -2.5736215 0.076237239 163.35001
2.0766714 -2.4351094 0.054780319 153.37495
2.0555997 -2.3581553 0.032666899 144.72726
2.0180321 -2.2658904 0.047162324 137.2364
2.0461321 -2.1603158 0.033227272 155.97693
2.0454769 -2.0431516 0.059640914 154.84656
2.002007 -1.9421157 0.056230042 192.8
2.0468817 -1.8653494 0.0037839212 184.23077
2.0565991 -1.7734345 0.0034374963 187.28572
2.0339341 -1.6971992 0.0027752887 188.33333
2.0131657 -1.3944814 0.043993071 211.55556
2.0453656 -0.94543356 0.047670141 180.91666
2.0955181 -0.87031978 0.01164335 164
2.0437155 -0.71091747 0.014703164 171.5
2.0565081 -0.66299969 0.014265368 177.80455
2.031497 -0.55168843 0.013982649 180.44444
2.0945494 -0.47996181 0.02155206 185
2.0485446 -0.24250457 0.020744164 169.6069
2.0389171 -0.15651855 0.019138813 163.81306
2.0565925 -0.051166728 0.016954998 159.71255
2.0461974 0.047235165 0.030509381 150.27371
2.0601559 0.13416964 0.016605191 147.68571
2.0559273 0.23944439 0.014180155 141.68982
2.012017 0.3176232 0.013799916 145.5
2.019063 0.40747577 0.0058967266 109.66666
2.0691793 0.6515314 0.0045718434 144
2.0680752 0.72745651 0.049213897 113
2.0328732 0.88331467 0.042863984 120
2.0804925 0.9261719 0.024434472 126.16666
2.0490055 1.0462046 0.037183434 135
2.0613637 1.1975703 0.028715124 140
2.0783343 2.9507544 0.013165698 186.875
2.0780644 3.0426977 0.0020841861 181.58333
2.0439324 3.3559222 0.0065900041 163.73119
2.0154421 3.4798083 0.030917749 141
2.0819001 3.5471473 0.067759424 139.75
2.0806117 3.7579851 0.046563003 156
2.0722818 3.9002466 0.064374357 112
2.0027673 4.1886005 0.075251155 108
2.0270696 4.8652973 0.036744133 166
2.0560188 4.9552488 0.065202102 151
2.0498581 5.0662818 0.017559046 181.5
2.0595531 5.1693473 0.016166855 181.5
2.0661602 5.2733455 0.027644703 178.28572
2.0575993 -2.731416 0.10156812 118.66666
2.0556915 -2.5816462 0.12609552 128
2.0348139 -2.3612361 0.1622237 133.21349
2.0391099 -2.2634873 0.16377231 137.8
2.0300629 -2.1430748 0.16495654 138.66666
2.0266559 -2.0464618 0.15169042 144.6884
2.0546589 -1.90926 0.15737389 161.375
2.0462594 -1.3844879 0.13488707 209.8
2.0117047 -0.95186281 0.14635704 213.5
2.0049639 -0.73615265 0.19344121 193
2.0958085 -0.58437341 0.18986619 137.38461
2.0592258 -0.16021417 0.16441834 132
2.0046887 0.044829816 0.12347166 144.66667
2.0305755 -1.8066287 0.21394366 145.39999
2.0529232 -1.7186824 0.25595617 135
2.0865676 -1.6845465 0.28690347 122.5
2.1908545 2.9871302 -0.10382742 183.75
2.1161692 3.0061817 -0.10344032 190
2.1412258 -2.4503858 -0.036212869 176.25926
2.1287024 -2.3787684 -0.043800216 168.27777
2.1716731 -2.2676516 -0.027453277 176.48648
2.1511779 -2.1682663 -0.022758557 176.26282
2.1337028 -2.0847452 -0.016159995 177.3125
2.1282368 -1.6541449 -0.0037416373 183.2
2.1802373 -1.5689218 -0.0064061545 177.33333
2.1030812 -1.467499 -0.0019133615 176.5
2.1468697 -0.81255049 -0.038771391 160.06413
2.1259947 -0.72132379 -0.064299233 163.1955
2.1342542 -0.62826329 -0.062032957 161.52672
2.1278124 -0.57657188 -0.024758406 165.88889
2.1971264 -0.3749398 -0.00053335866 181.25
2.1676395 -0.24285133 -0.0065247603 167.5739
2.1533206 -0.14022927 -0.010405282 167.17856
2.1484797 -0.03189081 -0.0029285846 149.05507
2.1521621 0.046818398 -0.014008377 150.71376
2.1592042 0.14889869 -0.010009403 151.71103
2.1671555 0.24815811 -0.017497852 152.77779
2.1547146 0.34677699 -0.041014705 163.53964
2.1743689 0.43432602 -0.020376066 156.85741
2.1823204 0.54088408 -0.010126161 147.3
2.1677547 0.61911988 -0.027894394 153.41666
2.1445124 0.73659468 -0.027503105 151.08333
2.1766179 0.94211066 -0.016955461 169.5
2.1910462 1.2158525 -0.031855866 135.25
2.1696994 1.3445759 -0.034038324 135.25
2.1013181 1.4539402 -0.032820396 135.75
2.1323626 1.5505686 -0.032274429 141.55554
2.1528342 1.713298 -0.03994187 144
2.1983609 2.5692229 -0.026292771 163.66667
2.1655183 2.6717432 -0.017878203 177.75
2.1348653 2.7681186 -0.0091424976 187.25
2.1349919 2.8506126 -0.04516409 153.5
2.1523435 2.9450741 -0.024971195 174.58334
2.1610379 3.083369 -0.036266413 185.22917
2.1505213 3.171258 -0.041728888 163.78148
2.1483305 3.2835293 -0.047407653 180.70175
2.1986732 3.3445268 -0.00399344 181.49191
2.1378915 3.4456844 -0.062390219 160.5
2.1930554 3.593441 -0.023395561 168.41936
2.1412661 3.6471231 -0.051018249 151.38414
2.1608844 3.743576 -0.058174163 158.855
2.1612532 3.8668277 -0.068787113 140.0247
2.155829 3.94947 -0.063013509 159.89214
2.144136 4.0599151 -0.065739363 145.25949
2.1573443 4.1174593 -0.057458118 151.28204
2.1316013 4.2601385 -0.063902698 142.25926
2.1612024 4.3623195 -0.053649612 132.99855
2.135654 4.4166574 -0.027167136 123.5
2.1467285 4.5702095 -0.018188961 137
2.1822314 4.6568346 -0.044810176 145.68182
2.1666222 4.7688856 -0.02448363 142.97916
2.1576059 4.9392877 -0.041290253 167.66182
2.1119015 5.0428896 -0.033271298 175.10001
2.1720495 5.1436863 -0.043517716 173
2.1764457 5.2325597 -0.037191719 161.5
2.1518965 -2.7621174 0.086183049 147.25
2.1885145 -2.5741246 0.082971409 160.2
2.1241901 -2.4089775 0.052866217 167.16666
2.1361909 -2.3548584 0.049857788 148.77304
2.1420248 -2.2551801 0.059882648 152.05025
2.1588573 -2.1469769 0.034441754 154.55453
2.1589212 -2.0389624 0.046216514 152.24377
2.1820905 -1.9670066 0.049855161 172.82143
2.121953 -1.8282502 0.0064035212 187.25
2.1663041 -1.7790791 0.018420551 182.33333
2.1965721 -1.5477586 0.0032617983 173
2.1529298 -1.3808534 0.029772004 208.89999
2.1904373 -0.97084081 0.03944115 195.28572
2.1063282 -0.84423727 0.020613948 165.5
2.1547143 -0.75211006 0.019130398 170.75
2.1393521 -0.62529194 0.033009175 173.5
2.1574476 -0.53796989 0.012570943 175.54488
2.1426063 -0.4367246 0.010456634 174.91077
2.1315019 -0.33353451 0.022006724 174.76666
2.168551 -0.22790395 0.012476027 162
2.1493793 -0.14744987 0.013878721 151.75285
2.1497228 -0.048628304 0.015297741 155.00961
2.1455076 0.055969395 0.012530328 161.08333
2.1147752 0.15326327 0.021685282 151.53334
2.1527226 0.23731677 0.02250471 144.25926
2.158464 0.38721943 0.014078327 131.25
2.1688683 0.41314429 0.029067177 133.33333
2.1985457 0.67499363 0.0080145644 115.66666
2.1751266 0.77409291 0.026985625 134
2.1232467 0.85730785 0.00039066887 190
2.1622598 0.92344326 0.04385576 138.75
2.1494782 1.0643587 0.03701295 148.66667
2.1411207 1.20199 0.029119652 152.33333
2.1080229 2.856529 0.0034936981 191.5
2.1759121 2.9559555 0.0069907759 188.2
2.1328745 3.137969 0.024096722 173.82858
2.1387761 3.3660374 0.0061612795 166.02083
2.1197605 3.4569731 0.0055125314 166.3875
2.1210604 3.5399761 0.026739953 176.02942
2.1517186 3.6461325 0.039748088 188.08929
2.1879086 3.7583184 0.045400187 188.7
2.1479266 3.8618114 0.038849112 190.6111
2.1368659 3.9462028 0.035564028 191.75
2.1929801 4.0828228 0.047502939 184
2.1642103 4.6371913 0.05951225 119.60416
2.1167436 4.7215052 0.0020753464 150
2.1178694 4.8399887 0.017794935 155
2.1583381 5.0599771 0.019096227 162.25
2.1653748 5.1773224 0.015301127 168.33333
2.1790547 -2.6433132 0.14704092 125.4
2.1509461 -2.5117371 0.14529403 136.5
2.1325781 -2.4064581 0.14213564 164.5
2.1476409 -2.2344825 0.18165883 140.60001
2.1383529 -2.1323528 0.19267099 143.33333
2.1812458 -1.3869805 0.12389616 211
2.1177247 -0.55965418 0.16604249 123.5
2.1530545 -0.24288446 0.1371084 150.5
2.1362174 3.5755641 0.17339766 133.70834
2.1538947 -2.2635925 0.24668975 132.66666
2.1255963 -2.1476634 0.23008099 114
2.1602199 -2.0264125 0.23667458 126.62627
2.1380632 -1.9292924 0.21268332 141
2.1432147 -1.8665755 0.25395489 128.22221
2.1783037 -1.7624508 0.28682652 123.33333
2.2678125 2.9674926 -0.10453703 166.66667
2.255429 3.344382 -0.10290095 138.5
2.2355502 3.4579794 -0.10224597 154
2.2338464 3.8201811 -0.10304742 150
2.2350025 3.9165716 -0.10238747 155.19101
2.2202785 4.012785 -0.10143984 154.79776
2.2252703 4.2019854 -0.11403108 170.10345
2.2502544 -2.512794 -0.032819994 182.32858
2.2672625 -2.3756576 -0.033383809 181.09091
2.2573366 -2.2598867 -0.021153104 180.97369
2.2594976 -2.1677499 -0.018187951 181.6125
2.2351472 -2.0723314 -0.014855027 182.07144
2.2489719 -1.4587467 -0.0052940529 171.5
2.2238097 -0.71658528 -0.068196326 163.41107
2.238538 -0.66867435 -0.062133763 160.08153
2.259454 -0.40916243 -7.5005177e-05 180.75
2.2497299 -0.35574159 -0.0094855009 169.30162
2.235182 -0.23940128 -0.0075101117 164.77527
2.249809 -0.13541052 -0.0098438999 158.53929
2.2591221 -0.057470288 -0.011650435 158.38808
2.2393444 0.063664794 -0.018060662 153.71602
2.2358403 0.15703106 -0.0089066122 159.5764
2.2432487 0.23299955 -0.018758813 171.66666
2.2515643 0.35623944 -0.012363839 157.47975
2.2630844 0.43591192 -0.023047497 159.675
2.2611825 0.56219429 -0.01876246 158.48035
2.2523613 0.64315152 -0.0053550373 150.70578
2.2539141 0.73267591 -0.016540885 161.70833
2.2578709 0.83674228 -0.011864796 161.90477
2.2624698 0.93714154 -0.0134246 153
2.2870073 1.255441 -0.026816726 132.5
2.2468545 1.3895856 -0.027357021 142.3
2.2372909 1.463305 -0.028195856 145.25
2.253448 1.5480871 -0.029012291 147.10001
2.2673354 1.627264 -0.032432195 162.25
2.2340424 1.7092925 -0.03284511 150.25
2.2604361 1.8121599 -0.032029361 153.25
2.2806487 2.6988842 -0.016805191 175.25
2.2650275 2.7825241 -0.023391601 170.375
2.2563252 2.8446021 -0.041077312 173.66667
2.2603209 2.946857 -0.015500473 180.22916
2.2161417 3.078809 -0.018756639 184.39999
2.2725043 3.1850913 -0.052522399 169.92157
2.2630816 3.2475004 -0.0021080938 181.13635
2.2625093 3.323498 -0.057525624 152.05556
2.2615802 3.4232047 -0.074966326 160.16666
2.2458763 3.5765362 -0.052241381 172.31667
2.233681 3.6468079 -0.057136737 158.95177
2.2686851 3.7629321 -0.059582032 156.7395
2.2622488 3.8540497 -0.071538121 158.37779
2.264426 3.9408951 -0.067594208 171.90475
2.251606 4.038404 -0.057016544 144.75385
2.280045 4.1541185 -0.065103665 176.86365
2.229871 4.5196099 -0.017961627 119.5
2.2658143 4.6704445 -0.023198694 134.25
2.275481 4.7567043 -0.052715521 149.72308
2.2112916 4.8328829 -0.050804831 153.64
2.2703366 4.9254799 -0.052356042 175
2.2585752 5.0510068 -0.042383138 176.30769
2.2453647 5.1870575 -0.041104332 166.14285
2.2836528 5.2709823 -0.041422889 156
2.2328072 -2.66327 0.080745563 148.39999
2.2806382 -2.5632479 0.075770698 155
2.2465446 -2.4783196 0.078448482 160.44444
2.2938254 -2.3794045 0.07971973 159
2.2588692 -2.2409441 0.06136471 159.96246
2.2311747 -2.1341283 0.049534637 156.63979
2.2460024 -2.0164824 0.068903275 161.64285
2.2617862 -1.9231344 0.027718961 181.83626
2.2558317 -1.8361647 0.079820424 172.55
2.2456918 -1.7308733 0.047354791 181.25
2.2873898 -1.3999128 0.00047797157 213
2.2186627 -0.9166339 0.012018949 168
2.2477641 -0.82976019 0.020558488 170.16666
2.2863662 -0.72227621 0.022672828 177.33333
2.2479954 -0.65575904 0.018951312 181.75
2.2671494 -0.53438753 0.021812713 185.57143
2.2413836 -0.45293716 0.013214927 174.0174
2.2739446 -0.31835049 0.014332525 177.875
2.260138 -0.22058046 0.056202166 156.64999
2.2378535 -0.1560968 0.04210199 153.73886
2.2740676 -0.062149279 0.033618338 148.91489
2.2657299 0.070497781 0.019361475 148.62296
2.2655337 0.17897984 0.022877023 149.72974
2.262135 0.22875981 0.012192854 149.78174
2.2433002 0.33936214 0.010526244 139.48215
2.265558 0.43455955 0.012951783 158.21429
2.2809501 0.54358745 0.034420077 137.28571
2.2527945 0.65755868 0.0064569982 141.02083
2.2489257 0.73510933 0.0036896097 150.76471
2.2571564 0.82720178 0.030918701 154.63889
2.2452888 0.95601839 0.021910943 155.5
2.2773907 1.0883677 0.030915871 172.33333
2.2414725 1.2086191 0.023540527 170
2.2539809 3.0907001 0.0055929348 183.71428
2.2587752 3.3494408 0.0070899134 184.5
2.25633 3.4593494 0.01920633 155.65714
2.240756 3.5651515 0.025322184 177.47827
2.2981243 3.6651502 0.027286308 180.42308
2.2817283 3.7355881 0.048128501 183.67857
2.2655911 3.8680737 0.04347552 186.88333
2.2772527 3.9618418 0.04807635 189.71428
2.2318861 4.0620675 0.037727997 188.8
2.2726371 4.1616964 0.052609004 156.21666
2.2191558 4.5806065 0.047198609 123.83334
2.2345841 4.8057694 0.0038902704 136
2.2133284 4.9339037 0.028505009 141
2.2618399 5.0546517 0.017562529 144.66667
2.2670684 5.1833463 0.020755339 144.5
2.246284 5.3076029 0.036484115 151.3
2.2938111 -2.8991332 0.14627822 112.33334
2.2948072 -2.750313 0.17944168 114.5
2.2683287 -2.6273358 0.18110602 123.5
2.2515106 -2.5343728 0.16824898 129.13333
2.2508917 -2.4379447 0.17195629 134
2.2407308 -2.2082572 0.17683968 136
2.2557683 -2.139539 0.18133445 139
2.2382293 -2.0446291 0.18971391 141.2
2.2066221 -1.3657787 0.17161417 209.5
2.2561238 -0.16773427 0.16251546 138.99265
2.2975736 0.27338439 0.1374653 135
2.2708077 3.4068213 0.15146464 143.78334
2.2234633 3.5436933 0.15003952 153
2.253001 -2.3942716 0.21275242 127.5
2.2546303 -2.2849972 0.2273936 126.875
2.201329 -2.1565876 0.23324947 124
2.2907665 -2.0516 0.25317642 139
2.2555525 -1.9193391 0.23182839 137.97827
2.2187548 -1.8753694 0.22393905 139.75
2.2648046 -1.7628604 0.26683158 134.27777
2.2774518 -1.638979 0.26476589 176.26851
2.2208076 -1.5842733 0.29714116 212
2.2046988 -1.6288002 0.34619421 191.72728
2.205142 -1.5883877 0.33097216 212.25
2.3854973 2.7974248 -0.10388147 136
2.3776352 2.939275 -0.1123771 144
2.3802054 3.4484599 -0.10077168 142
2.3585026 3.5176926 -0.10333318 156.75
2.3482859 -2.5477235 -0.028662391 187.42857
2.3470845 -2.3578618 -0.02207486 185.22223
2.3353007 -2.2585893 -0.012543458 184.81818
2.3480232 -2.1493077 -0.0079670064 186.66667
2.3502266 -2.0630164 -0.005307443 187.14285
2.3313432 -1.9770837 -0.0053890632 187.71428
2.3548031 -1.8533574 -0.0023383005 182.83333
2.3542075 -0.94482416 -0.0065236976 174.33333
2.37903 -0.82454753 -0.0004129869 168.25
2.3229392 -0.71060359 -0.040445775 160.81444
2.3200693 -0.65729958 -0.042422011 160.14943
2.3596258 -0.56077939 -0.050514478 157.02438
2.393744 -0.47532532 -0.054403674 152.16667
2.3625724 -0.31069019 -0.0085708778 172.04167
2.3532951 -0.2443051 -0.012555782 163.39645
2.3532944 -0.12367697 -0.016046572 158.09564
2.3316848 -0.04697682 -0.014864597 153.26248
2.332437 0.05350776 -0.024595506 160.59259
2.3267951 0.14330952 -0.023629516 162.60185
2.3522887 0.25498265 -0.022827411 165.00607
2.3527596 0.35316712 -0.017168174 154.37709
2.3639262 0.46696958 -0.021092439 158.20465
2.3567457 0.57311904 -0.017927991 166.51743
2.3455064 0.6527918 -0.01882359 172.54445
2.3543394 0.748263 -0.00997255 155.80333
2.365217 0.85016459 -0.020359004 157.77777
2.346127 0.95735866 -0.012537164 143.70833
2.3519347 1.0085206 -0.017736055 153.38887
2.30866 1.2789412 -0.026011791 129
2.3739936 1.3416685 -0.026629405 148.5238
2.3481703 1.4867153 -0.031210143 157.41666
2.3488979 1.5302241 -0.0353183 164
2.3045928 1.6064014 -0.03137311 155.16667
2.3665826 1.7301736 -0.032170366 165.84167
2.3110607 1.9082247 -0.032214317 156.2
2.3400052 2.0057945 -0.034594052 156.5
2.3380451 2.5772889 -0.029381059 159.75
2.3696251 2.7608838 -0.036883503 175.33333
2.3443341 2.837759 -0.053727459 165.77777
2.3446498 2.9751396 -0.016292164 178.19444
2.3881147 3.0789864 -0.01712694 179
2.3536012 3.1531188 -0.04969411 162.20834
2.3601298 3.2767737 -0.0034790058 180.26666
2.3803015 3.3195181 -0.075704172 142
2.3807681 3.4343219 -0.091053128 137.16666
2.3510544 3.5496359 -0.024619285 155.17857
2.3564589 3.6417236 -0.04090948 163.39896
2.3878777 3.7754011 -0.092197061 183.44444
2.3514528 3.8773131 -0.062131472 153.5
2.3549783 3.924181 -0.06967558 153.60803
2.3224976 4.001286 -0.092506111 159.16107
2.3111691 4.6840467 -0.055713996 147.83333
2.3803611 4.7392454 -0.035696305 139.5
2.3683126 4.8654232 -0.067684904 176.68182
2.3535156 5.0036001 -0.04895889 178.14285
2.3369241 5.1461668 -0.046392735 168.66667
2.3806684 5.2382975 -0.038486168 157
2.3640106 -2.2634256 0.067739815 165.85258
2.32933 -2.1530154 0.058693454 165.82812
2.3571093 -2.036407 0.066117734 168.10226
2.3422771 -1.922951 0.085554726 172.6129
2.3592217 -1.8009518 0.091975249 179.72223
2.3075957 -1.3885541 0.040237736 214.57143
2.3241611 -0.94122928 0.09371943 210.5
2.3424518 -0.56453937 0.027568789 187.42857
2.3634434 -0.44989601 0.012189614 181.65384
2.3406465 -0.32264405 0.041098662 171.68182
2.358001 -0.2394505 0.032632992 160.16718
2.3659232 -0.13238949 0.059582558 151.51433
2.3679736 -0.030322693 0.035639752 154.58199
2.3620815 0.051515393 0.013129341 155.03563
2.3538747 0.16580951 0.023729982 153.41425
2.3555684 0.26820406 0.022788653 162.16138
2.36099 0.33533895 0.023490604 163.57777
2.3376985 0.43962738 0.0016696444 172.52942
2.3624032 0.55350256 0.020516729 162.98265
2.339319 0.64632958 0.0061188689 147.40477
2.3415074 0.7429502 0.012001761 154.93576
2.3411829 0.8461026 0.022012422 147
2.3599455 0.94538367 0.02769975 170.875
2.3239808 1.0235305 0.0057474836 159
2.343821 1.2140568 0.025366751 177.66667
2.3728116 3.0786839 0.0027144277 187.125
2.362524 3.1891601 0.002307473 183.41176
2.3565717 3.2581551 0.0032781526 190
2.3164167 3.3593056 0.030963447 177.81061
2.3435075 3.4555199 0.034769874 163.40996
2.3565903 3.5410693 0.014939583 177.0307
2.3512523 3.7741046 0.019281987 179.72601
2.3690655 3.8713574 0.037586983 182.19287
2.3488231 3.9664452 0.042290945 186.31746
2.3454022 4.0691786 0.05296322 174.75
2.3483782 4.1727576 0.04607746 185
2.3140068 4.2381406 0.048344459 176
2.3175354 4.7800446 0.0027228303 121
2.3225622 4.9159484 0.019096071 122.5
2.3542666 5.048728 0.021350835 124.66667
2.3762388 5.1915317 0.020063778 126
2.341326 5.3259683 0.04018943 130
2.349438 -3.03074 0.12915714 111
2.3801961 -2.8518836 0.16510862 117.375
2.3816259 -2.709831 0.15193956 143
2.3445823 -2.5996313 0.19910309 126
2.3326471 -2.4590566 0.1626105 134.32353
2.3707352 -2.3139961 0.17234699 148.16667
2.3659265 -2.2459683 0.15489551 158.19643
2.3491445 -2.1523411 0.15082578 160.2361
2.3287203 -2.0452282 0.16615374 161.06522
2.3460252 -1.9389321 0.17661995 162.16666
2.3824437 -1.861028 0.1808247 168.66667
2.3637691 -1.7133032 0.10746139 185.33333
2.3350937 -1.6240661 0.14827952 194.125
2.3155119 -1.4176846 0.11883899 214.125
2.3045132 -0.92865831 0.16668366 210.5
2.3323748 -0.1381349 0.12407858 125.81818
2.3652341 -2.4831936 0.20012183 140.33333
2.3061821 -2.2546957 0.25159666 132.25
2.3441248 -2.1495624 0.2538034 132.44444
2.3685799 -2.0415261 0.24969764 147.25
2.3633366 -1.9550679 0.26166472 148.25
2.3805678 -1.8444544 0.24071738 151.97223
2.3213258 -1.7706935 0.26685962 144.7037
2.3441474 -1.6496892 0.28303391 151.46155
2.316741 3.4040573 0.20061083 160.73685
2.3250899 -1.6361384 0.3628329 187.41176
2.4785938 2.7610166 -0.1076385 121.5
2.4409711 2.9232781 -0.10763468 126
2.4104259 3.3480246 -0.10472585 126
2.4893632 3.5452223 -0.10418615 148.5
2.4196897 3.9692583 -0.11381301 161.24167
2.4243901 4.0190039 -0.11757717 163.14894
2.4686451 -2.5925248 -0.045202333 184
2.4343212 -2.3630464 -0.026651911 186.75
2.4620595 -2.2352328 -0.022989593 188
2.4259386 -2.1282291 -0.010354982 189.75
2.4520772 -2.0202065 -0.017615512 183.33333
2.4496546 -1.949257 -0.011889151 181
2.4775183 -1.8949059 -0.010908923 172
2.4480262 -1.785298 -0.0026078196 168.25
2.4489985 -0.81534743 -0.040367004 148.375
2.416023 -0.75240451 -0.045458883 156.17647
2.4286571 -0.66225129 -0.050393749 155.73033
2.44344 -0.55703384 -0.051337332 150.32895
2.4548354 -0.44726562 -0.015952433 164.19092
2.4670987 -0.34189305 -0.017396761 161.67787
2.4776251 -0.24837388 -0.01354021 165.51093
2.441232 -0.15775323 -0.019294119 163.41002
2.4392784 -0.042598598 -0.022743452 153.19608
2.4318504 0.063682653 -0.0034686571 147.10811
2.4499018 0.16019987 -0.023844726 140.27029
2.4408128 0.23356369 -0.010744574 148.8269
2.449496 0.36652991 -0.016703529 157.1619
2.4605739 0.47050497 -0.017690912 181.70369
2.4562788 0.53779119 -0.0088579645 162.11617
2.4353912 0.64338875 -0.015186282 176.10834
2.444169 0.75680357 -0.01238753 166.68333
2.4652815 0.86953747 -0.019613432 166.86667
2.4848771 0.9589265 -0.020549735 172.825
2.4629257 1.0272909 -0.026807763 162.16667
2.4966218 1.1191565 -0.026242698 150.33333
2.4458783 1.4379948 -0.029364998 162.91667
2.4489348 1.5645088 -0.027592301 172.34167
2.4837704 1.6678573 -0.027418476 179.79524
2.4983101 1.7964389 -0.020460041 184.75
2.408932 1.8795857 -0.032342356 166.60001
2.4257042 1.9667201 -0.030470733 164.33333
2.4498119 2.0549066 -0.02766365 162.5
2.4907286 2.576925 -0.047343336 151.5
2.4451194 2.6449895 -0.046330106 163.625
2.480725 2.7256258 -0.050935008 189
2.4545016 2.8377957 -0.032615889 177.29333
2.4718332 2.9756732 -0.019760832 176
2.4231212 3.0379186 -0.015176304 171
2.4614682 3.1716766 -0.045409821 155.66667
2.4845245 3.331265 -0.076881699 122.66666
2.4724762 3.4746077 -0.082810566 121.33334
2.4960315 3.5322821 -0.097746767 143.5
2.4616537 3.6589856 -0.066203244 155.4649
2.4431028 3.7552617 -0.036990952 164.10001
2.4723177 3.8375673 -0.052407153 161.25
2.4041471 3.9589512 -0.0025060279 162
2.4705007 4.8506832 -0.061368503 176.61948
2.4071293 4.9523048 -0.04950089 179.44444
2.4340234 5.0529985 -0.04804825 169.27499
2.4498827 5.1568432 -0.043625318 158.39999
2.406461 5.2906847 -0.03107194 149
2.4436085 -2.8081808 0.094173096 161
2.4529607 -2.3291073 0.070273221 170.13583
2.4137335 -2.2112837 0.045733675 163
2.4238653 -2.1188972 0.072994538 169.76508
2.4581931 -2.0181241 0.076903738 173.09151
2.4418149 -1.953595 0.085811846 175.28572
2.4878674 -0.91520858 0.010633674 166
2.4937203 -0.824606 0.015916169 172.75
2.4511375 -0.7272085 0.010179991 178
2.4212842 -0.62693691 0.0047777956 187.25
2.4548974 -0.53736222 0.016111132 186
2.432631 -0.42517549 0.016145989 180.5
2.4497905 -0.35710153 0.036791809 176.08191
2.4254007 -0.25617337 0.05559979 174.755
2.4467311 -0.14213981 0.036911294 154.38095
2.4858992 -0.066844955 0.032839164 165.04524
2.4647994 0.040951181 0.042316217 159.66454
2.4497387 0.15442874 0.026932597 157.625
2.4598656 0.25308573 0.026637377 159.39168
2.4576621 0.34720799 0.019299902 158.1393
2.4475288 0.44762149 0.02166133 155.22073
2.4832222 0.53489685 0.012819191 160.29312
2.4339235 0.63938361 0.010561232 151.84375
2.4408841 0.75008166 0.011153196 157.59723
2.4422743 0.86577141 0.021863945 159.93398
2.4605536 0.93666446 0.0067327842 161.75
2.4639049 1.0181941 0.036682151 186.08334
2.4537389 1.1529765 0.026630765 190.16666
2.4161582 1.2179146 0.026575837 186.33333
2.4684205 3.1937413 0.00024405372 187.125
2.4403465 3.2908294 0.0048682825 184.27272
2.4870288 3.3820868 0.022336014 175.66667
2.4594901 3.4543459 0.022978326 175.79366
2.4449916 3.5663571 0.015232872 180.76237
2.4502854 3.6480215 0.023144506 181.72501
2.4619162 3.7535329 0.01665814 181.32339
2.4569614 3.8657899 0.024565736 167.125
2.4655104 3.9508646 0.03863522 164.51785
2.4681695 4.0492086 0.042368058 172.72726
2.4499733 4.1567364 0.04790663 189.5
2.4162626 4.2395811 0.042175062 188.75
2.4787345 4.376533 0.039324261 192.5
2.4178896 4.899754 0.013601062 111
2.4577136 5.1973348 0.020729201 116
2.4109802 5.3406806 0.038689099 120
2.4571474 -2.9368956 0.13964327 125.125
2.4296844 -2.8165102 0.18939508 111
2.4747949 -2.7761559 0.16499758 142
2.47475 -2.6770525 0.11692633 170.8
2.4531136 -2.3650081 0.13968728 163.80833
2.4378803 -2.2257233 0.13556457 162.00722
2.441941 -2.1467435 0.14549047 158.21852
2.436666 -2.0401568 0.15413624 158.42735
2.4477074 -1.932652 0.14552963 162.00856
2.4437914 -1.8315928 0.1398463 169.52563
2.4532804 -1.7241057 0.11100857 187.33333
2.4203942 -1.6349247 0.13476129 196.28572
2.447361 -0.92227566 0.1400463 212.31944
2.4181516 0.14800386 0.12724626 127.16146
2.4691918 -2.4573133 0.20646995 151
2.4467354 -2.3586378 0.2216015 152.70238
2.4446595 -2.2684019 0.24475417 135.8
2.4483991 -2.1657939 0.2549628 143.27779
2.4525032 -2.0897 0.25273544 152.125
2.4649978 -1.9651519 0.27951381 139.89999
2.4352069 -1.8371028 0.25318587 153
2.4659655 -1.7355192 0.21472839 171.04166
2.4094079 -1.6427896 0.22369893 178.11688
2.4293346 -1.9831146 0.30360776 121.5
2.4461341 -1.8843118 0.30641696 128
2.4483492 -1.7521691 0.31250194 123.5
2.4910207 -1.6991749 0.34216467 126.5
2.5719452 2.7244017 -0.11300472 113.5
2.5191367 2.9030812 -0.11725418 118
2.5728073 3.3585248 -0.10574441 120
2.5393846 3.4332125 -0.10540199 130
2.5239804 3.957273 -0.11625322 163.2171
2.511929 4.0528584 -0.10954575 161.33794
2.5622845 -2.6264808 -0.047861665 172.75
2.5609524 -2.4060712 -0.039113529 178.875
2.5515771 -2.3031523 -0.03297418 179.2
2.543551 -2.2020164 -0.024702808 180.33334
2.5345302 -2.0984645 -0.017483532 176.66667
2.5550265 -1.9793985 -0.01279879 164
2.5336399 -1.8637627 -0.010873199 163.75
2.5222752 -1.7306292 -0.0046742875 155
2.5661993 -1.6995976 -0.00057212432 142.5
2.5388582 -0.85996777 -0.0091938572 146.59167
2.5470078 -0.77923918 -0.017806446 148.10416
2.5179996 -0.67390031 -0.02854966 150.32787
2.5314493 -0.57300669 -0.021685055 148.52942
2.551985 -0.46812999 -0.018107574 148.53334
2.5562425 -0.33581463 -0.011622557 166.01135
2.5726054 -0.25386575 -0.031060494 149.52678
2.5563674 -0.1466831 -0.022935737 164.32533
2.5581343 -0.026011702 -0.030535085 157.83095
2.5494926 0.059317928 -0.019590465 148.02449
2.5245485 0.16769937 -0.030786358 141.00351
2.5308483 0.25312528 -0.010689238 148.5993
2.540071 0.33799997 -0.024769977 165.5359
2.5514021 0.44858465 -0.016506815 166.18285
2.5352826 0.56006497 -0.019203993 167.04308
2.5510845 0.64924389 -0.011745903 176.0625
2.5605562 0.73972815 -0.0112798 172.99666
2.5266175 0.85081893 -0.017704811 148.375
2.5682037 0.9164682 -0.024118347 172.41666
2.5600498 1.0373014 -0.026760455 155.83333
2.5701771 1.1256142 -0.023223368 149.59525
2.5537066 1.2171626 -0.028890794 157.39999
2.5035014 1.3855581 -0.022829765 165.85715
2.5712342 1.4406191 -0.03198741 179.02173
2.5955124 1.5615349 -0.042864252 177.95
2.5828314 1.6382033 -0.030913437 180.45999
2.5609758 1.7311091 -0.024799157 162.06667
2.5377564 1.8278944 -0.039387859 156.04443
2.5199738 1.9757016 -0.028322708 167.8
2.5697558 2.0615566 -0.031331595 146.79167
2.5984023 2.3786685 -0.032944623 156.66667
2.5693569 2.4445715 -0.073525593 161
2.5842977 2.6674199 -0.047498785 174.5
2.5516443 2.7143588 -0.050338954 176.66666
2.5716722 2.8522935 -0.033500765 181.17857
2.5517926 2.9282377 -0.029337518 177.50833
2.5741243 3.0381193 -0.015804986 167.3
2.5572491 3.1542375 -0.050941829 145.26666
2.5649772 3.2128403 -0.0050640805 188.33333
2.559155 3.3395364 -0.076000087 114
2.5619376 3.4607365 -0.070057131 156.33333
2.5530834 3.5541079 -0.057111636 146.83333
2.5653098 3.6592925 -0.036698133 161.98479
2.5180044 3.7586341 -0.071448363 149
2.5372567 3.8417425 -0.044519771 165.9994
2.5957546 3.9002082 -0.031389307 166
2.5153627 4.1248064 -0.0509638 142.93698
2.5714417 4.2175775 -0.040354289 133
2.503149 4.7699556 -0.069394775 175.66667
2.5769994 4.8563843 -0.045680713 164.08334
2.5324202 4.97085 -0.048366513 165.39999
2.5214996 5.0906515 -0.04550571 153.83333
2.5890889 5.1717005 -0.041536015 141.75
2.5016456 5.2379432 -0.038517196 145
2.5412886 -2.871305 0.084105387 169
2.5616913 -2.4580603 0.081654981 182.09525
2.5056195 -2.3056734 0.073738754 173.39473
2.5065618 -2.2070873 0.066305973 169.30882
2.5021095 -2.1102958 0.069126673 170.8793
2.5115154 -1.9076657 0.08901494 179.28572
2.5525017 -0.71437621 0.015691606 181.16667
2.5508199 -0.60409147 0.025479516 188.2
2.5626678 -0.50013095 0.026885651 184.45454
2.5599751 -0.43919653 0.035928644 172.96542
2.5414433 -0.35501754 0.039378352 174.69278
2.5436194 -0.25600013 0.04498475 168.9881
2.524056 -0.15289342 0.036427334 165.84109
2.5607827 -0.046878919 0.043356452 168.79762
2.552232 0.038052496 0.039635777 171.84554
2.5629892 0.14756775 0.026890846 163.2
2.5510349 0.25117034 0.02680531 163.82408
2.5551617 0.34460571 0.025483705 154.93945
2.5440233 0.43266657 0.021998581 169.17899
2.5613883 0.56694198 0.031247381 162.46031
2.5302248 0.66522461 0.013835956 165.41667
2.5806098 0.76045978 0.010919704 150.3
2.5611677 0.8399477 0.01569904 149.16667
2.5596733 0.93033904 0.018141175 160.05186
2.5853024 1.1426712 0.038934439 189.33333
2.5620763 1.2239681 0.038871456 191.5
2.56864 3.061569 0.00092902756 146
2.5260324 3.2601354 0.0042697135 188
2.5465186 3.3482327 0.012403452 180.5
2.535013 3.5348685 0.015826549 187.64999
2.537158 3.6540663 0.022599859 187.075
2.5397511 3.7165999 0.010168824 188
2.5550077 3.8500488 0.032626655 164.38333
2.5421805 3.9476392 0.032766216 167.68182
2.558821 4.0232058 0.04637878 170.75
2.5591516 4.1367559 0.044159219 167.33958
2.5356505 4.2691264 0.035251532 188.08333
2.5954952 4.3047991 0.040044468 187.2
2.5832577 4.4368229 0.046491966 185.25
2.5090096 5.0406609 0.019606097 110
2.5465782 -2.9046576 0.18222804 114.5
2.5897927 -2.8205819 0.16134986 143.83333
2.544342 -2.7398193 0.13980791 161.95833
2.5748696 -2.6354263 0.13184004 183
2.5524361 -2.4219346 0.11657613 184
2.5178535 -2.3108263 0.13008383 168.5
2.5381355 -2.2426167 0.15743126 155.29927
2.5513165 -2.1400945 0.14073321 155.59737
2.5475156 -2.0368168 0.14978856 156.61702
2.5566804 -1.9328827 0.14868185 165.22833
2.5332329 -1.8435906 0.12464589 179.76666
2.5204484 -1.7437605 0.15705623 172.10793
2.5480402 -1.6508167 0.1410145 172.91666
2.5818932 -0.9020474 0.10726781 212
2.5443809 0.15001197 0.11585227 119.24902
2.5241628 3.4285076 0.1214644 174.57779
2.5207231 -2.7345457 0.20784071 122
2.5443707 -2.6489801 0.23233293 134.66667
2.5609946 -2.5239136 0.28971559 121
2.5852473 -2.429601 0.22385322 149.57143
2.5838199 -2.3097439 0.23600727 149
2.5448973 -2.2218332 0.25295371 135.5
2.5756197 -2.1432977 0.27209836 149.82143
2.5531955 -2.0315032 0.28247654 144.21429
2.5496976 -1.9106917 0.27910984 143.66667
2.5228336 -1.8746992 0.23942035 150.14584
2.5286596 -1.6083659 0.23057394 201
2.5356305 -2.4536324 0.32219905 115
2.5620341 -1.9256669 0.31396306 132.83929
2.5974193 -1.8759718 0.35328433 122
2.5844994 -1.7723682 0.33649024 134
2.5846448 -1.5655036 0.36000639 206
2.61619 2.8781731 -0.12361392 111
2.6108782 3.5995917 -0.10178337 132
2.6724257 3.7916474 -0.10371107 168.64706
2.6609867 -2.6625862 -0.054275475 155.66667
2.6527202 -2.4155827 -0.041775763 162.75
2.6593564 -2.301079 -0.040377237 161
2.6458826 -2.1879508 -0.02131425 159.25
2.6224804 -2.0756505 -0.010358952 151.33333
2.6635282 -1.9354675 -0.014103823 142.75
2.6242146 -1.8124864 -0.016105037 148.5
2.6691101 -1.78874 -0.0099290982 134.5
2.6431992 -1.6435593 -1.2159285e-05 130.66667
2.6937125 -0.98380935 -0.00037708401 163.28572
2.630229 -0.68497485 -0.0076691294 146.95265
2.627284 -0.54562891 -0.0064019845 149.47058
2.650528 -0.47855619 -0.0071056858 155.63637
2.6635399 -0.38575476 -0.013234643 164.89999
2.6558905 -0.25621167 -0.023706958 155.57306
2.6448064 -0.1456468 -0.021901177 160.02817
2.6299751 -0.057096519 -0.028863804 144.1646
2.6247764 0.057470955 -0.022556199 157.83423
2.60672 0.17074731 -0.02868955 152.27998
2.638581 0.26949158 -0.015460047 165.23975
2.6429718 0.34767303 -0.028690889 158.89616
2.6551008 0.46789244 -0.01632628 166.11649
2.6594594 0.5477798 -0.021159271 175.82341
2.662539 0.6240797 -0.0090075154 150.44643
2.6596422 0.72202373 -0.0080246422 164.52499
2.6467922 0.83402747 -0.013871733 170.04445
2.6570663 0.96130633 -0.025205119 149.375
2.6849394 1.0393662 -0.026869072 182.46667
2.6491311 1.1233468 -0.022072682 173.59999
2.6312833 1.2651447 -0.027618354 153.33334
2.6618509 1.3722658 -0.029642897 159.60001
2.6971607 1.4668043 -0.039202649 160.05554
2.6305823 1.5661104 -0.035817709 125.25
2.6389441 1.7409468 -0.02555427 165.70906
2.6292574 1.8551079 -0.030006509 164.89166
2.6587131 1.9270794 -0.031890467 160.65909
2.650316 2.0242364 -0.033967387 149.68889
2.6577041 2.1367671 -0.033353407 150.92857
2.6437566 2.2493651 -0.035517406 157.6111
2.6701384 2.4210119 -0.04969291 167.375
2.6553981 2.5329795 -0.042046752 170.27777
2.6342852 2.6576955 -0.032955538 167.5
2.6769905 2.7580473 -0.022867538 167.75
2.6603069 2.8291831 -0.031060718 172.125
2.6357784 2.9513621 -0.037275411 180.21323
2.678983 3.0566025 -0.041182186 175.51668
2.6644313 3.2564518 -0.043240827 165.30417
2.6665215 3.3538902 -0.039654616 161.18214
2.6543529 3.4501636 -0.034416124 169.30334
2.63923 3.5555449 -0.04556321 155.32001
2.6557384 3.6253841 -0.040297892 169.99106
2.6487098 3.7447941 -0.030132657 169.67365
2.6525164 3.837996 -0.035968509 171.58917
2.6533225 3.9350281 -0.04053228 170.14957
2.6414597 4.0426016 -0.036119886 167.17908
2.6494126 4.1367645 -0.039709821 176.575
2.6613283 4.2524791 -0.059232842 169.86923
2.673964 4.3613367 -0.056849048 178.07692
2.6507163 4.8430414 -0.048099641 152.5
2.6343484 4.922399 -0.052207321 153.16667
2.6044111 5.0382233 -0.04697565 147.5
2.6814876 5.1091394 -0.042461362 133.75
2.6443374 5.242867 -0.048593421 129
2.6538227 -2.9022119 0.091067836 175.25
2.6019464 -2.8239863 0.098951064 179.5
2.662077 -2.5419245 0.080331653 189.45
2.6090207 -2.4001701 0.083698496 182.33333
2.6274948 -2.3424935 0.088959865 181.78845
2.6215947 -2.2007523 0.088133216 179.08
2.6215367 -2.104197 0.088991463 179.82608
2.6029439 -2.0089824 0.093860768 180.84616
2.6115909 -0.93882287 0.0070750983 155.2
2.6059754 -0.83926374 0.012893226 164
2.6175771 -0.79372883 0.0034565271 146.35715
2.6540189 -0.65883374 0.012550321 172.43056
2.6668482 -0.55138111 0.03051547 186.58929
2.6730847 -0.43394378 0.044088606 168.55554
2.6307838 -0.33790347 0.029578067 172.0298
2.6517808 -0.27632716 0.049611405 168.85777
2.6264801 -0.15346538 0.042055544 166.05829
2.6302423 -0.067617878 0.042199593 175.58334
2.638943 0.022227719 0.03373453 172.56085
2.6598721 0.14772843 0.01562341 166.61111
2.6526151 0.25532851 0.026638877 162.30647
2.6356506 0.34341404 0.021658156 159.8837
2.6622555 0.43824783 0.03604243 160.92592
2.6539245 0.53211504 0.029680412 170.78752
2.6525567 0.6600076 0.034382116 174.91905
2.6911583 0.74630898 0.0058041345 152.98889
2.6412189 0.85121757 0.005954993 145.70604
2.6522188 0.95028502 0.029787701 174.3259
2.6367891 1.0418507 0.017360376 174.09723
2.618989 1.2086824 0.035267312 188.25
2.6787114 2.6342444 0.0030669041 169
2.6792917 3.0021164 0.0002053176 178.42857
2.6781018 3.1125515 0.0055353148 172.36363
2.6752229 3.2132645 0.0044024955 153.15384
2.6292591 3.3014414 0.00070072932 175.25
2.6498005 3.5312824 0.0088558421 183.125
2.6425951 3.6956306 0.017019052 190
2.6631718 3.7144718 0.0040710405 182.58333
2.6684673 3.837595 0.049331147 151.46666
2.6403537 3.9429808 0.032438442 163.00787
2.6528676 4.0491085 0.039854281 173.27858
2.651818 4.1645031 0.06292434 159.41216
2.6758075 4.2760167 0.031706024 180
2.6886895 4.3551559 0.030855507 180.66666
2.6917901 4.4346633 0.035831694 170
2.6898091 4.5093193 0.02521663 164
2.6554723 -3.003721 0.17342013 119
2.6790464 -2.9682114 0.1798768 119
2.6424487 -2.7750685 0.16185746 147.5
2.6908426 -2.6655114 0.16329075 165.75
2.671396 -2.5968947 0.13785529 182.5
2.619911 -2.4005358 0.12155792 185.39999
2.6396077 -2.3197725 0.11265662 183.5
2.6423509 -2.2181771 0.12683852 184.14285
2.6437697 -2.1595836 0.1394359 157.02635
2.6517971 -2.0541642 0.1526534 161.48697
2.6572917 -1.9451215 0.14301753 166.35197
2.6320412 -1.8221833 0.12230349 184.27142
2.6199296 -1.7513208 0.13993493 179.9375
2.6727009 -1.6724808 0.17795713 168.39999
2.6050103 -1.5788822 0.18744861 157.25
2.6596699 -1.4686503 0.19545019 153
2.6769679 0.80736852 0.16465451 165
2.6251898 -2.8135493 0.2016311 123.5
2.6376088 -2.6291633 0.23630649 136
2.6669261 -2.5803967 0.26248512 140.16666
2.6808586 -2.449502 0.21613181 145.7
2.6617453 -2.3128636 0.23039466 146.64285
2.6814809 -2.2377563 0.22289781 155.40981
2.6723907 -2.1601353 0.26801589 162.43637
2.6509085 -2.0472057 0.28317702 155.53409
2.6274426 -1.9575976 0.26277429 147.01389
2.6638169 -1.6218177 0.29684922 152
2.6775274 -1.5128461 0.27899384 122.5
2.6325841 -1.9520783 0.31222677 153.66666
2.6658037 -1.8349967 0.32779688 147.66667
2.6011927 -1.5559341 0.31317315 203.8
2.6852818 -1.4917855 0.39586031 215.2
2.7403483 3.8824751 -0.10358336 168.96552
2.7474627 -2.6937213 -0.054295793 140
2.7646117 -2.4272032 -0.047444712 142.33333
2.7388554 -2.2997127 -0.038848765 145.66667
2.7593985 -2.1718371 -0.025781153 136.33333
2.7373283 -2.0444787 -0.014683113 131.5
2.7543902 -1.8991073 -0.012141447 121.5
2.7681329 -1.7336993 -0.010244788 124
2.7716613 -1.0497468 -0.013055349 166
2.7907634 -0.99122983 -0.014011549 164
2.7722509 -0.88172817 -0.0016575496 160
2.7553773 -0.69137669 -0.0055799396 155.2
2.7407794 -0.5782882 -0.0047458275 155.875
2.7547996 -0.44807401 -0.018044008 164.16666
2.7425756 -0.25250372 -0.018599873 166.79221
2.7593098 -0.14546676 -0.029612018 135.41667
2.7162697 -0.042198937 -0.0086897463 163.33713
2.7244785 0.0074723763 -0.0099561894 163.78125
2.7229757 0.15248579 -0.021598894 148.77879
2.7483802 0.24255556 -0.049768921 168.02206
2.7426536 0.35253194 -0.032180287 168.77457
2.7378011 0.42676917 -0.019004144 158.59311
2.7562025 0.54519045 -0.016869834 163.31021
2.7429862 0.6701076 -0.014434644 165.66521
2.776628 0.75134271 -0.013886221 163.7878
2.7627225 0.84244031 -0.011641166 171.22678
2.7291949 0.92646569 -0.016435606 180.3889
2.7531803 1.0343895 -0.023965001 163.64166
2.7560101 1.1231214 -0.026107211 162.85713
2.7250133 1.2118702 -0.029088639 163.5
2.7632904 1.3167373 -0.026561383 175.88335
2.7423868 1.4827744 -0.027404241 168.41667
2.7508888 1.5690439 -0.042795774 156.12105
2.7531745 1.6371125 -0.034647968 161.88809
2.7095408 1.7612996 -0.033026643 148.72
2.736376 1.8450019 -0.043806899 158.26071
2.7340596 1.9550129 -0.02944926 162.30476
2.7419052 2.0255585 -0.036782037 159.05222
2.7423673 2.1422412 -0.037175387 156.5625
2.7570615 2.2384446 -0.032238849 156.5
2.7884147 2.3524361 -0.033721872 164.44444
2.7702618 2.4512532 -0.04665222 178.79761
2.7557788 2.5443649 -0.054581504 177.29166
2.7571957 2.6476777 -0.035174705 171.79999
2.7608354 2.7508719 -0.026150217 166.38333
2.7601874 2.8572044 -0.028527359 175.32857
2.7491825 2.9168985 -0.051128436 165.99275
2.7614996 3.0386746 -0.055772908 160.77254
2.7516422 3.1480031 -0.049370956 163.08383
2.7605395 3.2302666 -0.044722337 159.04666
2.7415195 3.3299818 -0.051874269 160.7863
2.7342432 3.4293208 -0.044593386 154.77982
2.729872 3.5293949 -0.044793773 165.92126
2.7419083 3.6537526 -0.040576741 165.67845
2.7645314 3.7466416 -0.04321852 169.67943
2.7432151 3.8570194 -0.042221811 167.785
2.7491004 3.9433498 -0.039876517 172.79094
2.7236059 4.0599971 -0.039675429 153.60953
2.7379076 4.1619725 -0.061217256 161.66667
2.77159 4.2284002 -0.027404867 184.16666
2.7526848 4.3964725 -0.05994701 181.875
2.7718437 4.4578247 -0.043831486 185.32143
2.7230055 4.8812504 -0.045258325 143
2.7450204 4.9531021 -0.049887393 139.26666
2.7727098 5.0367894 -0.043656345 130
2.7568436 5.1806073 -0.043242153 127
2.7368078 -2.9331083 0.087547436 181
2.7372367 -2.6202097 0.067756519 192.5
2.7495646 -2.5272951 0.076905169 191.10001
2.7596695 -2.4324174 0.086425848 190
2.719435 -2.3096101 0.097279467 186.39999
2.7583947 -2.1450818 0.086585797 142.93333
2.7820635 -2.0555105 0.086572826 145.66667
2.7060318 -1.5984993 0.0031735129 127
2.799324 -0.9729861 0.076236561 206.125
2.7093058 -0.85297656 0.013439964 162.91666
2.7088532 -0.75766492 0.010635327 162.18304
2.7603674 -0.64429379 0.018553274 170.58333
2.7622857 -0.51789773 0.052635353 178.59091
2.7733202 -0.43383092 0.054363623 173.82272
2.7545485 -0.34893712 0.032923497 170.33096
2.7462175 -0.28013229 0.029411027 166.49405
2.7456329 -0.14772487 0.026846122 152.71515
2.7036128 -0.056179952 0.037811901 147.90909
2.7581775 0.078084074 0.015567604 148.78571
2.7471125 0.14062916 0.0099042999 161.825
2.7559006 0.2599611 0.039688885 152.88402
2.7554138 0.35635939 0.029277245 160.54947
2.7407024 0.46685818 0.029866328 162.44829
2.7474911 0.5469529 0.016797129 160.9875
2.7777297 0.62142766 0.025912246 168.83333
2.743289 0.73724538 0.022269534 157.20833
2.7465003 0.85590607 0.030854508 162.33333
2.7653372 0.92520058 0.0046226392 142.22083
2.7154832 1.0200429 0.046671744 185.33334
2.7121868 1.1316384 0.0328849 183.40909
2.7356119 1.2252827 0.026158391 181.83731
2.7047732 1.7658601 0.0017074604 185
2.7895138 1.8197492 0.027099272 176.5
2.7672803 2.5351436 0.0098787015 161.75
2.7352185 2.6040852 0.0048903013 166.66667
2.741951 3.2277391 0.0049263369 152
2.7080436 3.3871615 0.006700207 164
2.7675266 3.4871423 0.0058495956 158
2.7423577 3.6060908 0.0077498099 169.2
2.7618408 3.7400544 0.027237894 160.30832
2.7520103 3.8389101 0.023922078 149.24583
2.7427886 3.9267962 0.035493102 144.23932
2.7623444 4.0263267 0.027413823 165.82367
2.7924948 4.1135836 0.033752549 168.42273
2.7548327 4.2609949 0.040204227 176.85715
2.746273 4.3519058 0.077426046 175.92857
2.7234347 -2.8496718 0.15439571 155.78571
2.7042465 -2.7200058 0.18254691 145.2
2.764617 -2.6556182 0.16631643 161.06192
2.7602782 -2.5846288 0.12894966 177.5
2.7118137 -2.4256425 0.18735017 159.2
2.7923188 -2.3487084 0.18841468 171.40909
2.7606132 -2.2155998 0.1486 178.66428
2.7963181 -2.1055031 0.1062391 191
2.7321725 -2.055269 0.13842367 167.66829
2.7278576 -1.9538796 0.13752769 146.77777
2.7501554 -1.854939 0.11827684 183.36842
2.7422395 -1.7312363 0.14134768 180.9953
2.7857866 -1.6302103 0.17861025 171.09091
2.7477136 -1.5371563 0.19000503 161.55
2.7723482 -0.98761982 0.14758877 212.25
2.788692 0.25711992 0.16870193 134.41667
2.7713733 0.88061666 0.18407728 166.2
2.7488754 3.8598461 0.11646438 131.5
2.7668457 4.3078237 0.13895191 146
2.7680271 -2.834075 0.20480545 133
2.7165842 -2.7073209 0.22735783 134.5
2.7875414 -2.6245821 0.25010979 140
2.7507865 -2.5273404 0.25618288 141.75
2.7682104 -2.40907 0.20367725 168.5
2.7436271 -2.3289423 0.21630152 167
2.7768676 -2.2315795 0.28323594 187
2.7530525 -2.125793 0.25827783 174.2831
2.7683854 -2.0340865 0.2575683 166.07692
2.7633076 -1.7362714 0.28631997 154.66667
2.7447851 -1.6650498 0.27089861 146.3611
2.7195907 -1.5885358 0.27115732 133.33333
2.778769 -1.4600862 0.24502282 139.83334
2.7424247 -1.3837079 0.20919107 159.5
2.7243145 -2.4649954 0.3340804 142.89999
2.7402997 -2.0165491 0.30328882 175.39999
2.7608731 -1.9092957 0.32145444 171
2.7878335 -1.6083679 0.35249263 153.5
2.7129931 -1.5124427 0.35843757 199
2.8467455 -2.7299283 -0.059602559 124.5
2.8482442 -2.4358332 -0.047580004 123.5
2.8357968 -2.2980061 -0.038421284 124.66666
2.8390331 -2.1608667 -0.023339147 121
2.8399186 -2.0171688 -0.013138299 113.5
2.837611 -1.865244 -0.01424162 115
2.8549259 -1.6846409 -0.0147822 125
2.8202915 -0.86076647 -0.01150877 160.16666
2.830205 -0.71872914 -0.016530607 156.28572
2.8325901 -0.60598028 -0.015523909 156
2.8432434 -0.50820917 -0.025611868 161.75
2.8327889 -0.40612459 -0.028217604 164
2.8067057 -0.32185769 -0.046848878 119
2.8702664 -0.2718423 -0.055598821 134.5
2.8400786 -0.1424679 -0.0352883 156.36021
2.8358784 -0.0291705 -0.011347381 143.28333
2.8598208 0.058490943 -0.015857339 150.40726
2.8445547 0.12887751 -0.033269715 158.87418
2.8470526 0.23837389 -0.042743564 174.94981
2.8273623 0.34188333 -0.060693096 173.09149
2.8422158 0.44977131 -0.016054178 153.15833
2.8486969 0.54529071 -0.024392629 159.92966
2.8723989 0.62919068 -0.014614151 160.70258
2.8718171 0.71792936 -0.016584229 165.20035
2.8563137 0.81109047 -0.021756621 169.11412
2.8557706 0.95124024 -0.0181097 163.23512
2.8615046 1.0958103 -0.021240516 131.66667
2.8601742 1.1503565 -0.027422469 169.64584
2.8608658 1.2586482 -0.016101807 172.25
2.8082206 1.3979275 -0.026812198 188
2.8333335 1.4785621 -0.026844269 188.5
2.8586373 1.5707879 -0.035126608 154.85318
2.8444719 1.6872081 -0.028364098 168.19313
2.8084784 1.7791409 -0.037544984 145.96924
2.8481972 1.8433442 -0.035726953 159.55455
2.8118317 1.9224421 -0.036576089 158.32559
2.8354011 2.0427802 -0.040318109 161.3125
2.8460643 2.1381881 -0.032418441 159.87407
2.8542843 2.2317758 -0.036314152 163.925
2.8575325 2.335392 -0.044156071 152.2
2.868439 2.4555788 -0.040642668 174.19444
2.8478038 2.5512362 -0.045383226 178.97499
2.8567984 2.6489656 -0.046504576 170.83333
2.854672 2.7646451 -0.038469221 173.58095
2.8613253 2.8348629 -0.031758115 162.39999
2.8541026 2.9534602 -0.041799821 163.59167
2.865967 3.0119369 -0.05264686 162.77083
2.849822 3.1399267 -0.046703063 165.47064
2.8405275 3.2545578 -0.054488648 168.80231
2.8279822 3.3457592 -0.039370224 159.21141
2.8366067 3.4490607 -0.039218117 159.1572
2.8388212 3.5411136 -0.027695287 156.52097
2.8504012 3.6521015 -0.047383111 172.82997
2.8428981 3.7536731 -0.035303567 171.16251
2.8454485 3.8520546 -0.039952166 169.47614
2.843132 3.9687521 -0.039659761 165.575
2.845515 4.0109463 -0.05828163 163.38597
2.8262436 4.1030908 -0.04942736 156.86185
2.8418279 4.269804 -0.068703651 180.17857
2.8985517 4.3008571 -0.047266394 184.33333
2.8421195 4.4540105 -0.047138445 186.95
2.8610568 4.6074238 -0.050335176 179
2.8589811 4.9555664 -0.047712866 134.58334
2.8556674 5.0974922 -0.046005249 125.66666
2.8400819 -2.9563158 0.086366437 182.66667
2.8164809 -2.3522651 0.091358617 190.91666
2.8639944 -2.1517282 0.083378263 148.76334
2.8024309 -2.0317757 0.08994782 146.39999
2.8411238 -0.89443195 0.040417857 165.66667
2.8658171 -0.757828 0.037718296 175.26666
2.8752804 -0.65268582 0.029341213 182.33333
2.8528409 -0.56103992 0.050292972 176.01973
2.8478909 -0.43766132 0.044893079 176.60747
2.8206241 -0.34511003 0.039673526 170.07301
2.832304 -0.25923887 0.01925705 174.43538
2.8912125 -0.1830022 0.048310895 151.25
2.8263073 -0.056031823 0.033186577 149.19843
2.8603208 0.15704793 0.025446039 138.20119
2.8365247 0.27391246 0.041561905 150.11717
2.8274453 0.3582575 0.028252183 160.17667
2.8382468 0.44182447 0.043265831 146.875
2.8363736 0.53816271 0.028101224 170.7
2.8571749 0.66778255 0.014408264 168.44241
2.8697824 0.7495904 0.038650297 165.96429
2.8212192 0.82466441 0.040024307 172.24188
2.8721032 0.95384943 0.016933452 156.21136
2.8038893 1.0756192 0.028092945 179.13333
2.8524823 1.1602373 0.016316442 174.52632
2.8399868 1.2422044 0.02520467 176
2.8735311 1.8861582 0.082389459 153
2.8259735 1.9387046 0.055909205 161.5
2.8550026 2.0197935 0.032956298 147.75375
2.8757803 2.1092563 0.0035477425 162
2.8309278 2.4962268 0.00050722976 146.04546
2.8432894 2.582186 0.010874141 156.8125
2.8399172 2.6963444 0.0090348376 166.55556
2.8485789 2.7802496 0.001211339 165.5
2.8922324 3.3137808 0.0040830621 125
2.8603482 3.4553413 0.035527743 127.67105
2.8210948 3.625072 0.0072268457 163.75
2.8548727 3.7544856 0.017381785 148.66666
2.8484793 3.864346 0.014328888 142.98718
2.866997 3.97773 0.013375269 144.37038
2.8567028 4.0395479 0.044091012 142.86111
2.8415451 4.2333512 0.053839654 171.91328
2.8654346 4.3556862 0.044471279 178.45
2.8258848 4.4608793 0.085329577 156.93333
2.8262439 -2.9882658 0.19045733 120
2.8598769 -2.8824985 0.15025382 156.375
2.8230574 -2.7574992 0.11788084 182.84616
2.8893223 -2.6349809 0.12030487 171.10715
2.8470654 -2.5561635 0.16985279 171.17877
2.8591213 -2.4014204 0.16677636 165.39999
2.8939464 -2.3263383 0.19073699 157.85715
2.8170388 -2.2125115 0.1008703 189.71428
2.8793025 -2.1675718 0.17889036 152.0517
2.853904 -2.0546257 0.15292396 156.37283
2.8333213 -1.9453986 0.11570158 143.89893
2.8139942 -1.8327864 0.14683682 162.73685
2.891299 -1.7089291 0.15230459 175.95454
2.8990116 -1.6343191 0.18113437 173
2.8922911 -1.5362439 0.19718789 162
2.8254347 0.28126901 0.12827341 130.29411
2.8131919 0.91508335 0.14073271 163.92857
2.8745368 1.8700593 0.17281954 150.8793
2.878576 1.9584211 0.11173405 132.125
2.828546 3.8793969 0.11759912 140
2.8642697 -2.9116962 0.20272525 126
2.8243043 -2.7481265 0.22670548 140.66667
2.897603 -2.6381223 0.2445033 143
2.852442 -2.5497353 0.26216641 144.26785
2.8493676 -2.4465463 0.28600347 147.93939
2.8841975 -2.24231 0.23989639 171.28415
2.8922033 -2.1501334 0.24827527 174.47058
2.8887527 -2.0234067 0.22036964 159.94118
2.8562176 -1.9280885 0.25830445 159.7
2.8479955 -1.8325131 0.26961705 160.70372
2.8510425 -1.7361715 0.25185651 152.41666
2.8630922 -1.6465396 0.26170874 148.60001
2.8275023 -1.5610346 0.27583534 135.66667
2.8719742 -1.4423726 0.2070806 155
2.869729 -1.3464758 0.26971203 160.625
2.8930998 1.0300964 0.24238092 153.25
2.8988175 -2.4394412 0.32682726 132.63637
2.8239207 -2.0786247 0.35001105 165
2.8435092 -1.968039 0.32062101 159.875
2.8977549 -1.7506086 0.34693906 172
2.8301911 -1.6647124 0.35399488 159.25
2.89955 -1.5424011 0.36231601 182.25
2.8691728 -1.3380535 0.32950258 204
2.8864825 -2.1351254 0.42986786 152.33333
2.8761594 -1.9948963 0.47738671 204
2.8653085 -1.5180782 0.42721972 214
2.8949366 -1.5990603 0.55898756 190.72728
2.8767993 -1.6045175 0.61490029 188.66667
2.8771422 -1.5982925 0.60251534 190
2.9255714 -2.9568882 -0.0083029084 173.66667
2.9414077 -2.7644401 -0.064596869 112
2.9381347 -2.4451549 -0.051735867 113.5
2.9472923 -2.2959166 -0.043000385 109.5
2.9085174 -2.1509724 -0.02647062 112
2.998311 -0.51988244 -0.061507706 123.5
2.9063952 -0.41826999 -0.052794967 124
2.9720297 -0.35300326 -0.051256567 137.33333
2.9646993 -0.1988271 -0.05081027 157.33333
2.9229863 -0.07801038 -0.037542086 166.80247
2.9138622 0.03729973 -0.0028132536 170.09723
2.9477234 0.16322301 -0.039124858 170.66667
2.9632654 0.25286794 -0.0047308179 154.3889
2.9425464 0.36023748 -0.049778175 173.32858
2.9384513 0.4423188 -0.036370128 164.46439
2.9598191 0.58983237 -0.017387254 165.62776
2.9604695 0.64399624 -0.026522642 170.99396
2.9503746 0.74554664 -0.018029699 170.88321
2.977576 0.8639518 -0.016582353 160.96198
2.966393 0.9779669 -0.015978238 154.34792
2.9388633 1.0622627 -0.014394687 166.0386
2.9543228 1.1842051 -0.0081937136 163.68571
2.9041343 1.2305664 -0.002264559 170.55882
2.9512243 1.451761 -0.021710504 186.71429
2.985795 1.5793073 -0.016030256 186.46153
2.9557943 1.6491488 -0.037186801 156.45624
2.9207129 1.7436316 -0.043078654 152.10803
2.9441767 1.825727 -0.052828319 162.36986
2.9231396 1.9424807 -0.033194538 159.98547
2.9382284 2.0456588 -0.030952532 165.24464
2.9425535 2.1440411 -0.040744562 167.26389
2.9624562 2.2337518 -0.03724784 174.2
2.9406147 2.3418317 -0.034388147 166.01111
2.9490318 2.439256 -0.036199342 166.09734
2.9452934 2.5498784 -0.037377127 183.44444
2.9535511 2.6504614 -0.046518628 171.11389
2.9462731 2.7464821 -0.052819595 178.09682
2.9513862 2.8456216 -0.049853966 165.94637
2.9726529 2.9449153 -0.048699733 161.17381
2.9556081 3.0531125 -0.035071857 170.26935
2.9474819 3.1318538 -0.039705765 158.49194
2.9399064 3.2418392 -0.062844329 171.63812
2.9321594 3.3298838 -0.053039189 160.52902
2.9420903 3.4314551 -0.047228232 166.59421
2.9422069 3.5438275 -0.030268319 151.17297
2.9471459 3.62397 -0.060159635 165.19911
2.939024 3.7291808 -0.042517722 165.04758
2.9354284 3.8378072 -0.046034794 167.90837
2.9648817 3.936327 -0.049788304 174.55556
2.9593687 4.0375495 -0.039150454 167.44141
2.9406383 4.1228604 -0.054249901 171.42474
2.967541 4.2259312 -0.043709725 170.92857
2.9853768 4.3268337 -0.045699228 185.5
2.9563999 4.5661697 -0.047556181 181.91667
2.9396729 4.711257 -0.048709594 169
2.981708 5.0208178 -0.044055246 123.25
2.9510801 -3.0176086 0.072165295 184.5
2.9589708 -2.9355867 0.096037872 186.875
2.9373608 -2.8588886 0.0048339418 183.25
2.9539967 -2.7350554 0.030081764 188.16667
2.9963703 -2.609015 0.029306265 179.08333
2.9978383 -2.5260623 0.051286165 174.13333
2.9522603 -2.1408374 0.06811516 155.46613
2.9659944 -2.0474017 0.087917671 151.11539
2.9704809 -0.93533117 0.040588871 171.83334
2.9965596 -0.82224083 0.047267668 171.33333
2.9303627 -0.64221108 0.040479571 170.6389
2.9404042 -0.54038757 0.033931658 167.4762
2.9568818 -0.45462719 0.043719854 163.84723
2.9213283 -0.35788029 0.040686674 174.4015
2.9439909 -0.26523548 0.034013789 173.17613
2.9079905 -0.1488546 0.013576451 173.39024
2.9806614 0.096402258 0.0074268142 147.83333
2.9415722 0.14548281 0.035965189 148.25139
2.9309652 0.23704101 0.059893765 141.70177
2.9323626 0.36160156 0.049961794 170.1111
2.9333236 0.44953245 0.022220671 170.9622
2.9405029 0.54994541 0.024465395 167.41043
2.9668596 0.64694911 0.028727049 171.1111
2.9401884 0.771218 0.035680979 170.02499
2.9323225 0.83374918 0.024715206 160.88095
2.941802 0.96384805 0.01510301 174.48
2.996891 1.0393318 0.008665395 168.58621
2.9480577 1.143343 0.0091359792 169.04796
2.9748764 1.2529336 0.010356897 168.8
2.9081149 2.054714 0.038216982 127.2
2.939137 2.5903015 0.0078197476 152.95833
2.9333091 2.6809096 0.014010359 164.875
2.9442611 2.7819583 0.0069397828 165.5
2.9725289 3.0711584 0.055549242 118
2.9596252 3.1078267 0.051348936 123.5062
2.9809289 3.2781909 0.00018629014 119
2.9739752 3.3839345 0.02874103 146
2.9932404 3.4276443 0.001812081 119
2.9300022 3.6414313 0.0017923662 142.66667
2.9425697 3.7579057 0.035410155 130.66667
2.9718962 3.8444617 0.020659406 121.33334
2.9383187 3.9505436 0.011406799 146.46478
2.9372139 4.0539165 0.020460775 155.70412
2.9143078 4.1770716 0.036601253 166.66087
2.9546967 4.2673407 0.041217968 176.52631
2.9576685 4.3810101 0.032884084 182.06667
2.9670553 4.4647474 0.052352581 169.83334
2.9601803 -3.0220332 0.18995674 124.33334
2.9852064 -2.954942 0.19010065 132
2.9331186 -2.8261249 0.11603418 183.375
2.9055099 -2.755724 0.10763179 179.14285
2.9718168 -2.6325207 0.10689376 169.76923
2.9557116 -2.5213387 0.13288411 163.2
2.9836471 -2.4513118 0.17939487 153.88799
2.9846871 -2.3113637 0.17659242 173.63637
2.9613616 -2.2533567 0.1609903 166.89999
2.9312847 -2.1461508 0.18848795 155.13736
2.9624295 -2.0114715 0.14590935 162.5
2.9384005 -1.9579563 0.1600782 152.125
2.9211357 -1.8647505 0.12483972 146.79285
2.9953139 -1.7078056 0.15055153 177
2.98876 -1.6271636 0.18107091 170.89999
2.9829533 -1.5257316 0.19889916 159
2.9099412 -1.0013375 0.18611415 210.66667
2.9502358 0.23839311 0.15197054 134.60785
2.9468942 1.06849 0.16474992 143.84119
2.9940593 1.1007701 0.11676954 136.5
2.944222 3.4510651 0.12531303 131.08087
2.9828937 -2.9556072 0.20105387 126
2.9177046 -2.8028142 0.22419529 133.5
2.9400036 -2.7593558 0.22662704 136
2.9492023 -2.6852963 0.24155714 145.25
2.9552507 -2.5574808 0.26973805 151.125
2.9309866 -2.441041 0.27446321 147.03984
2.9663265 -2.3670855 0.25209561 161.75871
2.9645863 -2.2542508 0.25760731 172.47021
2.990773 -2.1273158 0.26012212 165.13266
2.9578707 -2.0312006 0.22277531 152.61282
2.9533396 -1.9369789 0.22728975 156.85637
2.9329112 -1.8197025 0.24955112 146.28572
2.958456 -1.6189233 0.26481023 150.39999
2.9345956 -1.5342913 0.28007254 139.33333
2.9420934 -1.4317113 0.25095466 140.5
2.9719398 -1.3105289 0.24400748 195.625
2.9892428 -2.3118491 0.33360353 160.33333
2.958555 -2.1338933 0.34348843 148.91072
2.9438083 -2.0413907 0.34005159 159.68056
2.9562986 -1.8329794 0.35967872 170
2.9670961 -1.6423877 0.36336023 177.625
2.9906833 -1.4307826 0.37831789 213
2.9921417 -1.325479 0.3437447 204.47916
2.9944582 -2.2497706 0.46689925 131.3125
2.9276309 -1.597589 0.4736639 191.41176
2.9763398 -1.4415863 0.44108197 211.33333
2.9599903 -1.5585588 0.55123913 187.63333
2.9607904 -1.4487422 0.50267005 210
3.0140018 2.1080964 -0.12502363 136
3.0342169 -2.9968729 -0.019894816 172.5
3.0336509 -2.895313 -0.00042932609 185
3.0140209 -2.4530196 -0.055056114 110
3.0572255 -0.4451386 -0.059175234 131.33333
3.0540628 -0.27152869 -0.046203472 157
3.0388026 -0.14120393 -0.051726323 177.60001
3.020772 -0.030957602 -0.05671693 181.8
3.0802407 0.095755756 -0.0040470194 152.08235
3.0661943 0.18614608 -0.047720704 187.33333
3.0222876 0.26445252 -0.053091142 187.33334
3.0608072 0.34757465 -0.049886025 187.63335
3.0544479 0.45216653 -0.0211442 163.99146
3.0210719 0.52952105 -0.019122658 161.43672
3.0608594 0.65928745 -0.024218308 163.91115
3.0420411 0.75293028 -0.028320145 168.69098
3.0727241 0.88490176 -0.034776047 146.77966
3.0404062 0.94827467 -0.023861632 160.50833
3.0437081 1.0577652 -0.023529442 149.44
3.0451946 1.1663707 -0.021827152 152.94446
3.0131285 1.2984152 -0.024029292 168.25
3.0186722 1.3982496 -0.026765488 184.8
3.0539765 1.671399 -0.050804239 163.06514
3.0347683 1.7620645 -0.046694387 167.07307
3.0377202 1.8745047 -0.05411692 166.81599
3.03001 1.97096 -0.036591668 165.94514
3.0267038 2.0768685 -0.040570997 171.31116
3.062355 2.1637514 -0.04711815 170.793
3.0551739 2.271697 -0.037563533 167.44257
3.0564458 2.3597372 -0.041584831 174.25206
3.0287874 2.4570663 -0.04709322 169.04854
3.0485437 2.5435114 -0.049572237 161.108
3.0594645 2.6485512 -0.040229663 164.54814
3.04583 2.7407937 -0.05155443 171.2262
3.0612364 2.8441978 -0.047508094 169.88094
3.0603161 2.9468224 -0.04583 170.14362
3.0627327 3.048512 -0.036564711 158.00034
3.0419738 3.1517732 -0.030597579 182.66634
3.0552156 3.2332335 -0.024872283 165.55521
3.0520647 3.3437698 -0.029079368 174.60068
3.0522571 3.440927 -0.027919482 159.94772
3.0338535 3.5288668 -0.042250022 155.78873
3.0579736 3.6524546 -0.038023327 150.88429
3.0473008 3.7412186 -0.038442697 150.74597
3.0415196 3.8326631 -0.040611669 165.36942
3.0531814 3.9419975 -0.037999362 162.33177
3.0595398 4.0464849 -0.034019299 165.7094
3.0572603 4.1494927 -0.048054658 167.08334
3.0539556 4.2346973 -0.042991854 172.33333
3.062077 4.4020896 -0.041250084 171.39999
3.042377 4.6524277 -0.039794844 157
3.0127397 4.8075895 -0.04678807 157.66667
3.0681117 -2.9486141 0.094444163 187.77777
3.0325987 -2.8312316 0.0082929675 186
3.0284324 -2.744983 0.031526532 187.82143
3.0537715 -2.6303875 0.069092944 174.54091
3.0354798 -2.4604452 0.040135846 169.52455
3.0566025 -2.3415687 0.063340485 158.6515
3.0626831 -2.2915936 0.056421924 153.64493
3.0240777 -2.1513433 0.044504568 158.25339
3.007637 -2.0249999 0.090451047 148.68965
3.0196798 -0.73372167 0.043568641 179.8
3.0438709 -0.62419981 0.03375278 163.72221
3.0606761 -0.5393638 0.033230428 177.0619
3.0287731 -0.45579532 0.040119205 183.76785
3.0522802 -0.34972775 0.031372491 177.46031
3.0433226 -0.26786622 0.027203452 180.70001
3.0337448 -0.1599427 0.027801171 181.5
3.0644042 -0.045354903 0.030549202 182.23189
3.0314827 0.056103658 0.05389718 146.06429
3.0467763 0.14998649 0.011769531 165.82693
3.0466094 0.24500142 0.032855004 152.75206
3.0327215 0.35271782 0.022320116 157.00793
3.0618203 0.44240084 0.011138848 156.56746
3.0228109 0.55945891 0.066031322 176.87878
3.0692849 0.67208195 0.016591154 170.625
3.04439 0.75804245 0.030415343 172.92084
3.0790596 0.85669065 0.014916929 166.02658
3.0368736 0.9497214 0.014092281 159.45
3.0466077 1.1170875 0.059056122 148.53986
3.056283 1.237448 0.013936996 165.76811
3.0999994 1.670671 0.016381744 184
3.0405874 2.5855837 0.0067074914 149.13043
3.0381463 2.6845973 0.013038766 163.92857
3.0393183 2.7686143 0.012157628 166.57143
3.0487845 3.078742 0.053561341 145.91666
3.047992 3.1002061 0.075482793 123.90476
3.0152764 3.2883766 0.00050284126 185.14285
3.0409398 3.5912004 0.00058947952 159.7
3.0258963 3.6346519 0.010070212 130.33334
3.0152256 3.7992563 0.014455079 118
3.0594089 3.8116841 0.01267728 113
3.0324187 3.9671454 0.021962348 147.36667
3.0492651 4.0505147 0.028038351 147.81618
3.0440447 4.1457162 0.031629499 157.93785
3.0481923 4.2327709 0.028861964 176.54622
3.078707 4.3294191 0.040452629 181.11111
3.0579123 4.4354935 0.04672556 175.8
3.0663552 4.5241361 0.050733808 164.8125
3.0574651 4.8285036 0.043770704 169.875
3.0222981 -2.8155441 0.10514569 180.39999
3.0491636 -2.7046402 0.11155242 173.90244
3.0590928 -2.5438101 0.12497201 157.10129
3.0755565 -2.4571512 0.1381388 162.31081
3.0755248 -2.3675604 0.18448523 165.63316
3.0414438 -2.2580473 0.19329016 174.11829
3.04477 -2.1596098 0.16958946 156.53735
3.0365145 -2.056246 0.18208472 163.97917
3.0388963 -1.9595916 0.13522856 153.74794
3.0256345 -1.823045 0.12000751 153.06667
3.0342195 -1.7461913 0.14366606 171.14166
3.0614736 -1.6223125 0.17773849 169.14285
3.0589566 -0.97483093 0.18532251 212.14285
3.0504634 0.18876852 0.10516087 112
3.0336757 0.21819808 0.13912132 129.08557
3.0804448 0.62866038 0.18522364 157
3.0085218 3.4426019 0.14419402 131.81667
3.0196786 -2.8480144 0.21905667 134.75
3.0063729 -2.7085006 0.24446307 141.39999
3.0731275 -2.6943767 0.23992464 152
3.0538549 -2.5590317 0.2715801 163.57143
3.0096276 -2.4721231 0.26043552 170.89999
3.0601895 -2.3253932 0.26154667 170.72668
3.0554326 -2.230253 0.24921997 166.66614
3.0581317 -2.1292229 0.24940768 170.972
3.0614312 -2.0483334 0.26046184 168.16855
3.0603325 -1.9306593 0.22197039 167.6174
3.0468948 -1.8592464 0.24147965 159.3069
3.0340929 -1.7529163 0.25901452 150.80127
3.0632708 -1.5568165 0.23819219 151.625
3.0588965 -1.4573699 0.24978478 144.625
3.0928192 -1.2912883 0.26064566 197.03571
3.0493281 -2.2280071 0.38554743 132.7381
3.0573401 -2.1452715 0.34052351 138.39854
3.0291154 -2.0333016 0.32719225 184.09091
3.0862386 -1.9412103 0.36257657 174
3.052212 -1.7515817 0.34798658 179.59091
3.0600615 -1.6210887 0.37817574 180.63126
3.0229077 -1.4967129 0.36376175 184.33333
3.0181441 -1.3425211 0.30580822 131
3.0455792 -2.2220302 0.43516895 125.55556
3.023603 -1.5589842 0.46968412 189.5
3.0286357 -1.5394207 0.58800858 186.88235
3.138402 2.0240042 -0.13097833 137.5
3.1075528 2.1888468 -0.12033448 153.39999
3.1870863 2.5840456 -0.10113903 120
3.1632121 3.6980865 -0.10176865 144.7612
3.1626041 -3.0472517 -0.029457295 169
3.1529524 -2.9849789 -0.019085139 173.66667
3.1385412 -2.8910277 -0.0025809351 183.5
3.141912 -0.55061048 -0.048183378 125.33334
3.1322856 -0.34980702 -0.051937647 152.25
3.156388 -0.23911247 -0.050528008 175.875
3.1939204 -0.1325464 -0.041339636 187.83333
3.1614883 -0.046086036 -0.03020389 185.07143
3.1558332 0.05632332 -0.027384747 173.35977
3.1477425 0.26829559 -0.035019077 176.04167
3.1486542 0.35646692 -0.051909275 183.75
3.1218767 0.49793971 -0.050159309 161.85088
3.1466024 0.55784345 -0.025455374 161.53021
3.1566238 0.64717221 -0.028449271 163.1476
3.1668653 0.75161934 -0.014221415 154.65833
3.1628246 0.8854056 -0.028277291 132.17999
3.160203 0.97876877 -0.019915443 147.28413
3.1544523 1.0702442 -0.02127827 153.02516
3.1715298 1.184395 -0.043759126 146.25
3.1271675 1.2927412 -0.022382885 166.33333
3.1543937 1.3459204 -0.037747577 174.15625
3.1388097 1.4524127 -0.027866533 175.14951
3.1527274 1.5582509 -0.028792601 174.49881
3.1644416 1.6543036 -0.024498355 177.12128
3.1507418 1.7437828 -0.044364464 169.74873
3.1409199 1.8522583 -0.05409348 161.16197
3.1509001 1.9583153 -0.053173877 170.0135
3.1474953 2.0520744 -0.054497242 168.38669
3.1499827 2.1373689 -0.036323719 168.35417
3.1665001 2.2432888 -0.029432984 174.15833
3.1776264 2.3478127 -0.045777511 162.69301
3.1467595 2.4487274 -0.037174951 165.90184
3.1494999 2.5528617 -0.053041991 173.96764
3.1534233 2.6440043 -0.050937437 168.33797
3.1628015 2.7499237 -0.05177914 167.60695
3.1618607 2.8393099 -0.050498925 173.68004
3.1663096 2.9351425 -0.051746879 176.42708
3.1412201 3.0320396 -0.044403732 160.3745
3.1393023 3.1404185 -0.047025494 182.89583
3.1413846 3.236156 -0.036169693 184.621
3.1560965 3.3717728 -0.01367533 149.5098
3.1568177 3.444679 -0.04348987 172.56779
3.1383245 3.5517666 -0.041256864 153.68716
3.147845 3.6425986 -0.0386214 160.72453
3.1523397 3.7497973 -0.051138207 166.04352
3.1335289 3.8456917 -0.061235178 167.4637
3.1443772 3.9540324 -0.050375216 166.71959
3.1576242 4.0323205 -0.030089211 153.70277
3.1539323 4.1485825 -0.0360348 152.39795
3.1694794 4.2409143 -0.047312409 167.66667
3.152396 4.3487706 -0.060378302 177.22223
3.1717548 4.4725533 -0.0493659 164
3.1661372 4.7785978 -0.034572519 142.5
3.1565726 -2.9712408 0.089959309 187.66667
3.1395302 -2.7561646 0.026089802 188.125
3.1311557 -2.6383142 0.050341934 178.61874
3.1488171 -2.5297647 0.053860687 175.35715
3.1917248 -2.4758477 0.038825545 170.1875
3.1460536 -2.3575299 0.075058542 162.50443
3.1638112 -2.2860548 0.061031114 159.28
3.1521561 -2.187413 0.045763735 157.36111
3.1051521 -0.95261002 0.044087298 170.66667
3.1172013 -0.83144575 0.047625378 171
3.1294203 -0.72471112 0.045551572 180.2
3.1696472 -0.63662612 0.034567811 155.5
3.1301148 -0.52289176 0.047129892 185.35715
3.1352797 -0.42994344 0.029054731 175.69583
3.1454508 -0.33354801 0.025766559 179.41255
3.1381364 -0.23231257 0.029432951 181.3629
3.1301215 -0.16511476 0.027955245 181.27025
3.1595042 -0.051441453 0.021045186 183.20833
3.1282253 0.022754675 0.02585135 186.16667
3.1449351 0.15990715 0.016200766 170.35049
3.1449256 0.28928649 0.001531942 151.21153
3.139365 0.35969302 0.035466772 164.80247
3.1542783 0.47353119 0.052394722 179.60294
3.1402571 0.59700936 0.017776702 176
3.1206388 0.67857474 0.03779532 166.58572
3.1538265 0.75230032 0.04349177 160.22946
3.1762021 0.85477597 0.011584133 157.36363
3.1644154 0.90383559 0.0095499204 169.24138
3.1415305 1.0555885 0.023796313 165.34445
3.1266854 1.191215 0.0016998736 164.76923
3.1179149 1.2625785 0.0091125881 162.25
3.1985209 1.3726283 0.06966839 143.16667
3.1789472 1.4211344 0.039567057 132.80952
3.1897678 1.5356474 0.085159697 158
3.1855218 1.8873048 0.0086386362 170.66667
3.136487 2.5806489 0.0060621956 149.17392
3.1475127 2.6651857 0.016232744 164.16667
3.1375918 2.7689595 0.01031159 168
3.1645103 2.9719789 0.00095785066 149.33333
3.1461856 3.0707622 0.070916735 165
3.1382837 3.134382 0.041950878 140.9375
3.1459923 3.3579705 0.060622711 140.25
3.1326942 3.4221237 0.044127446 162.5
3.1562865 3.5432851 0.025044622 150.59999
3.1187668 3.6244173 0.070755683 131.36111
3.1128032 3.8268385 0.0090489415 110
3.1203232 4.221077 0.0079890098 183.5
3.1074543 4.3050909 0.0095807929 188.33333
3.1075675 4.418129 0.084013015 167.14285
3.1112292 4.513371 0.083950847 155
3.1188812 4.6302795 0.09587574 136.33333
3.1065159 -2.9812443 0.19930762 127.66666
3.1378968 -2.8451452 0.10364822 181.86957
3.1991205 -2.6981721 0.11253488 173.5238
3.1650808 -2.5545394 0.12871464 161.50847
3.1451344 -2.4566255 0.15682723 177.51923
3.1649909 -2.2719851 0.13984965 156.99147
3.1516068 -2.1704376 0.16947798 145.35294
3.1277564 -2.0806062 0.17601773 158.53847
3.1978674 -1.9618837 0.18800128 170.75862
3.1937263 0.42594418 0.10720385 169
3.1864362 0.66113204 0.16274047 158.7619
3.1597214 0.7451027 0.12239444 120
3.1517003 0.83539534 0.18824461 167
3.1887715 1.5287439 0.11904432 165.89999
3.166255 3.5831676 0.10855015 123.5
3.1280019 -2.8703845 0.22167921 135
3.1265476 -2.7420251 0.24097519 146.47501
3.1808701 -2.619849 0.25245821 168
3.164932 -2.573338 0.26965511 170.125
3.1487894 -2.4912274 0.25795016 176.44118
3.1609156 -2.3468673 0.24591464 168.0016
3.179563 -2.2441752 0.24539877 163.27647
3.141876 -2.1303461 0.25739497 169.81143
3.1410384 -2.0042043 0.23791254 177.72223
3.1630561 -1.9171501 0.23558868 172.13571
3.1341758 -1.846275 0.24051635 160.11823
3.1454134 -1.7512497 0.27762008 165.54166
3.1249688 -1.6643606 0.26524389 155
3.1709154 0.77537668 0.22870901 148
3.1871555 0.91570681 0.22253978 130
3.1793349 -2.1592731 0.32513794 141.12704
3.1777067 -1.9696494 0.31546137 182.85715
3.1650083 -1.8604995 0.34351772 177.64409
3.1444736 -1.7489961 0.35971919 175.55
3.1756158 -1.5577099 0.36964023 175.66666
3.1356328 -1.4253879 0.38022467 203
3.1077785 -1.2978657 0.33724904 204.39999
3.1586449 -2.1644614 0.45435071 142.375
3.1319973 -1.5533934 0.44101647 185.67084
3.1156011 -1.4275845 0.45086509 212
3.126323 -1.5489775 0.59908593 186.29167
3.1017511 -1.4586601 0.52782249 210.60001
3.2058051 2.0999975 -0.12911485 155.66667
3.241452 2.1412911 -0.13143906 166
3.2197165 2.2856042 -0.11453556 170.75
3.2254951 3.2881997 -0.10218892 178.2
3.2286384 3.8308735 -0.10229791 149.98592
3.2702746 -2.972991 -0.013538608 169.75
3.2466202 -0.63993484 -0.046330065 125.5
3.2765083 -0.5735774 -0.045961697 134.5
3.2201552 -0.42145008 -0.044552151 153
3.2751861 -0.33097166 -0.045266431 172.8
3.2596343 -0.18819636 -0.043237563 186.75
3.2841971 -0.042496487 -0.050844811 181.6875
3.2309356 0.052991323 -0.032016765 173.60707
3.2748077 0.16554315 -0.046715654 178.19048
3.2985725 0.22845778 -0.022590915 146.375
3.2665598 0.35824168 -0.042111009 170.21603
3.2285852 0.45426545 -0.028213747 162.49187
3.2636566 0.53976679 -0.039733823 144.74883
3.2441399 0.64376134 -0.03982329 149.84056
3.257277 0.74127215 -0.034525041 154.36328
3.2562435 0.83674729 -0.034006894 165.11041
3.2911716 0.97413945 -0.034165576 161.81651
3.2843659 1.0336503 -0.019382134 179.64705
3.2371275 1.1341341 -0.012106609 177.43939
3.2217219 1.2579267 -0.043491665 151.89595
3.2474639 1.3791775 -0.065234341 146.33333
3.2598393 1.4599077 -0.039637197 163.52614
3.2846758 1.5439247 -0.041755125 171.0331
3.284735 1.6667995 -0.023262814 178.51375
3.2649395 1.7627815 -0.046841264 178.23889
3.2286694 1.8518281 -0.069808722 177.28435
3.258781 1.9379182 -0.059809048 173.85141
3.2586889 2.0353765 -0.05402163 165.17082
3.257638 2.1466908 -0.027337758 149.53374
3.2765641 2.2370949 -0.025410615 151.78305
3.2544384 2.3535788 -0.038518339 164.79941
3.2561808 2.4390986 -0.040036578 163.94319
3.2496512 2.5414701 -0.044814583 173.3158
3.2567627 2.6479974 -0.048947044 173.68607
3.2470331 2.7490399 -0.049701128 171.10478
3.2524416 2.8496375 -0.052069172 179.98615
3.2512438 2.9417522 -0.046663925 172.19261
3.2460144 3.050601 -0.044911023 168.42862
3.2486947 3.1467292 -0.052099273 176.08751
3.2571964 3.2322228 -0.043951526 182.26358
3.2356174 3.3468902 -0.043598108 166.48932
3.2636628 3.4599826 -0.048186779 157.79648
3.2351182 3.5541532 -0.04916767 152.28931
3.2492042 3.6464462 -0.047511362 160.02505
3.23684 3.7411015 -0.055114765 161.35747
3.248275 3.8340256 -0.04055224 161.87831
3.2465758 3.9499748 -0.062098224 157.03505
3.2512047 4.0477366 -0.040250383 148.01256
3.2310922 4.1393981 -0.049090844 164.3889
3.2625241 4.2663612 -0.054848529 162.54167
3.2459567 4.3921962 -0.052860215 160
3.2751451 4.5376854 -0.050845671 146.5
3.2638783 -2.940568 0.091419749 186.77777
3.2380869 -2.8682399 0.00013590165 183.39999
3.2352796 -2.7728395 0.062015645 184.16666
3.2281783 -2.6464245 0.078294568 171.33846
3.2956235 -2.5730219 0.036981739 180.90909
3.2875016 -2.4648969 0.048086096 174.25
3.2637172 -2.3887691 0.04713488 165.81818
3.253886 -2.2640975 0.077966399 156.19444
3.2570586 -2.1796751 0.086020783 156.33679
3.2414572 -0.90022129 0.04367042 169
3.2374969 -0.81235135 0.048073582 171.5
3.2352364 -0.70848978 0.045619193 182.39999
3.2404416 -0.55101353 0.030460605 154.73738
3.2547216 -0.4468016 0.034640651 173.39514
3.2571189 -0.35574517 0.033985667 176.24445
3.239747 -0.25640893 0.021340394 182.07893
3.2315152 -0.14312214 0.023095433 176.3667
3.2487042 -0.055487644 0.016114999 176.58414
3.250273 0.030148569 0.012128441 176.32477
3.2404044 0.14566587 0.0083536245 172.12672
3.2602654 0.21972556 0.0082747675 158.76315
3.2473769 0.33942151 0.031493329 139.44652
3.2163606 0.49676687 0.018542197 171.63637
3.2956927 0.54854512 0.083101563 187.5
3.2881901 0.60623896 0.019757044 173.23077
3.262388 0.75720799 0.044950854 176.16667
3.2548764 0.84152246 0.031078441 155.41946
3.2525952 0.94089574 0.016661948 164.56645
3.2615848 1.048054 0.014906895 165.53912
3.2121475 1.2534738 0.0009731896 163.42412
3.2681279 1.3235296 0.0045619742 163.62573
3.2118139 1.4458177 0.019549362 172.75
3.2603965 1.558285 0.016999753 155.79166
3.2156343 1.6602569 0.029254014 160.34616
3.2458534 1.7326115 0.028558075 162.90079
3.2799468 1.8530022 0.0077794339 171.02499
3.254483 1.960174 0.084846117 148.33334
3.2326241 2.5714571 0.0068208091 153.04347
3.2329805 2.6888943 0.011638059 168.3
3.2425239 2.7537947 0.010521589 168.5
3.2736566 3.1986756 0.0026423212 146
3.213666 3.2356629 0.010223842 154.2
3.2560887 3.4493911 0.017114643 165.33929
3.2736454 3.5629084 0.018734653 152.69609
3.2830465 3.6254032 0.005918182 163.10001
3.2703855 3.7230945 0.007201774 152.57143
3.2950788 3.8045745 0.0080916798 154
3.2227385 -3.2350788 0.17131564 130.75
3.2497249 -3.1418242 0.18421912 141.75
3.2969909 -3.0616419 0.19481568 158.71428
3.242739 -2.8526874 0.10671324 182.53847
3.2273552 -2.7689848 0.10515071 178.31818
3.2505951 -2.6388805 0.13738203 177.60001
3.2395558 -2.527632 0.14630821 171.1008
3.2013516 -2.457288 0.10406888 161.10345
3.2459731 -2.3478758 0.14264792 150.00412
3.2648513 -2.2552791 0.16394736 138.31047
3.2489722 -2.1482763 0.17926538 143.1875
3.2275589 -2.0385058 0.16861597 162.75
3.2531075 0.21250431 0.12816082 144
3.2334244 0.73711699 0.11343094 180
3.2093289 1.3257672 0.14440808 146.06061
3.2305481 1.9329143 0.13373417 130.07312
3.2691753 3.5439773 0.14433241 138.05983
3.2325063 -2.983218 0.20530805 129
3.239181 -2.8738711 0.22589806 135.5
3.2462857 -2.7705047 0.24209996 147.2
3.2398336 -2.646317 0.25750852 167.3125
3.2973146 -2.5415392 0.27740937 176.19643
3.2662423 -2.4531767 0.23286019 182.30556
3.2545404 -2.342334 0.25087303 159.77939
3.2762117 -2.2609022 0.24091259 157.36018
3.2406404 -2.1183641 0.23469822 157.15741
3.2840652 -2.0770986 0.26826158 152.14211
3.2557232 -1.9337429 0.24740836 170.60893
3.228116 -1.8429276 0.2505202 162.08253
3.2299221 -1.7255468 0.28065476 167.58334
3.2597148 -1.6285602 0.28656656 169.875
3.262238 -1.5235447 0.28677613 144.75
3.2738497 -1.4258333 0.29266456 139
3.2234836 0.84103441 0.20826831 153.5
3.222172 0.95497137 0.22628076 124.41666
3.2906535 -2.2224381 0.31580335 143.18182
3.2586801 -2.1791084 0.33253196 142.80513
3.2474163 -2.0578234 0.3160634 165.57468
3.2951725 -1.9487357 0.32644758 173.68146
3.2569611 -1.8397002 0.35601532 172.32568
3.2631404 -1.7000732 0.35461071 185.14285
3.2189493 -1.6734331 0.37209362 177.80264
3.2903881 -1.549861 0.37444511 175.875
3.2747869 -1.4507337 0.37770733 173
3.2737701 -1.3721801 0.33401603 159.3889
3.2909267 -1.247164 0.32512653 130
3.2020934 -2.1917019 0.42302591 144.88
3.2452745 -1.544093 0.44543815 185.71608
3.2482746 -1.414481 0.45224938 213.375
3.2240188 -1.5400991 0.58328092 186.48
3.2279375 -1.4536104 0.54427844 211.25
3.3028908 2.2480361 -0.11997242 174.375
3.3552139 2.3383372 -0.11090004 180.825
3.3997707 2.4161339 -0.1011894 187.2
3.3679721 3.752897 -0.10502193 158.89896
3.3532698 3.8656087 -0.11034124 159.25397
3.3025644 -3.0828805 -0.036518931 157
3.3849421 -2.9431596 -0.0051340843 165.66667
3.3304224 -0.45324951 -0.042388506 158.875
3.3998253 -0.34187797 -0.033897396 179.8
3.3456531 -0.2474335 -0.035512999 187
3.3475361 -0.12910596 -0.039614335 184.125
3.3581605 -0.063942239 -0.063944168 180.75
3.3538246 0.048147291 -0.039902557 175.95689
3.3345835 0.16484636 -0.04435103 170.4184
3.3450141 0.26138982 -0.037046868 161.87964
3.36218 0.3541753 -0.045810744 162.34523
3.3526115 0.45289442 -0.022808349 162.9895
3.3628418 0.54922312 -0.035368908 151.29674
3.3672736 0.64181751 -0.016429005 157.65308
3.3890824 0.75887978 -0.013120612 158
3.357523 0.84613943 -0.012916486 174.5
3.3330154 0.9608801 -0.036578037 180.56207
3.3494158 1.0580184 -0.052995782 181.64636
3.3296387 1.1469599 -0.047844376 163.95833
3.3681285 1.2421011 -0.034302693 164.17686
3.3608146 1.3552166 -0.046370938 164.69028
3.3634672 1.4504466 -0.038489807 172.01003
3.3644702 1.5515246 -0.041873317 168.50397
3.3506546 1.649429 -0.044844523 169.42899
3.3643591 1.7438989 -0.053956494 173.31529
3.3382423 1.8431106 -0.069774508 175.57274
3.3303115 1.951249 -0.072626851 167.80188
3.3495708 2.0615432 -0.056154072 159.42549
3.367979 2.127563 -0.046137452 154.13809
3.353431 2.2430961 -0.037526116 158.87459
3.3523142 2.3408985 -0.047611259 147.99641
3.3593681 2.4457428 -0.059301425 156.75903
3.3494353 2.5475125 -0.064054154 164.25079
3.3481736 2.64921 -0.054607216 168.41693
3.3532572 2.7523215 -0.051459614 164.73155
3.3587329 2.8512485 -0.045006085 166.61827
3.3324683 2.9440494 -0.044874113 162.55556
3.3449776 3.0402458 -0.051823467 158.92024
3.3659654 3.1495774 -0.05852294 170.06381
3.3447146 3.2488818 -0.044552047 172.56494
3.3315506 3.3471804 -0.058338873 156.3483
3.3526738 3.4512556 -0.054233514 156.1214
3.3520508 3.544534 -0.036570713 163.14198
3.3484859 3.6748857 -0.04758874 156.88705
3.3377557 3.7695825 -0.043572873 158.39168
3.3430297 3.8467658 -0.047253303 153.84541
3.3341248 3.9443815 -0.055766348 153.40384
3.3467717 4.0556879 -0.040193193 154.16469
3.3369107 4.160769 -0.034384679 164.04951
3.3685989 4.244524 -0.0040758327 185.09525
3.3543615 4.3236275 -0.033851054 166.875
3.3546059 4.4401398 -0.037703309 163.12666
3.3427262 4.57969 -0.049085576 139.5
3.3601007 -2.9185255 0.092786022 186.25
3.345 -2.857924 0.0036467733 181.39999
3.3184347 -2.754792 0.060493108 183.92857
3.32234 -2.6473875 0.044136588 185.33333
3.3860002 -2.5594516 0.052310862 183.52942
3.3805294 -2.4348998 0.0682512 178.01819
3.3682313 -2.2576892 0.064642802 168
3.3438053 -2.166393 0.087325819 163.64706
3.3629584 -0.85728508 0.045567323 168
3.3506408 -0.78398067 0.046135578 174
3.3402784 -0.64564449 0.034678839 158.41666
3.3498738 -0.53174144 0.018257638 146
3.364645 -0.43975076 0.04239687 177.33333
3.358252 -0.34477457 0.024150763 180.7375
3.3384714 -0.27503291 0.03127775 173.66666
3.345777 -0.19039688 0.0186 177.23245
3.360033 -0.040436052 0.01051126 175.23398
3.3290808 0.035647999 0.099399671 129
3.3274565 0.14934725 0.048314292 151.43333
3.3464112 0.24520434 0.020273056 164.96121
3.3345654 0.33935478 0.023561385 165.60834
3.3139215 0.44697452 0.05375744 165.33391
3.388273 0.54876566 0.029093938 172.2
3.3742213 0.74606669 0.0092034508 159.75403
3.3818657 0.82167512 0.0086609107 160.80423
3.3412795 0.92461169 0.016588302 169.75804
3.3739293 1.0097899 0.015297845 163.33333
3.3115804 1.2967962 0.0045108744 164.92546
3.3670812 1.4863017 0.015356987 155.60001
3.353898 1.6303077 0.034124266 153.64
3.3422835 1.7842093 0.022623196 163.57143
3.341033 1.8662509 0.015236331 173.33334
3.3443611 2.4520249 0.026510581 161.34782
3.3590031 2.5483794 0.039581761 160.91177
3.3308706 2.6611247 0.010258712 169.375
3.3348498 3.1624074 0.00073721976 146.8
3.3303254 3.369168 0.079671651 122
3.3427384 3.4635441 0.023107652 150.73828
3.318032 3.5478561 0.040762123 139.20834
3.3875196 3.6036172 0.017011186 154.63333
3.3489201 3.7532876 0.0056139347 161.2639
3.3965528 3.8068652 0.0019759894 162.2
3.3416071 4.2476301 0.0033119519 120.5
3.3548431 4.4783645 0.0026539783 183
3.3242662 -3.2604139 0.16851699 135
3.3352392 -3.1980085 0.17217901 139.75
3.3598945 -2.9276588 0.18943469 174.81166
3.3503759 -2.8210824 0.10964761 182.81818
3.3463943 -2.7478387 0.15396139 160.46667
3.3951962 -2.4130702 0.19554219 164.32787
3.3259697 -2.3769071 0.1684062 168
3.3812392 -2.247824 0.16964982 139.19556
3.3746188 -2.1249273 0.17023289 152.75
3.3152869 -2.0084107 0.18634255 171.17647
3.3529658 -0.17124085 0.16668782 124.5
3.3703029 0.20828928 0.10011148 135.35001
3.374717 1.7896469 0.17542559 144
3.3663633 3.4913015 0.16385977 134
3.3866355 3.5017903 0.10311829 127.5
3.3480525 -2.866595 0.23057425 138
3.3672299 -2.7779317 0.22352648 153.91667
3.3756273 -2.66853 0.2321734 155.46111
3.3451085 -2.4526501 0.29178643 172.19318
3.3491457 -2.3496506 0.2137617 159.93222
3.3612077 -2.2525492 0.25307715 163.15929
3.3258352 -2.1174784 0.24938293 165.11508
3.347564 -2.035675 0.27592921 180.3739
3.3140929 -1.9192007 0.27192312 188.33333
3.32656 -1.8278744 0.28335708 190
3.3964179 -1.7807404 0.28351188 138
3.3263049 2.3592446 0.20265538 147
3.3781493 -2.3610976 0.30365247 153.80952
3.3668921 -2.171804 0.31509212 153.18446
3.3425398 -2.0575337 0.31393546 169.78333
3.35022 -1.9472394 0.32616103 167.86205
3.3324943 -1.8566457 0.35180649 178.0365
3.3339009 -1.7391356 0.3737509 176.35339
3.3122349 -1.0780516 0.32908347 208
3.3705034 -1.682116 0.4223237 176.3
3.3304963 -1.5591205 0.4533574 184.58704
3.372725 -1.3926002 0.49018112 213.5
3.3210487 -1.5204946 0.59543473 186.93333
3.3531003 -1.4164304 0.56314015 211.625
3.4534438 1.6710528 -0.11933949 138.42593
3.4363737 1.9409928 -0.10822505 162.82143
3.4846883 2.135916 -0.10734208 161.20755
3.475404 2.2551277 -0.11633142 173
3.4645016 2.4314795 -0.10316759 180.09914
3.4996865 2.5096323 -0.10409568 182.2
3.4932215 3.0483656 -0.12085634 187.75
3.4833944 3.1403534 -0.1177947 182.90909
3.4948516 3.2863834 -0.13477054 174.59459
3.4759462 3.3859012 -0.13105743 166.89655
3.4604714 3.4838595 -0.11990666 162.72549
3.4411695 3.5820775 -0.14284153 162.85185
3.4254599 3.7322512 -0.12145564 160.97208
3.432497 -3.0482275 -0.026643001 155.66667
3.4945631 -2.8901079 -0.0020408558 171.5
3.4607782 -0.40542087 -0.038260449 177.39999
3.4529674 -0.25714463 -0.03500082 186.41965
3.470716 -0.14503583 -0.054405063 181.09091
3.4236579 -0.043157049 -0.050324079 178.28125
3.4277 0.050162479 -0.032471482 174.19478
3.4377022 0.13938148 -0.033985004 166.66422
3.4257357 0.2656725 -0.03722338 158.18001
3.4461579 0.32928053 -0.017415032 155.74196
3.4688878 0.44435588 -0.021044217 153.75943
3.4574099 0.56270838 -0.012016387 131.72369
3.4157729 0.65234983 -0.042960096 133.41965
3.406476 0.71809518 -0.04580475 145.125
3.4097335 0.84365451 -0.07107868 159.66666
3.4448628 0.95078719 -0.046675544 158.27168
3.4515758 1.0414923 -0.039865002 169.37871
3.4378896 1.1502516 -0.037099849 170.43839
3.4493778 1.232765 -0.045466825 157.28667
3.4645796 1.3455839 -0.043622408 163.04729
3.4670587 1.4593805 -0.070163809 154.10834
3.4562554 1.5452797 -0.062783524 155.79282
3.4633598 1.6494619 -0.063418224 157.95573
3.4635007 1.7550907 -0.052854326 171.8486
3.448813 1.8426667 -0.050090011 173.65112
3.4566474 1.9590646 -0.073785923 179.41312
3.4521191 2.0580325 -0.061898056 164.50371
3.4429247 2.1587801 -0.053042118 163.6129
3.45964 2.2333272 -0.056683343 162.52084
3.4573815 2.3526084 -0.057977397 161.94142
3.4380527 2.4299526 -0.056617126 177.88557
3.4556046 2.5337355 -0.05356298 174.6394
3.4562416 2.6480646 -0.04829466 173.62297
3.4345956 2.7488127 -0.041768264 170.38412
3.4454632 2.8590033 -0.048249528 177.10982
3.4646049 2.9402316 -0.044206161 171.74091
3.4470417 3.0538723 -0.050731387 162.69923
3.4821904 3.157774 -0.057371225 156.77223
3.4284973 3.2417872 -0.059186004 170.125
3.434871 3.3334694 -0.058600776 163.73714
3.4464698 3.4252226 -0.05067271 159.13274
3.4432442 3.5247419 -0.044499233 166.76315
3.4757059 3.6375234 -0.035282385 169.63844
3.4381943 3.7611351 -0.048389506 158.20969
3.4248414 3.8374743 -0.035607632 146.30289
3.4552822 3.945179 -0.043479361 150.99606
3.4507284 4.0624785 -0.043183364 156.55054
3.4439576 4.1689606 -0.028328951 147.28462
3.4867868 4.2139168 -0.034425016 154.69698
3.4424126 4.3327694 -0.033641484 160.95833
3.4480677 4.4590411 -0.0030694345 183.75
3.4788465 4.5045443 -0.059645131 135
3.4459524 4.6448359 -0.05105263 136.66667
3.4511087 -2.9486322 0.075571276 189
3.428323 -2.8622081 0.066002525 184.55554
3.4201171 -2.7758226 0.01072717 187
3.4544015 -2.6612396 0.036470152 187.5
3.4969847 -2.5664339 0.052423865 186.14285
3.4807878 -2.4669142 0.065630846 182.88889
3.4847038 -2.315618 0.078096837 178.66667
3.4462342 -2.2646801 0.073045291 175
3.4547882 -2.1601245 0.082147002 173.81818
3.4814539 -0.74410456 0.030328317 143.33333
3.4674683 -0.64855593 0.042522136 166.5
3.4406364 -0.57079166 0.045460802 159.625
3.459291 -0.47768337 0.052478135 187.66667
3.4320202 -0.357939 0.041321293 181.3125
3.4440684 -0.24533918 0.05001111 175.95535
3.4637189 -0.15152043 0.020126283 160.36389
3.4475739 -0.052516926 0.012434839 170.36081
3.452153 0.018751239 0.011769359 174.43333
3.4674168 0.1332124 0.030038219 163.78571
3.4533551 0.24856339 0.025707761 163.30685
3.4645386 0.32856935 0.013520277 148.08899
3.488374 0.50826341 0.0036051665 180.5
3.4650156 0.65384048 0.01072523 176.19434
3.4653647 0.75192386 0.010361628 163.6768
3.4492667 0.84626544 0.018993931 150.44952
3.455606 0.95664704 0.022439806 173.53889
3.4483235 1.0497571 0.012146702 169.02083
3.4630527 1.3115556 0.003543769 157.54385
3.446857 1.428517 0.017798714 154.46666
3.4302454 1.5670912 0.022610074 155.13889
3.4954407 1.6491599 0.036334991 154.53847
3.4064119 1.713732 0.030191397 157.7
3.4410405 1.8319714 0.010214349 165.05
3.4061465 2.492542 0.0060947896 165.55556
3.4437425 2.5540679 0.044478301 144.15802
3.4576828 2.6304073 0.020381724 144.42857
3.4578032 2.7513826 0.06936419 156.71112
3.4543295 2.8895633 0.063752905 146.33333
3.4507113 3.3265448 0.037401661 139.5
3.4376957 3.4242315 0.011844843 151
3.4645255 3.5391912 0.037409063 162.5238
3.4713767 3.6373882 0.015083484 155.26389
3.4946949 3.7908149 0.06868694 132.39706
3.4337132 3.8197014 0.072756283 115.5
3.4816589 4.2253962 0.0021212366 124
3.4340503 -3.2284861 0.1601969 145.5
3.4032748 -3.1333296 0.17251641 153.75
3.4393585 -3.0226648 0.18838355 170.57143
3.4682446 -2.9152081 0.19698106 174.60001
3.4665983 -2.379225 0.18553123 153
3.4882956 -2.2551467 0.18072118 150.14285
3.4812548 -2.157429 0.14473517 168.51471
3.4305904 -2.0935102 0.18862709 170.42308
3.4271445 -0.064949624 0.13841568 172.14999
3.4589298 0.077130191 0.17284824 156.70139
3.4386599 2.6836104 0.10289053 164.28572
3.4511907 2.8592846 0.15933459 146.02173
3.4538682 3.0593832 0.13639505 139
3.4443371 3.3843811 0.11510462 139
3.4759176 3.5256436 0.12447916 184
3.453594 -2.8419061 0.23917244 144.5
3.4373629 -2.7502086 0.23072498 146.89999
3.4226794 -2.6629729 0.23176332 154.10701
3.4649246 -2.5700209 0.2381361 164.14709
3.4552541 -2.4482255 0.25140157 170.00626
3.4741743 -2.3080175 0.24097596 162.97626
3.444706 -2.2582035 0.26367566 160.58334
3.4350145 -2.1509137 0.25729823 167.68225
3.4511528 -2.0821991 0.28985187 170.23685
3.4365513 -1.9563274 0.21892123 165.50238
3.4781897 -1.8376561 0.25463137 143.5
3.447438 -1.6602365 0.27485409 142.66666
3.4819808 -1.5690573 0.28644225 141.33334
3.4547822 -2.3394735 0.31556427 152.03787
3.4667945 -2.2461944 0.31132552 150.08264
3.4579971 -2.0410233 0.31943586 176.75
3.4682422 -1.9528432 0.34125832 176.43384
3.4313304 -1.8598288 0.35531509 179.1142
3.4361129 -1.7697326 0.36248192 182.88094
3.4131579 -1.6610346 0.36138028 183.39999
3.4073462 -1.566076 0.37603775 175.33333
3.4039307 -1.4368522 0.37965125 182.25
3.4552531 -1.7375616 0.41921315 175.70834
3.4380136 -1.6287445 0.42135364 179.2619
3.4430897 -1.5774148 0.47606656 187.74193
3.4321136 -1.5452553 0.55780691 190.08611
3.5144367 1.7944252 -0.13300091 131
3.5318787 1.8494501 -0.11926296 150.54955
3.5561934 1.961533 -0.11534117 163.60483
3.5963295 2.0247104 -0.12534766 174
3.5515163 2.1312692 -0.1075208 161.87413
3.5339229 2.2441022 -0.10372445 162.79614
3.5085032 2.3026834 -0.10800961 186
3.5785887 2.4279089 -0.10400433 175.11667
3.5717638 2.5144076 -0.10421364 179.57143
3.5864158 2.6042676 -0.10203109 173.85715
3.5089931 2.8944113 -0.13650198 187.5
3.5467994 2.978689 -0.12873474 189.5
3.581974 3.0362594 -0.12037966 188.16666
3.5524838 3.151011 -0.11827714 183.17691
3.5634148 3.4204094 -0.12173162 166.85715
3.5354941 3.5121524 -0.11778986 161.98863
3.5515485 3.6195259 -0.12537593 162.1647
3.5686088 3.7185993 -0.10337529 156.34454
3.5925472 -3.0424657 -0.02795985 147.5
3.5443945 -2.9682338 -0.018278429 157
3.5570519 -0.18478411 -0.040816136 181.6842
3.5428667 -0.051174209 -0.05826693 174.83334
3.5726719 0.066727385 -0.039542608 169.14104
3.5532119 0.14988276 -0.039975692 164.46234
3.5453849 0.2434818 -0.031471305 163.53854
3.5498021 0.36393258 -0.051767942 158.14351
3.5707011 0.43286419 -0.015142778 159.85715
3.5331953 0.53693634 -0.036763202 130.75862
3.5212612 0.6505543 -0.036195058 136.5238
3.5338073 0.74020582 -0.075640209 145.25
3.5324368 0.8557176 -0.052700523 164.02548
3.5437465 0.9386282 -0.046450071 175.59668
3.5404682 1.038803 -0.037455048 182.68852
3.5579398 1.1378309 -0.045146152 168.52571
3.5367413 1.2409198 -0.033264637 157.78711
3.5674489 1.3302053 -0.036536295 166.09721
3.5496492 1.4212819 -0.040352169 168.50185
3.5697644 1.5366286 -0.035386134 170.23912
3.5572753 1.6407328 -0.036669251 171.10789
3.5490093 1.755379 -0.067364827 168.18701
3.5743108 1.8498528 -0.049104795 172.35001
3.5708518 1.9556957 -0.048440348 172.33313
3.5415959 2.0476689 -0.069943294 167.15799
3.5413654 2.1442573 -0.051654149 156.56999
3.5341289 2.2507043 -0.084375702 170.78833
3.5508585 2.3599987 -0.063106865 166.73212
3.5392883 2.4528849 -0.063957125 176.75
3.5561593 2.5454884 -0.065270469 176.53546
3.5345969 2.6652818 -0.039616078 172.67473
3.5253496 2.7438941 -0.048266847 154.36664
3.5226941 2.8305969 -0.042005174 164.44574
3.5441277 2.9491355 -0.045935143 171.39694
3.5542712 3.0284545 -0.042100906 160.92339
3.5620472 3.1500523 -0.050961647 157.70848
3.5506999 3.2518466 -0.061044309 163.27451
3.5521855 3.345417 -0.053767949 164.89049
3.5637753 3.4444742 -0.046468634 167.00696
3.5348122 3.5514965 -0.039169099 174.59346
3.5975289 3.6267865 -0.074733622 170.58537
3.5409875 3.7342217 -0.056988869 165.91965
3.5400255 3.8429921 -0.053593531 153.05704
3.5558176 3.9414794 -0.045648564 134.16965
3.5408382 4.0581808 -0.043005351 140.60965
3.5602486 4.1567183 -0.025914324 164.01704
3.5461094 4.2636566 -0.030049218 164.33333
3.5700254 4.34478 -0.03236597 158.5
3.5458667 4.4532037 -0.0097947139 181.72223
3.5354221 4.5311012 -0.05680627 132.5
3.5286512 -2.7495468 0.015041448 179.39999
3.5888791 -2.6653712 0.027311971 180.75
3.5873489 -2.5383987 0.054075729 186.83333
3.5582082 -2.340723 0.084873147 182.42856
3.5678105 -2.2388909 0.08453612 181.60001
3.5517855 -2.1469214 0.097003393 180.07692
3.5483587 -0.66397226 0.049985997 180
3.508461 -0.57762969 0.047118813 185.2
3.5298631 -0.4449847 0.054021038 189
3.5710125 -0.35839704 0.037775572 160.3
3.5255587 -0.2594544 0.034457628 166.52122
3.5596414 -0.15534423 0.031816054 170.03333
3.5627751 -0.052502025 0.024200514 174.46333
3.5531156 0.05609858 0.011570062 173.90556
3.5448523 0.14681825 0.016786739 170.08333
3.5257711 0.2554591 0.012221839 187
3.5881608 0.35156026 0.017803391 187.7
3.5401566 0.43895763 0.019087331 178.49063
3.5648167 0.55383217 0.01678242 168.7
3.5684271 0.61231643 0.025176004 185.125
3.5331948 0.73316461 0.023533037 172.5
3.5550086 0.84110665 0.024520174 176.12553
3.5772316 0.95520145 0.028841605 160.42308
3.5889068 1.0266769 0.011281025 175.58333
3.5215945 1.1047046 0.012557371 188.8
3.5383511 1.295693 0.028483739 157.33333
3.5346727 1.3704735 0.023018731 168.64102
3.580888 1.4344232 0.047349464 158.38448
3.5682578 1.5354342 0.042345267 145.82796
3.5903373 1.6213628 0.048915334 124.9
3.5684569 1.7258335 0.019144172 155.02324
3.5221567 1.8098669 0.0016959788 184.44444
3.5076592 1.904099 0.0032743886 186.5
3.5024598 2.5714593 0.0054461057 170
3.5937624 2.6467381 0.0030989808 157
3.5600717 2.8920002 0.086091258 132
3.5346625 2.9490643 0.021320632 168.06387
3.5543156 3.2829785 0.01466934 137.375
3.5207603 3.3030996 0.021849355 135.64285
3.5289917 3.4034274 0.02975441 142.7
3.5864682 3.5990593 0.0076748719 155.16667
3.5681436 3.6411469 0.0091613196 156.77777
3.5699019 3.7576785 0.040851045 157.61848
3.536108 3.8370159 0.026230345 152.27777
3.5347867 -3.2049654 0.15606152 150
3.5267804 -3.1389072 0.16923745 159
3.5158103 -3.0358732 0.18442143 170.28572
3.5692995 -2.9714923 0.19704248 172.22223
3.5132768 -2.3276849 0.1608997 170
3.5958846 -2.2190995 0.14726464 167.11111
3.5864451 -2.1521804 0.19216083 174.64285
3.5388968 -2.0613923 0.19867499 174.14999
3.5064356 3.1849885 0.14870183 155.5
3.5191636 3.2315092 0.10824125 141.53334
3.5375388 3.4744735 0.14185151 124
3.5877676 3.8332889 0.11660263 123
3.5435817 -2.8426132 0.21050408 161.53976
3.5415595 -2.7332952 0.22126661 157.23035
3.5600266 -2.6542921 0.23597667 165.29282
3.5706964 -2.5383558 0.24223916 173.65439
3.5343721 -2.4611697 0.22667731 165.25148
3.5915544 -2.3201914 0.24563035 179.87097
3.5489786 -2.2129173 0.26954189 173.34375
3.5680888 -2.1184745 0.28260103 176.32001
3.5488648 -2.0481772 0.26232272 177.10796
3.5401666 -1.941972 0.24056669 154.61363
3.5678833 -1.8385674 0.25328061 143.625
3.5251627 -1.7476717 0.26220518 136.91667
3.5774684 -1.6321523 0.27761215 142.75
3.5238886 -1.4620804 0.29388541 133.5
3.5922263 -2.4674997 0.30898201 173.81818
3.5790915 -2.3684442 0.32374683 167.61539
3.5799251 -1.975868 0.32752785 182.07144
3.5284777 -1.8409021 0.36416981 179.92963
3.512707 -1.6926725 0.35687041 183.75
3.5209038 -1.5896267 0.36847597 176.5
3.5360951 -1.442937 0.34111804 151.33334
3.5664134 -1.3461058 0.31496963 127.66666
3.5541251 -1.8570626 0.40884754 174.45
3.5401144 -1.7797371 0.42025834 177.21739
3.5296619 -1.6745206 0.43099451 180.26315
3.5545542 -1.5489612 0.48769423 192.31548
3.5281971 -1.5779257 0.59662193 192.42857
3.6200039 1.6058187 -0.13722393 111
3.6560271 1.7515616 -0.12463114 143.69182
3.6741188 1.8518728 -0.1294297 142.83334
3.6601238 1.930732 -0.11747007 163.08334
3.6288221 2.1136158 -0.11593588 183.8
3.696403 2.5475221 -0.15365875 118
3.6755548 2.636749 -0.14526184 129.33333
3.6504896 2.743386 -0.14200993 152.75
3.620811 2.8698404 -0.13666619 178.08333
3.670639 3.0462554 -0.11786691 188.8
3.63129 3.1524568 -0.11222037 184.16667
3.6276357 3.2169755 -0.12614623 180.71428
3.6395905 3.3354409 -0.13055541 174.1102
3.6620069 3.4363101 -0.12942168 168.68965
3.6270294 3.5376809 -0.10528691 161.45
3.6728642 -2.9178534 -0.012747201 151
3.6405697 -0.84861219 -0.05335214 136.5
3.6450946 -0.74502641 -0.048018537 139.5
3.6498845 -0.6506204 -0.04649695 146.66667
3.6552665 -0.53383201 -0.041847661 162.5
3.6617663 -0.42511177 -0.044991698 179.75
3.6903677 -0.32110128 -0.032009315 187.71428
3.668174 -0.2501812 -0.029629851 184.66667
3.6606922 -0.1578923 -0.03194911 172.72223
3.6548142 -0.053114086 -0.026962053 158.04416
3.6344969 0.058835823 -0.026238877 167.33572
3.6504471 0.12602159 -0.036608681 162.0907
3.6689234 0.24322529 -0.035926159 168.57542
3.6614769 0.35146451 -0.065202601 162.87231
3.6475704 0.40817955 -0.018565588 168.5625
3.6674078 0.54846561 -0.041901335 127.77777
3.6687987 0.65073526 -0.052514065 130.94048
3.6754086 0.7541728 -0.024202902 147.69444
3.6602783 0.84552312 -0.026641896 162.74678
3.6508238 0.95251477 -0.033920594 174.76221
3.6359065 1.024659 -0.026233254 165.63828
3.652041 1.141053 -0.032278769 183.45834
3.6501918 1.2247274 -0.03272384 181.67145
3.661937 1.3546104 -0.040820733 167.1389
3.6371379 1.4526186 -0.048178919 164.52576
3.6531491 1.5225776 -0.019480608 173.94693
3.6581147 1.6289626 -0.047190607 164.70715
3.6519256 1.7235796 -0.043518219 165.55208
3.6435151 1.8476788 -0.052844912 171.67252
3.6722026 1.9541891 -0.036101215 175.7686
3.6641815 2.0365601 -0.063378565 158.93018
3.6417832 2.1497827 -0.06673158 169.26701
3.634001 2.2334592 -0.081053495 165.49425
3.6493907 2.3557854 -0.042461362 152.48489
3.6623909 2.4539745 -0.058463339 153
3.6347361 2.5433843 -0.064045995 162.54167
3.6329341 2.6543548 -0.038810041 172.33151
3.6467366 2.75912 -0.058489047 165.89781
3.6266706 2.8459041 -0.057491403 163.19731
3.6487126 2.9482207 -0.034891516 155.14389
3.6582205 3.0355494 -0.053698063 156.64378
3.6396561 3.1361687 -0.063924871 158.16011
3.6325197 3.250788 -0.047090393 162.55156
3.6544418 3.357003 -0.040553089 164.77502
3.6592619 3.4638875 -0.034650873 162.94374
3.62555 3.5737736 -0.077159278 166.43602
3.6552415 3.656363 -0.072995596 166.04472
3.6399226 3.7499487 -0.071503103 169.22743
3.6709993 3.8630886 -0.045866061 167.09798
3.6225424 3.9442396 -0.03279537 158.16188
3.6667552 4.0600948 -0.031719781 163.34697
3.6555223 4.1556139 -0.033068821 174.5
3.6326318 4.2321587 -0.011315529 173.16666
3.6486778 4.3454919 -0.019325258 186.875
3.6556287 4.4481001 -0.010638778 180.16666
3.6041238 -2.837374 0.0023296706 168.5
3.6609821 -2.729466 0.020485356 172
3.6913486 -2.6083784 0.037963688 176.39999
3.6718512 -2.4812608 0.089088522 169
3.6548965 -2.2862666 0.092534855 185.60001
3.6000133 -0.55047345 0.049365334 185.5
3.645844 -0.45590594 0.039414916 158.77499
3.6526539 -0.33249959 0.036419895 179.98334
3.6222458 -0.25327274 0.037654988 169.24074
3.6397126 -0.15769738 0.042430062 184.99207
3.6473427 -0.066143885 0.03305883 168.29723
3.6607406 0.044343702 0.010104755 175.58334
3.6505356 0.14775391 0.01083117 176.72858
3.6652284 0.25081813 0.0084197596 183.41666
3.6309242 0.34109172 0.0054190173 173.37964
3.638046 0.45520812 0.01862121 183.54167
3.6397419 0.54157698 0.013689628 174.72501
3.6458392 0.6343354 0.017343367 174.2375
3.6515636 0.70985246 0.018781411 187.48572
3.6722281 0.95372444 0.015879255 186.41667
3.6007333 1.064499 0.016242193 189.66667
3.6382561 1.3295591 0.032039169 167.79095
3.6309063 1.4541142 0.0076024169 189.75
3.6544948 1.524808 0.041788112 155.71428
3.6620684 1.68803 0.027679199 154.75
3.6043878 1.7011961 0.053667922 119
3.6792641 1.8922086 0.048100736 131
3.6472473 1.9239035 0.0023014427 159.8
3.6609328 2.0498488 0.053283501 126.05412
3.6876945 2.4498992 0.08269342 145.5
3.6704268 3.255697 0.0030931204 127
3.6561301 3.3869116 0.032942701 136
3.6572804 3.4304972 0.0030650152 126
3.6441236 3.5761786 0.0065264828 168.15735
3.6564229 3.6575813 0.025548948 158.40279
3.6655872 3.7620282 0.010821358 171.58769
3.6742458 3.8118408 0.019904049 183
3.6535838 -3.0870659 0.17944479 161.69048
3.648699 -2.975548 0.19844569 169.85715
3.6505532 -2.8105121 0.19086796 186.25
3.6623456 -2.7539976 0.19253586 191
3.6140602 -2.4525511 0.11174159 162
3.6433401 -2.2074342 0.15182188 170.625
3.6399324 -2.1231687 0.11735845 184.13333
3.601285 -0.047154609 0.11897282 157.55713
3.6973891 1.4233283 0.12864466 163
3.6098812 1.9611402 0.1509904 126
3.6261566 3.6814215 0.11296664 138.22223
3.6895084 -2.8935761 0.21830975 169.3
3.633508 -2.7500222 0.24263474 151
3.6590295 -2.6426864 0.23455358 170.49104
3.6684208 -2.5527868 0.22928718 178.0125
3.6433172 -2.4541063 0.24167973 173.3889
3.6932027 -2.318341 0.2633332 185.78572
3.6779575 -2.2176607 0.25160214 183.03333
3.6413393 -2.1291864 0.2147319 169.73077
3.6473923 -2.0289998 0.25280952 168.82683
3.6217847 -1.9305764 0.27223957 165.7
3.6803646 -1.8510758 0.25153527 139.2
3.6585264 -1.7127616 0.26745144 137.25
3.6416693 -1.5125875 0.29180133 135.5
3.6696579 -2.4750788 0.31334904 170.39999
3.6510901 -1.9177821 0.32080805 189.02499
3.6583302 -1.8505412 0.34801224 189.75
3.6481488 -1.7422169 0.35237592 187.25
3.6277792 -1.6207373 0.36237901 175.75
3.6461709 -1.5370165 0.36894813 169
3.6818109 -1.4366676 0.30339098 128
3.6050262 -1.2415905 0.33269638 124
3.6259787 -1.8301562 0.41491905 178.66667
3.6490273 -1.7805247 0.43553439 181.68182
3.6312397 -1.6823765 0.45803371 185.61539
3.6394417 -1.5699748 0.49426132 194.0625
3.638478 -1.5498852 0.58784437 197
3.6365478 -1.5479292 0.61860359 195.8
3.7814491 1.6403043 -0.14164819 111
3.7879558 1.7535925 -0.1305552 134.19817
3.772897 1.8707488 -0.11931518 168.85185
3.7146657 1.9455322 -0.10823471 166.35938
3.7188723 2.0539012 -0.11986061 180.05556
3.75105 2.1652944 -0.10641582 168.75
3.7053099 2.2224274 -0.10445803 187.2
3.7565095 2.3296914 -0.10996253 182.38889
3.7650101 2.4278152 -0.11195717 177.27779
3.7298625 2.524204 -0.13202074 151.02563
3.7371538 2.6316602 -0.10483459 158.70238
3.7665453 2.7564974 -0.12407874 149.38437
3.7312589 2.8534782 -0.12411478 161.64992
3.735198 2.9566088 -0.12035963 171.44444
3.7502863 3.0588858 -0.10838657 169.58929
3.7404594 3.1545522 -0.10751595 185.5
3.7439883 3.2379911 -0.10996158 177.96794
3.7906661 3.3951867 -0.10164668 178.57143
3.7553403 3.4659865 -0.1277241 172.43333
3.7225797 3.5666902 -0.11204328 167.29033
3.7920642 3.6830983 -0.10989887 170.12
3.7449954 -3.0014219 -0.022180151 143
3.7098775 -2.9609451 -0.019103922 146
3.7926676 -0.82093149 -0.03752818 139
3.7855523 -0.73958051 -0.032994591 140.5
3.779928 -0.65539759 -0.035828307 148.66667
3.771029 -0.5416097 -0.034017328 164.75
3.7500782 -0.42969221 -0.037596494 183.75
3.7710485 -0.2338706 -0.016998287 154.94444
3.7087951 -0.12755167 -0.00027051437 137
3.7401881 -0.07114809 -0.052492198 175.25
3.7243187 0.023837149 -0.037934113 160.73738
3.7344732 0.1557188 -0.031616576 159.21658
3.7314365 0.33496144 -0.0033122916 171.81641
3.7431061 0.42566237 -0.065404415 158.28539
3.7604063 0.55174863 -0.040423069 131.34
3.7434764 0.64676803 -0.017947584 142.83975
3.7386281 0.76068586 -0.030282974 158.86905
3.7575476 0.85461241 -0.026286785 159.94878
3.7480929 0.94939816 -0.046207387 159.71826
3.7666135 1.0569903 -0.028093498 173.30783
3.7461343 1.1578434 -0.036457129 164.32727
3.7243364 1.247649 -0.035601985 151.5
3.7539635 1.3425655 -0.021781325 144.89999
3.7351789 1.4442787 -0.023854451 173.46667
3.7633467 1.5549473 -0.061797135 166.01627
3.7786531 1.6581066 -0.056853786 176.03307
3.7509296 1.7614361 -0.055796616 173.03551
3.7588601 1.8500409 -0.036298964 167.19583
3.7568352 1.9465128 -0.0472924 169.9911
3.7431347 2.0679936 -0.057185333 171.50377
3.7491176 2.149395 -0.074402571 171.89465
3.7337778 2.2451437 -0.07312122 166.71471
3.7566967 2.3544998 -0.063470922 145.39822
3.7788608 2.4592676 -0.058617104 149.94444
3.7523124 2.5675862 -0.040337231 156.70805
3.7389588 2.6744738 -0.04367137 155.89348
3.7405295 2.7436264 -0.054307874 168.65161
3.7355447 2.8415077 -0.048244134 168.52229
3.7362969 2.9521158 -0.058484312 154.41734
3.7381039 3.0470357 -0.055254385 162.41783
3.7501094 3.1569791 -0.058216874 154.10364
3.7392011 3.2352026 -0.045802269 153.22809
3.7292213 3.3524706 -0.055800389 163.39903
3.7678497 3.4421139 -0.051728923 164.36984
3.7411182 3.5625975 -0.021357173 160.35649
3.7416339 3.6802154 -0.048258211 163.46213
3.7575808 3.7810738 -0.061802223 163.82367
3.7487335 3.8596005 -0.039578728 162.49445
3.7667758 3.9576418 -0.040036958 173.75417
3.7604158 4.0591159 -0.030140538 176.95833
3.775265 4.1586809 -0.02594674 163.04167
3.7602787 4.2555838 -0.021517949 187.7
3.728678 4.3692856 -0.012426512 170.5
3.7655489 -2.8230598 0.0030661768 157
3.7758069 -2.6651921 0.025361031 171
3.7212896 -2.5058103 0.072258912 170
3.7857311 -2.3120248 0.081893221 183.39999
3.7879946 -0.67369729 0.031431902 129
3.7487073 -0.5550701 0.031908181 139.5
3.7289722 -0.44607621 0.036102403 169.66666
3.7216742 -0.35174394 0.030005138 171.3889
3.7488701 -0.24139342 0.032058358 170.26428
3.7370682 -0.13670123 0.030020529 167.59763
3.7587402 -0.052122656 0.028759602 167.06746
3.7545986 0.059671018 0.0091217533 165.15179
3.7684176 0.14758317 0.013655547 175.6456
3.7425337 0.258246 0.015466169 176.02779
3.7240617 0.37708017 0.0099210665 184.25
3.7391906 0.4624213 0.007698453 174.95
3.7656465 0.56084204 0.015440603 182.5
3.777252 0.69482702 0.011626867 182.84723
3.7365918 0.8309654 0.018642887 182.5
3.7951579 1.1098716 0.013160022 184.66667
3.7625499 1.2575035 0.010834201 186.26785
3.7333755 1.339857 0.032057229 179.57428
3.7217307 1.471123 0.039594576 162.22223
3.7927041 1.5401146 0.023106875 163.33333
3.722971 1.6167722 0.022188138 160.14285
3.763854 1.7560525 0.061490744 153.83333
3.7165976 1.8725744 0.055558834 127.125
3.700937 2.0118344 0.047870371 158
3.7669315 2.3527141 0.035788219 144.16666
3.7353189 2.4833601 0.020040818 175.72728
3.7683213 2.5634978 0.051921617 135.05882
3.7744873 2.6530361 0.015616884 153.2619
3.7716219 2.8490856 0.076900445 176
3.7980347 2.9264846 0.0048613492 152.125
3.7855132 3.0767484 0.088361248 147
3.7785246 3.1494999 0.062847413 133
3.7646208 3.3681097 0.0063977139 122.5
3.7351751 3.5505562 0.012987365 150.125
3.7419767 3.6401353 0.024676535 151.82916
3.7949381 3.7554436 0.0066386806 175.45
3.7422433 3.8092737 0.013401537 186.85715
3.7799289 4.4279876 0.0039307224 157
3.7509887 -3.0192389 0.19038348 165.39999
3.775553 -2.2145305 0.12599364 175.5
3.7392385 -2.1173766 0.11925463 187.5
3.7658551 1.7453289 0.15447921 151
3.7395968 2.4704013 0.10380825 141
3.7764597 2.8647051 0.13731709 151.43518
3.762635 2.987596 0.14190896 122.73913
3.77754 3.0766613 0.12727822 123.70834
3.7227082 3.7895992 0.14353031 143.25
3.7746975 -2.9192989 0.21184674 165.8
3.7365344 -2.7508919 0.23963553 154.78
3.7721713 -2.6116035 0.23387952 169.02084
3.7421706 -2.5570154 0.26147357 151.42497
3.7718687 -2.4617312 0.23366444 189.83334
3.7785842 -2.3259511 0.26149857 188.33333
3.7320893 -2.2240663 0.26561537 177
3.7524412 -2.1282506 0.25832573 178.57222
3.7672861 -2.0216253 0.2572813 170.25
3.7416756 -1.9393277 0.26265526 167.35001
3.721772 -1.8708555 0.29782885 192
3.7683909 -1.7568768 0.26511019 134.5
3.7274098 -1.6156884 0.28236353 129.5
3.7823811 -1.5386835 0.29295978 128
3.7393622 -1.856572 0.30374509 193
3.7326348 -1.6453751 0.35907647 176.75
3.7237055 -1.3574545 0.31544411 125.5
3.7733016 -1.7382076 0.46108142 190
3.7584374 -1.6579665 0.46589896 190.16666
3.7343559 -1.5741023 0.47278196 191.33333
3.7351742 -1.5614046 0.64200342 199.5
3.819205 1.1597153 -0.105698 167.29167
3.8364017 1.2696618 -0.12091959 174.23077
3.8496306 1.3625381 -0.13148721 162.32143
3.866823 1.461805 -0.11070609 154.10638
3.8826919 1.5578585 -0.12366078 162.38461
3.8754063 1.7437338 -0.1056676 165.48485
3.8254542 1.8538342 -0.12948294 150.73932
3.812398 1.9612607 -0.1262968 163.25
3.8204474 2.045903 -0.1244835 179.91666
3.8291397 2.1344271 -0.11764055 188.33334
3.8236487 2.2270851 -0.11048624 186.5
3.8494718 2.3302963 -0.11975165 180.66234
3.8837714 2.4431999 -0.12670062 173.65625
3.8613441 2.5665603 -0.1301337 139.73611
3.8416741 2.6546571 -0.12861237 142.53804
3.8624048 2.7473094 -0.13519378 157.18881
3.8459656 2.8657937 -0.12311055 158.67665
3.8551104 2.9629159 -0.11245105 166.5798
3.8465312 3.0560014 -0.10968636 168.77859
3.8176591 3.1411142 -0.10723947 188
3.835583 3.3603022 -0.12097029 179.5
3.8692365 3.4058998 -0.11650939 180.5
3.8211668 3.5550184 -0.11298025 174.28247
3.8475251 -2.8959742 -0.0051864693 142.33333
3.8610473 -0.11410246 -0.0043409402 125
3.8639388 0.14336497 -0.0011812779 151.2
3.8555036 0.25346798 -0.0080211405 160.25
3.8582134 0.36924335 -0.032770891 155.33334
3.849746 0.44923779 -0.019329794 144.55441
3.8391924 0.55452818 -0.03039024 136.2
3.8427544 0.63969851 -0.037225045 147.31361
3.8291285 0.74494976 -0.036527704 140.06482
3.8421245 0.85636216 -0.04343209 155.27551
3.8570759 0.97037256 -0.028729631 155.68333
3.8208718 1.0407685 -0.063720353 166.45833
3.8566256 1.143844 -0.049284257 162.81357
3.8456695 1.2750412 -0.034447543 161.0078
3.8661788 1.3577667 -0.040476892 165.22716
3.8554757 1.4341729 -0.04467883 183.35333
3.8706281 1.553099 -0.043799188 165.26434
3.8488529 1.6457565 -0.035107389 166.29761
3.8396561 1.7612447 -0.035527173 164.42888
3.8471093 1.8567015 -0.045200199 171.23413
3.8527577 1.9576845 -0.066901393 171.56279
3.8553431 2.0573728 -0.069264166 176.25716
3.8541551 2.1727276 -0.062905766 169.99345
3.8340111 2.2672756 -0.057578929 171.80992
3.8600585 2.3487792 -0.028401723 160.45476
3.8654833 2.4519861 -0.027368054 172.95129
3.8185368 2.5608852 -0.017634124 167.72282
3.8652163 2.6413832 -0.060869101 151.55243
3.8301964 2.7729714 -0.04885843 148.6324
3.833158 2.8561947 -0.047148693 158.62585
3.8542306 2.9633338 -0.059797253 168.82762
3.8457389 3.0539482 -0.056046635 162.44064
3.8356545 3.155184 -0.055862889 152.168
3.8306839 3.2476876 -0.039835643 148.95615
3.8596759 3.3481328 -0.050902642 160.12106
3.856014 3.4925308 -0.062873386 162.81818
3.8439655 3.5671713 -0.033306837 173.71112
3.8515568 3.6489334 -0.035050649 157.25868
3.8552594 3.7519076 -0.053948078 171.38698
3.8434169 3.8461673 -0.045076199 168.40237
3.8517401 3.9825716 -0.031568341 174.94643
3.8554869 4.0503974 -0.034802098 181.29167
3.8438709 4.1709495 -0.043046325 192
3.8477032 4.2503695 -0.026365764 184.55556
3.8746381 4.3713322 -0.023247985 177.25
3.8620548 -2.7228804 0.020601479 155.66666
3.8108385 -2.550231 0.052435614 170
3.8927214 -2.3334086 0.078626595 173.75
3.8087089 -2.2145364 0.099378891 185
3.8929636 -0.5330168 0.029690558 142.66667
3.8456225 -0.43083844 0.023381284 157.75
3.8008394 -0.33663154 0.021779491 167.66667
3.802177 -0.25808391 0.013055744 124
3.8515193 -0.14631785 0.020413108 144.35556
3.8579104 0.046998143 0.01520389 163.62946
3.872947 0.17748496 0.018766748 169.16667
3.8279037 0.24991414 0.0160903 177.15385
3.8547072 0.32442179 0.01548261 175.15833
3.8644931 0.43703178 0.014135495 170.25
3.8758101 0.54590619 0.016213769 168.16666
3.873558 0.66224509 0.0070036938 182.33333
3.835829 0.77083975 0.0090070935 180.52777
3.836463 0.88054532 0.0096313907 180.5
3.8914633 0.99958444 0.0083633717 187
3.8191843 1.0008631 0.0084424866 183.75
3.8652477 1.1552051 0.0059405589 187.82776
3.8299255 1.2557311 0.012964018 189.56944
3.858335 1.3403338 0.033971015 168.08334
3.8285475 1.4424376 0.029170448 169.125
3.82147 1.6558549 0.099076264 177
3.8804896 2.6332889 0.02002104 183
3.8698516 2.7684629 0.0097623821 141.75
3.8468926 2.86777 0.02425123 155.58888
3.8555694 2.9541321 0.019285796 154.51637
3.8844514 3.0131507 0.026467167 158.39999
3.8567984 3.1018815 0.04036982 139.66667
3.8683126 3.3506198 0.0072863777 113.5
3.816061 3.6322687 0.014023917 113.5
3.883713 3.7019119 0.0022666201 169.5
3.8619156 3.8041999 0.0054534096 179.2
3.8467026 4.1465683 0.039868042 200.53847
3.8510268 -2.9579766 0.19613004 163.75
3.8248107 -2.216862 0.11282262 179.5
3.8308227 -2.1115022 0.11648395 181.39999
3.8120244 2.9676728 0.12510242 157
3.8157783 3.0645692 0.11779525 146
3.8327446 3.7228715 0.11424036 157
3.8640511 4.1593313 0.13489786 199.23077
3.816776 -2.8338563 0.23002183 164.55556
3.8458955 -2.7515981 0.24226731 158.77777
3.8803256 -2.6516674 0.25875372 157.58333
3.8219941 -2.5495651 0.26289001 145
3.8567994 -2.0854387 0.21933594 145.60001
3.8395588 -1.9795527 0.23380092 139.25
3.8107178 -1.8695775 0.2518146 135.75
3.8670578 -1.6510552 0.2810967 130.16666
3.8319931 -1.4675996 0.30701646 122
3.9171033 1.1532539 -0.10523029 166.08333
3.9343908 1.2666302 -0.12096491 174.16129
3.9349957 1.3508497 -0.13185912 163.51724
3.9402189 1.4571358 -0.10878216 153.65715
3.9471111 1.5562077 -0.1219044 162.2029
3.9224796 1.6681012 -0.11743214 162.83295
3.9280272 1.7478279 -0.11267543 143.4875
3.9354107 1.8403962 -0.11979573 152.11667
3.929709 1.9409751 -0.11251102 155.5
3.9264195 2.0449884 -0.11232676 179.39999
3.9230227 2.1574996 -0.10184468 187.8
3.9480348 2.3376727 -0.11255684 179.98215
3.9467719 2.4290867 -0.11519358 175.76785
3.9755685 2.556658 -0.10827716 165.58621
3.9728622 2.6546433 -0.13016239 136.6647
3.9493551 2.7630436 -0.1297496 146.13968
3.9242141 2.8451586 -0.14504385 161.94478
3.9454195 2.9342096 -0.11384993 153.79744
3.9142179 3.0022686 -0.12144801 171.83333
3.9334657 3.5434613 -0.10656638 180.33333
3.9299667 3.6181684 -0.10472806 180
3.913136 -2.9543858 -0.012435332 132
3.9944062 0.39896107 -0.041231532 147
3.9612761 0.45592508 -0.03729973 140.38799
3.9385307 0.56506819 -0.048881061 151.59444
3.9558797 0.63988215 -0.033679374 145.21666
3.9358046 0.75789529 -0.041754615 149.72777
3.9282563 0.87362981 -0.025529807 155.53336
3.9287524 0.93432027 -0.051372439 164.71875
3.9452789 1.0557787 -0.043652747 152.97501
3.9454701 1.141521 -0.050382119 166.73051
3.9649677 1.2497604 -0.040482976 148.34723
3.95381 1.3596585 -0.052627791 156.7195
3.9598925 1.4690429 -0.042743884 164.03229
3.9507158 1.5388211 -0.054595973 172.1107
3.931704 1.6457347 -0.040223986 170.97397
3.9435174 1.7547463 -0.05754206 171.88559
3.9470119 1.8650527 -0.050912 168.50478
3.9452555 1.9525037 -0.065969281 171.06561
3.9676671 2.0614963 -0.051629778 168.16193
3.9526 2.1518044 -0.05017855 172.16153
3.9472315 2.2596936 -0.05525402 175.87778
3.9690511 2.3547752 -0.027147774 175.87964
3.9322872 2.4622126 -0.04210734 151
3.9358473 2.5504444 -0.061877936 152.84737
3.9618392 2.6309571 -0.051723387 156.17172
3.9708126 2.7618244 -0.075421661 171.91667
3.9443047 2.8424649 -0.08224272 147.15544
3.9514883 2.9505811 -0.065215208 139.57812
3.9580402 3.0600328 -0.068598881 159.4697
3.9313984 3.1591988 -0.039933275 127.57078
3.9260273 3.2360241 -0.067363515 158.5
3.9564605 3.3449314 -0.068889022 160.27084
3.9528515 3.4445133 -0.043712176 155.38443
3.9616036 3.566941 -0.044510324 163.12012
3.9589927 3.6588955 -0.050552029 163.05002
3.9676909 3.7625089 -0.04987346 168.93796
3.9533386 3.8484221 -0.04289702 170.3951
3.935766 3.9594781 -0.037316155 178.81429
3.9659517 4.0585947 -0.04522654 182.6875
3.9264941 4.1463633 -0.04187011 186.70834
3.9451463 4.2849288 -0.031812824 181.5
3.9716954 4.3031774 -0.027325593 189.33333
3.9398181 -2.7749841 0.014037376 144
3.9583211 -2.6233172 0.035838485 153.66666
3.9564929 -2.3463149 0.079427972 166
3.9269664 -0.60556185 0.032734104 135
3.9892161 -0.41099957 0.025117256 153.5
3.9673645 -0.37311476 0.016044743 157.5
3.9272685 -0.24260187 0.019935885 168.16666
3.9570293 -0.15470971 0.016106064 173
3.943511 -0.043803714 0.015562763 173
3.9949336 0.086741067 0.010874279 185
3.954886 0.14907819 0.018952595 163.39999
3.9511623 0.25939694 0.018432019 180.75238
3.904078 0.3070499 0.022863103 185.25
3.9702537 0.40960261 0.011992333 158.33333
3.9808297 0.53488898 0.007214847 160
3.9394295 0.79391068 0.0024839474 189
3.9492047 0.87352645 0.0088887718 188.60001
3.9577658 0.9693296 0.010990155 189
3.9680481 1.0756509 0.010647058 191
3.9367545 1.148723 0.061872173 151.58333
3.944376 1.270973 0.023788264 160.55
3.9730783 1.3408324 0.039827693 155.08655
3.9134517 2.5689099 0.00017295544 190.33333
3.9488823 2.7466927 0.0068838838 162.98485
3.9549594 2.8517656 0.011051168 162.71355
3.9600935 2.9543662 0.021557797 170.325
3.9770381 3.0587454 0.016709169 169.64815
3.9338965 3.1018527 0.022062687 166.60001
3.9853096 3.7975907 0.005956722 152
3.9347591 3.800194 0.0063976194 161
3.9350476 4.1468391 0.038213596 201.54546
3.9401999 4.417582 0.014756761 203
3.9420447 -2.1051536 0.11982657 161.75
3.9461637 1.2468721 0.10006041 124.92593
3.9449601 4.1318831 0.13427851 199.84616
3.9512894 4.3709559 0.12684868 208.33334
3.9082127 -2.8569062 0.21565437 165
3.9342847 -2.7878959 0.22819404 162
3.9456723 -2.6817338 0.25096086 161.25
3.9390278 -2.5825169 0.2658236 156.57143
3.9343064 -2.0497561 0.22704658 137.5
3.9278319 -1.9247615 0.24064837 132.33333
3.9435987 -1.7606725 0.26616362 130.16667
3.9422324 -1.5699641 0.29482785 129
4.0117855 1.1613915 -0.10429318 167.6842
4.0543127 1.2358683 -0.10631599 174.15384
4.0346546 1.3392279 -0.12948546 166.925
4.0306249 1.4497513 -0.10982223 149.88889
4.0411358 1.5462905 -0.10490982 156.71739
4.0457458 1.6359315 -0.10220874 157.01923
4.074851 1.7709168 -0.115862 122
4.0617356 1.8543329 -0.11561921 136.33333
4.0442915 1.9645625 -0.11044675 157.5
4.0280905 2.0675368 -0.10909485 178.39999
4.0410891 2.3537908 -0.10934721 179.75
4.0650678 2.4478395 -0.10985327 176.61113
4.0613613 2.569391 -0.11157236 165.82608
4.0391984 2.6701496 -0.10820238 160.96432
4.062604 2.7432916 -0.12752786 137.21155
4.0283113 2.83692 -0.13101099 131.5
4.0858688 2.9692028 -0.1099698 130
4.0178852 3.0443027 -0.10091297 150
4.0657992 3.1533237 -0.1055346 172.42857
4.0394998 3.2437124 -0.11228055 184
4.0002971 0.39772525 -0.033244945 143
4.0447488 0.44276685 -0.029397827 148.75714
4.0503936 0.55046159 -0.02794998 153.45999
4.0292268 0.66006863 -0.031991772 157.625
4.0336609 0.75676125 -0.026725946 173.2
4.0516095 0.84891427 -0.042283803 167.71666
4.0450616 0.94593173 -0.023145778 179.61667
4.0598311 1.0486189 -0.034418277 173.2347
4.0321255 1.167773 -0.042624079 157.10834
4.0252528 1.2341397 -0.051877372 155.63913
4.0572119 1.3552612 -0.058595899 158.73906
4.0552797 1.4404826 -0.049342509 161.33163
4.0522718 1.5369167 -0.058209598 155.0506
4.0351648 1.6608119 -0.044366028 166.075
4.0496759 1.7397107 -0.055489514 162.46428
4.0469141 1.859544 -0.052584 165.15195
4.0450921 1.9687285 -0.052942362 172.46474
4.0531826 2.0637171 -0.056710482 181.89375
4.0496368 2.1509943 -0.058588963 179.34007
4.0457292 2.2536323 -0.049372569 175.19556
4.066081 2.3607605 -0.052179221 176.9397
4.0389853 2.4482074 -0.048764978 167.68045
4.029665 2.5614855 -0.063473165 159.6881
4.0415654 2.6509807 -0.064080544 162.27272
4.0342374 2.7439027 -0.0030626354 178.17973
4.0397725 2.8463109 -0.067990303 169.80296
4.0301275 2.9782867 -0.048066143 163.45378
4.0560875 3.060029 -0.063729309 145.51494
4.0248909 3.1390123 -0.062227897 130.01053
4.0541553 3.2461824 -0.0378487 124.08334
4.0345302 3.3531272 -0.038207177 137.60606
4.0631852 3.4437113 -0.058556836 161.8611
4.0667882 3.5511932 -0.053394802 160.72144
4.036006 3.6791601 -0.025773376 142.5
4.0695181 3.7657607 -0.051217683 173.87483
4.0602646 3.8690052 -0.043465413 169.16666
4.0297112 3.9747314 -0.044874657 179.38887
4.0351562 4.0803018 -0.045466058 174.89999
4.0420256 4.2058663 -0.032078601 170.39999
4.0370917 4.3553615 -0.032271381 212
4.0113344 -2.8228643 0.0088705644 130.5
4.0312548 -2.6594176 0.036584485 137
4.0570493 -2.3663263 0.075004265 147.33334
4.0239716 -0.4665142 0.029822161 145
4.0814881 -0.301723 0.021999028 158
4.0449533 -0.25676373 0.016142186 164.75
4.0711493 -0.11192425 0.020859715 167
4.0535231 -0.092141472 0.010752191 171
4.0290995 0.0616007 0.016444188 179.5
4.0568094 0.16022807 0.01380944 183.875
4.0770392 0.25168395 0.01009282 184.875
4.0642357 0.97599512 0.078629173 146
4.0831547 1.0443395 0.0059919255 185.66667
4.0702233 1.1781877 0.028757937 171.77777
4.0537014 1.3577236 0.039113399 136.86314
4.0292554 1.4028512 0.081676625 117.75
4.0873432 2.1949637 0.012106836 143
4.0327048 2.2505519 0.015062331 147.5
4.046936 2.3064868 0.011935525 159.0625
4.054265 2.4466441 0.0063032913 176.17857
4.0644903 2.6510267 0.0040211598 182.83334
4.0845308 2.7254984 0.011601225 178.14285
4.0587912 2.8547883 0.0090680923 174.79904
4.0716972 2.9763737 0.0089486362 177.95238
4.0895844 3.0510209 0.0016374026 183.5
4.0476665 3.1572998 0.009762344 167.33333
4.0712175 3.7938774 0.00076307624 135.66667
4.0250335 3.8464558 0.043457877 141.19003
4.0110769 3.9806373 0.035526358 134.89999
4.0622387 4.3377047 0.049187683 210.7
4.0445843 -2.0988774 0.11935253 142.5
4.0507984 1.2715333 0.11380645 129
4.0650067 3.8200157 0.10323873 139.86667
4.0039902 3.9449701 0.11859757 125.41666
4.0336237 4.0999966 0.16280423 136.5
4.0865955 4.3226023 0.12367864 211.44444
4.014461 -2.6494091 0.24437313 157.5
4.0210319 -2.0112538 0.22861879 134.33333
4.0144916 -1.8704522 0.24961188 130
4.1432028 1.3574835 -0.10824673 172.58824
4.1422853 1.435324 -0.12170878 160.21053
4.1424122 1.5368308 -0.10918805 147.06122
4.1490526 1.6249672 -0.10528793 152.30612
4.1888962 1.8761488 -0.11039273 131.5
4.1619272 1.9693203 -0.10656518 151.5
4.1323757 2.0723574 -0.10628303 174.8
4.1474209 2.3672707 -0.10901306 181.2262
4.1568298 2.4906805 -0.10442133 169.40894
4.1799784 2.5894861 -0.12507167 169.57895
4.1373587 2.6466031 -0.11152587 165.625
4.173151 2.8729312 -0.12222591 114
4.1772494 3.0574346 -0.11560896 146.33333
4.1493053 3.2281926 -0.10987799 172.625
4.1310992 3.3625541 -0.10261554 182.8
4.141326 0.45889306 -0.014085833 166.71429
4.1751623 0.58258355 -0.010956703 167.66666
4.1383739 0.63769257 -0.027165646 158.58095
4.1554227 0.73387432 -0.032479145 162.45332
4.1535254 0.82378137 -0.043460004 162.675
4.11938 0.94355088 -0.045175076 159.60416
4.1585507 1.0462174 -0.03961492 166.62262
4.1192932 1.1647407 -0.068846561 167.87308
4.1680303 1.2644094 -0.051269326 158.96297
4.133635 1.3396285 -0.041744322 143.69048
4.1507621 1.4515305 -0.069827296 153.44888
4.1503024 1.5426356 -0.042888112 154.02779
4.1556549 1.6376653 -0.05841592 166.34375
4.1447687 1.7355678 -0.046227083 175.18889
4.1554809 1.8563896 -0.048489526 155.92084
4.1572919 1.9476889 -0.048814308 161.77779
4.1548634 2.0481246 -0.041901488 149.43028
4.1262045 2.1387963 -0.050128881 168.776
4.1404266 2.2527142 -0.048009329 177.59644
4.1622581 2.3577499 -0.060553785 178.37076
4.1719995 2.4397182 -0.056165293 185.05556
4.1495304 2.5483701 -0.036292382 170.11394
4.1283088 2.6654837 -0.057775687 171.61229
4.1284976 2.7670918 -0.05947886 170.55606
4.1368246 2.851294 -0.014481522 158.54167
4.150918 2.9414983 -3.6051049e-05 187.42857
4.1133032 3.0842266 -0.055199515 140
4.114603 3.1388104 -0.054174621 131.04166
4.1154375 3.2619257 -0.049449094 141.11765
4.1566663 3.3780556 -0.05527816 143.9762
4.1794024 3.4532959 -0.069352694 170.89999
4.1673183 3.5296261 -0.057308581 145.375
4.1054001 3.6592715 -0.041686002 150.06667
4.1500397 3.7684035 -0.046746753 165.81154
4.1689501 3.87042 -0.048877589 147.86667
4.1566496 3.9791489 -0.031938225 151.75
4.1114521 4.1223512 -0.0045781913 166.8
4.1464005 4.2693596 -0.043453164 164
4.1786356 -2.7323973 0.029859981 119
4.112319 -2.6995618 0.03245455 124.5
4.1254239 -0.35395601 0.024847571 149
4.1767759 -0.20669162 0.022125348 158
4.1500359 -0.17880659 0.012099293 162
4.1282701 -0.0078271693 0.023042785 168.5
4.1469078 0.05160296 0.016402828 171.75
4.1589727 0.11043196 0.011545351 171.66667
4.1105046 0.87531704 0.010312633 144.5
4.1935868 0.94262069 0.0013957922 171.33333
4.185143 1.0523791 0.0035355985 172
4.1150451 1.3756981 0.001929293 140.83333
4.1867118 2.0925887 0.011648548 144.60001
4.1870589 2.2031248 0.013610322 142.8
4.150857 2.37237 0.010682159 168.25
4.1702075 2.4656727 0.041735172 153.80809
4.1272421 2.5616 0.036576495 141.83365
4.14468 2.6840518 0.021865012 152.33087
4.1300435 2.7737281 0.030053172 140.41667
4.1569853 2.857264 0.0076455059 173.5
4.1894021 2.9542398 0.004838163 170.41666
4.1315365 3.0332427 0.0065767108 185.42857
4.1302323 3.1023021 0.010473466 166.75
4.144619 3.7939088 0.022005312 143.71428
4.1373911 3.8124671 0.051254116 159.53571
4.150557 4.1047955 0.011937649 184.25
4.1356015 4.2439599 0.0046675256 167.57143
4.1396332 -2.0933914 0.12177814 133.33333
4.1711349 3.793067 0.10614283 108.70588
4.1491542 4.0710258 0.10461745 186.5
4.1129155 4.1895275 0.10845985 179.89999
4.2326145 1.321237 -0.10190353 176.72223
4.2119708 1.7955117 -0.1096386 117
4.2055769 1.818724 -0.11359255 123
4.2971582 1.9526979 -0.10690567 139.66667
4.2485304 2.0650229 -0.10074525 165.2
4.2082362 2.1597269 -0.10170313 183.2
4.2826848 2.5020993 -0.1158682 179.66667
4.2519822 2.7865415 -0.13584006 107
4.2956572 2.9552977 -0.12518053 135
4.2429285 3.0004022 -0.11938059 133
4.2945628 3.1311564 -0.11669441 143.5
4.2372923 3.3086357 -0.10217106 168.5
4.2687125 0.39473477 -0.0034252619 157
4.2305641 0.428426 -0.015851079 165.93333
4.2495403 0.55340928 -0.035001434 150.875
4.2668133 0.66618431 -0.01917652 161
4.2432165 0.73591864 -0.010053379 156.25
4.2282157 0.85653341 -0.031802505 152.95238
4.2238603 0.96410185 -0.047570422 150.88571
4.2327557 1.067284 -0.070562929 152.875
4.256834 1.1509191 -0.045857426 161.25714
4.2526793 1.2424356 -0.066763185 165.06979
4.238215 1.3630563 -0.062733077 146.8
4.2426209 1.4587011 -0.056649953 160.92249
4.2721686 1.5575693 -0.054181144 152.40196
4.2523661 1.6239314 -0.055612393 141.51724
4.2442932 1.747684 -0.055818625 156.68332
4.2362375 1.8409697 -0.05324195 162.45834
4.2532268 1.9394163 -0.046253234 157.55417
4.2375093 2.0363724 -0.044640377 157.25833
4.2440815 2.162338 -0.032012392 164.7
4.2527933 2.2754195 -0.057848498 186.63542
4.2578773 2.348654 -0.029968074 168.36528
4.2499099 2.4701014 -0.03096715 174.45
4.2287655 2.5634239 -0.07340385 169.72221
4.2277646 2.6566923 -0.016880661 165.98889
4.2306428 2.7830098 -0.016718782 164.50002
4.2614284 2.8645177 -0.040314119 179.78571
4.2017817 3.0087886 -0.0010321246 188
4.2149615 3.1850529 -0.04314075 166.23529
4.2240748 3.2755363 -0.034439161 169.88889
4.2085896 3.3655906 -0.038188495 165.66667
4.2777452 3.455348 -0.082211412 157.625
4.2898798 3.5413759 -0.097409777 173.60001
4.2194443 3.6468945 -0.046750929 138.41667
4.2530127 3.7566864 -0.056002591 153.95833
4.248538 3.8826931 -0.043517187 140.60001
4.2942119 -2.4137676 0.068949662 130
4.2076354 -2.3965766 0.073291689 128.5
4.2168198 -0.064186372 0.013792097 164.33333
4.2258263 0.076237082 0.014647049 171
4.2076969 0.20736735 0.0078592142 173.2
4.2266932 1.072593 0.025021223 131
4.2876143 1.989061 0.0095431441 134.33333
4.2209177 2.0548532 0.021017231 141
4.2717299 2.1599276 0.013394839 144.5
4.2067561 2.2948704 0.0078903269 145.16667
4.2561612 2.3832326 0.017626887 153.05556
4.2646909 2.4257169 0.0016412864 147.75
4.2190418 2.5064495 0.010605643 161
4.238903 2.6447585 0.0097085917 167.01666
4.2835588 2.7759614 0.0068450049 160.25
4.2706532 2.8651969 0.0055563846 161.625
4.2494082 2.9627957 0.0057788808 174.35001
4.2181435 3.0211244 0.014352757 162
4.2667131 3.8041089 0.099887252 85
4.2576385 3.981092 0.08010412 121.57143
4.239624 4.0010672 0.0038634723 177.71428
4.2331719 -2.0877988 0.12254389 130
4.2478752 2.5029936 0.13039073 159
4.337954 1.857494 -0.10833734 122
4.3932056 2.8729002 -0.14016545 154
4.3466206 2.9125421 -0.13420664 150
4.3521061 3.0908453 -0.11238249 129
4.3588929 3.2479038 -0.10514824 146.33333
4.3306961 3.3339648 -0.10150636 156.5
4.3604298 0.42630234 -0.029785134 163
4.3510957 0.51864088 -0.02417505 149.66667
4.3287764 0.63679516 -0.015566502 134.75
4.3906245 0.79692978 -0.061992496 129
4.3356204 0.86535162 -0.026683077 139.08333
4.3646874 0.97816211 -0.025254317 145.60001
4.3456631 1.0721462 -0.026076525 153.97726
4.3432527 1.144634 -0.059941426 154.00893
4.3651738 1.2535386 -0.041282684 157.03241
4.3228936 1.3244215 -0.068328604 160.36465
4.361732 1.4335231 -0.065856002 158.83928
4.3636179 1.5398152 -0.073577486 172.79488
4.3585691 1.6306037 -0.062314745 153.55769
4.3411412 1.7481782 -0.046049699 144.09723
4.3342676 1.8605934 -0.042121395 150.66667
4.3240581 1.9582194 -0.055432122 163.8
4.3540211 2.06322 -0.059842203 170.53751
4.324265 2.1736612 -0.03351688 169.59999
4.3507271 2.262816 -0.024950691 157.86667
4.3384504 2.3584125 -0.039550874 164.54762
4.3096967 2.4460964 -0.078580089 181.01515
4.3352079 2.5460534 -0.043245956 169.87778
4.3174014 2.6823728 -0.077135302 173.95833
4.319088 2.747056 -0.043488629 174.31538
4.3580694 2.8312063 -0.006735398 176.43333
4.324801 2.9641166 -0.0089398697 182.875
4.3147006 3.2604227 -0.035574529 167.5
4.3469901 3.3506007 -0.03871638 162.3
4.3564806 3.4690452 -0.06541431 131.33333
4.3739495 3.5247128 -0.099689208 165
4.3216143 3.6502612 -0.076376319 168.75
4.302001 3.7666676 -0.0637106 165.75
4.365283 3.855938 -0.04195698 142.5625
4.3467684 1.9264257 0.015705474 124.66666
4.3741856 2.0778635 0.013311814 131.66667
4.3817978 2.1544306 0.0087636691 137
4.3380241 2.250823 0.013160644 141.85001
4.3801279 2.3547289 0.012594282 144
4.3296795 2.4652338 0.048928238 159.2
4.3177714 2.588413 0.011879275 153.39999
4.3451276 2.6828306 0.01241076 155.2
4.3828096 2.7849472 0.013391908 150.8
4.3619699 2.8866675 0.0078808274 149.5
4.3395691 3.7753904 0.064877875 127.20834
4.3295269 -2.0816684 0.12020867 139
4.3241143 3.9884641 0.10883518 84
4.4784575 2.3005002 -0.10057808 179.16667
4.4427323 3.0308387 -0.11857872 123.75
4.4213114 3.2148206 -0.10002039 132
4.4260602 3.5147231 -0.10214907 153.5
4.4109225 0.46588778 -0.0053891353 116
4.4683738 0.65121263 -0.033719044 123.53334
4.4024377 0.74956238 -0.01722751 141
4.4613252 0.8781485 -0.037997786 139.98334
4.4007025 0.99692446 -0.0719418 146.33333
4.4847031 1.0438979 -0.048985247 142.925
4.4612913 1.1744574 -0.050829913 152.25
4.4349709 1.2256441 -0.059118155 154.5
4.4385934 1.3436786 -0.045233943 163.70203
4.4489055 1.4114729 -0.055070542 171.58542
4.4477072 1.5477966 -0.063217685 172.48334
4.4271669 1.741411 -0.055969685 150.5
4.4594064 1.8548946 -0.055984721 146.3611
4.4237218 1.9630986 -0.047747366 154.66666
4.4638052 2.0540411 -0.056042913 157.8889
4.429769 2.1555781 -0.047962174 164.00002
4.4321589 2.4481616 -0.030059787 166.04546
4.4231639 2.5578899 -0.068911999 182.18013
4.4538255 2.646168 -0.039426923 176.83333
4.434608 2.7576363 -0.0566778 176.19806
4.4045815 2.8890643 -0.077075921 181.55556
4.4290509 2.9221907 -0.0035847172 174
4.4457126 3.351949 -0.073083237 144.6389
4.4769106 3.4687338 -0.079585813 129.83334
4.4311562 3.6428242 -0.077420339 155.33333
4.4205198 3.7754405 -0.06682872 154.33333
4.4495354 3.9036229 -0.043173693 128
4.4105697 1.8597081 0.01913612 117.5
4.4490824 2.0167713 0.017440083 127.66666
4.4791384 2.1643229 0.016379762 132
4.4908447 2.3061678 0.011202552 140
4.4126902 2.4608948 0.014664519 142.25
4.4254532 2.5708916 0.01458217 142
4.4255905 2.6794424 0.018060124 145.33333
4.569993 2.0086803 -0.102253 133.5
4.5018411 3.1749012 -0.10300507 121
4.514328 0.57323003 -0.071943924 108
4.5520191 0.76581955 -0.034323554 131.55556
4.5549927 0.86348391 -0.047665142 135.5
4.5591812 0.94851601 -0.04827936 140.58334
4.5516539 1.0349571 -0.047005519 142.95834
4.5523095 1.1320457 -0.043552209 148.45
4.5334659 1.2623882 -0.051641237 155.46388
4.5453272 1.3839788 -0.056107447 158.7375
4.5545993 1.4707779 -0.071924672 158.77777
4.526051 1.5528009 -0.056132693 161.66667
4.52068 1.6838926 -0.045864645 161.25
4.5299854 1.7595785 -0.063326962 117
4.5375233 1.8207532 -0.045387864 164.25
4.5515924 1.9602361 -0.051229794 150.8889
4.5110221 2.0843623 -0.098088376 144
4.5889997 2.1889675 -0.099482022 155
4.5734301 2.251101 -0.071260326 170.66666
4.5392232 2.3472638 -0.050706524 186.64285
4.5318546 2.4992723 -0.055208374 187.90909
4.5024633 2.5880339 -0.004918382 152
4.5520706 2.6132545 -0.059082597 187.47223
4.5299654 2.7615004 -0.049316041 180.76825
4.5526996 2.879385 -0.026410215 170.55556
4.5065932 2.9015203 -0.066253237 187.35715
4.5214939 3.4224017 -0.067855373 113
4.5198965 2.4303021 0.011345922 137.33333
4.6574492 1.8963526 -0.10808514 123
4.6100821 1.9571091 -0.10465686 123
4.6987791 2.0788462 -0.10043056 136
4.6425371 2.1363635 -0.10355333 144.66667
4.6195645 0.6882804 -0.060515031 114
4.6033669 0.71226639 -0.065384842 116
4.6409092 0.86644357 -0.042956457 134.33334
4.6496778 0.94780427 -0.048364453 135.875
4.6755295 1.0366173 -0.072533481 138.5
4.6414256 1.1438115 -0.030615225 143.39999
4.652482 1.2433832 -0.045534842 149.68332
4.6465607 1.3566859 -0.051609106 149.04167
4.6133447 1.4489051 -0.063991807 148.25
4.6458836 1.5415791 -0.06754601 151.83333
4.6376972 1.8579108 -0.052236933 124.5
4.6261182 2.3867662 -0.05881805 185.83333
4.6626763 2.4821053 -0.058219176 185.375
4.6774778 2.5891476 -0.073220961 185.5
4.6042304 2.7018809 -0.066969298 190
4.6932058 2.8817959 -0.07031782 187.8
4.6553001 2.9779546 -0.077751748 186.39999
4.782619 1.9955121 -0.10363255 130
4.7515225 2.0268936 -0.10399685 130
4.7072372 0.81429547 -0.063688859 125
4.7580328 0.96510512 -0.066507362 132.83334
4.743876 1.1416281 -0.066142388 136.83334
4.7202291 1.2930295 -0.064955547 143.66667
4.7068806 1.3482873 -0.029196609 154
4.7180567 1.4133344 -0.061993238 143.75
4.7441039 1.5201049 -0.059472688 145
4.7261343 2.3223202 -0.054839842 174.39999
4.7710042 2.4307585 -0.054666799 177.83333
4.7483225 2.5640235 -0.064535432 180.5
4.7068501 2.6883602 -0.078044012 186.66667
4.7008438 2.7881792 -0.07329575 187
4.7707109 3.0034776 -0.074378222 179
4.8158078 1.0946321 -0.065201484 133
4.8198581 1.2451046 -0.065358303 136.5
4.8324394 1.375349 -0.062895149 138.5
4.8445325 1.5032958 -0.069679633 140
4.8261433 2.2589641 -0.054001473 155.16666
4.8926163 2.3743591 -0.054270245 162.66667
4.8236313 2.5394557 -0.061450515 171
4.8122602 2.6682515 -0.071742937 173.66666
4.8118477 2.7841263 -0.072787054 174.8
4.8397522 2.8914745 -0.059292529 200.58334
4.8582001 2.8339643 0.10607192 178
4.9069443 2.2045951 -0.044081487 142
4.9596629 2.3413849 -0.048624177 157
4.9243517 2.5097623 -0.066398233 161.66666
4.9218493 2.6512525 -0.07633625 163.5
4.9064798 2.7824984 -0.077536091 165
