# .PCD v0.7 - Point Cloud Data file format
VERSION 0.7
FIELDS x y z intensity
SIZE 4 4 4 4
TYPE F F F F
COUNT 1 1 1 1
WIDTH 9962
HEIGHT 1
VIEWPOINT 0 0 0 1 0 0 0
POINTS 9962
DATA ascii
-34.272835 5.2422476 2.9143474 10
-34.276516 3.9874868 3.4130533 11
-34.140297 1.0665659 3.6509845 11
-34.187302 2.5307949 4.2176476 13
-34.123844 0.13447915 4.3910918 14
-34.167927 0.38903469 4.9911671 15
-34.077045 -0.77527404 4.4812865 13
-34.051712 -0.096861936 4.9789624 14
-15.29124 -2.2722588 1.0489465 15
-15.136141 -0.15380959 0.68158245 13
-15.114435 -0.18030162 1.1994866 15
-15.158087 1.4075011 1.1742688 14
-15.162972 -0.87895322 1.2544745 15
-15.175752 -0.5810746 1.2487643 12
-15.119101 -0.04022808 1.2049263 11
-15.131111 0.10878155 1.2336061 11
-15.197428 0.76700038 1.2271165 13
-15.113128 -0.29667956 1.3959198 13
-15.107639 0.75022346 1.6059765 15
-15.134582 0.35884202 2.0765228 11
-15.063747 5.000844 -0.016244164 7
-15.056459 -1.5636216 0.27016163 10
-15.029751 -2.0091844 0.3565298 11
-15.002708 -1.5511571 1.0136286 10
-15.0208 -2.3841765 1.1506729 10
-15.009415 -1.4485532 1.1516992 11
-15.039291 -0.85304463 1.1464709 11
-15.0571 -0.52568829 1.1960684 12
-15.061199 0.054397527 1.1710324 14
-15.032544 -1.8460371 1.2353996 13
-15.014513 -1.3128524 1.2500724 14
-15.001154 -0.57356024 1.2556391 15
-15.003811 -0.45973474 1.2917637 12
-15.02774 -0.33388752 1.2222303 13
-15.030563 -0.23850848 1.2428179 12
-15.007055 0.26556087 1.2206818 15
-15.089745 0.86850226 1.2998425 14
-15.062177 -1.2782222 1.3468004 11
-15.004982 -0.86866039 1.3861612 12
-15.006927 -0.79455292 1.3611552 13
-15.0499 -0.480129 1.3399806 13
-15.02146 -0.32634455 1.3575228 14
-15.031923 -0.046088535 1.334637 10
-15.032156 0.067230076 1.3270329 10
-15.065372 0.71292138 1.3660505 10
-15.026791 -2.2335503 1.4824089 12
-15.010508 -1.2708747 1.4171011 12
-15.003126 -0.93621778 1.4683436 14
-15.049442 -0.68397385 1.4649305 15
-15.002861 -0.21104755 1.4657949 13
-15.024004 -0.092439063 1.432277 14
-15.010548 0.12336262 1.4566351 11
-15.038834 0.38209656 1.4647136 12
-15.006598 0.62781698 1.4122725 11
-15.009887 -2.0030336 1.5300224 14
-15.014574 -1.7625084 1.586886 13
-15.056828 -0.25520286 1.5845138 13.5
-15.053874 -0.17625611 1.5881481 15
-15.032248 0.025642237 1.5875487 11
-15.041061 0.22539648 1.5919505 15
-15.038771 0.49103159 1.526724 10
-15.036163 -1.2894194 1.6376939 15
-15.061726 -0.88927966 1.6809642 14
-15.029074 -0.69915861 1.6319762 15
-15.064198 0.4368448 1.6890184 11.5
-15.0884 0.79440635 1.6401113 12
-15.092511 -0.95932949 1.7225267 14
-15.018642 0.052235898 1.7479527 14
-15.069284 0.18060143 1.7635739 11
-15.025097 0.2545529 1.7297299 13.5
-15.032731 0.46536946 1.7870127 11
-15.08138 -1.7482754 1.8938135 14
-15.013002 -1.2540103 1.8844632 15
-15.020653 -1.1321175 1.8772084 15
-15.048003 0.11206818 1.8864833 12
-15.041643 0.4850179 1.8960747 12
-15.058901 -0.57207483 1.9186043 12
-15.016122 -0.45927325 1.955556 15
-15.065382 -0.21358037 1.9307324 15
-15.029414 -0.04777218 1.9676259 15
-15.032751 0.25675565 1.925171 14
-15.078103 0.42997319 1.987618 15
-15.00668 0.052754972 2.047631 13
-15.022159 0.20148717 2.0508475 13
-15.020095 0.56770653 2.0433664 13.5
-15.091272 0.62948227 2.0885444 13
-15.056322 0.96252584 2.0153177 13.5
-15.069197 1.632867 2.0838845 12
-15.043001 0.71781665 2.1330743 15
-15.056985 1.2750401 2.1495459 13
-15.032464 -0.24226022 2.3411703 15
-14.912663 3.6163783 -0.19960845 7
-14.967939 4.0545926 -0.030279785 7
-14.958792 -2.5536335 0.26536825 9
-14.982703 -1.6427281 0.94389397 14
-14.987368 -1.8280913 1.1901546 13
-14.945819 -0.82931614 1.1981343 13
-14.997585 -0.33393598 1.1336774 13
-14.982449 -1.6735173 1.2753891 12
-14.964981 -1.4684246 1.2216606 15
-14.930798 -1.2699683 1.2633591 14
-14.996899 -0.85464984 1.2894351 13
-14.953489 -0.59335566 1.2299271 14
-14.995817 -0.34835511 1.2929587 14
-14.923373 -0.29510042 1.244976 13
-14.978195 0.31201464 1.222834 13
-14.965078 -1.5549403 1.3778585 14
-14.992025 -0.19917199 1.3661709 15
-14.942144 -2.3783073 1.4821378 15
-14.919043 -2.2414753 1.4507118 14
-14.941517 -1.2816226 1.436053 14
-14.985256 0.0036826893 1.4498776 15
-14.984971 0.20789908 1.4286944 11
-14.994758 -1.1083617 1.5515567 13
-14.958296 -0.56393224 1.576322 12
-14.974179 -2.2580411 1.621156 15
-14.981095 -1.4278886 1.6309662 15
-14.990871 -0.76129913 1.7883041 15
-14.976876 -2.3936574 2.2357082 15
-14.814711 -2.7196269 0.17295337 8
-14.810987 -2.6258743 0.19835138 8
-14.890995 -2.0493376 0.14532217 8
-14.815469 -2.5016358 0.28874919 9
-14.818112 -1.8234992 0.22494762 8
-14.821355 -1.4090259 0.2932274 8
-14.804584 -2.0244737 0.34087577 9
-14.837049 -1.7174397 0.38291207 11
-14.852757 -1.5501223 0.33906955 9.5
-14.806232 -1.4861591 0.33989438 10
-14.803182 -1.3587384 0.34605831 11
-14.814004 -1.1452333 0.36487925 11
-14.820748 -0.91658276 0.36854216 11.5
-14.813396 -0.65260845 0.38256305 11
-14.830755 -0.41187289 0.34689137 10
-14.826408 0.16098681 0.32927969 11.333333
-14.836898 0.49560925 0.33944431 12
-14.809736 -1.5192955 0.42367908 9
-14.800694 -1.2235559 0.41310617 12
-14.817941 -0.8831026 0.41009286 12
-14.84424 -0.79316574 0.49148309 15
-14.821455 -0.65279573 0.45805603 12.333333
-14.81878 -0.055508923 0.41821244 11.75
-14.854397 0.060172394 0.41447777 12
-14.859534 0.26734656 0.44855013 13
-14.863329 0.44976559 0.46119654 13
-14.84687 0.60926527 0.46335447 12
-14.817621 -2.5316556 0.57982856 11
-14.824185 -2.4803674 0.5314793 9
-14.875069 -1.8887486 0.54885733 9
-14.838449 -1.6996269 0.54186094 8
-14.812961 -1.5234358 0.51610786 13
-14.816793 -1.1491789 0.5371114 14.25
-14.828948 -1.0338031 0.59637082 15
-14.816631 -0.93252128 0.5545395 14
-14.813531 -0.8732183 0.55733943 13
-14.829884 -0.72691905 0.59744793 15
-14.835652 -0.4506574 0.50345093 14
-14.883768 0.10508667 0.50559878 14.5
-14.80511 -2.2123291 0.69726789 10
-14.818809 -1.4001766 0.62989235 15
-14.825789 -0.66703069 0.62311143 15
-14.836415 -0.29174486 0.61329156 13
-14.810791 1.752565 0.65080392 11
-14.859307 0.39170629 1.1823412 12
-14.83266 -2.3881102 1.3177569 11
-14.831291 -2.7891946 1.5733222 12
-14.832865 -2.4506102 1.736611 13
-14.829382 -2.4897861 1.9106888 14
-14.870074 0.90196735 2.4483671 14
-14.784492 -2.7361829 0.16381042 8
-14.79671 -2.6002238 0.12734742 7
-14.771896 -2.6350715 0.26908296 8
-14.796665 -2.0831425 0.24247056 7
-14.77091 -2.7402961 0.37808093 10
-14.760223 -2.6577835 0.35612413 9.75
-14.749492 -2.5065298 0.39620799 9
-14.766965 -2.3787093 0.38934484 11
-14.783396 -2.2443709 0.35354733 11
-14.773331 -1.8517867 0.34732783 10.333333
-14.788737 -1.7226791 0.38915616 11
-14.759426 -1.3408637 0.34219411 11
-14.782136 -1.1514072 0.33332959 11
-14.766089 -1.0515987 0.35878059 11
-14.775059 -0.77401727 0.3927969 13
-14.744983 -0.43214858 0.35147044 11
-14.733503 -0.32550579 0.39682394 10
-14.716897 -0.098858021 0.3644906 12
-14.732816 -3.655375 0.44323882 10
-14.766984 -2.7559605 0.44308743 12.5
-14.763978 -2.6501942 0.45700914 10.333333
-14.771138 -2.5189404 0.48003089 13
-14.768753 -2.2452426 0.41115689 11.75
-14.769547 -2.0660002 0.45891207 9.333333
-14.76655 -1.9747795 0.42396531 10
-14.776059 -1.8423102 0.4099054 10
-14.778956 -1.2784215 0.47887108 14
-14.770409 -0.86015689 0.41391012 12.083334
-14.736144 -0.69791216 0.44406655 12.666667
-14.719708 -0.44381511 0.40585136 11.25
-14.700988 -2.8067091 0.52422965 10
-14.791652 -2.7666986 0.59781379 14
-14.750604 -2.6696777 0.54487097 10.333333
-14.763633 -2.4791253 0.57119089 11
-14.755456 -2.1703582 0.5743081 13.5
-14.76662 -2.0775084 0.56321919 13.5
-14.795064 -1.9941119 0.54626656 10
-14.724697 -0.9062407 0.55529726 14
-14.769456 -2.6634181 0.60475343 9.5
-14.781379 -2.5546796 0.60967183 14.25
-14.780049 -2.4899187 0.67256564 13
-14.728291 -2.1898973 0.67581517 13
-14.795537 -2.0638192 0.62788963 10
-14.706388 -1.7666048 0.67030352 14
-14.704454 -1.5857409 0.66756278 15
-14.703453 -0.89946604 0.64680523 14.5
-14.746668 -0.45300579 0.62455493 15
-14.719033 -3.7157817 0.70885897 14
-14.705673 0.52520108 0.80589527 12
-14.744784 0.44100451 0.99655145 12
-14.786016 0.55835903 0.96978033 10
-14.796659 -2.5099895 1.1855708 14
-14.753592 0.66553515 1.1864586 12
-14.756698 0.54526836 1.2061471 13
-14.791382 -2.4934409 1.4316638 15
-14.785228 -3.5342669 1.7816634 15
-14.699734 -1.7884411 0.12619226 7
-14.600201 -0.13224749 0.25429296 11
-14.627387 -2.7655294 0.35093105 9
-14.631159 -2.6567478 0.34960616 9.5
-14.695904 -0.65652275 0.33608004 12
-14.694656 -0.44271493 0.36045629 11
-14.696637 -0.19238928 0.33363003 12
-14.620998 0.40053439 0.30600226 11
-14.633572 -2.7608182 0.44559994 12.25
-14.650725 -2.558753 0.44907361 12.75
-14.677618 -0.94146568 0.41418687 14
-14.677526 -0.89504284 0.4072063 13
-14.662449 -0.77816224 0.45322567 14
-14.683743 -0.44242477 0.45316616 12
-14.618394 0.42789561 0.40936086 10
-14.677077 -3.7200959 0.55325025 12
-14.64486 -2.7570701 0.54586029 9
-14.693713 -2.6181121 0.5663687 11.5
-14.640439 -2.5519326 0.54703873 15
-14.677196 -0.88592422 0.55750036 15
-14.673444 -0.66397732 0.56641662 14
-14.653604 -2.7748919 0.67594337 13.5
-14.640223 -2.6549382 0.64546001 10
-14.66512 -2.5800693 0.67494524 12
-14.688604 -1.9438252 0.61743218 13
-14.694753 -1.4673446 0.63007259 12.5
-14.682773 -1.1330006 0.60570735 15
-14.677935 -0.42637241 0.63689214 14
-14.624217 -2.6181612 0.78883988 14
-14.650749 -2.5937519 0.76681066 14
-14.678895 -2.1703296 0.73440886 14.5
-14.681201 -2.0005155 0.70615315 15
-14.67349 0.57947379 0.89192367 13
-14.628354 0.44220197 0.919164 12.5
-14.645392 0.55749297 0.99726528 10
-14.53123 -2.7931302 0.12565681 8
-14.536108 -0.070134953 0.1674982 9.5
-14.51868 -2.8000407 0.28673232 7
-14.541715 -2.7684941 0.2692759 9
-14.529444 -2.7723305 0.38943192 10
-14.579792 -2.6805644 0.38652161 9
-14.5629 -2.7159421 0.4601858 8
-14.57614 -2.6845715 0.49657664 12
-14.521828 -2.66681 0.58635712 11
-14.544296 -0.39820492 0.54995853 14
-14.53304 -2.7904711 0.69924313 15
-14.568576 -2.8081317 0.73001343 11
-14.560697 -2.7398243 0.71909171 14
-14.533242 0.77731365 0.92838395 12
-14.52447 1.8219008 2.0787456 15
-14.404167 -0.59047562 0.033023961 6
-14.491854 -2.8090093 0.16113076 7
-14.494226 -2.7276475 0.15185724 7
-14.428638 -2.8980143 0.28972647 9
-14.4991 -0.30761451 0.21558586 8
-14.474113 1.2009693 0.25686297 10
-14.406507 -2.6885519 0.38557678 11
-14.431699 -0.41773641 0.34384039 13
-14.413562 -0.35936117 0.39274526 14.5
-14.489107 0.55518615 0.35868925 13
-14.433957 -2.803324 0.44827312 10.25
-14.433979 -0.3410936 0.48010236 13
-14.477522 0.57518172 0.42962527 14
-14.476716 -0.40649197 0.56422025 13
-14.412118 -0.37855914 0.57013667 13.25
-14.417299 -2.7827024 0.60379338 11
-14.417077 -0.38308218 0.61272568 13
-14.468476 -0.28140473 0.6718303 11
-14.403059 -0.36713597 0.73484081 13
-14.418414 0.74797958 0.88157541 9
-14.438235 0.77427435 1.3449039 14
-14.456785 -1.3302007 3.209131 12
-14.474565 -0.053531714 3.542757 14
-14.312786 0.94102108 0.12932199 9
-14.385917 -0.53998715 0.23881505 10.5
-14.375389 -0.39284286 0.28082034 9
-14.323645 -0.25025615 0.28092751 9
-14.353765 -0.040278472 0.24072917 9
-14.346017 0.50149733 0.219969 12
-14.305945 -0.67068869 0.38626367 10
-14.376955 -0.52563375 0.37277609 10.833333
-14.384089 -0.45012352 0.32750413 9.75
-14.308676 -0.14911422 0.32325703 12
-14.336695 0.18357898 0.36610121 10
-14.320719 -3.7068353 0.46433243 10.5
-14.352964 -2.7057495 0.47950128 10
-14.308239 -2.6171017 0.46185896 13
-14.329182 -0.70960724 0.47162122 11
-14.308763 -0.61240453 0.48812094 9
-14.360299 -0.53225613 0.45129454 14.75
-14.382804 -0.45157829 0.46693313 12
-14.38192 -0.37634987 0.45493954 12.375
-14.329326 -0.2407669 0.44109792 11
-14.334527 0.20384327 0.47265905 12
-14.395494 -2.8145204 0.59528816 11
-14.350535 -2.7431986 0.50321978 15
-14.334913 -2.6526232 0.57812047 13
-14.311419 -0.62146741 0.57939887 13
-14.32875 -0.53467268 0.5324018 12.5
-14.394606 -0.44150463 0.52055287 12
-14.379902 -0.37186152 0.58434826 11
-14.349421 4.1199393 0.50134248 10
-14.301663 -2.6204188 0.64639151 12
-14.313087 -0.6288709 0.67002648 13
-14.341746 -0.53622025 0.64170867 11.75
-14.389915 -0.3963652 0.6853987 12
-14.33606 -0.59093702 0.7327587 14
-14.377769 -0.43567616 0.75711191 11.5
-14.376134 -0.39930964 0.72877014 14
-14.338944 -0.64970779 0.83249211 13.666667
-14.357203 0.79669738 0.90377098 13
-14.398249 0.45977017 1.2812164 13
-14.39523 0.65480697 3.2855971 14
-14.239393 -0.67848754 0.0089682946 7
-14.209376 3.5430121 0.080655277 8
-14.219951 -0.68383586 0.19249301 8
-14.241288 0.45884091 0.15546836 8.666667
-14.243878 -2.9020512 0.26012075 9
-14.260876 -0.66576385 0.23352425 7.5
-14.207161 1.7973841 0.28572536 8
-14.250278 -2.7557614 0.30370098 9
-14.281648 -2.6604764 0.39485136 11
-14.245663 -0.63918722 0.3394447 10
-14.220754 -0.57164013 0.37452078 11.5
-14.284938 -0.25992209 0.31237459 13
-14.28035 -0.19958708 0.3805393 11
-14.285527 0.16325805 0.33985117 13
-14.288918 4.131115 0.38450041 9
-14.221768 -2.8546431 0.41946918 14
-14.244976 -2.7216811 0.44237524 12
-14.268517 -2.6328466 0.43391758 12
-14.267303 -0.64569426 0.44357988 12.5
-14.240156 -0.58804369 0.44696024 10.5
-14.284401 1.3047472 0.42077732 14
-14.286213 -2.6730914 0.57889527 12.333333
-14.227053 -2.6896858 0.69049245 11
-14.228625 -2.5895879 0.7576701 15
-14.202106 4.3247938 0.927872 13
-14.259786 -0.65108925 1.0517437 12
-14.239335 -3.004252 1.1482304 13
-14.277058 -3.0165637 1.2979596 15
-14.292974 0.77844548 2.357671 14
-14.190758 1.1418886 -0.17399657 7
-14.10562 3.0601149 -0.15779558 7
-14.121225 0.50306487 -0.042788412 6
-14.102934 1.7256157 -0.089270294 6
-14.105189 0.075143218 0.089986078 7
-14.125193 0.11061343 0.060407929 6
-14.112543 0.32617918 0.026908418 6
-14.104355 0.72316045 0.075631648 7
-14.154632 1.3727319 0.025339652 7
-14.161267 -2.1848907 0.16053024 8
-14.13809 1.7721765 0.10174375 7
-14.118937 -2.8126242 0.21255361 9
-14.140357 -2.7765207 0.27709478 8
-14.157307 -0.65965253 0.2352185 9.5
-14.122233 0.11528839 0.28141126 10
-14.155249 0.26024798 0.28358519 8.5
-14.146872 0.66873956 0.2603046 8
-14.177721 1.1774546 0.26479235 9
-14.107344 1.5951812 0.21811487 8
-14.100367 1.7463185 0.26527449 9.5
-14.186309 -2.7791281 0.37460086 10.5
-14.146559 -2.5480368 0.37185693 14
-14.174658 -0.71681982 0.30133834 9
-14.182387 -0.6765638 0.34515607 10
-14.183378 0.17946827 0.36010435 14
-14.119723 0.76283455 0.37639412 13.25
-14.136896 1.2768227 0.30446193 8
-14.123236 1.3626709 0.33947098 12.625
-14.108973 1.537981 0.33221337 9
-14.130838 1.7635317 0.38816461 13.5
-14.116121 1.8148535 0.35999304 12
-14.124742 -2.7578151 0.40251601 10
-14.187593 -0.59298193 0.43025067 14.5
-14.193815 0.22014916 0.4445878 11
-14.146251 1.3360678 0.43284813 14
-14.100218 1.7651786 0.49773601 15
-14.153908 -3.6522248 0.56640029 13
-14.112343 -2.675241 0.51261497 11
-14.125658 1.7900829 0.50395703 15
-14.107224 -3.9271433 0.62773854 14
-14.164389 -3.6980844 0.63383943 14
-14.164229 -2.7813869 0.67626119 11.5
-14.04962 0.1416239 -0.055975117 7
-14.087872 0.22358555 -0.048253071 6
-14.046627 0.39277697 -0.086484797 6
-14.074903 0.86993366 -0.031099865 7
-14.043986 1.433378 -0.015059346 7
-14.08186 2.1480813 -0.066569209 7
-14.051266 4.6989241 -0.024370037 7
-14.048441 0.15934031 0.029519122 8
-14.055048 0.22634019 0.060738564 6.5
-14.04784 0.35907984 0.0062438766 7
-14.073639 0.42674327 0.079560757 8
-14.067692 0.81409067 0.064150125 7
-14.009459 1.9501846 0.032103512 7
-14.049443 -0.051969338 0.14438231 7
-14.041982 0.082009874 0.14955583 8
-14.060738 0.11624892 0.14777449 7.5
-14.081465 0.61608976 0.12814003 9
-14.038209 0.93072504 0.17709161 9
-14.053511 1.0982074 0.10311912 8
-14.056797 1.2320539 0.12777093 8
-14.053377 1.8508792 0.17034319 8
-14.096135 -2.7533033 0.24002306 8.333333
-14.035669 0.24754962 0.24334694 9
-14.048964 0.43225837 0.22920008 9
-14.08606 0.59324843 0.29373518 8
-14.09822 1.3921961 0.24867034 10
-14.082366 1.4675734 0.24151354 10
-14.071002 1.5718297 0.2608394 8
-14.075302 1.791678 0.24234949 9.75
-14.092787 1.8089982 0.23631859 10.5
-14.037773 1.9371647 0.25319389 10
-14.055797 2.0358953 0.23190096 8
-14.010922 -0.92524725 0.30277011 12
-14.055518 0.16406377 0.37213281 12.5
-14.033749 0.23920026 0.36579394 11.75
-14.006733 0.3967182 0.32084543 14
-14.045674 0.51793766 0.36222428 14
-14.056566 0.75474727 0.35280079 12.7
-14.063184 0.85579532 0.33799493 13
-14.065155 1.0578567 0.34156626 11.5
-14.060122 1.1618844 0.31320924 10
-14.096153 1.347342 0.34891611 13.5
-14.098451 1.4164423 0.36641186 13.5
-14.066792 1.5886312 0.32675129 12
-14.071534 1.7915279 0.35787213 10.25
-14.063436 1.8244929 0.39516848 10.75
-14.028713 3.9072065 0.35398975 8
-14.062515 -2.8385108 0.47242659 14
-14.070121 -2.7131617 0.48844784 9.5
-14.032232 -2.661834 0.45494494 12
-14.037559 0.18988746 0.41036698 14.25
-14.017586 0.24626586 0.43147755 11.25
-14.051685 0.3097631 0.47038674 8
-14.030912 0.44720262 0.43012327 12.666667
-14.015364 0.56926745 0.47997937 14
-14.087726 0.75593072 0.4187676 14
-14.04493 0.86491889 0.4326295 13
-14.040209 0.90941495 0.42775476 13
-14.045936 1.0794941 0.44923407 13.5
-14.085548 1.1146091 0.40976214 15
-14.059806 1.3480992 0.40242538 12
-14.067649 1.5878519 0.44816083 12
-14.094256 1.6543471 0.41579717 11
-14.079797 1.7551289 0.44167095 11.75
-14.085305 1.8402711 0.46786666 14
-14.012151 1.9592148 0.46715537 12.5
-14.026162 -3.931926 0.57712877 12
-14.093895 -3.2550302 0.51603198 15
-14.039115 -2.6466045 0.54519534 12
-14.025282 -0.90279323 0.59825534 14
-14.052127 -0.86221164 0.56900012 9
-14.012223 0.35403094 0.56683207 14
-14.016515 0.55906749 0.5284735 14.5
-14.057514 1.0655546 0.54853773 15
-14.065715 1.5014211 0.51817322 10
-14.056499 1.6727802 0.57730949 14
-14.08077 1.7537569 0.52410942 11.333333
-14.064758 1.8418063 0.51989627 12
-14.017144 -2.3611102 0.68023694 14
-14.02164 -1.4214122 0.684241 9
-14.040334 0.32774457 0.64770186 14.5
-14.059922 1.3644837 0.61078447 15
-14.000425 -2.7016232 0.71812886 8
-14.010834 -2.2833655 0.71828759 11
-14.051098 -1.4429367 0.7074495 11
-14.061877 -2.6912963 0.87220073 11
-14.011539 1.8764548 1.10716 15
-13.979136 -2.6409378 0.1983964 8
-13.957711 -2.6571169 0.28031316 9
-13.988165 0.9156161 0.29002938 8
-13.945221 1.9450527 0.27059612 10.5
-13.950525 -2.5890367 0.344845 10
-13.9243 -1.0400565 0.37762243 8
-13.98774 -0.91665047 0.30141431 10
-13.932203 1.8490741 0.33423784 10.5
-13.955976 1.9578813 0.32208648 11.833333
-13.920574 -2.8627996 0.44149324 11.4
-13.934421 -2.7541277 0.45213649 10
-13.958477 -2.5466304 0.44082376 14
-13.949965 -0.93881667 0.45078576 12
-13.976742 -0.86929148 0.46360946 14.666667
-13.933627 1.9460959 0.4461478 13.875
-13.928468 -2.8563879 0.53478193 14.5
-13.956359 -2.69139 0.57431006 10
-13.949287 -2.5811179 0.55148828 14.166667
-13.907247 1.7844903 0.55679458 14.5
-13.907386 1.883414 0.52129799 13
-13.959683 1.9303763 0.50073594 15
-13.914893 -2.9235287 0.65889025 15
-13.965672 -2.6567822 0.69602764 11
-13.952592 -2.5895598 0.62022018 10
-13.966207 -2.2635729 0.63037515 10
-13.944653 -1.945558 0.61789966 15
-13.943596 -1.7782365 0.6980927 12
-13.948529 -1.5791346 0.64414692 10.5
-13.98705 -1.3500187 0.61820841 12.25
-13.970294 -0.95262641 0.6556325 12
-13.942045 1.817336 0.66025829 15
-13.982912 -2.9316955 0.72403115 12
-13.909486 -2.4356692 0.74378759 13
-13.956105 -2.2846146 0.73032463 15
-13.971791 -1.9144778 0.76264423 15
-13.954334 1.8607755 0.89579564 13
-13.975348 -1.5207014 0.96035892 11.5
-13.962713 1.8391893 0.98514587 15
-13.918847 1.8334992 1.0728879 15
-13.938507 1.8569053 1.1555766 15
-13.997656 1.8644961 1.2102214 15
-13.894222 1.8310651 0.10729545 8
-13.86283 2.0892742 0.13973963 9
-13.877201 -2.7274535 0.2489851 9
-13.891673 -1.0331762 0.21736486 10
-13.899107 1.7961476 0.20722869 9
-13.876341 1.9626893 0.27228522 9.75
-13.854332 2.0406864 0.25044268 9.25
-13.864355 2.1176169 0.22619446 11
-13.889868 3.9370286 0.22268324 8
-13.898088 -2.9189982 0.35263237 8
-13.838224 -1.0635135 0.39783323 12
-13.872174 1.9536742 0.35935223 10.5
-13.870244 2.0010371 0.35225388 9
-13.881352 -3.3230169 0.43337756 12
-13.859862 1.9400953 0.43552059 12.5
-13.857053 -2.9573298 0.58011913 12
-13.834262 1.9677204 0.52728033 11
-13.850577 4.67699 0.5384056 12
-13.844077 1.881268 0.68656123 15
-13.879666 1.920445 0.68496698 13
-13.873748 1.9257444 0.76191324 13.25
-13.868535 -2.8526022 0.81319207 10
-13.864963 1.9455147 0.87611294 13.75
-13.859596 -1.6642799 0.91215104 10
-13.759233 4.7095399 0.21420139 8.5
-13.799044 -3.1011977 0.34907696 12
-13.736843 1.9360381 0.45517799 11.5
-13.748489 -3.9400392 0.56568736 12
-13.799672 1.9248507 0.52186859 14
-13.710496 2.0214136 0.5489465 11
-13.796819 1.9167773 0.6397922 13
-13.702727 -3.8681345 0.71728075 14
-13.73746 -3.2938378 0.81629729 15
-13.75091 -3.7133837 1.4887273 15
-13.710084 -0.026588082 2.3361197 15
-13.661258 1.9313439 0.36578888 15
-13.646005 3.2057149 0.30549479 10
-13.649808 -3.3326075 0.45153672 11.166667
-13.639146 1.9493117 0.47132874 15
-13.626031 2.0422556 0.4812057 13.333333
-13.675029 1.9069785 0.58900094 14
-13.695827 2.0056679 0.52373487 10
-13.636846 3.27195 0.50896388 11.5
-13.679155 -3.9516644 0.60153729 14
-13.627909 -3.2774293 0.67579782 11
-13.691943 -3.9190507 0.76633632 13
-13.654613 1.8918403 1.0009298 15
-13.590959 -3.5173926 0.26750317 8
-13.578249 -3.3889043 0.26694861 7
-13.566916 -3.0889254 0.29946172 11
-13.582015 1.966728 0.29448044 12.5
-13.582273 -3.3413787 0.42476177 10.166667
-13.599095 1.9987025 0.46916237 10
-13.561009 -3.9114304 0.57975447 12
-13.544684 1.9517587 0.66840333 14
-13.564188 -3.8788295 0.70299637 13
-13.582246 -3.2554178 0.84258068 13.5
-13.530691 -3.2933547 1.0462776 15
-13.445677 1.9520173 0.26906681 9.5
-13.437852 2.3060772 0.24825618 11
-13.485381 1.8889257 0.3394365 13
-13.470157 1.9291072 0.3658646 12.75
-13.437434 1.9342703 0.44839853 14.625
-13.461627 2.1634407 0.45545426 13
-13.455534 1.7998611 0.58926797 15
-13.445625 1.863873 0.55181742 14
-13.410188 -3.8600333 0.70169485 14.5
-13.404342 -3.290122 0.72177684 14
-13.480402 1.8642416 0.74888599 15
-13.389852 4.7319293 0.094947211 8
-13.339141 2.1125362 0.13596703 7
-13.364794 -3.0788963 0.25042117 10
-13.379623 -3.6083581 0.47741863 11.5
-13.318284 -3.5954905 0.49689987 10
-13.387507 1.9301872 0.42418385 13.5
-13.319674 -3.639858 0.58147502 15
-13.367255 -3.3191376 0.75754464 11.5
-13.346783 -4.0185237 1.2424623 15
-13.327643 1.0426477 2.307034 13
-13.300284 1.4147085 3.4662654 15
-13.249429 5.1180325 0.00029406772 6
-13.298853 2.1325958 0.32616803 11
-13.288324 -3.7036872 0.43492812 10
-13.282003 -3.6419077 0.44479308 11.5
-13.224955 1.8616229 0.40858394 11.5
-13.256554 1.9563326 0.50713545 15
-13.264804 -3.2917557 0.63985646 9
-13.288502 -3.4638033 0.71873754 15
-13.272378 -3.3605192 0.74595541 14
-13.289107 -3.681232 1.4887629 15
-13.233491 1.0074111 2.3700657 14
-13.283608 -0.72727805 2.4862561 13
-13.181263 2.1623867 0.17329028 8
-13.108024 1.9449964 0.26248777 11.5
-13.115115 1.9517936 0.33356383 12.666667
-13.148952 -3.9324391 0.49486876 11
-13.121168 1.9466962 0.46740639 15
-13.122158 -4.0100107 0.61774206 10
-13.162448 -3.8508413 0.67843902 14.5
-13.155054 -3.3128271 0.81786144 15
-13.108369 -3.2833786 0.84011817 14
-13.17039 -3.8994915 1.2096326 13
-13.079311 3.6061034 0.28679648 10
-13.027033 -3.0674579 0.30033275 11
-13.009995 3.5477703 0.36710808 9
-13.034265 4.0251927 0.31715772 10
-13.042284 -3.633806 0.45786634 9
-13.056271 -3.59761 0.49082932 10.5
-13.032727 3.3328393 0.49789801 13
-13.074681 -3.5720487 0.51655388 13
-13.023429 -3.3694346 0.57935566 10
-13.012798 3.7146423 0.49999705 12
-13.069061 -3.8311825 0.61310637 12.75
-13.077813 -3.9252706 0.75402844 12.5
-13.013193 -3.4347837 0.8212952 12
-13.032712 -3.5543363 0.97017372 12
-13.044413 -3.3625348 0.90357465 12
-13.021334 -3.3772521 1.0829226 13
-12.979878 2.2397497 0.093826324 7
-12.921787 2.2984912 0.13448364 8
-12.991386 3.4620259 0.16810428 8
-12.965814 3.8211963 0.12579659 8
-12.969489 1.9916453 0.20476273 8
-12.954165 2.1492784 0.24848089 9.5
-12.922498 2.2322333 0.25737768 9.666667
-12.979631 -3.6445036 0.30248407 8
-12.935692 1.9752858 0.33866882 12.375
-12.923801 2.0252571 0.35418993 11
-12.970689 -3.600282 0.42376545 9
-12.931503 1.9637899 0.43496662 12.333333
-12.932053 2.0469649 0.46583268 12
-12.939574 2.2629499 0.43463847 12.75
-12.926183 -3.8516934 0.56191546 10
-12.985272 -3.5562556 0.51778638 12
-12.921175 2.0694509 0.52430111 13.166667
-12.91084 -3.9219759 0.7487874 15
-12.954893 -3.4127431 0.9324649 14
-12.838879 5.8208961 -0.14010042 7
-12.897717 -3.1354177 0.14051072 7
-12.881948 -2.8527586 0.16876124 7.5
-12.897901 5.8357539 0.23049055 10
-12.819941 2.163095 0.37656868 13
-12.841367 2.2069304 0.36165044 15
-12.890141 -3.6096475 0.4623802 10
-12.802088 -3.5779214 0.4870927 9
-12.860404 -3.4184728 0.41278303 10
-12.878522 2.0139048 0.40327325 14
-12.869807 2.1522808 0.45354065 12
-12.872737 -3.78249 0.50874233 12
-12.840472 -3.9580348 0.60614562 11
-12.814455 -3.786613 0.64562285 12
-12.826146 -3.3512082 0.76263624 12
-12.810879 5.9118323 0.83058995 12
-12.827977 1.8236351 2.2990496 14
-12.844543 0.06139693 2.4070213 15
-12.796237 2.2190275 0.072008438 7
-12.736106 -3.0682297 0.21083097 8
-12.782407 -3.6184943 0.39520529 10
-12.746514 2.2968521 0.38412997 12
-12.751973 -3.6060112 0.48386738 11
-12.791622 -3.5858474 0.42023227 11
-12.779135 -3.7915366 0.5997799 13
-12.745562 -3.5566776 0.54161435 12
-12.747439 -3.8710508 0.68687993 13
-12.766838 -3.9689794 0.72351265 12
-12.719495 -3.2511058 0.726973 13.5
-12.611653 2.1533487 0.22709653 10
-12.647167 -3.9184117 0.58919376 12
-12.628181 -3.2319713 0.55739087 11
-12.691741 1.8782415 0.53046083 15
-12.63515 -3.9187891 0.64837515 14
-12.639174 -3.248796 0.7841084 13
-12.666055 -3.3172522 0.95470494 14
-12.670939 1.043717 2.3958232 13
-12.594199 2.2070708 0.29656908 11
-12.57884 -3.2592177 0.47149059 10
-12.511892 -0.68470156 0.53729302 14
-12.503635 -0.42156151 0.50905704 15
-12.577225 -3.2876353 0.65763301 13
-12.506389 -3.9293439 0.75260407 13
-12.504275 -3.8949142 0.75459117 15
-12.590968 -3.8817749 0.80001271 14.5
-12.598706 -3.2264838 0.89803338 14
-12.504931 -2.0920768 1.3695381 9
-12.520058 -0.53919423 1.5123819 10
-12.532769 -0.70365417 1.9956973 10
-12.500191 -1.56964 2.0949428 11
-12.524236 -1.4048635 2.2210426 9
-12.437653 -0.27614596 0.25158739 11
-12.44063 -3.5439818 0.49163139 11
-12.420215 -3.3293574 0.44395036 9.5
-12.412984 -0.4004837 0.4813374 15
-12.438672 -3.5310414 0.58753866 11
-12.465884 -3.4668639 0.50353557 12
-12.427994 -3.0820358 0.5122456 12
-12.422193 -2.2571285 0.5302459 15
-12.404517 -0.66833317 0.54352951 15
-12.461642 -3.91956 0.66345787 14
-12.498302 -3.8895795 0.63895524 13
-12.457611 -3.7970369 0.6028958 13
-12.429429 -3.4753473 0.62744391 15
-12.418748 -3.3060842 0.67776871 13
-12.438888 -1.4715475 0.61332661 15
-12.439616 -2.2825563 0.73122913 15
-12.416366 -3.5480845 0.89065874 15
-12.449736 -2.5673385 0.80689985 12
-12.433446 -1.8030063 0.81747961 11
-12.405554 -1.7479197 0.84082186 14
-12.4665 -1.6401063 0.82791394 13
-12.404835 -1.4946495 0.84743267 15
-12.423216 -1.1321633 0.85886091 14
-12.446258 -0.98755682 0.8001824 12
-12.468784 -0.76072168 0.82136714 12.5
-12.449323 -0.64459169 0.80860001 14
-12.472038 -1.8204683 0.9964717 14
-12.441881 -1.5623188 0.93714249 12
-12.447677 -1.3383383 0.99054909 13
-12.475842 -0.99434561 0.95553863 14
-12.439123 -0.74502593 0.92692274 14.5
-12.452879 5.9286265 0.94155186 13
-12.467559 -1.183673 1.0278044 15
-12.430779 -0.91021031 1.0478576 14
-12.487453 -0.65518647 1.0479194 15
-12.4132 -0.90046984 1.1509006 14
-12.495863 -0.73190498 1.1849902 15
-12.495266 -0.67994481 1.1238518 15
-12.485888 -1.3211089 1.2197249 15
-12.442011 -1.7464215 1.3418981 15
-12.432083 -0.90334177 1.348547 14
-12.471376 -0.7745648 1.3762659 14
-12.439771 -0.65534121 1.4732987 12
-12.495115 -1.9749845 1.5621673 10
-12.433457 -1.1442672 1.6191518 15
-12.439279 -0.69583571 1.7979832 14
-12.465631 -0.78574884 2.0743897 15
-12.448063 0.24303538 2.3771367 15
-12.435225 -0.75787723 2.5320339 12
-12.342401 5.7907143 -0.0062304707 7
-12.367192 -3.4870698 0.45532206 10
-12.371873 -3.2984834 0.56725258 11.5
-12.378702 -3.0932519 0.53103459 10
-12.393021 -0.48329401 0.53936142 15
-12.306573 -3.1227713 0.60636163 11
-12.360905 -3.0919578 0.70561862 12
-12.379027 -1.1535656 0.77735043 12
-12.352663 -1.5845591 1.0063283 15
-12.396808 -2.2443316 1.4601315 8
-12.383994 -2.8671002 1.9826654 11
-12.369096 -1.5926912 1.9822387 12
-12.228637 -0.45483822 0.073078252 8
-12.194512 5.8175669 0.0073335296 6
-12.164938 1.8551545 0.52507365 15
-12.061149 5.8084612 -0.11247157 7
-12.049713 -1.5872079 0.4752894 11
-12.050358 -1.7388146 0.56632775 14
-12.074269 3.4848835 0.56154823 13
-12.082819 3.8108916 0.55206048 12
-11.983019 5.8307209 -0.090157211 8
-11.950082 -1.2923849 0.3654449 12
-11.944741 -3.3997226 0.65530682 12
-11.804543 5.8541622 0.008984779 7
-11.83395 -1.5288047 0.1110548 7
-11.866465 -3.7741671 2.6987121 15
-11.759043 1.3570918 0.01702703 6
-11.749594 5.8591404 0.15433864 10
-11.729772 -1.6507789 0.64768398 14
-11.704653 -1.1142384 0.80204463 15
-11.602279 -1.0761026 0.2868529 9
-11.66217 -1.2013805 0.45661992 12
-11.678726 -1.1932168 0.42272088 13
-11.63514 -1.0475942 0.46468252 12.5
-11.600002 3.4183774 0.40669635 15
-11.648539 -3.3190517 0.56309199 12
-11.64488 -1.2192553 0.54651773 13.5
-11.621 -1.1476914 0.53922367 14
-11.619203 -1.0275543 0.56973201 13.75
-11.682014 -3.349524 0.69066423 12.5
-11.678279 -1.2053822 0.65628797 15
-11.661966 -1.0947789 0.64279157 14.5
-11.631398 -1.6160023 0.71767372 15
-11.675365 -1.043841 0.7441709 15
-11.603848 -0.80532014 0.79729384 11
-11.652239 -3.9178116 1.5446131 15
-11.614511 -3.9413459 2.2696552 14
-11.545278 -1.0730424 0.34467542 10
-11.587122 -0.99607277 0.49298513 13
-11.554081 -0.84302384 0.43131945 12.333333
-11.501446 -3.9057872 0.59790498 11
-11.511531 -1.319857 0.56292403 14
-11.539969 -0.95655513 0.52915168 14
-11.538017 -0.85756087 0.54688931 13.666667
-11.579867 -1.5589331 0.66050237 14
-11.595295 -1.2573488 0.6254679 14.416666
-11.580832 -1.0510906 0.62527597 15
-11.51466 -0.83797598 0.64497304 14.375
-11.525508 -0.88758296 0.75536186 11
-11.568537 -3.9353364 1.5805821 15
-11.426203 2.0419049 0.17258869 11
-11.491758 -0.55315924 0.2470957 10
-11.412774 -0.91562855 0.449469 11
-11.496577 -0.83994883 0.42452633 12
-11.478319 -1.336341 0.55688536 13
-11.453278 -0.83617502 0.54065198 12.5
-11.442183 1.8224806 0.50723249 13
-11.4587 -1.2800807 0.63577038 13
-11.458184 -0.86939859 0.62595558 13.5
-11.47257 -0.87522322 0.79494083 15
-11.456144 2.0123734 2.1556656 14
-11.353335 1.8924721 0.032230105 8
-11.369741 1.8548502 0.26841676 10
-11.366437 1.8491769 0.35808358 12.5
-11.390909 2.0660648 0.3163842 14
-11.345819 -0.83447355 0.44389307 10
-11.386413 1.8419226 0.41464421 14.5
-11.317481 -0.9539032 0.5364452 10
-11.341923 -0.33598772 0.52779335 15
-11.381619 1.8407216 0.51650363 14.25
-11.376283 -3.9330349 0.60413909 9
-11.375585 -0.944552 0.67415839 15
-11.302001 -0.81619751 0.65836406 15
-11.320392 -0.58588421 0.64933461 15
-11.335968 -0.35013068 0.63027334 13.833333
-11.330614 -2.0230496 0.74584192 15
-11.331517 -3.9250104 2.3496513 15
-11.233217 -1.2043915 0.20928717 8
-11.202847 -0.89079756 0.38720626 11
-11.229063 2.1074343 0.34351465 14.75
-11.281491 5.8360519 0.36744449 9
-11.267382 -0.93773782 0.4334062 12
-11.276742 -0.84598911 0.4535529 12.5
-11.279159 -3.9219534 0.5798046 10
-11.23643 -1.0083249 0.53797829 13
-11.252619 -0.95357227 0.57514817 11.5
-11.285268 -0.95830625 0.61984622 13
-11.253922 -0.75042862 0.64471638 14.5
-11.274422 1.7717282 0.76189858 10
-11.258752 -3.931006 1.2928615 12
-11.291013 -3.9474564 1.9175179 15
-11.208343 -3.9401567 2.0659018 15
-11.154552 2.1395733 0.21746561 12
-11.14233 -0.9754923 0.47396275 12
-11.116581 -1.1108567 0.51785004 10
-11.120974 -2.2002118 0.68822098 14
-11.166472 6.0341244 0.6536684 13
-11.141512 -3.9358566 1.1641521 11
-11.060709 -4.0600166 0.33489859 8
-11.032439 -1.1958652 0.58815056 13.5
-11.075202 -1.0485766 0.52513355 13
-11.018981 -1.0412625 0.63167727 13
-11.083207 -3.9367883 0.92659909 11
-11.079317 -3.9160602 1.9749999 14
-10.909722 5.8414145 0.47009853 10
-10.993615 -2.3503208 0.64685863 10
-10.975696 -1.7677487 0.65790606 13
-10.912973 -1.4717511 0.64718699 13
-10.909647 6.0549221 0.6569019 11
-10.936228 -3.8841932 0.95301729 14
-10.974356 -3.9348638 1.4361666 13
-10.893785 -4.0161772 0.48895729 6
-10.856804 -3.9075248 0.5338558 10
-10.812495 -0.81764668 0.57955176 12
-10.823758 -0.23009787 0.54540735 14
-10.832364 -3.9377186 0.64526302 10
-10.831641 -0.30987853 0.76575178 10
-10.897798 -0.20480223 0.75335771 12
-10.858707 -0.17407645 0.79268891 12.5
-10.847929 -3.9084203 0.87419343 12.5
-10.866645 -0.57928514 0.8307513 15
-10.883693 -4.009768 1.7172823 14
-10.776426 -3.8897257 0.64026415 11
-10.742028 -2.6855533 0.64918399 11
-10.78314 -1.0274551 0.69486845 15
-10.743558 -0.19153324 0.6376341 14.333333
-10.757882 -0.2646693 0.8120662 14
-10.722543 -0.40550789 1.0028758 15
-10.706553 -3.9096591 1.1686827 15
-10.711429 -3.919322 1.6243886 15
-10.642775 -3.9617083 0.095609933 7
-10.607408 2.0515904 0.12003198 7
-10.620414 -0.14806364 0.46124533 11
-10.619058 -2.6766376 0.54607761 9
-10.631279 -1.4850298 0.55418545 11
-10.637311 -0.16853218 0.50047511 15
-10.641963 -3.9233885 0.63427818 11
-10.614176 -1.3505838 0.68055707 14
-10.658851 -1.1895648 0.6694904 14
-10.644515 -1.2388935 0.83697617 14
-10.678885 -1.0358315 0.89860654 15
-10.632026 -1.1826791 0.92562872 14
-10.631869 -3.9145393 1.0544101 14
-10.58741 2.2514539 0.030156221 9
-10.597948 -0.16904029 0.20685272 10
-10.532788 2.4567008 0.27394652 11.5
-10.501323 1.8978078 0.38222453 11
-10.544191 2.6761036 0.35297456 14.5
-10.502121 1.8822017 0.57332021 15
-10.554132 4.6286173 0.57578945 10
-10.594172 -2.7272809 0.62896299 11
-10.57104 -0.20139195 0.61316347 15
-10.527122 4.2139955 0.61786765 11
-10.528119 3.8015664 0.71409118 12
-10.560561 4.3318796 0.74362171 12
-10.556519 5.1519194 0.74910426 11
-10.55974 -3.9815505 1.5534803 13
-10.591301 -3.9080527 1.6890979 15
-10.560793 -3.9993439 1.8815037 14
-10.506392 -3.8090777 2.5840981 15
-10.41161 3.9936888 0.054229975 10
-10.435135 5.7997818 0.043368965 7
-10.449675 1.8825109 0.12834138 9
-10.444993 2.6276243 0.16828971 10
-10.455555 2.7837315 0.14033829 9
-10.42922 2.9047925 0.19349766 10
-10.474594 3.0552361 0.13215503 9
-10.408442 3.8515964 0.12218419 11
-10.458712 2.3506777 0.24928062 11.666667
-10.456427 2.5012519 0.26389945 14
-10.471268 2.8277338 0.23859966 15
-10.459014 3.3316145 0.2712926 14
-10.416686 3.9090116 0.24601166 14
-10.400412 1.7344098 0.34197262 10
-10.488645 1.8839066 0.38299608 11
-10.464901 2.6599846 0.39076033 14
-10.474651 3.1596613 0.3059369 15
-10.403459 3.2301874 0.39632723 11
-10.445518 3.3307953 0.33424899 15
-10.423803 3.7911658 0.32124475 10
-10.419611 5.0813999 0.34706467 8
-10.464483 1.8752469 0.44314274 12.6
-10.455888 1.9020606 0.46987614 13
-10.403256 3.8477142 0.45979971 11
-10.428128 3.9176557 0.40813977 14
-10.404114 4.7475796 0.487813 9
-10.434327 -3.9204862 0.57105184 10
-10.457419 1.8828117 0.5597685 12.125
-10.439631 1.9093883 0.56760001 11.5
-10.464435 3.6133916 0.54831886 11
-10.413429 3.8745716 0.50879478 11
-10.419008 5.2629023 0.50084823 10
-10.474899 -1.3002419 0.63914561 12
-10.48128 1.8815857 0.67539394 9
-10.452874 1.9266207 0.64156699 14
-10.461805 3.2108793 0.64073539 12
-10.412759 4.1211081 0.60027313 12
-10.407659 4.9116521 0.64082408 11
-10.454828 -3.8965664 0.75750017 12
-10.431896 1.8751074 0.74267709 11.333333
-10.467994 3.9856372 0.71823984 13
-10.446021 1.8341072 0.94142783 12
-10.405202 2.2507143 0.90277284 14
-10.403743 5.7788987 0.97419131 13
-10.489589 -3.883456 2.3562899 14
-10.30956 2.682061 -0.28479952 7
-10.302915 2.8356118 -0.15436465 6
-10.312693 4.0940065 -0.056253318 7
-10.361253 1.8087001 0.029519407 8
-10.316631 2.9001868 0.049131978 7
-10.330538 3.3205614 0.0721379 7
-10.382814 3.6347053 0.094371989 7
-10.312138 5.8526993 0.032361645 8
-10.326525 2.2622843 0.11343717 7
-10.357338 2.4008076 0.19650407 15
-10.356589 2.5923512 0.1904629 14
-10.361687 3.1771829 0.16695894 11
-10.379804 3.3029652 0.13404611 12
-10.308956 3.5507247 0.18337812 9
-10.394436 3.6325972 0.1103436 8
-10.385029 3.757405 0.18583907 10.5
-10.340652 4.4127131 0.19179185 8
-10.350091 2.1782324 0.20908763 10
-10.354116 2.2931981 0.29813081 9
-10.3202 2.3380153 0.25771558 9.375
-10.349144 2.4521086 0.23468263 9
-10.341389 2.5601819 0.24808322 9
-10.367691 2.7426274 0.25247037 11.125
-10.392735 2.8530638 0.25046098 12.5
-10.338216 2.9674318 0.24910708 7
-10.376219 3.0911 0.26413807 9
-10.38676 3.1461985 0.24862249 11.75
-10.374928 3.4826665 0.28621483 12
-10.396931 3.6004386 0.29778948 9.5
-10.303402 3.7729971 0.26269388 9
-10.380009 3.8472366 0.27776915 15
-10.330133 4.2478886 0.27228072 8.5
-10.339477 4.3623343 0.24401605 8
-10.319126 4.7922826 0.25613737 8
-10.30231 4.9695106 0.24341136 14
-10.380108 5.3163018 0.27807537 9
-10.341489 5.4518776 0.24048626 8
-10.380579 5.674726 0.27812397 9
-10.379588 5.736814 0.20926154 9
-10.396733 1.9047704 0.3694405 11
-10.358361 2.0107422 0.38619888 11
-10.322095 2.2481875 0.34200823 10.75
-10.328113 2.649812 0.36711669 9
-10.355909 2.7362132 0.35404119 11
-10.34924 3.2012758 0.30362013 11
-10.338706 3.5711985 0.39475706 10
-10.300649 3.6666822 0.36623082 10
-10.351181 3.8515949 0.33923358 12.25
-10.320922 4.2967682 0.39540055 10
-10.313152 4.3793688 0.34999427 9
-10.300881 4.5690279 0.36698419 11
-10.342715 4.8275709 0.36457327 9.5
-10.393886 4.913765 0.38674134 9
-10.351116 5.3795996 0.3397035 8
-10.31679 5.4405494 0.36691716 11
-10.369524 5.7099795 0.34582031 10
-10.352733 5.8235288 0.38512719 9.75
-10.31364 -3.9344146 0.47528228 10
-10.31644 2.1778708 0.46956229 12
-10.331744 2.25299 0.46976805 8
-10.344985 2.3397663 0.4559097 12
-10.338954 2.4191611 0.43520096 11.833333
-10.377599 2.5307798 0.4154723 12
-10.324601 2.6546664 0.43745148 10
-10.378275 2.763757 0.44405502 11.166667
-10.354085 2.8420494 0.47909623 11.333333
-10.357828 2.9083769 0.43985003 11
-10.377246 3.0676253 0.45243788 12
-10.332478 3.147927 0.48992971 12.5
-10.355758 3.2217357 0.45765418 10.5
-10.355174 3.5603054 0.47407207 9
-10.312474 3.6078224 0.40445438 11
-10.342729 3.832983 0.44718137 9
-10.339537 3.984122 0.47475353 12
-10.38798 4.0701394 0.4892686 9
-10.395077 4.1972318 0.43713978 10
-10.331008 4.3535538 0.49633443 11
-10.303958 4.8523827 0.43559399 13
-10.381067 5.742404 0.4289543 11.166667
-10.3042 5.844914 0.44774842 12
-10.384104 -1.3270242 0.55067134 12
-10.310696 2.0537741 0.59621572 11
-10.311217 2.1980863 0.54357642 10
-10.380727 2.2887232 0.55749977 11
-10.324359 2.3387167 0.5138635 12
-10.335276 2.5439084 0.51083159 11
-10.333242 2.7184043 0.56151837 12.25
-10.364993 2.8424518 0.53815222 12
-10.33125 2.9464042 0.55141246 11.5
-10.330693 3.0562475 0.54995418 11.5
-10.31981 3.1196625 0.55411917 10
-10.305499 3.2732115 0.53734082 13
-10.313625 3.3902209 0.54421276 14.5
-10.359129 3.4581115 0.54868811 12.666667
-10.363929 3.5085063 0.59988409 11
-10.309431 3.7365229 0.50648892 11
-10.332081 4.0142074 0.54767078 12
-10.318287 4.3052163 0.50918919 10
-10.324121 4.501915 0.59016389 11
-10.345784 4.7618093 0.54565287 12
-10.304748 5.2023287 0.55481714 12
-10.37724 5.3648624 0.5051055 11
-10.328514 5.4662604 0.54503942 11
-10.340452 5.7353597 0.55491507 11.875
-10.33635 5.8494444 0.57876617 13
-10.385321 -3.8773706 0.62456506 10.5
-10.302181 2.1755271 0.67324626 13
-10.323798 2.8831487 0.66678804 13
-10.361005 2.9910491 0.6178937 12
-10.338773 3.1611977 0.64780432 12
-10.313847 3.4960794 0.66764551 11.75
-10.336942 3.606205 0.63269627 12
-10.360053 3.7871404 0.65294045 12
-10.310061 3.8484237 0.60447222 14
-10.387721 4.1523476 0.60814548 10
-10.303267 4.3360829 0.66765183 11
-10.316022 5.2247176 0.61931986 14
-10.369439 5.357481 0.69629389 13
-10.348747 5.6577945 0.68326646 13.333333
-10.323647 5.7254734 0.6617341 14
-10.307399 6.1693792 0.67930114 10
-10.314659 1.9469228 0.76695859 12
-10.326055 2.5108418 0.74467647 12
-10.347184 2.7232518 0.74440235 14.5
-10.373977 2.8827851 0.75457275 13.5
-10.329294 2.9177735 0.73660421 13
-10.329885 3.3511834 0.74975199 14
-10.314747 3.6964152 0.70563734 15
-10.33323 3.9858444 0.77173376 14
-10.33205 4.2994218 0.70858496 12
-10.312472 4.7331338 0.75675476 14.5
-10.371798 4.9314675 0.78703988 12
-10.362758 5.0985222 0.75126088 13.5
-10.353768 5.2325821 0.78329724 14.5
-10.359351 5.360568 0.79016614 13
-10.318875 5.4564462 0.74773526 14
-10.340804 5.6533504 0.74803203 12.75
-10.351489 5.7390738 0.72884476 13
-10.31586 1.7714484 0.85852283 13
-10.305619 2.189918 0.86121696 13
-10.312537 2.4302316 0.83019394 13
-10.350384 2.660641 0.87913716 15
-10.363952 3.130537 0.86005777 15
-10.312145 3.5557456 0.80716705 14
-10.326156 3.7772875 0.80316716 15
-10.345965 3.8864062 0.81195885 15
-10.392598 5.0685921 0.8883031 13
-10.348351 5.1208248 0.81622607 13
-10.337176 5.6943216 0.89230472 14.5
-10.349763 5.7993479 0.85481864 12
-10.377279 -3.9154928 0.95622945 11.5
-10.367534 1.9552534 0.95744163 13
-10.330487 3.2952349 0.93358076 14
-10.308316 4.4260821 0.98409361 14
-10.330802 4.8549147 0.92934 14
-10.383153 5.1872954 0.9768638 14.5
-10.345292 5.2004542 0.9010464 12
-10.337333 5.6240659 0.94915527 13.5
-10.365751 5.7287793 0.92519099 12
-10.372803 -3.8708048 1.0286767 13.5
-10.327722 5.0598826 1.0307685 14.5
-10.344152 5.1387448 1.0285472 15
-10.346428 5.363308 1.0377011 14
-10.335792 5.4861436 1.0029738 13
-10.356237 5.5383391 1.0364348 15
-10.347301 5.7016749 1.0028991 13
-10.304385 6.1377296 1.0056523 14
-10.355594 4.6144085 1.1557027 15
-10.303108 5.2697701 1.1689017 14
-10.341503 5.7168274 1.1543695 14.5
-10.331572 4.8104682 1.2061616 15
-10.350312 5.4997287 1.2277377 15
-10.328596 5.6537619 1.2510732 14
-10.370466 5.3208537 1.3007178 14
-10.382379 5.6687713 1.3266914 15
-10.330059 5.7078757 1.3675188 15
-10.310529 6.0964384 1.5120722 15
-10.330116 -3.982492 1.7086488 14
-10.276216 4.1669655 -0.14793943 7
-10.26795 2.6307845 -0.065203123 7
-10.26433 3.2389145 -0.052291814 7
-10.24996 3.306761 -0.054706696 7
-10.286964 2.2647653 0.071499422 7
-10.246336 2.4664466 0.045050822 8
-10.273037 2.9059649 0.065754004 8
-10.264557 3.2191763 0.054309905 8
-10.280901 3.5888267 0.030181315 8
-10.280893 3.7337394 0.055458486 8
-10.220789 2.6023901 0.15581763 7
-10.227753 3.0347707 0.14579102 9
-10.287727 3.3051491 0.17535928 8
-10.245644 3.4680829 0.19163465 10
-10.293759 3.5391443 0.19270365 7
-10.272935 3.983815 0.1757616 9
-10.200913 4.859952 0.16151524 9
-10.280886 4.9076514 0.19094332 10
-10.242024 5.059824 0.12899375 9
-10.260947 2.3862019 0.22644235 8.666667
-10.246868 2.446049 0.28536212 11
-10.263601 2.5101826 0.26526675 9
-10.274901 2.7519295 0.22957273 9
-10.262672 3.0269878 0.21092865 9
-10.236139 3.2620819 0.27611595 9.5
-10.268225 3.3908608 0.21763049 9
-10.26601 4.5797038 0.21122865 15
-10.282393 4.7987442 0.27039966 14
-10.263741 5.2801633 0.23576683 14.5
-10.253407 5.3739076 0.25188768 15
-10.240377 5.407763 0.25703782 10
-10.296907 5.724669 0.245221 10.5
-10.284513 5.8156533 0.25742278 14.5
-10.273215 2.2107511 0.36682439 12.5
-10.253837 2.3936448 0.34271494 8.5
-10.283585 2.4962938 0.3339166 8
-10.251575 2.5813336 0.35362491 10
-10.258535 2.6040223 0.31704065 10
-10.242341 2.8228025 0.36522114 12
-10.264932 3.0826194 0.37674075 10
-10.268278 3.2613592 0.37733108 9.25
-10.230861 3.3020506 0.30762079 11
-10.255245 3.4424818 0.31790057 10
-10.260841 3.5342162 0.36301798 10.5
-10.263307 3.6523416 0.35879323 11.833333
-10.283269 3.7937462 0.38955823 14
-10.292683 3.9454393 0.31706694 9
-10.248547 4.0307169 0.37575752 11.5
-10.222958 4.3283162 0.36969358 14
-10.26579 4.4604416 0.37358993 12.5
-10.215439 4.5411892 0.35862792 15
-10.218382 4.8023829 0.33566508 11
-10.24473 5.1663585 0.35152686 12
-10.203984 5.2006884 0.39008161 12
-10.288556 5.4389997 0.37009317 9
-10.231479 5.777451 0.34518096 12.333333
-10.205091 5.8176999 0.34118107 12
-10.246802 1.394557 0.46512586 13
-10.211024 1.4317929 0.41663775 11
-10.234864 1.5294342 0.46997124 11
-10.288473 1.8652033 0.43311509 15
-10.268832 2.2522032 0.46303228 13.5
-10.263573 2.3260791 0.43592846 9.375
-10.252245 2.5550535 0.4410342 11.25
-10.260641 2.77055 0.43297464 11
-10.24292 2.8503006 0.45803025 11.333333
-10.257087 2.9396451 0.44968566 11.5
-10.290359 3.0785775 0.43428478 9.75
-10.263388 3.2873228 0.48316029 12.5
-10.279366 3.4701259 0.46672606 12
-10.280953 3.5315995 0.46130678 13
-10.261916 3.655982 0.4251391 12
-10.272415 3.7439539 0.45447004 14.5
-10.260852 3.8464687 0.47616765 14.166667
-10.268266 3.9343166 0.44093132 11
-10.26634 4.0207415 0.44108212 12.166667
-10.299321 4.1001196 0.46485806 10
-10.265511 4.2120996 0.43883824 10.333333
-10.2903 4.3787165 0.41314211 9
-10.21499 4.4622054 0.47029492 11
-10.28985 4.5682626 0.46548662 12
-10.226356 1.4158634 0.54885751 14
-10.244519 1.8692362 0.56908482 15
-10.299973 2.1779475 0.57928795 15
-10.261374 2.2704508 0.51996487 11.25
-10.236985 2.3594196 0.59537399 12
-10.275399 2.4302208 0.51808709 10.5
-10.232658 2.5962632 0.5470978 15
-10.26238 2.6488464 0.53693581 11.5
-10.259279 2.7520008 0.5749138 11.666667
-10.279012 2.8416712 0.55409902 12
-10.262637 2.9906404 0.56385881 12
-10.251609 3.0980573 0.5905937 9
-10.2748 3.1056433 0.55100298 10
-10.262415 3.2304821 0.56234813 11.333333
-10.245203 3.3181112 0.55795145 11
-10.263857 3.5117455 0.53956628 12
-10.263918 3.6465251 0.55732161 13
-10.275772 3.7688899 0.56604421 11.833333
-10.264201 3.9599502 0.54050827 12.666667
-10.29021 4.1316338 0.56508225 11
-10.283396 4.9915442 0.56221712 10
-10.221598 5.7525487 0.52194548 14.5
-10.225216 5.8614864 0.52520251 12
-10.209226 -3.8800178 0.67045593 11
-10.223054 2.3887162 0.60865146 12
-10.292472 2.4532363 0.61953753 14
-10.29634 2.7761753 0.61880189 11.5
-10.268243 3.033287 0.66793728 14.5
-10.245763 3.1068463 0.68427479 12
-10.260412 3.2559094 0.6101312 12.5
-10.271449 3.3118067 0.61309981 13
-10.273118 3.6938748 0.65484947 14
-10.277565 3.8501747 0.61161554 13
-10.245399 3.9946804 0.64015049 12.25
-10.283072 4.0436916 0.67914587 12
-10.244716 4.1330175 0.61780727 13
-10.256716 4.3786287 0.60254496 13
-10.267638 4.6537251 0.62861651 13
-10.288198 6.1548371 0.65951467 12
-10.235253 -3.9076211 0.79084986 12
-10.274584 2.426585 0.77184808 14
-10.296992 2.6542895 0.75441104 13
-10.288484 2.8087134 0.70365381 11
-10.238898 2.9019153 0.7804628 13
-10.265264 3.4465985 0.71826118 14
-10.266361 3.5890188 0.76790416 14.5
-10.291965 4.0692291 0.73811966 12.5
-10.253675 4.4483252 0.71462631 14
-10.20823 -3.8781538 0.89509898 13
-10.297612 2.7078481 0.84531742 15
-10.296871 2.8364234 0.88042325 14
-10.261532 3.5586138 0.80655044 13
-10.259429 4.107718 0.81231701 15
-10.283901 4.7262897 0.80842054 14
-10.236108 2.3303428 0.93610889 13.5
-10.299049 2.8422976 0.90399307 15
-10.295478 2.9981437 0.93649942 15
-10.294976 3.3348775 0.96265161 15
-10.247725 3.6936769 0.91467351 14
-10.256292 -3.8814695 1.0569657 14.333333
-10.258509 5.9460731 1.0707406 14
-10.244951 2.4759595 1.1079892 15
-10.27302 3.095746 1.1367097 15
-10.293388 -3.9069231 1.229764 14.5
-10.234939 3.0228529 1.2732736 15
-10.25 2.3634479 1.3405863 15
-10.262749 -3.9753029 1.7327869 14
-10.112668 2.2031515 0.14444323 11
-10.147486 4.3298259 0.10912266 9
-10.152857 4.4618912 0.16916305 11
-10.166697 5.5624475 0.16439559 9
-10.182401 3.6197715 0.22994871 8
-10.172024 4.0629468 0.20170571 9
-10.166686 4.2165799 0.24497297 9
-10.134861 4.7537398 0.25294825 12.5
-10.195934 5.0824013 0.28812608 10
-10.187427 5.2040238 0.24690142 9
-10.133706 5.5439162 0.27934143 14
-10.187232 5.8386993 0.29251495 9.5
-10.175224 2.0230885 0.32309207 14
-10.114051 2.9754293 0.37901273 9
-10.18606 4.2918525 0.32874486 13.5
-10.188474 4.6662698 0.34259897 15
-10.190576 5.1409965 0.30039465 13.5
-10.194406 5.4385338 0.3082726 11
-10.181478 5.8391986 0.46281382 13.75
-10.159594 6.0344238 0.46824965 12.5
-10.191342 1.3063978 0.54019892 11
-10.139168 -2.4120228 0.61849803 11
-10.105029 -1.9915962 0.67642021 12
-10.163808 -1.3240428 0.67351884 12
-10.161561 -1.1740407 0.65735787 14
-10.190525 -0.070073456 0.65283734 13
-10.180053 1.4303114 0.61445361 12.5
-10.101443 -3.9075031 0.71499044 11
-10.100697 -3.8769994 0.75630033 12
-10.165734 1.1806258 0.78402442 13.5
-10.168845 -3.9085386 0.86841941 12
-10.1696 1.3303834 0.8393954 13
-10.133782 1.8009124 0.9080677 13
-10.152589 1.3537649 1.0083619 15
-10.144683 -3.9239626 1.5102566 13
-10.115645 -3.9906266 2.0525875 15
-10.121348 -3.9966414 2.2731602 15
-10.167832 -3.8415747 2.3878028 15
-10.122292 0.32070276 2.66309 14
-10.048374 5.8961992 -0.11190018 7
-10.055997 4.0539393 0.27309757 14.5
-10.089722 5.0124273 0.23743284 15
-10.097436 5.7414665 0.29632884 15
-10.077217 -0.32106045 0.33526307 11
-10.046165 -0.25989956 0.31227794 12
-10.031362 1.9335829 0.32035333 14
-10.09866 5.8085113 0.37973741 13.5
-10.08434 0.051915217 0.48434991 12
-10.014151 2.1654603 0.41372323 14
-10.059838 -0.31587934 0.53874552 12.5
-10.052363 0.033619508 0.61729991 11
-10.005632 1.76559 0.68560678 12
-10.071113 -3.8802314 0.78905129 12
-10.022887 -0.023386227 0.72837961 12
-10.089778 0.040988669 0.70730138 14
-10.020453 1.8463186 1.0107908 15
-10.094601 -3.8743532 1.1950051 15
-10.069403 2.0208907 1.3569721 15
-10.031841 -3.9075499 1.4373045 14
-9.9964075 5.8786116 -0.06136645 7
-9.9605732 -0.2932016 0.25349423 9
-9.9158592 1.8475977 0.2919746 10
-9.9513855 -0.24613872 0.33823779 11.333333
-9.9509802 1.8599145 0.36866274 8
-9.9284782 -0.32504985 0.46898201 10
-9.9263878 -0.27125436 0.46699852 11
-9.9675169 1.891416 0.48579377 14
-9.9802341 -2.4128311 0.51675767 9
-9.9507313 -0.32179946 0.54887903 13.25
-9.9490862 -0.28950936 0.54523206 11.25
-9.9993162 -0.15475029 0.5818001 11
-9.9395266 -2.4573948 0.62454194 10
-9.9874392 -0.29045162 0.64478683 12
-9.9858227 -3.9183793 0.74302399 11
-9.9651175 -3.6568065 0.78530955 10
-9.9381161 -0.21658725 0.75807726 12
-9.9530296 -3.895308 1.0872684 13
-9.9293175 -3.9072676 1.4806842 11
-9.912693 -3.8268781 2.4123921 15
-9.9135857 -0.60651946 2.7725744 15
-9.8852654 5.8527379 -0.15234277 7
-9.8251095 4.5462003 0.104082 6
-9.8178787 -2.1103017 0.28373465 8
-9.8290091 -0.66626793 0.23674661 9
-9.8441687 -0.28748092 0.28473565 9
-9.8331804 -0.30235338 0.36432815 12
-9.8580542 -0.26457489 0.34952083 9.5
-9.8495417 2.1772327 0.37114039 13
-9.8311844 5.7942801 0.390569 15
-9.871974 -0.32818863 0.41689274 11
-9.8971119 -0.24028453 0.47637269 13
-9.8847933 1.8615505 0.46059811 11.75
-9.8258848 -0.35675502 0.54589897 10.5
-9.8429728 1.8590443 0.57811153 12
-9.8269815 1.9468632 0.58541733 15
-9.8792448 -2.3721232 0.65194416 11
-9.8409281 -0.37412873 0.63818455 13
-9.8043489 -0.43693757 0.72133547 13
-9.8088818 1.7711736 0.77019131 12
-9.8381205 1.7856154 0.87895846 13
-9.8116446 1.8395736 0.86429292 13
-9.8804121 -2.5521309 0.9580937 13
-9.8740358 -0.1648061 0.9179548 13
-9.8888235 -3.8773713 1.2488238 15
-9.8300695 -3.8449707 1.5457532 15
-9.8918104 -0.63733965 2.8454792 14
-9.8110523 -0.78532016 2.9663849 13
-9.7346363 -3.9365957 0.14391312 7
-9.7092762 2.2420135 0.22697304 10
-9.7760983 4.0144582 0.29833648 15
-9.7175217 2.0045788 0.38138086 15
-9.7879105 3.50612 0.34406087 15
-9.7498827 5.8516803 0.31201223 10
-9.7475233 5.9288778 0.39803049 14
-9.7605028 -0.44652078 0.4432404 11.666667
-9.7814484 -0.39390123 0.4475697 13
-9.7178688 5.7669797 0.41990578 15
-9.7042084 6.0345187 0.45198578 14
-9.719511 -0.51434439 0.56379843 12
-9.7415266 -0.41819689 0.57245892 11.5
-9.7584543 1.8608581 0.59031957 12
-9.72437 -3.8813801 0.65630722 10
-9.7494755 -0.4247784 0.67052495 13.5
-9.7575817 -0.39459288 0.67890996 15
-9.7307148 -0.40314791 0.74517322 13
-9.7399187 -3.8881531 0.81867212 10
-9.7695589 -0.27637383 0.91690809 15
-9.7400274 1.8338469 1.0211297 15
-9.7533875 -3.8978493 1.1012902 12
-9.7936449 -3.8296757 2.4593654 15
-9.7164755 -0.27114955 2.77372 13
-9.7154198 -0.77332795 2.9738779 12
-9.7468061 -0.17865181 3.012228 13
-9.6788015 -3.9467936 0.25575429 7
-9.6762924 -0.45388436 0.27519682 10
-9.6734543 1.8502358 0.28730559 10
-9.6192436 1.876688 0.37059319 10
-9.6714191 -0.72000456 0.4474445 11
-9.6705542 -0.52892119 0.47329441 12
-9.6554117 1.8742346 0.47924131 10
-9.6252928 1.9400764 0.40433761 14
-9.6415768 -0.56612283 0.54412919 12.833333
-9.6184263 1.9570148 0.54663885 15
-9.685853 -3.9112523 0.61706269 10
-9.6172419 -0.58711886 0.6099577 14
-9.654912 1.8251694 0.64750493 13
-9.6464424 -0.73891044 0.72438997 11.5
-9.6531458 -0.55491668 0.7192294 13.5
-9.683692 1.8226286 0.72140372 13
-9.6872606 -0.93556809 0.80899048 14
-9.6236849 -0.46447253 0.88808233 13
-9.6974583 -3.8889308 1.1477265 13
-9.6222696 -3.8950105 1.2251651 13.5
-9.6850281 6.0413561 1.2324477 15
-9.6345177 6.1056271 1.3136204 15
-9.6977739 -3.8693819 1.950434 15
-9.6203871 -3.9888608 2.1253002 15
-9.6929121 -0.44167763 2.6563122 13
-9.6992292 -0.61299169 2.8690014 13
-9.6962376 -0.1579313 2.8129215 12
-9.6731701 -0.10557973 2.9731998 13
-9.6909351 -0.46490484 3.1900148 12
-9.6994524 0.33328035 3.1726739 13
-9.5284243 5.8451591 0.13635084 10
-9.5064812 1.8649111 0.32879996 11
-9.5523462 5.1894517 0.35793564 15
-9.5307741 6.0200372 0.38215384 14
-9.561471 1.8795296 0.46679929 10.625
-9.5620527 5.8512311 0.44387195 12.666666
-9.5898104 1.9211302 0.53303021 13.5
-9.5510225 6.2224717 0.63122833 10
-9.5962162 -0.55502206 0.78221697 14.5
-9.5313826 1.8260475 0.77261132 12
-9.5142508 -3.9013097 0.96181703 12
-9.5965748 -3.8993514 0.91890514 12
-9.5998411 -3.8818088 1.1835772 13
-9.5341587 6.1439548 1.1599972 15
-9.5755386 -3.868468 1.2064158 14
-9.5622597 -3.8974512 1.5547633 15
-9.5310049 -3.8785217 1.9875331 11
-9.5169401 -4.0270376 2.1786714 14
-9.5402193 -3.9801106 2.1162701 14
-9.5870323 0.38527536 2.9646237 13
-9.4317255 5.9349847 0.15906739 10
-9.496603 1.907184 0.27664718 9
-9.4611511 5.824688 0.29297051 12
-9.4952612 5.7941232 0.31312704 13
-9.4463005 5.8321986 0.32047617 11
-9.4411573 1.8207241 0.46992254 11
-9.4087229 3.7100296 0.42297474 14.5
-9.4169455 3.8503807 0.46796247 11
-9.4042482 3.9688253 0.40630278 14
-9.4673357 5.8527517 0.49172252 13
-9.4997587 -3.9207838 0.55935127 9
-9.4975052 -0.60555124 0.5201962 10
-9.487937 1.8780777 0.51281261 14
-9.4540625 3.650383 0.59854609 15
-9.4450521 3.7559984 0.5342021 14
-9.4340076 1.7843413 0.68859792 12
-9.403142 3.8589203 0.62238604 12
-9.4320192 3.9475753 0.60066855 13
-9.4283876 -3.8679898 0.7110154 11
-9.4201384 6.0812044 0.72396833 12
-9.4505701 -3.8709691 0.84587449 11
-9.4307718 1.8790494 0.82231319 13
-9.4581079 -0.54718709 0.91547525 13
-9.4488573 -3.9008734 1.0903957 12
-9.431386 -3.8655455 1.0295033 13
-9.4015999 1.7889876 1.0382237 14.5
-9.4653864 -3.9675219 1.9028859 15
-9.3184948 5.8759542 -0.086943358 7
-9.3691854 3.8994498 0.0018602228 6
-9.3706131 5.9465222 0.17909831 10.5
-9.3027697 1.6555135 0.22346795 11
-9.3021631 5.9988246 0.28106967 14.5
-9.3796368 1.9560987 0.44156909 14
-9.3595028 3.6576498 0.48988909 14
-9.3615179 5.8638511 0.43377516 10
-9.3704958 3.7683923 0.5288524 11.5
-9.3108826 5.7998857 0.52437627 15
-9.3351021 -3.883647 0.68658674 11
-9.3882303 -2.1733804 0.64986318 12
-9.376049 1.8261657 0.69717711 13
-9.314477 3.6616302 0.61124378 12
-9.3732967 3.7640488 0.62201661 13
-9.3697796 6.0776992 0.69412345 14
-9.3556461 1.7668278 0.74748391 13
-9.310051 1.8846523 0.79146725 15
-9.3409147 1.8465297 0.89424014 15
-9.3321085 -3.8619249 0.94986892 12
-9.3644743 1.9482068 0.95787448 15
-9.3060284 -3.8680344 1.2526643 13
-9.3098183 -3.8855062 1.3854748 15
-9.3186245 -3.9240775 1.702679 15
-9.2539253 5.9118919 0.25410435 13
-9.2192173 -1.5114201 0.3300682 10
-9.2194738 3.7818394 0.3255192 9
-9.2819271 5.9346309 0.38588852 12
-9.2285242 3.7276068 0.44568333 13
-9.2524071 5.8493047 0.44782448 11.666667
-9.2686481 -1.4942352 0.5998891 12
-9.2178383 1.743047 0.53702331 10
-9.2829237 3.4603021 0.59563965 15
-9.2836514 3.6164904 0.53946424 14
-9.2170963 5.8304367 0.59119344 14
-9.2271414 3.4842811 0.63180584 14
-9.2003946 6.160975 0.6547789 14
-9.2163239 3.4570055 0.70067114 14
-9.282918 -3.8782361 0.81618315 10.5
-9.2942934 1.9088495 0.92984331 15
-9.2255688 -3.8633697 1.1571133 14
-9.2909994 -3.9101012 1.9583563 15
-9.150548 5.9339223 0.22999373 9.5
-9.1843758 1.7264177 0.3236917 14
-9.1138973 3.7773838 0.35629213 10
-9.1349487 5.8748751 0.34266704 10
-9.1605959 5.9315863 0.31024563 14
-9.1058588 1.9478334 0.48795345 14
-9.1176968 3.5651295 0.46788451 14
-9.1574001 5.9156518 0.47735018 13
-9.1016684 3.7376568 0.50938386 14
-9.1797657 4.3856807 0.57133865 15
-9.1275434 1.7554082 0.67346746 11.5
-9.1404448 -3.8734338 0.85351557 11.5
-9.1512299 1.742005 0.81225264 13
-9.1524363 1.8785617 0.82820708 13.75
-9.1872711 -3.8583744 1.0411795 13
-9.1753893 -3.8617177 1.572987 15
-9.1985168 -3.8742907 1.6673979 15
-9.0087214 5.8608389 -0.11043835 7
-9.03088 4.0372925 0.017689889 7
-9.032299 5.9585724 0.14187621 9
-9.0218048 5.9425397 0.24836352 11.75
-9.0689497 2.2784462 0.32243535 12
-9.0843153 4.2123952 0.35683724 14.5
-9.0091038 5.8924623 0.3675822 14
-9.0277786 5.9831233 0.30505347 12
-9.0659447 1.9269469 0.46426049 12
-9.002285 4.6395106 0.46309066 15
-9.0424471 5.8405309 0.47054109 13
-9.0816078 5.9511666 0.40441808 13
-9.0673504 -0.91268712 0.5875895 14
-9.0946741 3.47386 0.57015771 14
-9.008832 4.3113351 0.52791202 12
-9.0822926 -2.3098016 0.64785266 8
-9.0983315 -0.94339645 0.69632989 14
-9.0204687 1.7247003 0.60300994 12
-9.0511122 1.9681761 0.70042312 15
-9.0466032 -3.877079 0.93585497 11
-9.008297 -3.8647113 1.352641 14
-9.0881023 -3.870636 1.4724773 15
-8.9219427 5.9118972 -0.083191358 6
-8.9048672 4.0082607 0.0032030302 6
-8.9068766 4.5567436 0.26826915 15
-8.9843788 5.8551898 0.2859889 10
-8.9309874 3.5692368 0.39502776 12
-8.9373331 3.6271038 0.38719806 11
-8.9106836 5.49227 0.35627216 14.5
-8.9934044 5.8493657 0.33884758 12
-8.9103785 5.9053855 0.36992177 11
-8.9929705 2.1839397 0.4620415 15
-8.9061956 3.2875807 0.491382 14
-8.9959335 4.3638892 0.49269921 14
-8.9786129 4.6603398 0.42264688 14
-8.9556074 4.7381473 0.45741063 11
-8.9078665 5.8641839 0.43476999 12
-8.940773 1.8706981 0.53182316 10
-8.999876 1.9331987 0.54400998 15
-8.9699812 3.4396896 0.5616768 12
-8.9400644 4.6863828 0.53266788 14.5
-8.9011602 5.9261713 0.50434291 13
-8.9421406 -3.8978236 0.62481266 10
-8.9319048 1.8142866 0.62821406 11
-8.9237814 3.3491282 0.63321435 13
-8.905076 -3.8730929 0.77088541 10
-8.9890928 1.8819801 0.8022489 13
-8.9830713 1.8912351 0.93666309 15
-8.9039307 -3.8656328 1.5643035 15
-8.8377419 3.3049774 0.28572223 9
-8.8523102 5.8702712 0.24128199 11
-8.8609114 -3.9616365 0.3954404 6
-8.8531265 2.2506361 0.31464452 12
-8.8413591 3.2963064 0.3510679 11
-8.8383694 3.3325231 0.36815816 10.166667
-8.8083792 5.4407516 0.36989412 15
-8.8925848 5.8461494 0.34451282 12.5
-8.8561573 3.17011 0.46913019 13
-8.8385963 3.2608082 0.40171883 13
-8.8310242 3.3208597 0.44571632 11.166667
-8.8791876 3.6198144 0.47243458 12
-8.8035402 4.7084546 0.44245329 13
-8.8547668 5.8617249 0.44830039 13.5
-8.8464413 1.8982494 0.58231246 13
-8.8234472 1.9069111 0.56458765 13.5
-8.8454552 3.1855979 0.50311112 13
-8.8307571 3.2418783 0.55226076 12.5
-8.8446035 3.3312747 0.52907842 11.5
-8.8693094 4.2982159 0.58110112 15
-8.8307762 -3.9083328 0.67617762 10
-8.8134069 1.8842267 0.60466617 13
-8.8645258 1.8833925 0.73056775 13.5
-8.8343458 1.9074594 0.71841204 15
-8.8664913 -3.8702354 1.4133893 14
-8.8316412 -3.9277458 1.5329437 14
-8.8149872 -3.8491247 1.5512842 15
-8.8508387 -3.8577719 1.6123817 14.5
-8.8805075 -3.8210781 2.2942271 12
-8.7554865 0.12475125 0.11613221 8
-8.7009048 4.3845954 0.16498113 11
-8.7960625 1.7730867 0.25271845 11
-8.7055845 3.2994857 0.24620225 10
-8.794467 5.238667 0.26902083 13.5
-8.7765217 5.8447213 0.2488786 11
-8.7533207 -3.9190149 0.37216219 8
-8.7314405 1.7303874 0.3740375 15
-8.7217569 2.2655108 0.39905581 14
-8.7521019 3.3468966 0.33912149 10
-8.7214899 3.4752388 0.34585986 11
-8.72859 3.6107328 0.33952144 9
-8.7954464 5.2577767 0.35509694 15
-8.7703314 5.8507643 0.36389792 13
-8.7403297 5.954936 0.3442868 11
-8.7487564 3.3147097 0.47320119 12.25
-8.7813721 4.7575641 0.49511871 13
-8.7743158 5.9503961 0.42462271 13.25
-8.7632856 6.0238023 0.42887408 15
-8.7065954 3.1085298 0.53369206 14
-8.7803192 3.2903132 0.53444332 13.666667
-8.7447367 3.3582199 0.58153057 12.75
-8.7227755 3.769165 0.58404231 15
-8.7239323 4.6861863 0.56818068 15
-8.7042818 1.9783521 0.73833942 15
-8.7618284 1.8850937 0.88335186 13.75
-8.7395077 1.8911688 0.92628986 14.5
-8.7039452 -3.8616378 1.5446761 15
-8.662426 5.9894209 0.22446355 11
-8.6208258 -3.9741178 0.33939666 6
-8.6252041 3.2751265 0.35782379 10.5
-8.6697779 3.3226798 0.3073785 8
-8.6524038 4.7397304 0.37709534 12.5
-8.6949415 5.8608441 0.35698089 14
-8.6049023 3.2894201 0.4382894 12
-8.6904411 5.8672142 0.40892938 14
-8.6277657 1.9212525 0.51698238 15
-8.6610298 3.3414092 0.56493193 13.5
-8.616436 3.637377 0.5567435 15
-8.6219416 4.3337169 0.55151904 14
-8.6991863 5.881485 0.54749906 13
-8.600316 6.0044384 0.53327459 12
-8.6471062 1.9096055 0.64625496 13
-8.6432562 3.3359082 0.61115646 13.5
-8.6990337 -3.915009 0.74822426 10
-8.6369257 1.9140018 1.0120726 15
-8.6580677 -3.8732672 1.6169838 14
-8.6002951 -3.8465333 1.9879135 15
-8.6964836 2.1889989 2.4059963 15
-8.5074768 5.935648 -0.05380597 7
-8.5193996 4.2983561 0.059029642 7
-8.5220356 4.5943708 0.058883384 6
-8.5595732 1.6714708 0.30781922 12
-8.5623188 1.961772 0.35730132 14.5
-8.5639668 2.0235634 0.38950369 15
-8.5914803 3.2657561 0.36202711 12
-8.5155516 3.3026197 0.39604899 14
-8.5661173 4.7714195 0.37972569 13
-8.5287971 5.9268847 0.34294838 11
-8.5018263 -0.0014117466 0.4861981 15
-8.5459671 3.3480773 0.43367356 12
-8.5959406 4.3170018 0.4418357 14.5
-8.5495644 4.6593451 0.43972868 14
-8.5852413 4.7290053 0.49495819 14
-8.5499077 5.8818173 0.44366154 12.666667
-8.5816355 1.9782833 0.57497394 14.5
-8.5388393 4.3116641 0.50755972 14
-8.5166225 4.7680974 0.52475429 15
-8.5226698 5.9744492 0.54747653 11
-8.5667238 -3.8665817 0.67086947 10
-8.5332813 -0.4797236 0.69660693 15
-8.5516272 1.9242789 0.65674633 13.75
-8.5754652 3.3576629 0.64831197 12
-8.5005484 -0.13067435 0.73054332 11
-8.5149202 -2.056061 0.82189846 13
-8.5385695 -0.45136446 0.84806722 11
-8.5793114 -0.38878295 0.86601919 14
-8.5686474 1.9148755 0.86906809 14
-8.5190239 6.1587629 0.81067264 15
-8.5488005 -0.43716842 0.93404317 13
-8.5537415 1.9102139 1.0843916 14
-8.5797682 6.0002789 1.0133312 15
-8.5605555 -3.8964078 1.4472135 13
-8.5790701 -3.8778515 2.1665528 12
-8.5776272 -3.8378932 2.3035295 15
-8.5444469 -3.8829219 2.4526231 13
-8.4129486 3.9591291 0.12644735 8.5
-8.464138 6.0025029 0.12918349 10
-8.4511194 5.840013 0.2757296 11.5
-8.4395323 5.9808297 0.27429184 10
-8.4420023 6.0058913 0.22250476 9
-8.4477663 4.6559653 0.36713913 13
-8.4475403 5.4062495 0.33490083 15
-8.4880648 5.8562632 0.35304365 11
-8.4830275 -0.71142828 0.4327015 12
-8.4870434 3.3665807 0.49312401 15
-8.4224157 3.7103446 0.45197266 12
-8.414938 4.5621953 0.45930237 14
-8.4127111 4.6478653 0.47336775 14
-8.4831343 4.7705946 0.47743908 12
-8.4675732 5.8487387 0.40127477 14
-8.4043522 5.9007792 0.4137001 11
-8.4935446 -1.9147094 0.58437979 11
-8.4470568 -0.72295767 0.58143771 14.5
-8.4094381 3.2075984 0.51060325 14
-8.4074411 3.4498346 0.53706861 13
-8.4241266 5.8209968 0.59744102 14
-8.4650831 6.1002598 0.56182021 11
-8.4887161 -2.0184534 0.62075675 10
-8.4030676 -0.6055724 0.67874295 14.5
-8.4548941 3.3446562 0.61952722 15
-8.4480352 -3.8597336 0.70464158 10
-8.490571 -2.2350917 0.74671012 11
-8.4863234 1.8990747 0.81387925 15
-8.4017048 -3.8575695 1.118157 13
-8.4723902 -3.869992 1.5792812 13
-8.3028555 5.9465618 -0.14577024 6
-8.3751678 1.9657053 0.087129414 7
-8.3075638 3.2948537 0.025419222 6
-8.3629208 -3.928961 0.12361741 6
-8.383584 2.0425925 0.19200881 9.5
-8.3716679 -3.9515738 0.20721683 6
-8.3961029 -3.894624 0.20978676 7
-8.3033581 5.9492607 0.24009347 9
-8.3172789 -3.9586084 0.3814716 7
-8.3909206 -0.71821338 0.39804149 11
-8.3446465 0.22808611 0.36417854 11
-8.3187199 1.9647007 0.36802092 14
-8.31038 2.187937 0.38368562 15
-8.3859625 3.4364531 0.38001126 10
-8.3181353 3.643604 0.36656183 12
-8.3676567 5.8393378 0.33998549 11.5
-8.3264885 5.9142833 0.38003093 13
-8.3558512 -1.9996057 0.48613128 10
-8.3949671 3.3983655 0.43261704 14.5
-8.3602552 3.4152255 0.43739745 12.75
-8.3494711 4.6516528 0.45183417 13.75
-8.3418007 5.8553061 0.46810043 12.375
-8.3533792 -0.74110872 0.57305992 13
-8.3086586 -0.078975163 0.56633645 10
-8.3940878 0.001166122 0.5067513 10
-8.3602562 0.18499976 0.58138168 13
-8.3555164 1.7654998 0.56304336 15
-8.3580685 3.4605818 0.54514855 11.5
-8.3105993 3.5822828 0.56662399 14
-8.3038378 4.3112097 0.54665667 15
-8.3605967 -0.010967419 0.68474615 15
-8.3548317 1.9400173 0.63147175 15
-8.3527651 3.4150035 0.63771987 12
-8.3083639 3.4478171 0.72685188 14
-8.3935289 -3.8523891 0.85478991 11
-8.38873 -2.0564528 0.86537319 13.5
-8.3839655 -0.49411887 0.94586152 15
-8.3562937 1.915305 0.94713652 15
-8.3159943 -3.8931754 1.3446498 11
-8.3849735 -3.83411 1.8153656 14
-8.3497038 -3.8595476 2.004061 15
-8.3225956 -3.8395648 2.4621913 14
-8.2630682 1.9433011 0.092462763 7
-8.2659454 -3.878968 0.12121246 8
-8.2381849 2.0464566 0.15721898 8
-8.2516546 3.4795098 0.26955879 10
-8.2328491 5.852036 0.24871641 12
-8.2216454 6.0468173 0.23705567 12
-8.2203426 -3.9424756 0.33910376 7
-8.2605486 0.3566612 0.33823746 10.25
-8.2975197 4.6398358 0.38534054 15
-8.260129 5.5549903 0.32613912 12.5
-8.2327061 5.8688998 0.3382889 12.25
-8.2761383 5.9910569 0.35759911 14
-8.2226152 0.24871624 0.44784996 10
-8.259182 0.33411974 0.41717169 13.5
-8.2746344 4.5804543 0.46908641 11
-8.20049 4.6575828 0.4331916 15
-8.2731237 5.6094503 0.45028323 14.5
-8.2154636 0.28713277 0.5625006 13
-8.2051725 3.1019545 0.50055379 13
-8.2236223 3.756038 0.56036061 15
-8.2581482 4.1531734 0.5584231 15
-8.2468023 -0.61030996 0.73859811 13
-8.208581 -0.55770677 0.74379456 11
-8.2335844 0.32104838 0.7183637 15
-8.2617235 0.40086609 0.77137589 14
-8.2690973 -2.1190758 0.92913157 10
-8.2229538 -3.8681257 1.6570761 15
-8.2936888 -3.8416011 1.7371073 15
-8.2975168 -3.9106629 2.2153022 15
-8.1010971 0.47517702 0.16224104 6
-8.1494036 6.0313835 0.10762043 9.5
-8.1975384 2.249939 0.29728496 13
-8.1338186 6.0344043 0.24396874 14
-8.1891737 -3.9832659 0.31394291 5
-8.1913042 -0.63709629 0.31064063 11
-8.1858959 0.29478392 0.3440645 10.25
-8.1908054 0.34995675 0.35918882 12
-8.1870699 2.2602072 0.33764252 14
-8.1739292 5.8510146 0.32433057 12
-8.1538057 0.19928659 0.46028283 8
-8.1377773 0.28959972 0.40689173 9
-8.1476078 0.3166016 0.41931385 9.5
-8.1482191 3.4596093 0.46381131 11.5
-8.1187458 3.5189614 0.48156095 12
-8.1897678 5.9068804 0.40072569 11
-8.1352606 0.25705403 0.54511827 11.125
-8.193491 0.32629821 0.52132052 13
-8.1433172 3.7306688 0.57763982 12
-8.1212521 3.9465384 0.56912673 15
-8.1607265 4.0288925 0.58840817 15
-8.1665182 0.29415092 0.60207784 13
-8.1181593 0.31519145 0.67924029 14
-8.1018972 3.4559021 0.65038496 12
-8.1965418 -1.9656484 0.73173618 13
-8.1571255 0.35458386 0.75648254 14.5
-8.1733942 -3.8636634 2.1036649 15
-8.0113192 -3.887641 0.01199462 6
-8.0997696 5.9328279 0.15758333 7
-8.0791435 5.8460288 0.26354808 11
-8.0665302 0.34817386 0.36266449 11
-8.0898352 2.2596231 0.32864669 13.5
-8.0559893 3.3654532 0.37751025 12
-8.0762939 5.3494859 0.34373745 15
-8.0591068 5.5775228 0.33133361 14.5
-8.0337286 6.0393405 0.32903743 14.5
-8.0604315 -3.9333847 0.46872973 6
-8.0378876 0.27435732 0.44872493 11
-8.0743837 0.32761341 0.43540174 12.75
-8.0751085 3.3753257 0.46534756 12.833333
-8.0607548 3.6513629 0.44775969 12
-8.03514 5.4031825 0.40103194 13.5
-8.0290117 5.9277077 0.41083473 13
-8.0742445 0.29127491 0.52737558 11
-8.0464716 3.3483372 0.55767548 13.5
-8.0893087 3.4513693 0.53405732 12
-8.0400934 3.8092527 0.50600886 13
-8.0746374 3.9936025 0.55215502 14
-8.0133791 4.3463197 0.52512693 14
-8.0567884 4.4034729 0.50512522 14
-8.0524635 4.6693425 0.50316221 13
-8.0258913 5.9155979 0.50069386 13
-8.0469656 0.28606987 0.63340896 13
-8.0566053 0.44194412 0.67557925 13
-8.0549631 3.3428607 0.61385846 14
-8.0677462 3.461704 0.61908609 13
-8.0638418 -2.9148769 0.86093909 12
-8.062644 -3.8805821 1.7578583 14
-8.0765486 -3.8142707 1.967635 14
-7.9582562 4.3180943 0.077883244 8
-7.9644456 5.9170527 0.012762815 7
-7.9903049 0.30830902 0.12459683 7
-7.958425 2.2779286 0.25475445 12
-7.9424682 5.8775239 0.25165984 11.5
-7.9408426 0.35132501 0.33445024 10.666667
-7.965364 1.7258093 0.34567562 15
-7.9589 4.6034822 0.39426306 13
-7.902595 5.905941 0.31125167 10
-7.9409113 3.3396192 0.47402379 11.333333
-7.9501915 4.0274386 0.46236044 13.5
-7.9164152 4.2061162 0.40762022 12
-7.9097676 4.5963893 0.46327695 12
-7.9300151 4.6459813 0.42290333 12
-7.9698067 5.8648953 0.44045004 13.5
-7.9215074 0.26590163 0.57665586 10
-7.9010468 0.31483242 0.50786126 12
-7.958127 3.1797154 0.57031906 14
-7.9490685 3.3186634 0.51259094 12.75
-7.9505515 3.4089465 0.53514743 14
-7.9755859 4.2357759 0.5514707 14
-7.949234 0.29209602 0.62013835 14
-7.9531894 3.2751276 0.65130609 13.333333
-7.933764 3.3236561 0.63209045 15
-7.9447479 5.3754907 0.61616856 15
-7.9798422 6.1535964 0.62298393 12
-7.9547949 -1.9757965 0.74971181 12
-7.97013 0.2372632 0.71799785 10
-7.910882 0.36081862 0.73480988 15
-7.9166374 3.2717869 0.74476302 14
-7.9450417 -3.8930378 1.3258809 13
-7.9293146 -3.8809462 2.0268083 14
-7.9154963 1.4484591 3.3261981 15
-7.8305569 4.4383912 0.026151627 6
-7.8188572 6.0651793 0.15580064 11
-7.8876538 3.2536318 0.26528445 9.5
-7.8503232 5.9078298 0.2354458 11
-7.8218827 0.17520027 0.30027801 10
-7.8483853 0.26846057 0.39715937 11
-7.8542442 0.36397734 0.34451917 9
-7.878058 3.2801557 0.31254458 9.666667
-7.8739491 3.5549221 0.3778145 11
-7.8133221 3.717097 0.37790892 12
-7.8175359 5.2685723 0.37306646 14.5
-7.8904333 0.261774 0.48877892 10
-7.8465905 3.3058414 0.470339 11.5
-7.8133235 4.0820804 0.47461784 13
-7.8789363 4.4479728 0.48202321 15
-7.8294673 5.9084697 0.42002851 11.5
-7.8986988 -0.76373661 0.59327775 15
-7.8389044 0.25153363 0.54589462 10
-7.8321218 0.31809121 0.54564112 11.5
-7.8500967 3.2872982 0.54070497 11.875
-7.8127232 3.7803583 0.53181261 14
-7.8625126 3.9850624 0.53902251 14
-7.8900657 6.200088 0.51100528 11
-7.8003922 0.32086891 0.66913158 15
-7.8551531 3.2708673 0.64969456 13.125
-7.8646479 3.3140652 0.62533814 12
-7.8306446 0.39126211 0.76706076 15
-7.8299108 -2.1263142 0.99778074 13
-7.8694525 6.2007384 1.0715501 15
-7.8973131 -3.700304 1.5845363 14
-7.7744279 4.5753088 0.076773666 7
-7.7758932 3.2935326 0.19854495 8
-7.7179775 5.8753605 0.17884278 8
-7.7856631 0.22132741 0.26324949 11
-7.7532387 3.2865763 0.22341253 8
-7.7236695 4.5696483 0.23683085 15
-7.7994418 6.0558658 0.22038686 13
-7.7564626 -0.072195411 0.35988647 11
-7.7281556 0.17132261 0.33707765 10.5
-7.7483296 3.2641852 0.33585188 9.666667
-7.7342639 3.3502316 0.32550672 10
-7.7480297 4.4157081 0.38784778 13.5
-7.7900977 5.7663269 0.32248306 13
-7.7459631 5.9062438 0.33142245 13.5
-7.7366586 0.1510807 0.42222705 12
-7.7454772 0.32745975 0.41220304 9.75
-7.7424259 1.9836466 0.44273633 12
-7.7546616 3.2842896 0.44779032 10.333333
-7.7302899 3.3468797 0.48217753 12.25
-7.7260456 4.5173845 0.44593963 13.5
-7.7386193 4.6211095 0.41875279 11.5
-7.793664 -0.72672683 0.59404814 14.5
-7.7740655 0.27712876 0.54269278 12.25
-7.7942371 0.31612685 0.56507188 13
-7.7231274 3.1754375 0.50211352 12.5
-7.7500443 3.2687557 0.54016596 11.5
-7.7576914 3.3288996 0.57287985 12.75
-7.7998595 3.5149353 0.58576214 14
-7.7328691 3.8364069 0.54894501 15
-7.7166219 4.0427399 0.56530523 15
-7.7427516 4.2495446 0.52763629 13
-7.7297611 4.421102 0.56222421 15
-7.7145634 6.1780777 0.56567824 11
-7.7295198 3.1187372 0.63403982 13
-7.7223368 3.2927363 0.61911869 14.5
-7.7478218 -2.846077 0.77331567 11
-7.7625904 0.36811167 0.76004511 15
-7.6959743 -0.086278707 0.069331609 6
-7.6112223 3.4479814 0.15917176 9
-7.6511784 0.19823134 0.2665382 10
-7.6645794 5.2052574 0.29714167 12
-7.6468663 4.365273 0.34769148 13
-7.660089 5.2809076 0.3364208 13
-7.6893516 5.8615222 0.36006764 12.5
-7.614634 5.9389353 0.32751772 10
-7.6329579 3.1254025 0.48130983 13
-7.6517615 3.2748554 0.4827013 13
-7.6707859 3.3688893 0.46861014 11.5
-7.6228924 4.3193345 0.44154719 15
-7.6047482 4.4946437 0.46064761 14
-7.6673541 4.6432152 0.46301025 13
-7.6642036 5.7007146 0.48045704 14.5
-7.6941423 5.8652205 0.44719201 15
-7.6423492 5.9306593 0.44783023 11.666667
-7.6280036 3.2943161 0.51168597 13
-7.6619143 3.3112051 0.53961551 14
-7.6623292 4.0360646 0.55557567 15
-7.6223569 4.3249712 0.52687728 14
-7.6166086 5.8895764 0.50165349 11
-7.6017466 3.4596829 0.65902162 14
-7.6416955 1.8916798 0.87516171 14
-7.6902742 -2.0420554 0.9833948 13
-7.6157641 -3.9405692 1.5477499 10
-7.6367464 -3.4861884 2.5833328 15
-7.52106 5.9305682 -0.05675881 7
-7.5786099 5.9929895 0.22380519 9
-7.5485134 6.0483332 0.2525419 13.833333
-7.5301905 3.3738523 0.39189246 13
-7.5565839 5.8608909 0.37636471 12
-7.5316796 5.9483747 0.32934761 13.5
-7.5529966 3.3610375 0.48673034 14
-7.5820031 4.485671 0.49361974 15
-7.5072236 4.7466846 0.43113646 11
-7.5486455 5.1497335 0.44180632 14
-7.5570822 3.2779706 0.57546723 12.5
-7.550993 3.4689925 0.53929526 13
-7.5881948 3.743973 0.50435889 15
-7.5411434 3.9562008 0.54552156 15
-7.5675793 4.3259611 0.56358439 15
-7.5374417 4.5159335 0.53606784 15
-7.5165877 5.4671955 0.51335579 15
-7.562458 5.83532 0.52689004 14
-7.5322967 6.1281958 0.59354144 12
-7.5192957 -2.0604515 0.60851902 11
-7.5233197 -0.73684609 0.62855959 15
-7.529479 3.3345742 0.68877399 13
-7.584733 3.4795785 0.64649463 14
-7.5253038 4.4718008 0.60949427 15
-7.5669379 -1.9777703 0.70464927 12
-7.571981 6.14117 0.74689007 13
-7.5287447 -3.7972918 1.3443792 10
-7.5712204 -3.8296006 2.2925251 13
-7.4145503 5.9248476 -0.13143422 7
-7.4479976 5.9539185 -0.0054344768 7
-7.4990478 6.119637 0.066864029 8
-7.4417734 5.4200897 0.25565279 11
-7.4916377 5.5955272 0.29348403 12
-7.4646258 5.8652945 0.24643971 11
-7.4473205 -0.70183736 0.32225174 10
-7.4240041 3.3393595 0.3298848 9
-7.4651694 4.7675557 0.32288569 7
-7.4468808 5.9303885 0.36296308 12.166667
-7.4367433 3.3402743 0.4333415 13.375
-7.4180212 3.7341344 0.47245273 15
-7.4825301 4.3917422 0.49570352 13.5
-7.4089875 4.7255411 0.44580078 12
-7.4801106 5.9628224 0.45164394 11
-7.4472866 3.3556409 0.53617281 12.666667
-7.4257798 4.3872313 0.51053101 15
-7.4791312 -0.75070035 0.61105812 15
-7.4693022 -0.073637463 0.64365691 14
-7.4578023 3.4583187 0.66633618 14
-7.4366164 -0.37148586 0.77740568 15
-7.4739451 5.8608351 0.70617926 15
-7.4679332 6.2331862 0.95875484 14.5
-7.4384513 -3.8209546 1.2748609 13
-7.4406548 -3.9278605 1.3188558 10
-7.458878 -3.9155777 1.6273876 15
-7.4167948 -3.8307269 1.6766824 15
-7.4720845 -3.9054809 1.9595191 15
-7.474546 -3.8338702 1.9417975 12
-7.4042902 -3.876488 2.0454097 15
-7.3640299 5.8789248 0.038757954 7
-7.3003006 5.9583607 0.13834982 7
-7.3264327 1.6179017 0.28611222 13
-7.3472981 3.3231142 0.20581248 8
-7.323163 4.3661346 0.26653603 12
-7.3469882 5.9163661 0.23693223 9
-7.338182 2.7184904 0.38333744 14.5
-7.3414721 3.3228364 0.35866615 10.25
-7.3646259 5.9349847 0.35990131 13.333333
-7.3779988 3.348074 0.45465103 13
-7.3464847 4.6373534 0.42009097 15
-7.3106313 5.8796544 0.47739628 11
-7.3195953 -0.71353775 0.56257325 14
-7.3979001 3.3265646 0.5556348 13
-7.3040943 3.7636535 0.53992498 13
-7.3995905 4.712853 0.57874012 13
-7.3082628 -0.61213088 0.64812571 15
-7.3026695 3.2251523 0.65285969 14
-7.3728023 3.3585355 0.65848279 13
-7.37745 -0.54160392 0.70385826 15
-7.3923655 -0.3180379 0.70416802 10
-7.3656993 -3.829936 1.462849 14
-7.3759675 -3.8891401 1.8943329 11
-7.3115854 -3.8204825 2.1969202 12
-7.3497992 -3.8690603 2.2831779 14
-7.3141146 -3.8772607 2.3111222 13
-7.3104825 -3.793031 2.3507478 12
-7.2311697 4.7703929 -0.0013718362 6
-7.295866 -0.058524881 0.15556636 8
-7.2539659 3.3046613 0.23847024 10
-7.2183886 4.5853605 0.26074964 8
-7.2622447 2.6070998 0.34351161 14
-7.2694287 3.278877 0.34026796 10.75
-7.2255096 3.3350048 0.34968787 11
-7.2144632 4.2176766 0.38690579 12
-7.2154479 4.3524818 0.3528237 12
-7.2719474 4.6602855 0.38118324 12.25
-7.2515211 4.7127352 0.38446677 11
-7.2005458 5.0711222 0.39443323 14
-7.2432709 5.8229709 0.38753304 13.5
-7.2709503 6.1079898 0.31078145 14
-7.2368722 3.3202555 0.42560405 11.75
-7.2059932 4.3784714 0.43415168 14
-7.2868047 4.4933748 0.49504912 14
-7.2505345 4.5696239 0.44499233 12.5
-7.206306 5.2520785 0.41873777 14.333333
-7.2603631 5.9375381 0.47956795 11
-7.2884574 1.9389212 0.5045529 12
-7.2054286 3.2993877 0.54088509 14
-7.2429347 3.3379993 0.55759132 12.428572
-7.2630625 4.4717236 0.54953343 14.5
-7.2519426 4.6092792 0.53069109 12
-7.2747068 4.7299457 0.50233656 13
-7.2191591 5.9676313 0.52018845 10
-7.2228622 -0.67238301 0.60534257 14.5
-7.242702 -0.56583834 0.63230067 14
-7.2159715 -0.484721 0.67447734 13
-7.2628984 1.9976047 0.65488946 14
-7.2436376 3.2672129 0.64056742 13
-7.2015843 -0.60740745 0.70818305 14
-7.2042551 3.3153832 0.71290725 12
-7.2770181 -3.8459768 1.6826966 13
-7.2725315 -3.860117 1.7841356 15
-7.2888107 -3.7994423 1.7430794 14
-7.2286429 -3.8439739 2.0381403 12
-7.2516427 -1.3419653 2.562331 13
-7.2044468 -1.2425549 2.5241077 12
-7.2028394 -3.7511988 2.6552703 15
-7.1144838 5.9025264 -0.14884301 7
-7.1992741 5.9413133 -0.036844879 7
-7.1798549 5.3471565 0.25827762 12
-7.1572289 2.3652606 0.3036696 13
-7.1251869 2.6077747 0.35364708 15
-7.160111 3.2856326 0.39621311 10
-7.1514874 3.3618207 0.37160361 12.125
-7.1461587 5.2920346 0.3525283 13
-7.1420007 5.7892575 0.36502951 14
-7.1093831 5.978076 0.34462303 14.5
-7.1763644 -0.70907825 0.41855806 11.5
-7.1525908 -0.048318118 0.47294444 12
-7.1868606 1.9866103 0.41930538 11.5
-7.1663404 3.2956452 0.45521274 11.5
-7.157177 3.3385565 0.44196737 12
-7.1036849 3.4292097 0.43495581 15
-7.1254992 5.945684 0.4758229 15
-7.1685796 3.3570006 0.54090828 12
-7.1345415 1.9758979 0.68060595 15
-7.1364508 3.2880251 0.61862803 11.75
-7.1418695 3.3345921 0.63989347 14.166667
-7.134191 -0.51088452 0.71675432 15
-7.1823797 6.2752924 0.70224345 10
-7.0954857 5.9845839 -0.035470683 6
-7.0211105 5.9364486 0.098898195 7.5
-7.0587273 -0.85578644 0.20723502 9
-7.084806 3.4368062 0.27815303 9
-7.0263124 3.5159647 0.20102081 9
-7.0609384 1.7801509 0.33211881 15
-7.0284238 3.3356788 0.35862279 11.333333
-7.0228 3.4446917 0.31528741 10
-7.0293574 3.6168714 0.38808346 9
-7.0483413 5.9335871 0.32275009 8
-7.0027251 -0.17036505 0.48115009 13
-7.0193877 1.9610653 0.44885495 11.5
-7.0821924 3.2944226 0.46134862 11
-7.0592833 3.3342881 0.44094375 12.142858
-7.033669 3.5075562 0.48115498 9
-7.0224047 -0.24377605 0.56241846 15
-7.0682139 -0.051923193 0.50997448 15
-7.0519595 3.3501134 0.52199847 12.714286
-7.0249019 3.4722626 0.52233839 12
-7.0270948 3.5341196 0.50261736 12
-7.0341139 3.7248318 0.51237655 15
-7.015254 4.0605674 0.56245565 12
-7.0446501 4.3433661 0.50775534 14.5
-7.0681815 -1.062353 0.64001745 13
-7.054554 -0.93570644 0.68727982 9
-7.059679 -0.8261013 0.65115285 14
-7.0333233 -0.6207158 0.68225217 15
-7.06675 -0.047721528 0.6131472 10
-7.0212812 1.9825406 0.62592816 13.5
-7.0927801 3.3532879 0.61825168 14
-7.0297136 6.1899109 0.61089754 12
-7.0285635 -3.835048 0.92498469 11
-7.0884681 6.1706128 1.098291 15
-7.0101185 -3.8570411 1.6857364 14
-7.0385399 -3.6201425 2.6648285 13
-6.9596057 1.5051488 0.072373569 8
-6.9790244 3.6067131 0.34508663 11
-6.9055071 5.8698883 0.37191564 9.5
-6.9242034 5.944407 0.35482606 13
-6.9798179 3.3733625 0.40874359 14
-6.9324479 3.6026022 0.46446592 15
-6.9578977 5.9425788 0.49663717 15
-6.937799 3.3580544 0.50276351 13
-6.9418063 3.4333665 0.59729797 13
-6.916862 5.9404602 0.52174282 10
-6.9956841 -0.022874763 0.68138349 15
-6.9507933 3.4477487 0.66104263 14.5
-6.9500122 3.5140328 0.66084468 12.5
-6.9664755 6.1835952 0.62416679 12
-6.9953485 3.9370878 0.78037357 15
-6.9291749 1.9417729 0.86958569 15
-6.9979811 3.9525018 0.80780202 14
-6.9642501 -2.1369359 2.4947317 14
-6.8250566 0.31372312 0.015006682 6
-6.8293934 5.8771553 0.087050937 7
-6.8362484 5.9871011 0.32860908 15
-6.8403935 1.9469763 0.45063034 12
-6.8305049 5.9468656 0.48878393 14
-6.8673549 3.4636977 0.58210874 11
-6.8083458 -3.8866289 0.60912269 10
-6.8448725 3.4664619 0.60064667 14
-6.8761764 3.5622013 0.62435454 13
-6.8082495 -1.4701769 0.73466468 13
-6.8081489 -1.8565083 0.87337965 12
-6.8894277 6.2267199 1.1280594 13
-6.8140821 -1.6613733 2.4199836 14
-6.8700781 -1.1624304 2.5999436 13
-6.8570018 -2.1363499 2.6581731 14
-6.7131343 5.9437041 -0.099902347 7
-6.7878585 1.9741994 0.10361677 7
-6.751205 1.9591552 0.24753693 10
-6.7725368 1.960781 0.30853924 11
-6.7563925 2.2320113 0.32117599 12
-6.7968168 4.0927806 0.32286513 12
-6.7535563 5.9156504 0.3271589 14
-6.7749009 5.9257221 0.54013169 13
-6.7720642 6.1910963 0.57256645 11
-6.7228236 -1.1798177 0.61431664 12
-6.7839117 1.9742659 0.62857407 14
-6.7765055 -1.1386929 0.74126703 14
-6.7958741 4.2322016 0.83162606 15
-6.7569275 -3.8000827 1.3767858 13
-6.722404 -3.6975226 1.3683282 12
-6.7721944 -3.8536677 1.8128939 14.5
-6.741344 -3.8365366 1.9605851 15
-6.7782521 -3.8789861 2.4009552 15
-6.7063794 -2.1473546 2.4662552 14
-6.6364698 1.9867994 0.089479193 6
-6.6659942 6.0372448 0.14408232 9.333334
-6.6920629 5.7932162 0.21696678 9
-6.6421018 -0.62458205 0.33793801 9
-6.6540971 -0.57240272 0.34564519 10
-6.6180358 2.0174963 0.36829937 11.5
-6.614738 3.1345487 0.34762245 14
-6.6675496 5.8775625 0.32884806 11
-6.6298814 5.9582305 0.33597821 12
-6.604609 3.0090458 0.41353518 15
-6.6327786 5.9318423 0.43726018 12.5
-6.6782193 1.9574072 0.57298923 15
-6.6030517 5.9917183 0.56832248 15
-6.6486578 1.9904746 0.6275475 12.5
-6.6130967 6.1495442 0.66084343 13
-6.6786575 6.2369423 0.74612403 12
-6.6268053 1.9481076 0.85126632 15
-6.6242189 6.1679726 0.81773645 13
-6.6942544 6.2562885 1.0545621 15
-6.6129451 -3.847954 1.8276505 15
-6.6325097 -3.8132844 1.9456155 15
-6.6697764 -3.8285306 2.2607322 13
-6.5963936 3.7490997 0.01674298 6
-6.5576391 0.25376821 0.10072003 7
-6.587944 2.0279255 0.26026717 10
-6.5239105 5.9234238 0.23266882 8
-6.5010347 -0.47365549 0.34118965 10
-6.5985107 6.066958 0.33296967 13
-6.5342798 1.9633203 0.40225363 12
-6.523067 4.0831804 0.45288983 13.75
-6.5680227 4.1227722 0.44102052 14.166667
-6.530365 5.9661717 0.44532007 11.5
-6.5235987 -0.48098177 0.52838606 14
-6.5927744 4.0650845 0.54503107 11
-6.5384245 5.7797842 0.57551408 15
-6.5445342 6.3573461 1.0099553 13
-6.5267301 -3.8354044 1.8987905 14
-6.5476894 -3.8407173 1.9801782 15
-6.5359592 -3.8592405 2.1193533 15
-6.5208273 -3.7321694 2.6121976 13
-6.4935255 4.0437355 0.14080009 8
-6.4178391 5.7895956 0.10311507 8
-6.4165154 5.8636394 0.22614442 11
-6.4325037 5.9448085 0.2692003 9
-6.4545312 6.00842 0.22061525 10
-6.4475031 1.7561574 0.34431142 13
-6.4799571 5.9627476 0.32843029 14
-6.403132 -2.0319841 0.52692884 12
-6.4942851 -0.5057258 0.50325209 13
-6.4997315 1.9734864 0.52598268 13
-6.4118772 5.9364419 0.56511712 11
-6.4699731 5.8974066 0.60278213 11
-6.4161181 5.9229474 0.76408666 12
-6.4382291 -3.8178847 1.978222 15
-6.4624848 -3.8510265 2.1281335 15
-6.3044233 2.4093301 0.095998533 10
-6.3371286 5.9746013 0.014127407 7
-6.3073106 6.1057692 0.17345525 10.666667
-6.3027115 -0.44278541 0.25283885 10
-6.3402553 -1.9123428 0.37942463 11
-6.355063 5.9685769 0.34551767 13.5
-6.3669424 6.0864248 0.30575424 14.5
-6.3190222 -0.57714355 0.45620543 10.5
-6.3978724 1.8685942 0.41982493 15
-6.3289247 1.9633907 0.47083911 12.5
-6.3453379 2.0429933 0.44539016 12.416667
-6.366539 2.1274989 0.40499455 8
-6.3029075 3.5025136 0.40053421 15
-6.3863306 5.8995643 0.47148004 12
-6.3448005 5.956171 0.44130427 13
-6.3832264 -1.0119827 0.57885271 12
-6.3350773 -0.98227465 0.55294031 12
-6.3339915 1.9726471 0.56003731 14.3
-6.3535962 2.0291543 0.53110939 13
-6.3699379 -0.079429537 0.60595816 15
-6.3266029 1.9653205 0.61765641 12
-6.3022909 2.0766971 0.6098159 14
-6.3296843 5.9586678 0.64063323 12.5
-6.3297529 -1.919306 0.72078568 13
-6.3009939 -0.48503602 0.70808154 13
-6.3430314 2.0025301 0.71958596 15
-6.3064547 1.978599 0.83345652 15
-6.3073182 1.9959357 1.3953059 13
-6.3169618 2.0291865 1.8167496 14
-6.2239461 -3.8331904 -0.026434405 6
-6.2233806 6.0471344 0.15417497 10
-6.2232747 -0.75786978 0.33198693 7
-6.2669744 -0.54883802 0.32598406 10.333333
-6.2269988 -0.49419221 0.37891844 12
-6.2828507 1.9708683 0.33407587 13
-6.2591872 2.0226254 0.37375918 10.5
-6.2306194 3.7838984 0.36296737 15
-6.2370896 -0.68595791 0.47069666 11.5
-6.2716765 -0.59858382 0.4534606 9
-6.2958565 -0.47366226 0.44236663 13.5
-6.290132 1.9498791 0.41490617 14.5
-6.2780013 2.0046542 0.45686027 15
-6.2454772 5.9697952 0.40511683 9
-6.2482767 -1.8957889 0.51212835 11
-6.2780647 -0.53290617 0.55350995 12
-6.2969117 1.9956026 0.53902096 15
-6.2859116 2.0074069 0.50914443 15
-6.2952785 6.1484814 0.5536409 10.5
-6.2317581 -1.9300116 0.66967404 12
-6.2958465 5.8990417 0.62120712 14
-6.2309675 -2.0068035 0.76688844 12.5
-6.2257276 -0.4814446 0.72784448 15
-6.2708569 -1.9472597 0.8543843 13
-6.2073207 -0.49214554 0.8971628 15
-6.2420001 1.9702218 0.88129944 13
-6.2674904 2.0031147 0.80037439 15
-6.2541776 2.0258532 0.91080749 11
-6.2925372 -2.0629046 1.0555639 14
-6.2628403 2.0132849 1.0522399 14
-6.2952247 2.0314021 1.1174546 11
-6.2905622 2.1295998 1.2622867 12
-6.2476048 -3.8555305 1.5559943 15
-6.2579994 -3.7110658 1.8391858 15
-6.1554017 5.9661651 0.025970068 8
-6.1226797 -3.8564131 0.20615186 9
-6.1536536 5.8840122 0.27659985 10
-6.1213841 -0.86507666 0.3387723 10.5
-6.1811833 -0.76954651 0.35628563 11
-6.1769342 -0.63844049 0.34331283 10.5
-6.1319952 5.9432817 0.37740675 14
-6.1173358 -0.88941789 0.4554626 13
-6.1637621 -0.84813142 0.51943564 12
-6.1308103 -0.75699162 0.54270935 12.333333
-6.1896811 -0.67632222 0.54335964 11
-6.1562519 1.9946923 0.51818633 14
-6.1943612 5.8500581 0.50994563 11
-6.1898856 5.9384117 0.50860608 11
-6.1313763 -0.7247808 0.61677128 14
-6.1651554 -0.62569976 0.62905419 14
-6.1131968 -1.9891975 0.72140491 12
-6.1250553 -1.8327423 0.72849196 12
-6.1064382 -0.64743704 0.76983184 13
-6.1729555 -3.8572853 0.87804991 10
-6.1146865 -2.0020163 0.93658769 13
-6.178441 -0.48330656 0.97022653 15
-6.0996251 6.0553536 0.1681557 10
-6.0971203 6.1322556 0.14208585 10
-6.0108638 -1.9048735 0.2315838 8
-6.0249648 -0.92783833 0.25968507 9
-6.064096 6.0609765 0.27920985 13
-6.0489368 6.1387849 0.25924078 13
-6.0917249 -0.84416831 0.34355253 10
-6.0114779 -2.306735 0.4338147 10
-6.0772843 -2.1194272 0.44354457 12
-6.0779595 -2.0485225 0.48566723 11
-6.0935063 -0.87890542 0.47964531 14.5
-6.0802159 3.2580798 0.45959449 15
-6.0700355 5.9759383 0.44499531 15
-6.0802808 6.0397267 0.41689634 9
-6.005743 -2.3421812 0.57335615 11
-6.061542 -0.85814941 0.57397169 13.333333
-6.0990496 -1.9644889 0.6122247 11
-6.021565 -0.90529722 0.60024035 13
-6.0734258 -0.85159278 0.64776784 13.5
-6.0726786 5.8861427 0.61322993 14
-6.0345931 -2.3095713 0.71566737 11
-6.0154095 -1.9123613 0.75439626 11
-6.0409122 -0.83173424 0.74891025 14.5
-6.0559235 -0.57923019 0.78366858 14.5
-6.0116706 -0.81021667 0.81280452 14
-6.0286932 -0.70730758 0.88234621 15
-6.0811377 -2.0137589 0.90399677 12
-6.0729709 -3.8156884 1.9086711 14
-5.9493175 3.9620466 0.28587031 14.5
-5.974319 -2.1097825 0.31078506 9
-5.9567165 -2.0410159 0.37386635 10
-5.9971042 5.9630523 0.36228567 14
-5.9780426 -1.9717628 0.48289731 12
-5.9330869 -2.3813565 0.59684587 11
-5.9196076 5.9249926 0.54908776 11
-5.9792972 -2.3789518 0.67075515 12
-5.9803853 -2.0455534 0.75819057 13
-5.9506116 -0.87347686 0.74385655 14.5
-5.9912515 5.9501686 0.70724452 12
-5.9134536 -1.9453576 0.86830699 14
-5.9451394 -1.9483956 0.91846424 14
-5.9243789 -3.7542126 2.0014591 14
-5.8396029 6.0164003 -0.092479467 7
-5.8432388 5.9835644 0.19677553 9
-5.8362393 6.0312457 0.1994313 11
-5.822762 6.0293965 0.23828308 12
-5.8669262 -0.74294907 0.32394809 10
-5.8368835 5.9892602 0.36594743 14.25
-5.8565078 5.9624391 0.44496644 11.5
-5.837007 6.0242219 0.4167392 10
-5.8801894 6.0732493 0.52067351 10.5
-5.8040266 -3.8165839 0.68119174 10
-5.8852248 5.9137135 0.6039564 14
-5.7086563 -3.8163655 -0.0959768 6
-5.7334776 5.9785986 0.017191889 7
-5.7354331 2.3056164 0.31567612 14
-5.7284818 5.9856381 0.31065464 12
-5.7239304 6.0237947 0.38637218 15
-5.7000971 5.9722772 0.40918511 9
-5.7719412 5.7757349 0.77630973 14
-5.7393312 -3.8317616 0.85159427 10
-5.721437 -3.8225183 1.0820379 11
-5.7201247 6.2864347 1.2377741 14
-5.7974973 -3.8438804 1.6441264 15
-5.6378889 5.9928131 0.2609185 11
-5.6667199 6.0598059 0.28277314 14
-5.6255512 5.971808 0.3631916 13
-5.6996918 5.8870764 0.6439051 14
-5.6009912 5.9723225 0.87541419 13
-5.6390734 6.0281796 0.89967871 13
-5.6339312 6.1402826 0.82169145 12.5
-5.6177936 6.0764661 0.94863904 14
-5.5236645 6.0067663 0.16370675 10
-5.5198154 5.967494 0.27402323 14
-5.5076442 6.016293 0.29477504 11
-5.5086045 3.6749249 0.37301901 8
-5.568038 5.9925508 0.38295001 13
-5.5596099 2.0370891 0.44130251 14
-5.5686622 2.1076357 0.43766868 15
-5.5950313 5.919301 0.44502267 12
-5.5789151 5.9568462 0.69552112 14
-5.5252972 5.9201322 0.72173834 15
-5.5355115 2.6982694 0.85284585 15
-5.5140424 2.8054295 0.88984096 14
-5.5072808 2.7695799 0.96569669 14
-5.5629191 5.9716687 0.95686978 15
-5.5535727 5.8910246 1.0581694 14
-5.5953746 5.9561257 1.0099009 15
-5.5562053 5.9894261 1.1748786 15
-5.5422082 5.9729571 1.2102877 13
-5.5656872 6.1106482 1.4440764 15
-5.5240498 -3.8026645 1.6716971 15
-5.5344119 -3.8841515 2.3710473 15
-5.4284978 5.9823632 0.037682943 7
-5.4308038 3.0820181 0.18093012 11
-5.4010158 3.6165299 0.1944921 9
-5.4700036 -3.1868894 0.25009531 8
-5.4197431 3.6812141 0.29430935 9
-5.4454207 5.2875018 0.29903087 15
-5.4358478 5.9780593 0.24850804 9.5
-5.4409409 -1.2584338 0.39465442 10
-5.4042525 2.0679245 0.39072141 10
-5.4970646 2.2052503 0.32967949 13.666667
-5.4226632 4.4500709 0.30285349 9
-5.4193635 5.9531975 0.3236447 11.25
-5.4509702 6.0218987 0.35518074 14
-5.430686 1.9890928 0.41203696 15
-5.4220133 2.0664504 0.45615688 12.5
-5.4076838 2.1720035 0.41789418 9
-5.4170599 2.2434905 0.4978787 8
-5.405128 2.7042854 0.41555893 12
-5.4131122 3.494724 0.49766138 10.5
-5.4517379 5.9818473 0.43913916 10
-5.4816766 -1.322228 0.54857516 13
-5.4217176 1.995626 0.56458145 14
-5.4245009 2.244035 0.56183726 11.25
-5.4020505 2.4650857 0.59077668 14.5
-5.4058981 2.7683258 0.53996164 11.833333
-5.4638453 2.9727771 0.5990687 12
-5.4028382 5.6739006 0.53347355 14
-5.461678 6.0454273 0.51276022 13
-5.4282141 -3.1842585 0.6944679 10
-5.4621744 -1.3037026 0.62790251 13
-5.4570618 2.1321316 0.648561 14
-5.4246387 2.2302799 0.65667796 11
-5.4299459 2.325367 0.68304509 12.75
-5.4673805 2.7705982 0.65708858 12
-5.4248424 2.845315 0.6468733 13.333333
-5.4304924 2.2454884 0.73328811 10
-5.4427342 2.3304014 0.75135553 13
-5.4293385 2.6178885 0.73322248 15
-5.4685063 2.7379403 0.73413754 10.5
-5.4205513 3.6740434 0.70478642 12.5
-5.4286585 4.2919545 0.79985261 12
-5.4168873 4.8504081 0.71618026 13
-5.4670343 5.0471625 0.77131301 11
-5.4013729 5.9086227 0.71539438 15
-5.4310055 2.3088329 0.85653782 14
-5.4757624 2.739692 0.88400137 11
-5.4004602 4.8230915 0.89828402 15
-5.4447184 2.773886 0.93476456 13
-5.4036479 5.0124693 0.90076303 14
-5.4441762 2.7454972 1.0089693 13
-5.4036241 2.7978094 1.1889198 15
-5.4426713 2.0381782 1.2758241 15
-5.4105296 2.2450845 1.258415 14
-5.4010954 2.3009522 1.5597211 15
-5.3325524 5.9754062 -0.021779286 7
-5.389389 -3.1827407 0.013627395 7
-5.3058863 3.2774577 0.042713929 8
-5.3323998 5.2718821 0.019927073 9
-5.3463335 5.5938745 0.065053239 7
-5.3430672 -3.1740324 0.12090841 7
-5.3949995 4.2342329 0.11015311 7
-5.3406496 4.3362265 0.16259533 6
-5.3697133 4.4101763 0.19860081 7
-5.3481359 4.6478848 0.12629679 8.5
-5.3699203 4.8804893 0.13207819 10
-5.3358006 5.8767486 0.1043807 7
-5.3591084 -3.2100992 0.24940275 9
-5.3657484 2.4528878 0.25221199 8
-5.3260007 2.8218346 0.2723529 13
-5.3015418 3.0450819 0.2585032 10
-5.3265643 3.136272 0.29029235 9
-5.3411627 3.3199141 0.26685074 10
-5.355906 3.4485483 0.27678439 13.5
-5.380568 3.5937982 0.29798448 11
-5.3603129 3.6463466 0.26466441 9.75
-5.3293381 3.7232442 0.25040752 8
-5.3484244 3.8547451 0.25497425 9.5
-5.3241038 3.9335136 0.25392258 8
-5.3281951 4.0717316 0.256134 8.25
-5.3469133 4.144762 0.2414263 9
-5.3437076 4.2450223 0.28171203 8
-5.3478446 4.3688402 0.20199466 9
-5.3804469 4.7130809 0.26590347 9
-5.3586254 4.8377795 0.21738863 8
-5.3552365 4.9956651 0.29809579 12
-5.352592 5.0486341 0.26824036 11
-5.3166585 5.6000338 0.28120631 11
-5.3795686 5.9374146 0.24103326 10
-5.3977294 2.0476286 0.39237434 10
-5.3308959 2.2483873 0.33424166 12.75
-5.310729 2.4028749 0.37362269 9
-5.3097348 2.5747433 0.36697903 15
-5.3472185 2.6623433 0.35586473 10
-5.3029022 2.7413645 0.34633717 12
-5.3329263 2.8372405 0.35289654 11.5
-5.3094449 2.9145041 0.3480016 13
-5.3516417 3.1234412 0.34607631 11.833333
-5.3255129 3.2526946 0.32325736 9
-5.3318667 3.345542 0.33255655 10.5
-5.3544173 3.473525 0.36788765 11.5
-5.3809743 3.5467114 0.36948946 11
-5.390132 3.6344972 0.34579933 11
-5.3643022 3.7223694 0.35483369 14
-5.3417416 3.861582 0.36298075 9.666667
-5.3532763 3.9626651 0.35954237 9.666667
-5.3629355 4.1715012 0.35901648 8
-5.3118072 4.2769098 0.3553842 11
-5.3915415 4.3951926 0.36900669 9
-5.3507209 4.5163198 0.31136432 9.25
-5.3283448 4.6351199 0.33206826 11.5
-5.3659549 4.7790885 0.37112528 10
-5.3874798 4.8839397 0.31118217 8
-5.3648548 5.0423837 0.36866033 10
-5.3826847 5.1636567 0.36149335 14
-5.3546491 5.667459 0.34274706 12.5
-5.3768539 5.8532972 0.31801638 12.666667
-5.3783798 5.9122014 0.35814524 14
-5.3908081 1.9789864 0.41477972 14
-5.3556395 2.6586852 0.40449604 11
-5.3250461 2.9712343 0.44783318 10
-5.3461094 3.1500156 0.46142563 13.2
-5.3289905 3.2230461 0.48128542 10
-5.3580222 3.364383 0.46759838 12
-5.3293028 3.4615571 0.43601251 9.5
-5.3638644 3.5873103 0.40733889 9.5
-5.3757172 3.6529596 0.47164586 11
-5.3109784 3.7568057 0.45622122 15
-5.3439765 3.8541925 0.44183159 13.25
-5.3125615 3.9554441 0.47627792 14.25
-5.3232598 4.057354 0.45979977 11.5
-5.3246584 4.2749462 0.42860159 13
-5.3359599 4.3721809 0.46175921 13
-5.3497405 4.4488091 0.49393395 12
-5.325254 4.5941854 0.48289144 14
-5.3582625 4.6079497 0.42105785 12
-5.3447094 4.7481318 0.42974672 12.666667
-5.3527579 4.8661461 0.4152784 14
-5.3346934 4.9650903 0.45825639 11.5
-5.3312688 5.0498805 0.4191978 10.25
-5.3502479 5.1325994 0.43742675 10
-5.3202705 5.5477729 0.42032123 13
-5.3390489 5.7976422 0.40053064 12
-5.3762298 5.8943653 0.4362143 12
-5.3692093 5.9474068 0.44057631 13.166667
-5.3800864 6.0124774 0.4294796 12.625
-5.3728018 -3.2194705 0.57029784 10
-5.3842859 2.0196674 0.56657904 14
-5.398335 2.1018271 0.5472638 11
-5.3679471 2.3309255 0.50537765 12
-5.3053041 2.4497039 0.50251752 10
-5.3696189 2.566184 0.51149529 12.5
-5.3018184 2.6451504 0.59194148 12
-5.3125858 2.7670872 0.58108503 10
-5.3019242 2.8255684 0.57673353 11
-5.3384204 3.1518152 0.52710962 11
-5.3502336 3.2357576 0.55598319 11.5
-5.3486676 3.3856215 0.52760774 14.5
-5.3629932 3.4680815 0.58908927 9
-5.3497081 3.5169883 0.55700189 13.666667
-5.3465037 3.6517832 0.55992246 13.25
-5.3325577 3.7817256 0.54214543 11
-5.3575497 3.8296616 0.54098791 10.25
-5.3677678 3.9453843 0.56194788 13
-5.3102841 4.0141287 0.59455812 10
-5.3371291 4.1482277 0.54448909 13.75
-5.3491511 4.2662978 0.56295002 11.25
-5.3422852 4.3868003 0.56431383 12.5
-5.3073082 4.4563098 0.5121693 13.5
-5.3226523 4.5233116 0.51724035 14
-5.3541903 4.6942468 0.52341557 12
-5.3050804 4.8772631 0.56096679 13.75
-5.3494787 4.9237676 0.55167043 10
-5.3271327 5.0383101 0.5707835 13
-5.362546 5.1277771 0.54940414 13
-5.3342075 5.3772397 0.5793097 12
-5.3382969 5.8636971 0.55985481 14.25
-5.3456044 5.9412951 0.53856069 12.388889
-5.3506174 -3.8260927 0.67561483 10
-5.3749046 -3.2022567 0.67811203 10
-5.3449192 -3.1821249 0.61373204 10.75
-5.353694 -0.95974255 0.64715528 12.5
-5.3573656 2.3715904 0.60512662 10
-5.3292389 3.1260638 0.61706185 14.125
-5.3422594 3.2104743 0.61710918 11
-5.3513322 3.3550336 0.65154833 12.833333
-5.3441629 3.4698062 0.68673849 11.5
-5.347662 3.6601453 0.6485796 11
-5.3251615 3.7845826 0.67945695 12
-5.3621454 3.8391819 0.67544669 12
-5.3365664 3.9369915 0.65829802 12.5
-5.3633881 4.0559988 0.63328809 10
-5.3394051 4.1723175 0.6046198 10.5
-5.3441172 4.4794869 0.67840463 11
-5.3456106 4.5252733 0.62553191 13.5
-5.3058577 4.7165232 0.67301148 15
-5.3004541 4.8049135 0.6802662 12.5
-5.3587017 4.969511 0.67843115 14.5
-5.3263574 5.0468049 0.61459368 13
-5.3358898 5.1616731 0.6112541 12.5
-5.3416104 5.2253084 0.60359859 10
-5.321456 5.3683624 0.65030253 14
-5.3034372 5.4536729 0.68286872 14.5
-5.3272548 5.7417574 0.66155982 12
-5.3454742 5.8823657 0.66459632 15
-5.347888 5.9574523 0.62276292 12.5
-5.3874593 -3.2256839 0.73829949 11
-5.340178 -3.1999249 0.71165717 13
-5.3759494 -1.1974014 0.70397067 14
-5.3555169 2.3208866 0.72572023 11
-5.3201404 2.4577131 0.79947025 12
-5.3501673 2.5521321 0.72343415 12
-5.3412704 3.2571988 0.78015006 15
-5.3527408 3.6487238 0.75444347 13.666667
-5.3444562 3.7334104 0.73818445 12.5
-5.318675 3.9794502 0.70724028 11
-5.3884659 4.0819745 0.73151928 14
-5.3577156 4.2546644 0.72384638 15
-5.3875551 4.3490849 0.78407681 12
-5.3811283 4.5415401 0.72794425 14
-5.3276815 4.8708334 0.73220181 15
-5.3349199 4.9086061 0.74599743 13
-5.355556 5.0760951 0.74386328 11.666667
-5.3087149 5.2451935 0.72435683 14.25
-5.3156972 5.3268213 0.72960168 15
-5.3234034 5.4318895 0.75641936 13
-5.3248425 5.5244126 0.74009299 14
-5.3315191 5.7415247 0.72161186 14
-5.3061695 5.8647556 0.73444837 12
-5.3255706 5.9504313 0.73652655 13.166667
-5.3405652 6.1192999 0.73438609 12
-5.3650951 -3.1781466 0.83630008 11
-5.3554888 2.6503546 0.85347462 12
-5.3174314 3.5529039 0.89830863 15
-5.3493657 4.120162 0.80094367 15
-5.3061433 4.6043568 0.81631452 15
-5.3135586 5.2629294 0.84751076 14
-5.3357673 5.3035574 0.8172648 15
-5.3369579 5.6554689 0.80677432 15
-5.3193173 5.8297806 0.8073262 13
-5.3491316 5.9759331 0.80457801 12.5
-5.3106084 6.136456 0.80579197 13
-5.3973031 2.0326211 0.92020375 14
-5.3050966 2.1940885 0.97829401 15
-5.353044 2.3568013 0.94656003 12
-5.3848186 2.5051816 0.95334089 13
-5.3494997 2.6507483 0.93804163 13.5
-5.3024225 4.752028 0.91750228 14
-5.3206673 5.195744 0.99596655 15
-5.3080678 5.4419656 0.97255099 15
-5.3327045 5.5233779 0.96084666 13
-5.3606582 5.8407545 0.9795559 15
-5.3366923 5.9584012 0.94805557 14
-5.3029637 6.1222649 0.97988462 15
-5.3485041 2.063684 1.0876778 15
-5.3385925 2.3972311 1.0247576 14
-5.3107562 2.5368044 1.0812725 12.5
-5.3219957 5.9285626 1.0807133 15
-5.3295231 -3.3858747 1.122581 11
-5.3068881 2.4599993 1.1147099 13
-5.3090596 -3.4337981 1.2464237 13
-5.3343477 2.3718076 1.2206215 15
-5.3242483 6.2092967 1.2781068 15
-5.3931456 2.2606165 1.4458315 15
-5.340785 -3.3683693 1.5224938 13
-5.3100829 2.2902403 1.5208704 15
-5.3406639 -3.4148512 1.7388543 14
-5.3547692 -3.8636649 2.2292168 15
-5.3093071 -1.0709512 2.5584676 14
-5.2678313 2.2837653 -0.006669085 7
-5.2591496 2.3440793 0.010500504 8
-5.2550364 2.9147406 0.039062452 8
-5.2863693 3.0003593 0.032050651 8
-5.2205052 -1.3461368 0.19670871 9
-5.2268953 2.6940992 0.11640557 7.5
-5.2425833 2.8597872 0.16231467 7.5
-5.222436 2.9127867 0.15939187 8
-5.2918472 3.2106984 0.14521845 8
-5.2877026 6.015521 0.14330705 10
-5.2981434 -3.1709206 0.2340463 8
-5.2649541 2.375891 0.2667771 9.5
-5.2246251 2.4322469 0.22615789 8
-5.2486577 2.543973 0.27228779 13
-5.2335987 2.7689946 0.24913923 11.5
-5.251492 2.8786433 0.26105347 9
-5.2387738 2.9313009 0.26754081 10
-5.2526479 3.0855036 0.23974416 9.75
-5.2243781 3.1485312 0.25085762 9
-5.2770591 3.2466822 0.26846397 9
-5.2197299 3.5476756 0.22779457 9
-5.2891116 4.0403547 0.24230596 8.666667
-5.238832 4.2223368 0.26134264 9
-5.2107644 4.4789324 0.20874883 8
-5.2879338 4.5817184 0.24587366 9
-5.2544494 4.6473451 0.2264573 8
-5.2250781 4.9863968 0.25195733 9
-5.244761 5.0848236 0.20184176 9
-5.2953858 -3.1896112 0.37212688 10.5
-5.275125 2.2954836 0.39077199 13
-5.2728357 2.3147998 0.36732107 11
-5.2347479 2.4211104 0.35535893 10
-5.255754 2.5232441 0.34237355 10.375
-5.2932115 2.642791 0.37329814 9
-5.2448969 2.7308621 0.34882656 11.666667
-5.2577381 2.9502227 0.36505327 9.333333
-5.2659669 3.091969 0.33738387 11.75
-5.2246222 3.1516018 0.34761313 9
-5.2836185 3.252223 0.37005013 9.5
-5.200027 3.3893452 0.33269098 12
-5.2252474 3.4186699 0.39777815 10.5
-5.2397356 3.7088246 0.39513382 14
-5.2579145 3.849957 0.31932753 9
-5.2906075 3.9531174 0.38600656 11
-5.2522941 4.046699 0.37947577 14
-5.2842221 4.1518741 0.36334476 10.333333
-5.2804837 4.2079229 0.36560267 11
-5.2474575 4.3767743 0.31053099 11
-5.2515998 4.4383903 0.36895433 14
-5.2320151 4.7774901 0.37875786 11
-5.2490983 4.9833264 0.35632014 10
-5.2307658 5.0460992 0.31721979 10
-5.2113686 5.5804968 0.3592422 10
-5.2420979 5.9692039 0.30228183 9
-5.2459269 6.171556 0.36531895 9
-5.2076597 1.0987836 0.44710749 9
-5.2517104 2.2964344 0.41103965 13
-5.234458 2.3935177 0.44511178 11
-5.2558317 2.4237227 0.4300451 11.333333
-5.2729754 2.5612948 0.41902155 11
-5.2363758 2.6243937 0.48162594 14
-5.249301 2.872273 0.44065771 12.333333
-5.2575717 2.9371974 0.46062943 11.25
-5.2612581 3.0237913 0.43347999 12.25
-5.2672305 3.1519558 0.45999706 10.25
-5.2421613 3.2343566 0.46374449 13.25
-5.2412128 3.3581715 0.46803704 13.333333
-5.2610102 3.4732113 0.47734565 15
-5.2672434 3.5321465 0.41457662 12.5
-5.2372098 3.7303619 0.46503651 13.8
-5.2774878 3.8243856 0.43853918 14
-5.2555718 3.9524682 0.44523937 13
-5.2646503 4.0417151 0.43343708 12.666667
-5.2757206 4.1127844 0.46199769 15
-5.2979255 4.2656398 0.44602066 13
-5.2282243 4.3567386 0.45049238 10
-5.2849221 4.4898152 0.48486006 11
-5.2632556 4.6230311 0.440781 12.25
-5.2336788 4.7745562 0.48236758 12.666667
-5.2553506 4.8439889 0.49929276 12
-5.247334 4.9808593 0.45492843 9.5
-5.28544 5.0462666 0.47358799 11
-5.2410183 6.1353021 0.43350914 10.5
-5.2181506 -0.81700015 0.59412175 11
-5.225512 2.371166 0.55237669 11.5
-5.2451367 2.4763253 0.58336031 12
-5.2539444 2.5762589 0.52149731 10.5
-5.268631 2.6387837 0.5366717 10.5
-5.2824917 2.7961919 0.5767194 10
-5.2560892 2.8555226 0.58004749 10
-5.2633686 2.9516594 0.55605346 11.4
-5.2402611 3.0436807 0.55659318 11.75
-5.2380838 3.1501715 0.55938858 13.75
-5.2619576 3.2619023 0.53090316 12.666667
-5.2649474 3.3560824 0.59925997 15
-5.2523937 3.7588484 0.55642277 13.5
-5.2392731 3.8369024 0.55046499 13.5
-5.2586141 4.0278826 0.51191264 14
-5.2408643 4.1244407 0.53025192 11
-5.2739534 4.3441978 0.58867222 13.25
-5.2682142 4.5527172 0.58018011 14.5
-5.2712684 4.6180692 0.59107423 14
-5.2611752 4.8654947 0.57193381 10
-5.2424302 4.9274373 0.55306089 14.666667
-5.2865286 5.0904655 0.55223238 12
-5.2812848 5.2801371 0.58126324 13.5
-5.2909312 5.4857783 0.51246953 15
-5.2898655 5.6327958 0.5524475 12.25
-5.2978249 5.820704 0.50348473 11
-5.2686663 5.9486823 0.55460131 12.5
-5.2478595 6.0504689 0.57559854 11
-5.2529712 6.146585 0.55329239 11.25
-5.2321014 6.2391529 0.507451 10
-5.2729259 -0.91603488 0.6801399 15
-5.2776318 2.3456717 0.63000119 14
-5.2932487 2.6979046 0.62302661 11.5
-5.2565622 2.7627022 0.6217137 13
-5.2621684 2.8908231 0.6300652 11
-5.2475471 2.9614761 0.61502594 10
-5.2532511 3.0258234 0.61056036 11
-5.2474771 3.181206 0.6896469 14
-5.2698369 3.5124533 0.63597238 10
-5.2305255 3.9454591 0.66503674 15
-5.2411761 4.0115433 0.62603694 11
-5.2730722 4.1303816 0.64292479 14
-5.295845 4.4376969 0.66006613 13
-5.2543373 4.6021094 0.61419439 10
-5.2801428 4.9241486 0.6133129 14
-5.2808199 5.0738292 0.60004753 13
-5.2823105 5.1187811 0.69219381 14
-5.2901812 5.3687253 0.69045496 15
-5.2909999 5.409359 0.60614794 12
-5.2919998 5.6311264 0.61024535 15
-5.2922893 5.81849 0.64260519 13
-5.2896409 5.959938 0.66353476 11
-5.2562323 6.0071373 0.64724249 14.75
-5.2581325 6.1427813 0.62647665 13.625
-5.2395325 6.2138557 0.65987694 11.785714
-5.2268848 2.3570514 0.70910776 12.5
-5.2369962 2.9444094 0.77392459 13.5
-5.2587757 3.0322993 0.73198479 14
-5.2563615 3.208142 0.78713238 10
-5.2910633 3.3137004 0.73996562 14
-5.2696152 3.4198923 0.71702862 14
-5.2660389 3.6332333 0.76808697 12
-5.2614794 4.2394319 0.75897056 15
-5.2717552 4.6657991 0.75098306 12.5
-5.2799563 4.7856297 0.76857817 14
-5.2860041 4.82897 0.73221189 14.5
-5.2597446 5.0739908 0.76055896 12
-5.2885132 5.1730795 0.74480975 14
-5.2893839 5.387394 0.72960305 13.75
-5.284595 5.6191559 0.73273051 14.5
-5.2943811 5.9504452 0.79486668 12.5
-5.2438869 6.0429945 0.71279424 13
-5.2547016 6.1587191 0.7626971 13
-5.2757702 6.2195625 0.71888804 12
-5.2676253 -1.1953765 0.85041326 15
-5.2389126 2.3421242 0.89214039 13
-5.285738 2.9241166 0.82383949 12
-5.2564487 3.0284874 0.83323407 14
-5.273818 3.2528284 0.86191225 13.5
-5.2582006 3.3457139 0.88222915 14
-5.2080612 3.4165816 0.81514817 14
-5.21734 3.6742713 0.89922869 15
-5.269721 3.9734995 0.84412688 15
-5.2239294 4.00563 0.89524984 14
-5.2629757 4.3350344 0.84423196 14.5
-5.2019892 4.6523085 0.81722343 14
-5.2926531 4.7387295 0.85225523 15
-5.2863035 4.9933786 0.87240297 15
-5.2853785 5.1175489 0.81062162 14
-5.2867174 5.5579576 0.80225444 14
-5.2721777 6.0550976 0.84024221 14
-5.2675743 6.1908264 0.81463772 12.5
-5.2222514 6.2183256 0.88149232 14.5
-5.2769632 -3.3998749 0.90116 11
-5.2299342 2.2570324 0.96057588 14
-5.2454715 3.0621109 0.94752896 12.666667
-5.2408724 3.5126786 0.95636773 15
-5.2736669 3.621418 0.95522952 15
-5.2247963 4.1600084 0.90352923 14
-5.2346225 4.5112772 0.93345815 13
-5.2832479 4.7970886 0.92221546 15
-5.2624068 5.5985723 0.99963337 13
-5.2598047 5.668468 0.98130524 15
-5.2752891 6.0593796 0.9079895 15
-5.2420301 6.1824417 0.92692888 14
-5.2854552 2.2519913 1.062407 13
-5.2426238 2.8967085 1.0986148 12
-5.2292333 3.7103682 1.0907152 14
-5.2446933 5.0229821 1.0405071 15
-5.2912455 5.3080926 1.0988622 14
-5.2549038 6.1895308 1.0602707 14.833333
-5.2372603 -3.4680443 1.1512256 10
-5.2459822 2.600328 1.1054938 13
-5.278018 2.7294025 1.1805094 14
-5.2319245 2.9391623 1.1379762 13
-5.2323022 4.3210893 1.1367056 14
-5.2836714 5.3860345 1.1017933 14
-5.2142501 6.1754155 1.1157845 15
-5.2777982 2.2423358 1.288489 15
-5.2162571 2.8257935 1.2383126 14
-5.2356009 2.9679046 1.2008666 15
-5.240128 3.4016836 1.2523583 15
-5.2133322 6.2132282 1.202617 13
-5.2612953 2.4560502 1.3780615 14.166667
-5.2731991 2.6902726 1.3464823 15
-5.2097034 -3.4376736 1.5616187 14.625
-5.2471142 -3.4129155 1.6570451 12
-5.2376986 2.9543421 1.6414012 15
-5.2973809 5.9318995 1.6567202 15
-5.2876849 -3.4772115 1.7179558 13
-5.2991214 -3.4387612 1.9042317 13
-5.2996483 -3.409991 2.1390169 14
-5.2977161 -3.8110361 2.2417405 14
-5.2089186 -3.4025614 2.2485931 14
-5.248096 -3.5782044 2.455137 15
-5.2950702 -3.5376947 2.6195345 15
-5.2175255 -0.87439567 2.6307247 15
-5.206008 -0.362506 2.977675 14
-5.1896133 2.7356782 -0.0049173334 7
-5.1416469 2.1942739 0.13408571 9
-5.1764741 2.2434845 0.16120607 10
-5.1824965 2.6678078 0.1472777 8
-5.1495948 4.147244 0.12618303 8
-5.1444898 4.3153424 0.14797464 10.5
-5.1703944 4.4494491 0.15948293 10.5
-5.1165462 5.2818942 0.16294673 11
-5.1172929 -1.1767737 0.20892809 8
-5.1898422 2.1934221 0.2070765 13
-5.1824698 2.493257 0.28688058 10
-5.1795325 3.0761249 0.29331648 10
-5.1284494 3.8818572 0.23434627 14
-5.1164193 3.9907789 0.23362915 13
-5.1466594 4.7731948 0.21149419 14
-5.1694913 4.8033643 0.20240059 6
-5.1425514 4.981636 0.21289261 8
-5.172174 5.1007881 0.22884017 14
-5.1917243 5.374651 0.28292692 8
-5.1859522 2.2092676 0.30688718 15
-5.1860123 2.3690286 0.32896376 12.5
-5.1986918 2.4362032 0.32674256 10
-5.1847825 2.5665774 0.3821938 14
-5.1841011 2.623996 0.37108353 12
-5.1848435 2.759804 0.3749375 11
-5.1908464 2.941643 0.3239989 13
-5.1957006 3.1085711 0.37909722 12
-5.1815925 3.5116704 0.39323035 9
-5.1489944 4.2602835 0.32034072 14.5
-5.1493788 4.8271179 0.33835721 11
-5.1285625 4.9838367 0.36109668 12.5
-5.1458287 5.1615624 0.352604 12
-5.1297302 5.6529493 0.32852149 10
-5.12637 5.9007258 0.30881205 9
-5.1842861 2.4945421 0.43768391 11.5
-5.1526837 2.5454943 0.48505443 13
-5.1922398 2.6649666 0.4429976 12.5
-5.1470513 2.8287051 0.46301305 12.25
-5.1981616 3.0476463 0.47456476 12.5
-5.1888757 3.3386388 0.43696588 11
-5.1906371 4.6352119 0.47022206 15
-5.1830869 4.8204226 0.44634154 13.75
-5.1945438 4.9681931 0.45751503 13
-5.1447301 5.3330755 0.47161862 13
-5.1400056 5.4755874 0.43666133 12
-5.1415792 5.9134917 0.42590904 11
-5.1870399 6.2499003 0.47958389 10
-5.102808 -1.4889597 0.56456912 11
-5.1242094 -0.70291746 0.50334167 14
-5.1710496 2.4744177 0.57800967 13.333333
-5.1883044 2.5070331 0.53601414 13
-5.1822038 2.8535049 0.54986042 12.166667
-5.1546636 5.8936958 0.58722007 13
-5.1354713 6.1949019 0.5118804 10
-5.1693878 6.2259474 0.56394958 11.5
-5.1097975 -3.4184604 0.66966534 11
-5.1761894 -0.72622275 0.61096239 12
-5.14888 -0.66191584 0.63454819 13
-5.198019 2.2307398 0.67092752 12
-5.1936464 2.6421077 0.65745819 13.5
-5.1473713 3.0151606 0.67817014 13
-5.1489019 6.1318893 0.63590747 11
-5.1415854 6.232305 0.64060092 11
-5.1759491 2.6394489 0.72933888 15
-5.1929436 2.9459879 0.75184029 11
-5.1901512 6.19379 0.74888605 12.5
-5.1878829 3.0439737 0.83405936 15
-5.1674156 6.2098746 0.84985501 12.5
-5.1914034 4.1915865 1.0536966 13
-5.1570454 6.1925149 1.0035331 15
-5.1294322 6.2267442 1.05595 14.75
-5.1006207 -3.3961184 1.2389241 13
-5.1242661 6.2153234 1.2694948 15
-5.1803288 -3.4033933 1.3826697 14
-5.1957703 -3.4698238 1.6383044 13
-5.1308899 -3.4105504 1.838064 14.666667
-5.153542 -3.3843966 1.8539939 13
-5.1740408 -3.4682322 1.9209547 14
-5.178731 -3.2787852 1.9209193 13
-5.1533356 -3.4093578 2.026572 13
-5.0459228 5.8384943 -0.011927851 7
-5.09199 5.0055971 0.054754242 7
-5.0097637 3.0486877 0.10959591 8
-5.030539 1.9505364 0.25299367 14
-5.0882182 5.1553359 0.20443702 10
-5.0198216 2.021426 0.3583951 14.25
-5.0891309 4.8674579 0.32461092 15
-5.0517421 5.0458975 0.33615714 14
-5.0871787 5.175838 0.3194339 9
-5.0709329 -1.7784858 0.44854122 9
-5.0973659 -1.6026908 0.4755486 11
-5.0689058 2.0335045 0.43731955 11.333333
-5.0447335 6.22227 0.45561668 9
-5.0329361 -1.6937307 0.59519303 10
-5.0371485 2.014462 0.57777882 15
-5.080801 6.2093053 0.53867131 9.75
-5.0855198 -0.73528939 0.60777408 15
-5.0565081 2.0312016 0.65528542 13.666667
-5.0604277 6.2558155 0.65175515 9.5
-5.0391517 -3.4344358 0.73305887 10
-5.0008674 6.1377702 0.93919814 15
-5.042387 6.213428 1.0966331 14
-5.0983186 -3.4076407 1.246285 14
-5.0696564 -3.4319196 1.3673522 12
-5.0048795 -3.27053 1.327601 13
-5.0602636 -3.4307222 1.418033 14
-5.0016418 -3.4089851 1.8066349 15
-4.999969 1.9610323 0.099811748 10
-4.9752917 5.8162084 0.24758698 8
-4.9403014 3.6942239 0.38621861 14
-4.9731359 4.0456853 0.39092326 14
-4.960856 4.159585 0.38075474 13
-4.9787946 6.2243485 0.34160963 8.5
-4.9610443 3.8150306 0.41539207 15
-4.9023747 -1.9675593 0.5092476 11
-4.9426012 -1.4524715 0.57954419 13
-4.9719768 6.2275958 0.5255568 11
-4.906961 -3.0921333 0.61528605 10
-4.9544778 -0.36135343 0.64619267 11
-4.932569 -0.7256074 0.71907133 15
-4.9340601 -3.3991168 0.87102169 11
-4.9994226 -3.3849988 1.0368023 11
-4.9080791 6.2428446 1.0293314 13.5
-4.9507575 -3.4063265 1.7944362 13
-4.971499 -3.3395381 2.1820021 14
-4.9037294 1.6666079 2.5545325 15
-4.9022903 -1.2403069 2.6858487 15
-4.9247174 0.046129808 2.6844189 15
-4.8199973 -1.452126 -0.044403728 8
-4.8954663 0.92208546 0.39941376 14
-4.8552599 5.8575387 0.33080015 9
-4.8757329 -1.8713048 0.56755847 12
-4.8764567 -1.4258657 0.58178824 12
-4.852869 -0.14237666 0.62852341 14
-4.8316197 -3.4196274 0.88068986 11
-4.8657398 6.1804676 0.87684494 12
-4.8368778 6.1656318 1.0470824 12.5
-4.8185258 -3.4030273 1.5483676 12
-4.8601737 -3.4384823 1.737967 15
-4.8017187 -3.4160266 1.8777076 14
-4.8429918 -3.5439997 2.4976375 15
-4.8072758 0.77370775 2.7634611 15
-4.8026023 -0.95045328 3.0572057 15
-4.7909794 -3.1474071 0.029751012 7
-4.7082419 6.2819271 0.27027944 7
-4.7190485 -1.3910691 0.362708 10
-4.7952352 6.2159986 0.36564553 8.5
-4.7555995 6.1093488 0.46597904 12
-4.7612877 6.1514201 0.58804554 11
-4.7314358 -2.0037367 0.60741568 11
-4.794168 -0.20778358 0.63388944 15
-4.7829633 6.2366781 0.67627925 11
-4.7111769 -3.4025092 0.70619887 10
-4.7887087 6.2633119 0.7906006 12
-4.7752199 -3.4070098 0.8323487 10
-4.7244024 6.1050024 0.81192255 15
-4.7614961 6.2157063 0.89713508 13
-4.7555065 6.2156138 1.0269408 14.5
-4.7833176 -3.4306731 1.4299756 13
-4.7295694 -3.38028 1.4583937 12.5
-4.7649789 -0.40394858 2.662833 15
-4.7033529 0.23554538 2.6802776 15
-4.7328048 -1.0346146 2.8466921 15
-4.6641455 5.0481277 0.21189357 7
-4.639555 0.023084557 0.47646463 13
-4.6233373 6.1296101 0.45710754 11
-4.6209226 -0.82173812 0.63019592 15
-4.6872492 6.1813107 0.61147517 14
-4.6644726 6.1544642 0.78171188 14
-4.692163 6.1854911 1.0398895 14
-4.6910653 6.2431531 1.0038369 14
-4.6318731 -3.4284708 1.5337876 13
-4.6097527 -3.3926232 1.6034002 14
-4.6411896 -3.3885236 2.2615452 15
-4.546164 6.2354398 0.29765046 8
-4.5077662 -3.3543386 0.36911419 9
-4.5274115 -3.5835018 0.44227055 8
-4.5327754 -3.322628 0.43376732 9
-4.5884461 -0.34859508 0.5945428 11
-4.5907564 6.1614647 0.53130639 10.5
-4.5047216 -0.32476294 0.63222647 15
-4.5729308 6.1768813 0.63896501 15
-4.5795937 6.2362213 0.69351435 12
-4.5450926 0.54344511 0.77698249 15
-4.5633574 6.1883593 0.7065379 12
-4.5644956 -3.3855033 1.1731676 11
-4.5169635 6.1895542 1.1219723 15
-4.5070567 -3.3546922 1.2178128 14
-4.5815754 -3.4026618 1.396932 12
-4.5345931 -3.4206676 1.4842546 15
-4.5517402 -3.660316 1.9388908 13
-4.5281544 -3.3430927 2.1612089 15
-4.4937859 -3.4014609 0.14787604 7
-4.4381623 -3.3790007 0.23590012 8
-4.457202 -3.2148173 0.2640774 9
-4.4392552 -1.4720942 0.27708 7
-4.4204888 0.15199648 0.3534157 9
-4.4566655 0.2635369 0.33048579 8
-4.4648252 0.30839273 0.34122667 9
-4.4494009 0.40540868 0.31458551 10
-4.4774156 6.1328149 0.3715106 9
-4.4265957 6.2599368 0.3293964 10
-4.4077687 -0.19649416 0.4937776 11.5
-4.4384413 6.0820127 0.47604996 12
-4.4171481 6.1761837 0.47024435 10
-4.434495 -3.5193994 0.59186715 11
-4.4097042 -3.3278039 0.52301013 10
-4.4381375 -2.3541882 0.59100413 11
-4.4206495 -0.46599489 0.58422768 15
-4.4699874 0.44817224 0.50551474 12.5
-4.4200788 6.1556592 0.51527721 11.5
-4.4077187 -3.5470686 0.7192325 11
-4.4099107 6.2612634 0.76974058 14
-4.4258099 -3.4573901 0.84726083 12
-4.4414558 0.2250018 0.97899276 11
-4.4448466 6.1699243 0.91915381 15
-4.4572444 6.2750883 0.98439538 13
-4.4356279 0.25504899 1.0716311 15
-4.4800067 6.1875997 1.0627426 13.5
-4.4838138 6.2202411 1.0005805 15
-4.432766 -3.5004983 1.1511455 10
-4.4632788 -3.4496863 1.4759004 13
-4.4169903 -3.4314871 1.6716086 14
-4.4644928 -3.3874924 1.647421 14.5
-4.4655662 -3.4249701 1.7599071 13.666667
-4.4603896 -3.3694832 1.7466183 15
-4.4360271 -3.387681 1.8222089 15
-4.4349008 -3.4287677 1.9512372 14
-4.4489088 -3.4361403 2.1667664 15
-4.3685951 6.2690248 -0.020877184 6
-4.368422 0.23156217 0.19752198 9
-4.3447061 -3.7467573 0.33090794 9
-4.385828 -3.6154363 0.31249139 9
-4.3478842 -0.12402196 0.39200699 12
-4.3500943 -0.049705341 0.30435047 8
-4.3045435 0.13959388 0.39124987 10
-4.3367515 -3.5662813 0.4672133 10
-4.3696489 -0.28958994 0.40097904 11.5
-4.319098 -0.17801292 0.4333536 13.5
-4.3390212 0.35406929 0.43898413 9
-4.3547373 -0.95921594 0.58002543 13
-4.3457012 6.2263026 0.57721692 12.25
-4.320787 0.37039599 0.69209701 12
-4.3036299 -0.72936463 0.73848468 12
-4.3653712 0.47883937 0.75381392 15
-4.3344622 0.37560344 0.89637297 13
-4.3802261 0.18730213 1.2660408 13
-4.3938661 -3.8559215 1.3825597 11
-4.3917456 -3.7853339 1.5079641 14
-4.3415098 -3.458472 1.5461012 14
-4.395761 -3.4115777 1.7018248 15
-4.3247209 -3.4600811 1.840027 15
-4.3216138 -3.8079515 2.3458722 15
-4.244945 -1.3595194 0.28277406 8
-4.2873163 0.26692924 0.24274829 9
-4.2257552 -0.032738358 0.33611718 14.5
-4.2565413 0.068293333 0.31553227 10.5
-4.2651143 0.26827848 0.35836557 12
-4.2011023 -1.3612806 0.43707663 11
-4.2825956 -0.15874931 0.43084896 14.5
-4.2277226 -0.070581183 0.45806375 14
-4.2231693 0.06146409 0.43145615 10.666667
-4.2690578 0.32107419 0.40942797 12
-4.2500353 -1.3297642 0.58954614 13
-4.2195425 -0.00030271671 0.59551942 10
-4.2540269 0.24834594 0.51119488 15
-4.2844009 0.30553567 0.54532558 14
-4.2390847 6.2112217 0.58507645 10
-4.2937407 -0.50404894 0.60949725 14
-4.2083597 0.058832247 0.68725306 15
-4.3000002 6.1282358 0.7442531 14
-4.2813449 -3.7602565 1.0515168 13
-4.290369 6.2452064 1.109136 15
-4.2522345 6.2019763 1.2536405 15
-4.2101808 -3.7839167 1.5349298 14
-4.2691793 6.2810235 1.5109936 15
-4.158639 -3.6847115 -0.10561234 7
-4.112268 0.17182699 0.02350951 7
-4.1292114 2.0278451 0.13838369 9
-4.1501946 6.2728443 0.12972163 7
-4.152894 -3.7992618 0.22372223 8
-4.123383 0.046606407 0.2052134 10
-4.161797 0.13885435 0.24772258 8
-4.1595821 2.7887015 0.29682529 11
-4.1064992 6.2455621 0.27585793 9
-4.1098504 -0.02797585 0.36560869 10
-4.1309409 0.061001822 0.30338693 10
-4.1317697 0.14255476 0.36081234 12
-4.1873002 1.9826691 0.39659315 11
-4.1364765 2.0528593 0.36183986 12.25
-4.1283951 2.1151938 0.33073807 11
-4.1088719 2.8337121 0.32958284 9
-4.1121817 3.271909 0.34873709 10.5
-4.135849 3.3409309 0.33825359 9.5
-4.1076035 -2.4614248 0.40330389 10
-4.1177793 -0.012893042 0.4784086 10
-4.1359363 0.065651491 0.45049027 10.75
-4.1435385 2.0697763 0.46055037 13.214286
-4.1790652 2.1252565 0.44507295 14.5
-4.1073771 2.9215238 0.46997458 14
-4.1045613 3.036701 0.4275513 15
-4.107923 3.1431513 0.47545907 13.5
-4.1118045 3.2448387 0.4367252 14
-4.1170688 6.246531 0.47278425 10
-4.1658115 -3.7820466 0.56170517 10
-4.1929765 -2.4720395 0.57947999 10
-4.1888771 -1.3216345 0.5490666 12
-4.1592436 -1.1441671 0.58853585 14
-4.1476107 -1.0450671 0.56984127 9
-4.1584368 -0.032252241 0.5346846 14
-4.134583 0.15208697 0.539554 13.125
-4.1524634 1.9629607 0.53734207 13.5
-4.1250324 2.0738685 0.54550254 13
-4.1133857 2.105123 0.52340215 11
-4.1627111 2.9071004 0.57212061 15
-4.1252818 3.0214021 0.5153845 14.5
-4.1261396 3.2578685 0.54006344 14.166667
-4.1703739 6.0909095 0.52794039 11.5
-4.1361575 6.2256846 0.54959404 10.833333
-4.1087089 -1.2212247 0.60949993 14
-4.1792893 0.15339635 0.66587377 12
-4.1170292 2.0165503 0.62285173 14
-4.116745 3.0412846 0.63615489 13
-4.1427646 6.1810784 0.60771638 11.5
-4.1111875 6.2135534 0.64344025 14
-4.1187038 6.1756802 0.75619096 13.5
-4.1824799 2.8140674 0.85816169 15
-4.171721 6.2380834 0.87098408 14
-4.1562676 0.03345101 0.93377566 13
-4.159822 6.2220569 1.024369 14.5
-4.1519504 -3.7825658 1.5647461 12
-4.1164851 -3.1989057 1.6347874 14
-4.1182141 -3.208468 1.7725214 15
-4.1587229 -3.7793574 2.1789162 14
-4.0629907 0.8659451 0.044621333 6
-4.0179315 -3.8507679 0.26007766 8
-4.0252562 -0.21983409 0.21027146 10
-4.0440798 -0.088188745 0.2392453 10
-4.0910764 2.7836196 0.22157636 11
-4.05443 2.8812196 0.25595552 9.5
-4.0993485 2.9360833 0.2999194 13
-4.0710521 3.1902964 0.26689291 10
-4.0608835 0.078143492 0.36784708 12
-4.0251255 0.28956223 0.34994489 10
-4.0145416 2.7534194 0.30102673 12
-4.054894 2.8450296 0.35509667 12.142858
-4.0964875 3.0430083 0.3610566 12
-4.0901895 3.1976299 0.32611144 12
-4.0886722 3.3510475 0.31950694 10.5
-4.0140476 5.124723 0.3902207 11
-4.0895848 6.2271619 0.34783709 8
-4.0354881 -0.21334732 0.40157658 10
-4.0917053 0.085000083 0.43720627 11
-4.0442667 0.13139431 0.4731645 13.666667
-4.0528893 0.21486002 0.44496274 14
-4.0650406 2.6536195 0.43790752 13
-4.0327835 2.7485502 0.45420495 14.333333
-4.0715156 2.8358784 0.4550969 12.875
-4.0698705 2.9639657 0.45975313 11
-4.0733008 3.0437319 0.41870692 11
-4.0842881 3.2813051 0.43342733 14
-4.0172477 3.3267391 0.45428303 12.5
-4.030858 3.8495643 0.48580775 15
-4.0280771 4.0495715 0.42887971 12.5
-4.0333157 4.1535745 0.46597576 14.5
-4.0375462 4.5630436 0.45204461 13
-4.0669451 4.6640468 0.43874264 13.5
-4.0240974 4.7095451 0.46990725 13
-4.0150037 4.8508487 0.4852235 12
-4.0666585 4.9123349 0.4549979 11.5
-4.0706334 5.2855597 0.48915479 11.5
-4.0274754 5.477222 0.49868071 13.5
-4.0479922 5.7012954 0.45953503 12
-4.0695863 6.1471386 0.49716729 11
-4.0043659 -1.720876 0.57308692 13
-4.0731401 -1.3161846 0.59219295 12
-4.028461 -1.2904534 0.5618698 13
-4.084373 -0.7250703 0.5777939 14
-4.0901613 -0.055077258 0.58246791 10
-4.0510526 0.14153254 0.5087676 13
-4.0654688 1.9626517 0.50851065 11
-4.0782518 2.0426505 0.53345847 12.5
-4.0044465 2.7439225 0.53287876 13.75
-4.0755854 2.8737986 0.53925943 12.5
-4.0902319 2.9908147 0.5534386 14.5
-4.0696573 3.1289456 0.56632555 13.5
-4.0049739 3.2798383 0.52886784 14
-4.0663552 3.3549814 0.52592915 13.25
-4.006072 3.4809353 0.51963329 15
-4.0122094 3.8964002 0.50615883 15
-4.0000291 3.9584441 0.52452385 15
-4.0426722 4.0707059 0.53203183 13.5
-4.0775437 4.1947646 0.53014517 14
-4.0290236 4.5945811 0.5160917 15
-4.0216827 4.65516 0.57557452 14
-4.0419121 4.8726282 0.5677439 13.5
-4.0560646 5.0013123 0.50594056 11
-4.0616622 5.114254 0.56134105 13
-4.028717 5.4484415 0.58254695 15
-4.0380721 5.6596332 0.50016129 13
-4.0233684 5.7097702 0.55304426 13
-4.0742993 6.1543169 0.54840392 12.375
-4.0391941 6.2337961 0.58174556 11
-4.0462656 -1.476915 0.63317186 11
-4.0969319 -0.063736588 0.60881311 9
-4.0092058 0.021462772 0.69877899 15
-4.0780663 2.0873587 0.64272046 14.5
-4.0551968 2.7546666 0.60026735 15
-4.0499125 2.8478785 0.62006253 13.75
-4.0709486 3.1062481 0.60703236 12
-4.0347333 4.9119501 0.6037969 15
-4.0372844 5.0790215 0.66338795 15
-4.0279603 5.1117725 0.6444701 14.5
-4.0487404 5.3488979 0.66164267 13.5
-4.0623217 5.4705572 0.60281944 13
-4.0412984 5.6218266 0.60894692 15
-4.0501232 6.175602 0.63727784 10.5
-4.0776701 6.2470584 0.63896555 12
-4.0132084 -0.72378731 0.73438996 12
-4.041008 0.15090567 0.76791024 14
-4.0851879 2.0493617 0.74149483 15
-4.0332317 2.7788396 0.72390938 15
-4.0932312 6.0959249 0.70830482 14
-4.0617962 6.1523671 0.75524467 14.25
-4.0628824 6.2296748 0.74456614 14.25
-4.0697188 6.1610651 0.84372783 13.5
-4.0445924 6.2641325 0.82226557 15
-4.0955844 -0.12271824 0.97223377 15
-4.0262332 6.0749927 0.90459335 14
-4.0824199 6.1809468 0.99198395 14.5
-4.0390034 6.2376466 0.9864549 14.5
-4.089242 -0.20485882 1.1344692 15
-4.0354137 5.2668409 2.3506672 15
-4.0904469 -3.9836199 2.5009398 15
-3.945745 -0.18671612 0.14977361 8
-3.9322956 2.8264744 0.14895894 10
-3.9220474 3.7565362 0.10786747 9
-3.9731374 3.9267232 0.172012 8
-3.9881659 -3.3954396 0.26422343 9
-3.9849091 0.33575043 0.25392395 9
-3.9636111 2.8197408 0.27079225 10.5
-3.9952126 3.2231677 0.28917518 14
-3.919559 3.8397768 0.20734815 10
-3.9620972 4.1876407 0.28748178 12
-3.9607792 4.8946528 0.29611093 11
-3.9647243 4.9444442 0.25617197 9
-3.9650722 -0.27599525 0.35549188 11
-3.9039023 -0.011406855 0.39271852 13
-3.9566579 0.081251957 0.33982897 14.5
-3.9657845 0.12772389 0.32840919 11
-3.9455211 0.26585856 0.33875874 11
-3.9401057 0.34027356 0.3118614 10.5
-3.9487047 2.7501523 0.3612639 12.166666
-3.935488 2.8077118 0.3028838 15
-3.9945107 3.3398476 0.33806723 15
-3.9550805 3.9249783 0.3665112 12.5
-3.9434361 4.0393791 0.36051527 14
-3.9387205 5.3758478 0.38498238 12
-3.9753246 5.4994764 0.38911593 11
-3.9262991 5.8647637 0.39305669 10
-3.9156046 -3.7716887 0.44230178 9
-3.9078193 -1.1163338 0.4662213 9
-3.9392452 0.13083263 0.41639903 13
-3.9579434 0.26558933 0.47537336 11.75
-3.9704635 2.6900711 0.42498288 14
-3.958287 2.7453806 0.45916414 12.875
-3.9924471 2.8503566 0.43329644 13
-3.96735 3.8950801 0.4448089 13.25
-3.9938321 3.9425621 0.41554618 13
-3.9078565 4.2751379 0.41929758 13
-3.9766963 4.7773662 0.46910241 14
-3.9179454 5.088769 0.44756785 11
-3.9613178 5.1147947 0.45745859 14
-3.9235573 5.808116 0.41975424 10
-3.9363964 6.1522713 0.46126214 10
-3.977248 0.17824593 0.5581004 15
-3.9710512 0.27097395 0.55090392 10.25
-3.9957662 0.30442736 0.52339822 12
-3.9453161 2.7711542 0.57705247 14
-3.9801855 2.8164299 0.5565874 14
-3.9456828 3.3850214 0.54764324 14.5
-3.9196532 5.5465517 0.59253174 15
-3.9755757 -0.40616646 0.61205214 14
-3.9668982 -0.078683048 0.60906821 12
-3.9386683 2.7254763 0.67421919 13.75
-3.9784362 4.6731124 0.68845141 13
-3.9023013 6.1683235 0.61752009 13
-3.9810565 -3.7698646 0.71477753 11
-3.9386458 0.24725725 0.72820991 12
-3.9945173 2.7922814 0.78347617 15
-3.9351573 4.8499765 0.74426347 14
-3.9384921 2.7786851 0.83090764 14.5
-3.9966009 3.2737913 0.87995034 15
-3.9379127 -0.72707677 1.062889 12
-3.99962 -3.7915919 2.2700722 15
-3.8421452 0.049129635 0.080359533 7.6666665
-3.8277991 0.035482749 0.25821528 8.5
-3.8387868 0.28193739 0.24608292 9
-3.8221018 0.32190213 0.24826775 8
-3.8712442 2.7916853 0.29708022 11
-3.8544352 2.8478973 0.24344926 11
-3.8655565 3.553776 0.28412259 15
-3.8238227 3.785115 0.22238202 8
-3.8821886 4.360599 0.22185241 8
-3.8814728 4.7372518 0.26814938 8.5
-3.8429742 0.19116005 0.37276271 11.666667
-3.8333578 0.24680685 0.35051608 9.5
-3.8414178 0.3298851 0.33048964 12
-3.8545783 2.7268014 0.32774347 12
-3.8764269 3.709018 0.34384954 15
-3.8957648 4.4650989 0.35212487 15
-3.8119812 4.6304631 0.36008906 9
-3.8829706 4.945241 0.36490285 13
-3.8591671 5.2930908 0.37918827 10
-3.8531384 5.4503794 0.35550076 9
-3.8706439 5.8789439 0.35078329 8
-3.8509626 5.9024754 0.38429135 9
-3.8490431 -0.34321448 0.47511536 13
-3.8365149 -0.0026989693 0.4405953 13
-3.8066044 0.06193978 0.40839112 10
-3.854816 0.16765523 0.44679907 13.25
-3.8042202 2.7346404 0.44822624 12
-3.8448067 3.4539371 0.42446217 12
-3.83373 3.8381629 0.48025602 14.5
-3.8551638 4.2111211 0.46061519 15
-3.8770175 4.5653124 0.42945254 12
-3.812732 4.8374085 0.45231828 15
-3.8763566 5.1261258 0.46331891 14.5
-3.8656907 5.2655101 0.49208978 13
-3.8929954 5.3108044 0.45717961 13
-3.8663602 5.4222169 0.49052215 15
-3.8612702 5.5115881 0.48400742 14
-3.8922775 5.6161418 0.42604187 11
-3.8553133 -0.091338195 0.51243109 15
-3.8353343 0.2606982 0.56594759 12.4
-3.86378 2.0630281 0.59656447 15
-3.845916 3.3930638 0.56893587 15
-3.8735793 4.5436664 0.51724213 14.5
-3.8897941 5.1260719 0.51928145 15
-3.8389854 0.15876044 0.64004272 13
-3.8415205 2.0954344 0.63565969 14.5
-3.8612781 5.9816766 0.65983337 15
-3.8163507 0.234745 0.71878207 15
-3.8977714 2.0417981 0.72218424 13
-3.812125 -3.8328006 1.174713 10
-3.8643239 6.2273197 1.2840687 15
-3.8430369 -3.7589262 2.2798512 15
-3.8798747 4.2393146 2.2003832 15
-3.7504885 0.24324505 0.13845935 9
-3.7375653 0.14311732 0.25511599 10
-3.7474821 0.24450722 0.24600889 10
-3.7175641 -0.22981322 0.3138884 12
-3.7760079 0.048669342 0.36082083 8
-3.7420106 0.1644056 0.33901626 10
-3.7359269 0.2146835 0.33711764 12
-3.7488532 2.6864772 0.36869034 13
-3.7307467 2.756824 0.33651891 13.25
-3.7474899 2.8019412 0.39026639 12
-3.7072935 -0.12825827 0.41136092 11
-3.7773664 0.0034770085 0.47282869 11
-3.7922411 0.17662276 0.43992224 12.75
-3.7637813 0.22739665 0.48620862 10
-3.7712371 2.7363911 0.4278872 13.5
-3.7248325 2.8357687 0.42612979 15
-3.7475019 -1.0286251 0.5674367 12
-3.7499475 0.27496433 0.54247737 9
-3.7592294 2.7046349 0.52357912 15
-3.7220619 2.8034735 0.56494343 15
-3.7571619 3.5088515 0.57451844 15
-3.7028198 -3.8195357 0.62949622 10
-3.7050858 7.5340452 0.67951214 10
-3.723269 -3.7692187 1.149083 13
-3.7479129 5.1479197 1.4821898 15
-3.7600253 5.8849297 1.9989443 13
-3.7309401 -3.8031578 2.064291 15
-3.7121065 3.1440504 2.0481257 15
-3.6878591 2.0130274 0.065923057 8
-3.6876185 -3.8635437 0.17355905 8.5
-3.6542618 0.11684825 0.19341466 8
-3.6966064 2.2949309 0.18617387 10
-3.6506131 -0.16866791 0.27351066 9
-3.6625965 0.24422683 0.27589881 10
-3.6157722 -3.7170973 0.3738566 8
-3.6194515 -1.9615463 0.35032201 9
-3.6501808 -0.039920222 0.37297654 12
-3.6808016 0.18355918 0.35503247 9
-3.6217368 2.4187298 0.31233793 13
-3.6609719 2.7553887 0.31817517 12.75
-3.6529574 -0.054696012 0.41239947 9
-3.6908116 2.4031277 0.46446407 14
-3.6403124 3.8793867 0.48645684 15
-3.6125045 4.7538838 0.44114298 12.5
-3.6148093 4.9106483 0.49532914 14
-3.6636856 -0.01049046 0.5070402 10
-3.6440814 0.0038301309 0.58099538 13
-3.6202943 2.7861195 0.50410008 15
-3.6033483 7.6266022 0.58168072 11
-3.6569402 -0.027413392 0.61121857 15
-3.6449587 0.016768338 0.66466796 12
-3.6080801 0.17489158 0.61661959 10
-3.6889691 2.0883675 0.61781406 14
-3.6029534 6.6951962 0.60249418 11
-3.6702359 7.5455551 0.74648249 11.75
-3.6428382 7.5766792 0.87242299 12
-3.6754091 7.521399 1.1438658 15
-3.6909869 1.8001792 1.3966264 14
-3.5277796 -3.7299643 0.14325902 7
-3.5343964 2.3592684 0.12537093 9
-3.5534799 -1.6821846 0.29471877 9
-3.5303597 -1.5949296 0.29627666 9
-3.5596144 -0.065943316 0.25724095 11
-3.5895109 0.032532834 0.2865338 9
-3.5603938 1.9702654 0.28386992 11
-3.5296359 2.4847 0.22488114 11
-3.5850427 2.945224 0.26664761 11
-3.536463 -0.13186078 0.32825997 11
-3.5370471 -0.017553871 0.30999106 10
-3.5112572 2.0629642 0.39618999 15
-3.5470185 2.8485787 0.33964658 12
-3.555634 3.7225275 0.39576304 15
-3.587152 3.8245697 0.35826445 15
-3.594933 -1.496871 0.42852208 10
-3.5138049 -0.3389335 0.42406571 14
-3.5415337 -0.13134933 0.49091628 14
-3.5613759 -0.085817039 0.40189543 8
-3.5061448 1.9911977 0.48425117 9
-3.5519705 2.7619879 0.45063633 12.625
-3.5461977 3.8542602 0.48585871 13.5
-3.5023098 6.5543275 0.46073326 9.5
-3.5539284 -0.12438629 0.5704115 13
-3.5575147 2.0822411 0.52485788 14
-3.5597415 3.8299422 0.53163189 14
-3.5019386 2.8106198 0.64405614 12
-3.5689719 0.16736715 0.75513935 10
-3.5115159 6.6484118 0.7380271 12.5
-3.5611708 0.1663243 0.84613061 13
-3.5478911 2.8628485 0.8248775 14
-3.5976202 7.6227612 0.84223866 14
-3.5851955 0.19808175 0.9140017 11
-3.538435 7.5071473 0.90247619 13
-3.5853286 3.3964589 1.0127113 15
-3.5446954 3.8642964 1.783699 13
-3.5286043 1.9503549 1.964286 15
-3.5263634 -3.9213805 2.4762175 15
-3.4657378 -3.8319697 0.048586279 8
-3.4127254 -3.7915704 0.016483866 7
-3.4884784 -1.7466323 0.19653891 8
-3.4197497 2.3293445 0.13832965 9
-3.4961207 -3.8099663 0.22313344 9
-3.4590523 -0.29236349 0.28520674 10
-3.4487805 2.0715923 0.27318072 11
-3.4019945 2.4404769 0.28354773 12
-3.4034445 2.5848322 0.2365215 8
-3.4073057 2.764693 0.26096341 11.5
-3.4405985 4.7201915 0.25228947 9
-3.4400268 -3.8035095 0.31905171 9
-3.4058747 -0.23906547 0.31316218 10
-3.4049911 1.9633729 0.35745174 11
-3.4403894 2.0457819 0.34924957 12.8
-3.4247799 2.3314817 0.37640363 13
-3.4470835 2.753485 0.34066856 14
-3.4281957 2.8220522 0.33678263 11.333333
-3.4818969 2.9325581 0.35173804 11.5
-3.4108262 4.4529147 0.37254977 8.5
-3.4041412 4.7974243 0.34307644 9
-3.4497848 -0.1985814 0.40005139 7
-3.452944 1.9616108 0.4271439 10.666667
-3.4196088 2.0328605 0.45085496 11.875
-3.4295759 2.1818559 0.47895122 15
-3.4339881 2.2503316 0.45594582 14.666667
-3.4053128 2.3629069 0.48957083 11
-3.4271607 2.4029679 0.41160429 14
-3.4232483 2.5096118 0.42801711 13
-3.4025245 2.6911733 0.4845306 14
-3.4218154 2.7696347 0.44400379 13.333333
-3.4306047 2.8328803 0.44296151 12.666667
-3.4145966 3.6397924 0.41714644 13
-3.4127226 3.7246087 0.45608976 9
-3.4366195 4.0274734 0.46548146 13
-3.459156 4.2421231 0.42077476 12
-3.4112308 5.9545436 0.49176082 9
-3.4975684 -0.081286237 0.59321606 14
-3.434417 1.9769313 0.53358769 11.375
-3.4280398 2.0290186 0.52221149 14
-3.4362757 2.6739359 0.54420853 12
-3.4321375 2.7475753 0.52635127 13.5
-3.4863925 2.8129952 0.55732876 15
-3.4365783 3.5733345 0.59292704 9.5
-3.4345515 4.3705158 0.57354981 10
-3.4038727 4.8089285 0.55293608 10
-3.4511764 -3.805063 0.60094535 9
-3.45748 1.9528679 0.61326504 10.75
-3.4393086 2.0746799 0.64778394 14
-3.409327 2.7824039 0.65736967 10
-3.4526434 3.119885 0.65105689 11
-3.4032435 3.7990932 0.63789737 10
-3.4156318 6.1316328 0.65407151 14
-3.4218843 6.2467861 0.62142366 14.5
-3.468955 -0.89878273 0.70943123 13
-3.4783158 0.79301292 0.74584454 9
-3.4300523 1.7932191 0.79261023 15
-3.4035869 1.9212627 0.71647453 12.5
-3.4141309 2.0179055 0.7032854 15
-3.4987226 4.1801066 0.75582755 11
-3.4320929 4.3111482 0.70530427 9
-3.4126983 5.6048636 0.79250109 14
-3.4374847 1.9759853 0.8495971 10.666667
-3.4119532 2.0143583 0.86811811 13
-3.4076765 2.7694495 0.89996028 14.5
-3.42976 3.4991076 0.87440526 12
-3.4735765 5.8151317 0.88105738 15
-3.4231372 6.1408243 0.89048505 15
-3.473098 1.9693669 0.94434255 12
-3.4033916 3.6397154 0.98358351 11
-3.4080689 3.8405402 0.9281069 11
-3.4001713 4.1732755 0.97320086 12
-3.4204755 4.2555861 0.92532527 11
-3.4057584 5.1436539 0.94225389 13
-3.4113824 5.2293663 0.9353888 9
-3.4583004 5.7521915 0.93816495 13
-3.4721649 6.1464005 0.92154688 13
-3.4932504 1.986835 1.0895683 12
-3.4046459 3.0409873 1.0264302 12
-3.411942 3.9142914 1.0861474 15
-3.4137239 4.8748155 1.0478125 12
-3.4009128 4.9416041 1.0786871 11
-3.4056556 5.3769159 1.0348905 10
-3.4582365 5.4099908 1.0439465 11
-3.4546423 5.5764079 1.0758955 14
-3.4685946 5.9311724 1.0405649 14
-3.4218621 1.9676321 1.1178372 15
-3.402534 3.0466328 1.154464 13
-3.4091158 3.9886401 1.1315141 13
-3.4086463 4.1729522 1.1721011 12
-3.4153206 5.1050415 1.1715515 10
-3.4482336 5.3778267 1.1524893 15
-3.4069591 5.6236949 1.1509677 10
-3.457279 1.9266976 1.2199006 15
-3.4066837 3.4876225 1.2338113 13
-3.4034464 4.0939965 1.2270726 13
-3.4394209 4.7675538 1.2414804 12
-3.409517 5.5845008 1.2534225 14
-3.4034841 5.6953835 1.2793441 14
-3.4296227 4.4135776 1.3925108 14
-3.4185855 4.750608 1.3431898 13
-3.4545791 4.8801966 1.3837888 12
-3.4104927 5.0942693 1.3388824 15
-3.412833 5.3863573 1.3162487 12
-3.4308372 1.9928391 1.4805404 13.75
-3.4411058 5.2477069 1.4008859 13
-3.413938 5.6939411 1.4318962 13
-3.4144692 -3.9485953 1.5728911 11
-3.4786665 3.4745686 1.5970938 12
-3.4001567 4.245882 1.510272 15
-3.4154391 5.0527654 1.587078 14
-3.4032958 5.6843147 1.5930088 12
-3.4466496 4.0896363 1.6712996 14
-3.4153678 4.2263937 1.6092796 13
-3.406863 5.5722528 1.6639712 15
-3.4144559 6.1470819 1.6220086 13
-3.4084172 1.9552265 1.7783742 15
-3.4138434 4.9118161 1.7161493 12.5
-3.4117503 5.7499366 1.749989 13
-3.441056 6.284492 1.7421234 14
-3.4433329 -3.7260518 1.848208 12
-3.4160237 4.8964496 1.823617 12
-3.4537103 6.1165833 1.8981959 12
-3.4247627 6.2386556 1.8588331 13.5
-3.4257424 3.4542615 1.9848771 14
-3.4124644 4.6419702 1.9662154 14
-3.4253056 4.7477751 1.9876069 13
-3.4120262 4.940052 1.934135 14
-3.4045026 5.3483748 1.9624449 13
-3.4315 3.6652291 2.0215495 15
-3.4158306 3.9650643 2.0938263 14
-3.4395945 4.2332406 2.0645118 14
-3.4034157 6.2432575 2.0661025 15
-3.4198146 4.5562091 2.164104 14
-3.4826596 5.2541881 2.1621852 13.5
-3.4568563 5.7863173 2.118933 15
-3.4356561 3.1684437 2.2102461 15
-3.419667 6.2612491 2.2838013 15
-3.3114288 2.0649762 0.085706882 9
-3.3811767 -3.7630155 0.15098642 7
-3.3966081 -1.7473319 0.16370381 7
-3.3865912 1.8966066 0.12675579 8
-3.3563635 2.0573242 0.1835963 9.5
-3.3470056 3.3648593 0.19048379 9
-3.3651161 3.7379756 0.1314159 7
-3.3412991 4.0178523 0.19472741 9
-3.3669963 4.4709721 0.16754453 8
-3.3158901 4.529407 0.1450267 8
-3.3274121 1.974754 0.28483957 10
-3.3837817 2.0752027 0.24998903 11.5
-3.3658721 2.2447393 0.25214088 9.5
-3.353343 2.465414 0.27310523 11
-3.3991928 2.5758312 0.26141614 11.5
-3.3428886 2.7390823 0.2381788 9.5
-3.3213866 3.040863 0.2433403 8
-3.3459752 3.1186104 0.21763921 10
-3.3285983 3.4986501 0.22233617 8
-3.3079464 3.5475781 0.21802109 9
-3.3730142 3.642307 0.26239768 9
-3.3463385 3.7505219 0.23064789 8.25
-3.3442421 3.8639133 0.29516891 10
-3.3742318 3.9706092 0.2768487 8
-3.3587604 4.2521911 0.23309314 7.5
-3.3400054 4.4337049 0.21536973 9.5
-3.3135138 4.5971832 0.29234415 8
-3.3327277 4.6262164 0.2163247 8
-3.3781443 4.7723312 0.24641292 8.666667
-3.3610699 4.8321004 0.25059941 9.25
-3.3326175 4.9137464 0.21399118 9
-3.3495505 -1.7478864 0.35836855 9
-3.3535721 -1.3777418 0.37197557 9.5
-3.3334661 -0.74218321 0.35928676 8
-3.345516 -0.4120343 0.30005875 12
-3.3426795 -0.3245641 0.32162651 12
-3.3363659 1.9863147 0.35506314 10.7
-3.3605921 2.042202 0.3370873 9.75
-3.3999081 2.1657157 0.35451537 8
-3.3846326 2.234488 0.36565065 13.625
-3.3976333 2.3659074 0.37470272 11
-3.3972192 2.4629786 0.3678968 15
-3.3729582 2.5657887 0.3328931 10
-3.3563066 2.6705956 0.32206431 10.333333
-3.3816514 2.7563419 0.32224885 12
-3.3384161 2.8410254 0.37348822 11
-3.3355222 3.0203958 0.38175204 11.833333
-3.3249321 3.1965342 0.38549739 9
-3.3613946 3.2623861 0.37904388 9
-3.3071592 3.4201946 0.35356179 8
-3.3390431 3.5674222 0.33268395 12.5
-3.3371332 3.6497872 0.33852056 8.666667
-3.3041689 3.7581165 0.33728516 8
-3.3754292 3.8308792 0.31151479 8
-3.3683784 4.0854411 0.33778509 9
-3.3474135 4.1654305 0.36058792 9
-3.3590055 4.263237 0.32125834 8
-3.3598528 4.3712683 0.38347745 10.5
-3.3731377 4.448638 0.35687789 9
-3.3818207 4.5177302 0.398283 9
-3.3676939 4.6413379 0.31032678 8
-3.3371601 4.7661757 0.38267258 9
-3.3229713 4.8331809 0.3301982 8
-3.3474836 -3.7837279 0.41899127 10
-3.3681979 1.9752464 0.44089478 12.444445
-3.3450859 2.0187869 0.43460998 13.25
-3.3552415 2.1181462 0.45765424 14
-3.371841 2.213408 0.43557355 14.166667
-3.3237669 2.6399777 0.46508399 11.5
-3.3470094 2.7075572 0.47052625 10
-3.3429091 2.831341 0.45424834 10.75
-3.3291664 3.0815318 0.43796238 11
-3.3226538 3.1791041 0.44431069 9
-3.3090136 3.2687564 0.42085317 9
-3.3370459 3.3888707 0.47947487 9.5
-3.3380325 3.4744792 0.45894182 10
-3.3279254 3.5107286 0.44064832 10
-3.334729 3.6231785 0.45577309 10.5
-3.3426847 3.7651567 0.46922609 10.666667
-3.3600843 3.8505876 0.43667698 10
-3.3307569 3.9353082 0.45154047 11
-3.3568933 4.158361 0.44289917 11.2
-3.3662617 4.2613492 0.44842696 12
-3.3988945 4.3771958 0.42672497 9
-3.3869047 4.4649334 0.41796768 9.8999996
-3.3706458 4.5233126 0.4582096 9.3999996
-3.3662515 4.6328444 0.49842775 15
-3.388252 4.7340584 0.49221709 9
-3.3849564 4.8117318 0.4652698 9
-3.3200238 -3.7834988 0.56000555 9
-3.3074911 -1.8789985 0.56112409 9
-3.3086839 -1.6560664 0.5738911 11
-3.3216 1.9784575 0.53311098 10.625
-3.3528111 2.0095394 0.53701901 11.875
-3.3523421 2.2019494 0.51738405 12
-3.3081996 2.5830529 0.50196797 10
-3.3246727 2.6604249 0.58594757 11.666667
-3.3422401 2.7335005 0.55462253 10.583333
-3.34868 2.9464259 0.54023814 13
-3.3129182 3.0081172 0.58511764 11
-3.3421447 3.1505294 0.54800779 10.375
-3.3488662 3.2628193 0.58718395 11
-3.3487964 3.3827362 0.55622536 11.333333
-3.3580306 3.4604073 0.5531953 11
-3.3675148 3.5737638 0.59641975 11
-3.3577483 3.659682 0.54082012 11
-3.3558538 3.7508314 0.56629705 10.5
-3.3214054 3.8580844 0.54788011 11.166667
-3.3649306 3.9339004 0.55400687 13.166667
-3.3678522 4.0842948 0.5311439 12
-3.3052235 4.1534834 0.54589063 10.5
-3.3599529 4.2274313 0.54005426 10.666667
-3.3717816 4.3344817 0.57467198 9.5
-3.3724589 4.4418707 0.53337884 11.666667
-3.3214257 4.568459 0.53382432 8.5
-3.3851392 4.6206298 0.53810298 10
-3.3578219 4.7615485 0.55384207 10.166667
-3.3633404 4.8446403 0.5369826 10
-3.3682914 6.2759666 0.5525806 11
-3.328377 6.3568568 0.55187315 14.333333
-3.3975 -3.7256973 0.64308125 11
-3.3332415 -2.0272694 0.64023399 11
-3.3495862 1.9753588 0.63289291 13.25
-3.3483889 2.0295174 0.6433118 10
-3.3463421 2.1765308 0.69464564 10
-3.3226244 2.6366799 0.66600156 11.666667
-3.3343322 2.738631 0.66281086 10.714286
-3.335943 2.8170471 0.63043201 11.333333
-3.3152506 2.9002609 0.68121141 10
-3.3441706 3.0430183 0.68418181 14
-3.3402386 3.1589997 0.63930529 11.375
-3.3473399 3.2750614 0.65788352 11
-3.3503256 3.3767757 0.64647269 10.5
-3.3436317 3.4542336 0.65344942 13.5
-3.3348484 3.5687873 0.61596107 11
-3.3471794 3.6685755 0.65340644 10.5
-3.3465712 3.8353522 0.65721232 11.2
-3.3430481 3.9395177 0.67807418 12.333333
-3.3717356 4.145442 0.64116436 11.333333
-3.3674664 4.2475739 0.65597761 10.8
-3.3617589 4.3689795 0.64302069 10.5
-3.3677881 4.4523644 0.65256029 11.2
-3.3677225 4.551527 0.64457077 11
-3.3361983 4.8624859 0.65095729 12.25
-3.3548756 5.0696683 0.61211777 9
-3.3923728 5.5278859 0.62024164 12
-3.3078334 6.3334761 0.60439801 13.5
-3.3477447 7.7236185 0.68171006 12
-3.3162351 -1.0115855 0.71645373 13
-3.3115799 2.639087 0.73765045 12
-3.3429148 2.765981 0.72732019 11.333333
-3.326205 2.8665218 0.73789454 11.5
-3.3426142 2.9277594 0.73814565 10.333333
-3.3282633 3.0407925 0.75850368 10
-3.3374605 3.1626906 0.74102461 13
-3.3460538 3.2047312 0.7844761 12
-3.3544598 3.3533478 0.74516171 12.5
-3.3445826 3.4380252 0.74221694 12.75
-3.3743646 3.5393717 0.75916213 11.25
-3.3568144 3.7772369 0.76218855 12
-3.3539374 3.837822 0.7353664 11.333333
-3.3806896 3.9601405 0.74749541 9.5
-3.3567019 4.0691614 0.77383208 11.666667
-3.3467135 4.1646976 0.77857631 11.5
-3.3839326 4.2613306 0.7536447 12
-3.3599145 4.308547 0.77740031 10.666667
-3.3897414 4.4066658 0.79941243 14
-3.3214564 4.5183101 0.77102381 13
-3.3228395 4.6402254 0.7262153 9.25
-3.3771837 4.7121425 0.7048443 12
-3.3887715 5.0967994 0.78661418 9
-3.3683982 5.3674049 0.75699663 9
-3.3752828 6.2676001 0.74961448 13.5
-3.3092146 6.3466139 0.71354353 15
-3.3157876 1.992439 0.86866766 12.333333
-3.3452055 2.0452948 0.85368419 12
-3.3353963 2.665055 0.8421362 11.75
-3.3282692 2.7551115 0.84232944 11.4
-3.3128164 2.8503785 0.83340716 10
-3.3294735 2.9356079 0.86724651 14.5
-3.3378296 3.0782681 0.84258151 12.333333
-3.3162351 3.1431909 0.84484714 12
-3.3159387 3.2330983 0.86466217 11.8
-3.3859184 3.3511539 0.89219749 14
-3.3430083 3.4489367 0.87983203 15
-3.3466842 3.5486705 0.80360574 12
-3.3389113 3.72493 0.89455593 12
-3.3477128 3.8485568 0.88248008 12
-3.3200746 3.9514835 0.85659528 12.5
-3.3722064 4.0585494 0.860219 11
-3.372849 4.1610332 0.85513479 12.666667
-3.3548243 4.2703528 0.8475703 11.25
-3.3727758 4.3778143 0.82715434 14
-3.3725748 4.5269051 0.87544036 11.666667
-3.3728373 4.6147203 0.88041317 12.5
-3.3561261 4.8382936 0.86018598 14
-3.3874106 4.9132748 0.87450629 13
-3.3856068 5.414772 0.86732328 10
-3.317631 6.1919584 0.83659822 9
-3.3586636 7.7064247 0.8505612 14
-3.3319783 1.9725268 0.94128698 13
-3.3856192 2.0394809 0.99751705 11
-3.3256304 2.5867078 0.91201788 12.5
-3.3353789 2.6704628 0.99905521 14
-3.3387728 2.7588017 0.91955668 11.625
-3.3491161 2.8079171 0.97015464 12
-3.3472688 2.9637878 0.97437346 12.25
-3.3460691 3.0556481 0.96638507 14.5
-3.3391805 3.1462491 0.97477293 13.666667
-3.3279188 3.2831566 0.93294507 13
-3.3438289 3.3707206 0.9359498 12
-3.3169785 3.5634019 0.93956965 13.5
-3.3459747 3.6551692 0.97129953 12.5
-3.3246262 3.7880471 0.93508506 13
-3.3374894 3.8335817 0.91629642 13
-3.3588703 3.9557166 0.97733414 12.5
-3.3443162 4.0422821 0.94766384 12.6
-3.3477342 4.3168669 0.94569463 11.5
-3.3771641 4.4408655 0.93419665 14.833333
-3.3246386 4.5365262 0.99813575 13
-3.3529649 4.6479197 0.94047087 11.333333
-3.3787749 4.9228697 0.91700083 13
-3.3775182 5.1825905 0.91560036 10
-3.3391733 5.2374592 0.94448853 11
-3.3852427 5.4248905 0.9230746 13
-3.3349621 5.5695701 0.93354535 14
-3.3403425 1.9663844 1.0350746 13
-3.3326848 2.0373962 1.0582886 12.333333
-3.3343966 2.6577804 1.0483186 11.666667
-3.3578095 2.7696116 1.0365384 10
-3.3572283 2.9238358 1.0692543 11
-3.3399482 3.0749657 1.0634973 13.666667
-3.3415725 3.1031532 1.0144001 12
-3.341136 3.2342322 1.0492219 11
-3.3538749 3.3546109 1.0236944 13.5
-3.3584247 3.4485974 1.0472753 12.333333
-3.3392611 3.5127115 1.0832043 13
-3.3634853 3.61765 1.0626662 13
-3.34006 3.757529 1.0517187 12.666667
-3.3393095 3.8527467 1.0491608 12.166667
-3.3764756 4.0336337 1.0652621 12
-3.3469307 4.1435175 1.0580814 13.333333
-3.3844733 4.3538213 1.0747615 13
-3.3753037 4.462276 1.043418 11
-3.3668039 4.5935845 1.0437198 11
-3.3839102 4.6322498 1.0151149 12
-3.3477573 4.7312622 1.0447593 11.5
-3.3292816 4.8161039 1.0441263 12
-3.375278 4.9637079 1.0289788 11.5
-3.394315 5.0523181 1.0233321 10
-3.3043032 5.190589 1.0542765 14
-3.3807812 5.2213755 1.0465983 9
-3.3655739 5.5106311 1.0652158 11
-3.3864493 5.644866 1.033446 11.75
-3.3395889 1.9839917 1.1912068 12
-3.333966 2.0448596 1.1594548 12
-3.3859811 2.4781606 1.108189 13
-3.3304327 2.845717 1.1602365 14
-3.3356223 3.0709872 1.1385154 14
-3.3370593 3.2543044 1.1176109 12
-3.3285291 3.3302474 1.1975141 13
-3.3814795 3.4669192 1.1897562 11
-3.3275468 3.5164919 1.136719 13.25
-3.352304 3.7118487 1.155964 14.5
-3.3556061 3.8282702 1.1371059 12.8
-3.3507266 3.9922733 1.1501708 13
-3.3637733 4.0685511 1.1407872 12
-3.3647718 4.1470799 1.1278403 12.25
-3.360692 4.2452149 1.1521993 12.5
-3.3550596 4.3400006 1.144875 12.75
-3.363399 4.4650173 1.1036075 12
-3.3759389 4.6100783 1.1044261 11
-3.3722649 4.8559361 1.1437917 12
-3.393858 5.0555749 1.1542062 15
-3.3873568 5.2013397 1.1481216 12
-3.3843095 5.3804517 1.1923436 11
-3.397511 5.4654837 1.1365219 11.166667
-3.3643804 5.5419459 1.1925366 11
-3.3882143 6.1511526 1.1025536 12
-3.3579228 1.9905224 1.2008612 15
-3.369776 2.0092676 1.2450783 13.25
-3.3225224 2.7397945 1.2465026 11
-3.3316238 2.8427589 1.2694507 13.25
-3.3822103 2.9973152 1.2226218 12
-3.3203506 3.0663927 1.287498 13
-3.3474662 3.1560478 1.2923683 14
-3.3343387 3.2615759 1.2337931 13.5
-3.3460436 3.3420093 1.2390989 12.5
-3.333895 3.4567044 1.2595382 12.5
-3.3413591 3.6945269 1.2608635 14
-3.3506956 3.7728002 1.2381185 13
-3.335921 3.9615269 1.2753351 12
-3.3637249 4.1818113 1.2604551 13.5
-3.3320956 4.2608757 1.2496543 13.125
-3.3581758 4.3254948 1.2306616 12.666667
-3.3890216 4.6905732 1.2300937 13
-3.3742833 4.7478442 1.2239053 12.333333
-3.3753085 4.8808527 1.2188648 14
-3.3914907 5.0683274 1.2543982 11
-3.3855467 5.2472057 1.2429066 11.5
-3.3244178 1.9221987 1.3355956 13
-3.3171062 2.2591982 1.3559204 14
-3.326066 2.6815672 1.3808002 12
-3.3352346 2.7315922 1.3821183 11
-3.3518469 2.8873169 1.3752859 15
-3.3423686 3.153403 1.3761208 12
-3.3379841 3.2607844 1.3641142 13.5
-3.3406737 3.491195 1.3119915 12
-3.343888 3.5029616 1.3561198 13
-3.3477256 3.6871047 1.3139619 12.666667
-3.3401175 3.7801077 1.3967479 15
-3.3303168 3.857892 1.3361989 12
-3.337841 4.0289779 1.3642485 13.333333
-3.3454514 4.1081524 1.3965378 14
-3.3462887 4.2456021 1.3513064 14
-3.3711989 4.3485398 1.3828878 12
-3.3596685 4.539372 1.3782438 12.333333
-3.3616338 4.6590214 1.3673745 12
-3.3700404 4.7315264 1.3633081 14
-3.3760839 4.8164215 1.3099405 11
-3.3413203 4.9370594 1.3745103 12
-3.3856926 5.1469088 1.3859906 14
-3.3876801 5.2235565 1.3899239 12.5
-3.3800628 5.3513594 1.3053172 13
-3.3747034 5.4207325 1.37432 13
-3.3786559 5.551033 1.3863372 13
-3.3195319 2.0755646 1.4254506 12
-3.328176 2.7098055 1.4696727 14
-3.3527553 2.9398594 1.4947683 13
-3.3337071 3.0840435 1.4302247 15
-3.3129015 3.1243272 1.4537878 15
-3.346257 3.2141128 1.4712633 15
-3.3297691 3.3728547 1.4530665 15
-3.312716 3.7152264 1.4032723 15
-3.3372958 3.9855447 1.4542447 14
-3.3192892 4.0729489 1.4254346 13
-3.3449895 4.5904007 1.4046198 12
-3.3785 4.6619182 1.4480261 13
-3.3797822 4.7336874 1.4537987 12.75
-3.3614378 4.8708506 1.4622195 14
-3.3492749 4.9421468 1.4049079 14
-3.347774 5.0609303 1.4190607 12
-3.3856826 5.45152 1.4530603 12
-3.3697286 5.5376892 1.4501852 12.5
-3.3900039 5.7066393 1.4423686 13
-3.3027687 6.3602018 1.4935523 14
-3.3943498 1.9985373 1.5794622 15
-3.3811796 2.0819464 1.5890784 15
-3.3306091 2.6571641 1.5781416 13
-3.3491518 2.8124845 1.5388526 12.5
-3.3455646 2.9410093 1.5414391 13.5
-3.3483374 3.1665308 1.544902 14
-3.3262763 3.2138097 1.590679 14
-3.3554668 3.4723055 1.5178045 13
-3.3423395 3.6510208 1.5417135 14
-3.3438687 3.736021 1.5273577 13
-3.3780947 3.8131838 1.5153855 12
-3.366008 3.9710047 1.5332077 13
-3.3693976 4.1481142 1.5590465 14.25
-3.3665552 4.6310892 1.5825155 13
-3.3785491 4.7578621 1.5238731 12.8
-3.3690834 4.9405942 1.5598742 13.666667
-3.3659797 5.0265741 1.5790077 14
-3.381129 5.3980122 1.5864317 13
-3.3325198 5.6078811 1.5602077 14
-3.3571682 5.7535205 1.5232179 15
-3.3503225 5.9514003 1.5791082 14
-3.3741198 2.014601 1.6200991 15
-3.3550172 2.6752768 1.646111 14.333333
-3.3400171 2.7947116 1.6074997 14
-3.3273041 2.9137473 1.6849858 13
-3.3915765 3.1738703 1.6027629 15
-3.3790278 3.257323 1.6700442 14.5
-3.3405623 3.3802245 1.6526104 14
-3.3431063 3.4346309 1.6647143 13.666667
-3.3504114 3.5635417 1.6595922 14
-3.3511026 3.6446288 1.6793242 14
-3.348623 3.7337952 1.6204926 13.5
-3.3598278 3.8331342 1.6453004 13
-3.3576076 4.0279655 1.6171308 13.5
-3.3593228 4.170711 1.6594974 14.5
-3.3590157 4.2500591 1.6589164 13.5
-3.3638818 4.4552321 1.6180561 13
-3.3409865 4.5695868 1.6205133 15
-3.3760316 4.9638457 1.6371969 13
-3.3806593 5.0154424 1.6090388 14
-3.3683524 5.138679 1.6837378 13.5
-3.3094025 5.2133718 1.6129338 13
-3.3878579 5.7305255 1.6709861 15
-3.3989017 5.9510159 1.6956993 14
-3.3183985 6.337657 1.6774755 14
-3.3025713 2.2625287 1.7951379 14
-3.3296943 2.8214822 1.7522942 14
-3.3525262 3.3589749 1.7541742 13
-3.3417983 3.4410961 1.7950798 14
-3.3898072 3.8273554 1.763791 15
-3.3463657 3.9663777 1.7498714 15
-3.352731 4.1967483 1.7680732 14
-3.3637173 4.2350631 1.7473669 13
-3.3629484 4.6682467 1.7963384 14
-3.3666143 4.8364258 1.7590337 13
-3.3934798 5.0819607 1.7092464 13
-3.3994098 5.1213479 1.766522 12
-3.3961639 5.3251476 1.7635812 13
-3.3727791 5.8577428 1.7434185 12
-3.3985488 5.9446044 1.7355794 13
-3.3345156 6.3190608 1.7769914 14
-3.3446984 1.2599244 1.8502818 15
-3.3893969 1.9611815 1.8929814 14
-3.3085315 2.0023499 1.8178998 15
-3.3130841 2.2094309 1.8548039 14
-3.3181205 2.7484879 1.8718393 14
-3.3770022 3.2366154 1.8641729 13
-3.3190794 3.3694506 1.8238565 14
-3.342906 3.4111674 1.8507425 14
-3.3555899 3.6726346 1.8844516 14
-3.342447 3.7961354 1.853814 14
-3.3661847 3.8344555 1.8388536 14
-3.3806067 4.0703611 1.8870205 15
-3.3427269 4.16364 1.8010951 14
-3.3498688 4.2489638 1.805414 13
-3.3831182 4.5372925 1.8061863 15
-3.3853273 4.7618027 1.8374062 14
-3.3960805 4.8059688 1.8786721 14
-3.3819101 5.0530014 1.8712585 13.666667
-3.3808615 5.1967335 1.8617088 15
-3.3757367 5.2774072 1.8718092 15
-3.3908389 5.3089957 1.8800386 14
-3.3859739 5.4903016 1.8014868 13
-3.3527405 6.3340006 1.8654479 13.666667
-3.3297253 2.725745 1.9793769 15
-3.3325429 2.8421221 1.9541649 14
-3.3515658 3.1722231 1.9798977 14
-3.3543513 3.5473368 1.9555838 14
-3.3054929 3.6399117 1.9913565 15
-3.3304889 3.7288256 1.9187654 13
-3.3451381 3.8253629 1.9715329 15
-3.3350923 3.9480336 1.9550366 14.5
-3.3597379 4.1362853 1.9092854 14
-3.3562248 4.3157396 1.9048635 14
-3.3607099 4.4472508 1.9401318 13.666667
-3.3396528 4.5578637 1.9656036 13
-3.3665748 4.7816839 1.9633824 14.666667
-3.3674455 4.8601189 1.9620707 14.5
-3.3778839 5.075666 1.9129037 14
-3.3701861 5.1355181 1.9781543 14
-3.3531437 5.3113008 1.9997723 14
-3.3779948 6.2638974 1.9374808 14.5
-3.3566523 6.3352356 1.924004 14.333333
-3.3343775 3.2836015 2.0109911 13.5
-3.3368833 3.3549592 2.0384667 15
-3.3414826 3.5170233 2.0301785 15
-3.3345778 3.7921734 2.028969 14
-3.3402214 3.9956985 2.0270371 14
-3.346055 4.3986168 2.0194619 15
-3.3020887 4.4171114 2.0065279 15
-3.3692172 4.7864065 2.0807986 14
-3.3858624 5.0735731 2.0394859 14
-3.370944 5.5389395 2.0374322 14
-3.3589485 5.7829204 2.0314252 13
-3.3974006 5.854743 2.0641656 13.666667
-3.393204 6.0370145 2.0664473 13
-3.3937814 6.2702427 2.0117452 14.5
-3.3458464 6.4099464 2.065644 13
-3.3287306 2.7985027 2.1477523 14
-3.3505647 2.8707495 2.1928387 15
-3.3752632 3.2490311 2.1880107 15
-3.3224142 3.7762415 2.1517437 15
-3.3275366 4.3931131 2.1139152 15
-3.3118579 4.4171205 2.1755319 15
-3.3700919 4.5801439 2.1295474 14
-3.3788972 4.8732686 2.1032307 14
-3.3907475 5.3619499 2.1817815 14.5
-3.3481615 6.3117561 2.1460173 15
-3.3219569 2.8604636 2.2510123 15
-3.3468757 3.0919273 2.2379732 15
-3.3263173 3.171361 2.2928567 14
-3.3436499 3.4957154 2.2382324 15
-3.356827 3.7642424 2.2463901 15
-3.3684106 4.2481642 2.2404292 14
-3.3856404 4.3286791 2.2126508 15
-3.3610935 4.7319341 2.2696178 15
-3.3366568 5.0826473 2.2145655 15
-3.3366368 5.2520075 2.2244213 14
-3.3923547 5.4465456 2.2258742 14.5
-3.3613901 6.3225946 2.2172709 15
-3.3258922 -3.7767813 2.3338025 14
-3.3627982 3.4615231 2.3642664 15
-3.3661361 3.8896768 2.3068154 15
-3.3752551 5.4855924 2.3492463 14
-3.3671052 4.4394431 2.4072869 15
-3.2457786 -3.8006551 0.078521088 8
-3.2572286 -3.7863419 0.098936133 8
-3.2564063 -2.1172664 0.0016121269 8
-3.233752 -3.8225813 0.19915237 8
-3.2367959 -1.5108969 0.16933677 8.5
-3.2766018 2.0438354 0.19340971 9
-3.2277215 2.1227429 0.19000022 10
-3.2617629 3.7692764 0.19657952 8
-3.2824209 4.4710431 0.19710523 8
-3.2963881 4.8815246 0.16863245 9
-3.2798603 -3.8102503 0.26392779 9
-3.2491069 -0.37324181 0.28632838 12
-3.2543433 1.980142 0.26160675 9.583333
-3.2426951 2.0225689 0.23866157 9.75
-3.2403781 2.440351 0.21478306 9.5
-3.2232082 3.9775059 0.24916539 8
-3.2114089 4.0456533 0.21124093 8
-3.2362437 4.4603829 0.29927465 10
-3.240469 4.5127845 0.27858528 9
-3.2826934 -1.7012094 0.37302235 9
-3.270174 -1.5658754 0.31507048 7
-3.2717586 -1.4194973 0.37628114 10
-3.2250512 -0.6092189 0.32629192 10
-3.2667723 -0.17009416 0.36917576 12
-3.2647481 1.9742895 0.34264684 12.166667
-3.238765 2.0451348 0.34778276 10
-3.22948 2.1354301 0.31430379 11.333333
-3.2149873 2.3789752 0.32226315 8
-3.2271695 2.4561429 0.35482952 11
-3.2081771 2.5944099 0.38998246 14
-3.2708228 2.63413 0.37585211 9
-3.2519846 2.7782555 0.37492681 8.5
-3.2970834 3.591393 0.36641002 11
-3.2862339 4.4986796 0.30466756 8
-3.2385445 4.5532851 0.33337969 8.75
-3.2561622 4.7440281 0.33883554 11
-3.2098842 5.1110449 0.33684874 8
-3.2576787 1.8568223 0.4591141 13
-3.2355039 1.9813596 0.46424609 12.111111
-3.2317977 2.0518975 0.45884636 11.25
-3.2124736 2.181016 0.47752818 11.5
-3.232873 2.2801375 0.4497622 11.5
-3.2502804 2.3594909 0.43337646 9
-3.2485716 2.5539658 0.46566561 10.9
-3.2530944 2.6650865 0.45957702 10.5
-3.2647755 2.7479327 0.47925004 10
-3.2636945 2.8346031 0.45158112 14
-3.2212243 2.9613385 0.42255038 10
-3.2955916 3.0429051 0.47411662 9
-3.2687984 -2.0349402 0.57451457 13
-3.2324095 1.9865509 0.54074234 12.25
-3.2485778 2.0345783 0.57066846 13.166667
-3.2346857 2.1340144 0.53964186 11
-3.2459726 2.2807195 0.52515274 11
-3.230078 2.3521292 0.53027236 10.75
-3.2416036 2.4205995 0.57855654 10.5
-3.2496314 2.5437407 0.55425656 11.433333
-3.2517579 2.61253 0.56565148 11.875
-3.259238 3.1882341 0.54541171 10.5
-3.2907631 3.3306224 0.56751007 9
-3.2391706 4.5366282 0.56400692 10.25
-3.2423122 4.7989192 0.5310896 10.5
-3.2001877 -1.7307248 0.61725307 11
-3.2368808 -1.1918591 0.61612338 10
-3.2285285 1.9670813 0.65243888 12.2
-3.2304277 2.0538311 0.64217675 10.5
-3.2229636 2.162966 0.61499369 11
-3.2197685 2.2228084 0.65242285 11.5
-3.2415709 2.3381848 0.64190209 11
-3.237253 2.4489849 0.62290204 11
-3.2468412 2.5510027 0.64452982 11.166667
-3.2633951 2.6408899 0.64713806 11.6
-3.2794461 2.7394907 0.67949992 11.5
-3.2975183 3.0584393 0.63884181 11.75
-3.2987578 3.6605306 0.69570649 14
-3.2437077 4.5432787 0.68965501 9
-3.2939832 4.8214774 0.61942083 11.75
-3.2112937 -1.8444757 0.72063076 14
-3.255193 1.949434 0.78256166 13
-3.2421312 2.0481663 0.75280565 11.576923
-3.2269447 2.1466033 0.72502762 11.5
-3.2492495 2.2254596 0.72958368 12
-3.214052 2.3377497 0.72438914 10.666667
-3.2330122 2.4720569 0.75286019 11.5
-3.2496033 2.5500784 0.73943818 11.0625
-3.2250137 2.6051855 0.78976494 12.5
-3.2045217 2.7157841 0.71379763 10
-3.2851553 2.9450281 0.75623113 13.5
-3.2974751 3.7096407 0.73153925 12
-3.2508693 4.1543465 0.78595001 10
-3.2555902 4.3343658 0.75581163 12
-3.2211971 4.4453406 0.78645056 12.75
-3.2451537 4.5576072 0.77474928 9
-3.2412069 6.4148703 0.7082656 11
-3.2603278 -3.8762724 0.88108289 11
-3.2357607 -1.6588522 0.80076385 10
-3.2491186 1.9606816 0.85834789 12.25
-3.2347312 2.0391765 0.84695899 12
-3.2292523 2.1299312 0.87718129 11.75
-3.2455087 2.242641 0.8461991 12.75
-3.243705 2.3531897 0.8499158 11.25
-3.2383397 2.4468362 0.82902759 11.4
-3.2504046 2.5669646 0.85426122 12.5
-3.2419972 2.6349113 0.85330832 13
-3.2931733 4.4959102 0.88009793 12
-3.2500548 4.5542698 0.88039178 10
-3.2828391 1.9825783 0.94905126 11.5
-3.2262731 2.027257 0.96852702 13.6
-3.259409 2.1109576 0.97951585 12
-3.231462 2.2281973 0.94719779 12.166667
-3.2327268 2.3581791 0.96762043 13.4
-3.2356977 2.4401357 0.94205326 11.875
-3.2567093 2.5618341 0.95744073 12
-3.2233746 2.6256769 0.97310066 13.5
-3.2917216 3.1404746 0.92987007 10.5
-3.2877643 3.9257624 0.9072085 15
-3.2796552 4.3092895 0.92927349 10
-3.2105567 4.4881577 0.92903751 13
-3.2895005 4.5988841 0.99634326 11
-3.2919979 4.6456866 0.98075658 11
-3.2491012 4.7665782 0.99612451 12
-3.255677 7.6679959 0.96239603 15
-3.2348294 1.9585419 1.0572823 12.5
-3.246016 2.0550504 1.0530393 12
-3.2173328 2.1442175 1.0646416 14
-3.2337866 2.3438087 1.0425587 12.4
-3.2397037 2.4600527 1.0778812 13
-3.2343936 2.5640533 1.0506067 13.5
-3.2428837 2.6712551 1.0354093 15
-3.2792349 2.7071474 1.058687 10
-3.2934752 2.9186051 1.0945928 14
-3.2470446 3.0617945 1.0332024 11
-3.272959 4.5335708 1.0236095 12
-3.271513 5.4732032 1.078904 10
-3.2992034 -3.7244663 1.1443319 15
-3.2266836 1.951878 1.1587079 11.5
-3.2383318 2.0657756 1.1386279 11.875
-3.2291451 2.1280835 1.1508162 14.2
-3.2384505 2.2528543 1.1552426 13
-3.2304106 2.3398676 1.1184645 13.5
-3.2356272 2.4715345 1.1466235 13.5
-3.2486272 2.5608444 1.1577524 13
-3.2587199 2.6106894 1.1519285 12.75
-3.2966802 2.7034793 1.1611701 12
-3.2445655 4.4173484 1.1533033 11
-3.2545431 1.9821074 1.2337753 13.333333
-3.2436306 2.0309536 1.2534608 12.6
-3.2430999 2.1103089 1.2474289 12.666667
-3.2220075 2.246825 1.2439291 13.666667
-3.2371664 2.331619 1.2214289 13.5
-3.2362511 2.4510889 1.2458407 13.5
-3.2483234 2.5428329 1.2411921 12.375
-3.2239082 2.6215694 1.2198292 15
-3.2844498 2.8857305 1.2591977 15
-3.2346222 3.8442881 1.2406075 13
-3.2306716 5.5500793 1.2507328 11
-3.2134755 1.9998411 1.3019617 14
-3.2611103 2.0491974 1.3461809 14.666667
-3.225163 2.135658 1.3504937 14
-3.2603259 2.3862 1.3383931 12
-3.241308 2.4614861 1.3360988 13
-3.2320714 2.5326471 1.3645813 14
-3.2454784 2.6280859 1.342319 12
-3.2210383 1.9279104 1.4901029 12
-3.2407115 2.0344346 1.441328 13.5
-3.2323899 2.1480207 1.4751692 13.75
-3.236454 2.2388031 1.4813316 13
-3.2187197 2.3096139 1.4279829 14
-3.2622633 2.5446742 1.4404463 13.5
-3.2634308 3.3944302 1.4443336 15
-3.2932317 5.5145187 1.4809723 13
-3.2867873 1.9813424 1.5073222 15
-3.2347472 2.0659025 1.5519552 13.25
-3.2540822 2.1368682 1.5084014 13.5
-3.2358575 2.2149611 1.5256284 12.75
-3.2424736 2.3762555 1.5446885 14.5
-3.2584925 2.5749974 1.5619218 13.666667
-3.2390077 2.970505 1.5779986 14
-3.2839849 1.9610423 1.6925181 14
-3.2520623 2.0599878 1.6537118 13
-3.2407968 2.2474062 1.6720743 14.1
-3.2563739 2.380429 1.6442959 13
-3.2317898 2.456907 1.6497507 14.333333
-3.2739217 2.6315513 1.68139 12
-3.2635682 1.9982517 1.7144223 14
-3.2592514 2.0952034 1.7398973 14.5
-3.2590537 2.4781423 1.7706335 14.5
-3.2934661 2.6075311 1.7165534 12.5
-3.2876923 2.8180199 1.7714498 14
-3.20084 1.8681083 1.8158695 13
-3.2481046 2.0563397 1.8299615 14.666667
-3.2388728 2.2409673 1.841063 14.5
-3.2472749 2.3192174 1.880916 14
-3.2659802 2.5721064 1.8464042 14
-3.2055087 3.0159969 1.8486003 13
-3.2933466 4.0121193 1.8273697 14
-3.2961917 6.4317722 1.8899899 13
-3.2714474 2.0644343 1.9290051 15
-3.2127774 2.2812698 1.9393358 14
-3.2471633 2.3924603 1.9384586 14
-3.2396624 2.4252319 1.941892 15
-3.2968159 2.9138176 1.9218134 15
-3.2471051 6.4456558 1.9905089 14
-3.2226806 2.0527718 2.0680532 15
-3.2365594 2.1473339 2.0638158 15
-3.2667143 2.4401753 2.0005431 14
-3.2525971 2.5144031 2.058737 15
-3.2290139 2.0723145 2.1634693 15
-3.2464011 2.230624 2.1190002 15
-3.2574177 2.5389128 2.1406319 14.5
-3.2167907 3.8242941 2.1629167 14
-3.2402933 1.8053137 2.2658937 15
-3.2816377 2.4672887 2.226928 15
-3.2621429 2.5081551 2.2716737 15
-3.2430131 4.2986493 2.3255963 15
-3.1304944 -1.9911523 -0.024546718 8
-3.1522908 -3.7574313 0.15185174 8
-3.1756959 -1.5060799 0.15804762 8
-3.19046 2.2222111 0.15206333 9
-3.1459084 -2.1602347 0.26109621 10
-3.1541595 -0.38116983 0.2915422 11
-3.1728127 2.06934 0.25225565 9
-3.1560199 2.1055963 0.23110774 8
-3.1573296 3.8818922 0.26111162 8
-3.1266394 3.914659 0.23109959 8.75
-3.1449327 4.8343439 0.28753304 8
-3.1964626 -0.61765671 0.31098491 12
-3.1180725 2.1810322 0.37882084 12
-3.1394796 2.300575 0.30597988 12.5
-3.140718 2.4424818 0.35904363 11
-3.1129429 2.9987123 0.37889722 13.666667
-3.172905 3.0888391 0.38921455 9
-3.1682677 3.9833143 0.33490264 8
-3.1519127 4.9893475 0.36552644 11
-3.1782613 -2.2236087 0.41710415 10
-3.1561718 2.0582974 0.44347137 11.2
-3.130872 2.1505103 0.44794512 11.833333
-3.1138623 2.218864 0.4827641 9
-3.1600363 4.8698759 0.40780595 9
-3.1945925 4.9258628 0.43964833 9.5
-3.1345298 -3.7495043 0.50093651 10
-3.1882086 -2.18471 0.50296295 12
-3.1805074 -0.62343889 0.52211761 14
-3.1897132 4.5863957 0.50056434 11
-3.1540079 4.6462798 0.52460009 10
-3.1113908 4.7695899 0.52574706 13
-3.1236618 4.9661255 0.55263954 11
-3.1883426 -3.7551832 0.66998965 11
-3.1966257 1.9984492 0.6092813 12
-3.1689141 2.0704556 0.60690928 11.5
-3.1307518 2.144212 0.66441143 12
-3.1963863 2.5075824 0.64893919 14
-3.1702456 2.6782885 0.67645121 11
-3.1526968 3.2735748 0.61932373 10
-3.1083832 4.0042591 0.66538119 10
-3.1437376 4.5755944 0.63994312 11
-3.1271925 5.0082221 0.67842728 11
-3.1155128 -1.3241627 0.73140883 14
-3.1970282 2.3462963 0.71669334 13
-3.193747 2.5952749 0.76823741 15
-3.1460555 4.4806271 0.76173347 11
-3.1552143 4.56213 0.7813251 11
-3.1078594 -1.9785631 0.8394835 15
-3.1925182 2.4550893 0.88970953 11
-3.1311295 2.8894904 0.87446272 11
-3.1046677 4.4746852 0.87201411 12.5
-3.1708505 4.5447974 0.83596981 12.5
-3.1923432 1.844394 0.90125489 10
-3.1957591 2.1896813 0.95109612 11
-3.1707702 2.4057152 0.93936032 13
-3.1453636 2.837677 0.98548442 12.5
-3.1672809 3.1675489 0.96593553 12
-3.1171641 3.6517777 0.99429214 11
-3.150861 4.6131053 0.97878522 15
-3.1827817 1.9849666 1.0635358 11
-3.1957822 2.0868115 1.0424775 14
-3.1991816 2.4441376 1.0594763 12.5
-3.1332548 2.8384862 1.1719209 14
-3.1327617 2.9613016 1.1891363 13
-3.1891241 1.9314144 1.2577041 11
-3.1959043 2.4427443 1.2317595 14
-3.1881578 2.0811887 1.3273914 15
-3.1642375 2.6597199 1.402684 15
-3.1890996 2.023463 1.5513893 15
-3.181145 3.8205698 1.5386641 14
-3.1395371 2.5695298 1.6774499 15
-3.1317658 -3.51824 1.7248123 14
-3.1904809 2.2470183 1.7613419 15
-3.1758535 5.3581586 1.8775206 13
-3.1994913 -3.8111007 1.9256251 13
-3.1870484 5.0447588 2.0225487 14
-3.1778948 4.9027843 2.1567483 15
-3.1644533 1.7876765 2.2536218 15
-3.1406639 3.7976987 2.3429601 15
-3.1606166 4.5121865 2.3891237 15
-3.0340047 2.0454204 -0.0013660243 6.5
-3.0096984 2.0576448 0.056530919 8
-3.0151179 4.8149137 0.08536455 8
-3.0598071 -0.53621584 0.16920452 10
-3.0461726 -0.49298435 0.12623918 8
-3.0876536 1.99593 0.1049364 8
-3.0654666 -1.8574131 0.22147629 9
-3.0502694 -1.7881898 0.28481013 10
-3.0226166 2.0568621 0.24244887 11
-3.0957713 2.1828232 0.23390849 8
-3.0785873 2.646322 0.26309282 9
-3.0293777 2.7286642 0.27257675 10.5
-3.0258949 2.8081083 0.24835549 9
-3.0114257 2.9122598 0.2879425 9
-3.0757873 4.0587926 0.22714837 9
-3.0495265 4.3273525 0.21667798 8
-3.0046577 4.7877946 0.28012735 9
-3.0666699 4.854609 0.29339835 9
-3.0158494 5.1694207 0.22564885 9
-3.0335779 2.0642984 0.36510783 12.9
-3.0136878 2.729677 0.38124394 9
-3.0201178 2.8043783 0.33462986 11
-3.0392923 4.8512883 0.36675569 9
-3.0346317 -2.0025837 0.42857295 10
-3.0769351 -1.8528957 0.43624347 8
-3.0539422 -1.7269769 0.40302011 9
-3.0347705 -0.80862796 0.45091912 11
-3.0842185 2.074461 0.44382262 13
-3.033854 2.122427 0.44090283 9.5
-3.0437107 2.2135258 0.45878193 9
-3.0800614 2.3128233 0.41891721 14
-3.0056322 2.9714055 0.47256258 12
-3.0381975 3.0046253 0.44213378 11
-3.0907807 3.770057 0.45251492 9
-3.0739915 4.7844391 0.42089567 12
-3.0131609 4.8709922 0.48920307 10
-3.0999422 5.4074378 0.43080345 10
-3.0232642 5.5016809 0.46766594 10
-3.0156333 -3.7559054 0.57977533 9
-3.0485547 -1.8953161 0.50821531 12.5
-3.0702522 -0.88213104 0.55687642 14
-3.0660534 2.1320348 0.55022854 13
-3.0389967 4.1092434 0.59603238 10
-3.0597706 4.8609309 0.55272061 10
-3.0136225 5.0944214 0.57278889 10.5
-3.0332298 -1.9575092 0.69929099 12
-3.0165348 4.8511953 0.65199882 10
-3.064713 -3.8090329 0.7718848 10
-3.0290012 -2.2044721 0.7575739 15
-3.0467899 -2.0472507 0.75286013 13.5
-3.0925488 -1.687953 0.74467009 15
-3.0709143 4.4870396 0.76015556 11.5
-3.0858989 4.5340772 0.76870805 11.9
-3.0210288 4.662302 0.79310465 14
-3.071229 5.3391204 0.70269901 14
-3.0709484 3.8105896 0.86174595 11.5
-3.0752015 4.4878082 0.86177248 13
-3.0607285 4.5337119 0.83171231 12.625
-3.0854924 4.6647768 0.83032954 13
-3.0782499 -3.7521923 1.0520774 14
-3.0877087 3.805182 1.0602179 13
-3.053143 4.2538881 1.0918577 12
-3.0863907 3.8627384 1.2952417 13
-3.0768735 3.75407 1.342415 14
-3.0739784 3.6991091 1.4960502 15
-3.0362523 -3.9205828 1.7643402 13
-3.0794287 3.7322235 1.8384134 15
-3.027045 -3.4995258 2.0124621 15
-3.0066314 -3.805434 2.1425853 14
-3.0171909 -3.7124088 2.3091116 15
-3.0591071 4.9866719 2.3669913 15
-3.0726135 5.223177 2.3521512 15
-3.0734241 6.0132356 2.3977616 14
-3.0162539 5.1370783 2.4758227 15
-2.9193962 2.0601814 0.13038668 9
-2.9945714 2.6168468 0.13571718 9
-2.9679604 4.8301883 0.1042548 8
-2.9760621 4.915987 0.17892312 9
-2.9932988 5.2498078 0.19255807 8
-2.9629786 2.0404482 0.25585836 10.833333
-2.9120362 2.1180186 0.2262902 9.75
-2.9170761 2.7744808 0.29754063 10
-2.9888518 4.8480749 0.25454548 8.25
-2.9657061 4.9548659 0.22682622 8.5
-2.9118154 5.7054467 0.26581758 9
-2.9772377 1.9500227 0.32152539 10
-2.9586816 2.0465603 0.33201095 10
-2.9273362 2.1035469 0.32658517 11
-2.9952507 2.7226315 0.32031426 11
-2.9895697 2.9534287 0.34739468 9.5
-2.9998674 4.7930737 0.30937287 10
-2.9515173 4.8918891 0.33305767 9.375
-2.9441383 4.937891 0.3438459 9.5
-2.9927068 5.0740485 0.37499601 9.5
-2.9108572 5.1207671 0.30443826 8
-2.9625483 5.2666497 0.37591338 9
-2.9673886 5.3124948 0.3333756 9
-2.9897242 5.4850512 0.39079693 9.5
-2.9298041 -3.7626822 0.48076418 9
-2.9771993 -1.9277663 0.46001607 11
-2.9702435 4.7989087 0.44468135 11.5
-2.96402 4.849689 0.48238975 9.6999998
-2.9475904 4.9395757 0.45647371 9.666667
-2.9347181 5.0066915 0.44869077 8
-2.9882257 5.1353726 0.49018696 10
-2.9695582 5.2458043 0.46500468 11
-2.9716735 5.3559189 0.44073287 14.5
-2.9705284 5.5216246 0.42794988 8.666667
-2.9988763 -1.9586875 0.57788754 13
-2.9808342 -1.8544955 0.56589681 13
-2.9700501 -1.0045984 0.50919145 9
-2.9532788 4.8615813 0.53195298 12.375
-2.9398694 4.9408841 0.54803687 10
-2.9582617 5.0684071 0.58653742 10
-2.9932249 5.1569533 0.51984251 9
-2.9706447 5.3380361 0.50136989 12
-2.9515393 5.4662023 0.54486811 10
-2.9538572 5.5685034 0.56701934 11
-2.9909692 -3.7213967 0.63181138 10
-2.9528134 -1.8500336 0.66716295 14
-2.9842131 4.8172369 0.60947704 10.5
-2.9429319 4.9367323 0.67718929 13
-2.9876161 5.0704002 0.6817103 12
-2.9694204 5.2945333 0.6842609 12.5
-2.9897928 5.451426 0.66984665 11.5
-2.9618893 5.5159903 0.60370451 13
-2.942055 5.6215172 0.64466757 12
-2.9025185 -2.0623381 0.77018023 15
-2.9788427 -1.9677464 0.7268129 15
-2.9661012 -1.8693438 0.73659968 14
-2.9538283 4.8155384 0.71665591 12
-2.9632678 4.9902449 0.7540319 9
-2.9376156 5.1402626 0.70691824 13
-2.9748833 5.2125216 0.70482653 13
-2.9422274 4.8272367 0.81817567 11
-2.9469264 7.6481423 0.92659241 15
-2.9704931 4.6090097 1.1117519 12
-2.9249229 4.9753861 1.2392664 13
-2.9299192 5.3626504 1.4783846 13
-2.9310811 -3.7371733 1.6414361 13
-2.9620256 -3.7091556 1.8652622 13
-2.9935706 6.3711743 1.8633105 15
-2.9757473 -3.7202365 1.9403543 15
-2.959295 6.3762255 2.0366402 14
-2.9202995 4.8510466 2.1706212 15
-2.9271348 6.3263211 2.2036638 14
-2.9350863 4.5983586 2.3586323 15
-2.9248397 4.9147706 2.3819237 15
-2.9345365 -3.7536349 2.4467013 15
-2.8552895 -0.023075359 -0.012188236 6
-2.8987973 2.0738661 0.055834662 8
-2.8659363 2.1038871 0.070607305 8.5
-2.8436325 2.1973472 0.10175368 9
-2.850713 2.2482162 0.13295014 8.75
-2.853514 2.3891308 0.19439605 10.25
-2.8229206 3.8127749 0.13834026 9
-2.8598139 2.1478071 0.2360889 9.666667
-2.8679113 2.2434421 0.22790089 10
-2.8599503 2.3468482 0.22723369 9
-2.8804934 2.4776144 0.2447506 11.5
-2.8009069 2.7744701 0.24208704 11
-2.8102779 2.8765461 0.24117947 8.5
-2.8973815 4.9433799 0.24040511 9
-2.8706965 5.3441796 0.22837704 8
-2.8898997 2.0324771 0.30841294 9
-2.8715146 2.149744 0.33059046 12
-2.8857741 2.3638778 0.31664926 11
-2.8133292 2.7020679 0.32499543 13
-2.883137 5.5707445 0.5629701 10
-2.866432 -3.7743788 0.6345107 9
-2.8921378 5.6759768 1.330722 12
-2.8072832 -3.7452724 1.9732082 14
-2.8137832 5.57024 2.1702776 15
-2.8886878 -3.7076898 2.2112491 15
-2.7493644 6.3713093 -0.059465718 7
-2.7293007 -1.1570492 0.15959416 9
-2.7385974 2.8813212 0.14855762 9
-2.7789009 2.9237678 0.18280582 8
-2.7608869 -0.66057128 0.26222456 12
-2.7846885 2.6352763 0.28465998 9
-2.75969 2.758249 0.28325713 9
-2.7934992 2.8464897 0.25074604 8.5
-2.7921536 2.9194343 0.26918244 9
-2.7762818 2.841311 0.31947079 10.5
-2.7694731 2.9939356 0.30535132 9
-2.7961943 2.9311388 0.40157264 11
-2.7603412 6.09231 1.3615865 12
-2.7890725 5.5200362 1.8178102 15
-2.7196772 6.4363179 1.9178814 14
-2.7876613 3.9718246 2.26248 15
-2.7295446 5.4420371 2.2321057 14
-2.6142128 6.3319597 -0.094943188 6
-2.6635482 1.5184187 0.06042935 8
-2.6560595 1.9466461 0.068785414 8
-2.6668637 3.1397007 0.19660062 8
-2.6009684 0.93768436 0.27537921 12
-2.6840324 1.0980424 0.35870177 13
-2.6463184 -3.7541258 0.50119168 8
-2.6191545 6.4092183 1.4674442 15
-2.6981854 6.5984426 1.4981567 13
-2.6990097 6.3891306 1.7052748 13
-2.6747971 6.5318298 2.171629 15
-2.6500862 5.5872831 2.3246806 15
-2.6517088 6.3335853 2.3877494 13
-2.6177044 6.2097106 2.4140825 15
-2.5033314 -3.4869602 0.15946355 8
-2.5425634 -3.0109427 0.19626048 9
-2.5433791 -2.9001651 0.19540866 9
-2.5351202 -3.0245299 0.28540373 8.5
-2.5819519 0.94036514 0.3806892 13
-2.5405209 6.3724647 0.53122389 9
-2.5046866 -3.4888988 0.75759017 12
-2.5505643 -3.7584782 1.1062914 15
-2.5505059 -3.7292233 1.2561576 15
-2.519295 6.3784037 1.2728466 12
-2.5200133 6.4122677 1.2131277 12
-2.5429578 6.3789959 1.3562154 13.5
-2.501478 6.4021616 1.3450533 13
-2.5145485 6.3383026 1.4320884 14
-2.5529706 -3.8021491 2.0572376 14
-2.5031807 6.4756441 2.2495573 14
-2.4690654 2.0304577 0.061210286 7
-2.4561706 5.1983471 0.27221921 8
-2.4708791 -3.4975581 0.44998643 10
-2.4645503 6.3852243 0.51351815 9
-2.4552777 6.3544917 1.0535069 11.5
-2.4712512 6.2205453 1.1044565 11
-2.497483 -2.302325 1.2424753 15
-2.4544344 6.3337641 1.472283 14
-2.4468307 6.3218412 1.5952851 14
-2.4596531 6.3259182 2.0082777 15
-2.4393554 5.534955 2.1752219 15
-2.4673164 -3.7453439 2.2395289 15
-2.369236 -3.661895 0.077546224 7
-2.3125155 -3.537276 0.046495907 7
-2.3686433 -2.9989762 0.26311707 9
-2.3203993 -0.23172688 0.22964293 12
-2.398526 -3.6959789 0.41488728 10
-2.3053324 -0.32955194 0.41047865 15
-2.3692119 -0.44464731 0.82659906 15
-2.3804123 6.3174419 1.0568466 11
-2.3314188 6.2692828 1.1820636 11.5
-2.3179445 6.2760935 1.2763898 12
-2.3492446 6.3320837 1.4676362 13
-2.3139517 6.3371029 1.5584592 15
-2.3166285 6.2706261 1.6557455 13
-2.3131061 6.3397188 1.7371597 13
-2.3466218 6.2631869 1.8787844 14
-2.3152192 6.2497048 1.9678026 15
-2.3220568 -3.4453111 2.140619 15
-2.3578222 4.826983 2.2626195 15
-2.2597048 -0.18726984 0.10976704 9.5
-2.2953982 -0.58842283 0.21083771 10
-2.2926726 6.1819797 0.45264274 10
-2.2167428 -0.61777872 0.57698053 14
-2.2149806 -0.11536529 0.52440399 10.5
-2.2341976 6.1840401 0.52324021 15
-2.2046468 -3.0019369 0.60689062 14
-2.2908874 6.2601252 0.84700942 10
-2.264142 6.2309675 1.0690105 11.5
-2.25067 6.3077474 1.0663122 10
-2.236208 6.1653705 1.1429324 13
-2.2700806 6.2715144 1.1192689 11
-2.243171 6.254374 1.2474629 12.5
-2.2862074 6.3079262 1.2781491 13
-2.2460082 6.2750344 1.3356277 12
-2.2118576 6.3237133 1.327484 14
-2.2400568 6.2530408 1.515743 13.333333
-2.2785609 6.3449907 1.5657181 13
-2.2872291 6.2892427 1.6257358 12
-2.2792451 6.2765827 1.7651299 15
-2.2369859 6.2581334 1.8481245 14.666667
-2.2004387 6.3075075 1.8784699 15
-2.2076759 6.2605472 1.9554825 15
-2.2609866 6.3250775 1.9717073 12
-2.2608869 6.1750011 2.0656228 13
-2.2876472 6.2664728 2.0165915 14
-2.2059655 6.2532415 2.1901379 15
-2.2564361 6.3100419 2.2857275 14
-2.128922 -0.12379409 -0.010538549 7
-2.1031716 -3.4282217 0.030613348 8
-2.1082118 -3.3777945 0.09448985 8
-2.1403499 -0.54941231 0.08502043 10
-2.177439 -0.19265719 0.031495411 7
-2.1901255 5.2487535 0.059388433 5
-2.1705849 -3.4923925 0.19475667 9
-2.131191 -0.28559768 0.14519808 12
-2.1822746 -0.11924664 0.24370293 7.5
-2.1164548 6.2169342 0.20367563 6
-2.135788 -3.5530157 0.36954787 11.5
-2.1676669 -0.084597073 0.38626257 12
-2.1881909 -3.1327145 0.4085499 10
-2.1023352 -0.71916169 0.48203602 13
-2.1434762 -0.076249778 0.40159455 10
-2.1207767 -3.1228325 0.54472893 14
-2.118901 -1.0014006 0.51689714 12
-2.1330793 -0.40237495 0.55399209 14
-2.171613 -0.11850146 0.51251566 13
-2.1628039 -0.095149271 0.5431782 13.5
-2.1467268 6.2072926 0.56557673 9
-2.161015 -0.21987408 0.67310649 11.5
-2.169023 -0.1318346 0.65007031 9.5
-2.1433876 6.3059497 0.62247771 10
-2.1468728 -0.1137211 0.73861986 13.5
-2.1210141 -3.7227502 0.85522509 13
-2.1092336 -2.834811 0.89352238 14
-2.1287959 -1.0471097 0.82657945 10
-2.1354425 -0.8647424 0.81754172 13
-2.1609261 -0.57933915 0.89160961 12
-2.1623476 -0.5841732 0.99091029 13
-2.1406434 -0.13618553 0.92756212 13.666667
-2.1184647 6.1867843 0.94534463 12
-2.1920714 6.4380755 0.98854411 10
-2.143337 -1.0021259 1.021608 13
-2.1032715 -0.93320441 1.0780777 15
-2.1471334 6.2627583 1.0938383 12
-2.1302483 -0.12796469 1.1168119 14.25
-2.122613 6.2531943 1.1614327 12
-2.1436241 -0.13364631 1.263936 14.333333
-2.1208112 6.1728563 1.2296307 14
-2.1144128 6.2777743 1.2690203 12
-2.1537921 6.3392057 1.2820922 11
-2.1546304 6.2515273 1.3610539 12.5
-2.104362 -1.86307 1.4643563 15
-2.1525683 6.2692986 1.4470851 13
-2.127044 -2.2414045 1.5575106 13
-2.1050756 -1.6698458 1.5960405 14
-2.1108108 -1.3661929 1.5130744 13
-2.1215808 6.2687755 1.5808514 14
-2.1482611 6.3451824 1.5772227 13
-2.1312535 6.2560534 1.619588 13.5
-2.1376238 6.2567334 1.745834 14.25
-2.1201706 -1.4106562 1.8363096 15
-2.1378918 6.285676 1.8593779 13.5
-2.1458058 6.3132224 1.8735377 13.75
-2.1394703 5.9587522 1.9598905 13
-2.1728389 6.2528191 1.9910432 15
-2.1043169 -1.284271 2.0104792 15
-2.1705742 6.3020144 2.0737894 14
-2.1114323 6.2567897 2.3485994 15
-2.0959773 -3.5406818 0.081580378 9
-2.0234489 -1.2235023 0.1910453 11
-2.0180399 4.358017 0.18018118 9
-2.0686224 -3.4692125 0.23685816 9
-2.0323555 -3.1873024 0.24486654 9
-2.0074122 -1.2982578 0.2494476 11
-2.0076499 -1.0612079 0.29296026 8
-2.0937903 -0.76516241 0.23630661 11
-2.0303273 -0.53562105 0.2863555 10
-2.0925341 -0.11172067 0.27326709 8.5
-2.0279613 -0.072107166 0.29294413 11
-2.0410581 -3.506979 0.33362368 10
-2.0020237 -3.0928955 0.33295622 8
-2.0232909 -2.336493 0.34914407 10.25
-2.0412445 -2.2391913 0.381154 11
-2.0248289 -1.1952848 0.37691793 11
-2.0437365 -0.99124616 0.30593714 12
-2.0819664 -0.84516013 0.33852682 10
-2.063323 -0.45996442 0.34457728 13.5
-2.0703986 -0.14044531 0.30309719 9
-2.0964248 -2.5504987 0.45539048 11
-2.0250967 -2.2675309 0.45675334 13.5
-2.0783501 -1.9605529 0.40070891 12
-2.0615125 -0.97653919 0.41276574 15
-2.0191479 -0.81859589 0.42961323 14
-2.0836728 -0.082376577 0.46654838 14
-2.0670872 6.2107 0.47171667 9.5
-2.0296836 6.308085 0.40553024 12
-2.0701516 -3.2297065 0.51662439 12
-2.00983 -2.690357 0.54382461 9
-2.0977039 -1.9067587 0.52622849 11
-2.0139756 -0.55604273 0.58644164 14
-2.0152857 -0.11374541 0.56771278 11
-2.0975482 4.1451421 0.58185309 10
-2.0022004 6.2786064 0.58735323 9
-2.0092647 6.3156586 0.54657882 14
-2.0743248 -3.2049198 0.61942762 15
-2.0929661 -2.8671064 0.69905263 12
-2.037384 -2.2930253 0.64521158 14
-2.0772829 -0.087950811 0.63889557 15
-2.0543664 4.1632318 0.60968453 13
-2.0180216 6.2173538 0.6808098 10
-2.0694613 -3.6987779 0.74010515 12
-2.0048325 -3.4060557 0.74096972 14
-2.0012848 -0.69546074 0.78512806 10
-2.0762441 -0.12624618 0.74339956 12
-2.0273664 4.1748219 0.71681923 13
-2.0076294 -2.6224573 0.84205616 10
-2.0433609 -1.9484875 0.8895939 10
-2.099478 -1.4989367 0.8533529 15
-2.0339384 -0.86336493 0.88282257 12
-2.0492675 -0.75980079 0.81512886 11
-2.0169511 -1.9338648 0.98561847 14
-2.0057366 -0.78752065 0.96783602 15
-2.0013452 -0.60173082 0.90938807 11
-2.0046873 -2.8349838 1.0722837 15
-2.0628304 -2.5624022 1.031027 11
-2.0337114 -1.5202429 1.0982136 14
-2.0060506 -0.6317358 1.0896332 12
-2.0050626 6.2774596 1.0595869 12
-2.0333512 -2.7896457 1.1469343 11
-2.0079417 -2.5553162 1.1445302 12
-2.0553477 -1.3665339 1.199374 12
-2.0454621 -1.0324575 1.1323817 15
-2.0552769 -0.23162775 1.1294404 13.5
-2.0599582 6.2540426 1.1535283 11.666667
-2.0487416 -2.7760725 1.3084112 15
-2.0796835 -2.4853604 1.3658078 13
-2.0630527 -2.2340689 1.3418088 12.5
-2.0166116 -1.4871063 1.3198085 13
-2.0267589 -1.3451009 1.3571702 13
-2.0047638 6.2735829 1.3022941 13
-2.0219095 6.3176565 1.3289139 12.5
-2.0194457 -2.4922185 1.4400995 13
-2.0589035 -1.4279745 1.4630276 13
-2.0379865 6.2625551 1.4530557 13.428572
-2.0919883 6.31318 1.4815696 13
-2.0273671 -1.818507 1.5848278 13
-2.0469108 -1.3826188 1.5500776 14
-2.0343516 -1.8346518 1.6364101 13.5
-2.0675607 6.2689939 1.6786571 14
-2.0821848 -1.4890889 1.7012028 14
-2.0589774 6.2978749 1.769801 14
-2.0038767 6.3538423 1.7158319 12
-2.0367792 6.4406419 1.7551491 13
-2.0727234 -1.7352188 1.8055737 15
-2.0523491 6.2859726 1.9394706 14
-2.0964336 6.3130288 1.9407341 14
-2.0463879 5.5423594 2.2776947 14
-2.0901492 6.2508111 2.242173 15
-2.0693784 -3.6691732 2.4478264 15
-1.9488432 -3.587091 -0.044429965 8
-1.9602631 -3.4257221 0.093371205 8
-1.995774 -3.5807841 0.19236632 8
-1.9329782 -3.4076817 0.15013911 8.5
-1.992202 2.2858784 0.15327659 8
-1.9606465 -3.5497315 0.22544967 8.5
-1.9294269 -3.1466269 0.25015375 9.5
-1.9192222 -3.0116799 0.27516565 11.5
-1.9462781 -2.5383461 0.23903981 9.5
-1.968515 -2.1383765 0.24595352 10.5
-1.9389333 -1.9426808 0.27186006 11
-1.9810563 -1.2334223 0.25315332 10
-1.9987381 -1.1653473 0.2508429 11
-1.9772383 -1.0151767 0.23460847 11.5
-1.9916039 -0.63077658 0.29838672 11
-1.996945 -0.15433015 0.26132309 9
-1.9144166 -3.1075821 0.35976151 11.5
-1.9178134 -3.0560825 0.3698318 10.333333
-1.9674262 -1.3100086 0.31747183 11
-1.9594817 -1.2268784 0.35330421 13
-1.9257106 -1.0316867 0.38027751 15
-1.9960018 -0.99370968 0.36272934 13
-1.9975667 -0.68145013 0.30924121 12
-1.9814265 -0.42069212 0.33109429 13
-1.9387432 2.2857075 0.36539796 15
-1.9236727 -2.6598039 0.48102441 12
-1.9445653 -2.3635337 0.42606014 12
-1.9729503 -1.0289792 0.4046948 14
-1.9963807 -0.99671131 0.47348735 14.5
-1.9925622 4.8010516 0.49761733 12
-1.9296212 -3.6110809 0.51655746 11
-1.9583788 -3.1034861 0.58496386 14
-1.9084253 -2.6978331 0.577851 13
-1.9404224 -2.3462496 0.5353204 12.333333
-1.9656268 -2.2760882 0.56219244 14
-1.9105685 -2.014348 0.57570362 14
-1.9629307 -1.3224807 0.53234476 15
-1.9421217 4.1681128 0.55254567 10
-1.9285785 -3.5506663 0.67714143 12.5
-1.9620322 -3.4116237 0.61641669 9
-1.9621421 -3.0782399 0.67372054 13
-1.9869637 -0.47586069 0.64498252 14
-1.948048 4.8417802 0.61469173 11
-1.9445509 -3.5179274 0.78249514 13
-1.9447726 -2.73874 0.77728117 11
-1.9893584 -3.4676788 0.84771729 13
-1.940221 -3.3814044 0.80481374 13
-1.9532561 -1.0111563 0.86549389 14
-1.9687991 -0.97098184 0.8892495 15
-1.9586847 -2.8218291 0.97633433 15
-1.9683589 -0.59898722 0.97998267 11
-1.9557941 6.2579956 0.91383809 11
-1.9517959 -2.8401277 1.0251485 11
-1.9770471 -2.5915108 1.017786 12
-1.9426153 -1.5014307 1.059599 12
-1.9587587 -1.1054834 1.017795 13
-1.9872451 -0.5929836 1.0816133 13
-1.9912314 6.2626581 1.08759 12
-1.9728657 -2.363132 1.1631446 11
-1.9395498 -0.35995692 1.1130866 14
-1.9770459 6.2620835 1.1821527 11
-1.9310694 6.3264008 1.1578475 12
-1.9212883 -2.6765645 1.2290819 14
-1.9343346 -1.8712223 1.2410988 14
-1.9974061 -1.2879272 1.210948 13
-1.9716942 -0.78925478 1.2665478 14
-1.942865 6.4856005 1.282532 12
-1.9233679 -2.7658889 1.3174223 13
-1.966616 -1.7703816 1.3657786 15
-1.9861286 6.2553306 1.3270224 13
-1.9941409 -2.8058751 1.445906 13
-1.9112564 -2.3134141 1.4937474 15
-1.932152 -1.9656641 1.4375862 15
-1.9944742 -1.4679167 1.444903 15
-1.9897541 6.2593827 1.4831034 12
-1.9860054 -1.6222101 1.5662669 12
-1.9958844 -1.4534888 1.585779 15
-1.963442 6.2677784 1.5529548 13.6
-1.9935755 6.2547073 1.665079 14
-1.9446912 6.2684913 1.7606393 14
-1.9109982 6.3465867 1.7227829 15
-1.9631677 -2.484036 1.8088977 14
-1.993276 -1.3467969 1.8818685 15
-1.912889 6.2469287 1.807403 14.5
-1.9014635 6.3083935 1.8010975 13
-1.9774575 -2.1926968 1.9362066 15
-1.9255104 6.3111601 1.9116915 13
-1.8996986 -3.6072979 0.14234497 8
-1.8013122 -3.5798836 0.17384312 8
-1.861735 -3.6164315 0.24835128 9.5
-1.8968515 -3.5936215 0.20548014 9
-1.8868443 -3.4845128 0.22834259 11
-1.8937602 -3.5981817 0.33553278 8
-1.8639889 -3.0358641 0.31468856 11
-1.8177611 5.1216626 0.30832514 9
-1.8472407 6.1989141 0.37182179 12
-1.8510282 -3.634135 0.41338879 10
-1.8782278 4.2865715 0.49197003 10
-1.8345972 5.0851932 0.45501292 10.75
-1.8553951 -3.5644546 0.53118467 12.666667
-1.8990195 -3.0334227 0.50405562 15
-1.8750446 4.2312827 0.51235121 10
-1.8244704 6.2073679 0.51989621 14
-1.8583313 -3.6137338 0.65931088 13
-1.8991832 -3.5438941 0.6707561 12
-1.829752 4.151412 0.66510022 11
-1.835754 -3.6029046 0.78922713 9
-1.889908 -3.5578244 0.83743501 14
-1.8942324 -3.4337158 0.81241167 14
-1.8812551 -3.5592082 0.94083315 14
-1.8965535 -2.7623596 1.0994254 15
-1.8037165 1.5066963 1.0229527 13
-1.8313454 6.4052219 1.0611819 11
-1.883009 -3.6174409 1.110257 14
-1.8890625 -1.9966806 1.1724033 13
-1.8888122 6.2905545 1.2582965 12
-1.8763384 -3.6493847 1.3032023 12
-1.8229996 6.2202792 1.3454661 12
-1.8938024 -3.5995743 1.4530214 13
-1.8083011 6.2484245 1.4821825 13.5
-1.8344623 6.262753 1.5320802 14
-1.8425112 6.3597722 1.7338152 14.5
-1.8408748 6.2923369 1.8680544 15
-1.815275 6.2622337 1.9319162 15
-1.88085 6.1950021 2.0296509 14
-1.8074608 6.3077941 2.1526856 15
-1.7749211 2.1110158 0.11809049 7
-1.7356992 -3.6285064 0.20998441 8
-1.7234025 -3.5745678 0.21283869 8
-1.7328788 6.2984471 0.29472896 9
-1.7757611 -3.5804839 0.31953755 10
-1.7753134 6.19912 0.33469436 10
-1.7552192 6.3443146 0.38602835 8
-1.7864904 4.7996364 0.47697735 15
-1.7390153 5.1425834 0.47712907 13.5
-1.7862363 6.1960163 0.54507416 12.75
-1.7577615 6.2344718 0.52987373 9
-1.7096796 6.3486519 0.58990002 14
-1.7045366 -3.6165481 0.61909992 11
-1.7228273 -3.5925577 0.67026889 10.5
-1.7665399 4.1540985 0.61334938 11.5
-1.7562686 4.2273855 0.62555742 15
-1.767225 6.1890006 0.68575585 14
-1.7325971 -3.5890756 0.72130489 12
-1.7056533 6.2163458 0.74330479 11
-1.7668451 -3.6267059 0.82529217 13.75
-1.7727708 6.2273011 0.95351899 11.5
-1.7329506 6.2435083 1.0998046 12
-1.7267979 6.3134847 1.0097963 11
-1.7115231 6.2789087 1.1202881 11.5
-1.7106942 6.3442698 1.1874187 13
-1.762074 6.2653251 1.2198948 12.5
-1.7706586 6.2869945 1.3713769 13
-1.7596676 6.2777948 1.4202107 12
-1.7447749 6.2245283 1.5503992 14.25
-1.7240515 6.5114579 1.5684257 13
-1.7343947 6.2710185 1.6892639 13
-1.7597221 6.2785668 1.7484456 13.5
-1.7247355 6.2778525 1.8674935 14
-1.7477844 -2.0655725 1.9751264 15
-1.7863775 6.3084335 2.047116 15
-1.796096 6.2973948 2.2451572 15
-1.771749 5.6153622 2.3138707 15
-1.6760237 -3.7729063 -0.2310742 6
-1.6809416 -3.5711858 -0.13659991 8
-1.6431996 -3.7152956 0.016707193 8
-1.6039913 -3.6473646 0.060190022 8
-1.6318358 -3.5796766 0.099402264 8
-1.6768757 -3.6285164 0.11259732 8
-1.6352186 -3.5868576 0.18577164 9
-1.6315869 -3.7137721 0.2361411 9
-1.6086185 -3.6939342 0.28089324 10
-1.6468819 -3.4797866 0.25100988 11
-1.606102 -3.7234406 0.34739468 9
-1.6451192 -3.6268249 0.35575199 10.333333
-1.6868443 -3.5960593 0.31444365 9
-1.6158379 4.0648704 0.3801131 13
-1.6632215 4.1189489 0.34996849 12
-1.6830125 5.0929704 0.36849716 9
-1.6107595 -3.6045372 0.48888436 14
-1.6577687 -3.5623364 0.42783332 10
-1.6290563 -3.7064137 0.57337797 10.333333
-1.6361452 -3.630322 0.55076301 11.125
-1.659062 -3.5891449 0.57060057 13.5
-1.6011997 -3.7230635 0.6889742 12
-1.6033558 -3.6318316 0.60591972 11
-1.6382034 -3.5660782 0.65622044 12.666667
-1.6565557 4.1701231 0.62980235 11
-1.6472747 -3.65746 0.76205796 10
-1.604495 -3.5441148 0.79178172 15
-1.6626993 -3.6296804 0.83602452 12.75
-1.6627972 -3.5816209 0.83833158 14
-1.6291282 -3.6302915 0.91350001 12
-1.6700805 -3.5817535 0.95449692 13
-1.6080102 -3.7157848 1.0002079 14
-1.626055 -3.6360054 1.1743811 11
-1.627952 -3.6940036 1.2094811 15
-1.6239394 -2.9106796 1.2115995 12.5
-1.6287912 -3.6665943 1.3415374 15
-1.6434629 6.2939668 1.3972095 13
-1.6971719 5.7360778 2.0014489 15
-1.6718514 -3.5631547 2.3563201 15
-1.5848479 -3.732609 -0.084186539 7
-1.5052313 -3.7122784 0.0034451226 8
-1.5586149 -3.6784751 0.063963152 8.5
-1.5526794 -3.5803072 0.092035629 9
-1.5194256 -3.7259357 0.16227652 8.333333
-1.5422438 -3.7200162 0.23909371 9.375
-1.5265498 -3.6786594 0.26993454 9.25
-1.5537406 -3.7283919 0.35202196 9.833333
-1.5667102 -3.6588397 0.35695726 9.8999996
-1.5921998 -3.5158424 0.37117159 13
-1.5458816 -3.7151604 0.45738515 10.875
-1.5486166 -3.6459401 0.47807932 12.666667
-1.5705487 -3.5592928 0.46235809 12
-1.5401479 5.1398959 0.43468764 9.8000002
-1.5409847 6.3386545 0.42064232 11.5
-1.5512975 -3.7268925 0.52815729 11
-1.5457822 -3.6521387 0.56447017 10.916667
-1.5964737 -3.5778611 0.53025228 11.75
-1.593405 1.3588464 0.55177808 10
-1.5778389 5.155302 0.50584102 14
-1.5576299 5.2046251 0.59767163 14.5
-1.541074 6.2467713 0.52216977 14
-1.5684179 -3.7168787 0.67789704 12
-1.5586307 -3.6744137 0.63723356 12.166667
-1.5921196 -3.5878215 0.68663621 12.5
-1.5393244 -3.7192581 0.75601125 12
-1.5288346 -3.6822069 0.76775104 12.333333
-1.5218878 6.2332511 0.76147294 10
-1.5502746 -3.7341342 0.82105112 13.333333
-1.5444859 -3.6462054 0.84663373 13.4
-1.5732994 -3.6371453 0.93812346 14.375
-1.5974925 6.2988706 0.90454984 10
-1.579599 -3.7010188 1.0091622 14
-1.564549 -3.6499379 1.0544592 15
-1.5019599 6.4383159 1.1759814 11
-1.5049253 -3.7144315 1.2908235 12
-1.5495231 6.302156 1.2070028 13
-1.5083498 -3.6897562 1.3202977 14
-1.5286158 -2.9535911 1.5103804 14
-1.5569352 6.3091936 1.8867415 15
-1.5509998 6.2991056 2.0804012 15
-1.5435748 6.4445887 2.0122032 15
-1.5738539 6.3060703 2.2472005 15
-1.5801895 5.9152803 2.3385999 15
-1.4494814 -3.7255616 0.056928504 8
-1.479965 -3.6771054 0.097008698 8
-1.4626403 5.2778144 0.1121042 7
-1.4554082 -3.7283254 0.24257001 9
-1.4484198 -3.6720152 0.2294852 8.666667
-1.4719386 -3.7429585 0.33396703 9
-1.4602646 -3.661727 0.35724759 9.5
-1.4415956 4.2613392 0.35780528 11.5
-1.4528726 5.0230541 0.3019444 10
-1.4346852 6.1749816 0.36715713 10.5
-1.468118 -3.7216201 0.44518173 10.666667
-1.4212066 -3.6721163 0.45575595 9.5
-1.4998511 5.1117783 0.4375371 9
-1.4351704 -3.7345991 0.55508691 11
-1.4865729 -3.6569128 0.55692744 11.5
-1.4888068 -3.7237422 0.62482476 13
-1.4045548 6.2460485 0.65884906 15
-1.4522549 -3.7163432 0.75785571 12
-1.4566261 -3.6759739 0.73762459 11.5
-1.4548372 -3.7101402 0.81924713 13
-1.4379925 -3.68959 0.89848167 13.5
-1.4688531 -2.9898372 0.85149801 9
-1.4915199 -3.7323732 0.94308352 14
-1.4250158 6.3229585 1.1573546 11
-1.4585891 -3.696306 1.29563 12
-1.4609832 -3.7059798 1.3235096 11
-1.4877852 6.3350668 1.3731539 14
-1.4351498 -2.9560418 1.5118709 13
-1.4764276 6.2946467 1.5637692 14
-1.4537336 6.4912214 1.6536698 14
-1.4836633 6.3330793 1.7305491 14
-1.4536963 6.3308902 1.821353 14
-1.447981 6.1774111 1.9177406 13
-1.4352905 -3.6874888 2.027056 15
-1.4108201 6.326323 2.1760786 14
-1.3604983 -3.741972 0.071729079 7
-1.3990684 -3.7409773 0.11916111 8
-1.3015091 6.3244276 0.13737032 7
-1.3290148 -3.6247697 0.2349229 10.666667
-1.3923202 4.1195326 0.36872032 13
-1.3214053 -3.6889992 0.44888625 8.5
-1.3655902 -3.7346456 0.5044471 10
-1.3116258 4.1862478 0.51880252 11
-1.3254448 4.2164569 0.57328022 15
-1.3328249 4.5266609 0.55259514 13
-1.3108476 -3.6702049 0.65270799 13
-1.3322188 -3.7139609 0.83148205 13
-1.3199126 -2.9869347 0.94843292 12
-1.3272069 6.2428055 0.94161654 11
-1.3024927 -3.7342689 1.062821 14
-1.3581207 -3.6747756 1.0115206 14
-1.3065906 6.164257 1.0638479 10
-1.3063992 6.2732005 1.0582652 12
-1.3529302 -3.7187147 1.1764953 11
-1.3845917 6.4626098 1.1842161 12
-1.3231181 6.251543 1.2502373 12.666667
-1.3266321 6.2809548 1.3064166 12
-1.3276932 -3.7118707 1.4556524 15
-1.3427863 -3.6536021 1.4594759 14
-1.3228198 -3.0466456 1.4922121 13
-1.3884888 -2.9712763 1.4833025 14
-1.3397372 6.2483978 1.4534366 13.6
-1.3402262 6.454535 1.4823358 13
-1.3520986 -3.7003965 1.5239946 15
-1.3225886 -2.9641926 1.5602254 14
-1.3771009 -3.5733643 1.6531368 14
-1.3822793 -3.1519866 1.6931916 15
-1.3436188 6.0893202 1.6634464 14
-1.3433677 6.308548 1.6307684 13
-1.3615226 -2.9584227 1.747606 14
-1.348112 6.0477386 1.7293537 13
-1.3614764 -3.0170548 1.8127061 13
-1.3554927 5.693665 1.8516493 15
-1.3500922 6.2505159 1.8684253 14.666667
-1.3658041 6.3087425 1.9214088 14
-1.3289558 6.2950044 2.0598998 14
-1.300231 6.3008814 2.1547329 15
-1.3183179 6.2576942 2.3134851 13
-1.3817353 -3.2447453 2.8393955 15
-1.2932761 -3.6999109 -0.034276243 8
-1.273335 -3.6293514 0.11325491 8
-1.2815804 -3.6064329 0.38291684 14
-1.249765 -3.1272612 0.32577577 13
-1.2834555 -3.7315044 0.41905567 10
-1.2289268 -3.626358 0.49005723 11.5
-1.2724466 -3.0997765 0.45875654 12
-1.213824 4.154109 0.44726041 15
-1.2654469 6.1771512 0.43358666 10.5
-1.2934452 6.239593 0.43191072 11
-1.2513483 -3.6738067 0.53277957 10.75
-1.2539544 6.1734262 0.56028003 11.75
-1.2457305 6.2256479 0.56922913 11.75
-1.254025 -3.7348073 0.67288125 12.166667
-1.2616575 -3.620935 0.65014762 12
-1.2155122 6.1580472 0.64980483 11.5
-1.267702 6.2438054 0.65108097 9.75
-1.2976756 -3.6738901 0.78950036 15
-1.2380385 -2.9719224 0.73410988 12
-1.2884793 6.2753105 0.74884695 10
-1.2160403 -3.1121058 0.83458763 14
-1.2866608 -3.0459633 0.85799903 14
-1.2792288 6.3061028 0.82883912 9
-1.2210717 6.4427586 0.86884308 11
-1.2433745 -3.7319055 0.9857676 11
-1.2465249 -3.1220605 0.97739446 15
-1.2244425 -3.0390503 0.91957092 13.25
-1.2142272 -2.9740219 0.94935387 14.666667
-1.2939394 6.1181226 0.93092877 10
-1.2422239 6.2551255 0.93718135 10.285714
-1.2331883 -3.0400908 1.0024607 15
-1.2222148 6.1541448 1.0267589 11
-1.2535701 6.2414246 1.0624207 11.777778
-1.2594439 -3.6513159 1.1600941 10
-1.2335031 6.2631922 1.1653425 11.333333
-1.2694112 -3.6868711 1.2834328 12
-1.2752991 6.2670822 1.2640754 12.333333
-1.2209628 6.3024578 1.297172 12
-1.2127595 6.2581463 1.3583831 13.25
-1.248558 6.3534694 1.3989035 12
-1.2869705 -2.9891846 1.4058836 13
-1.2558216 6.2494087 1.4591938 13.333333
-1.2579994 6.3094754 1.4481164 13
-1.2613783 -3.7206461 1.5944321 13
-1.2309774 6.1979961 1.5153157 13
-1.2443572 6.253756 1.5485049 13.611111
-1.2133766 6.2455053 1.6418748 14.666667
-1.2446194 6.2509785 1.7262931 13.571428
-1.2092288 6.3440633 1.7806314 14
-1.2417947 6.2561631 1.8295742 14.5
-1.2222303 6.3071814 1.8900189 15
-1.216176 6.2719936 1.9492815 14.75
-1.2529433 6.269824 2.0512815 12.5
-1.2634611 6.3094797 2.0042529 14
-1.2610633 6.3066082 2.1628423 14.5
-1.297603 -3.6650598 2.2642479 15
-1.1627858 -3.6499174 -0.023570061 8
-1.1384314 -3.6871653 0.10556646 8
-1.1496162 -3.5913122 0.16263351 8
-1.1716851 6.2573366 0.10720854 7
-1.1132764 -3.6855161 0.25821051 9
-1.1939794 -3.5877681 0.26600158 12.5
-1.1515493 4.1785302 0.34894064 14.5
-1.1118166 5.1035666 0.39366391 13
-1.1301739 6.1541266 0.35734385 7
-1.1683304 6.2290878 0.33822367 10.25
-1.124822 -3.7824569 0.49085835 8
-1.1807383 -3.6328797 0.48706153 9
-1.1469116 4.1754837 0.46395531 11.25
-1.1537997 4.2315536 0.42941171 12.5
-1.1594309 5.0579252 0.44569868 12
-1.1151973 5.1014857 0.45757982 14
-1.1845019 6.1779585 0.45325652 9.5
-1.1096524 6.2727141 0.40853333 9
-1.1397831 -3.6425598 0.57014573 9
-1.1321411 4.1812525 0.55177128 10.5
-1.1271524 4.9542003 0.52199364 15
-1.1423799 6.1397095 0.5951677 9
-1.1731688 6.2071562 0.53829223 11.333333
-1.1520211 -3.6805823 0.61826545 12
-1.176585 6.1727338 0.63403398 9.833333
-1.1627887 6.2514772 0.67207766 9.5
-1.1664696 -3.7830689 0.79564393 10
-1.1161593 -3.6750624 0.70877522 10
-1.1652076 -2.9985218 0.72735345 10.5
-1.1347841 4.2397728 0.7135511 15
-1.1785409 5.1036406 0.73674798 14
-1.1654333 6.2464032 0.77120101 10
-1.159523 -3.6948073 0.87540627 11
-1.1528634 6.2683468 0.84483153 10
-1.1789893 -3.1216121 0.97661757 14
-1.1394315 -3.0529585 0.90168667 15
-1.1763812 -2.9638898 0.95195079 15
-1.1540185 6.1510129 0.94725615 12.75
-1.1600004 6.2344966 0.95220762 10.8
-1.1679337 6.3949137 0.93960953 10
-1.1830298 -3.0803957 1.0337833 13
-1.1532568 6.2462153 1.0535325 12
-1.1007757 6.3359537 1.0372858 11
-1.1142489 -3.6542485 1.1813889 12
-1.1692479 6.1941915 1.1650738 12.5
-1.1540836 6.249474 1.1469995 12.125
-1.145977 6.2508621 1.262908 12.6
-1.1221287 6.3059349 1.2796029 11
-1.1022015 6.4576631 1.2785897 12
-1.1609364 6.2346239 1.3448321 13.0625
-1.1091363 6.3022013 1.3960627 14
-1.1739926 6.2546816 1.465174 12.75
-1.1650873 6.2761288 1.556847 13.5
-1.1798326 6.3516316 1.5307398 12
-1.166572 6.2591004 1.654853 14
-1.1495686 6.2660637 1.742064 14.166667
-1.142733 6.3002262 1.7712488 13
-1.1323106 6.2708416 1.8076295 15
-1.1255957 5.8404841 1.9224832 14
-1.1664213 6.2968326 1.9115552 15
-1.1603309 6.3194103 1.9100631 15
-1.1322017 -3.6842029 2.3265347 15
-1.1478965 -3.5722454 2.3489892 15
-1.0567137 -3.7243083 0.15385926 8.5
-1.038204 -3.6625268 0.15642275 8
-1.0181879 4.1983333 0.29978967 10
-1.0789976 -3.6768756 0.36584851 11.5
-1.0428345 4.315639 0.33220586 10.25
-1.0109134 4.742815 0.3786591 13
-1.0041947 6.3401418 0.33076251 9
-1.0508896 -3.6851952 0.45957294 15
-1.0468644 4.1666827 0.44508752 10.25
-1.0539871 4.2267427 0.46445793 11
-1.0752958 6.3147349 0.42748886 9
-1.03392 -3.7241147 0.56888473 10
-1.0937641 -3.5721307 0.56303298 12
-1.0502908 4.1784301 0.56172764 10.8
-1.0039656 4.3387499 0.52929014 14
-1.0519542 4.6254654 0.55077797 14
-1.0619757 -3.6678407 0.61117774 13
-1.0564853 4.1455531 0.63507652 12
-1.0105369 -3.726197 0.7877655 14
-1.0742216 6.2253194 0.77726918 10.5
-1.0071573 -3.6618886 0.85046375 15
-1.0373813 6.2679029 0.82493216 9
-1.0529262 -3.7320144 0.90696019 15
-1.0231116 -3.6790986 0.91566426 13
-1.0715594 6.2528396 0.96095854 13.5
-1.0876455 6.2270913 1.0785948 12
-1.048607 6.3458819 1.0214205 11
-1.0827018 6.270793 1.1763483 12
-1.0677397 -3.7984147 1.2416632 12
-1.0936348 6.2701097 1.2169456 14
-1.0424721 6.3353915 1.2487769 12.5
-1.052381 6.282608 1.372133 13
-1.079723 6.3160686 1.3338609 11
-1.0236572 -3.7874296 1.4620129 13
-1.0302231 6.2787137 1.4735726 13.333333
-1.0919272 6.2960501 1.5604526 13
-1.0202886 6.3149533 1.5883439 13.5
-1.0497336 6.3053727 1.7927821 14
-1.0108566 6.2555385 2.0146699 15
-1.0450181 -3.7753356 2.2194588 15
-1.0545702 6.1662803 2.2422831 15
-0.91231191 -3.7915235 -0.18459046 6
-0.99434984 -3.6454887 0.076565146 8
-0.98624176 -3.7232692 0.10113682 7
-0.96308899 -3.5792282 0.24077429 9
-0.91961604 6.2797995 0.20569338 6
-0.9647221 -3.7124255 0.34645799 10.5
-0.96959108 -3.6406684 0.38473171 13
-0.98215526 4.2754445 0.3990081 15
-0.94902873 6.1522264 0.35645476 10
-0.97432488 -3.6833792 0.45796213 12.5
-0.92251271 4.1861701 0.45205364 10.25
-0.9003216 4.2235932 0.40172863 15
-0.9939751 5.0731554 0.42326191 13
-0.95141804 6.1580329 0.4510636 11.5
-0.90027863 6.357007 0.49076787 11
-0.98238385 -3.6455786 0.52537209 13
-0.99914157 4.1559811 0.52819055 10
-0.9243564 5.0608306 0.51530951 14.75
-0.95394331 6.2351465 0.51031142 14
-0.93538642 6.3625913 0.53434157 9.5
-0.95340627 -3.6865008 0.63577116 11.666667
-0.95169222 4.1396837 0.60945994 11
-0.95894492 6.3212595 0.64059365 9
-0.97282368 -3.7216313 0.74502879 12
-0.9169395 4.1724281 0.73636818 12
-0.90445751 -3.7222989 0.86977911 13
-0.93245286 6.2463055 0.87069601 11
-0.93168622 -3.6913824 0.94247705 15
-0.90479308 -3.6865237 1.2223126 15
-0.99533451 6.3919191 1.3420672 13
-0.99228626 6.3633366 1.4719577 13
-0.93422115 6.2980914 1.5253881 14
-0.92755491 6.2641797 1.641783 15
-0.98164749 6.3236518 1.6167071 13
-0.92663604 6.3013711 1.752453 14
-0.95591676 6.2652898 1.871135 14.5
-0.99473846 6.2850876 1.9474106 15
-0.9661293 -3.7268393 2.0258889 15
-0.95070642 -3.6786613 2.1287582 14
-0.86473012 -3.6531179 0.098824605 9
-0.86016268 -3.7157423 0.14870703 8
-0.87556857 -3.717432 0.32832804 10.5
-0.85110343 -3.6901197 0.34294012 10
-0.86269271 4.1934171 0.35715982 15
-0.88162237 4.2683077 0.30211356 13
-0.87189507 4.3128839 0.38504118 12
-0.8222999 -3.7373145 0.49777707 15
-0.8210746 -3.609663 0.43422276 9
-0.80447507 -3.5969954 0.40171733 15
-0.8963958 4.2956934 0.44644645 12
-0.84053814 4.3948331 0.42723224 12
-0.84899861 4.9703503 0.41970184 13.5
-0.83976203 -3.6607897 0.53216583 9
-0.89993072 4.1961827 0.5144552 10
-0.83567286 4.2435246 0.52876955 10
-0.85669249 4.3040466 0.58742827 15
-0.82917261 4.6217051 0.54996169 15
-0.86222845 5.0924129 0.57429779 14.5
-0.83765328 6.3096232 0.56180841 12
-0.84671754 4.1707611 0.6402064 13
-0.86074537 4.2021136 0.65878814 12
-0.85455799 -3.7049394 0.70339566 12
-0.86033434 -3.7053399 0.91652828 14
-0.82650304 -3.5542438 0.90138894 14
-0.81454164 6.338872 0.97915369 11
-0.81881618 -3.7322321 1.0041763 11
-0.88249135 -3.6881299 1.0612924 14.5
-0.89333135 -3.7200375 1.1267012 12
-0.83280975 6.4052343 1.4711345 13
-0.80015522 -3.6404939 1.5105098 15
-0.88094556 6.278316 1.5319052 13
-0.86017644 6.3152637 1.5483888 13
-0.86670941 6.3389115 1.6831759 14
-0.89844066 -3.7113295 2.0155318 14
-0.87634921 6.3600764 2.0529709 15
-0.81477708 -3.631561 2.2708411 15
-0.7540803 -3.6017358 0.082334138 9.5
-0.7539342 -3.2459037 0.015992012 6
-0.73143339 -3.602751 0.13003886 8
-0.76174635 -3.6589117 0.28897801 11.5
-0.77412993 -3.7105799 0.38404861 11
-0.75863206 -3.6038399 0.34704554 12.5
-0.7785024 4.2645359 0.33675954 9
-0.78778434 4.3293462 0.3916899 15
-0.74759781 -3.6823859 0.47151974 11
-0.7722612 4.240202 0.40202573 9
-0.77346367 6.3451591 0.49192294 8
-0.74893039 -3.6582353 0.56099504 12.5
-0.77942252 4.3412528 0.54218262 15
-0.7822156 4.5359569 0.53479362 15
-0.7931636 -3.713208 0.68683904 13
-0.705145 -3.6705 0.62055665 9
-0.71189064 6.3315344 0.67175359 15
-0.7034052 -3.6634798 0.77433723 13
-0.72482538 -3.6524892 0.89687783 13
-0.71046323 -3.5933406 0.83136302 10
-0.717574 -3.7020702 0.90333652 13.5
-0.76239121 -3.6781278 0.90398705 13
-0.77261055 6.2816834 1.0750021 11
-0.71961445 6.3545671 1.0459306 12
-0.7340312 -3.6856415 1.2576581 12
-0.70333546 6.3467975 1.226337 12
-0.73098916 -3.7053988 1.3233399 15
-0.75769031 -3.6405432 1.3466096 12.5
-0.75444859 6.3372364 1.3478694 13
-0.76564366 -3.7195263 1.5570122 14
-0.73174518 -3.6552925 1.5844606 12
-0.72212505 -3.8186984 1.694041 14
-0.71695203 -3.7052855 1.6454823 14
-0.78882217 6.5636353 1.6262274 14
-0.77173138 -3.6771345 1.7966676 14
-0.74151534 6.3148904 1.7302816 15
-0.7441901 -3.7242446 1.8813266 14
-0.73011792 6.343821 2.2382348 15
-0.64827174 -3.5555744 -0.031042548 8
-0.6815604 -0.19296777 -0.04116641 7
-0.69567037 0.0056609265 -0.063623577 6
-0.64906907 -3.7055314 0.058956295 7
-0.66101682 -3.3856335 0.005626935 6
-0.68328154 -3.7795024 0.19196251 9
-0.65206659 -3.6143811 0.1539678 8.5
-0.63150191 -3.5846508 0.16487235 9
-0.68931204 5.114737 0.13912275 8
-0.62891239 -3.5857644 0.29994187 9
-0.60555267 6.3232665 0.21420251 9
-0.64900845 -3.7034359 0.35278767 13
-0.6514793 -3.6932082 0.34814355 10
-0.62351763 -3.6958542 0.43753394 14
-0.65089762 6.3115287 0.4674949 12
-0.63403982 -3.6674926 0.58191675 13
-0.61638999 4.2151251 0.5492661 11
-0.63283801 4.3830876 0.52852923 15
-0.66587949 6.3701758 0.50104177 11
-0.64037061 -3.761765 0.64684474 9
-0.64595544 -3.6612711 0.6341241 11.5
-0.67406642 4.4555149 0.60725564 14
-0.68131983 4.6104827 0.61328411 15
-0.66559803 6.3181744 0.61857402 10
-0.65773451 -3.6644647 0.70198447 15
-0.63227695 -3.6964521 0.84393424 14
-0.60151505 6.2552457 0.81350285 14
-0.66455013 6.3294101 0.80727595 13
-0.63205421 6.324985 0.99954504 11
-0.61248606 -3.6736465 1.0297122 11
-0.66099417 -3.6928771 1.1361688 11
-0.6182124 6.3381457 1.2255638 13
-0.68734586 -3.6918983 1.3538773 12
-0.64242476 6.3663263 1.4720727 13.5
-0.63833839 6.3342862 1.5298843 14
-0.69880867 -3.6793711 1.6267285 13
-0.62434798 6.315701 1.6808292 14
-0.60489357 -3.6980624 1.7047918 13
-0.65994549 6.2315187 1.7904471 13
-0.68294626 -3.7351539 1.9093039 14.5
-0.6509257 6.3920417 1.9348016 13
-0.69804251 6.3878016 2.0581219 14
-0.66188198 -3.635746 2.1897829 15
-0.64821965 6.3916206 2.2729192 14
-0.57530081 -3.661916 -0.26100177 6
-0.58991134 0.28018618 -0.091007479 5
-0.50411779 -3.6652615 0.26799333 9.5
-0.56082326 -3.7067304 0.35552749 9.333333
-0.56179112 -3.6477363 0.34798566 10.333333
-0.52851909 4.384295 0.39516994 15
-0.53204 4.8103585 0.38722232 15
-0.56358027 6.3762431 0.34910396 8
-0.5587436 -3.7265065 0.45169622 10
-0.58469921 6.2500176 0.47425103 15
-0.54873884 -3.6841002 0.55688101 11.5
-0.59568352 4.2665839 0.51226664 10
-0.58384585 4.4677019 0.53883052 14
-0.5412991 6.2701058 0.58980906 12.25
-0.50961858 -3.802274 0.66078573 10
-0.55228943 -3.6343873 0.62282038 11.5
-0.59336078 -3.5387759 0.62513137 9
-0.54442841 6.2720323 0.62261075 11.666667
-0.56261957 6.3979464 0.63795078 9
-0.55686283 -3.6484368 0.71470171 12
-0.52444434 6.2702112 0.72430891 12.5
-0.54475695 6.3300223 0.7503376 10
-0.50746846 -3.6554415 0.87921655 10
-0.57046741 6.2262611 0.84346026 10
-0.52812129 -3.715498 0.94982445 14
-0.57113487 -3.6841614 0.96864063 13
-0.53077108 6.2224398 0.95367616 10
-0.54912883 6.3079028 0.92286438 10
-0.52499956 -3.693049 1.0496086 15
-0.52717459 6.2922196 1.1570406 12
-0.53096372 6.3283744 1.1454468 12
-0.55958515 6.2392774 1.2593043 13.666667
-0.58912665 6.2846284 1.3033186 12
-0.52972376 6.3043184 1.3571588 13
-0.54569381 6.3000994 1.4759432 13
-0.52674448 -3.7371187 1.5180843 13
-0.57045615 6.2975001 1.5241995 14
-0.52679735 -3.6833107 1.6422409 13
-0.57746303 6.3135958 1.6250021 14
-0.53241104 6.3286982 1.759307 14.666667
-0.56727576 6.3457737 1.8218724 14.5
-0.54287088 -3.7024541 1.9667906 15
-0.53800941 6.3422713 1.9756054 15
-0.5450778 6.3531899 2.0868413 14
-0.5080356 -3.741194 2.1228299 14
-0.52936119 -3.6891005 2.2782645 15
-0.55735564 6.3171129 2.2550828 13
-0.47135448 -3.7106626 0.039622225 7
-0.46517679 -3.7034786 0.15202591 8
-0.45880839 -3.6982057 0.29318172 9
-0.45387694 -3.5971255 0.24127387 11
-0.48000857 -3.7101355 0.32910416 8
-0.43232986 -3.6445138 0.3439438 8
-0.46634716 4.2897739 0.3987399 15
-0.42523816 -3.6154063 0.4746995 13.5
-0.46244675 4.3280435 0.49852118 15
-0.4969441 6.3404016 0.4807266 9
-0.46080196 -3.684736 0.59413821 12
-0.43948805 4.2369142 0.54042548 13.666667
-0.40139386 4.3001366 0.59707886 13
-0.44958359 4.4519548 0.59298009 13
-0.48005515 6.2541895 0.57775027 9
-0.47725511 6.3372645 0.53133136 8
-0.49295697 4.2580113 0.61711526 11
-0.41567105 6.2461138 0.67655694 10
-0.45060781 -3.7023044 0.74393594 13.5
-0.42723954 -3.6733899 0.76468843 13
-0.4582676 1.9410322 0.73616815 13
-0.4748241 6.2777905 0.74413633 12.5
-0.44050419 6.3144999 0.71241248 12
-0.41286772 -3.7711039 0.85546148 10
-0.46056035 -3.6669338 0.83449161 13
-0.46481195 6.2646022 0.8578161 11
-0.48904747 6.3472862 0.80615753 14
-0.40073746 -3.6727214 0.98953283 15
-0.4677662 6.2962379 0.92863512 11
-0.48765007 -3.7061386 1.0922351 15
-0.43470359 6.339232 1.0439388 12
-0.49004501 -3.70205 1.1159717 15
-0.4772878 -3.6796381 1.108103 12
-0.41117588 6.3234773 1.18558 12
-0.42888924 -3.5709488 1.2454764 15
-0.40873617 6.305788 1.2190965 13
-0.46163502 -3.6524379 1.3763299 11
-0.43721527 6.2234201 1.3895807 12
-0.44712064 6.3284497 1.3589402 13.333333
-0.4761982 -3.7153382 1.4354526 11
-0.44112647 -3.6691763 1.4394113 13
-0.46069846 6.2949305 1.4986274 14
-0.44557577 6.3371506 1.4346491 13.25
-0.40218449 6.3596535 1.5479516 12
-0.46820793 6.2821851 1.6757605 14
-0.42704359 6.3405757 1.6395271 14.25
-0.48096645 -3.6877139 1.7152293 14
-0.49191132 6.2851291 1.7239599 15
-0.43897703 6.3418627 1.7628229 14
-0.48691285 -3.6862245 1.8932633 14
-0.45791668 6.2822247 1.8331139 15
-0.46710131 6.3140321 1.8391408 15
-0.44436994 6.3419695 1.9721799 15
-0.47183624 -3.6867969 2.4552112 15
-0.37370524 -3.6552169 -0.10810123 6
-0.37325233 -3.7169499 -0.040196408 7
-0.38471818 -3.7334828 0.0036424042 7
-0.32687312 -3.5460696 0.040249985 9
-0.33215511 -3.6852868 0.12658691 8.5
-0.31744131 -3.5446711 0.1641673 11.5
-0.31225452 -3.6576002 0.27777678 12
-0.33091208 4.4042544 0.24304959 9
-0.36953345 6.0160451 0.25289819 9
-0.30977678 -3.6410096 0.39771545 14
-0.33771855 -3.6508603 0.45317742 11.2
-0.36872423 1.9127818 0.45665252 11
-0.33456641 4.23702 0.45034903 12.75
-0.33190343 4.332294 0.41562748 14
-0.34882608 6.3695688 0.47588059 9
-0.3353717 -3.6902528 0.54529995 12.5
-0.30948818 4.2923341 0.58919662 10
-0.37136075 6.2637916 0.51642573 11
-0.36913347 6.3127394 0.53681701 9
-0.35991344 -3.6659019 0.60304713 9
-0.3075372 4.2235146 0.61851358 10
-0.31304538 4.6476774 0.62185168 13
-0.36142597 6.2724752 0.64407587 11
-0.3863703 6.3080635 0.63017088 10.5
-0.35946155 6.2880459 0.71058935 12
-0.36965221 6.3544903 0.76373917 9.5
-0.39118534 6.2601824 0.81794608 13.5
-0.33455893 6.3515353 0.86897415 10.5
-0.34230167 -3.5917051 0.93924856 15
-0.36901283 6.2611318 0.90964949 11
-0.33692986 6.3389812 0.95861691 11
-0.34916282 6.4509978 0.9039883 10
-0.35950047 6.2906518 1.0419896 13
-0.34288615 6.3514032 1.0487199 11.166667
-0.36354569 -3.7194772 1.1006216 12
-0.35818514 6.2508073 1.1512831 14
-0.39772493 6.327867 1.1210386 12
-0.35996649 -3.7033331 1.2409496 12
-0.36415124 -3.6864831 1.2507067 14
-0.31144461 -3.5499823 1.2886568 14
-0.3417868 6.3587708 1.2410647 12.5
-0.32536528 -3.7088454 1.321221 13
-0.35289389 6.3237886 1.3211759 13
-0.33353218 6.3733072 1.4542269 14
-0.3500005 6.3292856 1.5694938 13.8
-0.35861376 6.1761651 1.6349026 13
-0.34880856 6.2881665 1.6308593 15
-0.37826997 6.3437757 1.668677 14
-0.31149328 6.2797737 1.709239 15
-0.38234857 6.3161058 1.738959 14.5
-0.3553766 -3.7465706 1.8888592 14
-0.38591126 6.3108878 1.8091788 15
-0.38670176 -3.6164758 1.9312998 15
-0.31489953 6.3933773 1.91238 14
-0.31114426 -3.8275208 2.001374 15
-0.35640404 -3.7079003 2.313297 15
-0.23510294 1.3830438 -0.051900662 6
-0.26052004 -3.6608181 0.053630847 7
-0.27828673 -3.6919301 0.12224868 7
-0.28513661 5.8444366 0.12279135 8
-0.24831989 -3.8669465 0.28917009 11
-0.20639491 -3.7094378 0.26434278 9
-0.22526582 -3.6585469 0.26973957 9.833333
-0.29440573 4.2610621 0.2822127 9
-0.25335681 4.8476329 0.27816105 9.5
-0.24159326 -3.6375353 0.34386954 9.8000002
-0.20811132 -3.59179 0.32211843 10.75
-0.23975398 4.2610993 0.37499079 9.666667
-0.23230048 4.3362541 0.37149236 15
-0.27892569 5.0549293 0.37083128 10
-0.24982999 5.1555877 0.34398523 9
-0.21115975 6.0308299 0.3434872 9.5
-0.21730475 6.375638 0.39350045 8
-0.25389251 6.4326267 0.37155902 9
-0.26255628 -3.6503305 0.43482843 12
-0.27382427 4.1898551 0.4969711 14
-0.28959239 4.259778 0.40991297 15
-0.29450902 6.2096019 0.42298433 9
-0.22269695 6.3809648 0.46341661 13
-0.29633957 4.6181278 0.59200311 13
-0.23310168 4.7959619 0.59401721 13
-0.25805333 -3.7117555 0.60672241 10.5
-0.24556051 4.1484809 0.65978587 12
-0.25065306 4.236867 0.63844311 10
-0.2670666 6.2785311 0.62396389 10
-0.26217917 6.3551383 0.63882399 10.75
-0.26789635 6.4021397 0.68140543 9
-0.26076514 -3.6689744 0.72926819 11
-0.23136264 6.3586421 0.75886893 13
-0.23181364 -3.6708233 0.87370843 12.5
-0.26901677 2.0166259 0.82786781 14
-0.21780452 -3.6956723 0.9638716 11
-0.28705993 6.3708901 0.97700495 12
-0.27083081 6.3081613 1.0272553 12
-0.25043821 -3.7361765 1.1289669 12
-0.28817043 6.2858996 1.1469761 12
-0.25674966 6.3384871 1.1795276 12
-0.23550522 6.4231467 1.1631689 12
-0.27466634 -3.658885 1.2786767 12
-0.26650405 6.3362989 1.2443275 12.416667
-0.28670654 -3.6953571 1.3235835 13
-0.22305003 6.2840185 1.374254 13
-0.25407052 6.3344178 1.3473028 12.5
-0.22785299 6.4213858 1.3856605 12
-0.22272588 -3.7016678 1.4529666 13
-0.25700217 6.3382697 1.4621103 13.25
-0.2785334 6.4214573 1.4013212 12
-0.26786074 6.2887363 1.5113516 14
-0.22272301 -3.6647036 1.6137036 15
-0.29822317 6.3139358 1.6752002 15
-0.24298011 6.4241667 2.2368772 15
-0.24169943 0.68589598 3.0319543 13
-0.2619901 0.98536861 3.2483902 14
-0.26465198 -0.4679704 3.3875849 14
-0.22786784 -0.53061306 3.4155409 14
-0.100181 -3.5975318 0.057491172 8
-0.13047081 -3.6759505 0.13471898 7.5
-0.14079368 4.7047243 0.17460941 9
-0.15699907 -3.6402664 0.28560734 12
-0.14190826 5.9912333 0.22850893 9
-0.16102868 6.0258064 0.25956255 8
-0.13219947 -3.6591623 0.36270633 10
-0.14496009 4.26331 0.392979 10.25
-0.10268796 4.6217971 0.36385763 10
-0.12175564 5.9809208 0.34862322 9
-0.10787681 6.0109324 0.38532189 9
-0.12857436 -3.7038989 0.44141984 10
-0.17352812 -3.664119 0.47920075 12.5
-0.16186075 4.2584405 0.41177842 12.5
-0.1557855 5.9942346 0.4043763 11
-0.10358351 6.0141892 0.40133351 10.75
-0.13030496 6.2705741 0.46809953 10
-0.15699051 6.3422079 0.43541875 15
-0.17963296 -3.6781693 0.53996545 15
-0.16555238 4.2437568 0.56019425 13.25
-0.19777207 4.3818688 0.57363695 15
-0.15855525 6.3717608 0.523386 11.5
-0.16368309 6.4132671 0.56392521 9.5
-0.16806781 -3.7151434 0.62360448 9
-0.12885287 -3.6862962 0.64935249 8.5
-0.19084074 6.3654976 0.6445238 13
-0.15389743 6.4280558 0.66030055 11.166667
-0.16874751 -3.6958246 0.77171475 14
-0.15946883 6.3581629 0.76095772 11.333333
-0.16285634 6.4287677 0.72254497 10
-0.18954311 -3.6622655 0.84618598 13
-0.13720316 6.4111652 0.85286903 10
-0.1183873 6.3601689 0.9597553 14.5
-0.11404579 -3.7124128 1.0265864 14
-0.11663742 -3.6672406 1.0398911 13
-0.1796066 6.3585119 1.0172296 11
-0.11079666 6.4355788 1.0082383 10
-0.19941428 -3.7849069 1.1849391 12
-0.14071016 6.3793254 1.1168773 12
-0.13740805 6.3914003 1.2801446 12
-0.14466216 6.4217415 1.2697084 13
-0.15638888 6.3992829 1.3464731 13
-0.10556269 -3.6797619 1.4364365 13
-0.15270697 -3.727663 1.5206194 14
-0.10720765 -3.6478851 1.521384 15
-0.11655333 6.336195 1.6355238 14
-0.10368498 -3.8133171 1.7619312 14
-0.17121512 -3.7439117 1.7512692 14
-0.13983595 -3.6919744 1.71263 13
-0.13219157 6.385695 1.7245647 13
-0.14838512 6.4027367 1.7589072 15
-0.18311284 -3.7423549 1.8895169 15
-0.1481746 6.3419528 1.8939044 15
-0.1511493 6.0590792 2.1815505 15
-0.18353206 0.29095367 3.0956175 14
-0.069544137 -3.6853859 0.043481238 8
-0.011213278 -3.6371548 0.16174391 9
-0.027509939 -3.5765936 0.18865964 11
-0.09786547 5.992794 0.27584323 9
-0.062532619 6.0070329 0.23771009 13
-0.0123114 -3.6762772 0.38283375 11.5
-0.097872697 -3.5646276 0.3303898 10
-0.093156748 4.2748218 0.39682686 10
-0.08149685 4.3609471 0.37215877 14
-0.05783844 6.0234175 0.36926302 9.5
-0.087726101 6.1407495 0.34751102 8
-0.043789301 6.2923822 0.31739831 9
-0.033521887 6.3664947 0.35709956 10
-0.034587234 -3.658082 0.45688966 11.285714
-0.082322247 4.26267 0.45748544 10
-0.080907382 4.3157611 0.47810724 11
-0.0049902564 6.3345451 0.47650403 11
-0.065070778 6.4021268 0.46913302 10
-0.094539158 -3.6494961 0.5324797 12.5
-0.09689723 6.3656397 0.52545756 9
-0.070281878 -3.6394792 0.63809609 15
-0.044676986 1.7249318 0.60464638 12.5
-0.065806732 4.2155285 0.61559927 12
-0.047166687 -3.6588075 0.73475939 11.333333
-0.05213679 -3.7002356 0.81584471 11
-0.044253342 -3.6714828 0.84920508 12
-0.022251297 -3.5973709 0.84495556 8
-0.029361783 1.9918448 0.85191834 15
-0.047469206 6.3276262 0.94774479 13
-0.029750345 6.3778853 1.0771105 11
-0.012915505 -3.6801429 1.2674118 11.5
-0.042310722 -3.6945584 1.3546779 13
-0.042818945 6.3344727 1.3771982 13
-0.061302897 -3.7098527 1.4357657 15
-0.058866967 6.3611922 1.4278899 12
-0.065893434 6.5255704 1.4544172 14
-0.063459136 -3.7179971 1.512305 13
-0.048593603 -3.6665719 1.6334258 14
-0.0191583 6.2923746 1.7718328 14
-0.085066602 6.279283 1.9191914 14
-0.053080045 6.3570623 1.9486541 15
-0.039742421 6.3251987 2.0300739 15
-0.072230652 6.1550832 2.2117956 15
-0.038877673 -1.0066013 3.0151384 15
0.0069010556 -3.8457432 0.02243601 7
0.086885832 -3.4034801 0.075017981 9
0.050656371 4.3777666 0.051011831 7
0.030529 -3.7092948 0.10646296 7
0.085869968 -3.657707 0.13600069 7.5
0.048232645 5.9840779 0.13424119 8
0.058232494 -3.6932244 0.21856371 9
0.039371014 -3.6832366 0.35832414 10.333333
0.07659515 1.7276278 0.38940415 11
0.055482715 6.4067569 0.33826953 15
0.059208486 -3.6061003 0.47013852 13
0.011560028 -3.5880752 0.40039474 14
0.0086838128 6.3255682 0.44036555 8.5
0.044871647 6.4006 0.43490636 10.5
0.082591571 -3.6433606 0.52532542 13
0.061578535 4.2839665 0.58959359 9
0.073612936 4.3500304 0.5316745 11
0.087525062 4.9134812 0.59019965 15
0.016083123 6.3468018 0.53705019 10.75
0.012505326 -3.6699479 0.69337058 9
0.015719298 4.3482447 0.62616855 13
0.047204636 6.352138 0.67035985 12
0.054158263 -3.6561201 0.73930585 13
0.035016146 6.3136578 0.74380291 15
0.096859761 6.4548903 0.71503133 12
0.077703893 -3.7121191 0.85249883 11
0.053774618 -3.6545067 0.88164222 13
0.046345707 1.7643648 0.81267399 14
0.073964231 6.3376064 0.81420928 11
0.044169638 -3.6455884 1.049152 13
0.096843787 6.3928914 1.0294554 14
0.043735996 6.4366808 1.156235 11
0.043970399 -3.6409047 1.2404104 14
0.067617312 6.2482524 1.2442937 12
0.066812895 6.3679595 1.3325248 14
0.068799607 6.4035635 1.3548992 13
0.033047911 6.3439569 1.4401959 14
0.051585287 6.3800464 1.5494592 14
0.0077296728 6.4052186 1.5099854 13
0.052555449 6.3985729 1.6295334 13
0.021345008 6.3746514 1.7155821 15
0.039691612 -3.7177458 1.8993883 14
0.041147266 -3.7144501 2.0423999 15
0.043817189 6.3627377 2.0014844 14
0.1249126 -3.6794522 0.19030471 9
0.17566144 6.1638989 0.2660099 9
0.15362769 -3.7361965 0.31175348 9
0.15481699 -3.6639676 0.3436949 10
0.1700784 4.5409923 0.35976151 14.5
0.1672897 -3.8573341 0.45043385 11
0.14780059 -3.6740189 0.45848295 10
0.18153982 4.1992683 0.41775584 9
0.13673367 6.3954644 0.4790538 11
0.18484007 -3.7781234 0.54498178 11
0.18974808 4.2305551 0.52176952 13
0.13038279 4.9878087 0.52416062 12
0.10427421 5.0217328 0.58669287 13
0.10642432 6.4727716 0.55161238 11
0.12185586 -3.6929467 0.62311411 12
0.14440599 4.3155546 0.60740495 12.5
0.10758615 6.391098 0.62692446 12
0.11863501 -3.6676922 0.75547111 10
0.10263862 -3.5803986 0.79991305 13
0.15907714 6.3623457 0.7231065 13.25
0.12247069 -3.6561828 0.84126925 11
0.10228071 6.3035374 0.91437256 11
0.15857153 -3.673347 1.0005505 12
0.15923013 -3.6766903 1.1583319 14
0.19874209 6.3753967 1.1876689 11
0.15704857 -3.6842067 1.358373 13.75
0.19814728 6.3370395 1.3172315 13
0.15936927 6.3712378 1.4206167 13.5
0.11201029 -3.6956975 1.5380617 14
0.1206113 6.3947005 1.5325804 15
0.13810022 6.2714682 1.7664804 15
0.14228384 6.3450637 2.0350397 15
0.10198453 -3.7382517 2.1359198 15
0.17405759 6.3665481 2.162051 15
0.16464889 6.1218925 2.2437098 15
0.17827743 -3.5810745 2.3757758 15
0.24812035 0.76084292 -0.032763407 6
0.26075155 -3.6477106 0.12671337 8
0.25950524 -3.5556293 0.1549806 10.5
0.24434499 -3.8619914 0.25500342 9.5
0.21293849 -3.5764234 0.22424568 11
0.29418975 4.3015251 0.29990545 9
0.25397781 6.0773935 0.20188124 8
0.25355473 -3.5698659 0.33071053 13
0.26137736 -3.4705772 0.34096438 11
0.27633119 4.2965488 0.31569874 14.5
0.20233738 -3.727864 0.44493544 8
0.28277439 4.6489091 0.40278322 15
0.24140298 6.3535504 0.44601095 12
0.29179013 6.4019146 0.45603454 9
0.21858642 6.3794107 0.5423404 12
0.22915454 -3.71716 0.66288781 12
0.23428901 -3.6635239 0.66328496 12.5
0.25984135 -3.5945687 0.60800755 12.5
0.2886737 6.3820987 0.63783407 13
0.23559533 -3.8550782 0.75431091 13
0.24154463 -3.6448321 0.70041847 15
0.2941756 6.3797283 0.73184443 15
0.27771318 6.4191918 0.77318132 14
0.2246733 -3.8306911 0.88343275 12.5
0.26157334 -3.6493022 0.87027752 14
0.21780962 -3.6924651 0.94036996 10
0.26644582 6.3635054 1.1704197 12
0.29072946 -3.7166016 1.2988251 12
0.29383466 -3.6821098 1.246538 12
0.20777671 6.3430672 1.2680696 13
0.25029796 6.3501315 1.6626889 14
0.20715657 -3.7211747 1.8677726 15
0.24971949 6.3651834 1.8067942 13
0.22796048 -3.8138289 1.9636657 15
0.34314007 -3.5960562 -0.038883884 7
0.32444072 -3.6749103 0.090479605 8
0.39750734 -3.6922052 0.19471231 10
0.35675928 -3.544436 0.15823804 8
0.36691552 -3.4389062 0.1347784 10
0.38684034 -3.8063519 0.23730636 10
0.388679 -3.5752118 0.24286474 10.25
0.33549199 4.308145 0.28961176 10
0.33646166 6.1317048 0.26717865 9
0.32733855 -3.619889 0.36188996 12.5
0.32242516 4.467762 0.38692781 15
0.34903529 6.2283635 0.38311535 10
0.37488073 6.3677754 0.39511666 10.5
0.33750492 -3.6304228 0.42147377 12.666667
0.37144357 6.3160524 0.42087677 10
0.32789063 6.4555478 0.44405428 10.5
0.32538953 -3.6429796 0.57582778 13
0.30538473 4.3325386 0.55907422 15
0.36941859 6.3928461 0.56957626 11
0.31387398 6.4220653 0.56364447 11
0.37475431 -3.6639459 0.62787122 9
0.38855162 4.3075523 0.61372489 13
0.35880077 6.3504782 0.62381881 12
0.30380848 6.4375648 0.6087153 12
0.39519909 -3.6908607 0.79020387 11
0.31044886 6.4160185 0.79199326 14
0.3155995 -3.7556074 0.87869304 15
0.32299441 -3.6345942 0.84718204 13
0.33556986 -3.6615467 0.95699704 12
0.31526947 -3.6299958 1.0775656 13
0.37576216 -3.6760714 1.3066262 12
0.37514481 -3.8035362 1.4705594 13
0.37232593 -3.6747994 1.418412 14.5
0.37381202 6.317574 1.5764949 14
0.37504172 6.3528719 1.6719911 15
0.33363014 6.3641944 1.7578361 15
0.38051528 6.4014516 1.7599441 11
0.36464718 -3.6249182 1.874547 15
0.38977683 6.3347116 1.8441789 15
0.30608398 -3.6793282 1.9358964 14.5
0.33167738 -3.7671936 2.0175469 15
0.34738696 6.3729634 2.1788731 14
0.33661211 6.3201375 2.3217425 14
0.42982337 0.96190387 -0.036861461 6
0.41638374 -3.5783989 0.037470985 8
0.40748248 -1.2310346 0.028327132 7
0.42337161 -3.5530097 0.14370558 10
0.49084505 6.015449 0.19675967 9
0.42656246 -3.7108893 0.29707772 12
0.46015435 -3.6015737 0.23019388 12
0.48302135 -3.5882096 0.20986827 8
0.45798159 6.1213346 0.21429661 15
0.41365305 6.2062049 0.24530487 9
0.44437823 6.4288545 0.29822308 9
0.45416105 -3.6602111 0.36000726 10.5
0.45046613 4.4143085 0.37534201 12
0.45975721 4.5620794 0.34549111 11
0.43572325 -3.5751071 0.41745064 12.333333
0.42348313 6.337357 0.47109625 12
0.45527163 6.4012423 0.41917923 11.5
0.47139013 -3.6776202 0.53153992 9
0.44009572 4.249393 0.58109856 11
0.44718555 6.3446016 0.59253699 12
0.42519107 6.4454746 0.56975025 11.5
0.47945389 4.2684255 0.65178585 15
0.40566185 6.3448305 0.68754303 12
0.41747567 6.4246168 0.68919438 12.75
0.44436336 -3.6734679 0.83074605 14
0.44448543 6.324192 0.80798954 13.5
0.44266471 6.3385692 0.95989645 14.75
0.42618281 -3.664856 1.0250938 12.5
0.46322647 -3.6544931 1.1385921 12
0.49862948 -3.6648471 1.2714419 12
0.46650314 -3.6871667 1.4407392 14
0.4849405 -3.623349 1.5487235 15
0.44014603 -3.6589394 1.7564075 14
0.41632378 5.4452662 1.7049193 14.5
0.44760662 -3.6686699 1.8511454 14
0.43932503 -3.6592004 2.0308371 13
0.58619952 -3.7178771 -0.18517971 7
0.54033786 4.1753883 -0.045598429 7
0.58442491 4.3549976 -0.0055371108 7
0.53674364 -3.7270465 0.077987202 8
0.59380817 -3.5742612 0.02345611 7
0.59238893 -3.6511724 0.15975499 9
0.55457902 -3.6218524 0.34774548 11.5
0.57388318 -3.598371 0.35546774 9
0.53004771 -3.7946312 0.47844231 11.5
0.53977257 -3.6616983 0.44348404 12
0.56621534 4.8959384 0.42267406 15
0.59859413 6.3784947 0.41086391 11
0.59626698 -3.6575446 0.53876823 10
0.59304392 4.3347135 0.55226761 11
0.58059621 4.9502764 0.55010957 13.5
0.50048929 6.4074769 0.50704825 12
0.55700529 -3.632623 0.62059069 15
0.56724209 6.420095 0.61957043 13
0.52197665 -3.5876696 0.80375957 13
0.59629357 -3.5709109 1.0651 14
0.59939528 6.3739963 1.0857613 11
0.50685501 -3.6253014 1.1536375 14
0.54102355 -3.6952996 1.2663058 12.5
0.50635141 -3.7767282 1.307303 13
0.51113874 -3.6595333 1.3983124 15
0.56945419 6.3507061 1.6499306 14
0.52290231 6.4176126 1.7595689 15
0.5037148 5.2921529 2.2668204 15
0.62881559 -3.0072351 -0.013134985 7
0.66851759 -3.5338988 0.047632575 8
0.66572076 -3.8126109 0.1536607 9
0.65386719 -3.5750277 0.15721247 9.25
0.61944944 -1.6725104 0.23232523 13
0.62562591 6.4389205 0.26621833 9
0.6278522 -3.8091545 0.34470788 10
0.62722468 -3.6338758 0.36347485 11.5
0.68856686 -3.5666389 0.3303152 14
0.64719921 -1.6363513 0.30573308 14.5
0.63390934 4.9089589 0.3681857 13
0.64084429 6.3365903 0.36377683 10
0.62592697 -3.6547253 0.43976313 8
0.66753006 6.3883915 0.43834269 12.5
0.67807037 6.4527507 0.40262496 11
0.61595803 -3.659061 0.59579802 9
0.66508585 4.2729244 0.56735688 11
0.6357888 4.8251843 0.51807845 13
0.62696666 6.3946452 0.53312451 14
0.62004578 -3.6348696 0.6270712 11
0.60566843 6.3440742 0.66410774 13.5
0.69873422 6.4357462 0.66877878 13
0.60699129 6.3757129 0.7175768 13
0.61278659 -3.6563854 0.85974127 12
0.63897842 -3.6491833 1.0196011 13
0.6913175 -3.5985696 1.0261256 14
0.62955254 6.2004685 1.0265274 12
0.64695126 -3.6423032 1.1585252 13.25
0.6827805 -3.6676011 1.253057 14
0.66158509 -3.6467855 1.343538 14
0.62047613 -3.4999537 1.4302642 14
0.6983614 5.6086731 1.4382125 13
0.60233003 6.343163 1.4002829 14
0.63639021 -3.6110909 1.7153914 14
0.68288291 6.3464589 1.7275665 14
0.62288982 -3.7102206 1.8541371 14
0.67345035 -3.6859455 1.8870311 15
0.63611203 -3.5826807 2.0922863 14
0.71758884 -3.6104825 0.068385407 7
0.78203338 -3.6576154 0.19374368 9
0.78146362 -3.5363967 0.1867757 11
0.73956448 -3.6488838 0.24892543 9.333333
0.7453984 -3.6238477 0.34970179 12
0.70808411 -3.5528781 0.34761027 11.5
0.77439344 6.4286542 0.33832896 10
0.74149942 -3.6392365 0.45594367 14
0.74294442 -3.7364902 0.51045924 11
0.78552157 -3.608896 0.51122075 15
0.76798731 4.3395591 0.58409637 9
0.79493093 4.4652386 0.52030915 10
0.79583579 4.7232404 0.50652045 9
0.75867808 4.3506165 0.63108492 12.5
0.75006992 -3.659384 0.74508792 11.5
0.78880703 6.3332844 0.78148335 14
0.76844853 -3.6445036 0.87229019 13
0.78711402 -3.7680986 1.067114 11
0.78702879 6.3477626 1.0592393 12
0.71581048 -3.5874929 1.2143362 12
0.76753336 6.3426051 1.2309861 13
0.75365978 6.3849049 1.3983102 13
0.74467725 6.3639488 1.49255 13
0.72429168 6.1912522 1.5229833 14
0.76391268 6.3686171 1.6362485 14
0.87193942 -3.5303736 -0.0039045739 8
0.83534151 -3.6723833 0.049675703 7.5
0.80287373 -3.4415998 0.086054519 9
0.89676362 -1.2177358 0.046424072 7
0.84976101 -3.5441997 0.1577035 10.333333
0.8912062 -3.711585 0.28628236 9
0.81497067 -3.6617885 0.29470697 9
0.86105114 -3.5831804 0.22618023 12
0.80900836 6.3445787 0.26942089 9
0.84079713 6.4446654 0.2849426 9
0.8589204 -3.6119313 0.33931431 13.5
0.86888564 6.3643479 0.33678177 10
0.83769077 -3.6400466 0.42676583 12.5
0.82160598 5.785099 0.41179273 12
0.81841111 5.8903842 0.483944 13
0.86528289 6.3815265 0.44646937 11
0.82973009 -3.6190455 0.53703147 13.5
0.84989762 4.2757416 0.56394905 11
0.82388157 4.3169432 0.57431388 11.5
0.82831711 5.9603906 0.50233775 11
0.85419214 -3.7051432 0.67204839 12
0.86845392 -3.6530843 0.62434918 9
0.84865105 4.3955917 0.64636165 13
0.82141769 4.5505857 0.62705988 11
0.82492149 4.6504259 0.63402313 12
0.88331121 -3.5744402 0.78701681 13
0.85604507 6.3156366 0.8529911 10
0.84115452 5.6292295 0.96391845 11
0.81402475 -3.5899651 1.0171019 15
0.84492403 -3.6550682 1.202299 13
0.80722308 6.3681765 1.2776356 12
0.83614868 6.3783464 1.5208387 14
0.80254263 6.445416 1.5191712 13
0.87720597 6.4196777 1.6121807 14
0.85411859 -3.707907 1.7572019 13
0.88463444 6.3519592 1.9470896 15
0.91391772 -3.6179225 -0.13525359 6
0.99841791 -3.5079534 -0.063303329 7
0.97070068 -3.6653545 0.054428447 8
0.93442994 -3.3671579 0.073173106 9
0.93443775 -3.6253204 0.19551884 8
0.93696082 -3.5946462 0.16301532 8
0.97432888 -3.4646699 0.19167471 8.5
0.99020022 -3.3785081 0.19147259 11
0.99732232 -1.1667761 0.15778546 9
0.95338291 5.8058448 0.16939902 8
0.97320247 -3.6769478 0.25234282 11
0.98271888 -3.5438077 0.23540652 11
0.93600005 -1.9709681 0.23719282 12
0.91864979 -1.7242949 0.26342914 13
0.97867167 -1.4891778 0.28985339 14
0.95091784 -1.200745 0.27176407 11
0.99330682 6.4099803 0.24813013 9
0.99307448 6.5096188 0.25016397 9
0.9384141 -3.617537 0.35439587 11
0.9022795 -3.5727077 0.38193613 13.5
0.9721362 5.7415237 0.36628303 10.833333
0.96169972 5.8189054 0.36039323 10.5
0.93047947 -3.6238263 0.41539624 13
0.99940056 -3.5614135 0.41020605 9
0.95825851 5.7619276 0.45820943 10.25
0.90244997 6.3312073 0.43311203 14.5
0.92648923 -3.6346126 0.53439534 10
0.96810079 5.6872506 0.55352366 12.666667
0.97998512 5.7295938 0.54028118 11.7
0.961209 6.0544858 0.5890491 11
0.92367321 6.3622808 0.54205006 12
0.99847156 -3.5582459 0.67460364 10
0.98375565 5.7399173 0.62795216 10.875
0.95727611 5.8136563 0.65295488 10.333333
0.95860493 5.9952173 0.62536949 11
0.94971579 6.3972521 0.66844451 13
0.98814285 -3.5729439 0.79217637 11
0.98508012 5.7324982 0.75945657 11.055555
0.94396591 6.3747959 0.71321243 13
0.90386832 -3.6625969 0.82292545 14
0.97046113 5.7500291 0.85313022 11
0.92443764 -3.6660087 0.95979822 12.5
0.96422303 5.7410541 0.95374471 11.875
0.97884673 5.8292961 0.92137372 11
0.95255864 6.3532705 0.97335416 11
0.93275326 -3.6894875 1.0194892 12
0.98282689 5.7515044 1.0576656 12.2
0.97035486 5.8055425 1.040066 11.5
0.94277692 -3.6833866 1.1797493 13
0.98369467 5.7487884 1.1505404 13
0.92586666 -3.6659694 1.2868775 15
0.95417762 5.6769719 1.2504244 13
0.9828735 5.7380042 1.2640474 13.166667
0.98817253 6.3251748 1.2369674 12
0.97288209 -3.6784532 1.3826227 15
0.99372989 5.7588015 1.3024772 13
0.96406412 6.3238277 1.3507197 14
0.90863514 5.6688089 1.4533898 13.5
0.98041183 5.7394843 1.419084 14
0.95204592 5.8182945 1.463275 13
0.91822803 6.339355 1.4576861 13
0.98829877 5.7409472 1.5293885 15
0.90506238 -3.6516728 1.6625816 14
0.98682725 5.7205796 1.6149942 14.5
0.94899619 5.8482342 1.7438252 14
0.94228709 6.3278632 1.7237087 14
0.9092676 5.6969261 1.8521498 15
0.98507482 5.7824869 1.835035 15
0.97622126 -3.7051938 1.9804807 15
1.0049348 -3.5310321 0.090036243 8
1.0489781 -1.3466623 0.044725414 8
1.0460299 -1.2765111 0.090651661 7
1.0656687 -3.556721 0.18857989 8.5
1.040614 -3.4615862 0.11517304 7.5
1.0799773 -1.2991325 0.19162409 8
1.0052693 5.7630434 0.19337445 9
1.0691242 -3.6568632 0.23544686 9
1.0048177 -3.5748 0.20563973 11
1.0420957 -1.3236741 0.27814317 9.833333
1.0434879 -1.2143596 0.27590883 10.25
1.0250621 -1.1435735 0.26982048 11.666667
1.0777286 -1.0676435 0.27128959 12.5
1.0734564 5.7330556 0.2579059 8
1.0465343 5.8007865 0.20321082 9
1.0461308 -3.6533825 0.34079906 10
1.0416095 -3.5436285 0.36588171 12
1.0163431 -1.2932649 0.30708683 15
1.0839698 -1.1435527 0.31682256 12
1.0456667 5.6890054 0.34822595 10.333333
1.0324683 5.7409625 0.35753673 9.6875
1.0081741 6.4928532 0.31265679 11
1.0884773 -3.605422 0.42647067 10
1.0468997 -3.5725303 0.4667111 14
1.0438401 5.6944885 0.40966016 13
1.0488009 5.7368002 0.4357307 9.545455
1.0463417 -3.6402938 0.54527724 11.8
1.026119 5.6925082 0.5559864 11.75
1.0399193 5.7298703 0.54420233 10.666667
1.0494739 -3.6455724 0.6147778 10
1.0678864 -3.5949912 0.60081422 10
1.0329435 5.6811128 0.6278134 12.666667
1.0419466 5.7187181 0.65491271 11.055555
1.0447978 -3.731437 0.75584394 10
1.0383965 -3.6446579 0.7655257 11.5
1.034942 5.6893229 0.75956219 11
1.0607083 5.7333789 0.75310123 10.75
1.0659183 -3.6531129 0.84534431 12.333333
1.0335698 5.7276487 0.86152583 11.3
1.07248 5.8080969 0.8546108 10
1.0342256 -3.6522405 0.94863331 12
1.0573508 5.6938796 0.94916826 11.5
1.0391233 5.7263074 0.93769097 11.875
1.0690666 -3.6674385 1.0621604 14
1.0961597 -3.5849192 1.0077751 13
1.0305878 5.6910095 1.06866 12
1.0536557 5.7192025 1.0579368 12.3
1.0667799 -3.7618966 1.1820446 12
1.0662115 -3.6658139 1.1162096 12.5
1.0469623 5.6804414 1.1484241 13.5
1.0141487 5.7308788 1.1549035 13.05
1.0356356 5.803658 1.1937938 14
1.058622 -3.6683269 1.2971479 12
1.0578194 5.6944385 1.2951376 13.5
1.0454628 5.7451339 1.2435929 13.208333
1.0400487 -3.6479778 1.3281524 15
1.0925466 5.689817 1.3263617 14
1.0295807 5.7300816 1.3528274 13.545455
1.0248376 5.8123155 1.3108069 12
1.0570861 5.7379036 1.4584645 13.75
1.0369827 -3.671706 1.5959156 13.5
1.0522243 5.7284083 1.5424969 14.5
1.0323414 5.746624 1.6379393 14.375
1.0579884 5.726018 1.7548229 14.6
1.039686 5.7477698 1.8295007 15
1.0613889 5.8029494 1.8742875 15
1.0150565 -3.6834383 2.0473137 15
1.171741 -3.6452281 0.068551771 8
1.1472615 -1.3036019 0.062938765 8
1.1616677 -1.1986408 0.081738017 7
1.122507 5.7771215 0.084483959 8
1.1364888 -3.6386604 0.15233588 8.166667
1.1577961 -3.5825081 0.19167493 8
1.1614538 -1.1644282 0.12969042 8
1.1402773 -1.0173385 0.18077795 9
1.1318566 -3.6708956 0.2585901 10
1.1769376 -3.5656664 0.2460818 10.5
1.1645392 -3.4801562 0.22247905 9.5
1.108122 -1.4588021 0.20679393 10
1.1599215 -1.3269507 0.23373963 8
1.1803507 -1.2713614 0.26479077 9
1.1592653 -0.92314267 0.21397631 10
1.1559386 5.7189603 0.20753625 10
1.1401777 -3.6405058 0.38518104 9
1.1272025 -3.5770755 0.33095926 11.166667
1.1431054 -1.4099514 0.3717069 13
1.1610526 -1.3419641 0.3761448 11.75
1.1730976 -1.2752599 0.38506505 10.875
1.1612736 5.746551 0.31086731 8
1.1560342 -3.6409192 0.44450805 10.777778
1.1538905 -3.5788858 0.46055087 9.5
1.1996915 -3.4943786 0.40663651 12
1.1653608 -1.3598399 0.44100899 12.714286
1.1860131 -1.2441746 0.45423362 13.833333
1.1956991 -1.1496718 0.49693233 12
1.1200022 5.7007036 0.43625712 9
1.131616 -3.6457219 0.54762805 11.4
1.1811901 -1.3385661 0.52932715 14.5
1.1902851 5.4914064 0.52099723 12
1.1643773 5.6849551 0.58062285 14
1.1165569 5.7158847 0.57351995 9.5
1.1219188 5.8549109 0.50520128 11
1.1354458 -3.6545966 0.67594624 11.666667
1.1558384 -3.5634096 0.6364094 11.75
1.1420553 5.7506804 0.64909536 11
1.122493 -3.6515434 0.73671216 13
1.1449918 5.6885819 0.72943479 12.75
1.1342306 5.7236834 0.74904722 12.75
1.1554266 -3.6404269 0.82823467 13
1.1931186 -3.5362251 0.87104553 14
1.1052538 5.6598148 0.84660012 12.5
1.1650512 5.7370257 0.84710932 11.25
1.1043524 5.8090868 0.83487719 11
1.1083664 5.7202253 0.91662729 12
1.1402959 -3.6552494 1.0425861 15
1.1798581 -3.5542505 1.0411596 14.666667
1.1247282 5.6919098 1.0636033 13
1.1132812 5.7325516 1.04874 13
1.1425581 5.8060164 1.0487082 11
1.1078948 -3.6328759 1.1023365 13
1.1379277 -3.5799127 1.174931 12
1.1457076 5.7234015 1.1374352 12.666667
1.1373692 5.7561212 1.2661434 12.5
1.1262329 -3.7554731 1.331239 13
1.1735655 -3.6309776 1.3641943 14
1.1256611 5.6962352 1.3983134 14
1.1473837 5.7339625 1.3385317 13.833333
1.1567432 -3.6270332 1.4117408 14
1.1731002 -3.5872757 1.4521232 13
1.1473831 5.7280712 1.4513687 14
1.1749541 -3.6633203 1.5391515 15
1.1242119 -3.5862393 1.5897396 13
1.1275741 5.6796947 1.5426594 15
1.1253864 5.7199497 1.5368936 14
1.1648892 -3.5960867 1.6587641 15
1.1221395 5.8529115 1.7627319 15
1.1112281 5.7502198 1.8884342 15
1.1648921 -3.6422718 1.9304026 15
1.1398141 -3.6899586 2.0014493 14
1.1462551 1.0138152 2.4477947 13
1.2906874 -3.5358822 0.048340812 8
1.2934434 -0.92084235 0.05495109 8
1.2819057 -3.506325 0.13633901 9
1.2874349 -3.4674785 0.19342847 9
1.2456205 -1.3149202 0.19307697 10
1.2714503 5.7773347 0.10128199 8
1.233129 -3.6371446 0.29422781 9
1.2529151 -3.5358226 0.25132948 8.666667
1.2473569 -1.3554714 0.26971775 10.6
1.2316554 -1.2656711 0.27901229 11
1.2714788 -1.1402911 0.27924064 11.5
1.2421801 5.733582 0.26370588 9.166667
1.2009116 -3.6485167 0.32716432 9.5
1.2401341 -3.5263655 0.35745981 11.5
1.2530756 -3.4732697 0.34406343 11.222222
1.288834 -3.3579929 0.31442648 12
1.2431892 -1.3670999 0.34493521 12.916667
1.2428763 -1.235854 0.35534054 13
1.2419676 -1.1707152 0.34491223 12.272727
1.2449037 -1.0562578 0.31073797 13
1.2352513 5.6848483 0.36778739 9.25
1.2221406 -3.6027591 0.49697265 12
1.2477667 -3.539187 0.44435552 11.314816
1.2426021 -3.4897618 0.4582569 11.833333
1.2140546 -1.5724572 0.47420084 14
1.2322376 -1.3324053 0.44858474 12.5
1.2520733 -1.2596381 0.46160442 11.625
1.2308726 -1.1689909 0.44659981 13.863636
1.2903467 3.3268273 0.44074932 14
1.2197139 5.7276096 0.45092502 9.125
1.2206918 -3.6301138 0.54613674 14
1.2381411 -3.5390167 0.5483951 11
1.2650714 -3.4748232 0.5173887 11.5
1.2537837 -1.3406076 0.54244906 12
1.239833 -1.2534659 0.55010176 14.375
1.255026 5.7358623 0.55884999 10
1.2028618 5.8262191 0.53460556 9
1.2215239 -3.600431 0.63468862 14.5
1.2526265 -3.5402966 0.64470315 11.833333
1.2686678 -1.3520982 0.60878336 12
1.2157326 -1.2945408 0.65065616 11
1.2667196 -0.68785548 0.69872987 13
1.2521578 5.7166138 0.61737162 10.5
1.222259 -3.6207156 0.77918214 14
1.2766511 -3.5343418 0.72940391 12
1.2437271 -3.4919724 0.75737578 12.5
1.2630343 5.7000566 0.75058591 11
1.2555631 -3.5389402 0.85063785 13.333333
1.2402771 5.6834087 0.84902865 12
1.260795 5.7249231 0.85336137 11.666667
1.2411681 -3.539782 0.93431252 13.5
1.2674806 -3.4473803 0.91549915 13.5
1.2692288 5.6760077 0.90567428 11
1.260932 5.7694411 0.94270748 11
1.2566366 -3.5458171 1.0130391 13.333333
1.2299622 -3.4905925 1.0848553 14
1.2240978 5.6493258 1.0549469 14
1.2282795 5.73142 1.0294536 13.666667
1.2260909 -3.6518064 1.1679924 15
1.2548615 -3.5337667 1.1405977 12.5
1.2760302 -3.4807954 1.1289941 14
1.2813532 -0.72982615 1.1147109 15
1.2096981 5.7168937 1.1714118 14
1.2569367 -3.5346293 1.2472588 14.666667
1.2575811 -3.5951772 1.3448379 13
1.2173169 5.7362747 1.3029664 13
1.2525647 5.7430573 1.4562511 14.5
1.2949191 -3.5509613 1.5284559 14
1.241576 5.7170568 1.5597208 14
1.2734189 -3.5378549 1.7628181 15
1.2858837 5.7678161 1.712302 13
1.2130095 -3.616925 1.8857206 15
1.2137837 5.673203 1.8386195 15
1.2626526 -3.5592272 1.9588985 14
1.204676 5.8113899 1.9017495 14
1.2063855 -3.5731728 2.1379757 15
1.3677293 -3.5450513 -0.10685577 7
1.3174847 -3.5318623 -0.071873367 7
1.3730201 -3.5128891 0.048605502 8
1.3589619 -3.4542329 0.070486844 8.5
1.3686885 -1.0323472 0.14736387 8.75
1.3273821 5.7419424 0.17111282 8
1.34647 -3.5307093 0.23284934 9.666667
1.332697 -3.4509811 0.2454215 10.5
1.3236176 -1.2931844 0.23238491 10
1.3091156 -1.0930043 0.2847034 14
1.3203807 5.7406845 0.29018071 8
1.3192731 -3.7204423 0.30530828 12
1.3727442 -3.5369437 0.31254619 8.666667
1.333787 -3.4684417 0.32655492 10.166667
1.3821527 -1.6106009 0.36441341 12
1.3037766 -1.3416902 0.31725246 13
1.3565838 -1.2980167 0.37151825 15
1.3467441 -1.1720083 0.32711029 11.75
1.3979142 5.6734223 0.360688 9
1.3546336 5.7008491 0.36307228 12
1.3308254 -3.6330259 0.41362545 14
1.3589188 -3.5319982 0.47368589 11
1.3573259 -3.4428432 0.45145899 12.875
1.3022907 -1.4100869 0.48712304 11
1.3698099 -1.2388124 0.48528838 12.25
1.3235341 -1.151939 0.41441655 12
1.3966823 -1.0938045 0.46288773 10
1.3657304 3.5043495 0.48255888 14.5
1.3696331 5.7742891 0.42601335 12
1.3234316 -3.5049393 0.53502733 10
1.3200625 -3.4396255 0.56301475 13.5
1.3063827 -1.3698065 0.56158268 14
1.3102046 -1.2754886 0.5595479 11
1.3516388 -1.1248029 0.56965441 12
1.3600216 -0.68402004 0.53725535 12
1.3581786 5.6925869 0.56238347 14
1.3851928 5.723208 0.54405332 10.333333
1.3353356 -3.6034243 0.62399566 12
1.3934574 -3.5489633 0.69408071 11
1.3315248 -3.4872854 0.69937557 15
1.3262179 -1.435401 0.69591397 10
1.3733315 -1.3272219 0.67352271 11.5
1.3409883 -1.2497735 0.65263462 12.5
1.3472925 5.6880417 0.66404504 10
1.3428996 5.7554073 0.69892907 10
1.3729091 -3.4747825 0.79580873 12
1.3504484 -1.349923 0.74781966 13.5
1.3083172 -1.262416 0.72062272 13
1.3878782 5.7219639 0.71005625 14.5
1.3118045 -3.5172932 0.84094197 13.5
1.3262345 -3.4743021 0.82404244 12.666667
1.3399553 -0.69825441 0.84262019 14
1.318924 5.6770673 0.8677128 12.25
1.3065352 -3.5194936 0.93588001 13.25
1.3673484 -3.4839847 0.97707862 12.833333
1.3022919 5.6774211 0.97299409 13
1.3158311 -3.536829 1.0282943 13
1.3653469 5.7624788 1.0187228 11
1.3821063 -3.5426245 1.1323851 14
1.3184862 5.7622399 1.144312 13
1.362381 -3.5300975 1.2674125 13.75
1.3839254 -3.4765956 1.3407582 15
1.373907 5.6497769 1.389262 13
1.3139316 5.8000798 1.3913567 13
1.3227882 -3.6127167 1.5752093 14
1.3731822 -3.5439579 1.5463024 14
1.3553064 5.7947946 1.5383458 13
1.3509359 5.679317 1.6347651 15
1.3401719 5.7318692 1.6746522 14
1.3430903 5.7872672 1.708571 15
1.4459676 -3.5089648 -0.097881436 7
1.4765671 -1.3407655 0.077666387 9
1.4629338 -3.4564164 0.15236272 10.5
1.4671818 -3.3371499 0.18718015 11
1.4330778 -1.4393271 0.14759654 8
1.4615068 -1.2509265 0.1838001 10.5
1.4145006 -0.97750282 0.18803786 9.75
1.4998724 -0.74117762 0.13960272 10
1.4934592 5.6955094 0.19661845 8
1.4379089 5.7432303 0.17415255 8
1.4616526 -3.6869051 0.22002573 11
1.4392912 -3.5380163 0.2407347 8.666667
1.4338661 -3.482131 0.23792304 9
1.4561774 -1.6429805 0.22794248 9
1.4997423 -1.0625626 0.20487717 9
1.4474403 -0.91795206 0.22645283 13
1.466818 -0.74660575 0.24666433 11.5
1.4482206 5.7348042 0.25921586 7.5
1.4877414 5.9167728 0.26470953 9
1.4430469 -3.5122619 0.33944169 9.666667
1.4257216 -3.4961126 0.30453029 9
1.4489652 -1.2792844 0.35881612 9.5
1.4707414 -1.1681097 0.3595354 10.2
1.4859815 -1.0268289 0.38638353 14
1.4951994 -0.73605967 0.39664605 15
1.4686085 5.7550321 0.32713795 9.333333
1.4626443 -3.5196974 0.46576044 10.25
1.421315 -3.4899218 0.47991294 11
1.4324474 -1.3071386 0.45392907 10
1.4348396 -1.2298012 0.46755096 14.333333
1.440909 -1.1827552 0.44105062 14
1.4646724 -0.91905081 0.45621622 12
1.4921272 -0.88216823 0.40158281 14.5
1.4772276 -0.7434693 0.40763345 13.5
1.4592785 5.6774373 0.46503526 10.5
1.4579839 5.716341 0.44645169 9
1.4369285 -3.5277998 0.5416044 11
1.4186361 -3.470268 0.53947669 11
1.4493868 -1.2209756 0.52735382 10
1.4977213 -1.1354971 0.57269323 12.5
1.4742571 -1.046604 0.58481324 8
1.4729307 -0.86677182 0.56656897 15
1.4531132 -0.74363959 0.56963956 10.666667
1.4666282 5.4875193 0.5517112 9
1.4634144 5.739264 0.57877332 11
1.4661943 -3.5297728 0.6596427 12
1.4674752 -3.4556298 0.66006804 13.5
1.4897746 -1.1351022 0.63332832 13.5
1.453526 -1.0770627 0.64058185 14.5
1.4328401 -0.55386138 0.69781011 15
1.4899035 5.6709962 0.64068866 11.166667
1.4598776 5.7009344 0.62430775 12
1.4209539 -3.5135393 0.76652318 10
1.4100654 -3.4933 0.79095477 12
1.4946982 -1.312886 0.76621819 13
1.4877598 -0.79706311 0.71905202 12
1.4810466 5.6926341 0.78588963 11
1.4590086 5.7283506 0.76816314 11.5
1.4462141 -3.5243294 0.847121 11
1.4989763 -3.4929557 0.80040324 11.5
1.4981306 -0.91615129 0.87664568 13
1.4009235 -0.81368303 0.89456242 13
1.4342759 -0.65110898 0.88215804 13
1.4794809 5.6924109 0.85118949 13.5
1.4960623 5.7176571 0.87702119 11.75
1.4857464 5.8045077 0.89430565 12
1.419136 -3.5440471 0.95783842 12.666667
1.4343412 -3.490463 0.90409583 11
1.4969807 -0.79712832 0.98976767 13
1.4716638 5.6697927 0.97069269 13
1.4749541 5.7255211 0.95771897 14
1.4302309 -3.5067019 1.0775222 15
1.4181777 -3.4951837 1.0377146 12
1.4883088 -3.5230098 1.139678 13.5
1.487675 -3.4772632 1.1502271 14
1.4686164 5.4913478 1.1431723 12
1.4995648 5.6695027 1.1934693 13
1.4344041 5.7083793 1.1178296 14
1.4328759 -3.5229506 1.234967 13
1.4924687 -0.7139464 1.2073058 15
1.4976695 5.6731868 1.2758271 13
1.4117395 5.7419047 1.2213248 14
1.4555138 -3.5106478 1.3481673 14
1.4679683 5.7245083 1.3049715 15
1.4583812 5.7923579 1.4407974 12
1.4475403 -3.5389028 1.5447201 14.5
1.4909419 -3.4904745 1.5303503 14
1.4306347 -3.4980824 1.6102451 15
1.4312866 5.5019393 1.6084974 14
1.475865 5.7634239 1.6787739 15
1.468697 -3.4940841 1.7568449 15
1.4941185 5.497602 1.7264351 15
1.4692771 5.7897334 1.7783189 14
1.4693828 -3.5397723 2.0777013 15
1.4750907 1.7074424 2.3339102 12
1.5390517 -1.2432419 -0.064624466 6
1.5750996 -0.73728752 -0.060616013 6.25
1.527424 -3.5238619 0.083144553 8
1.5841455 -3.486299 0.04944662 8
1.5415988 -0.72638887 0.047288422 8.25
1.5666734 -0.65662777 0.094171293 9
1.5177096 -3.5263555 0.16083053 8.333333
1.578757 -1.6507425 0.19322227 9
1.5519937 -1.2625965 0.19551076 10
1.5479767 -1.1425384 0.14850669 10
1.5710144 -1.0173074 0.13898484 8
1.5355717 -0.86509115 0.11667229 9
1.5500976 -0.73584479 0.15783961 9.25
1.550975 -0.67478323 0.13485904 9
1.5807997 -3.518554 0.23304787 9
1.5468423 -3.4733775 0.25137177 9.8999996
1.5898272 -3.3863714 0.26387775 11.5
1.5827013 -1.6658852 0.28631428 11
1.5577896 -1.5924028 0.2932421 11
1.5696046 -1.464224 0.27404392 12
1.5461923 -1.3294845 0.27112433 10.833333
1.5535311 -1.2779214 0.28197098 11.75
1.51806 -1.1450583 0.28310543 10.333333
1.5672413 -1.0845209 0.27606636 10.5
1.5548007 -0.9767608 0.20183539 10
1.5177176 -0.86242992 0.21049803 9.5
1.5564653 -0.71935183 0.25718954 10.777778
1.5675116 -0.6649462 0.26207879 10
1.534575 3.5456498 0.27959511 12
1.5788165 5.7439156 0.24387683 9
1.5703839 -3.5212739 0.34302944 9.8571424
1.5667094 -3.4467771 0.36973524 9
1.5335084 -1.3436284 0.32582435 12.5
1.5567856 -1.248806 0.33666018 12.25
1.5468364 -1.1352818 0.34957072 12.375
1.5709972 -0.9388926 0.34870631 13.5
1.5467769 -0.84618646 0.32611164 12.25
1.5522515 -0.72755045 0.34133068 11.897436
1.5534683 -0.6766234 0.34549624 11.05
1.5459141 5.6911659 0.34644702 10.875
1.5565487 5.7342272 0.36680916 9.916667
1.562604 -3.5295744 0.45438153 10
1.5949105 -3.4589486 0.44120076 11.25
1.5732527 -1.6626934 0.45139155 13
1.5588639 -1.5607716 0.41083702 13
1.5746492 -1.486043 0.45712882 12.5
1.5465869 -1.352746 0.45485467 13
1.5435295 -1.2600613 0.4346981 12.5
1.5289682 -1.1474173 0.45421171 13.125
1.5593179 -1.0922141 0.47450548 13.5
1.5458968 -0.98781133 0.44322142 11.75
1.5149765 -0.86570436 0.41880143 11
1.5567204 -0.73055005 0.45048928 11.809524
1.5614011 -0.65993196 0.44018108 12.428572
1.5365829 3.505662 0.42187825 14
1.5429691 5.6903133 0.45454505 10.4
1.5568967 5.7329769 0.45517987 10.8
1.5857837 5.8113942 0.40086484 8.5
1.5432347 -3.530345 0.57749557 11.666667
1.5607345 -3.4676893 0.52852464 10.5
1.5773146 -1.6519787 0.55540007 14.25
1.5421015 -1.360447 0.58163327 14
1.5109382 -1.2968316 0.53911442 15
1.5359399 -1.1536739 0.52046376 13.75
1.5350653 -1.0774812 0.56646377 12.833333
1.5614736 -0.99692088 0.53290522 13
1.5564803 -0.72548729 0.54397887 12.125
1.562469 -0.67502493 0.54493999 11.9
1.5645086 5.6843767 0.54658747 12.75
1.5386615 5.7362123 0.55005115 11.75
1.582365 5.8090258 0.58055252 9.5
1.5571975 -3.5141513 0.63392514 12
1.5465597 -3.4734259 0.64910775 12.25
1.5850674 -1.6633494 0.66155416 13.5
1.5516343 -1.4306414 0.60609752 15
1.5253454 -1.1349247 0.65232891 13.5
1.5608639 -1.0442289 0.66050267 12.6
1.5348957 -0.83027989 0.67964047 12.5
1.5523192 -0.73469204 0.6534217 12.8
1.5609175 -0.67466837 0.64693105 13.5
1.5208592 5.6928072 0.65989888 10
1.5536096 5.7412424 0.65827954 10.833333
1.5534748 -3.5287428 0.73341107 11.5
1.5626146 -1.6291525 0.73233247 13
1.5653976 -1.5883145 0.74513638 14
1.5422615 -1.3348188 0.76170641 12.666667
1.5333948 -1.1307489 0.74569339 12.666667
1.5338025 -1.0814919 0.76044261 12
1.5335703 -0.82367349 0.7420314 13.25
1.5388279 -0.72496754 0.74338192 12.666667
1.5575993 -0.66697532 0.76507962 12.8125
1.565841 5.690753 0.74440974 10.5
1.5538019 5.713695 0.73484015 12.5
1.5701771 -3.5041993 0.85567361 12
1.5485586 -3.4696634 0.8799094 12
1.5397583 -1.6117804 0.87843472 13
1.532364 -1.5443169 0.82847995 13
1.5716112 -1.2459955 0.86180288 9.5
1.554083 -1.0994674 0.8257606 14
1.5153482 -0.90431184 0.84423375 14
1.5642778 -0.8169632 0.87678117 12.5
1.5495539 -0.72361958 0.85364282 13.1875
1.5463159 -0.678927 0.83538353 12.833333
1.5998138 5.4029102 0.86944431 11.5
1.5602812 5.6857452 0.82884979 11.75
1.5636538 5.72369 0.8308509 12.8
1.5473183 -3.5247612 0.93898815 14.25
1.5561888 -3.4573607 0.94073004 14.333333
1.5505954 -1.6241782 0.9600355 13.833333
1.5565162 -1.5281223 0.99887258 15
1.5601602 -1.4883949 0.92467082 13
1.5840193 -1.3346821 0.99150997 11
1.5188692 -1.1434443 0.92190957 14
1.5516306 -1.0824825 0.92052692 15
1.5494459 -0.91829413 0.92620367 14.5
1.545421 -0.88626343 0.94580942 13
1.5406295 -0.72935313 0.95418632 13.5
1.5292732 -0.68421614 0.95327473 14.166667
1.5214481 5.5111365 0.90596527 11
1.5678297 5.687892 0.97457337 12
1.5634869 5.7095265 0.99422193 13
1.5680686 -3.521872 1.0488743 14.25
1.5859517 -1.6533419 1.0256376 11.5
1.5262066 -1.562892 1.0911301 14
1.5304945 -1.344433 1.021867 14.5
1.55152 -0.90032703 1.0405405 14
1.5077869 -0.85384017 1.0289025 12.5
1.5646091 -0.7272293 1.0750619 13.8
1.5563815 -0.65684205 1.0570803 14
1.5508513 5.6898365 1.0318863 12.333333
1.5493138 5.7146053 1.0732862 13
1.5684103 -3.5370624 1.1344796 11.25
1.5659466 -3.4929075 1.1467254 14
1.5584666 -1.5559536 1.1320163 14
1.5363628 -1.2507335 1.1396806 12
1.5321149 -0.91815418 1.1449612 14.5
1.5393977 -0.72397459 1.1579597 14
1.5762503 5.6975656 1.1154011 14
1.5818692 5.7138467 1.1761413 15
1.5251619 -3.4914434 1.2306811 15
1.5704844 -1.7198889 1.2734053 11
1.5731803 -1.4594195 1.209967 14
1.5235441 -1.2470034 1.2828456 12
1.5325928 -0.85818589 1.2512873 13.5
1.5498116 -0.74987066 1.2565494 15
1.5612656 5.6864591 1.2472911 14
1.5510361 5.7060118 1.2803562 14.5
1.5910547 -3.5493767 1.3688395 13
1.5680872 -1.6861067 1.3246901 10
1.5703514 -1.0127891 1.3287834 15
1.5347041 -0.86683863 1.3046757 13
1.5322467 -0.75166708 1.3276356 15
1.5776682 5.6797447 1.3980703 13
1.5491282 5.7379422 1.3388478 14
1.5713774 -3.5307603 1.4099095 13.5
1.5988212 -1.725426 1.4467125 12
1.5283155 -0.72685695 1.4878235 13
1.5427406 5.5196519 1.428911 13
1.5308903 5.7045994 1.4572133 15
1.5128299 -3.5553927 1.5311415 15
1.5280397 -1.3611994 1.5906229 15
1.5795969 5.6948771 1.5790681 15
1.5505714 5.7383485 1.5511523 14
1.5697529 -1.4413104 1.656554 13
1.5641422 5.6976686 1.615809 15
1.5790715 -0.73642701 1.7122076 14
1.5676249 5.7354803 1.745945 15
1.5737339 5.9881434 1.7293668 14
1.5356561 -0.78623092 1.8965056 15
1.5804489 -1.2061272 1.9466082 14
1.5562476 -0.94741511 2.2622669 14
1.5632005 6.5505986 2.2716327 14
1.6361303 -3.5549195 -0.030255819 7
1.6775956 -0.51197934 -0.017063208 7
1.6425159 -3.5480282 0.15503524 7.5
1.6230326 -3.466244 0.144419 8.5
1.6178969 -0.70414251 0.13231768 9.25
1.6244645 -0.64091587 0.17604092 9
1.6178743 5.8261271 0.12889105 8
1.6816713 -3.8289607 0.29629779 11
1.64548 -3.6846504 0.2449851 9
1.6382294 -3.5133655 0.22676414 9
1.6318172 -3.4098046 0.26947865 11.5
1.6616495 -3.3436105 0.26129824 12
1.6153245 -1.5847083 0.24921469 11
1.672887 -1.2471203 0.26642787 12
1.6459833 -1.1129937 0.20061876 9
1.6840614 -1.0032767 0.24115965 9
1.6862887 -0.88479084 0.27351937 12
1.6313852 -0.71537107 0.27800009 9
1.6511278 -0.68315333 0.21274483 10
1.6112375 -3.6975875 0.38640425 11
1.6455672 -3.5535362 0.38265058 9.5
1.6239123 -3.4493878 0.34744379 12.142858
1.6901121 -3.3855968 0.32923979 12.5
1.6490355 -1.6337711 0.34233126 13.75
1.628881 -0.72442484 0.36245814 11.875
1.66813 -0.6764949 0.36542493 10.8
1.6912204 -0.56863981 0.31131074 12
1.6434884 -3.8260722 0.44265226 13
1.6442251 -3.5212805 0.44862255 10.666667
1.640833 -3.4643881 0.44199118 13.15
1.6265426 -1.6334081 0.49845439 14
1.6059291 -1.5296779 0.42763728 14
1.6155713 -0.72400337 0.43249163 11.5
1.6308159 -0.68073738 0.40900072 11.5
1.6709248 5.7633252 0.42610028 10
1.6683674 -3.5290568 0.53526151 12
1.6152722 -3.4679523 0.55729181 12.333333
1.6117104 -0.70686769 0.5315001 11.666667
1.6310608 -0.66905451 0.54416794 10
1.6756184 -0.57153511 0.53174186 8.5
1.6204592 5.7738895 0.52665645 10
1.6046193 -3.5266399 0.66148216 12
1.6239752 -3.4727173 0.6374504 14.25
1.6109999 -1.3498734 0.60959589 15
1.6162781 -0.92346013 0.62659001 15
1.6404043 -0.71169084 0.63718271 12.625
1.6273898 -0.66550756 0.65966827 12.8
1.6400101 5.382359 0.61645293 10
1.6017567 5.6867337 0.63257009 11
1.6688056 5.7356272 0.65172625 15
1.6639372 5.8889751 0.64975876 10
1.605262 -3.5061836 0.75367534 12
1.6475911 -3.4662001 0.7824589 11
1.610323 -0.82450235 0.73033059 10
1.6801382 -0.72690415 0.78922355 12.5
1.6460313 -0.65271586 0.7567541 13
1.6458063 5.7485628 0.70968086 12.333333
1.6409187 5.829597 0.71456349 10
1.6158267 -3.5234728 0.85775667 12.5
1.6478375 -3.4571278 0.84774518 13.75
1.6323383 -0.72523606 0.87429261 11.833333
1.6240063 -0.68356276 0.88885355 14
1.6150893 5.7648587 0.80812854 13.5
1.675696 5.8574934 0.84060305 12
1.6621794 5.9061866 0.84943253 11
1.6293771 -3.5183282 0.96849585 14.333333
1.6425012 -3.443238 0.9527083 14
1.6051031 -0.82290006 0.99380004 11
1.6195936 -0.75955868 0.90913147 14
1.6182402 5.6769586 0.94058383 15
1.6872147 5.7961755 0.96778804 13
1.6852518 5.8325148 0.92035776 11.333333
1.6013399 -1.3102393 1.0098193 11
1.6482372 -0.704844 1.0662229 12.5
1.6483852 -0.68169278 1.0388308 13
1.6215316 -3.5358613 1.1744119 13.5
1.6478591 -3.4599173 1.1758103 14
1.6460216 -0.74586523 1.1353624 14.666667
1.6022332 -1.3181275 1.2903882 12
1.6261926 -0.7451396 1.2475672 10
1.6480749 -0.67881256 1.2291003 10
1.6129677 5.6887326 1.2745887 13
1.6076348 5.7734137 1.2126071 14
1.6156431 5.4040241 1.3327937 13.5
1.6742176 6.0780864 1.3459544 15
1.6247133 -1.5799836 1.5390714 12
1.632871 -0.78601658 1.5213208 11
1.6877855 5.7041216 1.5016959 14
1.6780716 5.8312922 1.5131851 14
1.6848373 5.9199042 1.5763725 14
1.6302893 -0.73280764 1.6089374 14
1.6598525 5.7284789 1.6422976 14
1.679517 6.044611 1.6159812 15
1.6052585 -0.75703031 1.7609274 13
1.6504362 5.7278953 1.8382171 15
1.6636652 -3.5076826 1.9270858 15
1.6062768 -1.5648758 1.9429806 14
1.6037176 -0.8165881 1.9427928 14
1.6452801 -0.68278748 1.9441931 15
1.6796945 -3.5058315 2.0677223 15
1.6021345 -1.6267864 2.0031269 15
1.6113541 1.3585513 2.3584111 13
1.6311752 -1.8606298 2.4378653 14
1.762737 -3.6220531 0.038827527 8
1.7157062 -0.72584146 0.065764599 7
1.7444671 -0.6538257 0.068317778 8
1.7386273 4.8989739 0.075676866 8
1.7137418 5.7493248 0.12508492 8
1.7962052 -3.642837 0.25675398 9
1.7382525 -3.5150414 0.27268729 13
1.7460039 -3.4903882 0.21997054 12
1.7383919 -1.6180427 0.21349211 15
1.759199 -1.2670246 0.27918765 9
1.7058885 -0.83716559 0.25754502 15
1.7613559 -0.72834569 0.22965026 10.25
1.749063 5.7735004 0.29641333 8
1.7533917 5.8060951 0.2083036 7
1.7160566 -3.4590673 0.3551349 12.5
1.75105 -0.71495217 0.34549159 11.333333
1.7535068 -0.67048621 0.36914134 10
1.7804855 5.7559462 0.31114587 9.5
1.7600749 -3.6429229 0.45471624 9.25
1.7658503 -3.5758133 0.4232989 10
1.7381381 -3.4649222 0.42223248 12
1.7750539 -0.7021969 0.47674337 11
1.7551485 5.6893692 0.47141153 11
1.7514757 5.766223 0.44718328 9.833333
1.7458757 -3.6222768 0.55608767 10.5
1.7983419 -3.5138383 0.50628531 15
1.7632953 -0.65829474 0.51286215 12
1.7832873 5.7936587 0.57385021 10
1.7091031 5.8159456 0.55896044 12
1.7471851 -3.6176023 0.62737256 12
1.7180332 -0.75323737 0.62653315 12
1.745437 -0.66372782 0.65191561 11
1.7427063 5.4536505 0.64581668 10
1.7565055 5.742116 0.65064883 11.666667
1.7440723 -3.6303575 0.76787353 11.5
1.765293 -0.70309252 0.76932114 12
1.7450022 5.6590276 0.74579674 10
1.7166247 5.7420025 0.72367752 10
1.7636654 5.8093429 0.71324301 10
1.7580185 -3.6322753 0.86705023 12
1.723538 -0.70393789 0.81542999 15
1.7171187 -3.6400619 0.91655034 13
1.7824309 -0.66812533 0.94814837 14
1.7379731 5.7704425 0.98401678 13.5
1.7448583 -3.647862 1.0429165 13.25
1.7538476 -0.73761129 1.0892856 15
1.780414 -0.60580212 1.0462145 13
1.7751868 -0.68216884 1.1714467 15
1.7812527 -3.589304 1.2871587 15
1.7227631 -0.70538378 1.2521578 13
1.765691 5.7023721 1.2244352 14
1.7056299 5.8227053 1.2473389 13
1.7512919 -0.55778801 1.3258798 12
1.7044839 5.7525053 1.3573737 13
1.7700136 6.0670514 1.4470237 13
1.7797725 -0.70074248 1.5958117 13
1.7008579 -0.56474525 1.5766706 13
1.7566434 6.0391102 1.5663337 15
1.7826731 5.6016097 1.617474 14
1.7699826 6.0346823 1.6437908 13.5
1.7828407 5.7958875 1.7942442 13
1.7490913 6.0407219 1.7627449 15
1.77189 -3.657624 1.8032588 14
1.7737652 6.0114994 1.8502289 15
1.7860169 5.5903888 1.9792973 15
1.7247558 -3.5802846 2.0280564 15
1.713484 -0.80052328 2.3256848 15
1.8855991 5.8413143 -0.0023072804 7
1.8669318 -3.6338773 0.032291334 7
1.8589294 -0.85027415 0.1764486 9
1.8872118 -0.72517377 0.19549845 10
1.8593243 -3.7037742 0.21411012 9.5
1.8469094 -0.70693505 0.27164805 11
1.8232594 5.7277741 0.2575773 10
1.8713256 -3.578578 0.31595764 10
1.8257082 -0.71852398 0.32684383 13.5
1.8572143 5.6761785 0.30301842 12
1.8634191 5.766109 0.38617665 9
1.8604845 -3.6591592 0.45976964 9
1.8400472 -3.5622864 0.43191895 14.125
1.8691239 -1.6586987 0.45747343 13
1.8667983 -0.70631516 0.44909048 13.333333
1.8459579 -0.66992843 0.45214945 15
1.8030561 -0.58096284 0.4776805 13
1.8662843 5.7566195 0.46843615 10
1.8079976 -0.71637362 0.52913374 15
1.8422854 5.7442284 0.53544056 11.333333
1.8054411 -3.6319149 0.6521489 10
1.8655542 -1.5964929 0.64466232 15
1.8244377 -0.55518949 0.60799289 9
1.8836237 5.7506218 0.64493799 10.5
1.8448753 -3.6493833 0.73531675 12
1.8552306 -0.72742152 0.73050827 13
1.8799978 5.7763858 0.79438239 10
1.8175691 -0.71316999 0.85171717 10
1.8366672 5.7259226 0.84839892 12
1.8767449 5.8436093 0.82773483 10
1.8410779 5.7191272 0.9672001 11
1.8490832 5.8008356 0.94008827 15
1.8339549 -3.6252093 1.0546824 14
1.8454942 -3.5592904 1.0437379 13.5
1.8346471 5.6970286 1.0170677 13
1.8580884 5.7434916 1.0627222 11
1.8891201 5.8315468 1.0990697 11
1.8018343 -3.6261876 1.1003654 14
1.8766663 5.7727523 1.1493466 12
1.8449924 -3.5887048 1.2159476 14
1.899202 -0.72052914 1.2251155 15
1.8583133 -0.68534553 1.2377932 11
1.801084 6.1039014 1.30082 14
1.8472698 -3.6254241 1.4443613 15
1.8696811 6.0290146 1.4958133 14
1.8523206 -3.4549658 1.5073915 14
1.8605571 6.0245156 1.5659815 14
1.8592509 6.0396457 1.6700889 14
1.8129684 5.9978471 1.7266451 15
1.8463863 -3.694963 1.8953512 15
1.8160846 6.0348887 1.8332592 15
1.812915 5.7249084 2.0425346 15
1.8329802 1.9509528 2.5401235 15
1.9873095 -0.70510966 -0.053255282 8
1.9095249 2.6654282 -0.017126374 6
1.9259436 -0.71732944 0.034096949 9
1.9164052 -5.7897553 0.12897167 11
1.9731957 -0.85213536 0.13011646 9.5
1.9421756 -3.5824866 0.27101403 10
1.9358023 -1.6253341 0.29178995 15
1.9146235 -0.71211344 0.26580796 11
1.9302503 5.762876 0.28723451 8.5
1.9294906 -3.5795248 0.34180647 11.75
1.989785 -1.6559731 0.3966684 15
1.9243145 -1.5322244 0.36975771 11.5
1.963293 -0.71674943 0.38652611 12.666667
1.9626298 -0.66837668 0.3673332 13.25
1.9588387 -0.49381042 0.36823338 10
1.9461042 5.7824159 0.34739175 9.5
1.9307748 -1.1620679 0.49155352 15
1.9737184 -0.7233364 0.44997945 12.666667
1.9394723 5.7329435 0.47130886 10.5
1.9529639 -3.5712745 0.5446524 11.75
1.9389704 -0.56359714 0.50840086 14
1.9514296 5.7668543 0.57628828 11.5
1.9519134 -3.5805995 0.65311396 13.5
1.9855124 -0.50890857 0.67085952 12
1.9251801 -3.5377374 0.77852297 12
1.9733459 -0.71934748 0.71080816 10
1.9014682 -0.67536497 0.72625691 12
1.9459838 5.7612152 0.75558513 12.5
1.9244485 -0.64643103 0.87297726 13
1.966321 5.7694397 0.85075498 11.875
1.9748727 5.8455667 0.85272288 11
1.9817139 -0.72530216 0.94005156 13
1.9719726 5.7654667 0.9637199 11.5
1.9670501 5.825429 0.93083996 12.5
1.9162378 -3.6154974 1.0589741 14
1.9019729 -0.55012596 1.0040957 14
1.9390812 5.6841955 1.0403 12
1.9604598 5.756671 1.0547661 12.142858
1.9370954 5.8097692 1.0779833 11
1.9538394 -3.6349435 1.1623532 14
1.9908665 -0.54517883 1.1440326 15
1.9526163 5.6919084 1.1470032 12.5
1.9681085 5.7155256 1.144259 12.785714
1.9298089 -3.6200683 1.2304494 15
1.9979315 -0.64888519 1.2878571 15
1.9447657 5.7391858 1.3176508 13.5
1.9141766 6.0406442 1.4169419 13
1.9424466 6.0392261 1.5530013 13.833333
1.9720188 5.9280763 1.6955096 15
1.9349724 6.0167413 1.653252 14.666667
1.910345 -3.6369863 1.7431993 15
1.9349912 6.0214705 1.7169901 14.5
1.9082043 1.2585235 2.3517427 15
2.0922379 1.4950522 -0.023574393 6
2.066365 -3.640018 0.0085396711 8
2.0131743 -3.5497088 0.055367973 7
2.0540097 -1.6484337 0.19492093 10
2.0434279 -1.262332 0.11539927 9
2.0722618 -3.5099013 0.26719043 11
2.0568893 -3.4751761 0.23795615 12
2.0566139 -1.6717709 0.28324434 14
2.0224411 -0.70845693 0.24065043 10
2.0467174 5.7624874 0.26000011 9
2.0550754 -3.8036151 0.33710942 12
2.0782869 -3.6288998 0.37732181 10
2.0022564 -3.5797577 0.33688453 10
2.0484829 -3.4685032 0.35965705 13
2.0562112 -1.6450601 0.34350228 13.333333
2.0315597 -1.1780441 0.31841725 12
2.0552015 -0.71632445 0.37271515 13.5
2.0449784 -0.68073308 0.37153628 12.5
2.0489652 5.7719135 0.35426411 9.666667
2.0277324 5.8500028 0.34417221 11
2.04301 -3.553468 0.46822873 11
2.0272658 -1.6431867 0.46450382 14
2.0614626 -0.71392894 0.46271136 12.125
2.0393617 5.7438145 0.49885419 10
2.0629618 5.8013253 0.46711728 12
2.0570354 -3.6147139 0.55189836 10.75
2.0642819 -1.621312 0.50075775 15
2.0751266 -0.71046394 0.55144233 13.333333
2.0574496 5.7369156 0.52112389 14
2.0379207 -3.6165771 0.65277469 12
2.068028 -3.5600457 0.62259769 13.5
2.0591075 5.75419 0.62571317 12.5
2.0326538 -0.73549551 0.78447068 11
2.0929217 -0.64413017 0.74499589 13
2.0526893 5.743638 0.76066512 11.4
2.0655277 5.8016663 0.75748301 11
2.001641 -3.60021 0.86293811 13
2.0701861 -3.5668845 0.86598736 13
2.0638962 -0.71573043 0.87813377 14
2.0357165 -0.67285377 0.85526472 15
2.0651066 5.3040595 0.88568747 11
2.0485656 5.7647567 0.84209341 11.5
2.0388942 5.8217068 0.84580982 12.9
2.0719922 6.3461723 0.8875649 14
2.0870073 -3.6228051 0.91237384 12
2.0438592 5.7695146 0.95194387 11.4
2.0306196 5.832489 0.95229596 12.666667
2.0795231 6.3428264 0.96933424 13
2.0437071 5.7501564 1.046095 12.625
2.0395803 5.8091769 1.038038 13.25
2.0533123 6.2349868 1.0913985 13
2.0608163 -0.63879502 1.147925 15
2.0325522 5.7377672 1.138346 12.5
2.0544901 5.839829 1.1204489 13
2.0895102 -0.67250752 1.2727238 15
2.0455396 5.7444849 1.248369 13.25
2.0793319 5.9563932 1.3311071 14
2.0840151 6.3285122 1.3274717 15
2.0654588 5.9711866 1.4349107 14
2.094254 5.3293424 1.582397 15
2.0710223 5.8728309 1.5354506 15
2.0375745 5.8183079 1.6435122 14
2.0658848 5.767777 1.7955314 15
2.072413 5.7552743 1.841047 15
2.0300782 6.0961022 2.3149188 15
2.1673689 -3.6163378 0.056510452 7.5
2.144177 -3.5620072 0.072869524 7
2.1733859 -3.613441 0.19118272 8
2.1507127 -1.0027782 0.13078552 10
2.1505167 5.8377752 0.16517335 10
2.1395242 -3.6137788 0.26353419 8
2.1432867 -0.70631397 0.2914553 11
2.1795988 -0.67463982 0.2728754 10
2.1216245 5.7789164 0.26705217 8.333333
2.1636968 5.8336091 0.22166161 11
2.1586926 -3.5488458 0.35648444 11.75
2.1688905 -3.4598885 0.36002931 14
2.1869988 -0.71962166 0.33706093 14.5
2.1390989 -0.57096839 0.35875025 13
2.1563034 5.7649693 0.32929406 9.25
2.1564527 5.8046269 0.39541212 9
2.1331611 -3.6153867 0.4733316 9
2.1251228 -1.1893067 0.42323446 13.5
2.1454313 -0.69395578 0.47677538 15
2.1404331 5.7788858 0.45568645 10.5
2.1771061 5.8142319 0.4932411 10
2.1458426 -3.5548828 0.54621649 11
2.1460414 -0.72287118 0.55120802 14.5
2.138026 -0.67742217 0.54988647 11
2.1098883 -0.56757981 0.56715667 15
2.100806 5.751781 0.52944261 10
2.1341643 -3.5646844 0.66811621 12
2.1281142 -0.73784643 0.66848958 11
2.1177912 -0.63762504 0.68969911 14
2.1260841 5.7476082 0.65637219 10.5
2.1534464 -3.6136208 0.74399507 11.5
2.1776264 -3.5243349 0.71467775 14
2.1053243 -0.65200943 0.75116301 12
2.1832676 5.6918926 0.76670325 10
2.1887167 -0.70609736 0.82679021 13
2.1238339 5.7506175 0.87094468 12
2.1963892 5.8254509 0.80383056 11
2.1259344 -3.6387005 0.98407936 12
2.1342864 -0.73530382 1.0252764 14
2.1932693 5.677598 1.046526 12
2.1757798 5.7640281 1.0367817 11
2.1243846 5.8639827 1.0263294 11
2.1153331 6.3623557 1.0400321 12
2.1643326 -3.6611488 1.198055 12
2.1907694 -3.5437968 1.1739223 14.5
2.1001327 5.3091664 1.1781477 13
2.1755283 -3.5411446 1.2609099 13.5
2.1721566 5.7284169 1.2130184 15
2.1359508 6.3518786 1.2412502 14.25
2.1912475 -3.6067955 1.3550371 13
2.192848 -3.5799267 1.3139561 14
2.152226 -3.6506681 1.4357021 14
2.1325293 -3.5972705 1.4194727 15
2.1279471 5.9017081 1.4517634 14
2.1206939 -3.6629894 1.5354232 14
2.1586952 -3.6071608 1.654851 15
2.1380467 5.7557826 1.770714 14
2.1876264 5.9413357 1.7364388 15
2.1928515 5.8535953 1.8256823 14
2.1350317 2.7411444 2.1925998 15
2.1895738 0.96471721 2.2076805 13
2.2140856 -0.67967069 0.077337302 9
2.2459278 5.7714705 0.018803554 7
2.2212596 -3.6247027 0.13304321 8
2.2380023 -3.5574217 0.13945653 8.5
2.2339246 -1.6054136 0.12874328 8.5
2.2638972 -3.6001079 0.26276642 9
2.269022 -3.57111 0.27874291 9
2.2695231 -3.4789546 0.27545005 13
2.217016 -1.6276678 0.29121447 11
2.2501633 -0.64981359 0.2047472 9
2.2822793 -0.58479875 0.26282242 10
2.2704473 5.7317414 0.27414808 8
2.2169163 5.8011394 0.26987174 9
2.2362459 -3.5605221 0.34324324 11
2.264571 -1.6297055 0.36514255 12
2.2455328 -0.82106346 0.30989555 13
2.2347643 -0.64638025 0.30168059 10
2.2055204 5.7650313 0.33934489 15
2.2112112 -3.6149299 0.43387559 8.5
2.2026269 -3.589292 0.44114327 10
2.2684786 -1.5485824 0.45414895 14
2.2937503 -0.74152994 0.4286682 12
2.2063091 -0.63763481 0.48557785 13
2.2434268 5.6877608 0.42829728 11
2.2685354 5.7788243 0.48149368 9
2.2096636 -3.6151175 0.54848671 10
2.2623351 -3.5432341 0.55777061 14
2.2305484 -0.73082298 0.55215466 15
2.2842846 -3.6143403 0.6816476 11
2.2845278 5.7643919 0.64341837 12.5
2.2107575 5.8042192 0.61025298 10
2.2504833 -0.68757576 0.78418702 13
2.2735915 5.7559328 0.76303941 12
2.2241557 5.8232312 0.73806036 10
2.2196095 -3.5723875 0.91597325 14
2.2010851 -0.68417042 0.9532038 11
2.2260811 5.8034306 0.91185671 11
2.2445214 -3.6076834 1.0541637 14.166667
2.2335114 -3.5619226 1.0433257 13
2.2085772 -0.72759247 1.0770849 11
2.2217791 6.356143 1.0586556 13
2.2989252 -3.6049113 1.1905075 15
2.2355809 -0.66883606 1.1075392 14
2.2328804 -0.73738492 1.2571688 15
2.2390199 -3.5826018 1.3234582 12
2.2938659 6.4204793 1.318234 13
2.264271 5.9543839 1.4658934 13
2.2371035 5.9485121 1.5150425 15
2.2707031 6.0325336 1.6441988 15
2.2761073 5.9554172 1.7697488 15
2.2992322 -0.7245847 2.0772657 15
2.3075519 1.5923851 -0.021276345 5
2.3194909 -3.6142633 0.081792399 8
2.3388836 -0.64552051 0.023070866 9
2.3873913 5.7724962 0.056997292 7
2.3140862 -3.6143565 0.10438602 8
2.3027053 -0.40130165 0.12055835 9
2.3310723 -3.5296254 0.27495497 8.833333
2.3964143 -1.6126541 0.29745823 14
2.3259346 -0.70499885 0.27620652 10.25
2.3905952 -0.61159968 0.20130645 9
2.3715937 5.753305 0.26322708 9.25
2.3671317 -3.5039759 0.34563214 13.5
2.3467164 -3.4839485 0.35698473 14
2.3837409 -0.72374731 0.35718212 12.333333
2.317518 -0.67345762 0.33899933 11
2.3652673 5.7690368 0.35962135 10.25
2.3416278 5.8326907 0.31599841 10.5
2.3312516 -3.5413015 0.42712203 10
2.3792522 -3.484935 0.49153978 15
2.3400779 -1.6406066 0.40174061 15
2.3752499 -0.71051276 0.43201798 12
2.3584638 -0.68056238 0.45478213 9.666667
2.3567023 5.7339783 0.43204439 9.75
2.3569975 -0.7013225 0.51280701 13
2.3254259 -0.69106132 0.58087069 13
2.3302038 5.7782369 0.53077966 8.5
2.3625181 5.8832564 0.53833997 9
2.3206587 -3.6186054 0.64732963 11
2.3850906 -3.5614526 0.63655752 12.333333
2.3524961 -0.71342826 0.69644403 13
2.3968799 5.3747358 0.65859276 10
2.3197803 5.6905265 0.6615811 10
2.3094435 5.806581 0.63956016 11
2.3239913 -6.1390734 0.77511364 15
2.3874652 -1.6258218 0.72605211 13
2.3515201 -0.67812943 0.72654873 12
2.3376884 5.7569675 0.77832055 15
2.3586752 -3.534415 0.89052314 13
2.3521366 -0.71895009 0.83428073 10
2.3289082 -0.69997203 0.82499141 13
2.340086 5.7538977 0.83461052 14
2.369597 6.3650799 0.86149049 14
2.348772 -3.6078517 0.99901968 14
2.3563061 -3.6004293 1.0779686 14
2.3209815 -3.5191915 1.0165979 13.5
2.3991461 -0.70756537 1.0191875 14
2.3905292 -0.6886133 1.0101633 13
2.3911617 5.4352856 1.0554278 12
2.3860972 6.3662162 1.0376661 11
2.3153541 6.474422 1.0720992 12
2.3189862 -3.625196 1.1906182 14
2.3505311 -0.71148109 1.1360029 14.5
2.3495502 -3.6214862 1.2705721 14.666667
2.392854 6.3334756 1.2717597 13
2.3226657 -3.6572728 1.3995043 13
2.3525128 6.3594651 1.3946668 15
2.3422868 5.9398823 1.4319159 14
2.3804183 6.2792234 1.4550866 13
2.3568594 5.7260699 1.5565929 14
2.3685966 6.0015035 1.6401131 14
2.3983366 5.9271574 1.7700214 15
2.370656 5.7650676 1.852523 15
2.3716784 5.7933431 1.901999 13
2.4817979 -3.602993 -0.0059082354 7
2.401902 -0.7130571 -0.036059551 8
2.4533958 5.8796034 -0.028559191 7
2.4426701 -0.55519629 0.16234592 11
2.4967527 -3.5194652 0.25160983 11
2.4146154 -0.91966742 0.24696434 14
2.4717526 -0.70754361 0.2502062 10
2.4464717 -0.68058509 0.23819596 9
2.4330134 -0.40829551 0.27628931 10
2.4522717 5.6862488 0.27979711 13
2.4130831 5.7880926 0.23147801 9
2.4725771 -3.5544872 0.34860927 11.875
2.4422929 -1.6337361 0.31951502 13.5
2.4361517 -0.70236439 0.34113544 11.5
2.4604545 -0.62912685 0.32424945 12
2.451751 5.761291 0.32681662 11
2.4131305 -3.6060545 0.48797789 10
2.4093626 -3.5410707 0.48993787 15
2.4999254 -1.6358231 0.49137318 14.5
2.4524174 -0.70735961 0.44481948 11
2.4363029 -1.5922418 0.50527388 15
2.4759197 -0.66969591 0.53014034 11
2.4512722 5.7762322 0.5278182 11
2.4193404 -0.67299229 0.69444329 15
2.4103856 5.8146534 0.66498071 10
2.4627814 5.7819705 0.72496617 12
2.4478452 5.869206 0.74321449 10
2.4635141 -0.71625614 0.84824198 14.5
2.4822094 -0.64197981 0.82873046 14
2.4038377 6.3208251 0.85241228 11
2.4436502 -0.71585661 0.94140881 15
2.4362204 5.3916078 0.96925914 11
2.4637136 -0.80983454 1.0473895 13
2.4493177 -0.74215472 1.161726 14
2.4189289 -3.6190462 1.2280291 14
2.4911621 6.3269343 1.2533165 15
2.4019756 -3.5177665 1.4566877 15
2.4825766 5.7125449 1.4015986 13
2.4028301 6.0263319 1.4736277 13
2.4446466 5.5940933 1.5336697 14
2.4190183 5.9499536 1.6362417 14
2.489141 5.8172278 1.7946987 15
2.4198804 6.6044297 2.2397251 14
2.5835614 -0.71555698 -0.058815856 7
2.5018556 5.7851319 0.035785548 7
2.5667326 -0.93291545 0.16104507 11
2.5294268 5.8461332 0.11752974 8
2.5838659 -3.5846963 0.24065773 9
2.5294285 -3.4712923 0.29635277 13
2.5061967 -1.6247946 0.26037419 12
2.5370104 5.7297626 0.24805269 9
2.5068395 5.8066921 0.22209553 8
2.5891654 -3.5249293 0.37310362 12.333333
2.5485923 -3.4724126 0.33966932 9
2.5412772 -0.71875703 0.33886775 13.666666
2.5652783 5.7376904 0.32722518 10
2.5270381 5.83639 0.35925761 10
2.5426204 -3.5589454 0.47142056 12.5
2.5814478 -3.4676025 0.40108737 13
2.5556798 -1.6120877 0.40390539 14
2.5134656 -1.4119447 0.42241541 14
2.5518456 -0.6476146 0.45407292 13
2.5482018 5.7385249 0.46627882 10.25
2.5695882 5.8141627 0.49687466 11
2.5714214 -1.586432 0.502774 14
2.5747283 -0.75006104 0.54202431 11
2.5563014 -0.69689339 0.509785 12.5
2.505352 -0.44340366 0.58294302 12
2.5415599 5.7495699 0.55448145 9.5
2.5583551 -3.5568018 0.64859754 11.5
2.5453265 5.23172 0.63291901 10
2.5298491 5.7675238 0.64078361 14
2.5441928 5.7635479 0.75393158 15
2.588906 -3.5570171 0.84048563 13
2.5522211 -0.70539713 0.81268638 13
2.5465748 -0.68092108 0.88612735 14
2.5331678 -3.4731286 0.94207007 11
2.5669618 -0.59219325 0.95960134 15
2.5302124 -0.4728739 0.92832607 14
2.5410528 5.2432561 0.96262449 12
2.5842116 6.2081666 0.93896919 11
2.5867884 -3.5558128 1.0536927 15
2.5864363 -0.65901494 1.0611787 14
2.5824666 6.4066114 1.1147709 12
2.5896409 -3.554445 1.2069418 15
2.5134966 -0.73333877 1.2245452 15
2.5038757 5.9635782 1.4223655 15
2.5767739 5.9376869 1.5524257 14
2.5039604 6.0700154 1.5281466 13
2.5182331 5.9429822 1.7476683 15
2.693706 5.8477912 0.089293972 9
2.654372 5.7740688 0.18690521 8
2.608047 -3.5835969 0.26404983 9
2.6037655 -3.4506938 0.23679794 13
2.6105282 -1.3498617 0.29802445 11
2.6647046 -0.9192 0.25289169 13
2.6439209 -0.71512228 0.23598967 9
2.6585858 -0.68789732 0.26877967 9.5
2.6227705 5.7951899 0.27406481 8
2.6867769 -3.7526779 0.302073 13
2.6297178 -3.5091724 0.34107244 14.5
2.6079133 -3.4612916 0.31576297 14
2.6412771 -0.92327911 0.33059573 15
2.607089 -0.70657659 0.37251532 13.5
2.6331427 5.7583923 0.35031834 10.666667
2.6554713 -3.5669279 0.44766 14
2.6096213 -3.4798744 0.41619492 10
2.6140659 -0.66258341 0.49266171 11
2.6180434 -0.54746503 0.41774848 14
2.6453805 5.7647438 0.42532307 10
2.6541882 5.8122668 0.41093579 9.5
2.6335781 -0.71147811 0.53090256 13
2.6331031 -0.66641206 0.54558837 12.5
2.6473596 5.6700358 0.57265961 11
2.6651309 5.7443624 0.5188331 9
2.6863441 -1.6167248 0.64141899 12
2.6412425 -0.7275492 0.62663484 14
2.6295435 -0.67394406 0.67714697 13
2.6628771 5.77034 0.65172678 12
2.6604495 -0.70764202 0.75301576 12.5
2.6199975 -0.67328101 0.77286983 12.5
2.6176567 -0.70743531 0.83687258 11.5
2.6395679 5.2813578 0.89868712 11
2.6997831 6.2351446 0.87932688 11
2.6151116 -0.67423671 1.1235405 12
2.6239483 6.3832946 1.2282809 15
2.6349347 -0.70471227 1.3368644 15
2.6488295 5.9497786 1.4305501 15
2.6725864 5.9954796 1.5532147 14
2.6451516 5.9377217 1.8300655 15
2.7361991 1.4201283 -0.025384301 6
2.7612875 4.903832 0.0058926377 7
2.7564583 -0.69466138 0.19254227 9
2.7063317 5.5512385 0.17168123 8
2.7766786 5.840549 0.19229673 8.5
2.7597919 -0.67513686 0.25586995 9.666667
2.7337725 5.7832961 0.26681557 8
2.74348 5.8288751 0.23320381 9
2.7310474 -3.7941105 0.36931598 14
2.7376704 -3.4145837 0.36312091 15
2.7337 -3.399334 0.32471928 14
2.7188587 -1.5847452 0.31756887 11
2.751286 -1.3539494 0.33169335 12
2.7558985 -0.7016992 0.32658148 13.5
2.7055495 -0.67262274 0.32289958 9
2.7783151 4.8336673 0.30086878 12
2.7608018 4.9012723 0.37711376 9
2.7257164 -3.8323796 0.46031618 15
2.7184851 -1.5562681 0.43627843 14
2.7732251 -0.70813686 0.47854188 11
2.7144945 -0.69006521 0.46693319 11
2.7392714 5.7524991 0.43296927 10
2.7930014 5.8200221 0.41852811 10
2.7359855 -0.70069385 0.55202496 12
2.7505274 -0.67853779 0.52913851 11.333333
2.7284479 5.773664 0.55734706 11
2.7671688 -0.70308888 0.62625641 12.5
2.7216215 -0.68973988 0.60291898 12
2.7890503 5.7606988 0.68692726 10
2.7924423 -0.70100909 0.71859133 15
2.7844234 -0.64391917 0.7577225 11
2.7796729 -0.78084636 0.89394778 13
2.7495716 -0.67373705 0.89156377 13
2.7683771 6.2557206 0.8416146 10.5
2.7833374 6.3284469 0.96639299 11.5
2.7268426 -0.70569998 1.0256636 14
2.7436376 6.3369994 1.0897194 12.5
2.7893109 6.3782253 1.1533808 15
2.7781541 -0.7057336 1.2187853 14
2.7533581 6.3145356 1.2748603 13
2.754174 6.341568 1.3406423 15
2.7793574 5.9511256 1.4433032 13.5
2.7070198 5.9563026 1.5315111 14
2.7322469 5.9403591 1.6173674 14
2.7184174 5.8201342 1.7741745 15
2.7841578 5.813746 1.8453157 14.5
2.7838228 6.3524818 2.1139295 15
2.8746753 4.8641334 -0.022110896 7
2.8022444 -1.5394281 0.1208083 6
2.8852229 -0.65398765 0.18737051 10
2.8976445 -1.0005243 0.22739062 13
2.812017 -0.90532357 0.20487139 12
2.836447 4.5852752 0.29955897 13
2.8340809 4.8304477 0.29137728 8
2.8661191 5.7602301 0.23502862 10
2.8974681 -1.1242057 0.30191436 15
2.8635011 -0.82126468 0.30239749 11
2.8396406 -0.70323366 0.38272548 12
2.8672373 -0.66898888 0.34626776 11
2.8587542 4.5523667 0.33821937 10
2.8047693 4.8154821 0.35659707 15
2.8557253 5.7581134 0.33960044 9.5
2.8833098 -1.5625445 0.42865568 14
2.8774714 -0.68981349 0.44409201 11.333333
2.8500264 4.5623822 0.47960317 13
2.8496497 4.6378322 0.49349084 10
2.8186221 4.8251939 0.42234412 11
2.8880329 5.7440362 0.41069582 13.5
2.8451755 5.8243604 0.44576573 10
2.8837795 -0.68075854 0.53578609 11.666667
2.8658245 5.7667623 0.54936397 10.125
2.869113 -1.5769631 0.66505724 15
2.8804054 -0.78003025 0.69736052 11
2.8188188 -0.69714016 0.6802035 15
2.8526168 5.7768879 0.65166467 11
2.8959332 -3.5180891 0.79768372 12
2.8297393 -0.71769404 0.7105543 14
2.8771238 -0.69109637 0.76608258 15
2.8436711 5.7536216 0.70952737 15
2.84027 6.1508794 0.70250589 10
2.857909 -0.65784186 0.82054824 14
2.804167 6.1748075 0.83570576 11
2.8314984 6.228353 0.85576826 11
2.8392954 -0.6797514 0.96877062 13
2.8664541 -0.69643408 1.0455457 13
2.8403709 6.3370457 1.0723526 12.666667
2.8721519 6.3726888 1.1606556 12
2.8058949 -0.75143051 1.2537893 14
2.8881147 -0.69911742 1.2364435 15
2.8082016 5.9899583 1.3094304 13
2.8828282 6.0364723 1.3572582 15
2.8644083 5.4102945 1.4073244 13
2.8333995 5.5744848 1.5749642 14
2.8439696 5.936676 1.5567079 13.75
2.8931296 6.020288 1.5705564 12
2.8492768 5.9314914 1.6799893 14
2.848145 5.7768798 1.8072666 15
2.854455 5.8161149 2.2578659 14
2.8613775 5.5928922 2.3532856 15
2.9645245 -0.97904521 0.050514992 7
2.9285474 -1.0284271 0.10253434 9
2.9924691 -0.92945445 0.12971584 9.5
2.9086149 -0.68645984 0.14112243 8.5
2.9850147 -3.3691018 0.23727573 12
2.9143531 -1.5690687 0.22434363 10
2.9922843 -0.64869153 0.2683163 9
2.9101934 4.772604 0.28635922 8
2.9953008 5.7762866 0.29622775 10
2.910558 6.0128307 0.22972666 8
2.9210892 -3.5247989 0.37043411 12
2.9581575 -3.4434206 0.37273267 13
2.9333448 -0.94480139 0.33946937 14
2.9708209 -0.87639952 0.32582244 12.5
2.941149 -0.66925651 0.34100699 11.166667
2.9505868 5.768414 0.35701883 11
2.9059114 -3.4470389 0.4434396 14
2.9045916 -1.625344 0.41395569 14
2.9564826 -0.6825577 0.45335162 14
2.9072387 -3.5198653 0.59812349 15
2.9735501 -0.67181706 0.52914447 11
2.9606302 -0.65953124 0.64253497 12.333333
2.9008365 5.8188462 0.67939472 13
2.9098182 5.7668161 0.73127341 14
2.9945006 5.8194799 0.76556194 15
2.9108644 -3.4671094 0.81191498 13
2.9460514 5.8681221 0.83233887 15
2.9490757 6.3041668 0.89472991 11
2.9606335 -0.7397002 0.99934214 13
2.9956453 6.2951994 0.95078343 13
2.9418156 6.322578 0.9568491 11.5
2.9523768 -0.54634237 1.0740113 13
2.9608915 6.4401746 1.0054793 10.5
2.9282606 6.3679347 1.1686983 14
2.9315555 5.969605 1.3461525 13.5
2.9297581 6.3828769 1.3335229 15
2.9399014 6.4270329 1.3581986 14
2.927742 -0.58797199 1.4088036 15
2.9228728 5.9544048 1.6801696 15
2.9889231 -0.67887527 1.9535917 14
2.9802749 5.3495293 2.1891143 15
2.9152243 0.43633461 2.4250875 14
3.0652227 -3.4610362 0.03898862 9
3.0726771 -0.64522827 0.074631453 9
3.0685039 -0.62291867 0.14094092 9
3.0984426 5.7608371 0.16694349 9
3.0062511 -1.6113747 0.26628792 14.5
3.0584924 -0.68289858 0.28888795 9.5
3.0937655 4.884418 0.23801883 9
3.0743341 -1.606463 0.36435804 11
3.0093675 -0.75639039 0.30956882 9
3.0506775 -0.67335075 0.33348128 12
3.0366902 5.7744188 0.32444862 13
3.0836353 -3.3771095 0.44443035 14
3.013453 -1.5870533 0.44448355 12.5
3.0487139 -0.74141324 0.44502446 10.5
3.0614667 -0.67931747 0.4457902 12
3.040153 -0.50851834 0.44284526 10
3.0039907 4.6645732 0.45356438 13
3.0462849 -1.5728486 0.53718346 14.25
3.0439162 -0.695889 0.5032559 15
3.0279942 5.7741489 0.53968054 10
3.0319791 -0.69045508 0.6698131 14
3.0180891 5.7401724 0.69613737 13
3.0999033 5.8600092 0.65141994 10
3.0243859 5.893682 0.78464776 10
3.0544944 5.9197826 0.73598504 11
3.0392563 -0.71589816 0.98269308 11
3.0607586 6.3741393 0.98445654 11
3.0696433 6.4122515 0.98308831 11
3.0117517 6.2867947 1.0443183 14
3.0773911 6.3579869 1.1526405 12.5
3.0572073 -0.68409175 1.2805811 14
3.0706103 6.3462958 1.2490112 12.666667
3.0202069 6.4170871 1.2099686 12
3.0724826 5.9873896 1.3477187 14
3.0701175 6.0357852 1.4474691 13
3.0579488 -0.69463378 1.5932333 15
3.0324328 5.9754453 1.5206395 14
3.0579457 6.0715694 1.5673889 12.666667
3.0244892 5.9466662 1.655254 13.5
3.0066297 5.9561253 1.7544751 12
3.1012213 4.9011621 0.012428536 8
3.1629918 -3.4406321 0.14399585 9
3.1543353 4.6614728 0.19918552 10
3.1126792 4.9799557 0.10307559 9
3.1223297 5.7962813 0.1828267 9
3.1645377 -0.93762219 0.28699696 13.5
3.1818326 -0.67222273 0.27654994 9.5
3.1583388 4.5759516 0.23912042 10
3.1074412 4.6065168 0.20272531 12
3.1372561 4.8437428 0.28055531 12
3.192322 5.7979283 0.22281218 9
3.1644864 -1.5722771 0.38542649 12
3.1366341 -0.68037963 0.36356479 14
3.1473413 4.5771813 0.35362291 12
3.1497869 4.6508436 0.35745367 9
3.1248901 4.8516989 0.32162994 12.666667
3.1378148 5.7670317 0.34992552 9.333333
3.1815581 5.803534 0.33349442 9
3.1605544 -1.3230379 0.44468772 13.25
3.1764808 5.7804379 0.48408628 12
3.1566012 -0.79350853 0.55525237 11
3.1461091 -0.66479594 0.52889967 11.666667
3.1410739 -0.7022773 0.73154545 12
3.10569 5.7738032 0.72419149 14
3.1660929 5.8493962 0.70308459 10
3.1659534 -0.68228966 0.84465963 12.5
3.1491971 5.9397917 0.83890879 10
3.1442602 -0.64960575 1.0861733 11
3.1322498 6.4052653 1.0686281 11
3.1898332 -0.69786644 1.2616593 15
3.116215 6.400383 1.2158523 12
3.1396606 -0.74690223 1.4182516 15
3.1022975 6.031363 1.4458445 13
3.1843615 6.3754783 1.4169743 15
3.1209698 5.9447355 1.5488055 14
3.173363 5.9473138 1.6856402 15
3.1831853 5.9357967 1.9327084 15
3.1639581 5.5378141 2.1869652 14
3.240108 -3.2748866 0.16299389 10
3.2693737 -0.83787555 0.13248642 8
3.2484386 -0.60183144 0.19285309 9
3.2047246 5.8269777 0.16974466 10
3.2045631 -0.8789444 0.24734195 10
3.2062924 -0.76053083 0.20599739 9.5
3.2990932 5.681489 0.29904896 10
3.2707982 5.7586484 0.22505456 10.5
3.2530389 -3.3312325 0.39660445 15
3.281014 -1.5610142 0.34786758 10
3.2676094 -0.6861816 0.32660261 11.1
3.2255306 5.777638 0.30896497 11.25
3.2040129 5.819921 0.36990207 9
3.2865965 -1.5905911 0.43218586 12
3.2465184 -0.68074888 0.43971902 11.583333
3.2293272 5.7530317 0.44608626 12
3.2630517 -0.69303292 0.55140567 10
3.26244 5.7663732 0.54033637 12.25
3.2588911 -1.5463773 0.65249711 15
3.2015886 -1.3375726 0.63235468 13
3.2479458 -0.66999263 0.63697606 12
3.2481751 -0.68351603 0.74625933 12
3.2067728 5.9644494 0.75351399 15
3.2044666 6.3186731 0.79744953 10
3.2474437 6.3380466 0.89536828 11
3.2369006 6.1859083 0.98706651 12
3.2544427 -0.67083114 1.0298767 13.5
3.2700434 6.3328419 1.0681132 11
3.2471421 6.3839421 1.1098955 15
3.2839296 -0.71333718 1.2766807 15
3.2974193 6.3727107 1.2480364 15
3.2125192 5.9531417 1.3906618 13
3.2404628 6.2557154 1.3251708 12
3.2466595 6.3495836 1.3643533 13.5
3.291111 -0.640073 1.4229993 15
3.2563305 5.9548512 1.5242679 14
3.2053738 5.8047905 1.7796229 15
3.2773941 5.9867887 1.8104697 15
3.3629367 -0.89672196 0.16273798 9
3.3377395 -0.66528493 0.12764202 8
3.3655307 -1.5989712 0.27277842 13.5
3.3118894 -0.98203623 0.26657948 13
3.3592086 4.2852516 0.27169201 8
3.3981278 4.647717 0.21353488 15
3.3987653 5.0480456 0.2194576 8
3.3262174 5.7714801 0.27722585 9
3.3514886 5.8451324 0.29027423 10
3.323693 -1.6011121 0.3549825 15
3.3877881 -0.70291275 0.36859471 15
3.3868816 4.9078403 0.32599825 14
3.355515 5.7585483 0.34449586 11.375
3.3313985 -3.386656 0.49154997 14
3.3115954 -1.1703404 0.44618976 15
3.3443503 -0.6556614 0.4451786 10
3.3955729 4.6365104 0.45117739 13
3.3702598 5.7582536 0.42549133 11
3.3932459 5.8319297 0.49577859 11
3.3123987 -0.67951548 0.56308627 13.5
3.3316057 5.819046 0.55714065 10
3.3201749 5.7768307 0.67473823 11
3.3821044 -0.6732626 0.70280176 12
3.3908477 5.7576199 0.70455152 14
3.3447621 5.8523288 0.77808303 11.5
3.308692 5.996592 0.80559045 10
3.3020184 6.3846397 0.89318877 11
3.3230565 6.315249 0.95129544 14
3.3609152 -0.68822652 1.0453311 14.5
3.3236408 6.3606453 1.0927998 11
3.3526795 -0.68576962 1.1076809 15
3.3739476 -0.69611716 1.2405972 14
3.3986111 -0.40360063 1.3124762 15
3.3602705 6.0092039 1.3765162 13
3.3239064 6.0790749 1.440352 13
3.3035591 5.9990387 1.5755199 12
3.350724 5.9569287 1.6482912 14.5
3.3301597 5.8020811 1.8030913 13
3.3129833 5.8131728 1.9156415 13
3.3897383 3.058217 2.3779724 15
3.3073332 3.5560658 2.3970625 15
3.4538655 -1.6059031 0.27063513 11
3.4336033 -0.94323534 0.29061359 9
3.4878812 -0.65209138 0.29352397 12
3.4055815 4.7901297 0.28180572 8
3.4764738 5.6322398 0.23184015 8
3.4728439 5.7527261 0.27699104 10.75
3.4947019 -1.5870543 0.3294403 10
3.4620953 -0.67108649 0.38685533 11
3.4161382 -0.59741235 0.34711191 11
3.4731183 5.7693973 0.3879576 13
3.4393513 -1.549865 0.48636654 12.5
3.4509833 -0.67399305 0.46282893 12.25
3.4248195 5.6488862 0.40033665 9
3.4089262 5.758944 0.46808699 10.5
3.4437029 5.0027151 0.51002115 10
3.4147213 5.7331939 0.50813556 12
3.4414544 -0.65173346 0.68969125 13
3.4415183 5.7747068 0.67794043 10
3.4945645 -0.69080585 0.7737115 10
3.4635439 5.8478355 0.72226262 10
3.4525802 5.923974 0.8316499 12
3.487983 -0.68712127 0.99183875 14
3.4787552 -0.59957314 0.91607505 13
3.4969864 -0.65215039 1.0767127 15
3.4798794 -0.36488056 1.0774927 14
3.4673095 5.7303152 1.0480096 12
3.4856584 6.4229617 1.0368259 10
3.4745474 6.0568628 1.2992057 13
3.4585125 6.2819519 1.2969474 12
3.4040985 6.0215878 1.381165 12
3.454931 5.9666538 1.4495623 14
3.4716818 6.0765777 1.4614674 12
3.4119205 6.2604094 1.4241464 15
3.4346025 5.9888453 1.5546633 14
3.4599257 6.0069675 1.5064154 13
3.4179792 5.9231262 1.7319431 13.5
3.4617801 5.9268532 1.8418429 15
3.4731522 5.7679057 2.0019553 15
3.4480762 2.7081938 2.1473098 15
3.4184451 6.1563444 2.2231827 14
3.4596984 3.2085094 2.3514867 15
3.4122946 -0.19081211 2.4240739 15
3.5106823 4.6086311 0.00025299547 9
3.5828393 4.4184117 0.19607575 10.5
3.5987625 5.4663458 0.13267124 9.5
3.5411625 -3.5162303 0.20678544 10
3.5676427 -1.5885078 0.22994387 12
3.524648 -0.78834867 0.24435866 9
3.5271533 -0.62787211 0.28204513 11
3.5961988 -0.59503073 0.22226581 10
3.5844653 4.5031896 0.28321245 12
3.5715852 4.6661048 0.23180091 10.333333
3.5778172 4.7633214 0.21031743 10
3.5851488 5.36517 0.26691678 11
3.5630243 5.4585462 0.29807916 13
3.5090919 -0.79353404 0.31557488 10
3.5747201 -0.66265094 0.36314073 11.75
3.5375819 4.9731975 0.33781755 14
3.5931087 5.0937452 0.31832239 13
3.593344 5.4427123 0.35358888 11.5
3.5312974 -1.5495181 0.48217994 11
3.5575149 -0.66310978 0.42657447 13
3.5231562 4.8935223 0.4005672 7
3.5056002 5.7368455 0.43380773 14
3.5163705 -0.74183893 0.53072613 11
3.5735586 -0.67016441 0.51657295 11.25
3.5944633 5.8049417 0.52077699 15
3.5582561 -1.538355 0.6707269 15
3.5421917 -0.66629875 0.65336913 11
3.5964971 4.913269 0.65711707 10
3.5690527 5.7805443 0.66744989 10
3.5570948 -0.68654215 0.79297036 13
3.5269289 5.9357905 0.72196186 10
3.5120194 6.3034143 0.74886286 10
3.5713847 -0.73525912 0.83217621 12
3.5872357 -0.68560725 0.84045422 14
3.5963352 -0.68533581 0.92262793 14
3.5202825 5.7094631 0.94383174 11
3.5328791 -0.64760309 1.0227779 15
3.553309 -0.70071721 1.2503201 15
3.5162902 5.9738388 1.3402987 13
3.5360029 6.053062 1.3153707 11
3.5843718 -0.69633293 1.4335524 15
3.5536106 5.920197 1.6785595 14
3.5993307 5.9419684 1.7866197 15
3.5545723 6.3096027 2.21035 15
3.5147145 0.36319464 2.3910203 15
3.6513743 5.2940302 -0.18369235 8
3.6729851 4.5124497 -0.014728483 7
3.6438859 4.9797807 -0.0053367862 7
3.6284869 5.3839221 -0.052777946 8
3.6412094 5.434104 -0.039186042 9
3.6907585 4.2875447 0.055059578 7
3.6355267 4.561235 0.084758006 8
3.6114154 4.7487001 0.026805192 8
3.6107984 5.4729872 0.049981721 8
3.6696632 -0.98067844 0.13332269 9
3.6593955 4.2869649 0.10639594 9
3.6320431 4.3362207 0.14077157 10.5
3.6141593 4.4086885 0.10391565 9
3.6696267 4.5977635 0.19445108 8
3.6901963 4.7021189 0.12122865 10
3.6408384 4.896729 0.18099636 12
3.6324346 4.9844909 0.15482521 9.75
3.6357346 5.242434 0.16701052 11
3.6198323 5.30654 0.14443785 8
3.6170113 5.4544787 0.18064006 10.5
3.6756923 -0.64382243 0.25195837 11.5
3.6658826 4.2777214 0.2384191 12.75
3.6327803 4.3500242 0.23485877 9.5
3.6064103 4.5035396 0.21839415 10
3.6252048 4.6689506 0.24044399 9
3.6163819 4.7255836 0.25268674 10.5
3.6281693 4.8787751 0.26161855 11
3.6438491 4.9781241 0.21168958 11
3.6342971 5.1501923 0.25868911 10.5
3.6414113 5.3055606 0.2263086 10
3.6202064 5.421751 0.23516533 9.5
3.6448822 5.7789469 0.24479838 9
3.6281672 -1.5718182 0.33331585 10.5
3.684634 -1.3624936 0.38219053 6
3.6589985 -1.0828905 0.38052589 7
3.6575375 -0.66136628 0.37764835 12
3.6769366 4.2769713 0.36277333 11
3.6555107 4.3337965 0.32911706 11.36
3.6723685 4.4138589 0.30720469 8
3.6612844 4.6312914 0.33192831 10.75
3.6566341 4.7543044 0.35115698 13.5
3.6519673 4.8412623 0.34347132 12.5
3.6270573 4.979856 0.34036428 14
3.6356843 5.188911 0.33797628 14
3.646086 5.2628827 0.34317669 12
3.6718452 -1.5406283 0.44839403 11
3.6804616 -0.59824532 0.42226189 12
3.6626399 4.2707963 0.4593299 12.375
3.6287799 4.339016 0.41617978 12.5
3.6330812 4.4027648 0.44151121 9
3.6355796 4.5299034 0.47164083 12
3.6650825 4.616322 0.44628417 12
3.6390862 4.703258 0.44131437 9
3.6371031 4.8256259 0.46156457 14
3.6292508 4.9329629 0.48081613 10
3.6311483 5.3552852 0.41520363 13
3.6823294 5.7360549 0.47304261 12
3.6214263 -1.4078298 0.58677602 11.5
3.6633866 -0.66048741 0.56645185 11.333333
3.6832502 4.2565212 0.53943884 14.5
3.6598265 4.3342657 0.56483346 11.333333
3.6083586 4.4500322 0.54794788 12.5
3.6763029 4.5331059 0.5543896 10
3.6353266 4.6083446 0.51091629 15
3.634608 -1.545405 0.65347099 13
3.6057982 -0.6400556 0.67329448 11.25
3.6898222 4.5412073 0.64962977 11
3.6866572 4.6024685 0.60230911 9
3.6132085 5.3237829 0.61065388 9
3.6695414 5.7977877 0.63092679 11
3.6903238 4.4775743 0.73237932 11
3.6968212 4.5562124 0.77516913 11
3.6454146 4.6273537 0.72938204 10.5
3.6977906 4.7151661 0.79451036 10
3.6610506 5.7752953 0.75372785 10
3.6753848 4.4689155 0.80291194 15
3.6573875 4.5679116 0.84937203 11
3.6606266 -0.7985878 0.90426797 13
3.6243007 -0.67066526 0.95557785 12.666667
3.6865439 -0.65173393 1.0444385 13.5
3.6873076 4.427639 1.027313 11
3.6292894 4.5962715 1.0187565 11
3.6904666 -0.67589891 1.18926 15
3.6123519 -0.74086994 1.2950327 14
3.6636314 -0.66094357 1.2299677 14.5
3.6615913 -0.63346356 1.3248333 14
3.6257384 6.1036925 1.3371041 11
3.6268508 5.9786177 1.529857 12
3.6331637 6.2736306 1.5772811 14
3.6677442 5.8503795 1.834742 15
3.6799901 5.9699473 1.8327101 15
3.6017334 5.799727 2.037755 13
3.6401441 1.2657536 2.1010277 15
3.6866057 6.415051 2.1727016 14
3.6091144 6.4119902 2.2688563 14
3.7006209 5.4803472 -0.16821676 6
3.7347569 4.4367833 -0.0335613 8
3.7991946 4.2933054 0.092990339 7
3.7982559 -0.64706403 0.12365322 9
3.7751722 3.8243649 0.13142076 8
3.7874885 4.0734906 0.18956178 8
3.7550504 -0.68330771 0.2979458 10
3.7898476 4.0724115 0.23894396 12
3.7945893 4.1010065 0.29709807 12
3.7474535 4.2418547 0.26757279 9
3.7607045 4.3208175 0.29536653 8.5
3.7729635 -1.5245495 0.37963131 6
3.7202477 -1.2025195 0.37934124 13
3.7495055 -0.65528965 0.33393809 12.666667
3.7486091 3.9568515 0.39415324 9.5
3.7782528 4.0647216 0.34838688 8.666667
3.7741299 4.2632565 0.35228577 11.866667
3.7302868 4.3065319 0.37141684 9
3.7051163 5.8031054 0.36549845 11
3.7861352 -0.61672133 0.40433648 13
3.7748671 4.0203214 0.42928323 15
3.7894945 4.2716546 0.4044494 12
3.7221541 -1.3679491 0.53179199 9.5
3.7662942 -0.61782146 0.54537463 12.5
3.7405148 4.2656288 0.52802306 11.333333
3.7212558 4.3144441 0.55800509 10
3.7220514 4.4540863 0.57515711 10
3.7339489 4.7641854 0.53044081 10
3.7666819 5.7864466 0.58369082 10
3.7650125 -1.5328987 0.67821962 14
3.7724991 -0.66466969 0.64322966 12.5
3.7253532 4.2828159 0.61551511 14
3.7409086 4.3242579 0.66425216 12.333333
3.7362258 4.4432487 0.65696186 11.444445
3.7285564 4.5233073 0.64895928 11.333333
3.7275624 4.6424623 0.62882596 12
3.707921 -1.606208 0.7202369 15
3.7915258 -1.5525529 0.73267239 13.75
3.7128298 -0.671516 0.77966833 13
3.7410474 4.3762479 0.73312569 12
3.7243249 4.4454112 0.74965543 11.333333
3.7407169 4.5441136 0.72413409 11
3.7327325 4.6324191 0.77233255 10
3.7970402 4.3902931 0.80709225 14
3.793138 4.4977627 0.80757749 14
3.7244148 4.5887256 0.80331779 13
3.7401428 4.6386051 0.84162229 11
3.7434516 6.4066758 1.0595816 10
3.7390957 -0.67891639 1.131568 15
3.7956734 6.3988829 1.1929222 11
3.7511497 6.368186 1.3924286 12
3.7833834 6.0348196 1.4448086 13.5
3.7997155 -0.66771328 1.5217083 15
3.7551014 6.035893 1.6562364 15
3.7009153 5.8293953 1.7808101 14
3.7710342 5.9673419 1.7788373 14.5
3.7425151 5.8302794 1.830883 14
3.7491069 6.0214448 1.832425 15
3.7008271 5.8403401 1.9973841 13
3.7631252 4.3094354 2.2837877 15
3.7067664 6.2811422 2.3851628 15
3.8610961 4.0628476 -0.11668785 7
3.8114245 4.1797662 -0.050209586 7
3.8696303 -0.56269288 0.014201811 7
3.8390033 4.2506213 0.016875288 7
3.8020039 -0.92700428 0.16899748 10
3.8125904 -0.64754444 0.15197094 9
3.8308318 3.9999478 0.17694977 10
3.8294408 4.056159 0.16624841 9.166667
3.8607361 -0.61370695 0.28992325 9
3.8642113 3.9857731 0.23930851 9.375
3.8457091 4.0325418 0.24117473 8.6000004
3.8562829 4.1114731 0.23962756 10.5
3.8236635 4.2387109 0.24352477 14
3.8120966 4.325542 0.26988986 13.5
3.8256431 -0.67854762 0.34103361 10.5
3.8709207 -0.59369761 0.30786481 11
3.8659449 3.9805517 0.37495741 9.875
3.8257012 4.0304885 0.33700266 11.166667
3.8065462 4.1468625 0.37982124 11.5
3.8297133 4.2584848 0.35871944 11.875
3.8521106 -1.5935708 0.40723348 14
3.8973935 -0.45344886 0.46852872 10
3.8691528 3.9739881 0.43328357 10.666667
3.8488529 4.0227485 0.44101667 11.25
3.8114057 4.1543941 0.44850162 9.666667
3.838284 4.2401533 0.46813509 12.833333
3.8007734 -1.502939 0.50310314 8
3.869714 4.2981215 0.52245235 9
3.8463063 -0.63843787 0.61789536 13
3.8241944 4.3579168 0.6513887 9.5
3.8514793 4.4193892 0.65298897 15
3.8921666 4.3929048 0.77562135 9
3.8463366 4.4552684 0.79340571 10
3.8596263 4.5105281 0.74797499 10
3.8027551 -1.5378511 0.8420468 15
3.8264484 -0.64407796 0.84409428 11.25
3.8288016 -0.72952116 0.9936744 13
3.8915522 -0.66868079 0.96905911 14
3.8375986 -0.659679 1.1387016 13
3.8119986 -0.49619305 1.1779197 13
3.8195295 6.3542504 1.2945096 12
3.8955626 6.3651547 1.3784773 12
3.8933852 5.999773 1.4582345 15
3.8704982 5.9852686 1.6391835 13.5
3.8412149 6.0522385 1.6278355 13
3.8799796 5.9579372 1.7475353 13.5
3.8655496 6.0242753 1.7424611 14
3.8381236 5.8028941 1.8608674 15
3.8600609 5.9633164 1.8440739 14.666667
3.8942292 6.3847003 2.2023673 15
3.9514017 4.6151695 0.073757313 9
3.95121 -3.5125005 0.10281168 6
3.9150834 -0.63668221 0.1159749 9
3.9071457 3.9111269 0.17516291 9
3.9121621 4.2669754 0.19157895 8
3.9937398 -0.93984556 0.24608955 11
3.9553964 -0.63759887 0.26964879 11
3.9555383 3.9710433 0.27408341 9
3.9262311 4.0224032 0.20297162 9
3.9274521 4.4847002 0.23714909 13.5
3.9356298 -0.75058395 0.31278381 9
3.9646959 -0.64851218 0.34520379 11.7
3.9871821 3.5269172 0.35789114 9
3.9568985 3.9851308 0.34948984 8
3.9362538 4.0405011 0.33863845 10.125
3.9395869 -0.65177816 0.4466759 12.375
3.9665203 3.9929087 0.42567497 11
3.9059112 4.0688367 0.45292673 8
3.9483404 4.1193147 0.4362939 11
3.9481564 -0.65436566 0.56507987 11.9
3.986151 4.3828015 0.52394408 10
3.9124322 -1.5306574 0.60224658 11
3.9278312 -0.61891425 0.64174271 12.5
3.9089508 5.783814 0.66158003 15
3.9190791 5.8327875 0.68984854 10
3.9265206 -0.65953624 0.72405016 15
3.9528682 -0.66033256 0.84258223 13
3.9630606 6.0319757 0.88489145 12
3.9602613 -0.64890927 0.94231051 14
3.9995439 5.7988896 0.93558806 11
3.9755695 6.4640713 0.99460894 10
3.9677896 -0.81422591 1.0852836 15
3.9029005 6.3799276 1.0762198 11
3.9901237 6.4246655 1.1860652 12
3.9569438 6.3814826 1.22822 13.5
3.9755094 6.5151234 1.2037885 13
3.9740376 6.0343628 1.3842764 13
3.9019363 -0.6901049 1.4897527 12
3.9633005 5.9837489 1.4673563 13
3.95823 6.0230026 1.4939009 13
3.9419847 6.3060884 1.4934061 14
3.9178078 5.2648792 1.5986878 14
3.9255023 5.9862561 1.5325165 13.666667
3.9637761 6.0169811 1.5475254 13.666667
3.93489 -0.66764969 1.6482884 15
3.9656131 5.9842844 1.6540545 13.5
3.9549692 6.0593123 1.6601774 13.5
3.9508219 5.9981341 1.7626026 15
3.9512274 6.0767136 1.7437145 14
3.9562488 4.5555172 2.1857116 14
4.0890465 -0.65147251 0.050380047 9
4.0700741 -0.57949686 0.16510922 10
4.0805559 4.0504637 0.1647779 8
4.0900588 4.1472049 0.18188243 15
4.078959 -0.65176892 0.20183769 9
4.0778799 -0.57145178 0.27640793 10
4.0606985 4.0621305 0.24722375 8
4.0058198 -0.70262659 0.39529654 12
4.0820589 -0.63839191 0.30337977 13
4.0517802 -0.21484397 0.37309828 10
4.0292602 4.0415196 0.31902727 12
4.0957427 -0.66504812 0.44300663 10.25
4.0243793 3.7087719 0.47215107 10
4.0566058 4.0503678 0.43354923 13
4.0216994 -0.81998634 0.54428238 11
4.0724216 -0.73413324 0.52173483 10
4.0685983 -0.66549891 0.56561977 10.666667
4.0581994 5.2485461 0.58174586 9
4.0975075 -1.5542396 0.65824491 13
4.0915294 3.6915531 0.66083956 11
4.0185275 4.0289845 0.65199983 10
4.0815072 4.3553925 0.63205838 11
4.0913892 -1.5311365 0.72067469 13
4.0558901 -1.5584183 0.84651732 14.5
4.0894327 -0.67641962 0.80826157 13
4.0542898 5.8909655 0.88320374 11
4.0817461 6.3121419 0.86649483 10
4.0318918 6.4472995 0.98087883 10.5
4.010397 -0.68513113 1.0451056 11
4.0911326 5.8560419 1.0662649 11.5
4.0462532 6.3700557 1.0583509 11.25
4.0414915 6.4622216 1.0410863 11
4.0973167 6.3588729 1.1295921 11
4.0640388 -0.70529252 1.2134931 14
4.0476313 6.3724713 1.2422066 11.5
4.094552 6.4292717 1.2234815 12
4.0684738 -0.63148677 1.3382233 13
4.0707154 5.9492769 1.3367701 12
4.04739 6.3631477 1.375474 12.25
4.0323482 6.034277 1.4386898 13.5
4.0858898 6.3683243 1.4307379 12.5
4.0329528 6.4522285 1.4016875 12
4.0356693 5.9905705 1.5279281 14
4.0448217 6.0345378 1.5517409 13
4.0683928 6.0440154 1.6083505 14
4.0557275 5.957314 1.7349355 13.4
4.0151086 6.0163407 1.7180315 14
4.0755725 5.9516115 1.8155732 14
4.0446429 2.9574158 2.2991223 15
4.0045557 5.3619232 2.3315742 14
4.1327963 -3.4459524 0.030435033 8
4.1463051 -0.63736898 0.11533229 9.5
4.1488261 3.9955723 0.17787397 9
4.1555758 -0.65341687 0.27590945 9.75
4.1938348 3.994529 0.25546214 8
4.1553578 4.0221868 0.24130788 12.5
4.1613536 -0.65391266 0.34782287 11
4.1263566 -0.52323925 0.36407104 13
4.150444 3.9757819 0.36400798 9.25
4.1665897 4.0205121 0.37794638 14.333333
4.1632338 -3.4270847 0.43993756 9.666667
4.1686506 -3.3578541 0.44947562 11.75
4.1099153 -0.67382509 0.47297162 10
4.1079164 -0.59661067 0.44651917 11
4.1863456 3.9900868 0.47551912 10
4.1315665 4.0093765 0.46510053 9
4.1704226 -3.4488461 0.51934785 12.5
4.1559052 -3.3677995 0.5381698 11.8
4.1384745 -0.67339581 0.56649953 11
4.100771 -0.54844111 0.59608448 13
4.1851811 4.3276734 0.57580495 9
4.1189895 -3.5430026 0.64176607 10
4.1721416 -3.4422164 0.6913504 11
4.1767774 -0.63750887 0.62659293 13.1
4.147531 4.3874607 0.64022166 15
4.1516423 -3.3772154 0.76171488 10.5
4.1239114 -0.65141487 0.75459969 12.666667
4.1399765 -0.6328761 0.84051585 14
4.1754398 5.7688842 0.8851251 10
4.156455 -3.4133987 0.95397162 12.5
4.1324835 -0.64814019 0.94762307 13.666667
4.1759653 -3.3969684 1.0471582 15
4.110395 6.2421813 1.0366066 11
4.107275 6.3902168 1.072512 11
4.186892 -3.4265792 1.1480038 13
4.1685252 -0.66045582 1.1483768 14
4.1339655 6.3470144 1.1409589 11.2
4.1488218 5.8185115 1.2814192 12
4.1317267 6.1895804 1.259766 11
4.1784167 6.2037292 1.2408113 12
4.1215982 6.376564 1.272589 12.25
4.1051354 6.40062 1.2166687 12
4.1997876 -0.69225329 1.3247514 15
4.1285305 5.9066491 1.3958956 13
4.1036196 6.1590719 1.3023167 12
4.116591 6.3435822 1.3424042 11.666667
4.1157923 6.4005337 1.3271648 13
4.1612878 5.874433 1.467784 13
4.1900868 6.069252 1.4523417 11
4.1077695 6.345386 1.4073291 15
4.180028 5.9625235 1.5440742 14.5
4.1206856 6.035533 1.5200285 14
4.1029587 6.0441589 1.7458912 14
4.1034184 -5.0683813 1.9885671 15
4.2698984 -0.56007451 0.058636565 9
4.2851677 -0.64629477 0.14871606 9.5
4.2296829 4.0153036 0.17576499 9
4.2828488 -0.62588394 0.25703284 9
4.2613292 3.9861109 0.26373997 9.5
4.2201648 4.0187731 0.26018581 9.25
4.2447815 4.1307721 0.21030004 9
4.2084689 -0.65565377 0.36889523 11
4.2481513 3.9859359 0.34749451 10.666667
4.25875 4.0250535 0.31705832 11.125
4.2511649 4.1204472 0.35727936 10.5
4.2420101 -3.1508949 0.4950482 14
4.2565451 -0.64372975 0.45468941 12.3125
4.2377634 3.9867723 0.45145869 13.5
4.2493873 -3.4794099 0.57833886 12
4.2318335 -0.66609758 0.56803817 11.5
4.2372184 -0.63633323 0.75192624 13
4.2889223 -0.68001801 0.84855002 13
4.2993417 -13.094831 0.95869374 13
4.2641339 -0.65938187 1.0557557 14
4.2754154 6.2326436 1.0810361 14
4.2815099 -0.69001359 1.2977186 15
4.2241879 5.7455468 1.3460027 13.5
4.2750978 5.8253379 1.3914562 11
4.2062788 -0.67703962 1.4326606 15
4.2480397 6.1453438 1.4110807 15
4.2183027 -0.64857483 1.5082899 15
4.2406206 5.8570023 1.5348588 12.5
4.2096643 5.4803085 1.7847155 13
4.2569585 5.7789655 1.7156121 13
4.2119021 6.0050116 2.2722104 14
4.3507252 -0.65219885 -0.028728161 9
4.3313804 -1.2276876 0.044975527 8
4.3893752 -0.62731802 0.073175281 9
4.3420849 -1.1760883 0.18335511 9
4.3777018 -0.62557644 0.16267577 10.166667
4.345953 -0.6363132 0.26152751 10.375
4.387393 -0.59783381 0.29448602 12
4.3647556 4.0188103 0.21106423 8
4.3373508 -1.1842022 0.35656238 10
4.3528228 -0.63312894 0.35504299 12.375
4.3560514 -0.64073622 0.44068122 12.25
4.3587127 -0.63028711 0.55161691 13.75
4.3531094 -0.59009957 0.50814706 13.25
4.3026791 -0.66992342 0.65004134 12
4.3718781 -0.5932585 0.61471832 14.5
4.3263588 3.7566924 0.63173056 10
4.3630977 -3.7068658 0.71852952 15
4.3558679 -0.6228646 0.75142521 14.166667
4.337996 4.2813091 0.74587446 12
4.3359561 5.664257 0.73603046 13
4.3432016 -3.530607 0.86301082 14
4.3131056 -0.70140624 0.88580811 11
4.3225813 -0.64697015 0.82973421 15
4.3920465 4.4526877 0.8367039 10
4.3755851 4.5022879 0.87075454 10
4.3191347 5.7461543 0.85947657 14
4.374166 5.1025586 0.91651958 15
4.3814769 5.7575574 0.97722381 15
4.3909583 4.5262136 1.0036284 12
4.3643703 5.7474895 1.0556232 11
4.3712435 -3.3949203 1.1043886 12
4.3798661 -0.64241165 1.1109635 15
4.375566 5.1823697 1.169112 11
4.3487735 5.4579062 1.1400601 12
4.3432736 5.7829938 1.1705285 11
4.3779984 4.6790457 1.2874453 13
4.3149376 4.8953638 1.2113687 13
4.3251767 5.841629 1.2300798 13
4.3415904 -0.69049102 1.3924637 15
4.3897448 4.7240953 1.3198605 13
4.3920255 4.8132172 1.362398 13
4.333725 5.8415656 1.3006048 11
4.352212 5.2301974 1.4844971 13
4.3762913 4.3639512 1.5503918 14
4.3995066 4.4204974 1.5817407 14.5
4.3912511 4.8851757 1.5939544 14
4.3347344 5.4077044 1.5223515 13
4.3678737 5.8261228 1.533998 12
4.3688264 5.7107267 1.6656746 14
4.3534198 5.7514839 1.7718047 14
4.3955321 5.6751165 1.8231246 14
4.3607488 5.7326922 1.8132156 15
4.3476372 6.0912137 2.2903633 15
4.3089919 3.1436298 2.3817682 14
4.4369302 -0.61299115 -0.047878224 8
4.448905 -0.62242144 0.061488178 9
4.4917011 -3.8610079 0.10930215 8
4.4157958 -0.68481708 0.17426273 11
4.4292746 -0.50181979 0.15289378 11.5
4.4861412 -4.0263104 0.2590661 10
4.4145265 -3.4925017 0.24542214 9
4.4264545 -0.65990603 0.25029817 11
4.4159055 -0.49835601 0.25055483 15
4.4884439 3.3522775 0.28317997 8
4.4506106 4.2701368 0.23954535 9
4.4989271 -4.3079944 0.37607864 12
4.4771929 -4.2924714 0.35990438 8
4.4873223 -3.8458602 0.32684907 10
4.47082 -3.5263395 0.36454773 10
4.4669662 -3.4307828 0.33374351 10.5
4.4652514 -3.3148363 0.37749422 9
4.4155388 -0.62407029 0.338478 12
4.4249792 -0.51532096 0.33261597 14
4.4858012 -3.9735754 0.48341823 13
4.4019666 -3.5118141 0.42519122 10
4.4747376 -3.4640691 0.47156143 11.5
4.4668384 -3.3815365 0.45490906 12.5
4.4859157 -0.93240213 0.4504557 12
4.4169855 -0.63153917 0.47075787 11.833333
4.4943895 3.5860355 0.44051832 11
4.4764042 -3.989419 0.65098214 14
4.4709053 -3.8403051 0.68246639 11.5
4.4794207 -0.9511866 0.69748098 14.5
4.4380817 -0.64002746 0.66821545 15
4.4643745 4.3335533 0.61629772 11
4.4384623 3.9805815 0.79679179 13
4.4618912 4.2644796 0.71322942 15
4.4152308 4.338635 0.75817543 12.833333
4.4563899 -3.9110274 0.87079465 14
4.4806018 -3.3422842 0.84622216 13
4.4337692 4.2546139 0.81429732 12.5
4.4358211 4.3179855 0.88610852 11
4.4129663 4.4534283 0.83939034 14
4.4581552 4.5623312 0.85420835 10
4.4837313 5.5884814 0.86128235 13
4.4558764 5.655365 0.80969274 11
4.4234166 5.7273703 0.81831247 10
4.4867558 -4.1827521 0.9992826 15
4.4913816 -3.9910738 0.96155339 15
4.4982615 -1.1617796 0.92411679 15
4.4659638 -0.66288704 0.96051043 12
4.4398637 4.195353 0.9987545 13
4.4389253 4.3484111 0.96674097 12
4.4219761 4.6706824 0.9917174 12
4.4253201 4.7496114 0.94787878 11
4.4790349 5.6756082 0.95499593 11.5
4.4375634 5.7106395 0.99611521 13.5
4.4809999 -3.3981986 1.0486387 14
4.459928 4.2561092 1.0283823 11.5
4.4284177 4.3599601 1.0408094 12.2
4.4297261 4.4448237 1.0834545 11
4.4211297 4.5784984 1.0351543 12
4.4188647 4.6434832 1.0109063 12
4.4033494 4.9909248 1.0402662 12
4.4177198 5.276659 1.0466769 13
4.490613 5.3495088 1.0630579 9
4.4943252 5.5970874 1.0791684 12
4.4816389 5.603168 1.0677054 13
4.4285626 4.3582883 1.189177 13
4.4386401 4.4573569 1.1543765 11.75
4.4583173 4.5546288 1.1293503 13.5
4.4215736 4.6516571 1.1759112 12.333333
4.412437 4.7572708 1.1656619 13
4.4488525 4.8880429 1.1135384 10
4.4427209 5.4710279 1.1432405 13.5
4.4807673 5.5967584 1.1836314 12
4.4049335 5.6773195 1.1236328 10
4.4269958 4.2986312 1.2546334 14
4.4328861 4.3665295 1.2306522 13
4.4260325 4.4973941 1.2517251 12
4.4241142 4.5696874 1.2615769 13.5
4.4298491 4.6602607 1.2800379 13
4.4209132 4.9766893 1.2172602 11
4.42311 5.1817393 1.2117964 12
4.4371777 5.4322619 1.2675052 11
4.4104123 5.5567932 1.2281691 12
4.4712558 5.6391816 1.2506616 12.142858
4.471446 -0.6719352 1.3440818 15
4.4620819 4.2961397 1.3884963 13
4.4293137 4.3273282 1.3427123 12.5
4.4120531 4.4344997 1.3533024 13.5
4.4237256 4.6664457 1.3174453 12.333333
4.4400301 4.7318463 1.3123053 12.5
4.4388151 5.0035458 1.3170807 11
4.41644 5.2730331 1.3712335 13
4.4185591 5.3045321 1.3741462 12
4.4354806 5.4395924 1.3589932 12.333333
4.4627395 5.6397943 1.3173547 12.625
4.4290032 5.7214394 1.334151 13
4.4633827 4.1959834 1.4584765 15
4.4489741 4.2614751 1.4435327 14
4.4237609 4.3896785 1.42615 12.333333
4.413959 4.4657969 1.4088593 12
4.4338255 4.6134663 1.4091496 14
4.4329205 4.7054491 1.4892962 14
4.4289141 4.8382392 1.4335487 14
4.4925237 5.5382819 1.4192188 12
4.4527631 5.653708 1.4532666 12.833333
4.4901729 -3.8981946 1.5324184 14
4.471405 3.9395394 1.558821 15
4.4523625 4.2793241 1.5712312 12.666667
4.4490824 4.3469896 1.554705 14.5
4.4222231 4.467608 1.5173918 14
4.4073787 4.5279288 1.5593153 14
4.405201 4.6782537 1.5791609 13
4.4140596 4.7460594 1.5922426 14
4.4649091 5.6378317 1.5261835 12.5
4.4506493 5.7134767 1.5363733 12.333333
4.4381061 4.2655854 1.6457385 15
4.4569993 4.3354936 1.6468796 14
4.4106607 4.4683423 1.6247543 12
4.4458656 4.5669236 1.6311333 14
4.4025126 4.6894221 1.6711011 14
4.4059973 4.7492929 1.6071475 14
4.4064851 4.8126011 1.6324369 13
4.4665241 5.260787 1.6164731 13
4.4233403 5.4206548 1.6683128 13.5
4.4703913 5.5598583 1.6311815 14
4.4614029 5.6548429 1.6522577 13.333333
4.4147353 5.7285285 1.6432321 13.2
4.4395661 4.3297124 1.7422848 14
4.4289069 4.9536023 1.7077605 15
4.4531941 5.6365399 1.7604028 13.75
4.4319849 5.7088871 1.7154865 14
4.4638329 4.3342953 1.8176981 14
4.4551458 5.6714387 1.856984 13.333333
4.4300103 5.7010045 1.8578629 14
4.4972048 -0.67599636 2.1024327 14
4.4099531 5.2467442 2.2999933 14
4.4099088 3.0218272 2.3880692 15
4.5899992 -4.2527962 0.042644802 8
4.545249 -0.90017742 0.037604094 9
4.5051446 3.2830553 0.060677361 7
4.5633922 -4.2515631 0.19993536 9
4.5653725 -4.0856919 0.15114802 7
4.5036559 -3.9563849 0.17024642 8
4.5941057 3.1328175 0.14779644 8
4.5866599 3.6217549 0.19538076 10.5
4.5809016 3.9292614 0.18939936 9
4.5679851 -5.0794148 0.2805081 10
4.5865784 -4.9408627 0.20806517 8
4.586318 -4.8590536 0.24422811 9
4.5581508 -4.4953308 0.23401819 9
4.5556812 -4.3323331 0.27839702 9
4.5229402 -0.42926148 0.29424456 13
4.5815539 3.0536351 0.25089854 11.25
4.5956578 3.1347215 0.25403124 9
4.5805683 3.5771134 0.26944402 11
4.5888057 3.6353137 0.26722407 13
4.5535498 3.8105423 0.26218295 8
4.5868568 3.9375989 0.27642727 14.666667
4.5266352 4.4913731 0.26626343 11
4.5837579 -5.008255 0.39042479 10
4.571322 -4.9752879 0.3895418 11
4.5699897 -4.739511 0.33594728 9
4.5392504 -4.2522888 0.35054106 9.833333
4.5273252 -4.1798625 0.36705649 11
4.5319457 -3.848218 0.35843366 9.5
4.5970206 -3.3045974 0.38717741 10
4.5763559 3.0460031 0.34388635 12.6
4.5988359 3.1141465 0.3551071 14.5
4.5830798 3.4550588 0.32449192 15
4.5985265 3.5974379 0.32037035 12
4.5838804 3.6287358 0.3461861 10
4.5765419 3.9160876 0.31121099 12.333333
4.5686674 4.545054 0.38345769 12
4.5851178 -5.1542873 0.47611135 10
4.5693583 -4.6009183 0.49264252 12
4.5934601 -4.5430498 0.43542084 8
4.546164 -4.4076877 0.46890649 10
4.5475636 -4.2085271 0.43763417 10.666667
4.5067368 -4.1598716 0.49809062 11
4.5374918 -3.551369 0.47566462 12
4.5294256 -3.4437177 0.4224093 11
4.5930772 -3.28109 0.45608267 12
4.581594 -1.7504117 0.40243918 9
4.5439634 -1.5132434 0.41486269 8
4.5461302 -1.0691786 0.4924849 11
4.5932899 2.9569702 0.42926055 9
4.5777249 3.072453 0.44255003 13.25
4.5851693 3.138896 0.42826533 8.5
4.5025773 3.2661448 0.48376772 9
4.5809321 3.6337526 0.4362838 13
4.5814915 3.8905299 0.46653628 13
4.5793443 3.9464107 0.43005598 13
4.5895371 -5.0372424 0.53300571 11
4.5935411 -4.9245539 0.58420211 11
4.561482 -4.776371 0.57029957 11
4.5565958 -4.5448132 0.58188617 13
4.5305781 -4.2841468 0.50144386 11
4.5024419 -4.1003213 0.55033976 11.5
4.5358548 -3.4285266 0.51755381 9
4.5022273 -3.3597753 0.56959355 13
4.5836434 -3.2191589 0.55763805 13
4.5728726 -1.8483031 0.54627979 9
4.5963016 3.0613248 0.53648174 13.5
4.538928 3.108685 0.58993614 13
4.562161 3.3241034 0.52308464 10
4.5980549 3.5704522 0.58434242 13
4.5848536 3.6130641 0.58133125 15
4.5949531 3.8976579 0.56493765 14
4.574523 -5.0713854 0.62406743 12.5
4.5971417 -4.9938707 0.63262862 14
4.5770545 -4.5441198 0.67984515 14
4.563674 -4.3920145 0.62756878 12
4.5379591 -4.2390356 0.68442053 12
4.5037146 -4.131146 0.67483127 12
4.5122166 -3.7816517 0.67102289 9
4.5374708 -3.3906758 0.67517567 15
4.5986948 -3.1854548 0.66357672 14.5
4.539712 2.9757795 0.64911002 14
4.5991378 3.0684996 0.63917768 15
4.5886121 3.1477988 0.65182465 10.666667
4.5847864 3.6298199 0.68349665 14.5
4.542954 4.0291247 0.65276718 12.666667
4.5497518 4.2544174 0.66756445 12
4.5877919 4.5929928 0.61303031 15
4.5710497 -4.9326735 0.75630331 12
4.5737219 -4.7546959 0.72509843 14
4.5393901 -4.3401155 0.72365481 14.5
4.5749731 -4.2961617 0.71446341 11
4.5092115 -4.1945601 0.75690633 15
4.5227818 -3.8902388 0.73777556 11
4.5569773 -1.1014298 0.74773228 12
4.5994663 3.0272691 0.75334364 13
4.5719247 3.6871102 0.77057618 12
4.5573111 3.9919865 0.70780343 12
4.5036697 4.0617466 0.73461074 15
4.507555 5.5762849 0.74474418 12
4.5606608 -5.0365868 0.81072783 14
4.5591564 -4.8415985 0.86435652 15
4.5657783 -4.422617 0.83886898 13
4.5099869 -4.3271308 0.86210209 14
4.5358515 -4.2734756 0.85126126 13
4.5384655 -4.1371069 0.88357848 12
4.5064983 -3.9670775 0.89129323 14
4.5134497 -3.6315246 0.87883717 15
4.5682154 -1.5685824 0.81327873 14
4.5568013 -1.0739324 0.85076064 13
4.5500317 3.0806742 0.86349434 15
4.5894914 3.7615972 0.86410069 12
4.5791979 3.9733121 0.86692733 11.5
4.5382695 4.0573015 0.84322637 10.5
4.5148649 4.108253 0.87129486 15
4.5017185 4.43015 0.81230545 14
4.5858102 -4.9252834 0.97550988 14
4.5344472 -3.7230597 0.97986543 15
4.5212383 -1.1463728 0.9168945 14
4.5852394 3.0368378 0.97946095 14.25
4.5253634 3.9894147 0.9386729 12
4.5800953 4.0436077 0.90663195 11
4.5413246 5.4811549 0.91409147 10
4.5949235 -4.2871199 1.070473 13
4.5045333 4.5529513 1.0425793 11
4.5587363 -4.0817027 1.114109 14
4.5694604 -1.0377519 1.1837692 15
4.5969186 3.136241 1.1143889 12
4.5859637 3.9148443 1.1850421 13
4.508357 5.4027772 1.1911836 11
4.5712805 5.5615516 1.137051 11
4.5074477 5.645021 1.1539136 13.5
4.5109558 -3.8741167 1.2805461 14
4.5829306 3.2500284 1.2684244 14
4.5703974 3.939719 1.2321379 15
4.530839 4.0501351 1.2921221 12
4.5824208 5.4741316 1.290879 15
4.5049467 5.5461001 1.2252369 12.5
4.5534449 -0.6643821 1.3386629 11
4.5925045 3.9921746 1.3315169 15
4.5147409 5.5660419 1.3648268 13.5
4.5964236 3.1201882 1.4434569 13
4.5315847 5.52635 1.463739 12.5
4.5028896 5.4599428 1.5836335 11
4.5193715 5.6278453 1.5779986 14
4.5803027 5.3043976 1.6887985 15
4.5249882 5.4944606 1.6365701 15
4.5626941 5.5807614 1.60648 15
4.5077953 5.6543584 1.6356041 12
4.5713401 -3.4283752 1.7372853 15
4.5977592 3.771704 1.8981521 15
4.5786414 4.6748805 1.884324 15
4.5506864 3.5962484 2.0432024 15
4.5738516 3.7084479 2.0192118 13
4.558435 3.6019397 2.3189833 15
4.671011 -0.8601535 -0.22797972 8
4.6529865 -3.0906532 -0.04148531 7
4.6050863 -2.2453635 -0.094481699 7
4.6580276 3.2774022 -0.035583913 6.5
4.6527414 3.8542016 -0.084255017 7
4.6923943 -3.2243462 0.097785696 7
4.6753421 -2.8099132 0.025708087 8
4.6496854 -0.96442944 0.031056242 9
4.6611485 3.0060573 0.090463325 8
4.6132636 3.1625526 0.0527451 6
4.6013031 3.6201613 0.098013736 10.5
4.6247573 -5.0684195 0.15968548 8
4.6242037 2.9413657 0.19539952 10
4.6417923 3.0656757 0.16440275 7.75
4.6130161 3.1158617 0.14718901 8
4.6521101 3.9035745 0.17701355 9
4.6046648 4.0372882 0.16935691 9
4.6226158 4.5667305 0.19746388 9
4.6227684 -5.1264381 0.25883389 9.5
4.6615224 -3.2762754 0.23396541 9
4.6922941 -3.1145914 0.21555178 8
4.6045842 -1.4317018 0.27626702 8
4.6661239 -0.89152879 0.2038887 9
4.6330833 3.0476439 0.27062237 10.357142
4.6162982 3.1179552 0.2817935 9.5
4.6897259 3.5815399 0.25777471 15
4.6653943 3.6170363 0.24564338 10
4.6340818 3.9045637 0.25474089 9
4.6377921 4.1398726 0.26864508 15
4.6626763 4.200326 0.2655257 10
4.6438355 4.3946891 0.29531479 11
4.6457934 4.5092115 0.20780297 8
4.6079545 -4.7172494 0.39654997 10.5
4.600718 -4.6886592 0.31314975 11
4.6566429 -3.3674049 0.39902675 13
4.6858563 -3.2800989 0.3029038 9
4.6620321 -2.9521439 0.33085099 9
4.6632037 -2.8391595 0.36091346 9
4.6629477 -2.7115748 0.31388402 8
4.6625586 -0.91942239 0.34696472 10.5
4.6736856 -0.69209743 0.30356506 8.5
4.6456666 2.9814684 0.3512488 10
4.626421 3.0494478 0.35377488 9.1999998
4.6348362 3.142679 0.36551115 8.333333
4.6236682 3.6105206 0.33251044 12.5
4.61904 3.8876681 0.3748121 9
4.6136618 3.9142408 0.30648014 10.5
4.6716919 4.4582381 0.31003395 15
4.609592 -4.6393266 0.41251409 10
4.6951509 -3.9093409 0.42215446 11
4.6478786 -3.3441646 0.44066381 10.833333
4.6805835 -3.2533832 0.44972745 9.75
4.6691599 -3.1569183 0.42775998 10
4.6978245 -3.0279927 0.49286321 11
4.6453462 2.9699507 0.45580706 10.8
4.6341295 3.0416992 0.45317963 9.1923075
4.6207118 3.1170578 0.46291682 12.083333
4.6411738 3.5846508 0.46520242 12
4.6759911 3.6157348 0.4770903 15
4.6151104 -4.768919 0.54109991 13
4.6071391 -4.5598302 0.58864033 10
4.6835442 -3.3243825 0.51008922 11.5
4.6727476 -3.241576 0.53270376 11.2
4.6620092 -3.099066 0.53677493 9
4.656466 -2.7358117 0.51770467 11.5
4.6590333 -2.5594642 0.56982535 12
4.6459284 -2.327893 0.5604952 10
4.640739 -1.5871511 0.56815088 10
4.6649432 -0.89074546 0.55690157 13
4.6999521 -0.38812754 0.56602234 11
4.6451635 2.9726384 0.56679344 11.2
4.6207762 3.056071 0.56274784 10
4.6388178 3.1408834 0.54389054 9.875
4.6102152 3.5965977 0.55083871 15
4.6515627 3.8595421 0.55635864 12.5
4.6227407 4.5172334 0.52391344 13
4.6580162 -3.2620971 0.6633631 12.75
4.6183167 -2.5127046 0.6467647 13
4.6574855 -2.3115199 0.6657604 12
4.6113338 -1.8368051 0.6577819 12
4.633626 -1.3348058 0.64364403 14.25
4.6243019 2.9954026 0.66980731 12
4.6226315 3.0449371 0.65681374 10.730769
4.6407003 3.1271899 0.64620829 9.8000002
4.6196632 3.5755594 0.62739336 12.5
4.6247835 3.7185924 0.65985 10
4.633112 3.9441366 0.66790366 12.333333
4.6340265 4.1494341 0.68001544 15
4.6425447 -4.8259726 0.78513259 15
4.6752925 -3.3341951 0.71047676 12
4.656734 -3.2591696 0.71149516 12
4.6763988 -3.1911063 0.78012371 14
4.6730461 -3.0708828 0.76134121 15
4.6329393 -2.8585281 0.74488497 13
4.6258087 -2.5643878 0.75235069 14
4.6400151 -2.4469578 0.71573132 10
4.6942177 -2.3568077 0.78705299 10
4.6629176 -2.2621398 0.74210024 13
4.6527548 2.9870048 0.75276595 11
4.6220999 3.071353 0.74799615 11.142858
4.6199946 3.1082568 0.74700427 10.75
4.6348839 3.5653355 0.75585026 11
4.6339498 3.6942568 0.74955022 11
4.6319227 3.8463352 0.74270374 11.5
4.6056848 3.9900103 0.76733768 11
4.6568918 4.001708 0.72405255 14
4.6701975 4.4968128 0.71497422 14
4.658246 -3.3486538 0.8520987 14.5
4.6676178 -3.2196119 0.89931726 14.5
4.6666079 -3.1607254 0.84094858 13.5
4.6956329 -3.0793569 0.82351017 12
4.6613922 -2.9578741 0.87603748 13
4.6682854 -2.8785551 0.84648073 13
4.6193991 -2.3995054 0.84143347 15
4.6907444 -2.2922893 0.8168714 11
4.6374197 -2.1295667 0.80925548 14
4.6892533 -1.9013345 0.8896752 13
4.6556311 -1.5411514 0.8444314 13
4.6760454 2.9889774 0.80407822 11
4.6224918 3.0674083 0.85702443 12.1875
4.6232409 3.1313674 0.87080312 10.75
4.646452 3.6455259 0.81180507 11
4.6459923 3.7590675 0.85783398 13
4.6373181 -3.4292555 0.92491704 12
4.6460738 -3.3190029 0.96834075 15
4.6654859 -3.2864473 0.90254056 13
4.6504607 -2.9137118 0.90984213 13
4.6180334 -2.8907924 0.9931578 15
4.6989856 -2.77968 0.90458357 14
4.6914697 -2.5724018 0.9678008 14
4.6965194 -2.3403687 0.90967262 12
4.6481447 -2.0666707 0.97182703 14.5
4.6452613 -1.8350135 0.94817805 13.5
4.6040606 -1.3515236 0.96993339 14
4.6942987 0.019219803 0.95657957 14
4.6563749 2.9626448 0.96993607 12.333333
4.6260924 3.048449 0.94001728 12.285714
4.6137681 3.1023688 0.98545933 13
4.6636052 3.3969049 0.97662389 12
4.6392989 3.6352172 0.95634007 13
4.6450038 3.9542487 0.95044798 12
4.6687388 -3.3248007 1.0962561 13
4.6728768 -1.9352736 1.0159606 14
4.658051 -1.8332582 1.0612084 15
4.635241 -0.74203998 1.0173538 15
4.6406684 3.0324059 1.0392023 12.642858
4.6320944 3.1269786 1.0548888 11.6875
4.63515 3.598783 1.0655973 14
4.6223564 3.6593719 1.004683 12
4.6405635 3.8938887 1.0979608 13
4.6760736 -3.2666588 1.1225227 12
4.6707606 -2.9754767 1.1130646 13.5
4.6780262 -2.7686677 1.1129687 15
4.6718297 -2.4724486 1.1430136 13
4.6595092 -2.2749383 1.1173798 15
4.6961422 -1.8393261 1.173558 15
4.6301274 2.9383607 1.1074067 12
4.6217771 3.0560689 1.1558416 13.363636
4.651258 3.6135914 1.1623225 12.5
4.6640244 -2.405906 1.2971861 14
4.6187444 -0.6525386 1.227993 15
4.6463261 2.9856572 1.2952136 15
4.646451 3.0509262 1.2596505 12.5
4.6710787 3.1169176 1.2170324 10
4.669405 3.2577987 1.2767553 11
4.6254992 3.315155 1.208583 12
4.6198254 3.7139161 1.2650622 12
4.6351771 3.88943 1.248769 13
4.6746297 -2.9847844 1.3731732 14
4.6287508 2.9971015 1.3166231 14.5
4.6288228 3.0512137 1.3463527 13.625
4.6220465 3.1196158 1.3201445 13.25
4.6440125 3.5925457 1.3303134 13.5
4.6335411 3.7050548 1.3939757 13
4.6669655 3.8501213 1.3251477 12
4.6843028 -2.4136658 1.4831635 15
4.6623073 2.9814134 1.4652129 14.5
4.6327758 3.0572705 1.4424735 14
4.6514277 3.1292136 1.4420397 12.666667
4.6687565 3.5586107 1.4791329 14
4.6806455 3.6179729 1.4831842 15
4.617208 3.9389043 1.4702039 13
4.6053987 4.6139369 1.4922951 13
4.6583023 -3.6861396 1.5586625 15
4.6665697 2.8994124 1.583626 15
4.6481562 2.978617 1.5469269 14.5
4.6459861 3.0727122 1.5435225 13.5
4.626194 3.1461544 1.5243288 14.333333
4.677134 5.5244665 1.5128654 13
4.6429086 3.0584204 1.6670984 14.25
4.6268411 3.1281769 1.6595671 15
4.6438828 3.9763205 1.6477168 14
4.6125903 5.1974115 1.6500661 14
4.647285 -2.3611042 1.727085 15
4.6188025 3.1328897 1.7522389 14
4.6282473 3.909451 1.7672341 15
4.6226954 3.0493133 1.8090655 15
4.6212859 3.1625116 1.849972 14.5
4.6009727 3.3050618 1.8300166 15
4.6119862 3.6937046 1.8308001 15
4.6939483 3.8507371 1.8910835 13
4.6132526 4.3166723 1.8140823 15
4.6197824 3.3372118 1.9347457 15
4.6415639 3.405674 1.9587365 14
4.620368 4.5958128 1.9792235 14
4.619473 4.5636353 2.4323494 15
4.744554 -0.90501708 -0.12161028 8
4.7612491 -0.29715613 -0.015157653 9
4.7246428 3.2397566 -0.060463097 7
4.764473 -0.75445193 0.095400892 10
4.7949157 -0.69801527 0.05782653 9
4.7975736 -0.35805675 0.029642627 8
4.7460961 2.961869 0.078225166 9
4.701509 3.5342333 0.09653312 9
4.7910519 -0.83176774 0.15161549 10
4.7593174 -0.51575845 0.17127633 11
4.7658081 -0.28961822 0.14211787 9
4.7643785 0.79853714 0.18035154 8
4.705296 2.9735165 0.19472972 8
4.7761178 3.3605034 0.19769093 15
4.7379632 3.6261375 0.14359674 8
4.7796764 4.197484 0.10967219 9
4.7571874 -4.1327777 0.2913096 10
4.7001581 -0.98865598 0.22638278 9
4.7877688 -0.84690189 0.24436203 11
4.7656131 -0.76107883 0.24187218 9
4.7717628 -0.65110129 0.24148518 9.833333
4.7723718 -0.5502249 0.2753911 10.5
4.7745323 -0.49510956 0.26765224 12
4.7773285 -0.34809628 0.24439211 9.958334
4.7669015 -0.29219547 0.24714188 10.5
4.7767787 2.9677696 0.20689176 14.5
4.7553492 3.0513554 0.25890213 12.166667
4.7769451 3.1754503 0.2582894 12
4.7867117 3.2266636 0.22140162 14.5
4.7621574 3.4024475 0.26815927 15
4.7618356 3.637464 0.28148782 14
4.770586 3.7683172 0.2118872 11.5
4.7419844 3.8853762 0.2899524 8
4.7805352 3.9455249 0.27684873 13.5
4.7318635 4.5400119 0.22054462 9
4.7807732 -0.61509496 0.32730922 11
4.7806768 -0.33494154 0.36440933 11.583333
4.7871809 -0.2894769 0.33555302 10.5
4.7639551 2.1129417 0.35708863 9
4.799644 3.3345108 0.33807907 13
4.7214613 -3.2991953 0.49141788 11.5
4.795054 -0.59056574 0.48328239 13
4.7870564 -0.48607644 0.43019819 13.75
4.7805848 -0.36797905 0.4546999 14
4.7825379 -0.2958622 0.45687068 12.25
4.7267895 2.5044343 0.49465251 10
4.7950425 2.9327614 0.45540172 9
4.7538638 3.0415921 0.47779042 9
4.766932 3.958559 0.48357412 10
4.7972937 4.4899197 0.47390491 15
4.7790494 -4.2707782 0.52944374 12
4.7825975 -0.77823693 0.50132805 11
4.7782865 -0.35331276 0.55966544 12.071428
4.7717137 1.2194152 0.54373789 9
4.7285576 2.1166489 0.59959286 11
4.7328296 2.2052178 0.51964724 10
4.7328911 2.3468921 0.57653803 11
4.7966585 2.7275269 0.51514477 10
4.7443485 3.028585 0.54909998 11.5
4.780417 3.1979203 0.53171581 9
4.7626643 4.4539351 0.50354052 11.5
4.7298117 -3.3098834 0.67715657 14.5
4.7705355 -3.1012194 0.6088987 13
4.7648001 -3.0770295 0.69034481 14.5
4.7146626 -2.8583496 0.69893473 15
4.7968168 -0.89901149 0.61193323 15
4.7883329 -0.42746916 0.60779291 9
4.7898908 -0.31159735 0.6338371 13.166667
4.7221069 2.964474 0.66797227 10.5
4.7384834 3.9341002 0.64354384 10.5
4.7921004 -0.94274491 0.75972843 12
4.7747054 -0.45789468 0.71657556 14
4.7870007 -0.34649938 0.75575399 13.375
4.7915139 -0.24905103 0.79749691 12
4.7181382 2.1608799 0.744717 12
4.7333593 2.9814203 0.77120882 14.5
4.7758603 3.0042005 0.75089484 11
4.7153521 3.3647103 0.75774288 11
4.7431149 3.8908918 0.78629011 11
4.7884884 4.0982809 0.75490969 11
4.7202864 -2.7781026 0.8571741 11.5
4.7662463 -0.6640833 0.87173939 10
4.769969 -0.55153996 0.83195263 15
4.7701035 -0.44307542 0.85568738 12
4.7829123 -0.33866435 0.8469944 12
4.7814641 -0.2840876 0.82418174 13.5
4.7764144 0.1172099 0.83952022 15
4.73244 2.3630421 0.82665598 12
4.7706432 2.9742949 0.86124152 14
4.718596 -0.81841278 0.9074375 14
4.7798405 -0.32467479 0.957753 15
4.7461443 2.3942463 0.98777694 13.5
4.7383633 2.8946123 0.94508034 11
4.7349725 2.9778984 0.93102008 14
4.7260766 3.0045121 0.95357156 12
4.7067523 -3.2006958 1.0891224 14
4.7086015 -1.926401 1.0885761 14
4.782702 -0.61882573 1.0204518 13
4.780303 -0.34080806 1.0467908 14.666667
4.7828736 0.6512478 1.0544016 14
4.7368031 2.2644463 1.056723 13
4.7014794 3.3354237 1.0075169 12
4.7720914 3.5906661 1.067402 13
4.7429934 5.2801232 1.0038892 10
4.7019215 -2.6577041 1.1859825 12.5
4.7144747 -2.5547693 1.1267627 14
4.7046361 -1.7665871 1.1772373 15
4.7913752 0.68437505 1.1874968 15
4.7277231 2.2339172 1.193907 14
4.702971 3.3927596 1.1579047 13
4.7750506 3.7598767 1.1191549 12
4.7444515 3.9643064 1.1674013 11
4.738708 -2.6829093 1.2108946 15
4.7220306 -2.2316847 1.222522 15
4.7507176 2.3651555 1.2690477 15
4.7876825 2.9449501 1.2671199 10.5
4.7541757 3.3094244 1.2248476 10.5
4.7468681 3.6055105 1.2049764 11
4.7671075 3.707612 1.2117054 12
4.7074976 -2.8339555 1.3408374 13.5
4.7046275 -1.9801195 1.3019916 13
4.7606616 3.0863988 1.3319895 12
4.7922368 4.3576331 1.3296404 14
4.7358103 5.1574383 1.3414953 11
4.7262387 -3.0481 1.4803475 15
4.7071919 -2.8111191 1.4524593 14
4.7415953 2.9381719 1.449947 13.5
4.7121444 3.0897343 1.4411217 13
4.7308626 3.5492706 1.4153136 13
4.7161736 -2.3541934 1.523702 14
4.7308297 3.0286062 1.5609889 13
4.7051482 2.9879189 1.6403536 12
4.7758818 3.0874841 1.6263078 12
4.7151232 -0.71718603 1.7436172 15
4.7798533 2.3584294 1.9831783 12
4.737237 5.6184392 1.9534441 15
4.737206 5.0994029 2.2203174 15
4.8074198 -0.73891371 -0.15598726 8
4.878294 -6.7229366 -0.063781559 9
4.8435211 -6.3893595 -0.0067553343 7
4.8139091 -0.30814189 -0.043810736 7
4.8537946 2.720515 -0.066665649 7
4.803597 -0.87917387 0.092528701 9
4.8176851 -0.63503617 0.013257257 7
4.8854141 -0.4703891 0.019155119 9
4.8439765 -0.26850688 0.038143132 8.5
4.8394771 0.88841987 0.092758112 8
4.8313646 1.3874907 0.051219929 8
4.8894787 2.8307052 0.097828336 7
4.8892832 2.9210525 0.034025472 9
4.8717175 3.7721176 0.083051711 10
4.8562303 -7.1083188 0.19992507 8
4.8572307 -6.9904809 0.12643296 8
4.8002834 -0.89495683 0.18857209 10
4.892179 -0.49328229 0.19225347 11.5
4.8116384 -0.37057903 0.15237914 8.5
4.8155422 -0.25561941 0.17000864 11.5
4.8563008 0.73832476 0.18655205 8
4.8864636 1.7441075 0.1806913 9
4.8981428 2.0307052 0.16731177 12
4.8954792 2.2579803 0.15008223 12
4.8548045 2.3037927 0.19352698 9
4.8699298 2.5847631 0.14426528 13
4.8306293 2.870908 0.16881037 13
4.861599 2.9647372 0.14407122 10.5
4.8875556 3.0009706 0.17419329 7
4.885354 3.1661549 0.15138312 12.75
4.8870449 3.2523692 0.14340767 10
4.8411775 3.3844128 0.11707047 13
4.835897 3.6179602 0.18800688 9
4.8192406 4.5701962 0.19394457 10
4.8280954 -0.91067451 0.21817125 10.5
4.8210778 -0.8498835 0.27033487 11
4.8336525 -0.56042182 0.27905807 8
4.8215804 -0.45232299 0.26669419 10.5
4.8339033 -0.37403637 0.25217021 11.166667
4.8842564 -0.24489254 0.2656723 11.75
4.8179908 -0.18541172 0.2526578 13
4.8956027 0.69818461 0.24617469 8
4.8973594 0.90685493 0.22966962 12
4.8832669 1.0568664 0.20029514 11
4.8939929 1.2808427 0.2928288 12
4.8697944 1.6261523 0.29890603 9.5
4.8837161 1.7293745 0.23531161 10.5
4.8570471 2.0976412 0.26066115 10.5
4.8882418 2.1555796 0.29282859 15
4.898705 2.2311587 0.23298649 12
4.8788071 2.5217457 0.27658328 9.75
4.8855782 2.6408112 0.20846759 12
4.8816891 2.7995727 0.21315978 9
4.8773832 2.869343 0.28286356 12.5
4.8530803 2.9648907 0.23969431 9.75
4.8612146 3.0455697 0.26312119 14.333333
4.8695469 3.1422997 0.22968636 12.333333
4.8135381 3.2400081 0.25330216 11.5
4.877861 3.4925444 0.24327157 10.5
4.8390436 3.5561266 0.22604385 11.5
4.8599133 3.6692259 0.23690914 11
4.8505287 3.776768 0.25027809 14
4.8761282 3.8631439 0.20983925 13.5
4.8454165 3.9322782 0.27726239 13
4.8442483 4.0613236 0.25223249 13.75
4.80164 4.1991129 0.24941771 13
4.8395624 4.4401994 0.25817558 10.666667
4.8719335 -7.6032295 0.33021232 9
4.8226714 -6.8135848 0.33015108 9
4.8742661 -6.5543165 0.36344075 11
4.8245416 -4.6757283 0.30846396 10
4.8408947 -0.7752564 0.33730587 10
4.8009057 -0.57125521 0.36044988 11
4.8706374 -0.43970078 0.32382014 12
4.8123498 -0.31654024 0.33033496 9.625
4.8132558 -0.28263649 0.3305988 10.75
4.8158994 -0.19577357 0.38049468 15
4.8635359 1.5633724 0.36525527 14
4.8738427 2.0976379 0.3985728 12
4.8800807 2.1694021 0.30757961 15
4.8872695 2.2636907 0.38865998 12
4.8796363 2.7497063 0.37489977 10
4.8775468 2.9501779 0.33460131 11.416667
4.8262773 3.1313217 0.35922456 13.5
4.8805952 3.2469826 0.32844245 8
4.8683457 3.3675995 0.3403545 11.5
4.8689084 3.4515321 0.35854176 13.75
4.8596711 3.5756335 0.34672055 10.625
4.8359289 3.6303692 0.36125085 13.25
4.8652511 3.7872498 0.3823522 15
4.8471494 3.9115436 0.32568213 12.5
4.8516016 4.1664758 0.33026519 15
4.8048306 4.2955818 0.31737828 14
4.8275561 4.3326449 0.34208879 14.5
4.8930345 -7.4308019 0.42995933 10
4.8085914 -6.4229856 0.43565872 10
4.8145981 -4.9082847 0.42161199 11
4.8542809 -4.7888789 0.45844242 12
4.8081527 -0.63588589 0.42191243 14
4.814292 -0.5753653 0.43881622 14
4.8735585 -0.45527565 0.4508791 10
4.816926 -0.33472028 0.41881493 11
4.8181891 -0.26814443 0.44012395 12.25
4.8784409 0.2800681 0.49734947 11
4.8650398 0.43702427 0.46723995 11
4.8747087 0.87239015 0.45076194 11
4.8580403 1.1601403 0.42512938 13
4.8761849 1.329291 0.4118396 11
4.8705935 1.6505274 0.48592177 10
4.8532228 1.9536082 0.43886924 10.25
4.875699 2.9462955 0.45366731 12.375
4.8326931 3.0420353 0.45701283 14
4.8450446 3.1521654 0.4427225 14.25
4.8722987 3.2208338 0.41706169 10
4.8674011 3.5844049 0.44849041 12.5
4.8313327 3.6202865 0.43815547 14.25
4.8139348 -6.7954435 0.56104404 11
4.8458052 -6.4103217 0.51144528 12
4.8070869 -0.62648624 0.59687763 13
4.8542447 -0.47260976 0.53768694 11
4.8047967 -0.32061455 0.53895354 12.25
4.8354998 -0.29553622 0.5932377 15
4.853869 0.45869857 0.58911842 12
4.8692713 0.91922617 0.50513905 10
4.8788204 1.0503745 0.52010697 12
4.8854976 1.459807 0.59529746 13
4.8690319 1.7936982 0.53946507 13
4.8634701 2.1631646 0.53752935 14
4.8742175 2.4538469 0.50705814 14
4.8981314 2.9722857 0.54325527 14.333333
4.8179975 3.1727624 0.52285224 15
4.8797655 3.3422267 0.50029778 10
4.8617764 3.4638345 0.55014867 12
4.8705482 3.5604541 0.51308835 11.333333
4.8685555 3.6846204 0.59664226 9
4.8732085 4.1864963 0.53238094 15
4.842001 -7.1454129 0.65291202 10
4.819551 -0.74026763 0.63076121 12
4.8105469 -0.57469165 0.69716394 14
4.8194675 -0.33642456 0.64794606 13
4.8185406 -0.25484091 0.65189451 11
4.8896031 0.17332134 0.66563469 11
4.8900647 1.0253803 0.65338808 13
4.8670635 1.5747904 0.60558146 10
4.8636847 2.2424066 0.60993528 15
4.8902688 2.4575958 0.63785154 10
4.8674011 2.9648092 0.64232385 11.75
4.8592668 3.0381072 0.64184898 11.5
4.8789868 3.3806 0.62971348 11
4.8905835 3.9587874 0.67678159 11
4.8195772 -6.6602697 0.78311259 12
4.8613772 -6.4253316 0.71951813 11
4.8108201 -0.75759357 0.77018732 13
4.8183312 -0.33456746 0.76003587 13.5
4.8075509 -0.29305333 0.76127183 12
4.8875055 0.48638296 0.72530997 13
4.8968968 2.3854446 0.71103239 15
4.8725061 2.6049306 0.77244794 15
4.8804383 3.2974336 0.77839768 10
4.8726234 3.3557725 0.70873743 14
4.8146124 3.5509138 0.74841517 10
4.8719635 3.8384771 0.74169225 11.5
4.8601489 -7.9389009 0.82533187 11
4.8231978 -0.69796681 0.8983705 14
4.8976111 -0.51726305 0.80070537 13
4.8935537 -0.46962696 0.85298747 12
4.8874283 -0.28478581 0.84567142 15
4.8968258 0.42443919 0.89123571 13
4.8648601 1.0218354 0.89965332 14
4.8527036 3.8502603 0.80957562 11
4.8533468 4.2972846 0.85336161 11
4.8233895 -6.560473 0.93302804 13
4.8686228 -0.73760736 0.99296981 13
4.8144374 -0.32155758 0.94724452 13
4.8918705 0.1574607 0.96220469 13
4.8486733 0.86950701 0.95343107 15
4.869338 1.000267 0.99732119 13
4.8649807 1.5797253 0.97901088 11
4.8998494 1.6588457 0.97970313 12
4.8586693 3.0515881 0.93365252 11.5
4.865953 3.4237463 0.96558011 11
4.8581462 3.5828836 0.99461579 12
4.8683209 3.8370173 0.9857623 12
4.8686085 -0.65388823 1.0947894 14
4.8014154 -0.3505486 1.0311028 14.5
4.844841 0.93455976 1.0498019 12
4.8990397 1.3434513 1.026239 15
4.8604817 2.5212941 1.0826359 12
4.8860383 2.6076546 1.006925 11
4.886724 2.9669716 1.050918 10
4.8386497 3.0347767 1.036386 12
4.855392 3.7941637 1.0767931 12
4.8564453 4.2736526 1.0875062 12
4.8173175 -6.5082517 1.1663039 14
4.8920784 -0.66251671 1.1467621 14
4.8265128 1.5023091 1.1560607 14
4.8201947 3.6164906 1.1910845 13
4.8185239 3.8974841 1.1152987 10
4.8724027 4.3318582 1.1120418 12
4.8929148 -0.76972312 1.2815208 13
4.8839622 1.2572557 1.2964334 15
4.8961253 2.9492183 1.2978811 13
4.8817592 3.4656997 1.2157191 13
4.8347292 3.660465 1.2748299 13
4.8992896 -0.60262281 1.3814633 15
4.896812 3.0586863 1.3073716 12
4.8900609 3.8213615 1.3610991 13
4.8760252 0.6281901 1.496339 14
4.8773003 3.1082504 1.5454767 13
4.8926535 3.3851078 1.5751323 12
4.8717017 2.3490469 1.6669697 15
4.8169961 3.2030756 1.637351 15
4.8526301 3.7990551 1.625034 12
4.8376446 -0.98141992 1.7070441 14
4.880888 0.78411019 1.7011544 15
4.8452597 3.1858895 1.7386571 15
4.8611674 3.7899802 1.8354877 13
4.8987164 3.4739497 1.9051006 15
4.8518448 4.4051762 1.9381757 15
4.8357196 3.4103682 2.0185363 14
4.8966928 0.50684112 2.1308899 11
4.8017268 3.5076635 2.2215753 15
4.826107 5.3173714 2.2272999 15
4.8456659 6.4006333 2.2528923 15
4.8176551 4.193542 2.3865259 15
4.8135591 5.5142169 2.3736103 15
4.8995562 5.9435725 2.3119082 14
4.8988376 0.21747912 2.4374774 15
4.9519439 2.8367693 -0.31444463 6
4.9572144 -0.073962845 -0.29714552 6
4.9243846 0.69576472 -0.24545871 8
4.9991422 0.88623357 -0.20060539 6
4.9444265 1.0653944 -0.21440409 6
4.9020319 -6.2166891 -0.1016029 8
4.9748583 -0.11217467 -0.11794111 8
4.9488053 0.58328587 -0.12534742 8
4.9521828 0.71246362 -0.17433849 7
4.9902396 1.2535474 -0.14232728 6
4.9853959 1.4846255 -0.11617173 6
4.9593515 1.7656132 -0.10516368 7
4.9132657 1.9765674 -0.12628563 7
4.9482932 2.1210897 -0.12906301 7
4.9672961 2.6492064 -0.13624142 7
4.9553738 2.7856097 -0.13827708 6.5
4.9443598 -0.24323539 -0.034812123 7
4.9644561 -0.16236848 -0.031405721 7.6666665
4.9829125 0.11330996 -0.056250755 7
4.9195204 0.59694982 -0.0005571497 7
4.9279909 0.78820306 -0.050570123 7
4.9785671 0.81639427 -0.024156818 9.5
4.9513931 1.0583334 -0.0068683457 7
4.9674196 1.2676746 -0.023181343 9
4.9690375 1.3344991 -0.019788427 10
4.9246316 1.6115119 -0.093682341 7
4.9145012 1.9864445 -0.0050831628 7
4.947722 2.1081617 -0.022973279 8
4.9027214 2.9411142 -0.092594035 7
4.9623179 3.4841523 -0.067390256 6
4.9342308 3.7862732 -0.0043123779 10
4.9837389 -0.26215321 0.068764687 7.625
4.9881644 -0.15707991 0.093668714 8
4.9904552 -0.050853789 0.055869982 8
4.9850554 0.053415149 0.067861944 8.5
4.9282126 0.13502979 0.0030723033 7
4.9835925 0.26908681 0.04937955 8.833333
4.9955368 0.35933623 0.064574823 10
4.9426823 0.46774378 0.043343429 8.333333
4.9478168 0.71081346 0.048201796 8
4.9320712 0.86145097 0.044241022 9
4.9257956 0.92210937 0.067976817 7.5
4.9475703 1.0323577 0.050631396 8.666667
4.915904 1.1813639 0.052621972 10
4.9369736 1.2742949 0.061090086 8
4.9145179 1.4976548 0.08628843 7
4.9323692 1.5751253 0.048468255 6
4.9585805 1.7677809 0.031371005 11
4.9111562 2.05425 0.026147401 7
4.9333553 2.3800359 0.048964858 7
4.9557285 2.4637661 0.013609827 7
4.9435482 2.7681675 0.076932222 7.5
4.952013 2.8111401 0.039396085 7.5
4.9682083 -0.45237088 0.17595859 10.5
4.9723535 -0.36323535 0.13162766 9
4.9870057 -0.23871355 0.1498431 8.25
4.9653959 -0.14732224 0.15860571 9.6000004
4.9722233 -0.020241175 0.15451549 10
4.9854116 0.071492821 0.15516302 10.5
4.9801493 0.18163824 0.12943651 11.5
4.9399962 0.34997338 0.14702828 10.333333
4.9617462 0.42840195 0.16636589 10.375
4.9505763 0.51899171 0.17285787 10.5
4.9494891 0.66742301 0.16455318 10
4.968152 0.75493252 0.1775682 13
4.9547992 0.83283246 0.1331653 10.25
4.9352541 0.95976514 0.16088504 11.5
4.9443197 1.0386471 0.16847183 9.875
4.9226499 1.1354489 0.12391458 10.5
4.9422379 1.2488545 0.14964961 10.5
4.9468465 1.361904 0.14686315 8.25
4.9276471 1.4730603 0.14644289 10.7
4.9438782 1.5307958 0.15401095 9.75
4.9110174 1.6811855 0.14852226 14.5
4.9206715 1.7068083 0.17006725 11
4.901525 1.8591545 0.15353355 11.5
4.9508491 1.963033 0.17926338 9.666667
4.9275131 2.0784373 0.17569876 9.3999996
4.9164433 2.1644237 0.1440441 10
4.9308023 2.3315365 0.15150663 10.5
4.9169064 2.4046676 0.17971705 9
4.966712 2.5388029 0.17760758 8
4.930078 2.6864593 0.19269741 10
4.9401321 2.7923787 0.14944315 10
4.9246817 2.848053 0.1273493 13
4.956522 2.9385986 0.16932026 8
4.9255862 -6.2807593 0.28666076 9
4.9384627 -0.5779587 0.2906419 11
4.9579453 -0.4669053 0.22215031 12
4.9566555 -0.36044729 0.26028425 9.333333
4.9825215 -0.2549915 0.27490699 9.4499998
4.9734521 -0.17101362 0.2451387 11.5
4.9492717 0.066108562 0.23285328 11
4.9705405 0.1198624 0.26530939 11
4.9625258 0.22880647 0.26397219 10.5
4.9625654 0.35345161 0.24291232 10
4.9520588 0.44258118 0.23804601 11.5
4.9695334 0.55031753 0.25164649 9.5
4.9327855 0.63932687 0.2424867 9.5
4.966249 0.71300632 0.25146639 12.166667
4.9470992 0.83976752 0.24677783 11.75
4.9260831 0.96336514 0.24059671 11.875
4.9417844 1.0086306 0.27494964 11
4.9666667 1.1720954 0.26681378 11.25
4.9216008 1.2604139 0.25413284 13.25
4.9503512 1.3976742 0.2770859 8
4.9420586 1.458733 0.23156378 11.666667
4.9580636 1.5583243 0.2524398 9.1999998
4.9401212 1.6533271 0.25326252 11
4.9582019 1.7857221 0.23800139 12
4.9203 1.8297194 0.28671956 9
4.901679 1.9397671 0.23362614 13
4.9327641 2.0763965 0.2578356 10.333333
4.9628739 2.1374137 0.24196786 10.5
4.9178987 2.261131 0.24611588 9.75
4.9349456 2.3551323 0.23781677 10.166667
4.9287677 2.4285314 0.2308806 8.5
4.9384317 2.5413041 0.23923422 10
4.92205 2.6698387 0.24326381 10.1
4.9363942 2.7581689 0.261011 8.8000002
4.9410763 2.844039 0.23936629 9.833333
4.927907 2.9482844 0.24866211 11.333333
4.9108157 3.0555551 0.26584426 11
4.9347687 -0.34037244 0.35775703 10.625
4.9650154 -0.25706533 0.3384839 10
4.9779434 -0.16177423 0.35369274 11.25
4.9916539 -0.0741117 0.33413923 11.5
4.9408054 0.045938909 0.31422123 11
4.9670067 0.14486477 0.37578732 12.833333
4.9531517 0.24065855 0.37706783 14
4.9582405 0.35283169 0.33442414 12.333333
4.9538121 0.47281417 0.31963474 10.5
4.9632006 0.54008096 0.3558377 11.166667
4.9492297 0.65204465 0.33349901 11.5
4.9500461 0.76038313 0.34117967 11
4.986402 0.85301334 0.37122643 13.5
4.9368825 1.0567912 0.35521546 9.666667
4.9490013 1.1686864 0.34783888 11.333333
4.9419441 1.2634932 0.3243151 12.166667
4.9393463 1.3565809 0.33730018 12.666667
4.9400334 1.4102094 0.32846954 11.5
4.9360127 1.5701981 0.36762434 10.5
4.957231 1.629164 0.37239611 10.5
4.9527235 1.7895896 0.35578173 11
4.9534659 1.8272254 0.33746532 11
4.9496846 1.9295053 0.34666342 10.5
4.945363 2.0702376 0.38658553 9
4.935039 2.1058505 0.33961248 11
4.9543567 2.2232449 0.33908445 10
4.9440341 2.4675527 0.36064076 9.75
4.9207129 2.5313132 0.37674481 10.5
4.929553 2.6725612 0.35462379 8.5
4.9307771 2.7203956 0.37326959 9
4.9467473 2.8319414 0.34131199 12.25
4.9163218 2.9414749 0.34985822 11.75
4.9770203 -0.61044699 0.49551597 14
4.9490128 -0.55930173 0.44451895 12
4.9375196 -0.43261319 0.49627548 11.5
4.9413657 -0.35586479 0.46212181 12.125
4.9705019 -0.24205506 0.45040599 9.6499996
4.978271 -0.14841227 0.44096357 12
4.9841533 -0.051412098 0.44135195 11
4.9470639 0.037223183 0.42044565 10
4.959146 0.16491637 0.42301378 13
4.9861941 0.28838545 0.44133973 13
4.9486971 0.45705909 0.43002468 11.8
4.9500871 0.55685687 0.45881504 9
4.9686556 0.65730548 0.46651474 10.6875
4.9435873 0.72917348 0.45747405 12.25
4.9528551 0.83818388 0.46865776 11.5
4.9334178 0.90729171 0.418634 11
4.9355397 1.0649024 0.4609009 11.75
4.9600368 1.1491383 0.44894224 10.166667
4.933208 1.2291542 0.47725677 11
4.9508328 1.3936776 0.4240467 13
4.9379592 1.4550018 0.44210729 11.8
4.9429793 1.5594517 0.43792674 13.5
4.9571891 1.6157598 0.43989059 11.5
4.9686298 1.8568674 0.48098788 10.333333
4.9343219 1.9247073 0.4188056 11.5
4.9459429 2.0346198 0.44399843 9
4.9431148 2.1688025 0.45941475 9
4.9305601 2.2509241 0.40356728 10
4.9377337 2.3317597 0.45015386 9.5
4.9676805 2.4975936 0.40152168 8
4.9393201 2.5241957 0.4803012 11
4.9415684 2.6679864 0.44626695 10
4.9400773 2.7555075 0.4266434 9.1000004
4.929842 2.8234792 0.43290618 10.166667
4.9222803 2.9421785 0.44536501 11.8
4.9122281 3.0720372 0.49669635 14
4.9623775 -0.40684342 0.54394263 11
4.971117 -0.30692592 0.53815806 13
4.9808745 -0.2558322 0.56129241 11.333333
4.9928308 -0.17080308 0.541403 9.75
4.9736171 -0.023215735 0.52859539 12.5
4.9676137 0.023681412 0.57513398 11.333333
4.9395146 0.25417781 0.55544811 13.333333
4.945363 0.55968368 0.5508678 13
4.966032 0.66802824 0.53312135 12.25
4.9701686 0.76856458 0.5718115 12
4.9586654 0.86567241 0.54455191 10
4.9614725 0.93730479 0.5464099 12
4.9618106 1.1681638 0.53196287 12
4.9461961 1.2618077 0.55123532 13
4.9558053 1.3159934 0.57266736 12.166667
4.9521203 1.4642371 0.5451678 10.666667
4.9350863 1.5487632 0.5511418 12.75
4.9327526 1.6420164 0.58738542 10
4.9400301 1.7630528 0.55156446 12.333333
4.9452181 1.8174365 0.54139954 13
4.9344325 1.9290438 0.58033723 12.5
4.9302135 2.1577621 0.55311984 12
4.9304733 2.2550721 0.56530178 10
4.9307742 2.3553579 0.51439422 11
4.929244 2.4545188 0.5562278 11.333333
4.922945 2.6470559 0.56852937 15
4.9382176 2.7516277 0.54749393 9.8000002
4.9197097 2.8657229 0.54955196 10
4.9341159 2.9532211 0.55683202 11.285714
4.9983706 -0.58640325 0.63387489 13
4.9846592 -0.43554801 0.63321775 14
4.9518867 -0.33557653 0.66602582 11.9
4.9772058 -0.25682122 0.65099376 11
4.9868741 -0.15105566 0.63985234 10.5
4.9785423 -0.006973038 0.66654187 13
4.9781165 0.0034268277 0.61234415 10
4.9859948 0.16635077 0.66368783 14
4.9784503 0.24495582 0.62742686 11
4.9385333 0.4991509 0.64571333 13
4.9449797 0.55068755 0.64334977 12
4.9692864 0.6779654 0.69750851 11
4.9361792 0.76656049 0.68380386 13
4.9535079 0.82903552 0.63695639 12.5
4.9467864 0.91306716 0.65249479 12
4.9521608 1.1160597 0.6632058 13
4.9759097 1.2598922 0.68192232 14
4.9414124 1.4432238 0.65237439 12.75
4.9387798 1.6556724 0.65660071 15
4.9509711 1.7510428 0.66736245 12.333333
4.9402623 1.8497518 0.62512875 10.666667
4.9197583 1.9232664 0.68941265 10
4.9541931 2.0447557 0.67023927 14
4.9420404 2.1536922 0.69830316 13
4.9391794 2.2337132 0.64338976 12
4.9407687 2.3659823 0.64496255 11
4.9599895 2.462867 0.66114783 10
4.9261813 2.5397038 0.6347968 11.5
4.9475255 2.6510537 0.63807613 9.6000004
4.9409714 2.7447069 0.62804776 9.666667
4.9311943 2.822165 0.63398606 10.5
4.9364204 2.9384613 0.65283108 10.375
4.9072556 3.284435 0.60489827 11
4.9796219 -0.35103551 0.7823109 10
4.981113 -0.23213346 0.74650115 11.583333
4.9835134 -0.15487637 0.72379279 10.5
4.9847383 -0.056155056 0.76502728 12
4.9827871 0.021125633 0.77765971 10
4.9037986 0.12474065 0.75974733 11
4.9529867 0.27382803 0.71995074 15
4.9306784 0.35608438 0.74284816 12
4.9396658 0.53160352 0.75441337 11
4.975616 0.61366403 0.73723239 12
4.9973102 0.89840066 0.79450053 11
4.9318247 0.96880436 0.7094754 10
4.9591856 1.0566841 0.76766813 12.5
4.9413657 1.1265014 0.76275206 13
4.9985776 1.2127521 0.73483968 12
4.9638443 1.4583852 0.76507825 13
4.9294934 1.5323881 0.74111056 12.8
4.9425712 1.732715 0.74275869 13
4.9436221 1.8509822 0.75553793 11
4.9543324 1.937109 0.7514587 12.5
4.9494848 2.196434 0.72877043 9
4.9312506 2.261487 0.7626614 11
4.9349418 2.3384655 0.74761903 13
4.9454751 2.4454842 0.75702494 11.666667
4.9426107 2.514513 0.79545635 10
4.9411268 2.6555359 0.78300083 10.333333
4.9448452 2.7490377 0.75223309 10.2
4.9313602 2.8271742 0.73833889 11.6
4.9161563 2.9926181 0.70970756 15
4.9197035 3.0135732 0.78492057 10
4.9341636 3.4907715 0.7823506 9
4.9283409 -6.2944965 0.89334667 12
4.9732432 -0.58958274 0.8572579 14
4.9118366 -0.33852655 0.86316949 13.5
4.9836211 -0.25629163 0.87945986 11.666667
4.9836569 -0.18156064 0.82585341 13
4.9909067 -0.06176012 0.8589018 12
4.9921646 0.01243533 0.88285816 12
4.9876194 0.1234211 0.8428607 11
4.9618731 0.36109668 0.83844489 13.333333
4.9551086 0.55893892 0.81988651 12.25
4.9627614 0.67924106 0.86260724 12.666667
4.9544206 0.83530515 0.86527145 13.5
4.9417486 1.3687906 0.8559407 13.5
4.9515433 1.4347624 0.8662619 11.666667
4.9524641 1.5282682 0.85847193 12.75
4.9514112 1.6736513 0.87332672 12
4.9521904 1.7506415 0.82771832 11.5
4.92487 1.8405184 0.84205377 13.5
4.9481015 1.9353229 0.88609749 12
4.9269056 2.0180159 0.85388356 14
4.9948392 2.1553469 0.84824795 12
4.9453459 2.2407799 0.83021057 12
4.9774637 2.489584 0.86355156 11
4.9290681 2.5818186 0.83021158 12.333333
4.9462714 2.6703439 0.84034073 11
4.9518642 2.7486856 0.87781066 11
4.9402037 2.8375587 0.86805773 12
4.9243035 3.4674931 0.82032901 10
4.9417629 -0.6662842 0.98466957 14
4.9737206 -0.57271159 0.97394657 13
4.9810138 -0.30175105 0.9678933 15
4.9812598 -0.25058281 0.93608463 11.8
4.9948621 -0.16211322 0.9457652 12.5
4.9712353 0.055914175 0.95143294 11
4.988534 0.1388994 0.9551369 14
4.9636521 0.33270884 0.91783142 12.666667
4.9874759 0.45573515 0.94806272 14
4.9431233 0.53825313 0.93211508 12.5
4.9633555 0.62410718 0.921314 10
4.9589138 0.73525411 0.96064049 13.333333
4.9571109 0.92330652 0.9360916 11
4.9544334 1.1410381 0.9907192 14
4.9504819 1.237247 0.90081316 11.5
4.9588504 1.865278 0.9212414 15
4.9430189 1.931536 0.91397256 11.5
4.9479365 2.0448334 0.9498139 12.125
4.9741654 2.1364524 0.97879577 10
4.9287505 2.2151625 0.90935636 15
4.9850869 2.3142774 0.9033851 10
4.9509892 2.4493392 0.91968888 12.25
4.9106984 2.5342834 0.94671857 14.5
4.9455194 2.6416862 0.90942323 11
4.9455824 2.7645354 0.96514302 12
4.9423552 2.8565164 0.95382082 11.666667
4.9312038 2.9743502 0.97553968 12.5
4.9153838 3.4336386 0.98517865 12
4.9246836 4.2259765 0.98234904 12
4.975698 -0.64686686 1.0410088 12
4.9658155 -0.32739711 1.0437019 12.5
4.9636383 -0.27213839 1.0222687 12.5
4.9891844 -0.16208898 1.0453061 13.375
4.9439578 0.19389288 1.0175651 14
4.9785089 0.21040565 1.0057442 12
4.9668059 0.36072049 1.0498365 13.5
4.967483 0.67200071 1.0718572 12.333333
4.958612 0.7573266 1.0207679 15
4.9512339 0.84510791 1.0326647 12.666667
4.9709697 1.0018526 1.009935 13
4.9549718 1.1516154 1.0461735 13
4.9352064 1.2313229 1.0767726 14.5
4.9234757 1.3227971 1.0033104 14
4.9815226 1.4207848 1.0136456 11.5
4.9224205 1.6150554 1.0317876 13
4.940033 1.7482754 1.0642295 13.666667
4.9577961 1.8577626 1.0310237 13.25
4.9429922 1.9453726 1.0240191 12.333333
4.9459801 2.1892827 1.0673019 13
4.9131174 2.3892322 1.097436 13
4.9288902 2.4417741 1.0090048 11
4.9520731 2.5774384 1.0256612 11.5
4.9493394 2.6942251 1.0157866 12
4.9262991 2.722924 1.0511804 11.666667
4.9462638 2.8322525 1.019652 12.5
4.9225473 2.9672205 1.0659648 14.333333
4.9502969 3.0270789 1.036316 11
4.9629312 -0.65710413 1.131614 13.166667
4.9863677 -0.59951323 1.1107386 14
4.9803233 0.044559475 1.1134197 14
4.9663873 0.22951058 1.1600714 14.333333
4.9663849 0.41841695 1.1915222 14
4.9645925 0.53507107 1.1454475 13.5
4.9519548 0.6654433 1.166868 15
4.9361196 0.77130038 1.1216298 15
4.9795651 0.86556101 1.1675457 13
4.9622927 0.94827014 1.156538 14
4.9730458 1.0663559 1.1892353 14
4.9604173 1.1392857 1.1343244 14
4.9545708 1.2931334 1.1561754 14
4.9739175 1.3650869 1.1757033 13
4.9390392 1.4563643 1.1629285 11
4.9718208 1.578506 1.1521864 11.25
4.9760718 1.6149932 1.1991086 14
4.9382477 1.7694885 1.1410459 13
4.9473176 1.8443919 1.1195859 15
4.9923048 1.9676484 1.171982 10
4.916451 2.1170397 1.1476282 12.5
4.928246 2.2591662 1.1679072 15
4.9307733 2.3506169 1.130968 13
4.9514017 2.4200423 1.1539575 12.5
4.9496841 2.5055559 1.1425545 13
4.9508705 2.7162244 1.1757622 13.25
4.9478402 2.8631167 1.157105 14.333333
4.9250607 2.99265 1.1534719 13.5
4.9479575 3.0297451 1.1390401 11.5
4.9062891 3.4885404 1.1918405 13
4.9630198 -0.63456827 1.2249863 14
4.9840045 -0.42900378 1.2192538 12
4.9619436 -0.030056968 1.2468176 15
4.9539762 0.11138228 1.2778884 14
4.9843793 0.25736785 1.2166179 13.5
4.9880919 0.48756224 1.2233123 14
4.958817 0.51574928 1.2145982 13
4.9675231 0.6594336 1.2672009 13.666667
4.9784555 0.8491649 1.2895977 15
4.9745107 0.96688247 1.2562627 13
4.9638619 1.0540895 1.2865144 13
4.9611168 1.2851658 1.2897714 14.25
4.9560628 1.3531735 1.2496309 12.666667
4.9722238 1.4112825 1.2906518 15
4.9518366 1.7352678 1.2910426 14
4.982666 1.9101218 1.2831287 14
4.9492364 2.0610001 1.2421378 13.666667
4.9458289 2.1397209 1.2320603 14
4.9458871 2.2528026 1.2129092 14
4.9580903 2.3794158 1.2379721 14.5
4.9783788 2.4329987 1.256544 15
4.9323239 2.7665129 1.2326901 13
4.9192705 2.8579786 1.2313963 13
4.924243 2.9826694 1.2873672 12
4.9052472 3.3671844 1.2031519 14
4.9028659 3.602092 1.2084509 12
4.9289436 4.253242 1.2548134 10
4.9510517 4.8178363 1.278954 12
4.9874892 -0.64309043 1.3623224 14.25
4.971746 -0.57293856 1.3511358 15
4.9907994 -0.061330635 1.3688107 14.333333
4.9755521 0.018286079 1.3250319 14
4.9879198 0.2344145 1.3640909 14
4.9767847 0.42500415 1.3709292 14
4.9796724 0.55641443 1.3745799 15
4.9899001 0.64381182 1.3469437 11
4.9737606 0.84442508 1.3237933 15
4.9706144 0.92352968 1.3113396 15
4.9609518 1.0674936 1.3643471 11.5
4.9588075 1.1553782 1.3482275 14
4.9657631 1.2309884 1.331174 15
4.9803557 1.4321972 1.3821 14
4.9625196 1.542991 1.3497331 14
4.9490614 1.753006 1.3002365 14
4.9586153 1.932741 1.31941 12
4.9396167 2.0770974 1.3732084 12
4.9474235 2.1965361 1.3530548 15
4.9477086 2.2726541 1.3505058 14.5
4.9851141 2.5457237 1.3490161 13
4.9447284 2.7464108 1.3096881 13
4.9811912 2.8995461 1.3542134 15
4.9395475 2.9364331 1.3406758 14
4.938838 3.038878 1.3535357 12.8
4.9111042 5.0334082 1.3392409 13
4.9680576 -0.6506536 1.4704797 14.333333
4.9640093 -0.57347077 1.4730375 15
4.982892 -0.36103395 1.4089992 15
4.9900703 -0.10204619 1.4799985 13
4.9617844 0.60503918 1.4603798 15
4.9749041 0.77620786 1.401493 13
4.9636726 0.86347294 1.4241986 13
4.9629097 0.96558434 1.4766529 15
4.9671869 1.0324534 1.4625722 9
4.9781713 1.1190732 1.4700609 14
4.9276381 1.3374929 1.4022676 14
4.9435658 1.4883473 1.464857 13
4.9628119 1.5532413 1.4781909 15
4.9468932 1.6389354 1.455907 15
4.9495573 1.7845192 1.4709593 15
4.950984 1.8551257 1.423559 14
4.9346089 2.1525359 1.4614559 13.25
4.956615 2.3421023 1.4066354 13
4.9254823 2.5219777 1.4719613 14
4.93854 2.6899722 1.463704 14
4.9471068 2.7600901 1.4280558 11.666667
4.9311838 2.874671 1.4392189 10
4.9347115 2.9567497 1.4451598 14
4.9337735 3.0189009 1.4605469 12.5
4.9057608 3.5816844 1.4359468 14
4.9134779 -0.73019421 1.5093613 14
4.9962025 -0.59098208 1.5379848 14
4.9556212 0.12987174 1.5379063 12
4.9711304 0.29154706 1.5730658 14
4.9957204 0.32576168 1.524666 14
4.9647484 0.68217367 1.5692286 13
4.9770074 0.77921587 1.5948899 15
4.9899759 1.0025129 1.5153731 15
4.9575691 1.1659185 1.5359955 14
4.9982791 1.5744551 1.5511862 14
4.9600034 1.6216058 1.5388788 14
4.9523201 1.8913873 1.5415124 13
4.9948077 2.038388 1.5986041 11
4.9466467 2.1736712 1.5777059 15
4.9493217 2.2823145 1.5554943 13.5
4.9373784 2.3602564 1.5736018 14.5
4.958312 2.5816004 1.5503232 12
4.9466634 2.6063206 1.599371 15
4.9517984 2.774189 1.5091646 13.75
4.9357095 2.8555007 1.5399712 13.666667
4.9283824 2.9184299 1.5696068 13
4.9230785 3.4033611 1.5834315 14
4.9302077 4.6048226 1.5833813 14
4.9798479 -0.62292784 1.6504651 14
4.9741454 -0.13740276 1.6234211 15
4.9856429 0.080333002 1.6450412 15
4.9776406 0.12050038 1.6572621 15
4.9897943 0.36139336 1.6325953 14
4.9693494 0.70196146 1.6513295 15
4.9597549 1.091055 1.676198 14
4.9754086 1.2623888 1.6653672 13.5
4.9675097 1.4259379 1.6512524 15
4.9653912 1.5179442 1.657406 13
4.9501214 1.6626897 1.6878371 13.333333
4.9681063 1.7274063 1.6603988 12.333333
4.972425 2.1591651 1.636454 14
4.9517732 2.473171 1.6630142 14.5
4.9475784 2.5815597 1.6132776 15
4.9591913 2.6419108 1.6277782 11
4.9417458 2.736037 1.6530808 14.5
4.97018 2.8151371 1.6320808 15
4.9304667 2.9629366 1.6425898 14.333333
4.9033551 3.0328519 1.6034802 15
4.916326 3.1047184 1.6251414 14
4.9882503 -0.048626788 1.7466832 14
4.9618111 0.34638029 1.7509385 13
4.9220452 0.61519045 1.7488751 13
4.9808569 0.73859495 1.7018678 14
4.9691353 1.5372533 1.7330173 14.333333
4.948349 1.648434 1.708518 15
4.9566884 2.0843196 1.7160978 13
4.9504805 2.2615051 1.7582295 13
4.9675956 2.4578586 1.7149683 14
4.9456773 2.5438313 1.7204896 15
4.9615421 2.6494682 1.7044077 14
4.9381819 2.9718649 1.7274191 14
4.9558473 3.0452538 1.785882 15
4.9604821 -0.73699152 1.883363 15
4.9970951 -0.63154 1.8314309 15
4.9756932 0.04530409 1.8196547 15
4.9761968 0.84837395 1.8337421 15
4.9527469 1.6074532 1.8833404 14
4.9351907 2.1980362 1.8137348 15
4.9790273 2.3069861 1.8003187 14
4.9227729 2.8483689 1.8236552 15
4.9162326 2.9105239 1.8663254 15
4.9904041 3.0157862 1.861593 14
4.9726272 0.23658465 1.9613439 14
4.9630332 1.1914097 1.9356455 11
4.9898844 1.6267679 1.9422126 15
4.9363456 2.2695363 1.9433663 12
4.9763064 2.6442659 1.9516892 13
4.9614892 2.8135605 1.9433334 13
4.9371619 2.9086514 1.952124 15
4.9475932 3.0133493 1.9988699 14
4.9115472 4.4554224 1.9453754 15
4.9261971 5.2784152 1.9456964 13
4.9749856 1.568152 2.028157 14
4.9590001 1.806058 2.0230229 14
4.9828539 2.0609667 2.0902843 15
4.9034743 4.4856234 2.0269091 12
4.9311895 1.4395006 2.1982236 14
4.9561815 1.5742989 2.1313298 14
4.9057398 2.7120297 2.1131668 14
4.9440312 2.86813 2.1204813 15
4.9098001 3.4678292 2.1097889 15
4.9272094 4.0747209 2.1726861 15
4.9769478 2.7102346 2.2243304 15
4.9333925 3.0531411 2.2243383 13
4.9389696 3.3271651 2.2404721 15
4.9349251 4.1589308 2.2601321 14.5
4.9037433 5.6055708 2.2623436 14
4.9244738 1.6781477 2.4182069 14
5.0732684 1.5434449 -0.34455809 5
5.0101418 2.6183984 -0.39068845 5
5.0141392 0.67179167 -0.20281485 7
5.0460787 1.8046931 -0.26549858 7
5.0501108 0.26382944 -0.10623632 5
5.0027747 1.6605194 -0.19784227 7
5.0235052 -0.0062282514 -0.059791666 7
5.0707626 0.16574977 -0.012746502 7
5.0172248 2.7014351 -0.022420503 7
5.0470281 0.11152285 8.3127336e-05 7
5.018827 2.7146673 0.044275977 7
5.0129108 -0.43425816 0.18142603 10.5
5.0015831 -0.24457549 0.1204816 8
5.0077281 -0.01226129 0.14638934 8
5.069212 0.083766587 0.14049436 8
5.0301795 0.32914561 0.17894325 8
5.0754676 1.4276452 0.1875373 8.5
5.0524521 1.7943735 0.19385754 8
5.0011334 -0.30254343 0.23909594 12
5.0036559 -0.25250813 0.2651214 9.5
5.0244203 -0.07465519 0.25517535 9.666667
5.014915 0.17462413 0.23774548 8
5.0028453 0.44707504 0.28879079 11
5.0069995 0.99142575 0.27895159 8
5.0796947 2.8190596 0.2050631 13
5.0001903 -0.4682326 0.39286852 13
5.0000157 -0.31048128 0.38104576 14
5.0025201 -0.017083172 0.3569724 9
5.0841565 0.060659848 0.35475534 8.5
5.0384846 0.51455855 0.36406547 9
5.0047321 2.3508365 0.36538321 8
5.0040183 -0.40393484 0.45356405 11
5.0053201 -0.25661021 0.44973007 10
5.0030046 -0.19375591 0.412797 9
5.0366483 0.049097467 0.48629108 8
5.0095172 0.32729587 0.42813784 12
5.017746 2.363853 0.40553963 7
5.0117602 2.5754333 0.43263504 11
5.0133152 -0.22138464 0.53823191 13.5
5.046968 -0.098559745 0.57753813 9
5.0584874 0.13645455 0.51105124 10
5.0137553 2.1964929 0.54042149 10.5
5.0081573 -0.31301343 0.63337892 11
5.0004702 -0.20444646 0.64807713 10
5.0834703 0.067542925 0.68775159 11
5.0242529 0.66982073 0.608751 10
5.0099649 0.95681465 0.66377139 11
5.0103035 1.0739141 0.61904234 9
5.0085721 2.0357831 0.68060446 9
5.012321 2.332382 0.6831423 9
5.0071812 -0.34963843 0.73805094 11.5
5.01261 -0.2553151 0.73101133 12
5.0170493 -0.15695849 0.74170399 11
5.0366278 0.12537318 0.76795739 9
5.0384216 0.5350638 0.74421543 12
5.0260811 2.1927342 0.7918359 12
5.0130148 -0.24252333 0.89240783 12
5.054327 -0.18766889 0.86142296 12
5.0031319 -0.086990602 0.84579444 10.5
5.0818663 0.046581972 0.88895357 12
5.0100479 0.28772387 0.86758995 7
5.0013723 0.74233431 0.86258543 13
5.0002985 1.1647681 0.81802469 12
5.0175304 -0.59543002 0.97046959 13
5.017415 -0.27664149 0.9336139 12
5.0131621 -0.044150129 0.9248178 11
5.0365148 0.29208985 0.96653903 12.5
5.0321445 1.7220236 0.9040336 10
5.0327458 -0.50824428 1.0885175 14
5.0279226 -0.24642032 1.0386627 13.333333
5.0086904 -0.064818963 1.0007026 11
5.0271606 0.10606189 1.087478 11
5.0171371 0.24709347 1.054242 10
5.0181589 0.71542972 1.0445882 14.5
5.0562797 0.81062627 1.0881691 10
5.0190263 1.0189568 1.0249825 12
5.003778 -0.57968438 1.148849 14
5.0274239 -0.48299569 1.1245284 12
5.0035582 -0.21887736 1.1355853 14
5.0145774 1.5050703 1.1775777 13
5.0042815 -0.64723235 1.2141916 15
5.0043774 -0.32412738 1.2970281 15
5.0026355 -0.078638799 1.2974195 12
5.0214343 0.946953 1.2101175 15
5.0009785 1.0034741 1.2358389 11
5.0179176 1.8233867 1.2678559 15
5.0032701 -0.51032066 1.3440207 13
5.0069108 -0.30185351 1.366504 14
5.0491323 0.19054152 1.3066318 14
5.096837 0.26725152 1.3299915 14
5.0245051 0.32320863 1.3052211 9
5.0065131 0.96749961 1.3959212 12
5.0289068 -0.53410566 1.4350406 13.5
5.0540504 -0.39921883 1.4190601 13
5.0044913 0.018833349 1.4001505 14
5.0157146 0.18891786 1.4218109 14
5.0579424 0.67465377 1.441 15
5.0486407 0.97897238 1.4713463 9
5.0010052 1.1956798 1.4984441 12
5.0043869 2.0537386 1.4589708 15
5.0160766 2.3291273 1.4086715 15
5.0070543 -0.26248136 1.5029467 13
5.0209818 0.29717037 1.5928186 12
5.0657892 0.3805286 1.5397918 12
5.0210376 0.41217625 1.5305783 10
5.0099273 0.74755085 1.5445155 11
5.0010099 1.1983789 1.5133832 12
5.023159 1.4423763 1.5190716 12
5.0382099 1.5706843 1.5586315 12
5.0409408 2.5264835 1.506511 13
5.0229154 0.3388665 1.6286485 15
5.0185871 0.86532998 1.6805133 13
5.009234 3.0170438 1.601622 12
5.0419006 -0.55091155 1.7188008 14
5.0393443 0.7114321 1.7799741 12
5.0104394 0.023377972 1.8545104 15
5.0256977 1.129457 1.8512633 10
5.0822306 1.5154661 1.8187 13
5.0523748 -0.060701899 1.9746432 15
5.0059686 0.61177939 1.9332908 14
5.0296693 0.71550912 1.9572786 15
5.0103965 0.84154797 1.9329828 15
5.0082388 1.4126502 1.9396565 12
5.027503 1.5307075 1.9990065 10
5.084012 0.66849387 2.0745237 13
5.0295353 -0.44785357 2.1074257 15
5.023685 2.8767853 2.1805346 12
5.0056634 3.3496175 2.2888012 12
5.0176001 -0.60509431 2.3335145 15
5.0467348 0.107866 2.3469071 14
5.1289296 1.6044883 -0.024765266 9
5.1518192 -6.2223587 0.041072618 9
5.174212 1.3941032 0.090970121 11
5.1640844 1.6001316 0.055114582 9
5.1768188 1.8083024 0.038464841 10
5.1447268 2.2266583 0.089376837 9
5.1652985 2.6328564 0.051294461 9
5.1718822 -0.18503694 0.18783359 9
5.1070614 0.5643177 0.16261953 9
5.1529665 0.84713387 0.12698968 9.5
5.1667609 1.0958434 0.1121101 10
5.1324863 1.2176491 0.1063659 10.5
5.1663194 1.5543815 0.19271219 11
5.169004 1.8801727 0.10493633 10
5.1649055 2.1998847 0.16934653 10
5.1323662 0.62836897 0.23467924 11
5.1127682 0.90225989 0.29301617 8
5.1161451 0.84275669 0.47475874 9
5.1173949 2.8621907 0.51363814 9
5.1191425 2.7768126 0.81628066 10
5.1133795 0.25378084 1.2171421 11
5.1066451 -0.1927627 1.5512511 15
5.1207666 0.91423404 1.9674206 14
5.2235298 1.0280735 0.014109635 9.5
5.200408 1.3259047 0.045101963 9
5.2076325 1.9972008 0.09667509 10
5.2095761 2.366756 0.088585809 10.5
5.2598443 2.726541 0.045318387 9
5.2135286 0.59615773 0.157766 9
5.213479 1.1976626 0.14409356 9
5.2863259 2.5060718 0.16067359 12
5.8758416 -13.699944 -1.8882565 6
