# .PCD v0.7 - Point Cloud Data file format
VERSION 0.7
FIELDS x y z intensity
SIZE 4 4 4 4
TYPE F F F F
COUNT 1 1 1 1
WIDTH 16617
HEIGHT 1
VIEWPOINT 0 0 0 1 0 0 0
POINTS 16617
DATA ascii
-13.700676 -1.9815212 -0.080603719 214.66667
-13.706899 -1.6566999 -0.072056174 126
-13.703624 -1.105324 -0.06388887 142.5
-13.661984 -2.0156097 -0.16204588 178
-13.668277 -1.8703791 -0.14880814 160
-13.629307 -1.738023 -0.14578064 155.625
-13.6137 -1.5680486 -0.12930334 139
-13.665229 -1.979158 -0.03084626 208.25
-13.632002 -1.898021 -0.073887803 129
-13.610505 -1.7877762 -0.075140096 128.25
-13.695107 -1.5277857 -0.060948968 127
-13.637844 -1.440051 -0.066989772 142.58334
-13.658842 -1.3735925 -0.062662952 141.125
-13.63688 -1.259792 -0.05867039 133.66667
-13.609298 -1.1341307 -0.064037561 156.66667
-13.634604 -1.0967454 -0.046791915 109
-13.695679 -0.9642992 -0.05212649 144
-13.657814 -0.83197135 -0.049080823 145.25
-13.629506 -0.67671782 -0.041683022 125.5
-13.625134 -0.58380193 -0.067248054 151
-13.613227 -0.46399784 -0.066246957 151
-13.614364 -0.32477203 -0.059275467 139
-13.6098 -0.07545542 -0.017242732 121
-13.629543 0.055817071 -0.0082150782 120
-13.605164 0.18327153 -0.0015422138 122.33334
-13.678919 -1.9618822 0.017318901 209.83333
-13.574938 -2.0417619 -0.15818469 175.5
-13.533553 -1.9343708 -0.15498082 170.77777
-13.528998 -1.8014067 -0.1464844 163
-13.588647 -1.7667795 -0.15695544 156
-13.553923 -1.6211444 -0.14144608 150.33334
-13.551584 -1.4194725 -0.12629129 125.5
-13.511176 -2.0927856 -0.09233246 149
-13.547271 -1.9964119 -0.082230367 141
-13.554739 -1.8940254 -0.079309411 137.75
-13.510542 -1.7948555 -0.07829842 137
-13.598763 -1.6776303 -0.069990337 128
-13.55801 -1.566539 -0.07352227 146.66666
-13.550185 -1.4542148 -0.069309168 147
-13.545429 -1.3393849 -0.069070049 142.66666
-13.508326 -1.269773 -0.076239847 167.39999
-13.560184 -1.1565424 -0.060770072 138.25
-13.549685 -1.012283 -0.050234087 136.125
-13.529989 -0.94914991 -0.050611656 136
-13.558778 -0.8491112 -0.063373052 158.66666
-13.558434 -0.72829676 -0.05811106 148.94444
-13.557964 -0.6520263 -0.08030685 125
-13.551453 -0.55480468 -0.053826462 132.60417
-13.519485 -0.44812211 -0.067009911 142.375
-13.542444 -0.35936677 -0.049384415 132.20834
-13.523621 -0.23805422 -0.051267765 138.25
-13.562958 -0.19607036 -0.035974279 134.375
-13.536323 -0.066631474 -0.037527774 127.16666
-13.551754 0.029604986 -0.011459425 123.16667
-13.530591 0.13657486 -0.028305884 127.5
-13.585888 0.31874156 0.0071891909 123
-13.538485 0.44820571 0.0029916149 124.5
-13.503919 1.0227031 0.00885591 141
-13.457775 -2.062252 -0.16316092 181.08333
-13.448311 -1.9730664 -0.15237942 177
-13.469517 -1.8405068 -0.15228339 168.25
-13.441759 -1.7160337 -0.14783171 167.75
-13.435741 -1.5481595 -0.14064483 154.83333
-13.490375 -1.486019 -0.1290447 133
-13.419252 -2.1611073 -0.098785691 154
-13.446577 -2.0716827 -0.094543725 149.8
-13.451477 -1.9785709 -0.087350652 148.60001
-13.419873 -1.8860692 -0.083333433 154.5
-13.459499 -1.6583555 -0.074828699 147.22144
-13.447403 -1.5586005 -0.070705324 145.47223
-13.454414 -1.4456933 -0.068304501 151.33334
-13.480536 -1.3726865 -0.061858404 126.25
-13.430984 -1.2668144 -0.065149769 151.20833
-13.458821 -1.1455891 -0.066434629 147.75
-13.47154 -1.068524 -0.057428818 143
-13.426289 -0.93606687 -0.058301136 151.26666
-13.448662 -0.84426248 -0.061611827 156.1875
-13.465727 -0.74495614 -0.07973592 157.64999
-13.45797 -0.64645153 -0.064245217 151.33749
-13.443106 -0.53825688 -0.071471311 155.85001
-13.436886 -0.45055467 -0.049357526 136.3
-13.462367 -0.35314757 -0.042933106 131.5
-13.46581 -0.26423278 -0.041757468 137.26666
-13.441519 -0.12993649 -0.040873285 137.3
-13.421247 -0.014042382 -0.015105154 126
-13.438718 0.06714166 -0.032125525 124
-13.481737 0.12420242 -0.0014468948 127
-13.454366 0.23256335 -0.0022989633 127.70833
-13.464226 0.38528097 -0.001848741 127.66666
-13.484016 0.84938765 -0.0042173602 155.33333
-13.471491 0.57355714 0.0044860905 119.25
-13.450435 0.98185015 0.0027494647 148
-13.420929 1.1405867 0.014615207 136.33333
-13.422378 1.2293755 0.1012729 123.5
-13.434927 1.6045603 0.11898156 126
-13.43217 1.7645544 0.12926054 128
-13.356647 -2.2312806 -0.10249045 155.66667
-13.349925 -2.1326952 -0.14321321 178.46667
-13.344627 -2.0236073 -0.161889 187.44444
-13.366125 -1.9078262 -0.16009076 183.2
-13.399179 -1.8843118 -0.15050489 178
-13.364048 -1.7825444 -0.15490435 177.875
-13.354374 -1.6363319 -0.14330588 168.5
-13.344438 -1.4489328 -0.1057568 179.33333
-13.323124 -1.2093371 -0.12383381 102
-13.344604 -1.1685647 -0.12061719 105
-13.330149 -2.0530145 -0.092717864 162.75
-13.333485 -1.9646171 -0.088242345 161
-13.331742 -1.8809348 -0.086197101 162.71428
-13.350213 -1.7724239 -0.079833776 155.325
-13.344943 -1.6024884 -0.078742884 180.66667
-13.343524 -1.5217608 -0.078282334 181.14285
-13.348373 -1.4204744 -0.07235451 154.87059
-13.322718 -1.3312258 -0.071378611 155.48485
-13.388717 -1.240218 -0.067405656 152.41666
-13.371073 -1.1497575 -0.060673062 152.2
-13.317009 -1.0418212 -0.06717179 158.98334
-13.379862 -0.98417574 -0.062718317 146.375
-13.34021 -0.85808188 -0.066562541 171.02499
-13.361811 -0.75473547 -0.068395369 170.37524
-13.33339 -0.64094269 -0.067034744 162.62222
-13.341397 -0.54945123 -0.056771245 149.16667
-13.361053 -0.45927039 -0.058344912 150.96429
-13.355873 -0.34544188 -0.050592732 146.91112
-13.338503 -0.24619289 -0.039385047 141.19376
-13.358633 -0.15711325 -0.035781652 148.04166
-13.358927 -0.033329893 -0.039120525 127.5
-13.330249 0.049727768 -0.011826186 129
-13.324913 0.14567132 -0.023516852 122.63333
-13.361384 0.2986936 -0.0057025519 130.33333
-13.387958 0.48238325 -0.0040043928 124.66666
-13.347486 0.77337575 -0.0064892238 167.5
-13.325089 -0.15721241 0.017588727 107.33334
-13.396566 -0.042279448 0.024983972 121
-13.393453 0.32680789 0.001257585 124
-13.348523 0.64437109 0.0087469826 118
-13.397929 0.71415126 0.015257358 118
-13.316123 0.8718552 0.048276018 125.33334
-13.354807 0.95553768 0.045051057 143.75
-13.345629 1.081645 0.049196713 139.70834
-13.335738 1.2604458 0.018548802 132
-13.329218 1.2034571 0.10317528 128.33333
-13.356136 1.3316575 0.11270763 122.83333
-13.384095 1.4820096 0.1192539 121.66666
-13.368721 1.5876473 0.11660177 123
-13.356451 1.6223952 0.13034052 124.5
-13.358841 1.7354375 0.12465832 124.75
-13.271591 -2.2752278 -0.10722992 158.60001
-13.25444 -2.1510324 -0.14035088 178.08253
-13.225965 -2.0286069 -0.15487854 185.35001
-13.267685 -1.9621918 -0.13900745 180.4881
-13.246212 -1.8686116 -0.13863337 179.29488
-13.254044 -1.7550436 -0.13118991 175.30432
-13.218643 -1.6463315 -0.1332572 176.40001
-13.206338 -1.5933328 -0.11060601 166.39999
-13.25901 -1.4920528 -0.10516821 185
-13.2049 -1.083125 -0.11663283 110
-13.236945 -2.0806062 -0.099222273 168.5
-13.251459 -1.6736704 -0.087729327 161.52142
-13.261539 -1.569851 -0.08181724 166.39558
-13.258818 -1.4582084 -0.080133691 157.25
-13.244475 -1.3703828 -0.082663164 164.73015
-13.256597 -1.244894 -0.068170249 149.85925
-13.256106 -1.1324379 -0.071613654 163.21211
-13.211411 -1.0474973 -0.075845771 185.33333
-13.286636 -0.94643134 -0.069033548 179.125
-13.297474 -0.83921599 -0.070745379 184.75
-13.254842 -0.73457891 -0.073829211 170.11363
-13.254425 -0.63349783 -0.077932589 169.42046
-13.246346 -0.52574348 -0.065312698 154.77223
-13.255846 -0.43245769 -0.049437448 146.55714
-13.242202 -0.33686277 -0.049729999 162.66667
-13.268256 -0.26205847 -0.044396877 152.86111
-13.254836 -0.14652587 -0.047051601 156.17223
-13.21101 -0.04716238 -0.037434507 141.21429
-13.249621 0.051485687 -0.033475474 124.27777
-13.244568 0.23201615 -0.020542786 118.55
-13.285562 0.37284458 -0.0031522049 131.39999
-13.276302 0.54234135 -0.00095292041 123
-13.202292 0.69323111 -0.0064175092 180
-13.246443 0.83085287 -0.0036949525 171.25
-13.297367 0.91424966 -0.0009558223 164
-13.272291 -0.24259411 0.0099740745 110.5
-13.222717 -0.068661787 0.016485821 109.66666
-13.257654 0.008233224 0.026089918 103
-13.226639 0.47394401 0.0011921056 130
-13.297997 0.57371122 0.0055740234 121
-13.203136 0.65834099 0.011212695 115.5
-13.245004 0.74472892 0.033586744 122
-13.218815 0.8056916 0.0686877 147
-13.254763 0.9621771 0.046675123 154.70833
-13.246454 1.071597 0.057839651 153.33334
-13.248735 1.1668373 0.041769363 152.92084
-13.243669 1.3838452 0.020850116 128
-13.207209 1.2670916 0.10460588 131
-13.246658 1.3390273 0.10954022 125
-13.290781 1.4269009 0.11512779 124.66666
-13.27731 1.5642781 0.11212677 125.83334
-13.215525 1.6734989 0.12057701 125.33333
-13.277141 1.7228656 0.12800319 122
-13.249506 1.8608116 0.14175637 120
-13.230371 1.9956535 0.13107128 115
-13.226229 2.2836192 0.15310745 119.5
-13.187484 -2.1444378 -0.18551034 178.94444
-13.165966 -2.0705492 -0.14062947 171.15874
-13.152133 -1.9559971 -0.14327495 172.77777
-13.137814 -1.8519108 -0.13020355 166.82072
-13.131004 -1.7484479 -0.14228027 184.36667
-13.145695 -1.6851153 -0.126481 169.97926
-13.177593 -1.5295507 -0.10945799 173.66666
-13.154249 -1.4580519 -0.10436095 173.73987
-13.125038 -1.3308864 -0.12071633 158.09375
-13.135328 -1.24257 -0.11827645 145.31885
-13.148186 -1.1691564 -0.12214059 138
-13.161937 -2.1809499 -0.099420749 165
-13.124364 -1.5533251 -0.099392228 167.39011
-13.186366 -1.4854321 -0.076797865 149
-13.163283 -1.3880318 -0.077950977 160.16666
-13.173411 -1.2663721 -0.072921805 154.62778
-13.125969 -1.1403537 -0.098204337 172.86957
-13.155813 -1.0260185 -0.081133254 181.87059
-13.146581 -0.94680321 -0.07859078 179.96529
-13.171608 -0.85423458 -0.07509502 179.48334
-13.179321 -0.75262922 -0.078768112 171.10741
-13.165356 -0.63861495 -0.071685381 166.46666
-13.150315 -0.5477879 -0.074790567 165.125
-13.137133 -0.46745932 -0.067449011 161.61905
-13.156149 -0.36976528 -0.062700704 157.82776
-13.15954 -0.25876611 -0.043906778 156.29108
-13.141914 -0.15475871 -0.055390138 165.0197
-13.163371 -0.079738818 -0.04586266 154.8232
-13.11847 0.045131002 -0.041412905 142.2451
-13.177159 0.14288279 -0.021570414 122.2381
-13.18548 0.26417714 -0.010514134 131.75
-13.176247 0.34865928 -0.0054645874 137.5
-13.192325 0.42604738 -0.0005379144 133
-13.116427 0.68767846 -0.0077454764 183.75
-13.102335 0.79388577 -0.0034430167 181.33333
-13.18207 0.90840268 -0.0019509604 174.2
-13.180631 -0.16173047 0.00311466 121.66666
-13.103998 0.0022933057 0.012775846 106
-13.135371 0.53301775 0.0011093686 131.2
-13.156717 0.63594651 0.02897566 136.66666
-13.133004 0.71855205 0.03658599 169.16666
-13.130979 0.82636011 0.033973429 174.64287
-13.165833 0.94743568 0.024714617 183.5
-13.15112 1.0440111 0.03002988 168.52083
-13.130471 1.159833 0.044005524 159.83333
-13.198613 1.3098954 0.016089546 135.66667
-13.119006 1.2292383 0.1019853 139.25
-13.115285 1.3232121 0.10715203 130
-13.156875 1.4665487 0.1155248 123.5
-13.147774 1.5434338 0.11432494 130.5625
-13.130639 1.6456069 0.1194695 131
-13.133766 1.7627295 0.12963335 124
-13.143055 1.9325529 0.13014862 117.5
-13.163777 2.2161591 0.14450714 130.66667
-13.132949 2.3880935 0.16200653 117
-13.181019 2.454951 0.16926929 112
-13.069715 -2.2124798 -0.20796444 170.61539
-13.076177 -2.1524389 -0.19756928 171.825
-13.050508 -2.0458724 -0.13253032 151.40422
-13.027181 -1.9519956 -0.14640851 154.26143
-13.035889 -1.8392857 -0.13275194 156.03175
-13.093071 -1.7895442 -0.12331837 141.66667
-13.049092 -1.6318871 -0.12029389 154.38969
-13.062678 -1.5305392 -0.12497678 176.72816
-13.053948 -1.4435068 -0.12908833 162.53876
-13.041716 -1.3751501 -0.10746001 164.9527
-13.02285 -1.2609766 -0.11714087 166.80821
-13.049558 -1.1358033 -0.12337326 148.51515
-13.044096 -1.0648695 -0.1161597 155.625
-13.022055 -0.81521851 -0.11560533 165.16666
-13.06625 -0.76460809 -0.11094637 166.72916
-13.067432 -0.66025543 -0.11152679 168.71364
-13.046444 -0.57416815 -0.11049861 163.3158
-13.010125 -0.47650805 -0.10615081 168.3
-13.014052 -1.8680733 -0.0030178493 161
-13.054842 -1.4855877 -0.075420238 154.4375
-13.080114 -1.3945497 -0.069784626 141.78572
-13.08094 -1.0461631 -0.092669249 175.06667
-13.003451 -0.94871044 -0.093341276 172.69231
-13.055059 -0.86053401 -0.045879148 163.48215
-13.090897 -0.76651591 -0.060868766 164.2
-13.080297 -0.66357875 -0.0956439 167.88889
-13.068218 -0.55916643 -0.093727529 172.14639
-13.033847 -0.44891772 -0.058204278 152.37987
-13.039863 -0.35094839 -0.050777145 150.35164
-13.052841 -0.25289986 -0.049536765 143.92342
-13.046671 -0.15709233 -0.048176281 141.45277
-13.047787 -0.06113448 -0.060026549 151.05621
-13.0195 0.020753233 -0.063017204 164.8956
-13.095925 0.12098942 -0.024088444 145.04546
-13.050686 0.21667902 -0.0088514006 133.875
-13.079377 0.32644171 -0.0035046139 134.60001
-13.074493 0.42175078 -0.0015362271 140
-13.019384 0.58782744 -0.022920365 176.85715
-13.050577 0.64920169 -0.024755012 179.47728
-13.002794 0.77302319 -0.010521071 181.38461
-13.082595 0.97992837 -0.0060881656 178.5
-13.057133 1.077055 -0.00055074698 173.60001
-13.070817 -0.54713869 0.074205026 123
-13.078066 -0.081145704 0.0011986905 115
-13.00969 0.30427355 0.00036746307 136.5
-13.037136 0.64741933 0.00442447 189.675
-13.028351 0.7465747 0.062023513 163.05556
-13.058293 0.88579476 0.0014017436 180.60001
-13.085724 0.9158752 0.048696414 174.20834
-13.037942 1.0391042 0.055440124 180.77501
-13.023208 1.1346227 0.069524959 170.04292
-13.004886 1.6059442 0.023345061 108
-13.006536 1.2828767 0.10596036 143.36363
-13.056467 1.4568282 0.10830852 133.06667
-13.051729 1.5058846 0.11910926 130.60001
-13.052295 1.6460025 0.12413495 132.3651
-13.01467 1.8394843 0.12048213 132.5
-13.009523 2.0726302 0.14102682 120.41666
-13.083617 2.1313553 0.14110546 135.75
-13.031919 2.2477429 0.14735599 135.25
-13.089835 2.3281868 0.1557145 123
-13.011435 2.455483 0.1646042 119.33334
-13.051055 2.5312264 0.18331619 107.66666
-13.072401 2.5738604 0.20026359 126
-12.97009 -2.2314911 -0.20203696 167.36
-12.978871 -2.1646967 -0.2021898 165.42424
-12.974859 -2.0533848 -0.20485537 167.35715
-12.951528 -2.0638745 -0.12724547 144
-12.937338 -1.9575424 -0.13838156 155.85367
-12.916356 -1.8569852 -0.14754277 156.9048
-12.961452 -1.7556895 -0.13650385 161.83548
-12.950757 -1.6346264 -0.14556184 187.59167
-12.959391 -1.5548443 -0.119485 175.85417
-12.94743 -1.4406855 -0.1371675 165.99321
-12.956644 -1.3522265 -0.13265075 157.61241
-12.957417 -1.261956 -0.1342275 151.72705
-12.939527 -1.1715075 -0.11295029 155.33333
-12.909007 -1.0216812 -0.12583436 168.5
-12.925858 -0.95564002 -0.12278391 171.16667
-12.986115 -0.88844001 -0.11080454 168.98001
-12.965611 -0.7647872 -0.10252282 149.08109
-12.939001 -0.66537797 -0.10681012 162.39999
-12.96876 -0.55099326 -0.10400791 166.73077
-12.967194 -0.46634439 -0.10434293 169.45238
-12.917677 -1.6630083 -0.071995571 133.17725
-12.968385 -1.5955387 -0.048856732 141
-12.906193 -1.142713 -0.054837193 139.42308
-12.948588 -0.95170689 -0.097899593 175.5
-12.941618 -0.86847663 -0.072427362 154.99792
-12.953359 -0.77109271 -0.098594658 165.10638
-12.955818 -0.65105033 -0.068551593 154.76802
-12.947039 -0.56364936 -0.064347707 145.48485
-12.934421 -0.43627387 -0.058804255 151.45833
-12.95077 -0.36014718 -0.067105256 152.18224
-12.944162 -0.23797509 -0.045326978 141.02675
-12.937721 -0.15358044 -0.0090689855 129
-12.944147 -0.07113485 -0.048514478 138.72438
-12.932455 0.05655694 -0.07800518 160.41251
-12.969735 0.11690394 -0.032091003 152.94118
-12.914675 0.23888502 -0.042270306 115.5
-12.900612 0.48886153 -0.011884104 188.5
-12.956982 0.55960214 -0.028266015 176.74815
-12.925149 0.65372151 -0.03393542 172.82198
-12.964878 0.76851314 -0.028204063 178.8
-12.946843 0.84644091 -0.015735222 180.5
-12.978374 0.95069325 -0.00052263198 180.66667
-12.953897 -1.9419005 0.029514648 141
-12.916226 -1.6146193 0.00072346191 127.25
-12.921079 -1.0390598 0.044339079 138.80482
-12.985327 -0.96494824 0.026267964 149
-12.906108 -0.84410268 0.014183682 139.26427
-12.988849 -0.31713232 0.069942534 156
-12.964334 -0.011026618 0.0019431359 111
-12.929935 0.66889018 0.016519515 189
-12.950787 0.77529675 0.030515432 177.25322
-12.995579 0.88345438 0.043233901 176.875
-12.972515 0.98050433 0.027549243 186.30769
-12.950136 1.0470419 0.051066112 177.6102
-12.930457 1.1427816 0.066827059 180.3101
-12.923153 1.2868277 0.086787112 155.53334
-12.929304 1.3702261 0.033180326 149.66666
-12.946846 1.4648542 0.03204032 133.72223
-12.967187 1.5598408 0.04587378 135.75
-12.906813 1.6312551 0.07476709 161.2
-12.950252 1.7197298 0.081509702 153.33333
-12.913186 1.8515373 0.088444941 151.5
-12.940936 -0.8119818 0.10778835 149.5
-12.981344 1.3939631 0.11621647 133.375
-12.958444 1.4898812 0.11149176 132.66666
-12.950302 1.5669129 0.1166013 136.375
-12.940836 1.7859842 0.11535253 139.39999
-12.918636 1.9557452 0.12951334 140.39999
-12.938228 2.0361662 0.13289484 121.83334
-12.955278 2.1381567 0.13444975 128.17857
-12.960478 2.3608835 0.15111342 131.75
-12.874849 -2.2481425 -0.21062148 158.8
-12.862868 -2.1707504 -0.20714618 160.77777
-12.865471 -1.9615033 -0.20920081 168.6207
-12.876493 -2.1585159 -0.13152869 127.14706
-12.868207 -2.0695403 -0.19249459 162.31482
-12.867904 -1.9369093 -0.12347981 146.5
-12.838433 -1.8685563 -0.17323074 161.83376
-12.867881 -1.7364495 -0.15618895 165.06972
-12.843803 -1.643167 -0.13949138 186.125
-12.857878 -1.5357097 -0.13134781 184.78571
-12.844192 -1.4369317 -0.1397129 167.20441
-12.849098 -1.3592119 -0.13962837 164.2287
-12.848559 -1.2425696 -0.13631846 148.96866
-12.858828 -1.1556123 -0.12934169 147.66539
-12.88335 -1.0910063 -0.12248492 114
-12.840598 -0.92334038 -0.13119914 145.95906
-12.868939 -0.83602953 -0.11634959 151.73813
-12.857985 -0.75041389 -0.1276342 149.70872
-12.852151 -0.63597935 -0.1275685 149.21945
-12.852716 -0.55089027 -0.11657268 153.80417
-12.857397 -0.46797961 -0.11694191 171.54286
-12.892089 -2.7483761 -0.019541163 170.27272
-12.864886 -2.669013 -0.034832414 161
-12.894081 -2.0580535 -0.066092268 130.05
-12.891134 -1.981949 -0.046739597 140.1087
-12.887556 -1.0820979 -0.09585733 157.03847
-12.889814 -0.91741806 -0.053878061 171.21112
-12.841778 -0.82492757 -0.083551876 140.27859
-12.878225 -0.73371351 -0.090893902 153.84286
-12.8699 -0.64856535 -0.080172569 152.25624
-12.84864 -0.54277962 -0.054875251 138.66483
-12.834563 -0.43606037 -0.027820833 138.63637
-12.846078 -0.32344842 -0.070011981 151.67451
-12.843451 -0.23801002 -0.070156313 143.42461
-12.839969 -0.13124993 -0.044497699 143.0509
-12.834456 -0.046088967 -0.02539414 141.72917
-12.836141 0.041219678 -0.042436302 141.96555
-12.888057 0.16087371 -0.046681877 146.95833
-12.82082 0.47363669 -0.042456288 162.39285
-12.844646 0.53893644 -0.038612638 157.08749
-12.833136 0.63065535 -0.038970225 155.625
-12.892677 0.7381928 -0.016805314 176.28572
-12.898779 -0.84752244 0.0063791941 169.25
-12.840985 -0.50296128 0.017478039 120.41177
-12.864817 -0.42053112 0.058125447 147.1375
-12.844806 0.014662915 0.051478617 128.66667
-12.853958 0.56849188 0.0081402902 189.125
-12.823061 0.66621488 0.024375066 174.33334
-12.830282 0.77155519 0.033133756 162.67949
-12.852839 0.85762638 0.02647453 164.98149
-12.864773 0.97238547 0.04162487 172.12346
-12.841266 1.0689707 0.048052702 167.71898
-12.842743 1.1647139 0.051258303 172.43367
-12.861374 1.2411392 0.03506694 157.15971
-12.839602 1.3490909 0.080465384 151.13068
-12.828556 1.4259423 0.05609135 137.01666
-12.83511 1.5518088 0.060130566 134.47917
-12.83514 1.6646826 0.048744507 138.91666
-12.861116 1.7704583 0.085253537 158.625
-12.831836 1.8671697 0.080750041 170.17857
-12.83711 1.9208133 0.09656544 153.25
-12.84279 0.12223006 0.13988133 132
-12.865069 0.82902175 0.17045783 150
-12.888348 1.4670391 0.1128099 133.73334
-12.864422 1.7308344 0.11605193 140.66667
-12.874647 1.8616709 0.1186358 140.39999
-12.846484 1.9433124 0.11537842 145.91112
-12.836395 2.0370905 0.13078035 137.66667
-12.844507 2.1823428 0.13077909 121.66666
-12.886482 2.237438 0.13964191 127.08334
-12.810328 2.3177397 0.14678395 142
-12.847446 2.4116774 0.15489039 129
-12.88505 2.5086143 0.16912667 119.33334
-12.74384 -2.528578 -0.23181362 165.97726
-12.770385 -2.4702635 -0.23178303 161.41304
-12.728684 -2.3687632 -0.22024789 161.4231
-12.743504 -2.2601533 -0.2498811 165.14299
-12.740631 -2.1714451 -0.23408684 162.8371
-12.774895 -2.0745194 -0.20168947 162.55295
-12.76737 -1.9782339 -0.20024253 166.1875
-12.780873 -2.5109787 -0.1249717 160.48215
-12.722426 -1.9030752 -0.16690074 159.15182
-12.745272 -1.8591661 -0.18614499 165.42459
-12.755117 -1.7645891 -0.17776215 180.26666
-12.744835 -1.6593894 -0.14698356 174.89999
-12.739649 -1.551908 -0.13993624 169.03249
-12.746378 -1.4467778 -0.14894833 168.90021
-12.746975 -1.3684993 -0.13847704 163.17818
-12.739433 -1.2556214 -0.13185003 147.64088
-12.742218 -1.1698356 -0.13590661 147.13341
-12.757454 -1.0499653 -0.14517544 144.3761
-12.708765 -0.94459337 -0.15355414 151.09859
-12.786841 -0.84891635 -0.11662267 142.51613
-12.768395 -0.76243323 -0.14445788 158.12659
-12.774535 -0.6499477 -0.12283953 155.68373
-12.763275 -0.57940227 -0.11340851 146.96078
-12.754146 -0.48165789 -0.12683299 157.08
-12.762782 -0.39002404 -0.10814494 172.52
-12.762392 -0.26266766 -0.119505 154.23178
-12.773998 -0.13120842 -0.11631452 150.95918
-12.768762 -2.7337646 -0.046297915 180
-12.785967 -2.6896248 -0.019036129 151.04762
-12.761088 -2.5295172 -0.068895474 155.2654
-12.70349 -1.3411996 -0.087392941 187.44444
-12.777802 -0.74522281 -0.091146715 154.15714
-12.771429 -0.6030876 -0.067173824 154.23077
-12.755522 -0.53425652 -0.058198489 139.94118
-12.746773 -0.46479225 -0.050518941 135.0625
-12.725779 -0.36207658 -0.028114444 147.33333
-12.735593 -0.27074584 -0.054070078 148.69722
-12.73191 -0.1646637 -0.035056744 146.66667
-12.74886 -0.056504406 -0.042033207 140.84584
-12.757222 0.048176493 -0.043090604 139.94048
-12.717594 0.11975797 -0.053898238 138.64146
-12.780512 0.22357924 -0.0526294 119.5
-12.766497 0.44460779 -0.037868876 169.80714
-12.72818 0.51492655 -0.067770258 152.47762
-12.717537 0.63105172 -0.02953952 153.96518
-12.735505 0.7215578 -0.031628679 170.71211
-12.768711 0.81967449 -0.01963909 175.0625
-12.730779 0.93476498 -0.015838211 181.10001
-12.744576 1.0207131 -0.0023382674 179.3158
-12.765726 1.1655977 -0.008347149 182.5
-12.757778 0.5300135 0.0066342312 157.14142
-12.734425 0.63098139 0.043601044 153.75
-12.74234 0.85439312 0.026254809 142.66162
-12.774531 0.95031494 0.035916306 158.75584
-12.745335 1.0363053 0.040910944 171.14847
-12.739007 1.1355942 0.038542442 165.17273
-12.761999 1.2440645 0.045007747 166.8017
-12.755113 1.3500613 0.061464369 153.82936
-12.754521 1.4502858 0.067953035 154.89456
-12.784632 1.5507644 0.054786827 119
-12.731037 1.635103 0.069884688 145.44444
-12.760898 1.746181 0.069875754 153.44576
-12.749619 1.8437482 0.088216975 166.59723
-12.726299 1.9615638 0.093203545 162.125
-12.767225 -0.42450452 0.10776634 122
-12.735638 0.69105369 0.11153314 126.81818
-12.764868 0.74269551 0.1274993 155.375
-12.750445 0.8467291 0.11653236 132
-12.783331 1.4272752 0.15821002 134.13889
-12.748673 1.6468232 0.10382298 141.16667
-12.783807 1.7395896 0.11615691 140.11111
-12.768563 1.8908679 0.11556941 143.25
-12.745997 1.9668332 0.11743048 150.20555
-12.748043 2.0815945 0.1302972 136.3125
-12.760438 2.2363036 0.13589299 142.66667
-12.758977 2.3062205 0.1362959 113
-12.708733 1.3210723 0.23412398 123
-12.74952 1.745339 0.2201124 156
-12.606471 -2.5337512 -0.21871118 168.54546
-12.649166 -2.4754908 -0.23458764 157.54179
-12.604957 -2.3824449 -0.22339806 154.52702
-12.680553 -2.0785689 -0.20298642 162.44595
-12.636222 -1.9742416 -0.20931745 167.65396
-12.632613 -2.9015183 -0.11505534 141
-12.649093 -2.514396 -0.1218864 160.15118
-12.602701 -2.1161361 -0.12796357 171
-12.626438 -2.0527928 -0.13881242 162.67432
-12.652616 -1.9593965 -0.13185279 152.80179
-12.6421 -1.864127 -0.16097455 162.8036
-12.64576 -1.7537115 -0.15271208 167.17636
-12.660869 -1.6496307 -0.14393964 163.92102
-12.658933 -1.5720887 -0.13975711 175.20744
-12.653019 -1.4699559 -0.14349532 164.97311
-12.635986 -1.3655837 -0.14195572 154.85544
-12.624797 -1.259814 -0.13288608 148.38095
-12.644344 -1.1929964 -0.1087507 165.64
-12.666192 -1.0797871 -0.11641778 168.78947
-12.64052 -0.96234339 -0.12758166 153.44485
-12.64176 -0.85713798 -0.11967914 150.07584
-12.671093 -0.77275604 -0.13621043 156.0287
-12.639785 -0.67384362 -0.13583769 158.11629
-12.63764 -0.58680058 -0.11474581 150.40521
-12.663619 -0.4888835 -0.12083119 158.31035
-12.666571 -0.35000852 -0.12010706 165.52075
-12.666945 -0.2648547 -0.12176242 157.56725
-12.652717 0.40072352 -0.10073962 157.93617
-12.629016 -2.8789535 -0.032604966 128.77777
-12.649907 -2.7776744 -0.075131886 135
-12.679277 -2.6529214 -0.037227642 143
-12.65445 -2.5561438 -0.046020743 154.43549
-12.623518 -1.3570939 -0.088356778 187.375
-12.659635 -1.2551351 -0.081687666 184.10001
-12.681866 -1.18952 -0.097607628 179
-12.638783 -0.85670847 -0.089826845 140.21869
-12.6896 -0.78330362 -0.093965203 150.14285
-12.655761 -0.61593664 -0.077364236 160.60001
-12.643122 -0.54687375 -0.066010773 144.34782
-12.652665 -0.42787609 -0.070454307 148.33333
-12.63994 -0.37035528 -0.060298581 147.46667
-12.634768 -0.26795647 -0.06693738 148.94629
-12.643156 -0.15953264 -0.037878018 147.07857
-12.644968 -0.044413421 -0.047366396 146.27084
-12.637571 0.046558071 -0.053136218 143.19231
-12.654361 0.13493548 -0.062146418 140.34222
-12.650595 0.24035864 -0.056995589 139.76799
-12.609539 0.38257596 -0.086777642 156.91719
-12.681239 0.4077158 -0.0046269102 188.66667
-12.635689 0.54575753 -0.075660817 153.32385
-12.64088 0.63363808 -0.022110185 163.04831
-12.610148 0.73452878 -0.026504302 167.36818
-12.668899 0.82709056 -0.017600056 176.33093
-12.66001 0.92753583 -0.01928889 176.34865
-12.649905 1.184304 -0.006066795 174.66666
-12.670124 1.2425923 -0.0018250723 165.5
-12.667741 0.49940765 0.0048901341 185.375
-12.669726 0.94084662 0.031823039 165.31374
-12.64486 1.0455267 0.038127176 167.53293
-12.639488 1.1338128 0.046178434 152.77971
-12.650759 1.2441152 0.041149683 163.82227
-12.651349 1.3433138 0.036408041 155.81992
-12.649504 1.4291475 0.043838907 157.71016
-12.663915 1.561671 0.059870742 149.9281
-12.646653 1.6525686 0.065483525 148.88585
-12.674745 1.7597318 0.074478991 169.97491
-12.684482 1.8537625 0.071264751 171.375
-12.650468 1.9563597 0.087969936 146.08334
-12.649928 2.0613704 0.072868489 157.5
-12.649791 1.0751094 0.10684481 131
-12.646737 1.1479987 0.15135205 116
-12.633795 1.2147838 0.17484048 124.43478
-12.632781 1.4931523 0.11818475 146.57895
-12.682719 1.7575393 0.11309063 139.33334
-12.630226 1.8593042 0.11541782 151.60715
-12.676654 1.9207685 0.11946031 146.25
-12.62976 2.0354099 0.11971165 142.5
-12.674417 2.1293132 0.12361865 134
-12.607214 2.2905929 0.12794489 124
-12.61978 2.3838158 0.1407011 126.375
-12.617144 2.4998274 0.14652038 129
-12.626157 2.5722089 0.16234957 134.66667
-12.625278 1.5045325 0.20566674 130.55556
-12.512867 -2.4756815 -0.21209057 154.17999
-12.527447 -2.2317235 -0.11452273 180.27272
-12.55162 -2.1284323 -0.11541095 175
-12.545825 -2.0622668 -0.13757238 170.98326
-12.55687 -1.9288646 -0.13364722 164.33069
-12.557455 -1.866379 -0.14260595 165.30707
-12.550817 -1.7509472 -0.14316365 170.9939
-12.558327 -1.6600515 -0.14113575 169.86667
-12.551683 -1.548592 -0.1388578 164.34212
-12.528101 -1.4384891 -0.13813746 173.14444
-12.55022 -1.3647946 -0.11965182 165.53438
-12.598892 -1.2003784 -0.13871653 133
-12.564484 -1.1627107 -0.1245337 140.23077
-12.552014 -1.0774326 -0.118104 170.67328
-12.571835 -0.94876593 -0.11690815 146.15912
-12.588199 -0.83987683 -0.11792416 151.47597
-12.569618 -0.75592303 -0.11504184 148.94417
-12.557201 -0.6679495 -0.11641025 156.22974
-12.595911 -0.52070647 -0.10732509 169
-12.596025 -0.49068627 -0.12017222 157.46153
-12.585575 -0.38483164 -0.12039635 170.57143
-12.537205 -2.6565907 -0.027448777 171.88245
-12.552526 -2.5265827 -0.057733119 166.79166
-12.594839 -1.7029889 -0.038766485 126.07143
-12.546769 -1.6539787 -0.05401193 151.25
-12.596428 -1.3318386 -0.061212447 121.56945
-12.554125 -1.2922007 -0.094166607 185.03571
-12.511042 -1.0395833 -0.083129115 139.88889
-12.560674 -0.9988333 -0.09134537 135.28572
-12.534519 -0.8216843 -0.047256786 165.35001
-12.531667 -0.76738524 -0.071165986 186.71428
-12.534065 -0.64244598 -0.082068451 161.19038
-12.548646 -0.55675828 -0.078462757 162.73666
-12.586585 -0.44576892 -0.075329177 151.71281
-12.567964 -0.34525704 -0.073988631 149.07483
-12.554702 -0.25716981 -0.062628381 147.65205
-12.540348 -0.16812339 -0.047623746 147.85948
-12.562463 -0.059048437 -0.040417667 137.34663
-12.544497 0.046316016 -0.046537712 135.37161
-12.534605 0.16125493 -0.064755991 144.20107
-12.536098 0.23731354 -0.054916609 137.51923
-12.585548 0.34823719 -0.044390887 169.91441
-12.56036 0.48058099 -0.042573687 171.0051
-12.54356 0.57279742 -0.033677794 166.09761
-12.523301 0.6576764 -0.032307196 159.06763
-12.540424 0.78621674 -0.043265775 167.82344
-12.559211 0.84635162 -0.017536951 175.46416
-12.564994 0.9562152 -0.017938836 172.87807
-12.574469 1.0686044 -0.0036755302 183
-12.568866 1.1659365 -0.011112578 174.5
-12.562072 1.2691901 -0.0066578784 158
-12.5292 1.3793411 -0.010851089 149
-12.56338 -0.79648256 0.021271501 130.33333
-12.564757 -0.41317424 0.066588208 121
-12.508765 -0.15887937 0.032839995 122.2
-12.53607 0.66248804 0.030675355 183.5
-12.556933 0.96022254 0.028228309 181.50298
-12.551888 1.0605253 0.030845881 165.9352
-12.542962 1.1339419 0.025515158 170.517
-12.55293 1.2554942 0.025777541 165.60011
-12.554074 1.3468596 0.029851321 160.36028
-12.538724 1.4522737 0.031065445 150.32945
-12.538181 1.5562557 0.031940829 160.1821
-12.53314 1.6452721 0.045320373 166.13812
-12.556565 1.7315972 0.077583261 153.63725
-12.530848 1.8488636 0.054934803 165.64615
-12.556595 1.9278607 0.071762443 158.0706
-12.52597 2.0284779 0.079235524 154.07143
-12.54092 2.1501372 0.074229777 156.36667
-12.552746 2.2251194 0.077794246 147.33333
-12.55078 1.6665112 0.11531827 120.25
-12.570718 1.7696068 0.1481593 134.49023
-12.538129 1.8803796 0.11781186 138.33333
-12.597109 1.9665905 0.11781102 144.33333
-12.530835 2.0452778 0.12224703 144.16112
-12.560998 2.1393161 0.12590048 140.3651
-12.585399 2.264329 0.13188475 149.60001
-12.525995 2.356935 0.13269687 145.33333
-12.503895 2.4510758 0.13835159 120
-12.51724 2.5247519 0.13555628 130
-12.553692 1.803218 0.21301103 125.46154
-12.49261 -2.4019239 -0.22564176 148.46666
-12.482682 -2.5309541 -0.12590848 164.34091
-12.409827 -2.4075317 -0.19820164 143.93333
-12.458405 -2.3401675 -0.11186369 187
-12.461032 -2.2317805 -0.11129741 182.90909
-12.438444 -2.1577413 -0.12272573 178.94737
-12.463545 -2.0303574 -0.13124178 173.1842
-12.447685 -1.9650027 -0.14073698 165.27916
-12.463422 -1.8500422 -0.14176604 165.08571
-12.431643 -1.7287389 -0.13901938 164.38843
-12.46964 -1.6465633 -0.14035994 174.89241
-12.446245 -1.5517658 -0.12807792 177.04517
-12.43359 -1.4539828 -0.13976178 168.55872
-12.418586 -1.3341165 -0.11764643 178.05382
-12.457099 -1.275839 -0.12661077 146.41666
-12.415214 -1.1861457 -0.10697202 182.7619
-12.493606 -0.99652272 -0.14825109 165.10001
-12.477798 -0.85457075 -0.12324194 154.19362
-12.470744 -0.76317215 -0.1132561 148.61336
-12.455452 -0.65222943 -0.10631486 138.41463
-12.463107 -0.57365 -0.10984126 145.25999
-12.491025 -0.46147916 -0.10175173 169.72414
-12.422118 -2.5833442 -0.035716608 155.39999
-12.421068 -1.2276734 -0.082806014 163.75
-12.451725 -1.1374134 -0.080644064 159.32143
-12.414556 -1.064129 -0.087623931 157.2
-12.491928 -0.95716584 -0.091409981 134.42857
-12.439953 -0.75948381 -0.08655569 177.08334
-12.474857 -0.63997936 -0.078369245 154.02222
-12.454175 -0.46758914 -0.065440498 164.03175
-12.465637 -0.36257982 -0.072614647 159.54909
-12.454122 -0.24957192 -0.065353952 154.42693
-12.472027 -0.15383193 -0.040034495 139.04984
-12.448141 -0.026950648 -0.037844524 152.27777
-12.422389 0.05471164 -0.04534319 142.5
-12.419008 0.15968864 -0.05916233 138.37273
-12.449288 0.25240842 -0.064194806 142.92566
-12.498207 0.57495254 -0.016286373 178
-12.462928 0.65056771 -0.033279955 163.2748
-12.448824 0.75685984 -0.036226455 172.54048
-12.460959 0.85319215 -0.017453203 172.63382
-12.473659 0.93142307 -0.017318178 167.75667
-12.432771 1.0371035 -0.0073013506 185.3111
-12.449817 1.1368723 -0.011197023 180.97223
-12.441324 1.2597871 -0.0082770269 159.9426
-12.441987 1.3616313 -0.0073006786 151.6637
-12.408538 1.4913669 -0.0011157955 119
-12.432897 0.67574865 0.032624189 178.67764
-12.454575 0.77375478 0.042564001 172.27243
-12.442553 0.85466486 0.037198797 162.27122
-12.458174 0.9286052 0.025570687 186.49405
-12.438368 1.0369376 0.042417422 181.32869
-12.448021 1.1571962 0.019874966 181.20833
-12.459848 1.2276202 0.025324428 176.76372
-12.448555 1.3394073 0.030510096 173.23642
-12.446645 1.4507545 0.036668148 167.3222
-12.465351 1.5380156 0.032131441 162.26227
-12.422722 1.6237682 0.028904174 162.95164
-12.449231 1.7321936 0.050472438 157.61572
-12.447566 1.8187759 0.059064839 164.94856
-12.446976 1.9235615 0.05409722 176.96333
-12.443336 2.0140927 0.076899938 155.41667
-12.491307 2.1368997 0.065381333 162.5
-12.417957 2.249666 0.079015374 148.325
-12.492003 1.8223445 0.10542791 140.2
-12.440982 1.940014 0.11543054 140.5
-12.425804 2.0571632 0.11388271 144.25
-12.449759 2.1459455 0.12714201 136.89375
-12.462929 2.2494762 0.1330104 141.89999
-12.482823 2.3447328 0.12839887 124.33334
-12.493431 2.4419847 0.14112841 128.58333
-12.485381 2.217679 0.23529865 159.66667
-12.347588 -2.4567668 -0.20439179 164.06592
-12.395663 -2.5150557 -0.12402777 174.68965
-12.309032 -2.486789 -0.19558488 175.3
-12.359529 -2.3472145 -0.11977137 188.5
-12.362495 -2.2642629 -0.11139503 187.66667
-12.363136 -2.1513019 -0.11261067 183.36363
-12.33345 -2.0409312 -0.1278671 180.125
-12.336117 -1.9522065 -0.135988 171.39259
-12.36898 -1.852698 -0.12582515 170.95648
-12.360283 -1.7505774 -0.12358532 172.72499
-12.363546 -1.63144 -0.12536779 171.7554
-12.358198 -1.555828 -0.12633596 178.41931
-12.366684 -1.4265358 -0.13813423 166.4375
-12.344883 -1.3496176 -0.1342468 170.06667
-12.353214 -1.2708341 -0.12989007 164.77779
-12.306211 -1.189105 -0.14433296 125
-12.350048 -1.0970963 -0.11661736 179.82944
-12.398879 -0.99052209 -0.12960473 172.2963
-12.343897 -0.89511853 -0.13684942 171.03781
-12.391707 -0.75489432 -0.11039099 155.51666
-12.355469 -0.66789371 -0.11295094 154.19354
-12.361283 -0.53774214 -0.11690387 169.76785
-12.334431 -0.47325414 -0.10255507 170.5
-12.391409 -2.7011137 -0.026296226 183.72728
-12.327784 -2.664489 -0.026225617 192.5
-12.350739 -2.5684206 -0.043165475 166.66025
-12.366277 -1.3216313 -0.093352988 156
-12.328099 -1.27786 -0.096802413 158.16667
-12.322143 -1.1656426 -0.089316092 161.25
-12.307147 -1.0600872 -0.089753389 166.77777
-12.388885 -0.96575511 -0.091515675 150.45
-12.384483 -0.85933423 -0.093331501 146.39999
-12.354774 -0.77603084 -0.091780566 167.34401
-12.332334 -0.66340744 -0.075963259 158.95859
-12.328715 -0.54088432 -0.073501691 171.98984
-12.357604 -0.46605822 -0.091389678 175.75
-12.376583 -0.37627161 -0.083984606 170.06937
-12.356433 -0.25898913 -0.073840924 166.32295
-12.344224 -0.15400174 -0.057871845 152.27748
-12.327075 -0.081953786 -0.04223685 149.33333
-12.32793 0.039007839 -0.047336802 157.52632
-12.316312 0.13458067 -0.04798422 148.05263
-12.33411 0.20927864 -0.046972293 137.34723
-12.384636 0.6475327 -0.023298908 174.5
-12.367726 0.76669025 -0.020746872 181.16666
-12.350711 0.85531139 -0.020994073 181.89999
-12.359124 0.93709826 -0.0137942 176.99907
-12.344273 1.0403353 -0.018114485 169.69943
-12.341218 1.1419662 -0.0049990695 160.80157
-12.344382 1.2431355 -0.012236615 156.89108
-12.321712 1.34217 -0.0050549782 150.69885
-12.332859 1.4300584 -0.017949285 161.50618
-12.31751 1.5351658 -0.017214457 159.58
-12.330028 0.47661394 0.053360168 185
-12.343768 0.55448425 0.046356738 176.70589
-12.349291 0.66181785 0.036054499 180.98334
-12.340919 0.74096763 0.029522521 173.59096
-12.344737 0.86691886 0.03736927 168.54044
-12.353309 0.95994359 0.03078565 172.39375
-12.339634 1.0488434 0.036074121 172.0791
-12.338346 1.1553659 0.024056038 181.00725
-12.3381 1.257205 0.026871311 179.77823
-12.35151 1.3497226 0.019465487 170.72881
-12.338435 1.4415492 0.026554065 164.80809
-12.360509 1.5450042 0.023719542 146.97223
-12.34549 1.6468598 0.04017124 156.40932
-12.355626 1.7552246 0.043603349 157.44786
-12.35466 1.8494115 0.064690724 167.16661
-12.351068 1.9608854 0.05649491 167.06052
-12.377619 2.0279174 0.065209813 168.28572
-12.373114 2.1058273 0.074602485 157.625
-12.32037 2.3481169 0.085692585 131.625
-12.364961 0.7952919 0.15204632 135
-12.327703 1.6229038 0.11369127 120.6
-12.354836 1.8724176 0.10843518 143.24603
-12.326595 1.9869375 0.12053264 141.28572
-12.327885 2.0581307 0.1238255 141.38889
-12.358863 2.2663815 0.13073851 136.16667
-12.364117 2.3680208 0.1332345 132.875
-12.35236 2.4257028 0.13407326 133
-12.361008 2.539994 0.14390559 161.0625
-12.231363 -2.4474061 -0.20479542 178.5
-12.278756 -2.4951384 -0.13497929 173.26666
-12.261338 -2.328696 -0.12658423 185.66667
-12.234466 -2.2389474 -0.12140918 187.5
-12.260014 -2.1560667 -0.1130769 186.66667
-12.22331 -2.0633698 -0.11642116 186
-12.237173 -1.9808758 -0.11127408 185.5
-12.257634 -1.8579288 -0.13516746 162.71445
-12.26763 -1.7515106 -0.12622026 175.61508
-12.258841 -1.6569268 -0.1185324 177.14999
-12.245006 -1.5462444 -0.11365027 177.75594
-12.24344 -1.4539653 -0.10872921 180.38486
-12.224743 -1.3123006 -0.11707676 172.875
-12.29523 -1.211007 -0.11038975 170.70454
-12.244062 -1.146295 -0.12678194 151
-12.291363 -1.0017209 -0.12296242 178.05263
-12.207271 -0.99981189 -0.11028195 182.05
-12.270735 -0.86843532 -0.11332573 170.45
-12.221725 -0.76770294 -0.11134252 171.09091
-12.24011 -0.67073679 -0.10854238 171.5
-12.233357 -0.58337307 -0.10777199 169.66667
-12.255977 -0.48959997 -0.10593089 168.5
-12.205168 -2.6153092 -0.032113865 171.5
-12.294535 -2.5238988 -0.052055329 172.27777
-12.226837 -2.4939902 -0.098729528 170.83333
-12.224098 -1.2366096 -0.095624581 148.43333
-12.218693 -1.1316208 -0.093106076 146.83334
-12.296511 -0.9759891 -0.09320081 166.45454
-12.267895 -0.89744985 -0.095747545 167.58824
-12.256912 -0.7447176 -0.084394425 168.55417
-12.235084 -0.64371097 -0.085078254 178.83334
-12.240485 -0.5588423 -0.072148979 147.72778
-12.263515 -0.43037567 -0.077796139 160.74222
-12.214009 -0.38994789 -0.059971135 154.85606
-12.245676 -0.27909982 -0.073636867 177.64285
-12.228233 -0.15738165 -0.066059411 175.38159
-12.276691 -0.052303694 -0.039964594 136.92857
-12.220619 0.013412465 -0.052622329 165.875
-12.215603 0.14157809 -0.057625502 164.29413
-12.277761 0.62297595 -0.030354995 175.25
-12.228645 0.74253541 -0.019201202 186
-12.250342 0.86096823 -0.015845971 170.58441
-12.258926 0.93522787 -0.010039201 173.91866
-12.248875 1.0411921 -0.015010285 170.68605
-12.251713 1.138751 -0.015048488 162.94058
-12.249948 1.2282177 -0.010114732 163.47354
-12.25552 1.3394432 -0.010841295 164.1375
-12.254817 1.4284066 -0.021469662 157.33913
-12.255565 1.5410764 -0.017289747 135.69934
-12.212451 0.39362693 0.040060911 182
-12.281134 0.43917263 0.050677713 185.11111
-12.269606 0.54163122 0.056146365 182.8
-12.235266 0.61651498 0.040378667 177.16667
-12.263033 0.76225346 0.032652996 173.43332
-12.231651 0.84711719 0.031605285 180
-12.263522 0.94443208 0.034160446 177.36812
-12.241107 1.0460994 0.034566924 166.25816
-12.240207 1.1604682 0.042204719 162.35579
-12.24887 1.2536561 0.029775869 173.06857
-12.244786 1.3492842 0.030504484 178.06261
-12.252989 1.4463811 0.045042291 167.38228
-12.245709 1.5496075 0.055680677 158.54424
-12.252147 1.6492043 0.038912222 166.04274
-12.263667 1.744804 0.047101792 168.33347
-12.259151 1.8373418 0.054599851 156.05463
-12.24354 1.940946 0.05976294 161.78169
-12.255363 2.0206985 0.071501158 150.73149
-12.243908 2.135576 0.075022765 159.73865
-12.278931 2.2065697 0.073969871 147.125
-12.21019 2.3100653 0.0833233 133.75
-12.203521 2.4173698 0.082432792 132
-12.295995 0.90491462 0.11345717 138
-12.237419 1.221512 0.1345948 128.38889
-12.216854 1.5306454 0.12688273 122.7
-12.249166 1.6510202 0.16633755 134.34691
-12.24659 1.7368097 0.12327794 154.97223
-12.219627 1.9884248 0.10776387 144.83333
-12.299003 2.0849569 0.12082549 140.78572
-12.254774 2.1852331 0.11707505 145.57143
-12.291812 2.2847135 0.12553778 145.5
-12.268498 2.3836277 0.1297814 135.5
-12.243752 2.4886482 0.13525343 125
-12.226146 2.5636089 0.14394163 119.5
-12.20013 1.2991303 0.2378732 126.25
-12.28265 1.6594613 0.22606808 130
-12.262033 1.7517112 0.21977367 128.58333
-12.209521 1.846401 0.25138658 142.66667
-12.180855 -2.4605238 -0.20445684 174.83333
-12.184442 -2.2752061 -0.12135419 177.5
-12.133968 -2.1485445 -0.12584071 180.375
-12.162432 -1.9995133 -0.11220051 187.75
-12.136962 -1.8799222 -0.11388845 186.89999
-12.156953 -1.7517842 -0.1309402 167.5
-12.14682 -1.6722829 -0.12589985 173.13335
-12.162642 -1.5810657 -0.11878751 167.77499
-12.135234 -1.4586701 -0.11562636 170.8889
-12.13073 -1.3460623 -0.1143085 158.5
-12.122174 -1.2797954 -0.12660523 190.75
-12.146841 -1.1121162 -0.10596829 159.17778
-12.119855 -1.0959527 -0.11207005 189.25
-12.177506 -0.89656502 -0.12026986 180.29167
-12.15286 -2.5116649 -0.040889267 153.58334
-12.149752 -1.1702435 -0.096895143 152.33333
-12.10784 -1.0900527 -0.09688583 152.66667
-12.199246 -0.99467218 -0.089626059 162.75
-12.145474 -0.87056237 -0.095329441 177.3889
-12.182027 -0.78698802 -0.090124361 167.06667
-12.143773 -0.66229552 -0.081701823 159.25
-12.149564 -0.5364427 -0.074431218 160.25264
-12.130085 -0.4405323 -0.068540342 138
-12.179011 -0.32869112 -0.059199799 152.14815
-12.153851 -0.26124391 -0.065451659 156.81876
-12.152264 -0.12753075 -0.063283302 155.625
-12.147874 -0.048597082 -0.047171377 183.18054
-12.125771 0.062051583 -0.053548057 163.79762
-12.156523 0.55125767 -0.037360214 165
-12.166534 0.63132352 -0.029771158 173.75
-12.104218 0.74917698 -0.024598075 183.39999
-12.143562 0.8531692 -0.02114966 169.20834
-12.147586 0.9479087 -0.01994417 159.48192
-12.127378 1.0606081 -0.01976097 166.7531
-12.132468 1.1502013 -0.012947219 166.08586
-12.159717 1.2326806 -0.016393673 164.9537
-12.153619 1.3233676 -0.012986488 156.50475
-12.154725 1.4385723 -0.018174829 152.60596
-12.149155 1.5440364 -0.024834206 159.87247
-12.160645 1.6209213 -0.0051007415 158.28412
-12.121979 0.4036366 0.032267313 176
-12.157277 0.50675505 0.047499921 184.8
-12.137519 0.66107458 0.044776283 181.14285
-12.159636 0.7605347 0.046277493 187.75
-12.165783 0.86318147 0.035680179 180.91112
-12.145701 0.93312925 0.027425747 178.22263
-12.152377 1.0206876 0.037533455 175.02951
-12.147472 1.1371814 0.030462729 172.63916
-12.155924 1.2592449 0.024433069 167.14999
-12.179587 1.3387341 0.020134447 178.03622
-12.175722 1.4338875 0.059360512 149.46429
-12.170278 1.5690508 0.057685293 160.67708
-12.16205 1.6610937 0.0485004 161.02339
-12.14743 1.7577275 0.054724339 164.02005
-12.143883 1.8409252 0.057216294 167.6188
-12.151933 1.9407065 0.05121674 170.90178
-12.150134 2.0269408 0.065294631 167.47726
-12.160835 2.1142259 0.068242848 156.25
-12.160563 2.2141135 0.076708622 143.39999
-12.159182 1.4806379 0.13347201 140.375
-12.124641 1.5593302 0.16535625 143.5
-12.175512 1.8542485 0.10486737 150.77777
-12.157937 1.9441123 0.11712704 141.127
-12.148216 2.0488708 0.10875319 141.35715
-12.125443 2.1578989 0.11458924 142.89285
-12.192983 2.2608371 0.11905104 146.39999
-12.161057 2.3474216 0.12566547 137
-12.121108 2.4551656 0.12892628 123.5
-12.08146 -2.4888678 -0.21341562 169.2
-12.062944 -2.1541059 -0.12653226 176.25
-12.049569 -2.0089412 -0.12476755 180.39999
-12.0299 -1.8685555 -0.12857048 180.95
-12.035823 -1.7392411 -0.13303211 165.22223
-12.049886 -1.6718142 -0.13328034 166.16667
-12.05993 -1.5625234 -0.11966211 164.63333
-12.069077 -1.4679683 -0.11535367 157.5
-12.055792 -1.3879637 -0.11075379 155.83334
-12.069857 -1.237373 -0.11610541 169.85417
-12.027393 -1.1368085 -0.10237413 145
-12.091639 -1.0166256 -0.11094824 187.85715
-12.07629 -0.91637653 -0.10688403 187.45454
-12.066496 -2.645458 -0.025743989 169
-12.085598 -1.0022799 -0.09421964 153.8
-12.085726 -0.90931594 -0.09109129 158.8
-12.079187 -0.82655275 -0.088273279 156.39999
-12.068891 -0.72024119 -0.084641874 151.14285
-12.026142 -0.62208766 -0.077775456 140.25
-12.043447 -0.54877955 -0.075302958 147.13335
-12.065212 -0.44043347 -0.064333409 166.27501
-12.051758 -0.33527672 -0.054553572 148.04286
-12.068817 -0.23571989 -0.060378861 148.83333
-12.047511 -0.13666068 -0.048603125 138.41667
-12.025867 -0.035282794 -0.037399393 149.52856
-12.00457 0.040985476 -0.030642442 136.375
-12.019543 0.51409078 -0.04011061 158.33333
-12.028501 0.63582104 -0.016047467 154.13333
-12.043627 0.76673627 -0.015021829 163.35001
-12.059863 0.85284489 -0.0082906066 161.38246
-12.053369 0.95351124 -0.0050302418 172.74828
-12.039825 1.0474521 -0.010697026 176.46465
-12.070004 1.1231306 -0.013502201 174.42361
-12.068175 1.2413838 -0.0060834931 163.64227
-12.029134 1.4559051 -0.013012313 164.74286
-12.066304 1.5429535 -0.0069563859 144.22998
-12.050258 0.45132872 0.032840118 174.5
-12.05843 0.57505006 0.044076584 182.5
-12.010504 0.67925441 0.048193894 183.60001
-12.053642 0.78915375 0.046298519 180.7619
-12.037057 0.84488541 0.04624632 183.41251
-12.052716 0.9569481 0.028511556 183.56651
-12.064786 1.0434334 0.046354827 177.19376
-12.042425 1.1462903 0.042113233 176.5997
-12.045487 1.2399426 0.017101228 170.33069
-12.041337 1.3811702 0.043250702 151.43713
-12.045776 1.4493444 0.045751579 167.79956
-12.088867 1.5794086 0.026264366 168.61429
-12.061603 1.6303858 0.025376383 166.75252
-12.048335 1.737272 0.048220243 164.875
-12.046497 1.8602595 0.061097465 167.17479
-12.070585 1.9563692 0.06371928 138.95769
-12.04459 2.0419817 0.067193694 163.575
-12.052896 2.1518898 0.068344444 152.8
-12.055415 2.2310965 0.079131521 136.75
-12.097218 2.3256395 0.082631864 133
-12.074028 2.439265 0.086020157 130.33333
-12.09792 1.4779699 0.17129028 172
-12.039836 1.6589222 0.13404106 137.62564
-12.088131 1.8819613 0.10369507 149.3
-12.037339 2.0260212 0.10248211 151.66667
-12.085491 2.2552283 0.11646626 140.83333
-12.038304 2.3597646 0.11950152 129.39999
-12.04742 2.4963152 0.131588 128.5
-12.069248 2.5278509 0.14957336 124
-12.044446 1.3751556 0.25665915 127
-12.014945 1.4221432 0.21825877 156
-11.963398 -2.5181153 -0.20764747 138.7
-11.956812 -2.5116866 -0.1772006 99
-11.961835 -2.0504487 -0.11910817 150.5
-11.932013 -1.9452428 -0.11831794 151.8
-11.934949 -1.8365406 -0.11824707 161.35001
-11.932404 -1.7300633 -0.13248387 188.5
-11.960075 -1.6210667 -0.13122334 169.16667
-11.984265 -1.5556999 -0.11380956 140.375
-11.958563 -1.4924269 -0.10197487 116.57143
-11.978153 -1.3899686 -0.10938092 153.52499
-11.984573 -1.2533827 -0.10956411 154.7963
-11.993644 -1.1528492 -0.12138721 178
-11.96073 -1.0527458 -0.11028966 173.58334
-11.996511 -0.91098189 -0.10657401 182.2
-11.94364 -2.4773514 -0.036379635 110.25
-11.929349 -1.7236956 -0.099609345 124.8
-11.928607 -1.6097753 -0.093023896 112.375
-11.970675 -1.5043525 -0.086029738 128
-11.932745 -1.3522209 -0.082314298 127.75
-11.934935 -1.2442534 -0.080095053 116.25
-11.955619 -1.1569309 -0.082872592 118.47916
-11.964537 -1.0495036 -0.078978248 116.72858
-11.965505 -0.92621088 -0.047966871 108.0032
-11.969696 -0.85389924 -0.073419385 125.25
-11.969934 -0.74034208 -0.072282031 127.75
-11.944971 -0.64191777 -0.08197578 159.625
-11.957525 -0.5271427 -0.054850865 118.0625
-11.945992 -0.43642139 -0.045202862 110.19791
-11.986071 -0.32927382 -0.053335533 125.80357
-11.936814 -0.25838634 -0.041198976 110.16666
-11.956794 -0.16218987 -0.05399321 110.72223
-11.974148 -0.059592627 -0.056812931 152.5
-11.947865 0.052110162 -0.032479201 117.66666
-11.93854 0.49725941 -0.01664239 145
-11.937983 0.66561151 -0.02004613 165.625
-11.962192 0.71096349 -0.031392679 179
-11.94882 0.82648641 -0.015510857 171.57333
-11.947074 0.93555772 -0.013551814 181.1282
-11.947967 1.0515416 -0.013489634 179.26337
-11.990697 1.1660099 -0.011053897 174.55588
-11.919934 1.2261723 -0.00497466 175.10345
-11.96208 1.3379579 -0.012058049 171.32034
-11.933842 1.4576557 -0.021545002 166.00359
-11.934897 1.5120432 -0.027124727 164.11829
-11.955267 1.6611723 -0.015827101 161.5
-11.967444 1.7175021 -0.0058024749 159.55556
-11.918694 -1.6954533 0.048647288 169.66667
-11.988137 -0.034331474 0.087059356 138.33333
-11.970745 0.49916756 0.033976633 172.75
-11.934065 0.58409095 0.035795871 174.75
-11.930806 0.68202376 0.04424943 178.66667
-11.921325 0.76645339 0.047825161 181
-11.929005 0.85740983 0.044830922 189.05554
-11.948876 0.97929555 0.036655501 185.58119
-11.961766 1.0503421 0.045706134 182.59523
-11.943073 1.1524245 0.035282109 178.59839
-11.958954 1.2472785 0.020424655 171.12209
-11.951969 1.3479099 0.030362895 155.35016
-11.941309 1.4575551 0.035599664 156.09763
-11.948236 1.5601895 0.021445364 174.76186
-11.977453 1.6622545 0.028484672 180.12418
-11.952632 1.7580847 0.041849431 178.82272
-11.941403 1.8501805 0.041740779 174.16467
-11.972987 1.9279876 0.072994456 155.92677
-11.966083 2.0270579 0.066139191 140.5
-11.942949 2.171473 0.070161916 149.91666
-11.986054 2.310215 0.082571827 131
-11.946748 2.4262717 0.08496885 129
-11.954702 1.3841909 0.13589726 169
-11.951995 1.4270787 0.14561068 143.48393
-11.989502 1.6563702 0.13678947 129
-11.974055 2.0531409 0.10828255 141.66667
-11.949226 2.1417997 0.10499544 166.5
-11.946912 2.2936778 0.11801779 129.2
-11.946146 2.4525733 0.12339428 116.33334
-11.927756 2.5524824 0.13148649 114
-11.97104 1.3583182 0.20300122 131.85001
-11.901766 1.7082146 0.21191317 137
-11.837985 -1.832275 -0.10381638 130
-11.804878 -1.578143 -0.11071739 167
-11.832766 -1.6924726 -0.0048342254 152
-11.879277 -1.4655021 -0.086558335 133.5
-11.8517 -1.1416817 -0.083381675 139.5
-11.867208 -0.94682872 -0.019241547 63
-11.876129 -0.87312025 -0.067488462 96.55555
-11.848248 -0.73889047 -0.068717018 96.5
-11.823533 -0.62219286 -0.069060497 113
-11.870985 -0.36645913 -0.051563788 128
-11.890064 -0.26384926 -0.043459363 97
-11.876149 -0.10524974 -0.053254548 89.5
-11.87722 0.54911059 -0.021587953 149.66667
-11.852308 0.73867118 -0.018977167 179.79855
-11.846859 0.86422902 -0.0065091411 184.72223
-11.851374 0.9504385 -0.0071963053 178.37714
-11.896776 1.0358305 -0.0017256814 166.14285
-11.848429 1.1266565 -0.010280942 182
-11.822543 1.2729658 -0.0056046923 178.8125
-11.862549 1.3592876 -0.018051149 160.6839
-11.837088 1.4399861 -0.026949964 158.39999
-11.871039 1.5184495 -0.051742882 169.27075
-11.842601 1.6041836 -0.005416627 156.97298
-11.893865 0.55854529 0.038025927 172
-11.856462 0.64440948 0.033615336 183
-11.806613 0.72468626 0.027314074 193.66667
-11.850868 0.9677034 0.049579136 190.45833
-11.85308 1.0491488 0.037695859 188.96945
-11.840629 1.1608192 0.037196781 185.15714
-11.863022 1.2468615 0.014676302 169.06168
-11.862194 1.3531653 0.023053918 174.43571
-11.838554 1.4592825 0.036187537 169.47733
-11.836212 1.5443649 0.039448872 178.73685
-11.848037 1.6514473 0.035055846 168.74138
-11.842788 1.7548015 0.0477078 173.75372
-11.842991 1.8515925 0.049780797 175.01392
-11.887231 1.965198 0.070523888 163.37038
-11.895878 2.0608706 0.064885251 157.13333
-11.826396 2.1412818 0.066191189 156
-11.891036 2.2516608 0.073426515 132.75
-11.840864 2.3545089 0.0748813 127
-11.840919 1.3814489 0.17232198 132.42088
-11.825139 1.7693121 0.17541 159
-11.899481 2.1365588 0.1094399 167
-11.830646 2.4339201 0.12643519 101
-11.882797 1.4604607 0.21874197 145
-11.79946 -0.97880358 -0.097381271 141
-11.712519 -0.61288559 -0.092329852 153
-11.730235 -0.48091421 -0.082650431 151
-11.754913 -0.3474313 -0.075225912 154
-11.741636 -0.24811342 -0.082902931 190
-11.727384 -0.15871446 -0.07715077 161.33333
-11.748035 -0.011602134 -0.068287596 139.5
-11.729349 0.15159535 -0.055080626 185
-11.756561 0.56717956 -0.043496549 149.66666
-11.791651 0.62554306 -0.045956679 159.5
-11.743149 0.76629186 -0.023290692 189.47223
-11.766047 0.85736179 -0.022118445 189.93001
-11.736691 0.94693899 -0.014257842 190.94444
-11.743681 1.0729501 -0.0062278816 189.35715
-11.774292 1.1928638 -0.00046438488 184.4375
-11.745569 1.2604316 -0.019366961 160.99025
-11.734013 1.3489439 -0.030028272 147.32001
-11.721631 1.4716115 -0.012747956 162.18839
-11.742231 1.5420299 -0.0092877625 149.94937
-11.738006 1.6272881 -0.0069657029 149.22858
-11.741792 0.65558034 0.020088332 177.5
-11.774989 0.81594354 0.029206181 194.75
-11.74903 0.92912424 0.023039171 194.875
-11.766029 1.0399154 0.026965201 188.37666
-11.758623 1.127238 0.036265709 188.20607
-11.770997 1.24436 0.027672784 181.04095
-11.771702 1.341678 0.026027355 180.48351
-11.753206 1.4332076 0.04043949 175.00757
-11.734735 1.5577278 0.029749231 178.41028
-11.757001 1.6854382 0.040728673 186.47017
-11.759837 1.7435168 0.019785274 159.07777
-11.742453 1.8482496 0.061636019 182.05142
-11.747131 1.9654166 0.056043312 174.33809
-11.788966 2.0741518 0.072364941 162.03334
-11.76256 2.1539841 0.062082574 135
-11.773861 2.2301359 0.072116427 132.75
-11.791386 2.4470742 0.09256921 114.5
-11.777658 0.03045892 0.12853321 29
-11.727798 1.3557743 0.1328329 130.05293
-11.727252 1.6598082 0.12680647 130
-11.790331 2.4927528 0.12852323 106.5
-11.676556 -0.31620947 -0.080581576 151.5
-11.687264 -0.11625138 -0.077679664 183
-11.651683 0.34882286 -0.020974049 174.5
-11.603894 0.40488809 -0.028328769 187.75
-11.675805 0.69070733 -0.051966134 195
-11.652017 0.74767584 -0.03596792 189
-11.662406 0.83281225 -0.021271471 190.5
-11.656247 0.93792665 -0.013096842 191.73334
-11.667277 1.0264904 -0.01198893 185.83333
-11.645564 1.164144 -0.022501085 182.35713
-11.641419 1.269905 -0.020752899 170.67134
-11.645236 1.3502121 -0.02894827 170.26251
-11.640854 1.4605489 -0.021647491 169.56158
-11.627077 1.5233474 -0.028520251 166.72382
-11.639531 1.6481016 -0.030403357 167.61765
-11.632696 1.7256198 -0.0073871207 175.78572
-11.655333 0.79163867 0.024977747 190.16666
-11.674479 0.82667446 1.3519468e-05 197
-11.628647 0.90329975 0.030443929 189.16666
-11.641585 1.0406204 0.028037287 182.85454
-11.660994 1.1266394 0.021898914 186.64333
-11.65648 1.2430565 0.038826402 186.11607
-11.65064 1.3566504 0.023937605 183.15744
-11.66638 1.4566128 0.029647058 178.5
-11.669919 1.5622801 0.027280709 172.58679
-11.642616 1.6421871 0.042794298 183.02499
-11.68461 1.7459091 0.058473211 186.07578
-11.668036 1.8623214 0.043333162 168.12991
-11.653073 1.9423798 0.057993665 176.64285
-11.64341 2.0590174 0.055812031 181.3
-11.688259 2.1623552 0.0711454 161.1111
-11.625569 2.2314775 0.074438192 134.55556
-11.695714 2.348897 0.073983386 119.5
-11.647933 2.4189098 0.081531711 116
-11.665465 1.0511388 0.12636378 190
-11.642153 1.3171217 0.13662976 146.75
-11.665257 1.4274542 0.18016493 164
-11.658017 1.6748559 0.14707492 152.20209
-11.525523 0.44507855 -0.012019538 186
-11.520769 0.50618726 -0.029937293 199
-11.594475 0.68723941 -0.049488526 179.5
-11.542289 0.76281828 -0.04151025 183.08333
-11.563173 0.85323852 -0.026575994 188.75
-11.555208 0.94594651 -0.023694441 182.91505
-11.550506 1.0547093 -0.014347996 175.10466
-11.554112 1.1232704 -0.014458057 181.25316
-11.532184 1.2500966 -0.020493522 181.43344
-11.522031 1.346707 -0.016501205 180.63892
-11.536862 1.4468577 -0.029581234 176.38461
-11.54209 1.5570941 -0.022588201 176.17949
-11.561404 1.6550947 -0.0047591352 177.13792
-11.510965 1.7187759 -0.0032086759 179.33333
-11.513439 0.38706166 0.0085798893 173
-11.524421 0.50573641 0.00056200236 185.5
-11.519924 0.65443212 0.010399673 188.72501
-11.523262 0.78372514 0.0030155582 155.61539
-11.546893 0.89998949 0.0095448624 192.25
-11.53882 0.94767272 0.007184098 175.28108
-11.549748 1.0574934 0.015460979 172.96428
-11.533479 1.1568776 0.023146488 177.79167
-11.557425 1.2475514 0.019823782 165.55898
-11.541733 1.3571726 0.015562152 154.6111
-11.554824 1.4172313 0.02235543 180.70833
-11.565664 1.5545272 0.027961988 161.66667
-11.538673 1.6088591 0.029054195 181
-11.551825 1.7499866 0.047262952 144.25
-11.550596 1.8302174 0.035106823 176.54465
-11.552295 1.9569434 0.048386637 185.375
-11.555888 2.1309695 0.051289394 168.44444
-11.528828 2.3420944 0.076506518 112.25
-11.518186 1.3158481 0.17045206 150
-11.555628 2.2914512 0.10296399 127.5
-11.483996 0.32924053 -0.034008972 192.25
-11.416832 0.43430537 -0.020078246 192.33333
-11.464102 0.53083813 -0.013605698 192.89999
-11.446679 0.62363368 -0.019262791 178.26999
-11.485728 0.75813562 -0.054062106 190.8
-11.452637 0.82775718 -0.052254822 191.875
-11.430003 0.95051348 -0.033941574 184.54366
-11.437336 1.0636425 -0.017466577 179.00922
-11.458521 1.1445347 -0.014282468 177.12207
-11.448738 1.2571194 -0.021998167 177.99748
-11.432392 1.363784 -0.016589353 173.15236
-11.454254 1.4737285 -0.021229912 171.69081
-11.446843 1.5499331 -0.022664616 171.83179
-11.449858 1.6257694 -0.011715196 167.16528
-11.434697 0.73687702 0.0096215243 191.84126
-11.430082 0.81755805 0.011972062 160.60785
-11.453338 0.94734401 0.010750457 174.06494
-11.448735 1.0188744 0.00084343011 173.01923
-11.459912 1.1886816 0.0018087471 174.83334
-11.456424 1.2487208 0.002203645 166.83333
-11.434024 1.3332142 0.011285566 165.57408
-11.462193 1.4448036 0.028305521 170.95605
-11.493077 1.542943 0.026470093 182.57143
-11.457106 1.6452843 0.026763111 170.84769
-11.454437 1.7559214 0.021248925 169.85307
-11.464422 1.872286 0.032097865 181.63402
-11.455712 1.9515643 0.045117043 156.40871
-11.44667 2.0432665 0.053570714 174.50458
-11.466461 2.1613405 0.06648355 172.25
-11.455436 2.235584 0.064791441 148.16667
-11.489876 2.3587666 0.089749157 172.39999
-11.476805 1.2305646 0.14805491 138
-11.420644 1.7442232 0.1209387 165
-11.357891 0.27549383 -0.026213866 190
-11.32317 0.35024142 -0.02813969 194.5
-11.35238 0.55372113 -0.02903107 187.47917
-11.350989 0.65125942 -0.022909539 170.16667
-11.356007 0.73950946 -0.019194603 180.125
-11.340204 0.86145884 -0.029383183 177.92
-11.352915 0.95988613 -0.028167153 178.33333
-11.355153 1.0332816 -0.024868451 186.17261
-11.33582 1.1487455 -0.014637423 189.32936
-11.35491 1.2273179 -0.013549922 184.25
-11.345505 1.3310988 -0.0063914419 184.52499
-11.358417 1.4362392 -0.0015832928 195.66667
-11.318155 1.5323009 -0.041342083 167.2845
-11.313335 1.6472985 -0.0094649661 167.26027
-11.343466 0.72452486 0.0046335547 190.53571
-11.347776 0.83324194 0.012347774 178.0625
-11.324331 0.9568007 0.011219878 171.16666
-11.330707 1.0207213 0.012996674 173.09091
-11.3332 1.116466 0.006495811 170.25
-11.349922 1.2324911 0.006425824 169.76721
-11.330478 1.3543965 0.027284609 164.4968
-11.32381 1.4475387 0.010569789 180.2361
-11.346992 1.5356798 0.017239215 165.27164
-11.362617 1.6592369 0.039680399 161.62039
-11.351006 1.7542896 0.034445234 168.44714
-11.341765 1.8450668 0.031247465 169.11623
-11.348599 1.9526454 0.038874473 171.77777
-11.340109 2.0269234 0.049523644 166.94
-11.347813 2.1492312 0.060751952 166.8125
-11.379348 2.2713604 0.074442394 143.55
-11.377573 2.3651004 0.089012109 172
-11.371153 2.4143922 0.099138014 174
-11.371524 0.95241189 0.17948927 148
-11.389846 1.2593808 0.10025971 166
-11.209568 0.27616835 -0.037735578 194
-11.292768 0.41495273 -0.030964216 197
-11.256699 0.5397976 -0.019062459 195.08333
-11.270378 0.68836331 -0.00018321429 191.2
-11.244618 0.72727597 -0.021316197 176.17917
-11.244527 0.86554211 -0.0093062865 178.29628
-11.249386 0.93590176 -0.037826881 182.39999
-11.248689 1.0262244 -0.029543659 182.53745
-11.249847 1.1505358 -0.016581006 179.67999
-11.239491 1.2430159 -0.0081441468 170.45
-11.228276 1.3159949 -0.013199294 177.3871
-11.204211 1.4268954 -0.0079458104 174.16129
-11.21801 1.5331767 -0.018333953 168.46371
-11.226392 1.6573997 -0.00029963133 169.125
-11.215192 1.7452477 -0.0050057936 170.38461
-11.212134 0.44035107 0.0043209395 139
-11.233873 0.78528452 0.0043283142 171.75
-11.257398 0.8713972 0.01036327 173.27777
-11.264259 0.94897956 0.017160375 176.83333
-11.232482 1.0394686 0.050106235 174.39285
-11.230967 1.1284719 0.013386874 172.38824
-11.254186 1.2347907 0.018818954 172.02263
-11.21356 1.3321712 0.011938586 169.8
-11.249516 1.4528068 0.0036716671 176
-11.24431 1.5613918 0.015454703 173
-11.259263 1.6504341 0.021054255 168.59875
-11.254466 1.7265568 0.04159642 164.94637
-11.249512 1.8580673 0.032374524 165.51398
-11.248476 1.9560633 0.037686232 163.86378
-11.274175 2.0481822 0.049850319 162.42381
-11.211691 2.1561375 0.051053736 154.47917
-11.263906 2.2476552 0.066663466 155.10001
-11.26902 2.360043 0.068128906 171
-11.23716 2.4863331 0.089004055 155.5
-11.292147 0.93950689 0.16276368 190
-11.223291 1.0639166 0.19029637 142.60001
-11.257727 1.3876472 0.12260737 168.8
-11.207442 1.416949 0.1324162 145
-11.236898 1.6818224 0.11808526 131.52174
-11.26154 1.0144192 0.2110963 141
-11.184368 0.37266028 -0.022470767 198.66667
-11.168226 0.47666502 -0.0092024589 171.75
-11.136326 0.51410532 -0.014100816 175.93333
-11.157986 0.66159075 -0.024023265 179.33333
-11.155732 0.7718457 -0.011289409 186.67618
-11.13903 0.88045907 -0.025840338 170.7
-11.125425 0.94629705 -0.0028429644 173.66667
-11.161422 1.0184953 -0.027005231 165.27777
-11.161882 1.1490211 -0.017384751 175.03487
-11.133436 1.2400546 -0.016833471 172.90579
-11.122437 1.3096853 -0.016916607 168.14394
-11.119785 1.4311889 -0.03391511 172.50702
-11.136121 1.5273212 -0.024224129 171.4594
-11.135025 1.6322336 -0.020347128 172.02937
-11.110353 1.7470852 -0.017230829 175.42105
-11.196095 0.67574 0.0030294312 189
-11.158378 0.73244005 0.0048781969 187.33334
-11.141182 0.82497972 0.0086269509 168.25
-11.154737 0.955163 0.036147647 178.96667
-11.151486 1.0382621 0.034085568 172.0125
-11.136682 1.1328053 0.020058077 172.20834
-11.150742 1.2334236 0.023098879 176.10255
-11.154061 1.3338566 0.031136291 178.55624
-11.167206 1.4577196 0.02101773 170.2
-11.157856 1.5741105 0.02891062 180.85556
-11.158427 1.6626079 0.02434873 173.89641
-11.140616 1.7483295 0.040413693 168.00137
-11.152648 1.8396302 0.036098104 185.72437
-11.146877 1.937593 0.034173924 167.88484
-11.151642 2.059077 0.046435852 155.86111
-11.145461 2.1817541 0.05706463 162.22223
-11.151463 2.2391367 0.062275596 161.625
-11.163666 2.3538408 0.077283226 142.125
-11.112846 2.4458377 0.07107687 164.5
-11.166405 1.0556256 0.13434288 139.37036
-11.164055 1.687232 0.14886576 131.61472
-11.122321 1.7333069 0.19689766 148.83333
-11.062398 0.35549051 -0.025153713 198.22223
-11.060206 0.53786981 -0.011731913 178.25
-11.055696 0.62848008 -0.0034943537 191.375
-11.071288 0.7059797 -0.009621121 187
-11.059457 0.83791423 -0.028588047 171.1223
-11.011136 0.95493281 -0.040280625 153.75
-11.068166 1.0330172 -0.0078049954 170.25
-11.059413 1.1506259 -0.027254092 167.22913
-11.044132 1.270326 -0.018937379 160.33334
-11.070129 1.3409501 -0.045499451 171
-11.028275 1.4634269 -0.023815555 171.54333
-11.017709 1.5601524 -0.022344146 171.22882
-11.037004 1.681381 -0.011582236 177.73334
-11.024652 0.63071454 0.0018448004 163.25
-11.07266 0.72766614 0.0081169577 187.57143
-11.063777 0.8704682 0.047880147 138
-11.045232 0.96512878 0.010447416 179.25
-11.071348 1.0489798 0.028369494 169.41667
-11.030691 1.1310072 0.013901709 173.77499
-11.057041 1.2439605 0.022299444 176.19365
-11.043753 1.3359423 0.02622401 176.25298
-11.065125 1.472006 0.041885812 179.66667
-11.046921 1.5747803 0.026112303 171.12036
-11.049866 1.6653285 0.029309625 171.63989
-11.055044 1.736712 0.024871016 177.99265
-11.047331 1.8479544 0.03812471 181.1312
-11.041736 1.9710883 0.039395496 167.78572
-11.054285 2.0627155 0.050493926 176.97917
-11.032784 2.1714396 0.042122617 178.33333
-11.056965 2.2746606 0.066920593 144.41667
-11.012665 2.3528681 0.070213392 170
-11.091223 2.4912817 0.088408507 148
-11.075722 1.0721785 0.11970291 127.05264
-11.033173 1.3812952 0.14753015 145.77777
-11.056989 1.720626 0.20583916 131
-11.063382 1.8582939 0.2267912 147
-10.941609 0.37494043 -0.029068151 199.375
-10.940374 0.50083786 -0.018381251 196.25
-10.940484 0.60668927 -0.0058914241 192
-10.972263 0.76750457 -0.024847372 171.63033
-10.902421 0.89672923 -0.041633345 140.66667
-10.953441 0.90474546 -0.020974092 176.2683
-10.929443 1.0245996 -0.014912301 173.10001
-10.944385 1.1117158 -0.014888444 171.12115
-10.930679 1.2278587 -0.022315124 166.59447
-10.945156 1.3162248 -0.0064026676 174.85715
-10.934 1.4356498 -0.0069201849 160.49432
-10.94381 1.536283 -0.030693598 168.38292
-10.90273 1.670542 -0.0092605036 184.04167
-10.939434 1.7665925 -0.00046543538 184.72728
-10.957388 0.6543262 0.0056973882 180.125
-10.960731 0.72412777 0.0055869124 177.5
-10.973231 1.0129868 0.017371466 162
-10.9403 1.1045291 0.014116443 172
-10.949253 1.3763976 0.016536357 163.94949
-10.93623 1.4349229 0.030325811 163.51035
-10.942838 1.5652198 0.01790075 164.22041
-10.956293 1.6468427 0.033055257 169.76022
-10.936136 1.7419277 0.026982781 173.22952
-10.955409 1.8539509 0.031392027 171.12985
-10.961506 1.9674324 0.043259993 162.66786
-10.93434 2.0658286 0.048300598 165.45
-10.937932 2.1392565 0.054274622 189.83333
-10.927929 2.2643335 0.054180063 173.60001
-10.951468 2.4678328 0.081603706 142.16667
-10.988991 1.0841342 0.10012919 122.26923
-10.989602 1.3785074 0.10850523 154
-10.905512 1.4184051 0.15555793 147.66667
-10.910617 1.8349221 0.14566264 157
-10.825887 0.41908082 -0.029538618 200
-10.840227 0.51864833 -0.015975609 196.39999
-10.859805 0.676292 -0.0040377458 189.75
-10.8606 0.80021048 -0.014648998 182.42857
-10.83346 0.95086616 -0.01988817 176.83823
-10.834335 1.024112 -0.028112983 174.49225
-10.839782 1.1391352 -0.021267306 162.11528
-10.851982 1.2630656 -0.021507073 171.45139
-10.851979 1.3756313 -0.020149911 170.35371
-10.839243 1.4614977 -0.015013126 169.14493
-10.845597 1.5488387 -0.017745191 175.14716
-10.85272 1.6671898 -0.0077234353 166.19434
-10.857364 0.62898028 0.0027775469 192.75
-10.872941 0.75754166 0.0097057596 180.1111
-10.832633 0.8271302 0.0075550107 172.33333
-10.803803 1.4019898 0.063632905 158.5
-10.861139 1.5951478 0.01697357 171.60869
-10.840801 1.6388521 0.022089366 164.05145
-10.842432 1.7490964 0.026101734 162.26031
-10.853301 1.8579686 0.035569981 167.76993
-10.85064 1.9540342 0.043298651 181.05
-10.843625 2.0600748 0.054742929 154.77777
-10.871053 2.1639142 0.078585573 172.8
-10.821318 2.2138259 0.033864725 182.875
-10.850015 2.3770971 0.059568893 155
-10.809832 2.4312491 0.069781013 142
-10.857488 1.3930683 0.20991169 135.25
-10.721423 0.4489871 -0.018791724 200
-10.749674 0.55777264 -0.011309433 195.64999
-10.761352 0.71291089 -0.00061891659 189.875
-10.77935 0.84509152 -0.0086460523 182.28181
-10.759555 0.92179346 -0.0098758852 179.40454
-10.726484 1.0425887 -0.039715786 174.14999
-10.746469 1.1463253 -0.034814607 149.41379
-10.718718 1.2263962 -0.037599359 169.68571
-10.748329 1.3256351 -0.029219147 170.00595
-10.746244 1.4483491 -0.019809185 166.89067
-10.719784 1.5559007 -0.015154935 178.48499
-10.760546 1.6531965 -0.013828889 174.30254
-10.788484 1.7801055 -0.005394205 171.11111
-10.74955 1.8798831 -0.0024155194 175.54167
-10.754028 0.66578054 0.0073574469 193.66667
-10.73905 0.74477565 0.010222974 190.41666
-10.788861 0.95202339 0.045211151 166.95238
-10.724265 1.041919 0.075692132 149.66667
-10.746138 1.1516488 0.043203466 145.5
-10.761913 1.2928727 0.051603477 139.5
-10.740927 1.3810217 0.066681743 141.0625
-10.772667 1.4701632 0.021600559 159.67444
-10.761234 1.5640239 0.02361645 159.14032
-10.761153 1.6538628 0.013757591 171.07668
-10.74246 1.7519822 0.031519853 169.38397
-10.748249 1.8553563 0.021946641 186.85834
-10.769919 1.9348096 0.04197919 183.51515
-10.734035 2.019732 0.041132931 153.60001
-10.767764 2.2761807 0.029942852 154
-10.722276 2.3217318 0.044250809 141.66666
-10.788816 2.4609175 0.072628349 139
-10.712334 1.0390884 0.16112854 131.39999
-10.747218 1.6945695 0.11738485 124.09091
-10.732495 1.7013953 0.13558456 122.8
-10.655655 0.57395875 -0.0072997995 197
-10.633283 1.0633819 -0.034074329 167.83333
-10.619096 1.1261184 -0.024805482 167.07272
-10.61956 1.2271219 -0.025993722 165.62354
-10.614077 1.3549638 -0.04113378 166.9819
-10.631598 1.4644917 -0.033076383 174.22554
-10.638849 1.560801 -0.025504425 175.8309
-10.656017 1.6844025 -0.011105245 182.63965
-10.641392 1.0455807 0.053993471 153.90179
-10.669084 1.1614367 0.034285139 156.66667
-10.658859 1.2932329 0.042336695 151.5
-10.667827 1.3731428 0.036911011 155.76036
-10.65527 1.4196646 0.057609722 152.33333
-10.663699 1.5519441 0.035713088 167.93309
-10.661496 1.6668342 0.033813693 159.09322
-10.658554 1.7516745 0.034142397 169.66071
-10.657833 1.8524699 0.019509353 182.74921
-10.652767 1.9453712 0.021571808 180.80392
-10.628561 2.0492253 0.046453193 167.8
-10.657323 2.3941619 0.047119766 121
-10.670859 1.0791385 0.14946124 125.95238
-10.673763 1.696517 0.16047813 125.46154
-10.671702 1.7256439 0.15339567 155.5
-10.534606 1.1417769 -0.030238913 166.53448
-10.531674 1.2633893 -0.036598772 166.33865
-10.534585 1.3559332 -0.042356104 169.5946
-10.539557 1.4632314 -0.037556428 173.36494
-10.569885 1.5195774 -0.060610473 165.09677
-10.533131 1.6397899 -0.027991477 180.39763
-10.530419 1.7413744 -0.013275044 181.40327
-10.546516 1.8302879 -0.005711338 191.33333
-10.53584 1.0619423 0.036861185 168.25
-10.554258 1.1591225 0.050443031 156.075
-10.52661 1.2842839 0.034527253 174.75
-10.517387 1.3755895 0.068405248 167
-10.577253 1.4490092 0.032041918 169.90086
-10.550678 1.5291344 0.053677775 168.75
-10.557639 1.6083604 0.037786201 186.18182
-10.544905 1.7450173 0.048013698 186.75
-10.558953 1.8389043 0.0233263 187.68254
-10.559602 1.9581667 0.033434339 167.32419
-10.533658 2.0630193 0.034263238 189.5
-10.565201 2.1463814 0.034822486 182.6111
-10.529219 2.2372928 0.040660691 181.60001
-10.557743 1.376017 0.16334879 138.5098
-10.549654 1.6865588 0.18845114 145.05357
-10.554279 1.7618326 0.15233462 172.5
-10.421402 0.96876711 -0.027642602 187.16666
-10.444294 1.0653745 -0.026376156 180.66667
-10.442488 1.1482711 -0.041618381 174.32803
-10.458599 1.2486603 -0.01938642 176.18965
-10.448209 1.3486589 -0.038197745 170.31418
-10.485004 1.4522138 -0.058974676 164.1037
-10.486374 1.5406502 -0.046207499 170.47461
-10.439548 1.7519687 -0.0087608863 152.66666
-10.448158 1.8494883 -0.0047520618 176.43333
-10.441097 1.0849389 0.040372234 175.83333
-10.42968 1.1896455 0.040184245 173
-10.439385 1.2918335 0.044002555 170
-10.423383 1.3542333 0.05171001 140.00793
-10.473981 1.4088112 0.039063752 173.625
-10.446225 1.5523221 0.028057879 165.18637
-10.441753 1.6480262 0.031679817 189.625
-10.469905 1.7308087 0.028990686 190.39999
-10.459053 1.8750521 0.032264326 176.75
-10.469931 1.9479045 0.038242966 169.77777
-10.450055 2.0220454 0.030325236 168.5
-10.461576 2.1604104 0.04063829 158.66666
-10.456991 2.3562641 0.048033215 166.5
-10.403454 2.4444704 0.053464219 157.33333
-10.434216 1.8057362 0.13443063 181
-10.307556 0.63632166 -0.063392967 196.75
-10.343889 0.74225402 -0.052372873 197
-10.352261 0.84303349 -0.037587643 193.125
-10.32093 0.92995715 -0.027015215 190.33333
-10.332889 1.0393295 -0.025193105 184.42592
-10.348497 1.1543448 -0.023696557 184.10666
-10.352476 1.2611479 -0.027180808 168.97951
-10.345287 1.3477511 -0.018963924 177.86389
-10.355547 1.4475993 -0.023968274 176.81685
-10.358546 1.5376477 -0.022515152 178.34535
-10.361638 1.6223059 -0.018768631 169.77501
-10.364476 1.7424769 -0.00858407 161.27083
-10.383185 1.0992565 0.034276634 174.33333
-10.332226 1.1566933 0.048316181 171.75
-10.334824 1.2360587 0.054592595 169.5
-10.345101 1.3327425 0.071144752 154.91667
-10.367486 1.4460535 0.045221481 174.31111
-10.353519 1.5329007 0.013150706 174.34723
-10.320676 1.6733128 0.077898182 167.55556
-10.368553 1.7545877 0.021152467 187.3
-10.333863 1.8435417 0.026039463 166.43333
-10.344769 1.9393597 0.037394624 159
-10.343573 2.0493755 0.029969852 150.9375
-10.340679 2.1517053 0.058186796 162
-10.375476 2.2485745 0.037866153 151.5
-10.336407 1.3474774 0.12514183 130.14999
-10.245373 0.48837754 -0.01822295 204
-10.266652 0.51279259 -0.083981298 196
-10.230944 0.74647278 -0.050443828 197.25
-10.256314 0.8537448 -0.037908375 193.75
-10.235253 0.94913369 -0.024199516 190.33333
-10.211574 1.0507903 -0.01618534 187.83333
-10.240628 1.1285651 -0.036862288 180.24774
-10.260764 1.2276045 -0.024297178 174.32143
-10.249921 1.3425424 -0.020143343 181.60088
-10.246737 1.4175586 -0.019020051 177.39684
-10.240451 1.5308622 -0.0072258282 183.56825
-10.247588 1.6479595 -0.011262163 164.90417
-10.249109 1.7610896 -0.0069449269 163.375
-10.228406 0.49521476 0.084575422 165
-10.263979 1.127951 0.046625193 168.63333
-10.261551 1.2091737 0.048774313 168.5
-10.25525 1.3292352 0.053677522 165.375
-10.252557 1.4511279 0.058020379 169.125
-10.252969 1.5374742 0.0033932626 166.66667
-10.258104 1.6485051 0.038184375 170.97778
-10.237092 1.7499061 0.02634103 184.8889
-10.264674 1.8311303 0.064829446 168
-10.246459 1.9345038 0.027361913 159
-10.265018 2.0516622 0.035311922 177.1111
-10.246202 2.1086845 0.049539544 164.66666
-10.235782 2.2367091 0.032113742 169.28572
-10.294012 2.3676255 0.042962968 164.25
-10.240849 2.4305761 0.053451765 147.5
-10.247636 1.2593774 0.10785905 170
-10.272095 1.3224609 0.14396991 134.66821
-10.223401 2.2129688 0.2047957 116
-10.115015 0.51798052 -0.057336085 203.375
-10.185461 0.65465415 -0.059539307 195
-10.152651 0.82460302 -0.040282577 196.66666
-10.108246 0.94978857 -0.012364099 183.2
-10.148355 1.0398276 -0.028789951 188.78963
-10.158989 1.1290061 -0.012270645 181.03125
-10.145958 1.2607325 -0.026006838 185.82632
-10.14662 1.3402808 -0.028420812 185.81015
-10.178424 1.4544678 -0.027019039 157.83823
-10.137774 1.5585829 -0.020063162 184.83572
-10.182972 1.6463816 -0.0096503841 177.89999
-10.152788 1.7749882 -0.010602507 194.5
-10.15921 1.1541065 0.02710213 174.66667
-10.137939 1.2344228 0.028235041 181.42857
-10.165111 1.3247399 0.03122329 174.74074
-10.133703 1.441754 0.042025901 173.54205
-10.133625 1.5103712 0.018874394 180.82297
-10.145214 1.6488371 0.026932862 176.51851
-10.156768 1.7100681 0.068798766 166.75
-10.171144 1.8186442 0.064769216 169
-10.164958 1.9678885 0.077000864 145.8
-10.116295 2.022577 0.016463652 193.66667
-10.148801 2.1354542 0.050178465 162.25
-10.184138 2.2140551 0.096411124 133
-10.133943 2.332211 0.043826066 139.33333
-10.198594 1.647998 0.12214895 157.25
-10.036798 0.65072715 -0.059398189 188.33334
-10.091674 0.73248571 -0.052953284 197
-10.013105 0.82698542 -0.02994648 193.79999
-10.053485 0.95152521 -0.048698977 189.70833
-10.025309 1.0205576 -0.01821097 188.7193
-10.024065 1.1117707 -0.0067051318 187.22501
-10.018575 1.2496809 -0.018094748 187.28789
-10.035384 1.3371344 -0.029845433 189.39999
-10.056752 1.453416 -0.025262332 190.17915
-10.035503 1.5524629 -0.016619591 184.22726
-10.054749 1.6557472 -0.0088085793 193.02499
-10.090847 1.791531 -0.0058014099 197.25
-10.011025 1.8150582 -0.011599762 196
-10.014071 0.82931882 0.0058529135 193.33333
-10.051174 0.93447638 0.0078792516 187.20833
-10.000637 1.0351381 0.014014778 187
-10.077631 1.1604331 0.020985432 183.5
-10.038747 1.2176323 0.0048559569 174.72728
-10.030513 1.3455744 0.027128143 166.1636
-10.050568 1.455965 0.015400353 183.55714
-10.024432 1.5243973 0.027787955 186.73334
-10.038275 1.6229438 0.025928978 184.03889
-10.069431 1.7243204 0.037620008 180.11667
-10.040356 1.8167922 0.066436492 177.71428
-10.066316 1.9142114 0.07034307 161.39999
-10.055378 2.0563896 0.031354889 155.36
-10.06343 2.2113259 0.028129064 148.2
-10.035166 1.4327264 0.15051498 155.25
-10.046524 1.5072438 0.12900133 157
-10.032087 2.2230229 0.10034849 130.71428
-10.041304 1.4783684 0.22624132 155
-10.089787 2.2409236 0.24155092 123.11111
-9.9648561 0.54423225 -0.064847641 171.5
-9.9292183 0.73113602 -0.041171577 188.75
-9.9137878 0.86416078 -0.026890861 195.25
-9.9442244 0.90774572 -0.057571951 159
-9.9113979 1.0207745 -0.036285996 195.60001
-9.9453125 1.2331116 -0.031291507 182.16666
-9.9770784 1.3465976 -0.030859603 187
-9.9680214 1.444741 -0.011934927 176.33334
-9.9650841 1.5768222 -0.010931586 185.625
-9.9310303 1.7071431 -0.0056910273 173
-9.9797249 1.822247 -0.0027879286 181.66667
-9.9403696 0.93041629 0.0052192006 192.07143
-9.9274845 1.0318146 0.0061220462 189.5
-9.9438896 1.1253947 0.015844855 171.7619
-9.9451752 1.235563 0.013461532 169.06607
-9.9414291 1.3381445 0.023495024 183.63461
-9.963418 1.4355254 0.010303916 172.10793
-9.952632 1.5430025 0.02008261 170.75833
-9.9649296 1.6383073 0.020314539 184.34375
-9.9474068 1.7273444 0.02834738 189.311
-9.9409599 1.8281231 0.064513914 185.33333
-9.9634771 1.9510998 0.036258955 163.05556
-9.9437952 2.0391703 0.074850067 144.8
-9.9643202 2.1400857 0.042728048 137.1875
-9.9705582 2.2788441 0.037213977 119
-9.9564886 1.3449111 0.12922418 177.28149
-9.918519 1.4302392 0.15062124 141.39999
-9.9101353 2.2629299 0.12679783 115
-9.9583416 2.6578915 0.12147092 202.8
-9.9325085 2.897157 0.13571262 206.25
-9.940773 2.9144132 0.19980457 208.5
-9.9175396 3.0361362 0.140314 206.5
-9.9474459 3.1506586 0.14261535 201.91667
-9.9451799 3.2486525 0.13812615 203
-9.916235 3.3606627 0.16758531 199.575
-9.9314289 3.4531252 0.14045948 198.66667
-9.9154215 3.5501077 0.14059103 195.8
-9.9198751 3.6521685 0.14136975 171.44444
-9.9170971 3.8879607 0.15080297 196
-9.9579525 1.4271153 0.2043305 130.2
-9.9956083 2.6620274 0.21745376 207.39999
-9.9261799 2.9277351 0.2111996 207.85715
-9.9526901 3.0553813 0.25035694 205.31439
-9.9545727 3.1598301 0.20945463 204.2
-9.9360313 3.2687147 0.20411167 203.81818
-9.9122915 3.4548988 0.24310504 203.2393
-9.9142876 3.5705702 0.25161898 202.16287
-9.9326725 3.6761012 0.23824836 202.73865
-9.9323826 3.911031 0.23097005 204.89999
-9.931468 2.9578149 0.30628991 207.18182
-9.9329319 3.1955602 0.30560088 203.72728
-9.9101429 3.349066 0.30459765 202.42627
-9.8392448 0.6220513 -0.072141901 167.66667
-9.8074999 0.78912377 -0.054008499 175.33333
-9.8774719 0.85774446 -0.050688803 167
-9.8317032 0.9397409 -0.032660376 193.33333
-9.8547182 1.1791095 -0.044456042 156.33333
-9.8437138 1.2185689 -0.031930368 194.58334
-9.8599434 1.3219569 -0.038115975 166.41666
-9.887805 1.4465599 -0.021710817 175.41667
-9.8644352 1.586936 -0.023518691 161.5
-9.8670397 1.8544085 -0.0051858267 160.5
-9.8714361 1.0371262 0.013735424 193.1111
-9.8675928 1.1379358 0.015779236 190.61906
-9.8617878 1.2418092 0.013640707 166.09029
-9.8423824 1.3331051 0.019257221 184.42381
-9.8416929 1.4224942 0.019417968 183.4826
-9.8578272 1.5361476 0.014274716 173.14185
-9.8553658 1.614686 0.023311641 187.76111
-9.8431091 1.7152008 0.030906938 190.5625
-9.8581963 1.848382 0.027625751 192.95625
-9.835638 1.9613827 0.042664092 169.66666
-9.857193 2.0471206 0.034465764 159.94444
-9.8283634 2.1497123 0.053882722 140.02499
-9.8644581 2.2258859 0.079510905 117.21429
-9.8574791 2.5590942 0.079431385 126.5
-9.8561239 2.7059727 0.089146279 142.25
-9.8766222 1.4180447 0.12020528 138.92308
-9.8075838 2.8479452 0.13692144 176.66667
-9.8792267 2.9294996 0.13095972 182
-9.8104572 3.0075486 0.13513094 187.57143
-9.8694344 3.1012833 0.1371966 186.60001
-9.8279867 3.2775803 0.15540305 192.62563
-9.8059835 3.3760087 0.14245825 187.10001
-9.840189 3.4816887 0.15987484 189.57408
-9.8420382 3.5916705 0.1540841 168.89075
-9.8179779 3.6184371 0.15257704 187.5
-9.8641472 3.7042613 0.137381 193
-9.8454447 3.8335612 0.15251106 186.80127
-9.8028107 4.2996459 0.18609397 185.8
-9.8220444 4.6488175 0.18151969 185.85715
-9.8351574 3.0631807 0.23605859 200.66667
-9.8144493 3.1877584 0.20221314 198.5
-9.828639 3.2088606 0.29823905 196.25
-9.8326359 3.3484998 0.29655579 193.3255
-9.8529387 3.4473529 0.24960762 192.4617
-9.8823786 3.6613817 0.26274443 190.48842
-9.884201 3.7974098 0.29601333 191
-9.8420858 3.8390858 0.20828947 193.12662
-9.8381128 3.9061236 0.2913301 192.375
-9.8086824 4.1708536 0.27108702 184.07335
-9.8257256 4.2901397 0.24551354 186.05
-9.8008928 4.3514705 0.2602075 184.93713
-9.8047962 4.5863485 0.26215348 183.26666
-9.8240871 4.6690974 0.25541952 183.33636
-9.8157682 5.3592343 0.22687925 198.36363
-9.8204784 5.5573735 0.24812849 202.64285
-9.8058805 3.1152921 0.30460128 199.27272
-9.8326969 3.6563036 0.31359717 200
-9.8803415 3.851109 0.34133831 189
-9.8199768 4.1780462 0.35337672 185.18182
-9.8059034 4.3949242 0.35511118 180.31429
-9.8136129 4.4810958 0.36333752 178.83333
-9.8008099 4.5799742 0.35827112 179.02438
-9.8236151 4.6828556 0.30941978 180
-9.8001757 5.2374797 0.3137891 193.2
-9.824585 5.3948402 0.30007774 196.75
-9.7221756 0.71355081 -0.056545313 157.33333
-9.715374 0.88549346 -0.046084769 167
-9.7413635 1.1535639 -0.046565194 155.8889
-9.7340803 1.2771494 -0.025050042 152.93137
-9.783165 1.3264972 -0.027986871 169.22726
-9.7650299 1.4412196 -0.016907245 173.06154
-9.7719765 1.5519886 -0.015751733 171.36667
-9.7837009 1.6178498 -0.00015288596 193
-9.7699757 1.8809437 -0.00085004076 139.5
-9.7574911 1.1305974 0.0056259003 164.5
-9.7855005 1.2650272 0.010476568 157
-9.7246361 1.3617076 0.0092331078 169.09453
-9.7770796 1.4121076 0.041296877 150.27426
-9.7617321 1.5419035 0.012021886 164.53333
-9.7592134 1.657712 0.039420336 185.98251
-9.7607231 1.7332926 0.024609076 187.41071
-9.7586613 1.8474146 0.035538167 191.06668
-9.7577076 1.9222898 0.039411053 184.26666
-9.7186136 2.0191536 0.067643285 162.83333
-9.7468109 2.1202638 0.042718187 157.66666
-9.7527514 2.2104745 0.089813553 129
-9.7558937 2.4813511 0.073094912 128
-9.7059784 2.5323415 0.079710782 138.33333
-9.7408028 2.6472988 0.084430501 136.575
-9.748908 2.7653105 0.089896098 143.40001
-9.7503338 2.8469176 0.089796208 120
-9.7450876 2.9065869 0.093631126 120
-9.7376308 2.9081073 0.140586 184.5
-9.7409163 3.0600619 0.1334442 190.2
-9.7747135 3.1669779 0.14402616 189.72221
-9.7445869 3.2860272 0.1440641 186.5
-9.7150202 3.356216 0.14231592 182.23932
-9.7493677 3.4138951 0.13116574 183.42491
-9.7477379 3.5439885 0.14501779 171.51041
-9.772871 3.6060183 0.13670233 183.41666
-9.7449818 3.7580707 0.13634467 184.02083
-9.750411 3.829273 0.16448797 182.38095
-9.7288742 3.9661908 0.16738929 171.83333
-9.7455482 4.0732532 0.13568634 161.24445
-9.7417955 4.164403 0.16880523 179.47263
-9.7423019 4.2594466 0.16728923 175.79808
-9.7572908 4.3701539 0.16344972 181.75137
-9.7558775 4.450531 0.18135557 184.17442
-9.740284 4.5558348 0.17223908 186
-9.7258377 4.7565951 0.19887495 187
-9.7159271 4.847188 0.14374299 184.96428
-9.7114773 4.9676914 0.13525088 181.74445
-9.7141762 5.0442286 0.16248314 183.20877
-9.7244673 5.1356044 0.14868657 185.62772
-9.7042313 5.2603259 0.14477924 184.75
-9.7397909 5.3544111 0.18998775 148.33333
-9.7708988 5.4626489 0.19764066 157.33334
-9.7376614 3.4938462 0.20536287 193.875
-9.731122 3.5843184 0.21165684 189.58333
-9.7414761 3.8197095 0.26830834 197.875
-9.7595215 3.9522808 0.2573278 195.03572
-9.7427311 4.0485911 0.25553828 192.39999
-9.7568083 4.1358366 0.23306063 189.49567
-9.7844 4.2344308 0.24776037 186.36942
-9.7840014 4.3476949 0.24744776 186.02992
-9.7721329 4.4645596 0.27634025 186.52261
-9.7266111 4.5637121 0.26408336 195.30159
-9.726944 4.6548915 0.2413016 182.72745
-9.729435 4.7606421 0.2530618 185.4375
-9.7022486 4.8748097 0.25163051 183.11429
-9.7160139 4.9898148 0.24540502 181.125
-9.7357988 5.0615487 0.23068102 182.00977
-9.7312813 5.1367612 0.24497992 179.83472
-9.7370338 5.2377076 0.25105068 178.87964
-9.7383566 3.3960271 0.32988343 195.5
-9.7515841 3.4962392 0.31153411 191.92308
-9.7355433 3.6010795 0.31394812 189
-9.7392969 3.8668709 0.35808405 194.52942
-9.759511 3.9500628 0.36503556 192.83786
-9.770937 4.0748954 0.36913338 188.75525
-9.7925377 4.1042867 0.35205188 185.91304
-9.7877426 4.2491689 0.37038001 182.16602
-9.7654972 4.3492227 0.35792628 181.06129
-9.7696304 4.4609699 0.34116718 181.34392
-9.7106667 4.5846715 0.31167158 197.25
-9.792366 4.6444917 0.35577142 181.57651
-9.7504997 4.7048726 0.35694963 187.47368
-9.7860403 5.1202564 0.31607282 190.0625
-9.6615286 0.66003907 -0.05628778 147
-9.6275921 1.1383986 -0.045715954 171.5
-9.6508551 1.2781694 -0.0051151682 167.48979
-9.6633911 1.3651206 -0.019445695 180.73026
-9.6419401 1.4114441 -0.015169159 177.31429
-9.6596336 1.5153588 -0.0078284238 188
-9.6834707 1.6316624 -0.00026792655 184
-9.6086903 1.1486996 0.0059790933 190.75
-9.6494865 1.265286 0.0068740402 183.375
-9.63902 1.3204789 0.0066462592 167.12103
-9.6565523 1.424418 0.022290608 167.54736
-9.6562986 1.5398446 0.0079823425 176.38518
-9.645854 1.6249577 0.01658594 175.72646
-9.6697121 1.7498537 0.023757083 185.5238
-9.6691284 1.8642738 0.040319268 179.33334
-9.6594324 1.9592594 0.021797249 150.40001
-9.6474915 2.0553708 0.015321016 172.22501
-9.6749868 2.2222466 0.053098273 133.14285
-9.6169977 2.4651263 0.080703378 132.33333
-9.6630287 2.5728045 0.075288944 141.33334
-9.6168938 2.6165106 0.071287498 155.5
-9.6227903 2.7348778 0.084001563 158
-9.6406918 2.8446734 0.090599246 144.35001
-9.6880417 2.9035187 0.089848541 121
-9.6448755 3.062849 0.083419412 120.83334
-9.645483 3.192873 0.074265391 121
-9.6159334 3.230258 0.082946293 121
-9.6115913 3.3368881 0.069361627 122
-9.6093063 3.7146587 0.08264228 168.25
-9.6680698 4.061655 0.087203182 173.68182
-9.6526861 4.1328921 0.089595854 172.8718
-9.6398296 4.7523303 0.084325336 176.0625
-9.6896524 4.8509846 0.07868088 184.11765
-9.6748486 4.9528346 0.060918249 173.21295
-9.6640415 5.0617828 0.063738994 168.86957
-9.6943398 5.1518078 0.054984808 184.5
-9.6484795 5.2450266 0.055014037 177.86111
-9.6625061 5.3190546 0.070002243 187.91667
-9.6274433 5.4777884 0.07611765 187.76984
-9.6142445 5.6399069 0.082116328 187.19048
-9.6711569 2.7800622 0.13438091 178
-9.6524296 2.8528082 0.13830529 182.2
-9.6708555 2.9642813 0.14076561 186.2
-9.6757898 3.0199153 0.12012573 191.2
-9.6427212 3.1234193 0.14360124 186.91435
-9.671546 3.2365031 0.13062075 183.6369
-9.6486883 3.3434966 0.12884411 176.95137
-9.6464281 3.460577 0.13504192 163.47581
-9.6490574 3.5319095 0.14602137 162.48181
-9.6327839 3.6286867 0.13793068 172.66071
-9.6543312 3.7419524 0.14547125 166.73
-9.6445026 3.8653266 0.15475558 153.32639
-9.6664448 3.9775958 0.19601069 168.25
-9.6294422 4.07654 0.19823064 156.28572
-9.6388483 4.1550283 0.14839923 139.72437
-9.6347485 4.2492843 0.15027474 165.43748
-9.6314192 4.351995 0.16203085 166.49544
-9.6573172 4.4483638 0.15846713 176.32631
-9.6502018 4.5410819 0.17785975 167.97221
-9.6884651 4.6975694 0.18245512 204
-9.6626177 4.7621193 0.14299098 180.37776
-9.6453676 4.9621325 0.14442988 162.10059
-9.6708603 5.0473852 0.15760383 166.95625
-9.6819506 5.1365209 0.15357147 179.34123
-9.6540575 5.2349296 0.14017816 170.60152
-9.6626654 5.3447509 0.15644684 173.37019
-9.6582851 5.4583125 0.18566027 192.16667
-9.6270027 5.5420313 0.1445961 168.01923
-9.6511526 5.6755185 0.15927678 182.11665
-9.6158619 5.8542385 0.15895638 136
-9.6428099 5.9333377 0.15988924 145.66667
-9.6716948 1.482164 0.21094516 141.5
-9.6715965 4.0803952 0.20074004 165
-9.6700344 4.670948 0.209691 204
-9.6551981 4.9538155 0.26448172 198.07143
-9.6251564 5.0471163 0.25501662 192.22025
-9.6361332 5.1416993 0.26586381 194.23492
-9.6710892 5.2499781 0.25351822 180.38065
-9.6788893 5.3654299 0.25429159 185.35556
-9.6403227 5.4314771 0.23205484 185.22223
-9.6555452 5.5386534 0.24970989 192.25
-9.6699076 5.7478704 0.23469624 181.06667
-9.6605959 6.0118451 0.21434505 198.33333
-9.6650076 4.8923898 0.38400844 197.83333
-9.6505756 4.9866595 0.36765349 197.33333
-9.6310635 5.0132427 0.39983153 196.66667
-9.6617699 5.1645193 0.37030265 195.34731
-9.6824541 5.3936148 0.31896555 190
-9.6866169 5.5468874 0.31443554 194
-9.6953459 5.2033529 0.43000343 194.33333
-9.5988226 0.80515718 -0.050207902 143
-9.5295391 1.0675056 -0.028536074 161.65475
-9.5483284 1.3600335 -0.018261407 167.14667
-9.5527592 1.4223009 -0.029691231 171.73077
-9.5473509 1.5174071 -0.014493591 168
-9.554204 1.6496661 -0.0016326759 164
-9.5164547 0.42778563 0.00087192754 199.33333
-9.5306063 0.5418849 0.012668302 196.39999
-9.5461273 0.6511218 0.029966896 193.625
-9.5568686 0.74696296 0.036217943 188.75
-9.5534773 0.82474005 0.017198978 182.76923
-9.5495481 0.94592965 0.019859344 177.44118
-9.5465508 1.1509531 0.011797274 184.18823
-9.5616989 1.2697829 0.020252094 168.26111
-9.581212 1.3777471 0.026805533 187.66667
-9.5857353 1.497787 0.014347987 193
-9.5527687 1.5456392 0.0047015343 177.76923
-9.558918 1.6100436 0.0050973915 180.85715
-9.5742073 1.7536907 0.015753347 174.35417
-9.5462036 1.8547571 0.015685098 185
-9.5580416 1.9346743 0.020966168 158.64999
-9.5601072 2.0656741 0.023774605 155
-9.529232 2.2248549 0.040105879 158.04166
-9.5214987 2.4464054 0.080836296 135.44444
-9.5651579 2.5280423 0.071922615 153
-9.5520306 2.6508131 0.07660947 164.5
-9.5387993 2.7777081 0.078772709 172.05
-9.5503988 2.8850415 0.077180512 150.94318
-9.547534 3.0442379 0.080977596 125.88889
-9.5509901 3.1641736 0.074086532 125.16667
-9.5465803 3.2039428 0.083511837 125
-9.5494137 3.3269801 0.0793413 120.75
-9.5394793 3.442524 0.075365715 151.08186
-9.5260105 3.5295436 0.092650324 161.61572
-9.5628033 3.6420221 0.092119783 168.28206
-9.5653563 3.7817769 0.087645359 188.75
-9.5909071 3.818558 0.099193752 180
-9.5654173 4.0402021 0.069941536 168.4375
-9.5613861 4.12146 0.074121282 168.2439
-9.5604658 4.223588 0.072943516 168.74286
-9.5675144 4.3058367 0.099918306 174.58824
-9.5761232 4.7678413 0.062253736 152.125
-9.5386944 4.8408575 0.054830737 153.12059
-9.5407267 4.9609356 0.05809946 150.48997
-9.5240469 5.0660086 0.031688116 151.90323
-9.5518398 5.1450534 0.080438606 155.79861
-9.5310555 5.2085547 0.059402063 153.7
-9.5503006 5.3675838 0.047793623 176.70589
-9.530694 5.4572945 0.062106658 172.70779
-9.5777626 5.562036 0.076581419 159
-9.5189171 1.4091737 0.17189518 130.64999
-9.5903511 1.5001167 0.18417753 174
-9.5717793 2.8291142 0.11984934 154.41666
-9.5607758 2.9561291 0.12752327 188.64285
-9.5502701 3.0566967 0.1301461 186.25836
-9.5788555 3.1453633 0.12681814 183.06667
-9.5465422 3.2417049 0.11271831 179.99759
-9.5363569 3.3321691 0.11892153 172.60431
-9.54953 3.4230676 0.1328982 161.6488
-9.5336666 3.5453355 0.1541267 160.41068
-9.5361662 3.6611769 0.14180982 149.34596
-9.5995646 3.7519248 0.12986685 127.5
-9.537446 3.8513064 0.15015143 139.66667
-9.5456123 3.9527435 0.15826684 147.29112
-9.5649652 4.0559998 0.16041456 147.41975
-9.540266 4.1600857 0.17643699 150.65356
-9.5346832 4.253211 0.13550702 159.33809
-9.5495157 4.3477612 0.15256855 167.95081
-9.5968914 4.4549232 0.1501088 147.69444
-9.5184851 4.5389047 0.14630724 184.15385
-9.5308685 4.6272383 0.15524632 187.66042
-9.5710506 4.7158422 0.16670068 175.33333
-9.5717087 4.8339124 0.1951901 162
-9.5460434 4.9633799 0.15281093 151.85001
-9.5744934 5.0502539 0.14435677 161.35526
-9.5579252 5.147285 0.1904109 169.3
-9.5651674 5.2525835 0.15074384 159.58334
-9.578454 5.3196082 0.13633786 164.33333
-9.585062 5.4324369 0.14888275 149.44444
-9.5267611 5.5214734 0.14803243 141.75
-9.5313396 5.6437697 0.14983286 143.92857
-9.5656796 5.7622614 0.15643962 136.33333
-9.5079517 5.9516511 0.16476913 130.33333
-9.5295706 6.056366 0.16904597 131
-9.5375795 3.5612705 0.2482155 155.5625
-9.5910082 3.9682779 0.20156205 155.8
-9.5480289 4.4432335 0.24650702 163.18095
-9.5769625 4.5272317 0.23852174 181.375
-9.5564203 4.6679072 0.27367041 196
-9.5998421 4.8962369 0.21417567 192.5
-9.5363407 4.9282451 0.20793593 167.48334
-9.5597458 5.1394162 0.21140997 182.13763
-9.5529814 5.278389 0.26202983 147
-9.5449877 5.3299928 0.21161103 165.6875
-9.5033131 5.4295626 0.21962984 191
-9.5334311 5.5195355 0.22347863 188.39999
-9.5397797 5.6686006 0.226292 180.5
-9.5079641 3.5883458 0.31092155 137.30435
-9.4008007 1.0541561 -0.054287605 134
-9.4448805 1.1346179 -0.0038461909 172.45161
-9.4577808 1.3533821 -0.017688777 158.65152
-9.4512701 1.4057683 -0.0065472522 168.25533
-9.4640617 1.5310099 -0.012447169 162.20833
-9.4304647 0.54673219 0.015823158 197
-9.4543438 0.63990963 0.023684751 193.5
-9.4468031 0.73803109 0.03218348 190.66667
-9.4676809 0.83750802 0.028190946 184.44
-9.4480247 0.94151664 0.027476462 180.36842
-9.4582663 1.0387073 0.016216112 175.78688
-9.4815416 1.1641579 0.008022273 196.2
-9.4747887 1.2521369 0.009657817 183.63243
-9.4693604 1.3374774 0.016837783 182.77777
-9.4546881 1.471758 0.026745178 183.86665
-9.4436989 1.6445526 0.0074139833 174.14558
-9.4800377 1.722339 0.012266899 190.71304
-9.4523706 1.8182726 0.017332872 182.83334
-9.4439659 1.9498872 0.022433238 164.6111
-9.4676313 2.0157995 0.022484034 167.43333
-9.4528027 2.1375184 0.032523997 149.04167
-9.4134655 2.3685949 0.095467925 172.5
-9.472003 2.5196669 0.084965318 137.91667
-9.451642 2.6509011 0.077483833 170.48149
-9.4364395 2.7666333 0.071674258 172.27499
-9.4539642 2.858422 0.074487738 154.08975
-9.457365 2.953413 0.081832126 148.625
-9.448719 3.0238457 0.079400226 134.83333
-9.4607306 3.1598494 0.079191752 129.83333
-9.4561195 3.2680764 0.068931729 126.75
-9.4585152 3.345576 0.080583036 145.44708
-9.4546976 3.4453804 0.083322197 132.14902
-9.437274 3.5588241 0.091892511 156.89284
-9.4477615 3.6345015 0.090580866 160.7655
-9.4366798 3.7518024 0.092792667 187
-9.4901962 3.8570309 0.091297947 185
-9.4191284 3.9728405 0.093982704 171
-9.4569559 4.0387239 0.087989256 158.65115
-9.457099 4.1366038 0.089799158 159.03877
-9.4392757 4.3165598 0.072347313 169.57576
-9.4460068 4.878727 0.016108051 162.25757
-9.4364347 4.9065366 0.090011403 153.28572
-9.4585152 5.015563 0.05700634 152.27373
-9.4486294 5.1263294 0.060938835 147.22852
-9.4459867 5.2454448 0.040445141 155.11375
-9.470149 1.4071146 0.12127214 128.66071
-9.4865503 2.3704383 0.10516247 120.5
-9.4831963 2.769058 0.13440415 187.875
-9.4618397 2.8479693 0.13270569 124
-9.4475441 2.9141133 0.14168712 187.40973
-9.4582424 3.027163 0.13486825 182.5
-9.4530745 3.1673203 0.11915682 178.90195
-9.4528446 3.2606099 0.10908984 174.06366
-9.4480124 3.3529015 0.12897952 158.99867
-9.431922 3.4450235 0.14834008 143.68248
-9.4468431 3.543992 0.12231132 151.0809
-9.4437714 3.633666 0.1282807 149.67825
-9.460866 3.7455049 0.12110672 156.66667
-9.4206152 3.9745369 0.10209303 168.33333
-9.4824467 4.0741749 0.17510508 153.13158
-9.465601 4.154726 0.1446366 156.09077
-9.4541225 4.2400208 0.14655736 161.55354
-9.4424353 4.3593121 0.12806152 176.1095
-9.4576311 4.4521327 0.14355132 171.11392
-9.436244 4.5174422 0.13547857 182.94746
-9.4537907 4.6799521 0.1506699 187.66666
-9.4867916 4.7511263 0.18373068 189.75
-9.4382591 4.8560157 0.15015233 161.43095
-9.4237518 4.9452925 0.14193401 157.10547
-9.4473696 5.037189 0.15026197 159.11806
-9.4401894 5.1602607 0.16084839 147.41165
-9.4490881 5.246489 0.15173382 153.05185
-9.4686508 5.352684 0.12108485 165.33545
-9.457284 5.465414 0.15046021 143.77777
-9.4237471 5.5467119 0.15223238 142.60001
-9.4541655 5.6906939 0.15328972 143.39999
-9.4874172 5.8484511 0.15496558 136
-9.4455185 3.494468 0.20288654 131.16667
-9.4865751 3.5210543 0.25210744 134.98334
-9.4076967 4.161304 0.24171591 142.5
-9.4751692 4.2822108 0.20915337 149.84616
-9.4814959 4.3187904 0.25234824 153.3492
-9.4935799 4.4972444 0.29284385 174
-9.4408407 4.5726418 0.22742617 167.22223
-9.4443169 4.6730919 0.24157594 152.33334
-9.4541702 4.9438338 0.27517644 129.82692
-9.4656353 5.0616236 0.22622597 129.75
-9.4165535 5.2492414 0.21854426 186.625
-9.4302874 5.3559523 0.22055641 186.94444
-9.4359455 5.4469948 0.24049276 156.40179
-9.460228 5.5483489 0.22731587 189.83334
-9.4962654 5.6577997 0.22591339 124
-9.4750004 5.7260628 0.22179957 186.125
-9.4566364 5.8422599 0.2334602 183.5
-9.4898653 5.9381347 0.23397028 177
-9.41782 6.0184879 0.2304536 174.75
-9.4110355 4.2301054 0.3590332 144.04762
-9.4514112 4.3912411 0.32604915 140.5
-9.4598026 4.453546 0.31831291 132.38461
-9.4982033 5.1859717 0.30731446 138
-9.3695393 0.33438674 -0.016419828 162
-9.3558969 0.42264459 -0.011961956 165
-9.3359375 0.53933251 -0.013650577 174.5
-9.3209858 0.63583028 -0.0088413535 185.08334
-9.301796 0.74306285 -0.013515172 183.42857
-9.3577747 1.3476512 -0.033343796 151.1413
-9.3562708 1.4053955 -0.016801156 166.30769
-9.3534412 1.5192944 -0.0097121485 152.45969
-9.3596916 1.6175785 -0.0056410502 175.83333
-9.3290424 0.56303972 0.017690156 199
-9.348896 0.61681145 0.016930541 195.39999
-9.3278923 0.73937434 0.019545099 189.10001
-9.36689 0.84640187 0.04489354 188.09091
-9.3496437 0.93769473 0.036732011 183.79167
-9.3527937 1.031889 0.031596728 180.28572
-9.3652611 1.16048 0.027991956 184.72174
-9.3646946 1.2661655 0.024362629 183.81699
-9.3572464 1.3205508 0.031280365 175.54762
-9.3463821 1.4182067 0.045288853 170.55157
-9.3575058 1.6630871 0.0085489564 165
-9.368515 1.7353023 0.008097358 182.5
-9.3512545 1.8597647 0.021404605 176.35001
-9.365243 1.9182799 0.024092386 178
-9.3435993 2.032284 0.025720337 162.08749
-9.3777332 2.1258478 0.023227498 170.25
-9.3902321 2.2058358 0.029496385 150.5
-9.3157921 2.3146203 0.093353458 129.5
-9.349658 2.4486003 0.080376007 168.44583
-9.32269 2.5774662 0.083188839 159.90001
-9.3527412 2.6598411 0.076516517 172.21429
-9.3253145 2.7153969 0.068692282 167.09091
-9.3430309 2.8593292 0.078944735 145.93182
-9.349391 2.9431159 0.07862296 144.57848
-9.3373995 3.0254068 0.084601678 148
-9.3687639 3.1180868 0.078120701 140.06667
-9.3491449 3.2261369 0.083650984 147.4978
-9.3550892 3.3796864 0.075124279 148.75803
-9.33286 3.4884377 0.074805826 156.05194
-9.3541594 3.5557442 0.08047343 141.9236
-9.3522739 3.6416054 0.086500011 166.62962
-9.3510332 3.7494307 0.063523516 172.10039
-9.3649101 3.8834457 0.077716485 176.3869
-9.3442955 3.9464722 0.071456276 167.46062
-9.3356199 4.0693302 0.039311841 168.85115
-9.3635855 4.1758661 0.092532851 174.55
-9.3405123 4.2719049 0.089040272 176.83871
-9.3405113 4.3983293 0.093607321 174.60976
-9.3104124 4.4684954 0.096063189 169.51613
-9.3843575 4.5652747 0.086707413 164.68657
-9.3572893 4.6112719 0.087770261 168.15384
-9.3250189 4.7293258 0.081333995 161.76463
-9.3297844 4.854938 0.066349193 165.11696
-9.3461475 4.953125 0.05213901 160.08232
-9.375596 5.0686402 0.074491017 156.69145
-9.3997059 5.1930819 0.085792169 156.34782
-9.3507528 5.2817831 0.098772392 172.72223
-9.3819466 2.2733052 0.1024067 121.25
-9.3802738 2.4242966 0.10304345 154.75
-9.3674889 3.0340955 0.12580419 179.45625
-9.3063583 3.1374438 0.10811877 171.97501
-9.3662434 3.2947862 0.12082757 167.38095
-9.3403234 3.3489678 0.12155684 155.70148
-9.34622 3.4513042 0.13675351 152.59763
-9.3487997 3.533479 0.12990597 153.56439
-9.3548737 3.6662593 0.11916037 147.0385
-9.3668375 3.7647679 0.10952166 172.11029
-9.3007364 3.991152 0.10239942 163.30435
-9.3803349 4.0578051 0.13473327 162.82001
-9.3950653 4.1379571 0.13305981 162.8
-9.3599272 4.2542591 0.13589886 170.07819
-9.3438425 4.3500228 0.12054679 175.75673
-9.360857 4.4324894 0.13786404 176.57088
-9.3052416 4.5595951 0.12682971 184.20203
-9.3407116 4.642221 0.14517251 183.69348
-9.3641844 4.7556963 0.15497018 180.22917
-9.3567572 4.8569298 0.16642486 168.74359
-9.3266869 4.975563 0.14833273 141.05861
-9.3447533 5.0720806 0.16977507 154.0237
-9.3496046 5.1747165 0.14973105 158.00517
-9.3547878 5.2740192 0.15075478 151.55
-9.3632946 5.3844466 0.14773557 155.75
-9.3431444 5.4373827 0.16712724 151.65909
-9.3631926 5.5295272 0.17413349 148.77779
-9.3666353 5.6464901 0.17419644 140.08333
-9.3683462 5.7419033 0.16549844 138.22223
-9.3636332 5.8624091 0.15872796 135.25
-9.3714504 5.9649525 0.16624556 127.25
-9.3796673 6.0651584 0.16836973 125
-9.3834915 6.1129432 0.17020634 128
-9.3802519 4.4690719 0.21929486 153.75
-9.392518 4.5548697 0.26532197 175.25
-9.3403473 5.0689626 0.2019027 156.10001
-9.3558331 5.1679482 0.21556412 187.59525
-9.3350525 5.2341027 0.21401048 170.61172
-9.3519611 5.3371787 0.23097128 185.19698
-9.3466806 5.4431143 0.22753215 185.08333
-9.3658962 5.56214 0.22151218 187.22223
-9.380374 5.6402116 0.22082697 188.57143
-9.3641109 5.7463756 0.22693999 187.125
-9.3492689 5.9389563 0.22679156 186.2
-9.3277998 6.0909591 0.235603 175
-9.3521099 6.132369 0.24485563 171
-9.3869276 4.5548348 0.31725785 176.5
-9.3926983 5.0625052 0.3199535 120
-9.2463799 0.3722319 -0.0071556214 162
-9.2430725 0.42032638 -0.013208808 166.25
-9.2388277 0.53662813 -0.013454087 178.625
-9.2360973 0.65023494 -0.0082072718 187.16666
-9.2619534 0.76382911 -0.019088039 182.66666
-9.2468233 0.81642109 -0.024319988 179.88235
-9.244503 0.93012071 -0.024756137 170.675
-9.2324924 1.0280979 -0.033767823 168.125
-9.2225676 1.1286151 -0.024884166 166.92
-9.2070198 1.2278714 -0.039295889 166.66667
-9.2636204 1.3375582 -0.034359626 147.59253
-9.2486353 1.4165218 -0.016053488 166.32323
-9.2700853 1.5191741 -0.010823109 148.30209
-9.2566385 1.6163074 -0.0074770236 175.875
-9.2656593 0.66009057 0.021507181 196.75
-9.233345 0.74044621 0.012884217 190.125
-9.2580566 0.84205741 0.043845933 192.11111
-9.2498245 0.92985183 0.043512885 188.25
-9.2666798 1.0430861 0.044341311 184.56522
-9.2439547 1.1751977 0.025223752 185.30194
-9.2426624 1.2408746 0.047415979 182.23077
-9.2430754 1.3140711 0.02884773 184.84319
-9.2937851 1.4038531 0.043309979 123
-9.2808609 1.6437204 0.016952883 158.58334
-9.2634516 1.7502928 0.014345937 190.75557
-9.2658205 1.816468 0.025642008 191.95
-9.2514515 1.9077022 0.026350064 191.8
-9.2552357 2.0139074 0.022261752 187.2
-9.2370548 2.1381443 0.036965512 150
-9.2715902 2.2079005 0.057491411 140.33333
-9.2563324 2.3640313 0.095071472 155.5
-9.2471294 2.4535427 0.061283842 151.375
-9.2377234 2.5817978 0.092480481 169.10715
-9.2258911 2.6492054 0.057638548 146.325
-9.2360964 2.7784491 0.049586885 133.27452
-9.2467461 2.8887548 0.067078277 146.12038
-9.2420979 2.9871168 0.083779514 143.16666
-9.2527599 3.0262108 0.069558375 149.58334
-9.2494392 3.1565139 0.081077918 148.97917
-9.2260551 3.2457247 0.073708475 159.08333
-9.2414589 3.3506889 0.075024389 157.47615
-9.2537441 3.4454405 0.082197919 154.31
-9.2425966 3.5604086 0.075176246 158.32561
-9.2526312 3.6600959 0.086667813 154.28061
-9.2486229 3.7744534 0.065365821 168.09863
-9.2614527 3.8690026 0.094570763 171.9944
-9.2582312 3.9388847 0.060857777 171.16667
-9.2864418 4.095758 0.060550816 164.42308
-9.2685823 4.162529 0.088823393 176.8262
-9.2555485 4.2561798 0.086860821 178.25
-9.232626 4.3871336 0.092169233 174.7
-9.2921391 4.5633526 0.084956445 169.61713
-9.2649813 4.652173 0.083200417 163.41612
-9.2836905 4.7723866 0.081005014 161.63866
-9.237339 4.8379221 0.059333049 161.44124
-9.2567739 4.9300976 0.027136246 164.65753
-9.2537251 5.052742 0.083944559 152.20503
-9.2503691 5.2326937 0.080663837 164
-9.2629719 2.3744497 0.10461728 154.5
-9.2898083 2.4658332 0.10049539 136
-9.2418356 2.5439093 0.10790898 187.8889
-9.2050619 2.6319683 0.10990648 185
-9.2860909 2.8504865 0.18184334 124
-9.2604132 3.2645946 0.101512 163.21333
-9.2389202 3.3451324 0.14262515 160.31818
-9.2538204 3.4605711 0.1438058 149.88535
-9.2654543 3.5305841 0.13522314 146.72223
-9.2307892 3.6006503 0.1220374 155.11864
-9.2637529 3.7707815 0.11758372 168.63499
-9.2678843 3.8226178 0.10112464 189
-9.2029676 3.9824409 0.10392833 161.50406
-9.2915363 4.0850215 0.13046016 162.73863
-9.2432804 4.1670179 0.11584113 159.38461
-9.2351227 4.2593036 0.12626138 154.08392
-9.2373199 4.3434653 0.12442339 159.60875
-9.243988 4.4458814 0.12801239 177.76083
-9.2357206 4.5505147 0.13721113 182.13512
-9.2506771 4.6608601 0.1530958 183.59334
-9.2395544 4.763639 0.15572587 176.91414
-9.2548828 4.8505092 0.15519671 176.31944
-9.2508526 4.9425001 0.14595184 154.41603
-9.2802486 5.0566473 0.13517587 149.37442
-9.2649279 5.1630721 0.13592099 148.07878
-9.2607241 5.2629566 0.14405097 152.92046
-9.2524948 5.3431396 0.15313075 148.33809
-9.2025938 5.4419937 0.1777547 155
-9.2865543 5.5541754 0.18022357 151.16667
-9.2842751 5.6625023 0.19020841 132.5
-9.2027922 3.4899075 0.27218768 134.18182
-9.2193804 3.5651097 0.23036332 166
-9.2498951 3.6184857 0.26478866 145
-9.225071 5.0233755 0.20462559 187
-9.2743607 5.1201262 0.20751202 186.875
-9.2627506 5.2339196 0.23116566 168.70454
-9.2731848 5.3369961 0.22028273 182.44337
-9.2472982 5.4502144 0.20662767 179.21024
-9.2101154 5.5521255 0.20065597 178
-9.2541018 5.6177225 0.2168491 182
-9.2413092 5.751543 0.21476772 181.83333
-9.2673903 5.847435 0.24344771 175.87617
-9.2220068 5.9333324 0.24725251 173.55554
-9.2701912 6.045486 0.25355685 163.66666
-9.2485514 6.1469941 0.25349092 166
-9.2625132 6.2469206 0.27124617 148.6111
-9.2059278 5.4737816 0.32430184 160.2
-9.227829 5.5590019 0.33615664 159
-9.2937984 6.3203616 0.30231386 134
-9.134614 0.43775529 -0.0067098923 167.75
-9.1452522 0.55854893 -0.0095363678 182.83333
-9.1361179 0.70679408 -0.0045926957 186.66667
-9.1379719 0.82003319 -0.014073152 180.3
-9.1532307 0.94012612 -0.0087385103 168.02563
-9.141325 1.0223607 -0.03420984 167.98215
-9.1565847 1.1365896 -0.018011525 167.46297
-9.1645422 1.2400626 -0.025560437 167.14635
-9.1963358 1.3172427 -0.032267284 167.29851
-9.188796 1.4235886 -0.012585716 168.21428
-9.1670284 1.5358871 -0.028936889 172.32353
-9.1334076 0.67602295 0.01765525 160.8
-9.1539049 0.75142127 0.01257859 189.01587
-9.1486216 0.83426207 0.033379372 194.75
-9.1710062 0.9406144 0.048439186 191.5
-9.1412258 1.0296527 0.046717353 165.61539
-9.1380434 1.1564168 0.051531214 164.11111
-9.1558514 1.2319565 0.065806985 187.78572
-9.1354437 1.3472695 0.057466194 162.5
-9.1779346 1.4439666 0.029258097 161.38461
-9.1663752 1.5088571 0.029396525 186.39999
-9.1817427 1.6440501 0.022385972 186.825
-9.1522684 1.730213 0.014597678 183.56
-9.1281824 1.8234059 0.02778714 190.9873
-9.1809311 1.904743 0.02763683 189.98215
-9.1633186 2.0093281 0.027356459 178.27777
-9.1273022 2.1586816 0.039750479 160.75
-9.1740818 2.3436236 0.065016888 144.58333
-9.1384783 2.462297 0.080216177 160.69165
-9.1634951 2.54073 0.069961898 147.25
-9.1504679 2.6519783 0.072707541 153.21927
-9.1247997 2.7628648 0.061838578 140.39423
-9.1466303 2.8673103 0.065773129 147.6022
-9.14781 2.945287 0.065787382 150.11046
-9.1435776 3.0478566 0.072062694 149.2148
-9.1392231 3.1449625 0.088874228 143.88095
-9.1595564 3.2486691 0.070110045 151.71991
-9.1388006 3.3685749 0.07430537 159.29756
-9.1344824 3.4531193 0.082567804 153.79996
-9.1495714 3.5346107 0.073810071 157.02385
-9.1471138 3.6439106 0.080325879 163.37781
-9.1565428 3.7598171 0.078928225 151.40256
-9.1790113 3.8751354 0.059458587 158.41913
-9.1309414 3.9390764 0.071499944 112
-9.1688623 4.1230831 0.082219355 190.25
-9.1522436 4.2515283 0.08704865 182.09999
-9.1480522 4.3708849 0.097713612 175.94444
-9.1182299 4.4057951 0.093922853 178.34616
-9.1471481 4.5224333 0.083361357 169.47403
-9.1467972 4.6206393 0.073221669 170.63452
-9.1744261 4.732142 0.046656873 166.93842
-9.1557684 4.8505411 0.056485973 161.28667
-9.1599197 5.0284805 0.065692723 161.88055
-9.1896296 5.199306 0.082823381 157.84616
-9.174509 5.2533984 0.067106672 171
-9.1847067 2.3534548 0.10301974 178
-9.1321497 2.4745779 0.10764753 188
-9.1144037 2.595042 0.10927353 184
-9.1041088 2.6888757 0.10673258 140.27272
-9.1925182 2.7097294 0.12520453 136.85715
-9.1602039 2.9116776 0.10408033 139.35294
-9.1605282 3.2746079 0.12631302 167
-9.1466618 3.3655102 0.11539862 162.14105
-9.1466045 3.4916756 0.13871758 150.58621
-9.1412964 3.5401974 0.14883597 159.5381
-9.1535015 3.6600301 0.11160219 166.39706
-9.1016922 3.7846158 0.11955708 146
-9.1723223 3.8750596 0.15884952 144.64815
-9.1241817 3.9452214 0.11704085 160.00385
-9.1640539 4.03298 0.15399747 137.64062
-9.149972 4.1637044 0.12239905 160.16925
-9.1315241 4.2715716 0.1394034 171.4642
-9.144845 4.3552046 0.12848353 172.64474
-9.1351089 4.4596891 0.13622071 178.83511
-9.1494532 4.5471001 0.14371003 184.95078
-9.1387987 4.6420326 0.16250886 174.43555
-9.1545162 4.7561512 0.14669737 179.769
-9.1533384 4.8800778 0.15190993 172.08333
-9.159585 4.9473619 0.15835717 154.03943
-9.1656294 5.053246 0.14745401 142.21075
-9.1602983 5.1556416 0.14733689 138.21716
-9.1455936 5.2530508 0.13977784 165.12679
-9.1634159 5.345521 0.14927211 160.80952
-9.1407118 5.4438515 0.16586152 153.67281
-9.1761847 5.5359116 0.17032216 150.6312
-9.1476908 5.6304326 0.17823952 152.73192
-9.135211 5.7565184 0.15314674 143
-9.1178761 5.8610992 0.15511811 131.66667
-9.1053009 5.9353604 0.16121589 125
-9.1149778 2.9122643 0.23187035 137
-9.1467628 3.4508772 0.24832989 132.74074
-9.1162701 3.5521526 0.24488701 147.8
-9.1811609 3.6486256 0.24014065 143
-9.1883907 3.8738189 0.22167124 128.31818
-9.1546078 3.9628701 0.22777405 130
-9.125164 4.0521588 0.21694127 134.64
-9.106945 4.1210566 0.27307233 125
-9.113863 4.5076723 0.24762291 135.51852
-9.1222897 4.6621366 0.25886858 173.5
-9.1842966 4.7385955 0.23675092 154.8
-9.1409111 5.0419717 0.20859443 163.95435
-9.1646347 5.1762786 0.21551609 181.27173
-9.1530914 5.2756248 0.25249916 172.29808
-9.1459398 5.3950009 0.2210619 174.8
-9.1065016 5.4721375 0.25910363 156.5
-9.1971922 5.6290107 0.20118068 172.68965
-9.1634245 5.7411036 0.215506 174.51364
-9.1387634 5.8324761 0.23955184 172.28572
-9.1387444 5.9550581 0.24585228 167.56964
-9.1762772 6.0729575 0.25015247 165.91667
-9.1604166 6.2207451 0.27648184 140.66667
-9.1595688 6.345643 0.29155546 134.66667
-9.1115074 4.18888 0.30532765 130.60715
-9.1779289 4.7647619 0.34909293 137.95834
-9.1597137 5.3708978 0.31208038 165.55
-9.1114578 5.4656987 0.33103004 157.71428
-9.1145802 5.5603795 0.34737432 155.10001
-9.1188231 6.4242997 0.33719724 155.66667
-9.0258846 0.46543232 -0.011614815 171.5
-9.0478058 0.55549872 -0.007191496 181.83334
-9.0590086 0.6086117 -0.010754421 188.5
-9.0349712 0.73395455 -0.0048109777 187
-9.0362196 0.86132175 -0.0045159417 180.36363
-9.0469151 0.93157136 -0.0013831377 170.89473
-9.0480165 1.0360833 -0.013745862 167.07143
-9.0421724 1.1313372 -0.030069092 168.95082
-9.0766621 1.2453705 -0.011852266 174.39917
-9.0038729 1.3969593 -0.018228376 173.25
-9.0575504 0.67601216 0.002458045 189.41666
-9.033926 0.73464435 0.038748883 141
-9.0252514 0.83446056 0.010104282 184.14285
-9.064868 0.95081109 0.037409466 194
-9.0513163 1.0411375 0.036505673 165.64999
-9.0470762 1.1578312 0.040245578 174.75
-9.0737143 1.2318218 0.066515148 192
-9.0682554 1.3470173 0.061967254 178.13335
-9.0681295 1.4295096 0.047062565 169.60101
-9.0506754 1.5526962 0.0081078354 182
-9.0839853 1.6054542 0.019904042 185.61905
-9.0983648 1.7179856 0.028784255 189.60001
-9.0023355 1.8022863 0.038318325 191.71428
-9.0765228 1.9305373 0.025076702 189.2
-9.0376539 2.0454092 0.028585978 180.325
-9.0576191 2.1118279 0.034331813 170
-9.0616131 2.3814871 0.063673764 156.29167
-9.0409718 2.4892085 0.081485957 174
-9.0515766 2.5325751 0.060433544 144.26875
-9.0407934 2.6679933 0.070251845 156.21121
-9.0534401 2.7511783 0.077797711 164.2249
-9.0442543 2.8525193 0.061735414 156.05949
-9.0379171 2.946784 0.058862574 156.99638
-9.0564756 3.0569253 0.074343048 150.40666
-9.0534382 3.1483417 0.065409072 151.66983
-9.0341902 3.2528036 0.07855051 145.58165
-9.0502167 3.3450606 0.070396297 155.72595
-9.0446157 3.4386013 0.080779299 161.00002
-9.0559673 3.5527637 0.08151482 165.53325
-9.0309439 3.6432381 0.086806431 153.36749
-9.04321 3.7417481 0.076904364 136.77408
-9.0679588 3.8448739 0.072767906 143.82188
-9.0645132 3.9294803 0.089685783 179.71637
-9.0489836 4.0244398 0.096928105 174.81944
-9.0585442 4.1612058 0.086892739 181.3
-9.0223446 4.2560897 0.082978606 189.86665
-9.0516596 4.4259248 0.075215824 185.88182
-9.0691385 4.553937 0.080513597 180.425
-9.0280371 4.638042 0.096551746 174.86667
-9.0436974 4.7470984 0.054530572 172.87354
-9.0758266 4.8275547 0.012313158 168.83673
-9.053503 4.9371314 0.023133988 167.69611
-9.055563 5.0618839 0.029391658 166.3636
-9.0250187 5.1205397 0.02248694 165
-9.012475 1.3884414 0.19117261 134.24138
-9.0746946 1.4754872 0.11011674 186
-9.075449 2.3886023 0.10515723 185.5
-9.0092859 2.4560168 0.1055446 189.39999
-9.0739651 2.5534141 0.10483525 165.03571
-9.0972881 2.7398844 0.19272926 138
-9.0429192 3.2750123 0.11826687 168.5
-9.0417767 3.3595338 0.16646078 145.5618
-9.0475616 3.4691949 0.1400295 155.4268
-9.0577469 3.5716534 0.11632421 159.46292
-9.0418453 3.6713672 0.11415072 165.55
-9.0572815 3.7438054 0.12323377 163.66666
-9.0499821 3.8693695 0.11312983 166.5
-9.0111599 3.9952028 0.10712636 167.88461
-9.0650692 4.0637264 0.12850699 149.41228
-9.0678434 4.1512938 0.12547459 153.75053
-9.0426693 4.2568951 0.12591562 151.25586
-9.0517616 4.3389306 0.13812804 162.39871
-9.0405045 4.4374685 0.13766637 177.10954
-9.0586061 4.5606122 0.14153607 181.98256
-9.0412884 4.6511998 0.14170749 181.49142
-9.0823917 4.7821431 0.16349211 172.75
-9.0532246 4.8799334 0.16795899 165.57574
-9.0529604 4.94414 0.18226513 158.95834
-9.0234795 5.0888405 0.14349039 123.25
-9.0589676 5.1279325 0.14040302 141.60526
-9.059371 5.251503 0.15613574 161.38049
-9.0494137 5.3522 0.16433622 160.52843
-9.042882 5.4312286 0.16621807 151.20174
-9.0555773 5.5396657 0.16076098 161.49707
-9.059042 5.6543422 0.17907506 151.05316
-9.0455513 5.7012191 0.19491421 175.33333
-9.097724 5.9794569 0.16675049 123
-9.0492611 1.3899479 0.21868537 145
-9.0893269 1.4587346 0.23987801 164
-9.0310764 2.9032588 0.26538339 129
-9.0479851 3.3702261 0.21234846 126.5
-9.0886965 4.1888337 0.23607178 153.5
-9.0598488 4.579968 0.27403313 158.75
-9.0188961 4.6235695 0.24038152 179
-9.0874691 4.9965358 0.2052701 185.45454
-9.0472145 5.0491438 0.23905027 156.05556
-9.0552759 5.1479392 0.25851452 168.77164
-9.0048027 5.2804723 0.29911214 168.5
-9.0661669 5.3581452 0.23396005 146.03922
-9.0220699 5.5423326 0.28391606 141.95454
-9.058567 5.7639461 0.21985646 164.05952
-9.0676603 5.8461156 0.22807315 174.7375
-9.0695887 5.9284601 0.23036875 156.91667
-9.0369844 6.0398736 0.23200019 157.61905
-9.0386515 6.1398749 0.24936078 149.91666
-9.0365419 6.2334409 0.2666198 138.5
-9.0228195 6.3358598 0.28034028 134.33333
-9.009943 6.4446869 0.28747845 141
-9.0175943 4.2709937 0.3281374 154
-9.0767775 5.0772061 0.32674855 122
-9.029892 5.3616934 0.31357667 164.33333
-9.0182753 5.4657931 0.33118805 154.23077
-9.0097198 5.5634561 0.34003645 142.61
-9.0419712 6.1546044 0.31708449 143
-9.0769577 6.2788463 0.32802755 139.5
-9.0893593 6.3253999 0.33500475 143
-8.9494162 0.56635135 -0.0040056012 177.33333
-8.9412918 0.63500351 -0.0098634865 185.33333
-8.9288177 0.76300335 -0.0038534373 187.66666
-8.9621544 1.1399105 -0.0046910914 170.84445
-8.9727707 1.227267 -0.011310861 170.52884
-8.9849224 1.3058743 -0.0083898464 171.05128
-8.9392433 0.76862919 0.027950261 167.25
-8.9456301 0.84657407 0.0066125384 187.44444
-8.9549179 0.93537998 0.0082200831 181.97363
-8.9499769 1.0538046 0.026519321 171.17709
-8.9532537 1.1690607 0.03515666 169.85715
-8.9437399 1.2128757 0.033571798 172.71428
-8.9583931 1.3194799 0.041916993 168.25
-8.9467001 1.4484253 0.044183061 166.33333
-8.9779787 1.5161076 0.0092082229 177.11539
-8.9930935 1.6520935 0.021115933 183.94231
-8.9127359 1.8298011 0.03939965 191.125
-8.9843378 1.9196248 0.026566228 192
-8.9491358 2.0971761 0.031808089 148.5
-8.9367676 2.1559489 0.029779673 153.5
-8.9669638 2.2127705 0.05472273 156.66667
-8.9621506 2.3560669 0.08901006 186.41666
-8.9474993 2.4615889 0.076888777 172.62221
-8.9575329 2.5576262 0.055460785 160.53584
-8.9597034 2.6541007 0.070987888 166.6852
-8.9710531 2.7372117 0.078025997 163.2368
-8.9441128 2.8401358 0.046190619 158.77724
-8.9344463 2.9491622 0.045870718 170.27272
-8.954071 3.0504544 0.045281872 163.48247
-8.9503269 3.1584404 0.055016037 160.49197
-8.9451504 3.2644982 0.07182157 151.83862
-8.9689074 3.3403707 0.083745286 149.41631
-8.9302607 3.4460902 0.082450487 162.41422
-8.9626083 3.5528085 0.089947425 151.01698
-8.9571924 3.6320343 0.083600208 155.41219
-8.9561205 3.7531569 0.092061162 166.03798
-8.9454279 3.8441019 0.092731051 157.61777
-8.9466782 3.9361932 0.09366338 177.3125
-8.950573 4.0235028 0.096168861 174.25
-8.9549713 4.1510286 0.086400628 176.95834
-8.9293489 4.2567749 0.095175944 189.5
-8.9256363 4.3447447 0.066960543 187.75397
-8.981679 4.4707441 0.07773158 184.74231
-8.9242554 4.5636702 0.079038844 184.07416
-8.9863663 4.6229625 0.050293908 181.25926
-8.9398031 4.726541 0.074625015 175.69084
-8.9448929 4.8485842 0.031501375 174.13158
-8.9410801 4.9756823 0.012883982 170.66667
-8.98071 5.1153359 0.0098649021 166.05263
-8.9640732 1.4093747 0.13164614 144.66667
-8.9531002 2.5496891 0.10841492 184.31944
-8.931303 2.8466246 0.17095105 134.82224
-8.9354725 3.2774642 0.12139452 156.13889
-8.9296246 3.3514004 0.12215021 154.01785
-8.9422064 3.4613085 0.11965287 157.16666
-8.9478846 3.5418491 0.10410298 149
-8.9531603 3.6562376 0.1138742 165.7784
-8.954711 3.7503757 0.1144201 156.4127
-8.9190702 3.8591568 0.12212726 165.47871
-8.9557333 3.9549918 0.12534538 140.83076
-8.9461708 4.0561252 0.12049671 163.6288
-8.963131 4.1517315 0.13333093 161.40652
-8.9366837 4.2485662 0.13384868 157.82492
-8.9451876 4.3296571 0.13824862 176.62599
-8.9148445 4.4444537 0.13559608 181.92688
-8.9632988 4.5370259 0.13360918 162.46931
-8.9594536 4.6891727 0.17030488 175.88095
-8.9679508 4.749835 0.16190124 179.11986
-8.9578753 4.8352227 0.15302107 166.71429
-8.9332552 4.9376583 0.16449215 166.17778
-8.9528532 5.1185055 0.17429905 168.39684
-8.9287148 5.2541366 0.15987252 152.61687
-8.9541903 5.3391514 0.16677357 156.86179
-8.9558201 5.4532676 0.16464829 157.39401
-8.9684353 5.5443454 0.1716655 164.20309
-8.9301414 5.6043892 0.17201048 172.82353
-8.9066839 5.7068124 0.19405465 160.14285
-8.9597788 2.7773848 0.2506344 134
-8.9008884 3.2677336 0.20361333 142
-8.9013605 4.2511921 0.25273913 185.9375
-8.9376488 4.7110262 0.21893117 128.16667
-8.9443846 5.0743241 0.25856221 167.16667
-8.9507837 5.1676941 0.2265605 156.33083
-8.9274864 5.2365475 0.25148287 147.1111
-8.9535046 5.3685122 0.24199116 165
-8.9818134 5.4693265 0.25292635 162.66667
-8.9725657 5.5672975 0.27015445 162.2
-8.9482403 5.6754498 0.25892869 152.10715
-8.9709959 5.7665825 0.29225296 159.125
-8.9586477 5.8608427 0.24119537 169.46339
-8.9557562 5.9516931 0.25839993 168.91652
-8.924469 6.1457725 0.24519116 150.03751
-8.9373856 6.2496991 0.25208244 145.16666
-8.9222536 5.367516 0.31262788 159.58824
-8.9235792 5.4626479 0.31197929 146.64516
-8.9205494 5.5648956 0.31790811 149.34285
-8.9504662 5.6276383 0.32785347 147.63858
-8.9624901 5.8704653 0.30268815 162.33333
-8.9648857 5.94804 0.30562264 164.66667
-8.9538784 6.051353 0.30877376 161.2077
-8.9511166 6.1801143 0.31361684 144.5
-8.9641418 6.272573 0.32321769 143.33333
-8.9460917 6.3553882 0.33702481 156.875
-8.9886293 6.4658003 0.35497972 203
-8.9427996 5.6891642 0.4157373 128
-8.9519901 6.4495554 0.43515691 208.83333
-8.8843632 0.65223062 -0.0012470308 182
-8.8142424 0.71795619 -0.0066247466 188.66071
-8.8919096 0.81982338 -0.0063296049 189.39999
-8.8972845 1.519437 -0.0082772337 173.77499
-8.8757019 0.46635911 0.03391793 144.5
-8.8144636 0.51700085 0.038515653 154
-8.8487539 0.64809954 0.0031438838 180.66667
-8.8696632 0.78246665 0.0099848276 189.66666
-8.8425817 0.83786309 0.021338422 179.60001
-8.8557777 0.94280332 0.016219184 186.25
-8.8558693 1.0495607 0.02507641 179.76666
-8.8464127 1.1434939 0.027134378 173.95692
-8.853898 1.228088 0.011573244 167.13062
-8.8737211 1.3345842 0.048237216 162.55769
-8.8581657 1.4188944 0.029174061 176.43056
-8.8868294 1.5942665 0.022646889 178.30435
-8.8957558 1.7130393 0.023507025 184.64
-8.8649073 1.9114666 0.040748864 192.2
-8.8713417 2.0122709 0.045972753 143.875
-8.8467064 2.1372218 0.030990103 159
-8.8285446 2.2107606 0.037271015 155.125
-8.8219433 2.3843493 0.086388379 189
-8.8485451 2.4808307 0.073817506 166
-8.8703279 2.5677931 0.042197034 159.33334
-8.8597755 2.6415761 0.06704998 168.67815
-8.8444271 2.7529798 0.062145721 164.71782
-8.8445263 2.8552485 0.045487586 162.63609
-8.8562403 2.968441 0.051166132 158.42783
-8.8628759 3.0525458 0.041868776 161.67642
-8.8340101 3.1553683 0.056695066 163.97458
-8.8617315 3.256773 0.059889391 163.55128
-8.8616066 3.3645725 0.063463427 163.58482
-8.8346014 3.4559085 0.076729663 153.14166
-8.8566284 3.5454006 0.083448239 164.95093
-8.8370905 3.6470013 0.087973267 160.15477
-8.8354893 3.7424304 0.084804468 180.52777
-8.8648634 3.8389904 0.090702541 167.42778
-8.8453655 3.9534614 0.093671285 176.2
-8.817831 4.0392985 0.093026318 165
-8.8203201 4.2443452 0.083694041 187.16666
-8.8289852 4.3487711 0.083683439 187.89165
-8.8762236 4.4378066 0.051998138 191.75
-8.8261776 4.5158796 0.056405846 190.5
-8.8709373 4.6540947 0.078464963 182.85715
-8.8363523 4.7482986 0.069179021 180.77718
-8.8451309 4.9559317 0.038028874 177.629
-8.8919926 5.0547986 0.028081549 174.48648
-8.8019991 5.1059093 0.034583423 180.28572
-8.852272 5.2281322 0.041355338 180.32858
-8.8612118 2.4542992 0.10402757 189.2
-8.8443623 2.5728991 0.10678292 183.60001
-8.849926 2.7614989 0.12377274 154
-8.8966436 2.8434947 0.13671836 134
-8.8465376 2.9431274 0.10393502 108
-8.8388557 3.1914432 0.14013517 148
-8.8174953 3.2937334 0.11692835 156.5
-8.8645124 3.3577311 0.11154889 159.01508
-8.8230019 3.4596508 0.10047156 157.25
-8.8351097 3.5459654 0.11463519 166.86111
-8.8533125 3.6517663 0.11287748 157.14166
-8.8234463 3.7636547 0.11220735 162.26041
-8.8293943 3.863703 0.1605662 183.80302
-8.8483315 3.9425654 0.13963418 164.54773
-8.848321 4.047924 0.12697132 149.28371
-8.8481045 4.1513991 0.14409973 175.40009
-8.8747416 4.2557683 0.13588004 171.95953
-8.8524189 4.3628011 0.15689707 171.58099
-8.8400173 4.4534693 0.14766788 175.52637
-8.8404217 4.5621638 0.14627691 175.48334
-8.8548832 4.66573 0.14496592 152.03149
-8.8382978 4.754283 0.15017274 158.02667
-8.8570404 4.8648396 0.17873457 188.89842
-8.8483372 4.9661694 0.16869785 170.93056
-8.8729687 5.0551519 0.17057525 157.60239
-8.8384895 5.16013 0.17794736 161.47812
-8.8416891 5.2576838 0.18878998 172.35353
-8.8429165 5.3596239 0.15363993 161.77217
-8.8397675 5.4390693 0.16129339 165.17535
-8.8641033 5.5233545 0.15912463 154.30716
-8.8434258 5.6459885 0.16672447 143.28787
-8.8381786 2.8321855 0.21742912 127.58929
-8.8444643 3.2560375 0.24727684 134.16666
-8.8688049 4.2570586 0.2322315 173.52777
-8.8737278 4.687984 0.24948934 184.78571
-8.8476 4.723321 0.27330551 189.18182
-8.8789062 4.9676023 0.2465867 157
-8.8543901 5.0541 0.25367019 169.16667
-8.820385 5.1721659 0.23322849 165.82857
-8.866662 5.2558675 0.2508094 157.49185
-8.8478193 5.3444853 0.2702364 151.85847
-8.8434744 5.4668088 0.28417769 155.47778
-8.8541946 5.5697122 0.28422457 153.99289
-8.8462515 5.6455412 0.25550315 152.0101
-8.8554859 5.7656732 0.23745359 151.98291
-8.841362 5.851109 0.23122703 164.16235
-8.8382912 5.9427438 0.24632055 169.68182
-8.8554974 6.0028787 0.26331139 164.61905
-8.8045368 6.1201825 0.24356323 167.16667
-8.8239183 6.2264891 0.2442904 157.33333
-8.8804646 6.3403692 0.27212295 163.33334
-8.8594704 6.4275489 0.27508032 134.5
-8.8532391 4.2404928 0.33169705 186.43408
-8.8421631 4.6850386 0.35376132 183.46429
-8.8466063 4.7358689 0.32641 181.16667
-8.818862 5.3186898 0.32354489 123.23077
-8.8111601 5.6484914 0.30008876 145
-8.8260555 5.7526574 0.30798075 147.77499
-8.8682632 5.8719387 0.31565899 158.91666
-8.8601723 5.9644432 0.32322094 164.3
-8.8470716 6.0579553 0.32056615 160.41905
-8.8159847 6.1440582 0.38739371 182.46153
-8.8537045 6.2208028 0.32055783 144
-8.8555727 6.3555698 0.35765061 187.80556
-8.8516636 6.4463568 0.36071649 203.85715
-8.8370256 6.2726779 0.40631688 189.58334
-8.8944578 6.3593116 0.40994719 192.39999
-8.8484917 6.4366293 0.44535491 205.33333
-8.8316545 6.3948946 0.59521753 203.5
-8.8660746 6.4110136 0.56240004 203.83333
-8.702877 0.5366956 -0.019240903 181.75
-8.7858486 0.62789619 -0.016795909 184.33333
-8.7308655 0.740381 -0.013025985 190.2381
-8.7364273 0.84861362 -0.0051090624 191.25
-8.7483444 1.2652484 -0.0099324556 168.82001
-8.7856827 1.312142 -0.011337565 167.3862
-8.7913742 1.5147053 -0.0031438344 172.3
-8.715332 0.40261042 0.036789834 161
-8.7537136 0.56466568 0.032152995 169.75
-8.7610168 0.85466272 0.029461844 190.58333
-8.7680874 0.93595642 0.013072899 187.43182
-8.7668028 1.0418379 0.019278342 180.21667
-8.7404118 1.1242627 0.023229407 180.45833
-8.7407408 1.2219154 0.023183957 178.72058
-8.7378054 1.3078643 0.042081304 196.2
-8.7647896 1.41116 0.030616332 182.75287
-8.7918386 1.6052682 0.016291913 177.17949
-8.7511749 1.7285244 0.027665008 183.70667
-8.7841206 1.8551075 0.042110112 190.70834
-8.7494259 1.9704994 0.042592749 146.2
-8.7526722 2.0424924 0.050469361 160.875
-8.7261038 2.1369541 0.026172152 164.5
-8.7560587 2.2667568 0.027959725 165.91666
-8.7247763 2.4320481 0.093813114 189.33333
-8.7670441 2.5238128 0.091665022 163.83334
-8.7681208 2.6540947 0.064267069 167.78738
-8.7482634 2.761363 0.060133044 178.7
-8.7467632 2.8411679 0.042051081 160.82198
-8.7582226 2.9356492 0.05324595 150.71527
-8.7587357 3.0539393 0.025446564 156.34146
-8.7621613 3.1537056 0.044299047 166.16922
-8.7312365 3.2607219 0.056391791 165.92723
-8.7333965 3.3643758 0.078185916 168.60878
-8.764163 3.4507082 0.082695022 166.39389
-8.7402821 3.5480282 0.08899153 168.71072
-8.7558203 3.6459475 0.08901234 179.66875
-8.7675762 3.7583611 0.094330929 150.28125
-8.7861605 3.8298602 0.090534613 176.10742
-8.7306786 3.9217415 0.092878938 173.75
-8.799983 4.0938454 0.091086335 160.5
-8.7125072 4.1727138 0.097746134 144
-8.7619324 4.2862191 0.062157732 183.25
-8.7424574 4.3180928 0.095739022 182
-8.7298203 4.4293041 0.072234824 186.79999
-8.7176838 4.6521721 0.057390254 190.2
-8.7570572 4.7456303 0.057557054 186.89999
-8.7953854 4.8540416 0.038914733 181.83333
-8.7511101 4.9315386 0.049127493 183.6875
-8.7463531 5.0758762 0.042328607 182.85001
-8.7565937 5.2880116 0.057893932 186
-8.7150879 5.3132582 0.056588359 187.66667
-8.7398624 2.5361259 0.10796014 186.5
-8.7621355 2.6131079 0.10824789 182.2
-8.7510262 2.760078 0.12678252 124.79487
-8.7877197 2.8119588 0.16873266 128.75
-8.7624712 2.9313033 0.10761347 114
-8.747057 3.1386986 0.13564037 142.17436
-8.7713509 3.231107 0.12922828 131.48334
-8.7231674 3.3663709 0.1207527 134.38889
-8.7502155 3.4583728 0.13071148 158.87311
-8.7278547 3.583358 0.11511849 180.23914
-8.7210684 3.697562 0.10249638 154
-8.7305279 3.7521739 0.1219572 166.55357
-8.7564058 3.8707647 0.1072732 143.70834
-8.7248192 3.9583209 0.13667078 141.81
-8.7489147 4.0441422 0.13090082 147.9875
-8.7662811 4.151114 0.12686516 147.33333
-8.7573977 4.2579732 0.14513032 175.18367
-8.7319155 4.3469529 0.15387288 166.92667
-8.7547884 4.4779339 0.13312653 172.77083
-8.7539406 4.5505576 0.13138603 167.88333
-8.7639589 4.6280093 0.15088019 168.22652
-8.7705994 4.7454505 0.15734477 189.10001
-8.7444887 4.8819637 0.17691287 189.29001
-8.7497559 4.9605803 0.16988054 167.7625
-8.7640858 5.0690312 0.19040044 182.37619
-8.7668619 5.1669588 0.16193229 161.31027
-8.7632008 5.2581949 0.17028156 167.47684
-8.7251291 5.3864765 0.16118273 152.72501
-8.724102 5.4181695 0.15946279 156.36923
-8.7381544 5.5368905 0.17585766 160.67389
-8.7600918 5.6551995 0.16220285 142.96297
-8.7414198 5.7315264 0.19443861 148.7381
-8.7711353 3.1520507 0.23388261 129.51666
-8.7610216 4.2366176 0.26899979 184
-8.7653313 4.6474681 0.25953996 186.64999
-8.7809868 4.8940525 0.24485607 147
-8.7782669 4.9361939 0.23979646 156.08334
-8.7629251 5.0456486 0.24891715 170.5
-8.7452002 5.1579127 0.26353079 179.375
-8.7462511 5.2728982 0.25820541 171.05
-8.7591743 5.3682318 0.27409148 157.47726
-8.7492151 5.4696479 0.27093101 153.47223
-8.7433605 5.5684915 0.27625743 152.10577
-8.7408037 5.6659923 0.24397326 149.66339
-8.7619324 5.7665133 0.23460008 146.55989
-8.7250938 5.8571324 0.21910493 158.44722
-8.7558298 5.9420519 0.23820071 166.01012
-8.7584753 6.0318627 0.2318766 158.23611
-8.7032595 6.1754599 0.24686776 162.60001
-8.7323198 6.2670188 0.24891812 157.39999
-8.7524786 6.3477464 0.2735585 199.42857
-8.7939129 4.2630715 0.34156075 157.17647
-8.7975149 4.3257179 0.34524149 184.42857
-8.7603664 4.6690845 0.37987134 224
-8.7705345 4.7504644 0.34267014 163.08333
-8.7425184 5.7345624 0.34212393 138.42522
-8.7515926 5.8573122 0.3137112 152.38261
-8.7472248 5.959991 0.32299241 161.28293
-8.7501316 6.0553284 0.34409702 165.10353
-8.7447767 6.1532693 0.34899709 161.38461
-8.7250566 6.2116909 0.31849682 145.33333
-8.7426062 6.3445873 0.34077144 185.25252
-8.7252522 6.4491515 0.35538304 201.5
-8.7569895 4.2742028 0.41454312 184.8
-8.7500381 6.3504519 0.41241765 191.2
-8.7289648 6.4268742 0.43745655 203.79167
-8.7295332 6.3795881 0.56046915 203.37254
-8.676281 0.62864912 -0.014509978 186
-8.697834 0.82179171 -0.00068829954 189
-8.6657972 0.92099953 -0.0013923727 187
-8.6742506 1.0084522 -0.0012040235 171.82608
-8.6451769 1.1202385 -0.0070937071 170.34694
-8.6604252 1.2542688 -0.022571625 169.72356
-8.6762819 1.3055738 -0.0097881304 168.22951
-8.6883144 1.5221735 -0.0083378796 172.33333
-8.6483746 2.8620632 -0.017987734 170
-8.6559467 0.46204835 0.028401388 178.25
-8.6436281 0.65376765 0.032262016 192
-8.6557884 0.92203522 0.022526493 188.95
-8.6515808 1.0440303 0.0095144976 187.75
-8.6357136 1.1335113 0.031439792 187.625
-8.6197739 1.238004 0.017418524 176.47264
-8.6169796 1.3445243 0.067503989 191.33334
-8.6923981 1.4106423 0.0078032603 168.53572
-8.695363 1.6047244 0.019629825 177.62163
-8.6646805 1.8467228 0.053964633 189.78174
-8.6897831 1.9058821 0.044834793 191.25
-8.6396189 2.0409176 0.045076195 171.90001
-8.6808748 2.1567018 0.033943426 173.58333
-8.6242418 2.2216148 0.050780155 171.38887
-8.6356201 2.3389177 0.040417425 181.65001
-8.6801729 2.5522406 0.099130005 184.75
-8.6654282 2.6592693 0.047862519 188.16666
-8.6564493 2.7545438 0.066014223 168.8195
-8.6456785 2.8453543 0.042782616 168.44521
-8.6661663 2.9714351 0.034760017 152.78374
-8.6444988 3.0568781 0.041655239 148.03957
-8.62988 3.1731591 0.037372772 155
-8.667613 3.2702968 0.084142461 158.65556
-8.6390276 3.3453233 0.074094579 178.38324
-8.6443529 3.448822 0.081588581 172.62822
-8.6497669 3.5540261 0.084638461 169.37077
-8.6458158 3.6706722 0.084946357 160.61389
-8.6535435 3.7484627 0.087501578 164.68333
-8.6682196 3.832432 0.09202449 160.01666
-8.6469555 3.9520998 0.093912482 148.91666
-8.6638613 4.0523186 0.091690861 154.52777
-8.6578875 4.3667684 0.069671549 178.16666
-8.6075907 4.471559 0.080606744 177
-8.6245728 4.5974483 0.042346656 189
-8.6537733 4.7202549 0.049833976 191
-8.6510267 4.8738732 0.049417932 188.60001
-8.6650009 4.993217 0.051814564 187
-8.6101475 5.0742893 0.046922714 188.25
-8.6393919 5.1580849 0.05352642 187
-8.6906528 5.330183 0.08050701 187
-8.6481857 2.1320956 0.14151275 126.25
-8.657505 2.5159411 0.10678477 188.60001
-8.6465139 2.636986 0.10704903 182.52222
-8.6345081 2.7842569 0.11959837 131.625
-8.6757517 2.9192193 0.10871942 125
-8.6501904 3.0753775 0.12514333 161.33333
-8.6195908 3.1804388 0.12358125 147
-8.6804295 3.2375128 0.12487163 140.95454
-8.6504107 3.3553965 0.11304037 157.94444
-8.6498785 3.4039831 0.13153943 167.54546
-8.6143475 3.5240378 0.12334004 141.29166
-8.6797695 3.6272395 0.11289591 170.32779
-8.6468945 3.7530508 0.12893707 170.5
-8.6678743 3.8563919 0.1431769 172.19444
-8.6658621 3.9331298 0.12037391 146.7
-8.6504927 4.0358 0.14227784 146.44
-8.6441107 4.1676002 0.15204591 173.09761
-8.6413965 4.2481923 0.14132562 162.77223
-8.6386423 4.3761649 0.14864135 190.26666
-8.6697359 4.4373674 0.12708174 171.2
-8.6854305 4.5451202 0.14603649 184.5
-8.6564302 4.6513495 0.13498582 167.78667
-8.6641083 4.7490592 0.16564664 186.09999
-8.6436958 4.8703184 0.17471175 189.16666
-8.6341162 4.9516063 0.16849045 179.41667
-8.6726303 5.0516019 0.17075646 158.85674
-8.6327534 5.1436281 0.17584296 161.73665
-8.6344433 5.2557025 0.15123256 158.78072
-8.6682682 5.3571081 0.16716799 163.91992
-8.6399403 5.4722629 0.1726557 141.84309
-8.6512175 5.5762854 0.19025107 148.83333
-8.6524305 5.6670742 0.19258828 148.18312
-8.6666374 5.7774267 0.18680891 147.59375
-8.6258831 5.8330493 0.19604172 150.5
-8.668232 2.1411881 0.2101815 154.89999
-8.6745844 4.8790145 0.23228545 147.5
-8.65874 4.9799118 0.23866782 162.33333
-8.6337042 5.0712113 0.25152194 170.55556
-8.6306601 5.156353 0.26059097 178.2
-8.6429453 5.2529879 0.26104039 175.84
-8.6533318 5.3740573 0.27231389 155.81682
-8.645916 5.4431839 0.25976223 149.10156
-8.6503515 5.5588989 0.2512117 151.13582
-8.6586475 5.6632714 0.24772014 153.76212
-8.6518097 5.7584386 0.25899038 159.08482
-8.647028 5.8615856 0.24707368 156.30515
-8.6797848 5.9680514 0.25593007 148.5
-8.6505337 6.0494704 0.22154534 176.2
-8.6366816 6.1407666 0.24119198 152.3889
-8.6402187 6.2081079 0.24201597 124
-8.6400795 6.3463535 0.27291417 183.1375
-8.6382513 5.3096762 0.36441928 140
-8.6907749 5.7827525 0.33058551 149.72388
-8.6575794 5.837852 0.32927281 148.77185
-8.6273031 5.9468899 0.34999278 153.325
-8.6181622 6.0494499 0.32991478 158.89722
-8.6458044 6.1381292 0.34002811 162.67754
-8.6383905 6.2511563 0.35773841 166.125
-8.6554508 6.3681746 0.35169214 177.10001
-8.6035433 6.4348364 0.34849304 189.75
-8.6606836 6.2438998 0.40206814 185.78571
-8.6380472 6.3671613 0.43896207 198.15001
-8.6151447 6.4205356 0.41002244 199.66667
-8.6509047 6.3884411 0.58194989 202
-8.5946751 0.5012064 -0.022396103 178.8
-8.5799656 0.60910982 -0.020171551 188.60001
-8.5838938 0.74989772 -0.0076844189 188.89999
-8.5691156 0.90027177 -0.0062367455 180.88
-8.5625105 1.0405291 -0.016877187 171.12434
-8.5922985 1.1278098 -0.0050362269 169.30588
-8.5391445 1.2050419 -0.014977273 168.80724
-8.5167828 1.3023406 -0.0078261038 167.56097
-8.5374851 1.5734657 -0.010934438 171.53261
-8.5793943 0.33126801 0.031866185 173.5
-8.5504723 0.41454986 0.018247196 177.75
-8.5529528 0.56300056 0.01970176 191.46667
-8.585392 0.64224666 0.015696833 189.39999
-8.5380011 0.72686201 0.02843459 192.4762
-8.570179 0.81086296 0.010292321 181.73077
-8.5588446 0.95261788 0.037610315 185.34253
-8.5467882 1.0994474 0.046945486 188.81818
-8.5161972 1.2549821 0.056206107 187.8107
-8.5696535 1.3810291 0.061484084 178.74603
-8.5743608 1.6050256 0.0065779556 174.56522
-8.5855627 1.7511356 0.038762622 182.29385
-8.539156 1.9398662 0.062527955 148.43333
-8.5240498 2.0398669 0.053936116 194.5
-8.5498028 2.1531997 0.052116819 172.6875
-8.5583324 2.2486618 0.04776118 167.375
-8.5540905 2.3671007 0.039126381 183.325
-8.5553102 2.4469166 0.042346545 183.56667
-8.5654011 2.5476413 0.066409841 179.03751
-8.5385628 2.6486518 0.057106256 176.4624
-8.5469666 2.7541597 0.033262469 172.56509
-8.5490131 2.8374398 0.037682012 168.41377
-8.5810003 2.9603631 0.033660002 154.08713
-8.594944 3.0420156 0.054629833 170.35001
-8.5615768 3.1539981 0.045320373 153.31818
-8.5532532 3.2273436 0.069836184 180.77536
-8.5526276 3.3390663 0.066472895 185.72223
-8.545146 3.4725482 0.083672635 168.44167
-8.5494299 3.5704365 0.083485447 153.40001
-8.5509071 3.6563938 0.090235628 164.3625
-8.5437765 3.7391627 0.088237852 153.18333
-8.5725489 3.8399963 0.094530866 142.08333
-8.5411415 3.9248662 0.092338294 146.5
-8.514617 4.0369582 0.097203203 127
-8.5469646 4.1639385 0.09163978 135
-8.5833378 4.3123035 0.098382518 132.39999
-8.5507374 4.4278669 0.07715071 171.5
-8.5489388 4.5517721 0.077557184 178.59999
-8.5542202 4.6697721 0.068562217 184.13333
-8.5397778 4.7849188 0.040760648 188.16666
-8.5061684 4.8835964 0.037992358 187
-8.5478802 4.9719162 0.044067312 188.53333
-8.5286255 5.1895847 0.039191756 189.2
-8.5214863 5.3090472 0.084017776 157
-8.5168896 1.0714771 0.15048692 180.16234
-8.5448952 2.118135 0.10597318 116.57143
-8.5790997 2.5724874 0.10492675 185.33333
-8.5019112 2.6492136 0.10779446 186.8
-8.5644073 2.749856 0.10936303 181.86665
-8.5919762 2.907655 0.1071427 136.66667
-8.5288067 3.0263643 0.10818252 176.875
-8.5667372 3.1426156 0.11641573 153.375
-8.5420456 3.2681665 0.110721 150.41666
-8.5008745 3.3572595 0.11424664 165.71428
-8.5359135 3.4565873 0.11775967 142.06667
-8.5556564 3.6546624 0.11838906 168.70834
-8.5088463 3.7304542 0.12124474 160
-8.5668459 3.8082747 0.12438773 162
-8.5486593 3.9647512 0.13194245 151.45
-8.5800056 4.0934896 0.14741054 161.60001
-8.5358009 4.1604309 0.14268205 156.75
-8.5428772 4.2560058 0.143916 185.52777
-8.5446615 4.3634486 0.12788557 165.59047
-8.5833445 4.4750528 0.15053941 179.175
-8.5649395 4.5571775 0.13893071 169.28667
-8.5642128 4.6816945 0.15058552 171.07083
-8.5378227 4.7406807 0.14856355 164.1111
-8.5388813 4.8405004 0.17490952 183.89999
-8.5569019 4.9354143 0.15879184 173.13333
-8.5442963 5.0506768 0.15675341 172.94118
-8.5392351 5.1764736 0.17403691 161.44637
-8.541955 5.2608199 0.16915481 151.43364
-8.535388 5.339004 0.16358154 134.94017
-8.5581274 5.4446282 0.17405595 152.2005
-8.5564232 5.5433607 0.17280266 153.62312
-8.5473633 5.628531 0.17494889 152.01961
-8.562686 5.7444649 0.18755567 151.15858
-8.5707874 5.8014202 0.19284059 147.72917
-8.5384684 5.9228716 0.19715519 156.97144
-8.5766287 2.1394849 0.21261275 140.09091
-8.5229073 4.0818672 0.28577462 116
-8.5155125 4.2101545 0.21120043 150
-8.5487261 4.7644277 0.20847933 137.5
-8.5586414 4.8630137 0.22651027 147
-8.5503902 4.9732685 0.2185384 175
-8.5838337 5.0660949 0.20544977 185.5625
-8.5186958 5.1505451 0.25356644 177.5
-8.5259876 5.2531319 0.24622764 178.14285
-8.5407543 5.360877 0.27110115 163.95454
-8.5787296 5.455996 0.2575244 148.58
-8.5460138 5.5433431 0.24461871 149.01428
-8.5708008 5.6302142 0.22419029 155.65315
-8.5520153 5.7681499 0.24319924 165.22522
-8.5672283 5.8604493 0.24259393 156.42451
-8.5263138 5.9281497 0.24974485 142.75
-8.5370207 6.0470819 0.24304338 186.15833
-8.5179062 6.14572 0.2431411 160.54546
-8.537015 6.2603984 0.24450314 152.8
-8.5544701 6.3601108 0.26807719 189.28333
-8.543395 4.0440269 0.33400086 127.5
-8.5298138 4.253552 0.34700313 209
-8.5231638 5.8541536 0.31567249 162.94254
-8.5214176 6.059535 0.34665546 173.62857
-8.5378952 6.1725564 0.33747914 164.64999
-8.5233784 6.2315931 0.3685385 172.30556
-8.5236712 6.3376141 0.36483428 178.46667
-8.5560579 6.4382219 0.39573771 204.16666
-8.5483103 5.848556 0.44319037 122.1
-8.5532656 6.3778358 0.45699611 201.33334
-8.5937519 6.4010491 0.47030956 203.33333
-8.5834389 6.388978 0.55603039 203.29166
-8.4788876 0.45023435 -0.018863687 170.5
-8.4805765 0.54703248 -0.021774698 181.83333
-8.4771585 0.69887888 -0.00894704 190
-8.4387627 0.77604157 -0.0069102193 186.875
-8.4801521 0.87742281 -0.014522822 180.83333
-8.4562702 0.99869692 -0.010425419 171.02942
-8.4583244 1.0870672 -0.0355452 169.54167
-8.4689484 1.1584592 -0.01494923 169.38875
-8.4828224 1.2683443 -0.015039016 169.49594
-8.4647675 1.3895385 -0.018128403 167.57307
-8.4126205 1.4786469 -0.00079717994 166.83194
-8.4071655 0.32994673 0.027823519 187.66667
-8.4587173 0.52432036 0.020880898 191.5
-8.4658089 0.6600579 0.021673301 192.375
-8.4777184 0.71854305 0.018795623 187.92308
-8.4519444 0.82854813 0.033380002 186.70834
-8.4839792 0.91616738 0.013842613 174.8
-8.4499006 1.0346731 0.032114983 182.67
-8.4248686 1.155839 0.022519421 178.07918
-8.4190912 1.2687005 0.016788732 175.30519
-8.4555788 1.3625963 0.03465277 183.91667
-8.497674 1.4898554 0.0047842762 168.38272
-8.4902754 1.6871161 0.030853165 177.20689
-8.4566965 1.8502293 0.048674129 186.265
-8.4231024 1.9599206 0.072243184 166.25
-8.4499874 2.0763566 0.043188315 174.87617
-8.4382105 2.1619961 0.052392617 171.21667
-8.4707727 2.2240143 0.037569057 179
-8.4628258 2.347991 0.052052025 187.36365
-8.4561501 2.4429846 0.047347635 183.09239
-8.4470072 2.5320752 0.042659111 179.57658
-8.4303694 2.6705828 0.034317225 177.46153
-8.4435053 2.7591047 0.030061502 166.63196
-8.4369335 2.8363023 0.032362688 168.56854
-8.4849348 3.0124478 0.055710122 181.72728
-8.4422951 3.1545196 0.076810941 184.86111
-8.4571133 3.2653232 0.087706029 171.14584
-8.4450455 3.3968856 0.074125573 189.16667
-8.4626989 3.445596 0.08472579 178.81111
-8.4598064 3.54739 0.086714149 165.91667
-8.4711618 3.6563423 0.084312342 166.68056
-8.4511318 3.7922082 0.081269026 152.5
-8.425333 3.8558545 0.09342771 135.25
-8.4129734 3.9505348 0.083848789 130.5
-8.4645157 4.0671206 0.092420608 132.33333
-8.4713135 4.228106 0.09527193 132.33333
-8.4641247 4.4457388 0.061604835 165.16666
-8.4392767 4.5020027 0.089375921 162
-8.4610147 4.6416736 0.058784433 173.80556
-8.4272995 4.7579613 0.03567322 178.66667
-8.4402943 4.9909854 0.040257074 181
-8.4804964 5.0952663 0.041272167 183.33333
-8.4527788 5.2127204 0.040043015 186
-8.4678183 5.3314605 0.070133463 160
-8.4712858 1.0835341 0.11940788 153.60001
-8.4398603 1.879449 0.15451789 105.31667
-8.4300966 1.9025671 0.12349487 124.5
-8.4548225 2.6442654 0.164703 155.75
-8.4592295 2.7568002 0.11191441 177.30554
-8.4848137 2.8927128 0.10847009 160.5
-8.4870405 2.9970684 0.18634336 154
-8.4354963 3.1117747 0.10779952 167
-8.4898624 3.2707021 0.12129793 166
-8.4676857 3.4456844 0.11340505 152.5
-8.4533396 3.5336964 0.11698554 161.47916
-8.4371595 3.6529477 0.1213107 155.39999
-8.4269705 3.7749798 0.12456116 145.75
-8.4824934 3.8690012 0.12651666 146.75
-8.4171181 3.9136047 0.12135445 138
-8.4787979 4.0651774 0.14717568 125.61906
-8.4654999 4.265707 0.14163341 164.33333
-8.4593744 4.3708739 0.14198154 175.8125
-8.4754076 4.4716973 0.14163756 176.3
-8.4633236 4.5379009 0.1423019 171.5
-8.4669542 4.6203456 0.14780229 163.41666
-8.4476175 4.7573504 0.1581089 172.54445
-8.4639263 4.8574648 0.15649301 167.19
-8.4634514 4.9531455 0.16845025 176.75594
-8.4609985 5.0536909 0.16531061 170.36905
-8.4117222 5.1326637 0.17686473 161.80769
-8.4641018 5.2376161 0.17017494 145.33281
-8.4703169 5.3437119 0.15899405 169.19855
-8.4637909 5.4535446 0.16228683 162.05292
-8.4531689 5.5379705 0.17364931 157.66983
-8.4586792 5.6546173 0.17771679 157.48586
-8.4392824 5.7301903 0.18230081 154.65454
-8.4775572 5.8407879 0.1872822 143.35713
-8.4189873 5.9363952 0.18995559 167.81506
-8.4771843 6.0049958 0.19393922 131
-8.4992428 2.1618602 0.24870443 82.25
-8.4440832 2.6856599 0.21517734 136
-8.4528294 3.5105817 0.26567477 188.8
-8.4879293 4.0781755 0.29042724 111.33334
-8.4378157 4.1351733 0.24906872 78.75
-8.4167871 4.7657008 0.21129049 136
-8.4432516 4.8727965 0.22885749 139.25
-8.468173 4.9632025 0.2358551 151.39999
-8.4955244 5.0660391 0.24678311 170
-8.4510689 5.1410384 0.236415 171.3125
-8.4669752 5.2285361 0.25927037 181.28572
-8.4239464 5.5804005 0.20630996 169.91667
-8.4816532 5.6825452 0.23746972 150.76453
-8.4528675 5.7401404 0.25336188 152.09012
-8.4564848 5.8364563 0.25920621 150.29167
-8.4454603 5.9598269 0.26840898 169.10715
-8.4540577 6.0436473 0.22161491 159.72604
-8.4481106 6.1585808 0.2427244 169.95634
-8.437295 6.2721066 0.2429136 174.64999
-8.4287167 6.3884239 0.25730735 200.04546
-8.4836102 5.5186882 0.36287001 131.46471
-8.4269228 5.7778368 0.30467182 165.27272
-8.4273119 5.852191 0.31394714 166.32076
-8.4496136 5.9593439 0.33959553 165.04712
-8.4207792 6.0692968 0.32216847 172.79411
-8.4178553 6.170773 0.35314155 185.12964
-8.4452419 6.367013 0.36621726 179.43636
-8.4425898 6.4354978 0.35695156 173.5
-8.4432774 6.5056634 0.32995558 208.5
-8.4480114 5.8588815 0.44863945 131.15752
-8.4975386 6.4077926 0.46751976 203.39999
-8.4809771 6.3921309 0.54390919 204.56667
-8.3507395 0.36237803 -0.029085156 159.25
-8.3649483 0.48128042 -0.02156812 169.75
-8.3804684 0.59421939 -0.02040628 182
-8.3899755 0.6859467 -0.010405067 189.25
-8.3120823 0.7656346 -0.0084761772 186.60001
-8.3863058 0.86301219 -0.021400189 181.8
-8.340641 0.96999055 -0.014554238 175.7294
-8.3843489 1.0713549 -0.034365833 167.08
-8.3983612 1.1429942 -0.016654881 167.75
-8.3312159 1.3970921 -0.027569542 166.45334
-8.3175526 1.4708406 -0.0014725243 167.19588
-8.3759584 0.38643095 0.028541412 195
-8.3454361 0.44313148 0.031898763 199.33333
-8.3447618 0.5568499 0.025758808 193.58333
-8.3542557 0.62744522 0.011832934 190.25
-8.3622627 0.73477465 0.020599512 190
-8.3447628 0.84792966 0.042828713 187.32549
-8.3849592 0.93362886 0.028817343 179.21739
-8.3483496 1.0328811 0.032415591 176.53143
-8.3172226 1.1003063 0.025450788 177.72728
-8.3344879 1.2063152 0.017566517 176.66667
-8.3359337 1.3147759 0.019866358 176.64999
-8.3582306 1.5676302 0.046226457 155.32761
-8.3532295 1.6849823 0.072848402 142.33333
-8.3776875 1.7505183 0.035256814 179.18132
-8.3665257 1.8606213 0.052155968 186.63333
-8.347084 1.9640139 0.054733451 191.125
-8.3379755 2.0531456 0.063269883 152.04001
-8.3329859 2.1404769 0.043156009 172.49443
-8.3541756 2.2326274 0.052241977 169.11311
-8.3590965 2.3482187 0.04645199 185.43561
-8.3403358 2.446646 0.05209535 182.5
-8.3506765 2.5474827 0.05033287 177.39484
-8.3561001 2.655251 0.031008761 169.74718
-8.3562775 2.7286928 0.027089288 167.86816
-8.342205 2.814471 0.027654679 165.19202
-8.3695259 2.9366481 0.049837001 168.18465
-8.3757725 3.0991817 0.059550587 180.5
-8.3556442 3.180825 0.066031195 183.375
-8.3578167 3.2359843 0.08892671 180.14999
-8.3112917 3.3573277 0.080790944 188.83333
-8.3575315 3.481189 0.074485689 162.03571
-8.3526039 3.5425615 0.074493155 183.58334
-8.3221998 3.6303573 0.085983098 135.5
-8.3522291 3.7387631 0.083688319 148.16667
-8.3977003 3.8164942 0.079284273 136.66667
-8.3294764 4.5939531 0.088284574 159.66667
-8.3460884 4.6080437 0.060090333 143.66666
-8.3827295 4.7496376 0.043077428 174.5
-8.3874216 4.872632 0.038139451 177
-8.3427811 4.9942331 0.037183553 175.66666
-8.3542652 5.1359444 0.036531691 174.83334
-8.3284941 5.2502494 0.038819481 163.8
-8.347331 5.3820415 0.041181091 154.66667
-8.3539448 1.5227474 0.14385262 135.39749
-8.380867 1.9583427 0.10200473 97.199997
-8.3158274 2.6723673 0.14144371 150.80556
-8.3721428 2.7793169 0.10892635 186.33333
-8.376565 2.877831 0.10467507 181.16667
-8.3657742 2.9719634 0.14337057 179.95454
-8.3438845 3.075562 0.1074258 182.5
-8.372263 3.6779234 0.12329404 144.75
-8.3318453 4.2784648 0.14779496 166.66667
-8.3424702 4.3454304 0.10928141 157.83334
-8.3605967 4.4390059 0.13236612 164
-8.3618374 4.5109262 0.13821723 165.44444
-8.3596697 4.6710753 0.14440563 154.91667
-8.3569069 4.7505693 0.16342461 158.41666
-8.3296938 4.8362012 0.165516 168.40001
-8.3654537 4.9490986 0.17758155 168.47083
-8.332571 5.0460806 0.17248426 159.14285
-8.338172 5.1727138 0.1694921 178.83333
-8.3358517 5.2546043 0.17723885 173.11809
-8.3550644 5.3440099 0.16333763 170.36812
-8.3534517 5.4485655 0.15176034 181.54286
-8.3340082 5.5520039 0.14710663 162.83333
-8.3600302 5.6397295 0.16783313 148.66071
-8.3782082 5.7527843 0.18278268 146.32738
-8.3143139 5.8143821 0.17049569 127.5
-8.3618879 5.9393625 0.18745266 125.33334
-8.3845501 2.6616294 0.22270748 158.27272
-8.3527079 2.9714222 0.23616093 161.56667
-8.3074446 4.6423864 0.23583889 210.5
-8.3125668 4.8615279 0.22235979 140
-8.3286324 4.9280791 0.21940675 121.33334
-8.3746071 5.0509515 0.22062638 165.08888
-8.3723459 5.226634 0.23944323 169.33334
-8.3347263 5.5551667 0.21084134 173.5
-8.3525944 5.6559706 0.22975987 154.01039
-8.333683 5.7384577 0.23767802 161.15932
-8.3453541 5.85639 0.27809542 160.43094
-8.3431978 5.9439645 0.23669295 175.01349
-8.3557377 6.0544348 0.23729987 172.52118
-8.3464479 6.1503439 0.24665713 178.09721
-8.3433552 6.2570443 0.24825698 170.5
-8.3598804 6.3234706 0.24390917 182.75
-8.3098488 6.4031711 0.26857963 203
-8.398201 4.9437828 0.33837476 97
-8.3621826 5.7827482 0.30369741 126.26923
-8.3138361 5.8123655 0.35217971 123.60001
-8.3381214 5.9562783 0.30575547 179.01111
-8.3202047 6.0465074 0.34440908 182.17989
-8.3302708 6.1701078 0.34248433 185.5307
-8.3905821 6.2587342 0.38812602 187
-8.3466749 6.3330603 0.36335853 193.81818
-8.3218164 5.8855658 0.43736276 153.91666
-8.3477325 5.9563575 0.40302408 175
-8.3100109 6.2883115 0.40860739 200.66667
-8.3847532 6.4435945 0.46198502 203.92308
-8.3304052 5.8567257 0.51073474 141.39999
-8.3572874 6.4312282 0.56364125 203.85715
-8.2155037 0.36829671 -0.029551273 160.25
-8.2463293 0.48830113 -0.020830045 168.5
-8.2773714 0.55750656 -0.021580154 173.3
-8.293931 0.66474897 -0.014888533 185.25
-8.2274847 0.74733752 -0.0095508285 185.71428
-8.2822027 0.85773742 -0.017680503 182.5
-8.2285709 1.3984132 -0.0032868767 167.76923
-8.2085829 1.5625012 -0.0022948945 171.2
-8.2933445 1.6240823 -0.0035641349 172
-8.2752686 0.28762713 0.025828499 188.5
-8.2269125 0.40976122 0.026677538 199.60001
-8.2514296 0.6124301 0.032491706 193.66667
-8.2534513 0.71238381 0.033448208 190.08533
-8.2594109 0.81767911 0.03189569 187.37143
-8.2339888 0.92182624 0.03528218 185.36665
-8.2413521 1.0106782 0.023597434 176.59091
-8.2648163 1.1149607 0.019086147 172.02856
-8.2373343 1.2126026 0.033931438 170.72156
-8.2598925 1.3040547 0.025929352 170.20953
-8.2229605 1.4582713 0.0061813165 168.27586
-8.2239189 1.5600976 0.096996434 172.5
-8.2374563 1.663658 0.061417617 155.125
-8.2832098 1.789459 0.022915442 181.86667
-8.2707348 1.8429402 0.046668399 187
-8.2591476 1.9648381 0.071397945 149.875
-8.2274942 2.0504236 0.063974939 149.72778
-8.2850742 2.1630454 0.046291448 164.29167
-8.2432747 2.2653337 0.056893162 177.71667
-8.2438784 2.3607643 0.05570044 184.53334
-8.2648029 2.4524291 0.068400174 182.98398
-8.2563257 2.5453324 0.055843476 179.24574
-8.2282038 2.62976 0.045467637 175.15282
-8.2504005 2.7471886 0.04003321 167.50134
-8.2544689 2.8339293 0.047394376 168.49951
-8.2581015 2.9401369 0.043857928 167.11671
-8.2753382 3.06006 0.047688555 174.63889
-8.2678738 3.1367004 0.078210697 184.10556
-8.2439966 3.2461634 0.068250351 183.33333
-8.2171307 3.3645229 0.075183958 180.77777
-8.251894 3.4539227 0.069363579 172.89999
-8.2451124 3.5645061 0.087299719 149
-8.2170506 3.6521587 0.078694738 177.75
-8.2462502 3.7599897 0.077596784 170
-8.2570496 4.7193723 0.036860123 161.58334
-8.260438 4.8592982 0.031162543 166.66666
-8.2430649 4.9975681 0.034104154 163.5
-8.2504425 5.1336451 0.037923593 158.5
-8.2270794 5.2816186 0.042852845 147.75
-8.2441521 5.4280672 0.039383572 137
-8.2069111 1.0863559 0.14400725 148.11111
-8.2338161 1.4857455 0.13297766 144.5
-8.2514362 1.5203737 0.13235685 142
-8.2939339 1.894279 0.15333891 122
-8.2793217 1.9531782 0.14076869 127.61111
-8.2661362 2.6770809 0.14955147 137
-8.2511635 2.7588251 0.12104104 173.67601
-8.2530251 2.8838627 0.11416022 188.28572
-8.2756939 2.9699173 0.12627535 163.66539
-8.2834291 3.1565957 0.10220573 185.5
-8.2352047 3.5531726 0.10710622 165
-8.2845755 3.6087337 0.11304213 152.33333
-8.279686 4.380239 0.11380223 153
-8.2875118 4.40868 0.15020593 162.33333
-8.2943649 4.5441542 0.13400277 157.625
-8.2578344 4.6992249 0.15629441 157
-8.2634335 4.7335653 0.15136389 142.625
-8.2658997 4.8833408 0.18706051 140.57333
-8.2602453 4.9752703 0.16529915 166.20416
-8.2431402 5.0716257 0.17355992 168.46983
-8.2334166 5.1767082 0.17507578 172.86906
-8.2578936 5.2709908 0.15991779 178.71941
-8.2625227 5.3464913 0.16053413 164.41231
-8.2561569 5.4638257 0.17185126 164.76482
-8.236021 5.5793486 0.13777371 161.54166
-8.229496 5.617106 0.13174574 186
-8.2267294 5.7194695 0.15823929 128.25
-8.2449865 5.8533401 0.17729732 143.96893
-8.2676315 1.0636358 0.22907977 150.25806
-8.2953243 1.9518104 0.20455837 81.928574
-8.2869778 4.6336846 0.23206741 181.5
-8.2717552 4.7646313 0.25860187 114.01785
-8.2582207 4.8562393 0.23312859 134.77777
-8.2639589 4.9326615 0.24589919 135.18668
-8.2498894 5.0919051 0.22018215 174.54166
-8.2981606 5.1761446 0.23490688 172.60001
-8.2788715 5.2894545 0.25209168 159.05263
-8.2499905 5.3579288 0.24778466 145.33333
-8.2792196 5.4500017 0.20329219 187
-8.2613583 5.5562963 0.23330717 155.13889
-8.2466888 5.651094 0.24703646 150.44525
-8.2515802 5.7686586 0.23166402 154.26543
-8.247323 5.8390126 0.26737574 168.77231
-8.2479219 5.9612379 0.2647208 165.10207
-8.2591066 6.0552797 0.24301517 166.64214
-8.2597752 6.1479478 0.25986868 165.59723
-8.2402697 6.2643971 0.26278374 179.43333
-8.2941065 6.3731337 0.28176311 201
-8.2774 4.6310835 0.31707552 54
-8.2397728 4.7496362 0.35110444 73
-8.2512856 4.8181753 0.35382253 92.583328
-8.2516174 5.5715275 0.32474288 131.58824
-8.2240057 5.8378181 0.30894205 175.7
-8.2433624 5.9440875 0.3165493 179.19781
-8.225667 6.0750914 0.33777276 178.16945
-8.2425776 6.1473122 0.34420735 179.73808
-8.2657881 6.2476335 0.3694981 189.4375
-8.2310009 6.34267 0.37321538 198.38095
-8.2923908 6.4508386 0.39238325 200.2
-8.2506113 5.9076762 0.41839144 165
-8.2221584 6.3199563 0.42859676 198.33333
-8.2505522 6.4738302 0.44810313 205.58749
-8.2353344 6.0092969 0.51196176 169
-8.2499104 6.3391395 0.53917116 204
-8.218606 6.4657249 0.55534422 203.36363
-8.1053772 0.45163491 -0.024475571 169
-8.1415882 0.54005128 -0.019071748 169.60001
-8.1849318 0.64236784 -0.017231802 176
-8.1178913 1.449464 -0.010697469 171.60001
-8.11374 1.5421283 -0.014024014 174.13637
-8.1221571 0.33670458 0.031685442 193
-8.1042147 0.40351519 0.028237391 198.60001
-8.1834764 0.5211187 0.029544108 196.8
-8.148818 0.61587024 0.039394133 193.25
-8.1393194 0.7540586 0.033889882 187.00397
-8.1794319 0.81402111 0.014560957 189.8
-8.120883 0.94697934 0.019119943 180.09497
-8.1872797 1.0323999 0.065201119 173.18182
-8.1353188 1.131791 0.038484026 175.698
-8.1311741 1.2512854 0.025654688 167.9765
-8.1842327 1.315366 0.050209239 172.85715
-8.1258144 1.5003392 0.077283762 172
-8.1560402 1.6585631 0.046912543 179.83334
-8.1775045 1.7652898 0.024923492 183.23077
-8.1663294 1.8414009 0.046261776 187.40001
-8.1602936 1.9408041 0.066777848 154.79167
-8.1334448 2.0601344 0.055875491 168.32178
-8.1647873 2.1410146 0.056452211 149.65477
-8.1636572 2.2503619 0.04704468 178.34091
-8.1678324 2.3590622 0.053206831 170.48148
-8.1473751 2.4426804 0.061363205 180.43762
-8.130023 2.5492764 0.067763306 164.26166
-8.1377392 2.6535993 0.064099371 178.70891
-8.1352596 2.7349291 0.070653312 169.28197
-8.1449995 2.8469205 0.055838484 173.23532
-8.1671734 2.9321105 0.056374673 171.95303
-8.1487465 3.0608842 0.060402434 177.11003
-8.1571255 3.1407859 0.059707291 175.72
-8.1458254 3.2596803 0.0660109 183.33333
-8.1498337 3.3474689 0.08066944 182.17857
-8.1361446 3.4597323 0.076786034 182.125
-8.1658249 3.5342665 0.071887195 172.71667
-8.1260386 3.6125324 0.065786541 159.5
-8.1500063 3.7395077 0.077087261 149.75
-8.1625738 3.8200884 0.070569098 136
-8.1671267 4.8525543 0.039614107 155.5
-8.1753244 5.0014009 0.039865594 151.33333
-8.1752787 5.1469183 0.041026317 148
-8.1388292 5.3132157 0.075472228 133.91667
-8.1326542 5.4776344 0.035953488 122
-8.154705 1.1036102 0.13774438 132.5
-8.155385 1.478425 0.17336014 133.76666
-8.1570778 1.5233564 0.15656558 152.25
-8.1593199 1.9719654 0.16123936 128.19444
-8.1000509 2.5362315 0.10694707 135
-8.1358776 2.7747335 0.11076625 182.25
-8.1707697 2.88819 0.11573741 184.8
-8.1633224 3.0465844 0.11132854 187
-8.1409836 3.2882779 0.13230135 175.64285
-8.1493711 3.4539135 0.10533623 177.33333
-8.1961336 3.5082772 0.1053822 170.5
-8.1735773 3.7002079 0.10153819 156
-8.1800995 4.7393804 0.1664602 169.33334
-8.1527767 4.8758907 0.16530278 145.25
-8.1566162 4.9368019 0.16331241 158.60857
-8.1468391 5.0477595 0.17161782 175.7
-8.1577625 5.1550431 0.16620463 174.4034
-8.160162 5.2437301 0.16847759 165.56055
-8.1590271 5.3505158 0.16479598 163.83763
-8.1802883 5.4644599 0.15198822 169.00833
-8.1534615 5.5566726 0.17365731 168.34413
-8.1491966 5.6307316 0.1359683 152.60001
-8.1488457 5.7832375 0.17160253 140.48077
-8.1686354 5.8707929 0.17733088 165.68254
-8.1029797 6.3316612 0.16019334 190.66667
-8.1786652 1.9741215 0.23189089 151
-8.1769972 2.0034533 0.246131 68
-8.1944942 4.8182707 0.20047466 153.33333
-8.1416502 4.9980669 0.2724891 99
-8.1662893 5.172554 0.25456065 168.06786
-8.1769524 5.2578573 0.25072247 162.53587
-8.1730261 5.3855281 0.24300048 151.86046
-8.1550684 5.4643307 0.21766755 167.48314
-8.1844788 5.5712047 0.25624952 164.5
-8.1842861 5.6513491 0.26301861 164.80263
-8.1463537 5.7331142 0.23519711 156.86203
-8.156764 5.8505983 0.25400475 158.20615
-8.1509037 5.960681 0.24090566 166.4554
-8.1530361 6.0654397 0.25836098 156.38635
-8.1656694 6.1593819 0.24899423 171.54286
-8.1308079 6.2705374 0.24765249 187.66667
-8.1549063 6.3331461 0.26946628 199.40833
-8.1094542 6.4080992 0.2475476 204
-8.1711569 4.733367 0.38025132 149
-8.1251717 4.8953357 0.3874706 51
-8.1173306 4.9597483 0.37203881 53
-8.1330853 5.0635562 0.37283081 165.15384
-8.1377573 5.1241946 0.32372087 178.08333
-8.1566572 5.2562265 0.33848166 185.33333
-8.146636 5.5518861 0.37716442 134.2963
-8.1171808 5.8577943 0.31127787 181.45
-8.1013374 5.9043064 0.33085641 183
-8.1426401 6.0556645 0.31989965 180.11987
-8.1300573 6.1652837 0.35608092 187.66667
-8.1686764 6.2325821 0.3371534 173.14999
-8.1420498 6.3288817 0.35581556 192.95667
-8.1653652 6.4368687 0.39129943 205
-8.163991 5.0532689 0.40444064 189.5
-8.145503 5.1019244 0.40485239 147
-8.1412516 5.5512176 0.4034825 128
-8.177598 5.9940548 0.40719891 199
-8.1252584 6.2879381 0.41942367 197.2
-8.1687632 6.3365817 0.43723726 203.85001
-8.1380444 6.4393783 0.45082667 207.39999
-8.1400442 5.9895949 0.53016156 187
-8.1308432 6.2503834 0.54393315 206.7
-8.1053314 6.4319153 0.53776866 205.39999
-8.0622101 0.34801361 -0.028591219 157.39999
-8.0271883 1.4475029 -0.0051208492 177.2381
-8.0983324 2.8615081 -0.027459292 172.5
-8.0767803 0.51549381 0.03083609 196.39999
-8.0312634 0.62477034 0.045397274 192.125
-8.0287304 0.73314309 0.052538503 187.625
-8.0253706 0.81006038 0.026807744 181.6875
-8.0242281 0.91627526 0.019427981 175.64999
-8.0528212 1.0212835 0.021553531 178.28204
-8.0283766 1.1165082 0.022994578 168.03125
-8.0538683 1.2406074 0.0157822 171.54207
-8.0914993 1.3254522 0.042329829 180.16667
-8.0226831 1.5015002 0.0090022963 178.76923
-8.0872765 1.6781137 0.024600517 183
-8.0750828 1.7439343 0.031478655 185.79327
-8.0562363 1.8580489 0.051449634 178.11665
-8.0593605 1.9545133 0.040101938 193.5
-8.038269 2.0321045 0.074235521 144.88541
-8.0555506 2.1397119 0.045686875 172.12202
-8.0567207 2.2482007 0.048876673 173.745
-8.0731726 2.3400946 0.044913337 180.86363
-8.0574703 2.4267712 0.048145093 142.30977
-8.0583477 2.5259516 0.063946761 160.27858
-8.026619 2.6217692 0.064267837 178.59007
-8.0473843 2.7402432 0.075108334 179.7482
-8.0667601 2.8467655 0.052899268 172.77631
-8.0635633 2.958524 0.065672413 176.73547
-8.037571 3.0477819 0.045686468 170.70732
-8.0380306 3.1262357 0.038442329 162.40356
-8.0415039 3.2245965 0.058302056 166.14555
-8.049592 3.3423004 0.073148973 182.13148
-8.0481844 3.4380252 0.076196223 182.08334
-8.0426178 3.5525067 0.067870826 170.87776
-8.0925846 3.6144276 0.074656181 175.5
-8.027998 3.7070513 0.066136003 152.39999
-8.029068 3.8123612 0.059105258 139
-8.0895271 5.035078 0.068359204 165.75
-8.072629 5.1640015 0.039247494 135.5
-8.0214357 5.7082548 0.094613776 170.66667
-8.0747013 1.5554985 0.11755554 152
-8.0255613 1.677173 0.1729559 188
-8.053978 1.9682801 0.15641479 120
-8.0559683 2.0040462 0.18862456 148.27272
-8.0385695 2.5398312 0.1019896 132.28572
-8.0436373 2.619601 0.16886656 122.83334
-8.0807285 2.972127 0.10114498 182.33333
-8.0552168 3.0337102 0.10148902 182.91667
-8.0306396 3.235369 0.11348614 188.39285
-8.098773 3.394563 0.1069864 183.33333
-8.0096664 3.4997151 0.14445387 146.75
-8.0886421 3.5557082 0.12088975 126.65
-8.0086155 3.6764843 0.10833263 164.25
-8.0374441 3.7504592 0.13912611 152.5
-8.073473 4.7762027 0.18115549 163.60001
-8.0747204 4.8609352 0.15715145 148.75
-8.0366354 4.9556775 0.16383399 182.66667
-8.024085 5.0625381 0.15785807 174.84666
-8.0515184 5.149045 0.15303245 186.01907
-8.0603008 5.2506189 0.16202746 174.27823
-8.0443859 5.3538065 0.15729733 158.16141
-8.0843658 5.4522648 0.16266535 165.3215
-8.0711288 5.5531502 0.16580291 164.17856
-8.044981 5.6506457 0.15612121 150.04753
-8.0349064 5.7581129 0.17529701 163.5271
-8.0637484 5.8540044 0.18824802 163.31633
-8.0507784 5.9617395 0.17637266 165.24843
-8.0296688 6.0335035 0.16470446 165.5
-8.0086155 6.1408272 0.16546141 164.14285
-8.0566549 6.2645826 0.15587272 177.22223
-8.0178785 6.3302336 0.15718223 189.5
-8.0521173 2.0120375 0.23140103 137
-8.0389214 3.6301801 0.26107574 198
-8.0809231 4.8924828 0.20312676 165
-8.0668945 4.9869061 0.25458941 169.89999
-8.073967 5.054759 0.21992959 178.875
-8.0793648 5.1606522 0.24056485 138.00999
-8.0736828 5.2532744 0.21958672 168.92242
-8.0590229 5.3782334 0.22905499 165.94
-8.0685835 5.4572682 0.25584158 170.55469
-8.0568247 5.5599818 0.23989087 166.32278
-8.07024 5.651247 0.25023764 161.41362
-8.051486 5.767468 0.23827434 149.37669
-8.0681419 5.8681316 0.24842842 152.64821
-8.0528641 5.9549804 0.2749657 151.07338
-8.0528088 6.0522752 0.23297709 160.96249
-8.0686541 6.1632543 0.25661224 162.34523
-8.0319614 6.2574129 0.26124993 185.73836
-8.0641727 6.3463283 0.23989175 193.98181
-8.0043545 6.4043159 0.24831194 202
-8.0235758 3.6618488 0.31247255 165.02779
-8.0526056 3.7208009 0.30464056 243.25
-8.0971527 5.0699892 0.32138714 160
-8.0374479 5.8412809 0.348842 172.06566
-8.0529957 5.9389977 0.34343234 184
-8.045248 6.0407972 0.32865852 182.23016
-8.0379696 6.152813 0.34021926 184.93182
-8.0559654 6.2586102 0.37166497 184.79167
-8.0760708 6.3327708 0.33597183 197.07915
-8.0571117 6.4193425 0.3523559 198.47501
-8.0397587 5.4673915 0.48395035 145
-8.0868816 5.544136 0.44179729 131.45833
-8.0171709 5.8399024 0.4505485 154.60001
-8.0416861 6.2893958 0.44683081 200.26459
-8.0490837 6.3628302 0.42112595 201.01851
-7.990757 0.37386405 0.032109164 197.5
-7.9758329 0.50227416 0.031767197 196.8
-7.9634805 0.6462431 0.045068033 190.8
-7.9554329 0.73332965 0.051218774 187.14285
-7.9411283 0.80128235 0.03051549 181.58333
-7.9403257 0.92463934 0.014980438 175.27272
-7.9362836 1.0267085 0.01603806 171.125
-7.9362717 1.1231277 0.020525495 167.52
-7.9226036 1.2494446 0.0027769145 167.30917
-7.9122033 1.4659017 0.0031838897 183
-7.95719 1.5662533 0.042405333 183.5
-7.9554386 1.6726838 0.081716619 166.75
-7.9874654 1.7592045 0.043443043 188.75
-7.948143 1.8406551 0.058610346 149.8
-7.9283514 1.9526566 0.048237693 179.77083
-7.9371257 2.069277 0.064028211 147.875
-7.9243407 2.1315844 0.056140997 165.83522
-7.9557486 2.2426922 0.050361976 169.45625
-7.9664578 2.3401051 0.05454994 180.23718
-7.9465308 2.4353714 0.04819677 155.89
-7.9509292 2.55124 0.056522451 145.7803
-7.9561605 2.6529472 0.054690506 176.01324
-7.9719315 2.7354343 0.048407406 168.85098
-7.9720764 2.8371232 0.054335102 173.26506
-7.9523888 2.9218659 0.04522381 166.15985
-7.9569764 3.0199983 0.04212429 171.74231
-7.9421663 3.135694 0.067320295 176.68762
-7.9571476 3.2202775 0.066471629 172.46521
-7.9493837 3.330821 0.078680754 182.95326
-7.9294295 3.4352698 0.079861581 179.39285
-7.941525 3.551245 0.076084852 171.73334
-7.9607115 3.6282339 0.081491411 175.875
-7.9902058 3.7024913 0.082230404 168.3
-7.9528723 4.9691682 0.099700242 180.5
-7.9730315 5.6529541 0.081822254 168.21249
-7.9629483 5.7246265 0.078831874 167.2258
-7.9200578 5.9808908 0.08991725 156
-7.9623747 1.4417627 0.17324142 149
-7.914237 1.8820232 0.10265382 101
-7.9400792 1.9853729 0.11152555 110.5
-7.9771757 2.1730192 0.11516066 98.5
-7.9438186 3.1564608 0.106382 182.94444
-7.9375548 3.2694468 0.10421582 187.3
-7.9571991 3.5437009 0.12772138 158.63542
-7.9699488 3.6045995 0.18304981 141.5
-7.9249716 3.7468212 0.13688415 147.875
-7.9003005 3.8059676 0.1020807 158.33333
-7.9744787 4.6715674 0.1875158 140.66667
-7.9784131 4.7854724 0.17367032 144.75
-7.9660139 4.8730774 0.16124496 163.625
-7.9452477 4.9705997 0.16479662 158.19167
-7.9368749 5.0658946 0.14854279 182.62224
-7.9617348 5.1428289 0.16238371 176.29524
-7.9399748 5.2457561 0.142766 184.70995
-7.9522529 5.3575563 0.14587246 160.75661
-7.9642663 5.4431496 0.15989961 156.22557
-7.9718904 5.5595746 0.15716499 158.96024
-7.982594 5.657618 0.17106473 152.80496
-7.9365335 5.863502 0.19081722 163.15788
-7.9444022 5.9415717 0.18736386 162.95334
-7.9332218 6.036087 0.15582359 158.7735
-7.9419236 6.1440535 0.16205776 161.45833
-7.9383879 6.2365084 0.16525003 171.64444
-7.9487901 6.3536754 0.15096967 189.57143
-7.9351726 1.9848014 0.22066677 133.95833
-7.9520569 3.0385542 0.29549137 148
-7.9758177 4.7595668 0.2020126 152
-7.9823041 4.8782492 0.20521553 160.5
-7.9852791 4.9813299 0.21718521 171.2
-7.9514604 5.0583234 0.22180961 179.0625
-7.9476886 5.1537042 0.21865381 177.70834
-7.950592 5.2549481 0.25665811 143.67857
-7.9868355 5.3555827 0.23012063 168.21786
-7.9694953 5.441247 0.24330832 169.00613
-7.9919724 5.5657401 0.24973023 168.5759
-7.9639802 5.6569648 0.24034271 166.61235
-7.9669561 5.7541919 0.25163224 164.76389
-7.9417052 5.8228159 0.23265702 158.89546
-7.9476142 5.9489045 0.23350661 142.55
-7.9674106 6.0416522 0.23276407 160.6131
-7.954586 6.1461911 0.23442642 166.65907
-7.9462862 6.2506304 0.25923809 185.37886
-7.9438438 6.3573699 0.23639847 193.91667
-7.9254274 2.9823585 0.32684633 129
-7.9433718 5.766201 0.39293405 119.63158
-7.9458284 5.8578019 0.3300412 169.91666
-7.9382195 5.9708447 0.32700661 183.21172
-7.9419966 6.0633192 0.33619761 184.5529
-7.9451237 6.1432891 0.34443888 185.35834
-7.9714179 6.2579279 0.36432311 190.32858
-7.9538565 6.348176 0.33263433 196.6752
-7.9239497 5.7743907 0.41169977 118.5
-7.9292178 6.295331 0.47343549 202.66667
-7.955595 6.3292217 0.42953205 197.41345
-7.9758573 6.4518514 0.43720049 210.39999
-7.9357672 6.306766 0.51179349 203.71428
-7.9706898 6.419014 0.51002431 208.75
-7.8246751 1.2624433 0.022489021 168.1875
-7.8529439 1.3028399 0.021390948 167.61443
-7.8439693 1.4429122 0.042538106 168.15758
-7.8410368 1.5339115 0.039394703 178.44405
-7.8585768 1.6193275 0.050290819 179.88324
-7.8525124 1.7327195 0.065078489 171.06944
-7.8533936 1.8572549 0.058585096 180.11667
-7.849205 1.9519413 0.065331019 112.17667
-7.8410535 2.0533278 0.070671014 144.54546
-7.8619967 2.1018932 0.045155641 119
-7.8634892 2.2357075 0.052373808 152.85417
-7.8662701 2.3615289 0.056189824 163.82518
-7.8559294 2.5462298 0.052999977 148.56522
-7.8254719 2.6484129 0.022210618 159.6711
-7.8862505 2.7794533 0.079267822 177.91666
-7.8702211 2.8560209 0.07399641 176.83749
-7.8629532 2.9553728 0.032523025 169.20178
-7.8413353 3.0275297 0.049168807 171.28683
-7.8524241 3.1356332 0.069875605 177.6481
-7.8488593 3.2565491 0.076402836 175.70111
-7.8245039 3.3544788 0.074280731 182.04166
-7.8247328 3.4395437 0.079525143 189.16666
-7.8574214 3.5111885 0.075682446 180.18889
-7.8442216 3.6491389 0.077124275 169.31667
-7.860311 3.7350643 0.092581652 172.33333
-7.8453264 4.9491439 0.098135628 181.5
-7.8712368 5.5522637 0.077540584 168.42253
-7.8709254 5.65802 0.086207598 165.64473
-7.8033686 5.7502952 0.09588334 163.38028
-7.8000693 1.4035865 0.19703296 150.625
-7.8825021 1.5270256 0.10497245 169.5
-7.8357987 1.6088287 0.10140941 162
-7.8112187 2.2060013 0.11100903 140
-7.8519063 3.0701435 0.1033975 176.13333
-7.8326249 3.2383792 0.11113112 184.60001
-7.8447218 3.3418534 0.11489061 189
-7.8984461 3.4547524 0.10663084 187.39999
-7.8326664 3.5612826 0.10686757 180.75
-7.833571 3.6345103 0.10621022 175.66666
-7.8456264 4.6600108 0.19098343 134.66667
-7.8481207 4.7489686 0.14852846 135.33333
-7.8664932 4.8546219 0.15742068 144.5
-7.8643126 4.9290862 0.16668275 150.1111
-7.8474131 5.0601449 0.16006848 166.31667
-7.8413301 5.1455784 0.15436716 184.93498
-7.8358688 5.2397871 0.16758922 180.20728
-7.8521662 5.3463416 0.1559644 167.44464
-7.8561535 5.4529276 0.14942677 159.11198
-7.8697028 5.5651627 0.17562966 148.27434
-7.8425431 5.6378694 0.17632753 163.37059
-7.8421926 5.7499466 0.1401248 164.46729
-7.8441601 5.8430033 0.14295124 161.97643
-7.8545952 5.9380555 0.16477524 158.31636
-7.8394604 6.0371532 0.14706455 156.50348
-7.8359566 6.1303854 0.16749191 159.52039
-7.8226357 6.2340312 0.1655692 174.05667
-7.8460197 6.3270316 0.17141262 189.44446
-7.8258138 2.9271119 0.25490889 128.11403
-7.8629832 4.7684093 0.20462775 144.5
-7.853713 4.862071 0.20975882 155.55
-7.8496161 4.9565082 0.24559376 98.599998
-7.8123293 5.0417857 0.22689204 165.59091
-7.8093386 5.1823778 0.26402923 185
-7.8906631 5.2667437 0.24294594 176.24249
-7.8671961 5.3430681 0.24833085 174.993
-7.8587661 5.4687171 0.2329713 149.89197
-7.8647065 5.5291562 0.25487813 154.47803
-7.8700957 5.6666799 0.26360485 154.33333
-7.8593216 5.7420807 0.24200322 177.57043
-7.8404279 5.8453541 0.25305957 135.07408
-7.8828263 5.9610648 0.23312576 188.61111
-7.8684716 6.0392127 0.21364012 163.45203
-7.8684688 6.1527605 0.23247042 184.19168
-7.8693452 6.2390056 0.25524327 176.32639
-7.8589125 6.3321495 0.25500563 195.56624
-7.8426008 5.7734714 0.39592937 138
-7.8471413 5.8647957 0.3384777 173.82652
-7.8441682 5.9644275 0.3273215 174.67188
-7.8326902 6.0498571 0.33322123 184.75
-7.8476176 6.1176715 0.34219551 183.28363
-7.8454366 6.2619123 0.37532964 192.68811
-7.8599997 6.3369069 0.34904894 194.77197
-7.8452072 6.4156528 0.3715376 198
-7.8544655 5.7741203 0.41859624 122.15385
-7.8263907 6.2918677 0.45090032 200.27777
-7.8595457 6.3580537 0.41726673 196.92308
-7.8244305 6.425168 0.40964189 207.66667
-7.8293371 6.2989569 0.50970578 203.90909
-7.7174382 1.115487 0.054728866 130
-7.7283058 1.2567147 0.035779547 147.09196
-7.7188711 1.3609958 0.027394863 154.72667
-7.7504511 1.4660242 0.049173169 174.10733
-7.7423449 1.5308741 0.03908797 157.87985
-7.7468262 1.6715225 0.045526169 182.37692
-7.7003422 1.7265038 0.025172224 196.25
-7.7351685 1.8480767 0.065500878 131.99524
-7.74544 1.9421887 0.07300809 135.48889
-7.7476554 2.072252 0.064864099 130.54167
-7.7559533 2.1547868 0.054211307 154.28571
-7.761734 2.258707 0.057465501 151.89899
-7.7409549 2.3612289 0.060694911 150.88947
-7.7674789 2.4941938 0.057679962 148.38235
-7.7651687 2.5910687 0.05652165 149.89999
-7.737536 2.6676862 0.051445529 152.72728
-7.7914052 2.7690601 0.083827548 162.39999
-7.7798767 2.8340366 0.084326066 163.20454
-7.7631373 2.9187641 0.067757443 157.76611
-7.7338791 3.0504425 0.064271443 165.25502
-7.7595406 3.1448872 0.072586104 174.55313
-7.7281613 3.2305958 0.075091593 175.26762
-7.748198 3.3466144 0.083573721 179.04546
-7.7185516 3.4395454 0.072807245 167.57777
-7.7709045 3.5523205 0.079333022 161.92592
-7.7265167 3.7534411 0.095401011 173
-7.7299757 4.8679771 0.0904487 174
-7.7353435 4.9381008 0.093835689 180.25
-7.7731385 5.5465722 0.079372063 168.65958
-7.7468905 5.6295404 0.095487535 161.91278
-7.7806196 5.8405366 0.094187036 163.30962
-7.7754717 1.438659 0.16662693 162
-7.7642741 1.8905735 0.11153948 108.42857
-7.7838588 2.1694152 0.10418111 109
-7.7409468 3.2333896 0.10031095 181.82608
-7.7287397 3.3501706 0.11549885 187.7
-7.7344513 3.4563129 0.13239287 141.83334
-7.7168169 3.5252559 0.11585259 173.16667
-7.7325301 3.6128752 0.10636082 175
-7.7450933 3.7987468 0.10200518 166
-7.7084975 4.6559892 0.19730003 136
-7.723156 4.765811 0.14956883 153.875
-7.7542419 4.8437982 0.15999492 161
-7.7398705 4.9408536 0.16531742 166.81667
-7.7431393 5.0446596 0.16186912 164.16666
-7.7635579 5.1341729 0.16434357 181.49603
-7.7457657 5.2625623 0.15555425 169.64285
-7.7643318 5.3302579 0.15236326 159.10934
-7.7496719 5.460968 0.16021053 152.63351
-7.7937012 5.5487843 0.16871601 153.44412
-7.7739511 5.6030555 0.19294263 121
-7.7886052 5.7355895 0.17152193 162.48917
-7.7629914 5.8548532 0.16995609 154.59267
-7.7547631 5.9351897 0.15527955 154.78224
-7.7406068 6.0365319 0.14090449 153.10126
-7.7335711 6.1256971 0.16499855 158.63571
-7.736587 6.2385983 0.16265677 175.36111
-7.7151623 6.3168936 0.17518368 187.89285
-7.7930069 1.8758738 0.20535083 61.125
-7.7607269 2.9664989 0.24202302 142.55331
-7.7321353 3.5502565 0.2333556 187.98334
-7.756968 3.6667035 0.24382469 158.5
-7.7400794 4.7575941 0.20642333 141.66667
-7.7607832 4.8205447 0.20779504 145
-7.7944937 4.9284387 0.21676949 160.16667
-7.7695622 5.0439925 0.25261649 149.70834
-7.7624784 5.143671 0.23992471 173.65707
-7.7803984 5.2493649 0.24284226 175.68333
-7.7615485 5.3444266 0.23297398 167.1311
-7.76126 5.4365859 0.24041213 159.1801
-7.7628255 5.5703821 0.260297 173.52084
-7.747498 5.6725001 0.27262521 173.0625
-7.7465754 5.7265186 0.246958 145.88889
-7.767108 5.8327703 0.2404772 170.675
-7.7479458 5.9202781 0.23562333 173.16666
-7.7824845 6.0440664 0.22998242 176.2565
-7.7423263 6.1619802 0.23850177 183.25735
-7.7584863 6.2358527 0.25012738 182.72247
-7.752378 6.3287158 0.25427604 193.27544
-7.7849369 5.162045 0.36458629 186.16965
-7.7407594 5.5129108 0.32211316 120.61283
-7.7569489 5.7474508 0.32548746 176.07143
-7.7631583 5.8298335 0.34390536 175
-7.7395167 5.9279552 0.32017115 167.93056
-7.7548189 6.0430517 0.33278099 174.06349
-7.7412305 6.1585412 0.34811601 172.90475
-7.732811 6.2578087 0.36969548 193.32727
-7.7519364 6.3502927 0.34033751 191.22432
-7.7305326 5.1210699 0.42925891 141
-7.7831283 5.7831235 0.42550308 140.5
-7.7636671 5.8601661 0.45755523 174
-7.7258968 6.2798796 0.41166759 197.66667
-7.7569757 6.3430009 0.41146597 201.50952
-7.7930789 6.4445796 0.45625889 206.60001
-7.7582245 6.28931 0.52049893 203.85715
-7.779881 6.4350615 0.51413882 205.28572
-7.6419735 1.1275417 0.044263154 142.83333
-7.6375566 1.2545009 0.035893824 159.13597
-7.6380129 1.3580745 0.035631884 160.06482
-7.6296005 1.421298 0.039390288 173.09488
-7.6283302 1.5240448 0.029353248 176.5977
-7.6590996 1.6175771 0.037226871 185.65138
-7.6443343 1.7486291 0.066027313 167.21896
-7.6295047 1.8172791 0.067872182 151.41667
-7.6461287 1.9612707 0.064319789 132.22025
-7.6795592 2.0429471 0.086832523 127.05556
-7.6491752 2.1488333 0.06006676 139.76462
-7.6471915 2.259032 0.065976791 160.9537
-7.6367807 2.374064 0.066664554 162.18019
-7.6489234 2.4759007 0.07391008 154.21428
-7.641521 2.548557 0.06807147 141.89667
-7.6639156 2.6209869 0.068059281 144.51949
-7.6628017 2.768851 0.029168062 168.81334
-7.6813173 2.827235 0.062478017 162.55034
-7.6440845 2.9545605 0.070903577 155.30243
-7.6566215 3.0472562 0.05191287 169.92108
-7.6399345 3.1399877 0.08571256 163.84285
-7.6564236 3.2866483 0.081625752 175.63333
-7.6515799 3.3571355 0.057594996 192.2
-7.6582217 3.4495299 0.066703804 176.89999
-7.6590753 3.5501044 0.087699383 183.53333
-7.6970711 3.6705685 0.099766321 178.75
-7.6296477 3.7339792 0.099211983 171
-7.6236258 4.9466782 0.092055224 180.5
-7.6952014 5.0475483 0.098558567 190.5
-7.6788402 5.3347774 0.099217825 181.04167
-7.6779251 5.4530058 0.097922124 174.2973
-7.6965213 5.5344944 0.078788534 170.03572
-7.6738224 5.8702402 0.098759934 158.83018
-7.6326556 1.9175642 0.15499982 123.17857
-7.6385794 2.1937547 0.1042785 150
-7.6564569 2.2105579 0.13035488 143
-7.6247644 2.889724 0.13527162 123.2
-7.685688 2.9369752 0.17190757 133.20692
-7.6335688 3.2466648 0.10346543 182
-7.6220179 3.326333 0.11696992 187.27272
-7.6650281 3.4143698 0.11213773 185.51851
-7.6150045 3.5137007 0.10817751 189.39999
-7.6231122 3.6252301 0.10637718 178.75
-7.6199684 3.7761009 0.10483906 170.875
-7.6196709 4.8518448 0.15587728 165.33333
-7.6453691 4.9338117 0.15881708 165.5125
-7.6458197 5.0518885 0.16058685 188.39999
-7.6588984 5.1378651 0.15541756 188.79465
-7.6505899 5.234529 0.15511781 180.87802
-7.6604905 5.3295259 0.16732755 175.78081
-7.6285591 5.4504275 0.15093602 161.30832
-7.6513834 5.5109043 0.14575395 168.63043
-7.6545715 5.6429801 0.18408111 141.63245
-7.6814055 5.7382436 0.18214916 165.06375
-7.6218605 5.8630786 0.12113433 157.5658
-7.6590066 5.9330773 0.14859477 152.9953
-7.6413546 6.0278759 0.13750951 150.47916
-7.6431723 6.1226354 0.15478455 158.70456
-7.6282864 6.2316036 0.16133642 175.13664
-7.630476 6.3241296 0.17493638 186.75
-7.6280923 1.4653996 0.22840089 147.5
-7.6476774 1.9430121 0.2403851 56.25
-7.6015115 4.7391071 0.21023509 135
-7.6520586 4.8478932 0.21857275 143.8
-7.6982107 4.9454713 0.22283706 150.83333
-7.6397386 5.0420165 0.24703769 158.25
-7.6318936 5.1651039 0.26021391 135.03334
-7.6641989 5.2268076 0.23681715 157.02354
-7.6902208 5.3677144 0.22628583 168.03125
-7.6802897 5.4269319 0.25920013 166.39999
-7.6887479 5.5693336 0.26551908 173.39999
-7.6570783 5.6200404 0.27313155 170.72116
-7.6314573 5.7176719 0.25129563 155.57143
-7.6542306 5.8396158 0.22910859 163.84045
-7.6441956 5.9460759 0.23469387 155.80809
-7.6634202 6.0373125 0.23359554 167.42357
-7.6755128 6.1528125 0.23570956 178.60098
-7.6333899 6.2295241 0.24874793 179.71701
-7.6456599 6.3501787 0.25209895 191.77107
-7.692029 3.5009465 0.3088938 181.85715
-7.6702685 4.7191243 0.37227517 209
-7.6598277 5.0717816 0.38734272 155.25
-7.6928763 5.1351151 0.33799982 167.08334
-7.6868963 5.8143249 0.31547254 189.75
-7.6425438 5.9418597 0.31472507 161.04167
-7.6446357 6.0488629 0.32852829 160.74167
-7.6264987 6.1473446 0.35197577 177.28445
-7.6415715 6.2490029 0.35623601 170.96667
-7.6505122 6.335072 0.34874615 197.61081
-7.6667914 6.424015 0.38226876 209
-7.6965165 5.0549555 0.43711078 168.88889
-7.674509 6.3434725 0.4581584 201.3373
-7.6335077 6.4342051 0.44346452 208.625
-7.6317339 5.902729 0.50927073 209
-7.512599 0.45970675 0.089707047 156.59525
-7.5201397 1.1458596 0.054882631 160
-7.5197701 1.2555153 0.049265843 162.40477
-7.5350509 1.3665488 0.031279985 168.13622
-7.5231586 1.4467453 0.037536167 166.68425
-7.5429091 1.5436835 0.0392753 176.26013
-7.5461864 1.6415018 0.04060993 182.37587
-7.543838 1.7489091 0.050510947 178.47775
-7.544425 1.8546484 0.053139672 163.77554
-7.5375872 1.9574207 0.072056897 116.18333
-7.5630808 2.0563726 0.084741943 135.91666
-7.5383554 2.1597288 0.064589068 150.75
-7.5581799 2.2693901 0.069412775 161.91237
-7.53369 2.3601215 0.06261 165.16428
-7.5436845 2.4633815 0.065364338 151.67557
-7.5409684 2.5650942 0.056900993 148.63081
-7.5151196 2.6148601 0.059219152 134.19565
-7.5402317 2.7447398 0.058010846 145.73273
-7.5456715 2.8434653 0.053051576 138.51572
-7.5418372 2.9426563 0.068607531 159.3466
-7.5447631 3.0605898 0.059508801 151.71332
-7.544127 3.1644619 0.080495164 171.98766
-7.5608196 3.2697175 0.085229151 176.02315
-7.5559239 3.357651 0.072881564 165.5
-7.5957398 3.4679537 0.072980329 180.6111
-7.5561523 3.5810573 0.096989304 191.2
-7.5993032 4.82972 0.08564835 168.75
-7.5061088 4.95084 0.09278667 176.25
-7.5599813 5.0406351 0.093804851 185
-7.567946 5.1229668 0.094224282 190.5
-7.571589 0.36847693 0.16284175 203.83333
-7.5457392 0.41572028 0.14027254 205.33333
-7.5648475 1.9192615 0.1628031 129
-7.5711589 2.0137281 0.14810094 105.6
-7.5626764 2.1230512 0.11612154 149.11111
-7.5027752 2.2100027 0.10442927 137.2
-7.5432696 3.3767266 0.11303519 188.10417
-7.5210681 3.5063756 0.11398469 190.66667
-7.535471 3.6568327 0.10906056 177.27777
-7.5774384 4.7418704 0.15325469 143.22223
-7.5031099 4.8367262 0.15199812 165.5
-7.5371375 4.9392886 0.15305899 169.68333
-7.5582438 5.0344067 0.16295521 165.60416
-7.5504327 5.1437645 0.15839793 173.66667
-7.5458426 5.2292428 0.14149323 180.66026
-7.5408263 5.3309164 0.15258248 175.29773
-7.5656586 5.4447479 0.17410776 152.38889
-7.5532155 5.5311165 0.118114 164.52831
-7.5282645 5.622014 0.13399567 162.56717
-7.5497856 5.7156668 0.15252899 164.62811
-7.5600033 5.8108492 0.16101095 163.59213
-7.5579057 5.9305611 0.14973719 155.19724
-7.5556726 6.024251 0.12566811 151.90735
-7.552496 6.1203966 0.15549962 161.6375
-7.530529 6.2464504 0.1581383 173.42592
-7.5488009 6.3497581 0.16977961 185.98572
-7.5233512 1.4267111 0.21605885 128.90909
-7.5198431 1.9726062 0.2157989 128.2
-7.5920887 2.0022581 0.23211145 131.45454
-7.5610662 4.6692729 0.23618317 122.875
-7.5024581 4.8207455 0.22512262 140.66667
-7.5561161 4.945116 0.23589113 144.97223
-7.5208039 5.030591 0.24077743 143
-7.5923624 5.1619782 0.2518034 161
-7.5061398 5.2381988 0.26568964 150.81818
-7.550384 5.3474827 0.2553854 172.4375
-7.5698762 5.4353108 0.24533209 159.16666
-7.5519037 5.5261254 0.24663731 165.5
-7.5594721 5.6264796 0.26694086 165.41666
-7.5407476 5.7646313 0.21918997 148.36359
-7.5662026 5.8534474 0.22425839 158.10814
-7.5516834 5.9414868 0.24659029 150.52682
-7.5591483 6.0341134 0.24066624 167.42549
-7.552268 6.1432071 0.25262558 172.78879
-7.5779614 6.2340159 0.26638791 177.10832
-7.5378675 6.3551607 0.25018662 188.66325
-7.5195298 6.4006505 0.27171737 199
-7.5145292 5.0695539 0.35251737 191.66666
-7.5905743 5.7287002 0.30138949 182.66667
-7.5902615 5.8296323 0.31282812 184.8
-7.5188236 5.9535966 0.32273665 123.75
-7.5583534 6.0431976 0.33821255 186.39999
-7.5297194 6.1348848 0.34854993 153.44444
-7.5278826 6.2490091 0.35316023 174.90279
-7.5545897 6.3407893 0.35113984 189.30011
-7.5063252 6.4001231 0.32263678 197.88889
-7.5282645 6.0227509 0.46819291 213
-7.5303869 6.2646174 0.42137921 198
-7.566134 6.3403778 0.45013347 201.74591
-7.5993428 6.4488564 0.49530306 208.5
-7.404624 0.32997265 0.023858672 197
-7.4993172 0.44426522 0.026241675 198.33333
-7.4464269 0.53544188 0.035177555 196.33334
-7.4220028 0.65311968 0.047025219 192
-7.4550381 1.1562406 0.046571162 166.66666
-7.4193025 1.2503682 0.056640472 169.17691
-7.4226255 1.3453097 0.050072279 167.43462
-7.4157224 1.4449859 0.048942711 168.97058
-7.4341383 1.5553727 0.031363823 175.37288
-7.4447002 1.6502459 0.038666341 181.3363
-7.4271369 1.7396399 0.050843131 181.16287
-7.429584 1.8619543 0.054299142 156.88889
-7.416007 1.9463265 0.086955167 133.5
-7.4538193 2.0760419 0.071333468 136.26071
-7.4544821 2.1617479 0.076469794 144.97501
-7.4420967 2.2397354 0.072063498 159.24319
-7.4571013 2.362694 0.061513711 152.42448
-7.4533482 2.4722047 0.058439344 146.74933
-7.4285355 2.5533733 0.056796771 156.75542
-7.4431243 2.6471469 0.041697379 155.47191
-7.471909 2.7523191 0.061058335 139.67453
-7.437448 2.8662548 0.041257538 120.33334
-7.4286246 2.9648361 0.066302538 159.02705
-7.4337482 3.0467682 0.046672676 142.42242
-7.4316597 3.153888 0.071556062 165.79199
-7.4991021 3.2965126 0.081729725 180.625
-7.4745226 3.7839224 0.097318254 176
-7.4682717 4.8392344 0.082549103 169.33333
-7.4099092 5.0132489 0.08988066 181.8
-7.4652519 5.1240773 0.096524119 180.66667
-7.4558816 5.9610229 0.096175201 165.95454
-7.46455 1.4161944 0.13903056 137.96465
-7.4567566 1.9264681 0.1379451 109.85834
-7.4730215 2.0051534 0.14601028 104.22222
-7.4786735 2.1101983 0.11698452 141.25
-7.4570823 2.2870412 0.1028517 176
-7.4003778 2.373847 0.10594591 164.25
-7.403903 3.3858764 0.1060691 186.85715
-7.479804 3.467696 0.10915998 190.125
-7.456212 3.5780551 0.1001638 190.75
-7.4663534 3.6836836 0.10148852 180.60001
-7.4380598 4.7509127 0.15744101 147.33334
-7.4339018 4.8570652 0.17520303 150
-7.4957051 4.9241829 0.14885375 165.60001
-7.4558525 5.015873 0.15348217 165.75
-7.4606371 5.1366158 0.16918629 163.1875
-7.4345107 5.2299504 0.16858928 166.78244
-7.4569778 5.3125691 0.1637539 172.55455
-7.4331131 5.4275551 0.16915935 165.29216
-7.4339042 5.5250473 0.16095363 159.60458
-7.4500656 5.6512966 0.17332198 161.95021
-7.4731493 5.7616496 0.16396996 161.24788
-7.4782581 5.8227119 0.16457519 158.28453
-7.4495277 5.9142709 0.15449686 155.84694
-7.4464073 6.0155497 0.1323934 160.4649
-7.4442682 6.1224976 0.17683654 159.50139
-7.4460349 6.2221246 0.16300511 169.52788
-7.4580231 6.3463373 0.17024808 176.46429
-7.4472771 1.9639498 0.2243481 104
-7.4388189 4.7221642 0.22183621 132.2
-7.4447203 4.9449511 0.23039247 147.86667
-7.4988112 5.0708361 0.23599257 163.75
-7.4407139 5.1361642 0.25623357 147.79428
-7.4616642 5.3706861 0.26662877 159
-7.4559369 5.5387144 0.27981463 133.85417
-7.4644251 5.6239281 0.24748616 151.96135
-7.4529443 5.7506065 0.22986564 146.65784
-7.445631 5.8441167 0.25628543 142.31528
-7.4508352 5.95575 0.2388231 158.12633
-7.4477201 6.0468416 0.24204263 164.68518
-7.4756746 6.1292372 0.2533299 171.60596
-7.4642768 6.2363467 0.24586579 173.4996
-7.4484324 6.3361969 0.26088226 188.72029
-7.4659204 4.9298892 0.34075665 45.5
-7.4391184 5.0302377 0.33989733 183.31667
-7.4439111 5.1055608 0.31108752 93
-7.4027495 5.5582438 0.31016061 118
-7.4851074 5.7310276 0.30766204 167
-7.4471312 5.8279576 0.33825487 138.65909
-7.4303188 6.1617823 0.34534878 157.83333
-7.4624481 6.2433267 0.3743445 138.5
-7.4481297 6.3373437 0.34060034 197.91615
-7.4202938 6.4477305 0.37720916 213
-7.489419 6.2977924 0.4099735 196
-7.4540868 6.341753 0.43611628 200.47609
-7.417665 6.4373021 0.41653973 209
-7.3487482 0.68752468 -0.029269069 192
-7.3150234 0.73755741 -0.032804184 192
-7.3938489 0.38768023 0.036416035 199
-7.3809862 0.42900559 0.029044406 199
-7.3522401 0.54495406 0.031682581 194.60001
-7.3299475 0.65442121 0.049557332 191.83334
-7.3491492 0.76036501 0.050670363 187.29333
-7.3147492 0.82704204 0.033217974 181.88889
-7.3037276 0.91292351 0.045760199 177.6875
-7.3606758 1.1709032 0.043765303 170
-7.3452797 1.2211219 0.057590697 181
-7.3444018 1.3435338 0.046539504 170.53772
-7.324667 1.4517951 0.043806925 176.2608
-7.3501539 1.5580685 0.028594179 174.63094
-7.3340893 1.6483755 0.038509998 182.21906
-7.3527355 1.752104 0.033167098 180.18382
-7.3330421 1.8205544 0.051260397 181.12776
-7.3285685 1.9348871 0.062954061 130.00476
-7.3471074 2.0595901 0.086031951 137.57143
-7.3398275 2.1417847 0.068623044 156.50626
-7.3425031 2.2529557 0.058755863 155.62883
-7.3714356 2.3599904 0.043790568 161.72708
-7.3595834 2.453717 0.061608583 160.34444
-7.3426619 2.5621419 0.0491983 149.38643
-7.3375301 2.659404 0.050411295 151.13702
-7.3487244 2.7648742 0.061598461 153.09061
-7.3627219 2.8656416 0.046600133 148.65884
-7.3430495 2.975884 0.048437294 146.7757
-7.3088822 3.1643307 0.089943521 175.75999
-7.3965411 3.2963922 0.08737649 180.61539
-7.3244247 4.844173 0.084283769 163.5
-7.3729506 4.9392853 0.085573152 173
-7.3440723 1.9359912 0.16087793 111.7037
-7.3742437 2.0229781 0.13484134 102.66666
-7.3604536 2.1531665 0.12903886 125.02182
-7.3798237 2.2463875 0.11202206 145.33333
-7.3413019 2.3499603 0.10806172 170.7738
-7.3151379 2.4852259 0.10854458 150.19547
-7.3754182 2.5385923 0.14645955 131.87627
-7.3124804 3.3443074 0.14376734 160.59999
-7.3661952 3.4648607 0.11205325 191.2
-7.3612776 3.5700819 0.10848742 190.8
-7.3567295 3.6844594 0.10773168 183.75
-7.3849812 4.7253318 0.14114034 139
-7.3487797 4.8577642 0.14357549 164.125
-7.3614416 4.9325662 0.15600756 163.16666
-7.3338518 5.0383644 0.15374923 173.41667
-7.3460393 5.1439376 0.16336207 171.1942
-7.3607864 5.2508044 0.15534295 185.47282
-7.3526735 5.3370304 0.177229 168.80786
-7.3261271 5.4074044 0.16339257 163.68918
-7.3206363 5.539928 0.15749864 165.96365
-7.331171 5.64008 0.16026196 160.32291
-7.3371625 5.7476068 0.19332005 151.94595
-7.3123631 5.9189038 0.18019027 156.84146
-7.3432722 6.0396852 0.13878131 160.70963
-7.3332438 6.1104412 0.18061574 158.36749
-7.3435373 6.2321463 0.17308788 164.74677
-7.3723226 6.3638759 0.15777402 159
-7.3427711 1.9823577 0.23167929 92.857147
-7.3457384 4.8211718 0.2275272 134.75
-7.3352685 4.9954262 0.25423357 144
-7.3903542 5.141427 0.24180569 124.7
-7.3909936 5.345746 0.26819578 146.25
-7.3505201 5.4724145 0.23958926 153.44444
-7.3499212 5.5829616 0.27296335 133.5
-7.375062 5.6071286 0.29551443 146.66667
-7.339694 5.8419704 0.21518907 158.62007
-7.3686328 5.9600687 0.23673432 157.55627
-7.3579803 6.0277357 0.23980108 161.59395
-7.370194 6.1469102 0.25538611 170.05499
-7.3744998 6.2564316 0.25688726 174.74643
-7.3446956 6.3281298 0.24027878 183.07834
-7.3188486 2.227102 0.32779816 90
-7.3536406 5.5574985 0.3067168 132.57692
-7.3780861 5.7341623 0.30777654 146.66667
-7.3794661 5.860424 0.32400098 147.25
-7.3802543 5.9646792 0.33824867 131
-7.3265705 6.2649965 0.36687353 199.375
-7.3515439 6.3314023 0.34501183 189.31496
-7.3874283 6.4151206 0.31604552 201
-7.3326921 6.3343534 0.43975672 201.59999
-7.3583932 6.418395 0.41727832 200.27272
-7.233758 0.55869114 -0.039559685 186.33333
-7.2560802 0.66126376 -0.034766078 192.60001
-7.2001548 0.76235622 -0.022708297 189.66667
-7.2267261 0.83925337 -0.013269523 187.25
-7.269856 0.3713294 0.029043296 198.66667
-7.2606878 0.44412783 0.027274825 198.5
-7.2521839 0.53412712 0.033852179 196.2
-7.2323961 0.65985429 0.050901838 191.25
-7.2062492 0.76225227 0.056791954 187.3625
-7.2182512 0.82299489 0.033786695 181.5
-7.2156987 0.93623286 0.031677332 176.39999
-7.2328482 1.1770327 0.05230185 165.85997
-7.2470579 1.2792397 0.062568873 165.35001
-7.2242465 1.3235595 0.056002732 164.90909
-7.2375875 1.4465212 0.034451488 171.82922
-7.2402897 1.5504688 0.019589156 179.05595
-7.246171 1.6301863 0.04442481 164.95279
-7.2469149 1.7434765 0.039558552 171.93954
-7.2331681 1.8570923 0.058803145 149.11905
-7.232965 1.9508252 0.058039974 154.30002
-7.2394609 2.0623031 0.068352588 148.69
-7.252718 2.1375234 0.068006001 158.65477
-7.2488852 2.2646391 0.05586458 167.00198
-7.2461567 2.380322 0.038974024 169.7274
-7.262311 2.467032 0.038595263 156.73125
-7.2450695 2.5606501 0.047749594 147.45601
-7.2434907 2.648798 0.040536836 150.45717
-7.2357955 2.7397447 0.044474509 152.55533
-7.2369995 2.8263171 0.04178413 144.25
-7.2585831 2.9417555 0.039390426 139
-7.263329 3.0598876 0.054524314 167.82184
-7.2838345 3.2716362 0.093861192 180.8
-7.278595 1.0671973 0.1513999 131.5
-7.2630591 1.1134921 0.16694899 120.03571
-7.2105556 1.9575808 0.17990658 125.5
-7.2938232 2.0844924 0.1389012 133.60001
-7.2247677 2.1645317 0.1084592 149.8
-7.2469349 2.2534778 0.10253679 156.75
-7.2285395 2.3781569 0.11120982 169.3
-7.2178373 2.4541156 0.11191157 144.84616
-7.2674036 2.559047 0.10978087 142.01573
-7.211339 2.6733792 0.10897172 146.25
-7.2060928 3.2640584 0.10884175 183.75
-7.266736 3.5737267 0.11525729 188.5
-7.2518449 3.662904 0.11552612 183.33333
-7.2662439 4.7595825 0.14260441 139.91667
-7.2863398 4.83323 0.1569014 135.75
-7.2513361 4.9522681 0.1570002 159.69583
-7.2458839 5.0527372 0.15257548 175.82565
-7.2388725 5.1294947 0.16368948 191
-7.2467046 5.2306385 0.16135217 184.30589
-7.2332358 5.3383069 0.17369355 177.83012
-7.238831 5.43047 0.17026603 167.60115
-7.2334585 5.5373125 0.15916492 159.21449
-7.2470407 5.6439877 0.17111146 160.80469
-7.2315269 5.7639079 0.18422076 157.92647
-7.2439561 5.8346372 0.17399161 162.00301
-7.2127714 5.9057107 0.1805079 161.35898
-7.2224851 6.0414033 0.17021689 150.63426
-7.2968717 6.1007071 0.18393007 137.75
-7.2462225 6.2481799 0.19754305 165.375
-7.2468982 6.3618493 0.17290281 168.2361
-7.2326856 4.6874018 0.22442441 122.5
-7.2889376 4.7550073 0.22982004 125.5
-7.225872 4.8926787 0.23866303 134.2
-7.2954302 4.956646 0.24159023 143
-7.2883024 5.0999174 0.25627339 146.2
-7.2804198 5.3066769 0.27253878 129
-7.2848339 5.4571595 0.28855476 129
-7.2629147 5.5408659 0.27177912 156.33333
-7.2430429 5.8636951 0.2000211 151.06154
-7.2429175 5.9458966 0.23333718 153.6207
-7.258697 6.0398498 0.26964089 152.88734
-7.2509809 6.1219792 0.2501789 156.19556
-7.2536736 6.2439647 0.25363269 169.925
-7.2436595 6.3304043 0.24482395 187.44513
-7.2682114 5.5923076 0.31683174 124.26812
-7.2946563 5.7355552 0.31649721 127.33334
-7.2498479 5.8666625 0.33928043 132.10938
-7.2626352 6.1013885 0.31141758 167
-7.2585778 6.3364582 0.32610062 191.2836
-7.2665191 6.4010015 0.320216 202.60001
-7.2621064 6.2980008 0.40520433 194.4875
-7.2422481 6.4039063 0.40073043 202.85715
-7.1192441 0.4465521 -0.040040396 182
-7.1178226 0.54231411 -0.037129074 188.8
-7.1756015 0.62067074 -0.036821879 192
-7.133924 0.71116704 -0.008162451 181
-7.1044235 0.85546225 -0.014528465 179.8421
-7.1476278 0.93211883 -0.01943275 173.675
-7.1392655 1.3894007 -0.038136829 171.5
-7.1624489 1.4422947 -0.0067039332 176.15686
-7.1493645 0.3875573 0.028248547 198
-7.1483994 0.42530176 0.023840869 199.33333
-7.1538811 0.53555566 0.036093801 195.60001
-7.1469193 0.65891033 0.053547345 192.25
-7.1002369 0.71964729 0.051388402 189.5
-7.1253533 0.82368869 0.040194008 183.04167
-7.1232901 0.95195049 0.039265331 177.86667
-7.1532588 1.0390618 0.020373939 171.33018
-7.1226001 1.1453884 0.032058295 169.10417
-7.1475658 1.2247764 0.038357433 168.78682
-7.1609726 1.3264853 0.032091264 169.88678
-7.127965 1.4252613 0.035592806 173.15152
-7.135911 1.5391426 0.019889863 175.38889
-7.1488338 1.6357809 0.039623272 176.69272
-7.1343961 1.7542061 0.055698041 160.56871
-7.1457047 1.8246223 0.053608537 181.70833
-7.1378288 1.9458015 0.057359338 149.60919
-7.1459637 2.0621138 0.062239677 156.29445
-7.1429954 2.1401582 0.068138391 148.9966
-7.1390495 2.2491453 0.070584349 168.6756
-7.127769 2.3533092 0.063249543 161.83154
-7.1580071 2.4502373 0.048868336 152.03519
-7.1509109 2.5503662 0.052489728 149.179
-7.1531258 2.6484182 0.044419203 152.97997
-7.1482472 2.7251585 0.062620908 150.03409
-7.1591544 2.8108644 0.041474942 145
-7.1615896 2.9094982 0.040919643 148
-7.1997728 3.176553 0.088908762 178.96001
-7.1139116 3.2472291 0.069287673 185.875
-7.1098671 3.340229 0.070732348 189.60001
-7.1411538 3.4534254 0.061307553 187.25
-7.1567612 3.5578492 0.06456092 176
-7.1747022 3.6854527 0.064071611 166.33333
-7.109972 1.9697838 0.16381134 124.125
-7.1833897 2.1731713 0.10433368 129
-7.1497335 2.382267 0.11316355 166
-7.1534634 2.454211 0.11199676 166.3
-7.152215 2.5667984 0.12276701 154.69643
-7.162344 2.6477911 0.12597853 150.25
-7.1558356 2.7340739 0.12222686 147.17949
-7.1345663 3.2470586 0.1089058 184.33334
-7.1540298 3.3627319 0.11351541 189.625
-7.1902418 3.4882004 0.10794402 192.39999
-7.1673756 3.5694809 0.11508756 183.25
-7.1486025 3.6318338 0.11568591 180
-7.1194963 4.6986465 0.15380551 132.25
-7.1518888 4.753253 0.18506382 179.66667
-7.1501002 4.8554273 0.15235996 162.75
-7.1539316 4.962585 0.15309201 162.20357
-7.1366386 5.0550432 0.15095754 173.01666
-7.1474752 5.1367769 0.17528737 171.2578
-7.1329575 5.2433038 0.17670305 178.97977
-7.1622128 5.3546472 0.16974637 174.14716
-7.1477389 5.4521441 0.17780344 165.10806
-7.1598439 5.5585046 0.16797878 163.9236
-7.1378832 5.6397181 0.16829467 160.53024
-7.1627078 5.7344036 0.18120211 158.70239
-7.1445251 5.8520136 0.18646523 156.40199
-7.1381016 6.048296 0.17660443 151.71552
-7.1076965 6.1142187 0.15213238 149
-7.1314673 6.3291969 0.17782852 157.5
-7.1210938 1.9969232 0.21636024 145.75
-7.123992 4.8349409 0.2561399 143.55556
-7.1232257 4.9823108 0.25168237 127.66666
-7.1450057 5.0394039 0.24590763 163.95
-7.1690536 5.2674999 0.27104664 117.5
-7.1475911 5.4268675 0.29028606 113.5
-7.1611328 5.5088773 0.24803016 149.0641
-7.1729693 5.9546418 0.22703291 154.125
-7.1430159 6.0874152 0.22264934 166.2317
-7.1788707 6.1531892 0.25872871 160
-7.149941 6.2355838 0.2473326 170.31819
-7.1853814 6.3304563 0.26566678 183.57777
-7.1785378 6.4088035 0.2627869 200
-7.1066375 5.0127416 0.38547409 182.125
-7.1212497 5.4958668 0.32909998 133.69048
-7.1384249 5.5863657 0.32383463 119.92857
-7.151504 5.7395492 0.31841791 113.5
-7.1828456 5.8889384 0.33593249 116.66666
-7.1703553 6.2985549 0.31981328 199
-7.1458421 6.3475413 0.34354618 199.16667
-7.1089087 6.4050117 0.32237601 207.625
-7.1757703 6.3081708 0.41690499 192.9129
-7.0073733 0.43300802 -0.037216198 182.39999
-7.0252266 0.55044758 -0.037446696 190.71428
-7.0344944 0.63019514 -0.034493208 191.33333
-7.0315394 0.71902162 -0.028059958 188.25
-7.0119214 0.83615416 -0.030573566 180.76471
-7.019495 0.94710547 -0.024255035 168.26086
-7.0436482 1.0335256 -0.046188336 169.85316
-7.0680375 1.1056893 -0.067165039 169.75
-7.0685654 1.3637897 -0.022415793 169.82759
-7.0808058 1.4351676 -0.032964449 170.94
-7.0751867 1.5312123 -0.014486501 175.19643
-7.0442142 0.48514563 0.037234142 199
-7.0546513 0.55055112 0.039273083 196.2
-7.0075698 0.72834164 0.054702293 191.42857
-7.0494995 0.83402151 0.041555539 147.02083
-7.0112724 0.92924291 0.059041861 163.28125
-7.0268736 1.0496181 0.052401301 161.36842
-7.0224829 1.1655625 0.045682617 162.24615
-7.0142312 1.2409484 0.017819766 162.20441
-7.0075579 1.3100166 0.015571294 174.79488
-7.0128961 1.4085778 0.025245879 142
-7.0542946 1.5430628 0.041418903 178.36111
-7.0363479 1.6332208 0.03640056 177.62627
-7.0432496 1.7222071 0.040331215 168.30667
-7.0433407 1.8485671 0.059459511 154.69682
-7.0236473 1.9402956 0.041586619 185.44444
-7.0372548 2.0392246 0.05509647 155.96042
-7.0378413 2.1553283 0.053693675 157.72322
-7.0359855 2.2392414 0.064133532 157.54167
-7.0414553 2.3675892 0.068507701 155.36174
-7.0450854 2.4458477 0.03928829 154.84763
-7.0445943 2.5411444 0.052933685 149.01649
-7.0404639 2.6396327 0.040805124 153.09708
-7.0423675 2.7422469 0.037051171 148.19414
-7.0348234 2.8531375 0.038498394 149.82416
-7.028357 2.9362955 0.026786089 166.26086
-7.0514579 3.0461469 0.042437367 173.22292
-7.0505219 3.156662 0.051257789 179.81667
-7.0079374 3.2367828 0.069983065 185.92308
-7.0575438 3.4291553 0.065334067 188
-7.0122766 1.9641638 0.14632878 119.6875
-7.0367031 2.4656665 0.12384135 143.52499
-7.0358405 2.5683031 0.11201267 158.37776
-7.0492649 2.6554067 0.11608537 154.125
-7.0811548 2.7529242 0.11835746 151.7
-7.0492511 3.4285281 0.14277148 156.37143
-7.0685592 3.5442469 0.11143689 183
-7.0348244 4.6841879 0.1775919 172
-7.0227013 4.7805843 0.15736857 163.26666
-7.0428038 4.8715286 0.16046119 171.4375
-7.051898 4.9378862 0.1497066 156.875
-7.0275507 5.0502806 0.16185257 161.25
-7.0582199 5.1584926 0.15968512 178.63359
-7.0597024 5.265512 0.16346538 175.97891
-7.0538588 5.3557496 0.18023682 170.11464
-7.0339079 5.4636378 0.17924346 168.53186
-7.0512147 5.548851 0.1707277 165.7988
-7.0412993 5.639535 0.17459185 163.7012
-7.0426402 5.7528734 0.17636444 148.06897
-7.0372887 5.8171573 0.1764687 150.66667
-7.0424848 5.9217477 0.190966 156.19231
-7.0132675 6.0018468 0.18836151 149.0625
-7.0730553 6.1291599 0.16226342 147.2
-7.032166 1.9897957 0.21986279 149.66667
-7.031486 3.4735155 0.26308197 176.66667
-7.0483918 4.9398985 0.24220474 136.05
-7.0823498 5.0734072 0.20617363 184.875
-7.0262427 5.1478934 0.20294125 149.125
-7.0677996 5.3980203 0.20277166 185.5
-7.0759816 5.4874105 0.20587368 158.375
-7.0570936 5.5009947 0.23598497 170.66667
-7.0844283 5.6002951 0.2129305 154.15384
-7.0032706 6.0916533 0.21491376 163.75
-7.0665774 6.1500859 0.27706316 140.8
-7.0924392 6.2673225 0.28355917 138.66667
-7.0268931 6.322926 0.27918282 138
-7.0121369 6.4139905 0.23591317 203.09091
-7.0779915 4.8352456 0.3731069 229
-7.0833101 4.9193916 0.36715597 205.5
-7.0950127 5.007443 0.33505064 201.77777
-7.0227208 5.4612975 0.38518202 136.75
-7.0862107 6.3010035 0.30403942 191.92592
-7.091805 6.3255358 0.40753227 187.05882
-6.9258733 0.64716721 -0.024400957 188.14285
-6.9217892 0.73234433 -0.022447456 186.88889
-6.9358425 0.81216013 -0.029061204 181.63158
-6.9196415 0.93898731 -0.028754249 169.20454
-6.9033375 1.0232589 -0.055498261 169.22728
-6.9488621 1.1343765 -0.039335296 167.87427
-6.9367299 1.2285235 -0.043936893 166.93915
-6.9443617 1.3254286 -0.041688424 167.77063
-6.97299 1.4211597 -0.01961956 168.25743
-6.976295 1.5293537 -0.029562099 171.96001
-6.9562674 1.6210661 -0.0081850933 176.47223
-6.9754419 0.38433993 0.075057663 189.75
-6.9295249 0.55748105 0.030977633 154.77777
-6.9705811 0.61744744 0.052515391 167
-6.9321585 0.74801743 0.055684324 192.14285
-6.9373331 0.86834097 0.049893148 165.25
-6.9262524 0.94014901 0.066853456 169.03845
-6.9355035 1.0604103 0.061959594 169.66667
-6.9530792 1.1536934 0.041539315 160.92857
-6.9245067 1.2412003 0.026224826 165.93016
-6.9171662 1.3627313 0.041970856 153.89207
-6.9646344 1.4233465 0.033956002 167.14444
-6.9166932 1.5238241 0.02541158 175.75676
-6.9205685 1.6355383 0.028568937 179.71428
-6.9534831 1.739419 0.023996955 183.78888
-6.9351468 1.8371373 0.048795823 164.52777
-6.9439821 1.9283159 0.056987688 164.14999
-6.9245138 2.0233307 0.0652183 147.72166
-6.9480639 2.1325998 0.049451679 159.64865
-6.9424243 2.2537611 0.051111393 159.825
-6.9279795 2.360255 0.07056848 166.8
-6.9409285 2.4638348 0.054491714 151.12698
-6.9519181 2.556076 0.056941804 152.5849
-6.950985 2.6041105 0.021906994 153.66667
-6.9705276 2.7117271 0.029060293 154.29167
-6.9407668 2.8340869 0.031824689 153.69684
-6.9392462 2.922143 0.040265393 155.14722
-6.9270778 3.017545 0.049970027 174.56667
-6.9090371 3.1293459 0.056444235 180.33333
-6.9978571 3.3108513 0.07417322 189.33333
-6.9474525 3.419843 0.068439387 188.60001
-6.9328055 3.537791 0.066134706 177.5
-6.948133 1.3988082 0.19454904 128.5
-6.9376159 1.4040065 0.14728431 131.33333
-6.9745154 1.7667229 0.14033672 119
-6.941925 1.8082469 0.10841373 110.75
-6.9080496 1.9309111 0.13890745 121.0875
-6.9642563 2.6474161 0.10815345 153.40477
-6.9822297 2.744355 0.10544492 158.375
-6.9612613 4.6764693 0.16607718 127
-6.9562807 4.7425809 0.16768618 159.25
-6.9606376 4.875577 0.18604666 190
-6.9380946 4.9211583 0.16043237 145.41667
-6.9360533 5.0677643 0.16178767 165.94168
-6.9531641 5.1588635 0.15810592 174.96889
-6.9788089 5.2730808 0.16060111 178.21819
-6.9712892 5.3494744 0.17293927 170.50185
-6.9426384 5.461648 0.17040817 166.61359
-6.9530883 5.551053 0.17083992 168.48087
-6.9510598 5.6429858 0.16320728 150.64285
-6.934597 5.7431755 0.16341117 149.73914
-6.9254088 5.8022923 0.16377978 151
-6.943624 6.0317507 0.19247366 157.28572
-6.9919434 6.1670971 0.16141948 139.75
-6.9793758 1.3987578 0.25359011 127.8
-6.9420586 1.9931457 0.22697103 58.333332
-6.9547648 4.8633509 0.25482994 111.5
-6.9030242 4.9960308 0.2000746 189.5
-6.9576287 5.0525136 0.22891741 183.84601
-6.9498725 5.1521468 0.22401863 116.85715
-6.9137177 5.2903495 0.21836241 149.875
-6.9462872 5.3943982 0.21020854 182
-6.949976 5.4944205 0.21213919 155.86154
-6.9683857 5.5868692 0.20948297 146.85185
-6.9707346 5.6282625 0.24314944 136.4619
-6.9741893 5.9567947 0.29767838 126
-6.9120727 6.0894752 0.21755333 173.64
-6.961185 6.2515793 0.24948594 167.96916
-6.9548497 6.3423705 0.24783358 179.33334
-6.9619398 5.0430083 0.35181189 178.16
-6.9683027 6.3364496 0.34466302 196.63397
-6.8899522 0.35662621 -0.036959451 173
-6.8932028 0.42341632 -0.035327956 177
-6.8594513 0.5314694 -0.035939515 187.10001
-6.8156238 0.63241965 -0.028755022 189.66667
-6.831058 0.71799427 -0.025635602 186.66667
-6.8216486 0.80306929 -0.039461814 181.68182
-6.815526 0.92787117 -0.03440785 173.39999
-6.8145871 1.0148723 -0.052827857 167.17073
-6.8084188 1.1900893 -0.05007419 165.70909
-6.8449588 1.4299395 -0.024584813 167.65466
-6.8708863 1.5158522 -0.01937741 170.82001
-6.8650618 1.6249037 -0.018503629 175.41463
-6.847137 1.7218274 -0.0015950721 180.4375
-6.8091083 0.44175884 0.022679986 139
-6.8487329 0.54656821 0.054421209 174
-6.867702 0.63451028 0.045481343 165.2
-6.822392 0.71508509 0.05607795 182.86667
-6.863008 0.85240781 0.049837872 175.83333
-6.8163886 0.9225806 0.052515119 166.86365
-6.8400569 1.069115 0.067047484 183.83334
-6.8120008 1.1584097 0.047798082 180.87749
-6.8289552 1.2409638 0.041041765 173.58333
-6.8065872 1.3254831 0.024707178 164.08235
-6.8075347 1.425024 0.024457488 164.86957
-6.818368 1.5346887 0.010683291 169.48781
-6.8120141 1.6175108 0.03919211 176.86957
-6.840827 1.76774 0.026076199 183.8125
-6.8473663 1.8419434 0.033497941 184.78094
-6.8439422 1.9156225 0.055176247 150.06984
-6.8351998 2.0428333 0.04556917 161.35222
-6.8232932 2.1518507 0.034110479 180.71429
-6.8613639 2.2391284 0.069344252 146.9077
-6.828486 2.3163652 0.025517613 164.89999
-6.8685102 2.4629087 0.047485765 164.5
-6.8340859 2.5382624 0.047947943 165.04544
-6.850421 2.6158931 0.0024435949 169.39024
-6.8565354 2.7270346 0.012599348 164.85971
-6.8477874 2.8334839 0.014869802 165.10504
-6.8438549 2.9150977 0.040662628 171.15254
-6.8256941 3.0154052 0.054280523 177.60001
-6.834178 3.11182 0.065071352 181.85715
-6.8499298 3.2222762 0.071090117 187.48051
-6.8781815 3.3150613 0.073972657 190.25
-6.853107 3.4118142 0.071168952 188
-6.8298483 3.5062127 0.073382735 177.66667
-6.8120551 1.834519 0.18232241 107.2
-6.891583 2.8722999 0.13799936 137
-6.8422861 4.7691965 0.16909753 150.60417
-6.8834596 4.8141823 0.17319155 138.5
-6.8359208 4.9507141 0.16453792 162.07999
-6.8690367 5.0268111 0.154011 164.26666
-6.8637114 5.1398139 0.16693078 171.46658
-6.8542566 5.2355547 0.15377317 172.04965
-6.8582325 5.3484898 0.17104223 172.30183
-6.848094 5.4695501 0.16964905 161.30505
-6.8475609 5.5577784 0.17120798 163.5224
-6.860239 5.651228 0.16604677 150.96025
-6.8470106 5.7632923 0.13574599 159.93333
-6.8052435 1.8616645 0.20178458 39
-6.8282199 2.2532427 0.29801849 69.5
-6.8556976 4.8544831 0.27307335 170
-6.8002057 4.9729614 0.21814257 165
-6.8517108 5.0904784 0.22789828 153
-6.8613787 5.1241617 0.234355 154.64732
-6.860291 5.2538176 0.21795137 142
-6.8464074 5.4595132 0.27518588 144.84166
-6.8556042 5.5585194 0.24722432 154.21428
-6.8559499 5.6576447 0.24408154 149.8611
-6.843266 6.0026917 0.27726224 121
-6.8277841 6.1653876 0.22266291 176
-6.8618588 6.2494264 0.2568849 161.72427
-6.8255277 6.3469043 0.24766181 166.5
-6.8620296 4.9627342 0.38054758 172.75
-6.8786731 5.3745751 0.36865512 140
-6.8363843 5.5054846 0.37297395 146.16667
-6.8943982 6.2948699 0.30200756 188.35294
-6.8758273 5.0459991 0.40310231 191.5
-6.8656888 6.3182197 0.41344574 190.1842
-6.7565975 0.30409437 -0.041816518 164
-6.7755647 0.41480029 -0.034385018 171.75
-6.7433414 0.5150646 -0.032865632 177.25
-6.7171059 0.60597306 -0.031400491 185.39999
-6.748374 0.70460993 -0.026299009 187.25
-6.7234459 0.8003096 -0.033188798 183.11765
-6.7194633 0.95436388 -0.043082859 174.11102
-6.7651911 1.1459064 -0.032308638 164.80307
-6.7100315 1.2712164 -0.0036931729 165.84
-6.7804303 1.5088863 -0.022737069 170.62857
-6.7657242 1.6179397 -0.021469537 175.37209
-6.7537575 1.7248955 -0.0057002613 181.66667
-6.7522907 2.5075583 -0.01118394 161.2258
-6.7493443 2.7127695 -0.0035342723 155.25926
-6.7572217 2.8120852 -0.010454704 162.47058
-6.7293186 0.46041197 0.043050323 155.25
-6.7665873 0.57230741 0.057700105 166.66666
-6.7790079 0.65966403 0.037772153 179.41666
-6.7361746 0.75873339 0.056791592 191.95834
-6.7130237 0.8551175 0.054360997 194.33333
-6.73703 0.96957159 0.067864604 191
-6.7097893 1.0408206 0.070950128 190.55556
-6.7353349 1.133821 0.062229063 165.80992
-6.7404871 1.2353898 0.046947207 193.60001
-6.7355881 1.3534278 0.019430757 179.90144
-6.7107687 1.4282891 0.024389025 166.84091
-6.7147183 1.5341054 0.013843551 164.66667
-6.7157116 1.623055 0.03694614 172.72974
-6.7453613 1.7591021 0.020973364 183.69118
-6.7451081 1.8279186 0.042053457 184.27274
-6.7394729 1.9108735 0.055774271 153.11481
-6.727253 2.0235705 0.041374978 160.1125
-6.7300453 2.1213994 0.050548248 161.47223
-6.7489529 2.2181003 0.055835169 167.05556
-6.7499027 2.3506589 0.015410507 173.5491
-6.728651 2.428822 0.080679096 165
-6.7416444 2.6135576 0.001647413 156.02777
-6.7677202 2.7280989 0.035733178 167.26315
-6.7648544 2.8035593 0.048959546 170.86957
-6.7423391 2.9071782 0.054927848 176.5
-6.7288504 3.0014691 0.064015366 180.95833
-6.719059 3.1041591 0.071873046 185.27272
-6.722064 3.2001581 0.077889115 190.60001
-6.7826753 3.3306937 0.069729917 189.25
-6.7327461 3.402791 0.078967966 149.625
-6.720099 1.0218929 0.14700244 161
-6.7944551 1.8544558 0.14678481 101.83333
-6.7566624 2.1954584 0.11133541 109
-6.7367997 2.4906793 0.1769366 129.86667
-6.7036986 2.5021846 0.11367077 125.5
-6.7768459 4.6795297 0.17794308 164.33333
-6.7441554 4.8528824 0.18766324 157.66667
-6.7682252 4.9375958 0.1663398 163.66667
-6.7474389 5.0474396 0.15815513 167.87415
-6.7576847 5.1563754 0.14756075 170.03789
-6.7617545 5.2530918 0.16032335 177.12871
-6.757421 5.347827 0.16081746 167.39421
-6.7468758 5.4560885 0.16402014 164.15578
-6.76018 5.5352421 0.14896287 155.39529
-6.7457285 5.6409817 0.16220795 162.89944
-6.7355618 5.7614155 0.16045268 164.14072
-6.7027197 5.859396 0.17000715 161
-6.7855062 4.690227 0.23097156 102
-6.7639809 5.0508618 0.20698197 144
-6.7487044 5.1466374 0.22368026 130.89583
-6.7694154 5.2329059 0.21612605 159.65556
-6.7549376 5.3524518 0.25664967 148.25
-6.7228403 5.4704275 0.20016845 176.23077
-6.7759008 5.5590901 0.26336208 149.3875
-6.7630315 5.6583762 0.26207677 149
-6.764925 6.0288358 0.27686626 113
-6.7613988 6.1594281 0.22585933 175.08333
-6.7787118 6.285923 0.23570479 193.2
-6.7762465 6.3203807 0.29362062 155.2
-6.7516031 5.535584 0.36082938 155.33795
-6.7065325 6.2889071 0.30319771 187.2
-6.7642236 6.3219743 0.35383043 195.26923
-6.7258153 6.2915988 0.40937683 196.53847
-6.7548022 6.3309155 0.40848222 191.83333
-6.6213727 0.31005311 -0.040873531 161.33333
-6.6686354 0.4592171 -0.032884989 168.125
-6.6098652 0.59514922 -0.031579379 175.83333
-6.6447573 0.70802844 -0.027629275 186.60001
-6.6245432 0.85396993 -0.035675749 181.89337
-6.6107616 0.98085076 -0.027268823 177.5
-6.6967087 1.1228541 -0.033261795 165.925
-6.684577 1.6028775 -0.020615013 176.28572
-6.6633544 1.7086756 -0.0079545174 182.9375
-6.6464801 2.3923287 -0.00087132771 157.86957
-6.655241 0.37822759 0.019216865 158
-6.6736526 0.46548155 0.057133608 169
-6.6464477 0.54968703 0.03522383 176.55556
-6.6441517 0.6747368 0.058082495 193.83334
-6.6789217 0.7488125 0.044248808 189.89999
-6.6378951 0.81950974 0.062145658 196.60001
-6.6435003 0.953771 0.056069225 195.5
-6.634829 1.0693429 0.059507966 170.26666
-6.6230283 1.1475847 0.061195966 192.31111
-6.636776 1.2270021 0.077845298 191
-6.6129026 1.4294915 0.024562297 167.3421
-6.6136017 1.5406573 0.01080165 169.375
-6.6156778 1.6222687 0.040363606 170.69231
-6.6374149 1.7659806 0.026280951 185.78667
-6.6447182 1.8612226 0.024764596 189.52084
-6.6175532 1.96595 0.033642244 182.13333
-6.6475382 2.0495257 0.058523607 162.94807
-6.6637139 2.1550598 0.037869059 174.8
-6.6466084 2.2047431 0.020174211 173.89999
-6.6458054 2.3208816 0.017712962 171.43333
-6.6434693 2.526772 0.015619472 145.13637
-6.6429386 2.61427 0.012225188 147.64444
-6.6430521 2.7469347 0.040007696 166.43179
-6.6410856 2.8528619 0.068735003 181.4902
-6.6536188 2.949224 0.080615222 184.41666
-6.6236343 3.0458632 0.073717847 187.0625
-6.6163559 3.2659359 0.07158725 187.25
-6.6793356 3.3369555 0.069249235 186.7
-6.6427703 3.4194474 0.083156481 119.5
-6.658309 3.5690296 0.090214737 115
-6.6173649 1.0936822 0.16930598 132.16667
-6.6534805 1.1081471 0.12063932 123
-6.6302295 2.2040994 0.10005902 154.5
-6.672646 2.5096433 0.13756433 126.63333
-6.6637344 4.7473874 0.18212372 150.27777
-6.6628461 4.8649631 0.15928425 155.05
-6.6768436 4.9681606 0.15910129 166.97917
-6.6520457 5.0703874 0.14527921 171.7375
-6.6559587 5.1625586 0.15125453 173.51666
-6.6779752 5.278337 0.16945376 177.44452
-6.6556444 5.3860216 0.17604831 172.22971
-6.6490221 5.4584703 0.16997559 165.36102
-6.6614814 5.5616932 0.16438921 162.96846
-6.6529946 5.6686134 0.17510557 161.32916
-6.6507406 5.7620068 0.17508109 159.43188
-6.6503358 5.8306441 0.17449766 160.66658
-6.65481 5.9386082 0.17528144 161.70032
-6.6194077 6.0043693 0.18476392 167.35294
-6.609549 6.108602 0.19095901 171.74467
-6.6936116 2.2163126 0.2973707 85.333336
-6.6253572 4.9494114 0.20329377 132.33333
-6.6753778 5.0419407 0.22127828 140
-6.6850023 5.1208482 0.20130296 186.71428
-6.6463776 5.2258 0.22123294 159.58333
-6.6330991 5.356698 0.26499012 141.25
-6.6170797 5.4176002 0.20694806 182.625
-6.6336155 5.56247 0.24951318 150
-6.62995 5.6478333 0.24346682 160.52632
-6.6278291 5.9046307 0.21033441 155.60001
-6.6334066 6.0396872 0.21306606 166.17267
-6.6626639 6.1860271 0.22015333 180.61539
-6.6628208 6.2825809 0.24102367 190.4375
-6.6771908 6.3071208 0.30371025 197.28572
-6.6623197 6.3008366 0.40868351 195.9361
-6.5429296 0.45582333 -0.03424618 164.2
-6.5339136 0.66238636 -0.026384789 176.125
-6.5298147 0.80528408 -0.016526105 178.27272
-6.5241747 0.90300137 -0.028940516 180.25
-6.5632286 1.0756912 -0.040940668 174.93791
-6.566381 1.5417663 -0.0042886129 170
-6.5941052 1.7136252 -0.0045379116 185
-6.5459557 2.6122339 -0.014373346 157.82001
-6.5513477 2.704253 -0.011111097 157.41965
-6.5480151 0.3499203 0.026708579 179.77777
-6.5536957 0.42267945 0.032899078 185.14583
-6.5569849 0.55031693 0.037935197 195.18332
-6.5613441 0.64542156 0.04012052 193.75
-6.5485435 0.7498312 0.047433335 191.69446
-6.5425973 0.84395671 0.044119895 189.71716
-6.5451756 0.92314321 0.027227709 183.85088
-6.5376568 1.0554497 0.032082886 172.43228
-6.52702 1.151611 0.038716711 173.65886
-6.546833 1.2553648 0.037061788 177.30762
-6.5884676 1.3305769 0.020525072 178.51965
-6.5324125 1.409292 0.067386493 183.17046
-6.5506563 1.7633302 0.010852497 188.25
-6.5553432 1.848785 0.015955068 191.75
-6.5343599 1.9582095 0.0074718408 195.08334
-6.5505571 2.0452352 0.0063868705 196.5
-6.5703278 2.1340671 0.014173456 192.75
-6.5516052 2.2329762 0.020086357 174.33333
-6.5690613 2.3196752 0.015670318 162.90909
-6.5457411 2.4147644 0.0094217798 144.97778
-6.5462093 2.5224626 0.047167167 133.33928
-6.5594406 2.7430468 0.069920599 184.97223
-6.5473504 2.8601215 0.074868217 185.8
-6.5550647 2.9904878 0.07772854 188.8
-6.5518351 3.1520169 0.065066673 189.48334
-6.5449095 3.2127945 0.0738599 185
-6.5190549 3.4436545 0.089952573 133
-6.5313916 3.7140071 0.087778412 152.83333
-6.5308805 3.84603 0.096689664 143
-6.5572548 1.0854509 0.15053381 179.61113
-6.5403786 1.1211985 0.10963067 185.07143
-6.5712795 1.4136795 0.14316891 178.14285
-6.5374284 2.1519661 0.1965096 101.75
-6.5164623 3.6978245 0.13592632 108
-6.584209 3.7027457 0.1322246 114
-6.5483208 4.7602267 0.15523717 153.33333
-6.5686173 4.8431654 0.13787927 148
-6.5448723 4.9670591 0.15707392 171.75
-6.5717306 5.0424933 0.17155641 164.61072
-6.5496964 5.1523666 0.17012779 172.1226
-6.5639057 5.2805033 0.16775443 181.65475
-6.5545917 5.3611603 0.16545899 163.1832
-6.5528626 5.4540963 0.16952789 158.35197
-6.5938983 5.5951529 0.19507901 159.33333
-6.5499144 5.6041336 0.17272753 154.5625
-6.5724988 5.7561641 0.13302617 166.1855
-6.5556016 5.8658862 0.17638321 159.15253
-6.5484815 5.9828973 0.18761517 167.592
-6.5082874 6.1035342 0.19373155 172.42223
-6.5802116 1.0170785 0.20246796 155
-6.5190549 2.1628466 0.21163578 65
-6.5615983 3.6605263 0.26078141 73
-6.5337524 4.8471093 0.20387584 116.5
-6.5671802 4.9448757 0.26497737 202.625
-6.5304875 5.0429845 0.21120451 140.26666
-6.5336051 5.1831632 0.22188233 132
-6.5849614 5.2180581 0.21524309 163
-6.5492158 5.314867 0.20434557 187.27142
-6.5090203 5.4009047 0.21414723 187.28572
-6.5613194 5.5607634 0.24582215 152.75
-6.5306926 5.6619921 0.23986591 156.32034
-6.5434937 5.7930074 0.21487364 149.61539
-6.5364461 5.8709812 0.24153282 137.94167
-6.5650539 6.0718474 0.20473047 172.71794
-6.5551686 6.1556158 0.22121464 169.5
-6.5698514 6.2527103 0.22844365 183.38335
-6.5681667 6.3210549 0.2580162 194.19048
-6.5548444 4.9231973 0.32719287 184.66667
-6.5203109 5.5630789 0.31957307 174
-6.5657053 6.2966819 0.30980045 196.88461
-6.5680022 6.3256927 0.38532734 194.00302
-6.5563669 6.3389902 0.42121369 193.33334
-6.4542975 0.27015996 -0.039665777 157
-6.4955454 0.35370892 -0.041601665 161.33333
-6.4550657 0.5401389 -0.032948121 167.125
-6.4320717 0.68930763 -0.025202936 168.57143
-6.4390979 0.83080155 -0.015395341 171.08334
-6.4446182 2.6483138 -0.015398238 160.75186
-6.4097624 0.34077188 0.046791121 188.5
-6.4586449 0.45007432 0.026181597 194.27777
-6.4599457 0.55178982 0.039400831 197.36113
-6.4551644 0.65819401 0.046973664 194.0125
-6.4457302 0.72477508 0.047603108 191.56946
-6.4286408 0.83710998 0.052505955 187.84285
-6.4483709 0.94151849 0.051251814 183.957
-6.4226251 1.0325086 0.032604642 170.66643
-6.4334397 1.1237917 0.024132999 179.71223
-6.454215 1.2282073 0.0278135 180.5231
-6.4434576 1.3131766 0.024020704 180.19196
-6.4181423 1.4301789 0.043428924 185.57143
-6.4507074 1.8313056 0.025077539 188
-6.4303522 1.9458472 0.026179474 180.88
-6.4458089 2.0866659 0.03431873 165
-6.4330645 2.1544213 0.019304426 165
-6.4355655 2.2599173 0.032603718 144
-6.4600654 2.4380257 0.042343598 121.25
-6.4794049 2.5228992 0.0093356064 150.55319
-6.4728951 2.7707405 0.070394352 188.23334
-6.4629574 2.8853519 0.071248688 186.5
-6.4595098 2.9663408 0.062351711 187
-6.4914017 3.4511306 0.083970226 132.5
-6.4772701 3.5830777 0.089372732 119
-6.4343271 3.8300633 0.090534225 166.83334
-6.4123158 3.9491727 0.098538958 206.75
-6.4984193 0.93179363 0.15803808 169
-6.406476 1.0565321 0.18519764 145
-6.4853849 1.1039683 0.10495013 178.08333
-6.4056711 2.0780425 0.15956105 100.66666
-6.4909019 2.1591649 0.13844486 91.25
-6.4969087 3.5742915 0.11390405 90.333336
-6.4721804 3.9556315 0.13433737 175.16666
-6.4760818 4.6843643 0.1107313 133.8
-6.4567742 4.7495389 0.10394294 136
-6.4345603 4.8551974 0.13976149 152.47334
-6.481813 4.9456344 0.15493226 163.8
-6.4365702 5.0444183 0.166803 157.76042
-6.4491935 5.1639352 0.1590379 177.02255
-6.4820495 5.2469912 0.15744074 181.82179
-6.4527183 5.3613229 0.15150966 160.57544
-6.4147067 5.4583826 0.14761554 148.88461
-6.4474363 5.5461254 0.17393014 150.66071
-6.447247 5.6319113 0.15650627 149.39064
-6.4496326 5.7622442 0.16615604 161.60927
-6.4621115 5.8511267 0.18411458 159.48895
-6.4478526 5.9853101 0.18356922 168.61429
-6.484961 3.647681 0.28781223 94
-6.4345422 4.7737718 0.20405398 137
-6.4485455 4.8968573 0.23821397 141
-6.4384351 4.9686937 0.23245735 124.33334
-6.4776268 5.0885291 0.26858616 169.375
-6.4509497 5.1585298 0.23959041 147.08334
-6.4452705 5.3798437 0.21221162 189
-6.4590611 5.5560298 0.23045832 157.90666
-6.4495282 5.6570678 0.21544699 167.77083
-6.4421487 5.7650127 0.20530087 148.11765
-6.4534812 5.8583603 0.24819067 139.09525
-6.4837074 5.987875 0.23141716 153.75
-6.4538517 6.0754795 0.2122414 169.50172
-6.4643297 6.1913095 0.22649448 174.45291
-6.4783955 6.2607822 0.23899923 185.19722
-6.425355 5.0632915 0.31649777 196.25
-6.474998 5.558928 0.36148891 171.375
-6.4375529 6.2921081 0.31652966 197.81818
-6.4764781 6.3217301 0.37738329 194.16666
-6.4763246 6.335629 0.42756292 193.89999
-6.3336372 0.35198334 -0.042867634 158.89999
-6.3447618 0.58700716 -0.029396895 166.2
-6.326983 0.72955358 -0.019797154 168
-6.3072634 1.101967 -0.0019146609 175.03703
-6.3161788 1.2112464 -0.0018679089 175.14706
-6.3157492 2.073545 -0.00083985709 193.5
-6.3031101 2.8680801 -0.0081579816 160.5
-6.3675566 0.28931728 0.012453653 181
-6.3471498 0.43829474 0.031948585 195.46666
-6.3425035 0.54299706 0.026564853 196.29167
-6.3829408 0.62280822 0.048338145 195.1389
-6.341012 0.74434549 0.055044707 190.71666
-6.3259678 0.84246266 0.055824295 187.40477
-6.3346968 0.9358198 0.04125024 179.09183
-6.3413506 1.0680473 0.048024584 180.27272
-6.3376446 1.1509597 0.037167229 177.63786
-6.3530793 1.2444003 0.032347906 177.98459
-6.3099117 1.3185446 0.019572571 175.08543
-6.393157 1.4042747 0.019078312 182.5
-6.3396049 1.7010732 0.02081361 191
-6.3517828 1.8459499 0.021854883 157.83333
-6.355124 1.9535075 0.028629575 184.625
-6.3375034 2.0438304 0.024605563 176.2
-6.3905506 2.1033468 0.025871679 156.25
-6.3671627 2.2263179 0.025013644 164.83333
-6.3384733 2.3789523 0.05929371 95
-6.3928995 2.405381 0.0662793 93
-6.3554983 2.6678472 0.0066785468 162.35202
-6.3313522 2.7543395 0.021169098 142.1579
-6.3555336 3.4771731 0.093424596 140.5
-6.3559899 3.5911684 0.093257941 139.16667
-6.3736763 3.7042813 0.090974227 133.8
-6.3273478 3.8097675 0.091332361 143.75
-6.3039131 5.6757979 0.095724791 164
-6.3337641 1.0245602 0.14058772 184.25
-6.3300543 1.1002991 0.15775058 182.33333
-6.3450975 1.4121069 0.10923172 184
-6.3370185 2.0273833 0.13448182 96.472221
-6.3761005 2.2038493 0.1226687 102
-6.3502173 3.9241679 0.11147206 174
-6.3504281 4.0426645 0.1455636 146.5
-6.3311095 4.774456 0.18463185 138
-6.3627915 4.8390598 0.18431185 145.16666
-6.3620763 4.9596181 0.16367863 155.05334
-6.3274283 5.1417084 0.13798568 173.53333
-6.3496013 5.2375951 0.16803117 176.15033
-6.3389759 5.361062 0.15960926 134.81482
-6.3442798 5.5356679 0.12717652 151.17911
-6.3589287 5.6614017 0.1593208 151.64169
-6.3569078 5.7622604 0.17224543 160.80067
-6.3427491 5.8612757 0.18564095 162.50685
-6.3260832 5.995347 0.18741114 174.10345
-6.3793039 6.0055661 0.18911566 167.64706
-6.3277917 1.1142277 0.24653532 161.76923
-6.3940434 1.418779 0.21606888 137
-6.3202372 2.1400192 0.21137328 113.83334
-6.3611321 4.9938874 0.27379218 102
-6.3501954 5.2524514 0.25403342 103.5
-6.3771052 5.35707 0.20514758 184.39999
-6.3465486 5.5443544 0.23724289 160.1111
-6.3419447 5.6591415 0.25599948 140.68333
-6.3571315 5.8982668 0.2880086 143.95238
-6.3387666 5.9349074 0.23152776 157.21225
-6.344255 6.0725627 0.22784519 166.20238
-6.3360496 6.1738143 0.23004517 178.20715
-6.3798847 6.2465115 0.25193882 186.68452
-6.3778305 6.3308015 0.23065779 194
-6.3536777 5.8691578 0.34161213 126.91873
-6.3052502 5.9070935 0.36116338 153.11539
-6.369391 6.3173146 0.35348532 195.40909
-6.3598428 6.2825327 0.41340041 196.16071
-6.3762078 6.3087354 0.42819086 196.52274
-6.2536473 0.47923172 -0.036619313 159.75
-6.2487936 0.65911055 -0.022280825 164.75
-6.2196503 0.97876084 -0.0019218765 173.89473
-6.2034173 2.5560615 -0.0040671779 164.66667
-6.2533417 2.6134334 -0.0019849092 162.88524
-6.2571511 2.7047729 -0.0011317874 162.43037
-6.2466674 2.8108981 -0.0052188965 165.15625
-6.222158 0.29283103 0.018885344 188.5
-6.2717819 0.30958891 0.042678732 190
-6.2420382 0.46602473 0.035787478 195.5
-6.249671 0.57356578 0.040437937 193.83334
-6.241787 0.65958518 0.047719073 193.877
-6.2417083 0.74241066 0.054757033 190.54953
-6.2455068 0.84122312 0.047658261 186.68066
-6.2446542 0.93560457 0.032395598 177.94347
-6.2551627 1.0471382 0.061891399 178.79167
-6.2396069 1.1320076 0.022760509 170.78783
-6.222137 1.2452136 0.05283276 175.94836
-6.2463894 1.3634715 0.035311535 179.37273
-6.2439761 1.7243077 0.026008455 200.16667
-6.2609921 1.8348655 0.025181454 186.25
-6.2704763 1.9612523 0.02120892 198.25
-6.2469549 2.0444298 0.040813316 155.83333
-6.2543578 2.1496232 0.014038548 181.16667
-6.2685785 2.2072399 0.029390467 167.5
-6.2228508 2.3249793 0.054647528 115
-6.2463045 2.6440177 0.033581756 129
-6.2459564 2.8492131 0.032896131 124
-6.2570114 2.9012928 0.014843733 170.83018
-6.2266145 3.0437317 0.033249479 180.47858
-6.2581348 3.4969194 0.096288852 143
-6.2468081 3.6481783 0.097886033 142.5238
-6.2304173 3.7419648 0.089651585 135.125
-6.2500429 1.0802965 0.16922392 144.67789
-6.2166319 1.1485755 0.11193843 123.5
-6.2758527 1.3731676 0.17551459 156.75
-6.2256947 2.068949 0.14823559 98
-6.2532825 2.1559007 0.11532569 89.949997
-6.2499676 2.2554314 0.11713424 98.6875
-6.2448492 3.8921864 0.10481939 147.2
-6.2274938 3.9833677 0.14520924 190.33333
-6.2365217 4.1141305 0.14818686 175.75
-6.2532997 4.4841614 0.12183923 127
-6.2342157 4.5261521 0.11813404 130.5
-6.261116 4.8831325 0.17523468 135.5
-6.2887521 4.906806 0.18877737 149.5
-6.2412319 5.0452852 0.18367235 149.55556
-6.241672 5.1809812 0.18632969 159
-6.2448378 5.2862992 0.17687626 111.5
-6.2744751 5.3328276 0.13383329 160.74074
-6.2585597 5.4315195 0.11255071 150.39621
-6.2110796 5.5454631 0.12467026 158.52325
-6.2712021 5.6479163 0.15230365 162.06709
-6.2702475 5.7558966 0.15763372 166.23035
-6.2519689 5.857408 0.17669995 169.08778
-6.222795 5.9052129 0.18893239 155.29825
-6.2952247 1.1272204 0.22767937 139.90909
-6.2544279 1.3586397 0.21431811 121
-6.2450666 5.3135991 0.20398474 166
-6.2432046 5.6494451 0.21459018 180.61874
-6.2105165 5.7273769 0.22154759 188.16666
-6.2636342 5.9778934 0.2101787 165.34375
-6.2668157 6.0558515 0.22014561 169.93703
-6.2496557 6.1533203 0.23370101 183.83809
-6.2748075 6.283577 0.23609567 189.83334
-6.2734013 6.3138585 0.26293018 196.90477
-6.2855258 5.9445009 0.38143384 146
-6.216989 6.0148649 0.33086702 166
-6.2322035 6.327446 0.3563711 197.4967
-6.2724552 5.9118166 0.41137666 162.25
-6.2094316 6.3203449 0.42636567 195.25
-6.1719708 0.38446677 -0.0379273 152.33333
-6.1642027 0.58172625 -0.029195787 158.66667
-6.1187968 0.84908408 -0.014192367 166
-6.1041608 1.1897033 -0.0044068461 166.2449
-6.1048646 1.2121625 -0.0049046241 137.66667
-6.1143847 1.3719947 -0.0079195509 144.25
-6.1565228 0.36164835 0.03637182 193.5
-6.1274261 0.45539629 0.039335351 195.7
-6.1623592 0.5733735 0.039989587 156.75
-6.1381221 0.63466394 0.051585533 191.14583
-6.1459517 0.76003182 0.047387768 186.95311
-6.1362886 0.85599542 0.039524954 185.32309
-6.1411042 0.93978465 0.046053961 167.97733
-6.1404839 1.0629238 0.055280901 169.60017
-6.1726327 1.1558156 0.064391777 171.61253
-6.1477499 1.2607474 0.053824782 177.66711
-6.1550617 1.3447719 0.05712362 181.29059
-6.1441722 1.7648122 0.022103386 191.5
-6.1598043 1.8547205 0.047851752 180.8875
-6.1504669 1.9496354 0.043938704 163.94444
-6.1493807 2.0604241 0.021854889 177.16667
-6.1214571 2.1393156 0.042592008 162.625
-6.1405497 2.268105 0.069452904 141.27779
-6.193996 2.3046265 0.021365641 174.5
-6.1603546 2.5580196 0.031518642 152.80769
-6.1623297 2.6051373 0.014660364 168.32143
-6.1485157 2.7327447 0.026925445 142.41167
-6.1668 2.8012154 0.024265058 172.92857
-6.1332073 2.9216471 0.030162653 144.31818
-6.1584153 3.0024469 0.032068819 180.91667
-6.1524706 3.1503437 0.036924828 187.69446
-6.1111951 3.2779047 0.022824734 192
-6.1337705 3.5339639 0.088905111 124
-6.1837559 3.6396487 0.090611167 112.5
-6.1641216 1.0932337 0.13483474 131.8
-6.1547999 2.1476705 0.15385418 108.625
-6.141418 2.2353377 0.1140966 125.83334
-6.1463928 3.5345793 0.10624495 146.55556
-6.1361299 3.6878855 0.10118195 172.42857
-6.1680055 3.8498018 0.10192113 156.60001
-6.1916223 3.9780183 0.11466651 186.57143
-6.1397653 4.0505042 0.14745773 185.8
-6.163476 4.1940598 0.15447533 181.25
-6.131258 4.4359517 0.11945318 134.25
-6.1722031 4.6440778 0.13188599 143.63333
-6.1018701 4.7251878 0.11004634 175
-6.1942382 4.8313494 0.19475961 127
-6.1337633 4.9721956 0.17641355 125.75
-6.1911197 5.0185976 0.16685018 132.5
-6.1493068 5.1381946 0.19372867 143.625
-6.1590858 5.2851295 0.19997738 151
-6.1469846 5.5543642 0.19297457 180.58333
-6.1576519 5.6587901 0.14890225 169.21507
-6.1289616 5.7468386 0.17387514 167.97865
-6.1696978 5.8549714 0.19214553 177.35425
-6.1956563 5.5756016 0.21507382 185
-6.1391377 5.6502404 0.2173505 169.73613
-6.1254535 5.7801452 0.22185686 185.5
-6.1380124 5.80193 0.23313002 188.55556
-6.156405 5.9358172 0.20609599 180.43333
-6.1794252 6.0812464 0.2344687 182.71297
-6.1651511 6.1636791 0.23340499 186.33928
-6.1805067 6.2789717 0.26800805 195.52222
-6.1915431 4.4494963 0.34753627 55
-6.1563778 5.9739714 0.36096823 144
-6.1776338 6.1138196 0.39925879 202
-6.1374331 6.2896934 0.39508277 198.61539
-6.1066623 6.3240118 0.32145044 201.2
-6.0115523 1.0826727 -0.0059148134 165.96117
-6.0021763 1.1847768 -0.031087389 165.86667
-6.0138893 1.2517471 -0.016522644 156.61038
-6.0360823 1.3898494 -0.012107599 154
-6.0246291 0.48953697 0.025822964 126
-6.0802684 0.537413 0.055442292 195.2
-6.0486412 0.65796143 0.049243946 162.16666
-6.0471869 0.73806006 0.049034197 185.77055
-6.0424471 0.83755487 0.029123528 178.10892
-6.0342388 0.96531451 0.038298625 169.94263
-6.058259 1.0407245 0.051346861 178.12222
-6.0583658 1.1349452 0.061472774 161.97334
-6.0572906 1.2553428 0.045255199 178.76076
-6.03755 1.3479174 0.081106491 191.3
-6.0535731 1.7513294 0.033968542 192.5
-6.0291433 1.853164 0.053480338 178.82858
-6.0494504 1.9502985 0.060968589 174.90833
-6.0718646 2.0465741 0.044853296 157
-6.0369401 2.1439896 0.053990081 158.95834
-6.014864 2.2470691 0.050936457 180.16666
-6.040503 2.3321693 0.073174156 145.95833
-6.0352583 2.468688 0.05859134 158.125
-6.0439377 2.5479798 0.03447938 179.88635
-6.0217037 2.6143055 0.030466834 159.25
-6.0374737 2.7061043 0.030602442 179.51613
-6.0595913 2.8470345 0.033457097 139.19231
-6.0646615 2.9092972 0.039676651 182.42105
-6.0556307 3.0536203 0.040387675 186.70834
-6.0480056 3.2706349 0.04860336 183.28333
-6.0485992 3.3535991 0.087502532 156.5
-6.0877366 3.4361179 0.090327546 138.5
-6.0608268 3.6230173 0.099712372 167.76923
-6.0146976 3.7183735 0.087536968 174.125
-6.0635529 4.579751 0.068575643 167
-6.0529594 4.6276121 0.09776298 177
-6.0335693 4.7151384 0.079243943 172
-6.0007696 4.8299375 0.096962914 178
-6.0082722 2.2131109 0.11168713 145.33333
-6.0121899 2.4724996 0.11176393 116
-6.0319486 2.6451247 0.10971322 123
-6.0634804 2.788686 0.11421944 123.33334
-6.0562086 2.9391682 0.11052211 126.5
-6.0584402 3.071264 0.11287877 129.5
-6.0590816 3.195976 0.11425754 134
-6.0409565 3.5214434 0.12858334 140.58334
-6.0275798 3.6543508 0.13530807 158.39999
-6.0560188 3.7758179 0.11929033 155.02084
-6.0337658 3.8489654 0.11542621 181.23077
-6.0883346 3.9148302 0.11423335 176.14285
-6.040688 4.04143 0.13376753 189.5
-6.0290551 4.1623025 0.15810075 194.25
-6.0257359 4.2761235 0.13008296 138.66667
-6.019701 4.324564 0.11774635 132
-6.0010805 4.4160867 0.12062979 138
-6.085844 4.5621657 0.1301524 140.75
-6.0270739 4.6890035 0.13764884 151.85715
-6.0594945 4.7616343 0.1249494 170.8
-6.0684719 4.8564453 0.13170992 178.38889
-6.0092888 4.9382753 0.12817158 183.96249
-6.0388007 5.0498652 0.14958945 168.83333
-6.0105586 5.1420288 0.13459802 193
-6.0471034 5.5241323 0.18360642 172.45901
-6.069067 5.6322608 0.1673613 167.12498
-6.0349846 5.7315826 0.15832621 163.27049
-6.062181 5.8062797 0.14013398 163.72414
-6.0263457 5.9405451 0.15880035 173.5625
-6.0168929 2.0750134 0.24384077 137
-6.0059853 4.1204567 0.28624997 184.25
-6.0473456 5.2487335 0.20635572 130.16666
-6.0398698 5.6713452 0.21350805 169.33514
-6.0724869 5.7486172 0.22027697 185.11011
-6.044817 5.8529453 0.22326115 185.51196
-6.0634961 5.9530458 0.23815434 183.175
-6.0991006 6.1411819 0.23367339 187.2
-6.0624881 6.2790389 0.23276038 191.06667
-6.0213056 6.3319707 0.25117606 203.21429
-6.0800653 2.2403121 0.30950773 82
-6.0598259 4.1675363 0.31300458 119.75
-6.0575294 5.9491963 0.30298597 170
-6.0471935 6.2852578 0.30258584 200
-6.0869312 6.3220582 0.38386089 198.63637
-5.9619818 0.76574057 -0.025833795 153.16667
-5.9100103 0.97100848 -0.015070829 144
-5.9316216 1.0815486 -0.0072775586 165.2093
-5.9664421 1.2617707 -0.0086050676 155
-5.9819179 1.402301 -0.015385564 160
-5.992918 0.37951669 0.059723344 196
-5.9853811 0.43991452 0.054152913 196.25
-5.9650354 0.54120541 0.042175092 166.58334
-5.9730768 0.65277368 0.076019809 191.625
-5.9577312 0.73557633 0.05234452 166.79167
-5.9496026 0.82809138 0.05462005 182
-5.9592462 0.95647806 0.027872168 167.25725
-5.9766397 1.0522614 0.055986535 182.04762
-5.9651566 1.1370741 0.057355363 180.72566
-5.9414458 1.2527471 0.026105596 167.90244
-5.9118118 1.3241931 0.040038195 166.84616
-5.9295897 1.43698 0.050074086 168
-5.9381819 1.5384065 0.038174409 166.17241
-5.9484606 1.6491086 0.041509688 185.15277
-5.9546494 1.7765242 0.052662499 178.86668
-5.9426112 1.8460472 0.051095702 185.4395
-5.9437218 1.9448078 0.041867141 176.10144
-5.9673862 2.033483 0.062636785 173.92143
-5.958159 2.1473012 0.051477306 158.21625
-5.9629445 2.2521384 0.054168005 160.87224
-5.9363065 2.3513331 0.05455948 147.32408
-5.9407463 2.4482896 0.047670066 165.02222
-5.9581599 2.5364203 0.035066254 180.92857
-5.9429665 2.6584456 0.04014929 177.16759
-5.9950757 2.7700634 0.028465627 140
-5.9496417 2.810266 0.046507359 185
-5.9514108 2.9495151 0.035719395 142.69048
-5.9569273 3.1440802 0.02588716 190
-5.9863186 3.2217827 0.085871145 179.58334
-5.9135017 3.5732799 0.082125127 172.8
-5.9602532 3.6482308 0.094399288 170.52777
-5.9679518 3.8011181 0.092893645 174.30769
-5.979516 4.6044235 0.078934252 173.75
-5.974514 1.4780161 0.12568209 132
-5.9830861 2.1516967 0.16541183 93.761902
-5.9287014 2.3407781 0.10569135 114
-5.9610395 2.5192738 0.11291912 119.66666
-5.9449654 2.7051163 0.11573913 131.25
-5.9578834 2.8428924 0.1205067 132.5
-5.9647636 2.9700797 0.12136639 134.5
-5.9264851 3.0737412 0.11979092 160.625
-5.9775667 3.1967704 0.12986471 131.375
-5.9184499 3.2480247 0.1416159 128.75
-5.9764204 3.3366833 0.13522412 139.875
-5.9320912 3.4147723 0.13862327 141
-5.9356027 3.5473742 0.15548061 136.16667
-5.9029393 3.6932707 0.14524227 143.75
-5.9083757 3.8439887 0.12405553 170.07954
-5.9582953 3.9234097 0.13504361 176.84999
-5.9376431 4.016809 0.15030159 180.33334
-5.9684353 4.1626916 0.12061428 177.28572
-5.9417939 4.2915211 0.10193451 151
-5.974174 4.5370789 0.13274792 142.25
-5.9577999 4.6571436 0.12212926 165.39999
-5.9262152 4.7613912 0.14815012 163.375
-5.9501553 4.8396397 0.12389801 181.97708
-5.9192991 4.9549732 0.1213733 185.375
-5.958406 5.0550613 0.16899215 140.33871
-5.9292183 5.1340132 0.13812454 148.09782
-5.9467974 5.247189 0.13993441 191.375
-5.9333301 5.4689293 0.16982672 165.42592
-5.9439483 5.5753522 0.16571133 165.45955
-5.9625525 5.6494331 0.14171788 164.2173
-5.9665146 5.7281675 0.14953251 167.85715
-5.9614367 5.8481812 0.13501772 168.13867
-5.9372015 5.9466372 0.16641334 175.3125
-5.9552913 6.0518003 0.18250576 180.41084
-5.9975362 4.1362853 0.23668928 198.2
-5.9226036 5.207561 0.2028078 113
-5.9436707 5.6532645 0.21356937 159.16667
-5.9629936 5.7411418 0.21959119 184.83823
-5.9445276 5.8475246 0.22042443 184.07845
-5.9485035 5.9558496 0.2245838 188.72223
-5.9364939 6.0188241 0.23723944 184.33333
-5.9720397 6.1544995 0.24935073 173.375
-5.9536314 6.2205281 0.22660206 189.14287
-5.978909 6.3186789 0.26709485 203.79166
-5.9489951 5.5085082 0.31664196 134.16667
-5.9333844 6.3258348 0.36688462 202.08334
-5.8346634 0.70001173 -0.023359297 136.5
-5.814785 0.86361778 -0.018117061 140
-5.8269091 1.0272913 -0.017261498 156.25
-5.8991146 1.1862949 -0.030546566 166.39865
-5.8935366 1.2598829 -0.019429643 166.18869
-5.8284874 1.3102521 -0.008063972 170.5
-5.8681798 1.4234331 -0.0028005205 169
-5.8617001 0.43898892 0.042663515 168.46667
-5.8850965 0.57260734 0.041509308 171.5
-5.8404322 0.66209352 0.05303577 173.3125
-5.8533678 0.76053137 0.055608235 173.34616
-5.8319902 0.81976718 0.049129799 170.88461
-5.8711152 0.95277232 0.056064092 176.94444
-5.8616309 1.0200735 0.035502948 164.85417
-5.8904548 1.1431377 0.049551453 168.97562
-5.8572187 1.244072 0.021176528 167.17337
-5.8571386 1.3168198 0.023456663 168.60606
-5.8655171 1.4327074 0.043683264 169.34146
-5.8537889 1.5470417 0.036482047 171.55737
-5.8431244 1.615696 0.050762434 180.82738
-5.8636551 1.7548044 0.039923485 188.09039
-5.846087 1.8485548 0.050342165 180.4742
-5.8849626 1.9466815 0.056238398 173.27777
-5.8586078 2.0524912 0.052050337 169.71925
-5.8582039 2.1505654 0.061686747 159.29129
-5.832633 2.2555852 0.048981402 157.65646
-5.8521981 2.3522897 0.06234359 146.10905
-5.8491659 2.4390838 0.045372851 170.64999
-5.8537993 2.5583501 0.03486089 184.85834
-5.8641825 2.6943185 0.045715671 186.77777
-5.843678 2.7603467 0.034510493 170.22223
-5.8566284 2.8702614 0.034837302 165.6389
-5.8317513 2.965483 0.055670451 159.7849
-5.8499408 3.0489929 0.030652616 140
-5.802381 3.296062 0.080753505 177.60001
-5.8239231 3.403718 0.083180457 167.25
-5.8471618 3.5227418 0.08125101 149.33333
-5.8577909 3.6160035 0.07924258 142.6954
-5.8766613 3.7381034 0.094742909 137.40323
-5.8764963 4.6366558 0.085264191 186.60001
-5.8936501 4.7368417 0.092664599 185.8
-5.8361015 2.2277803 0.10925795 141.5
-5.8607106 2.4191878 0.11299979 121.66666
-5.8786216 2.5939395 0.11716991 131.25
-5.8523817 2.7668931 0.12908532 137.16666
-5.8776288 2.8836107 0.12684725 140.25
-5.8068662 2.9237139 0.14342292 113
-5.8889108 3.028842 0.12568487 136.83333
-5.8490481 3.1177366 0.13771486 140.375
-5.8614335 3.2084534 0.13498823 157.66667
-5.8393073 3.3188682 0.14233172 144.58333
-5.8574486 3.4433811 0.14332958 144.52499
-5.8574009 3.5499303 0.15296769 147.66666
-5.824491 3.6269004 0.15430817 138.60001
-5.8132186 3.7210052 0.15324897 148
-5.8144073 3.8211348 0.12924759 158.30344
-5.8288641 3.9457428 0.13189325 166.53787
-5.8684649 4.0443997 0.1415638 182.23938
-5.8426948 4.1728916 0.13995424 171.50793
-5.8515358 4.2489944 0.12722182 162.41667
-5.8771372 4.3157086 0.12969214 197.375
-5.8751855 4.4079723 0.11332609 147
-5.8462811 4.5540099 0.12712595 147.23334
-5.8513646 4.6716061 0.14142744 146.5
-5.8787956 4.7478337 0.11823885 189.39999
-5.8273473 4.8279037 0.12576054 183.86835
-5.8583808 4.9384341 0.12804198 184.05266
-5.8646622 5.0310426 0.12177011 186.05186
-5.850275 5.1261635 0.13643013 178.91319
-5.8463411 5.2554679 0.16839193 176.72205
-5.8415575 5.3963785 0.15284775 188.33333
-5.8227711 5.4293885 0.16622959 165.84871
-5.8699417 5.5276151 0.16090606 164.4389
-5.8355904 5.6217117 0.15236437 164.9028
-5.8565073 5.7336388 0.16564727 166.31378
-5.8647356 5.8877654 0.15354297 173.77083
-5.8513117 6.0378647 0.17888093 181.15384
-5.8037782 3.5762112 0.22945186 129.41667
-5.8736501 4.0839019 0.29409057 175.5
-5.8746581 4.104815 0.23414399 203.09091
-5.8009076 5.2082829 0.20046012 186.33333
-5.8370996 5.3388128 0.22034661 180
-5.8481226 5.4293008 0.25391808 162.25
-5.854135 5.6612272 0.243816 152.01917
-5.8436885 5.7493606 0.22165188 175.05606
-5.8250093 5.8470893 0.23169494 176.12784
-5.8415618 5.9499049 0.22490743 183.52499
-5.8555098 6.0472002 0.23175457 181.5
-5.8564239 6.1722693 0.2249244 178.92857
-5.8590779 6.246191 0.24949159 187.79723
-5.8395448 2.1505384 0.31103319 139
-5.8964038 5.5010958 0.35061023 121.32
-5.8162942 5.6107521 0.32411057 126.09524
-5.8024092 5.8588071 0.3261331 158
-5.8488321 6.245718 0.32874164 199.75
-5.7612429 0.66236848 -0.020296652 129
-5.7001829 0.77855641 -0.016868288 139.5
-5.7493682 0.92111927 -0.023297239 155.66666
-5.7373166 1.0854661 -0.0046432763 167
-5.7032318 1.1096915 -0.012294849 171
-5.7919669 1.3227838 -0.0065974109 171
-5.7316818 1.4265468 -0.002780508 168.75
-5.7081676 1.7380612 -0.00041180864 174
-5.716536 1.836293 -0.0020489674 175.10527
-5.73809 1.9034832 -0.007330664 174.76315
-5.7056484 2.1204562 -0.016321033 170.53334
-5.7493401 0.35218927 0.013719226 151.625
-5.7349482 0.44339448 0.03126676 178.16666
-5.7831602 0.5326038 0.044583034 174.16666
-5.769486 0.62830955 0.047991421 176.25
-5.7149549 0.74531275 0.032165918 161.25
-5.7239771 0.86224878 0.055491269 163
-5.726624 1.0528086 0.044938054 162
-5.7183919 1.1576728 0.045020416 163.52325
-5.7539196 1.2303543 0.0057130847 168.04768
-5.7467375 1.3461679 0.012702425 170.71352
-5.7573867 1.4437813 0.019112797 169.86385
-5.7556334 1.5571107 0.037170332 178.3091
-5.7407517 1.6498239 0.049737651 180.92802
-5.7463293 1.7446624 0.04722413 182.23872
-5.7326107 1.8559862 0.054247949 182.37621
-5.7722845 1.9652396 0.045245681 172.27226
-5.7339706 2.0601969 0.062226146 164.36
-5.765089 2.1381149 0.057962459 155.80128
-5.7591472 2.2438557 0.054127317 149.42024
-5.7376127 2.3524535 0.046188492 161.06729
-5.768836 2.4391212 0.042988859 167.48456
-5.726099 2.554225 0.044278767 166.24445
-5.7751784 2.6469812 0.019136412 184.2
-5.7241769 2.7623723 0.036231153 161.43791
-5.7678833 2.8426628 0.045659069 155.88335
-5.7553267 2.9752908 0.063210659 153.5
-5.7599325 3.0748203 0.090193935 183.35001
-5.7416677 3.1664896 0.087255746 184.95
-5.7009802 3.2830348 0.080261029 181.39999
-5.7059221 3.3513374 0.080788597 176
-5.7097955 3.4056864 0.080801092 167.33333
-5.7177563 3.5156548 0.081655011 154
-5.7515583 3.6298304 0.087870367 141.39551
-5.735827 3.7480557 0.089240313 130.41525
-5.7203913 4.6849689 0.096684813 186.66667
-5.704669 1.1387987 0.14606944 152.88889
-5.7586832 2.1940353 0.14576577 166
-5.768713 2.2559595 0.14986503 137.75
-5.7340965 2.3503397 0.1261249 124.5
-5.7834387 2.5085368 0.12050822 130.75
-5.7668324 2.6537278 0.13227247 137.25
-5.7118206 2.7660389 0.19196448 123.86667
-5.7448225 2.8595665 0.15091121 154.66666
-5.7785621 2.9376669 0.13038702 144.1111
-5.749361 3.0299253 0.14129993 142.08334
-5.785037 3.1543059 0.14008635 148.96667
-5.7615299 3.2164938 0.14303173 153
-5.7945571 3.3451598 0.14327216 165.66666
-5.7543612 3.4441233 0.15207168 151.25714
-5.7395978 3.5589983 0.15767162 149.94444
-5.7386708 3.637852 0.19216816 123.76471
-5.7509665 3.7038143 0.14862053 156.39999
-5.7360554 3.8491323 0.14005929 155.6875
-5.7151546 3.954319 0.13873641 159.48001
-5.7603474 4.0247946 0.13863294 165.26666
-5.7307577 4.1504593 0.14538035 163.58333
-5.7377677 4.2654896 0.13115397 176.58333
-5.7390976 4.3332276 0.13969116 158.25
-5.7485938 4.4437418 0.12748386 146.5
-5.7479787 4.537303 0.12937728 154.41666
-5.7459073 4.653338 0.13226613 159.625
-5.7910271 4.7529869 0.12831092 172.04999
-5.7455859 4.8594594 0.12506203 178.21565
-5.7381859 4.9558897 0.12988965 180.95128
-5.7419524 5.0421758 0.13825573 179.54149
-5.7619743 5.1515203 0.15675072 178.60336
-5.753355 5.2605758 0.16183616 177.18346
-5.7573361 5.3626518 0.1444784 169.32524
-5.7384524 5.4691577 0.17129695 177.64413
-5.7661757 5.5535073 0.15396011 166.55785
-5.7345204 5.6558166 0.17004852 171.24072
-5.7154145 5.7643867 0.16226032 176.875
-5.741632 5.8390136 0.16703707 174.29559
-5.7842774 5.9794221 0.16753989 180.16667
-5.720088 6.0242028 0.18843782 185.93333
-5.7908254 6.1091046 0.19722015 187
-5.7082882 2.173887 0.20223206 157.33333
-5.751215 2.7814031 0.21036053 125
-5.7783055 2.8534389 0.25158423 134.59091
-5.7808814 3.5984955 0.21564454 141.60001
-5.7272725 5.2597446 0.21177703 186
-5.7147155 5.3753667 0.25080177 179
-5.7365346 5.611908 0.23757571 172.5
-5.7381053 5.71313 0.21967354 162.75
-5.7526484 5.8437538 0.22822052 165.43498
-5.7445574 5.9439101 0.22696692 173.90442
-5.7467036 6.0583992 0.23491113 178.80952
-5.758297 6.1429567 0.21861047 175.1389
-5.7863078 6.2233253 0.25185505 186.5
-5.7279305 6.3432403 0.26645246 203.41666
-5.7138886 5.340395 0.36757451 158
-5.77742 5.468977 0.34146994 144.4375
-5.7331109 5.5591373 0.34700605 133.66666
-5.7803636 5.6290898 0.31731021 156
-5.7335658 5.8301167 0.34451631 145.0042
-5.7837062 6.231914 0.36964166 199.76923
-5.773026 5.4089141 0.4068549 143
-5.6549888 0.82908642 -0.020894932 153
-5.6641717 0.99263477 -0.0041537243 167
-5.6539536 1.0033693 -0.018339291 170.66667
-5.637764 1.1528444 -0.006859839 175.5
-5.6516438 1.370757 -0.00017625127 169
-5.6381001 1.9411973 -0.00068519241 169.82051
-5.6961031 2.0139046 -0.016494518 170.73685
-5.641242 2.1712022 -0.023222435 168.80646
-5.6026039 2.291388 -0.0095284358 174.52632
-5.6000805 0.34333059 0.012455185 159
-5.6913242 0.43853143 0.024821885 151.33333
-5.6407509 0.52397293 0.018989462 161
-5.6624079 0.65418947 0.031306829 163.25
-5.6372714 0.73491257 0.027908118 160.60001
-5.6057458 0.83637762 0.039368324 159.39999
-5.6221981 0.93016464 0.083922878 155.66667
-5.6228628 1.042438 0.041345723 158
-5.6149411 1.1399627 0.021853933 165.99763
-5.6114888 1.2511801 0.016334627 169.91667
-5.6434751 1.3584371 0.024779741 169.45708
-5.6550603 1.4557959 0.031590767 170.38911
-5.648735 1.5434498 0.044590455 174.10851
-5.6627808 1.6373291 0.055216473 181.46031
-5.647469 1.7441986 0.045124453 183.56003
-5.6436896 1.8522183 0.035597354 180.61774
-5.6468048 1.9475754 0.058927592 169.47426
-5.6344409 2.0536165 0.060477547 158.24417
-5.6391759 2.143096 0.064731121 153.93982
-5.6607141 2.253453 0.04901804 156.71959
-5.6592522 2.393158 0.073021285 148.2
-5.6641927 2.4485765 0.032096688 162.50006
-5.6302199 2.5612216 0.018483127 173.85901
-5.6539989 2.6724358 0.031129852 165.56956
-5.6537733 2.7803309 0.067069024 155.47058
-5.6102118 2.8094959 0.031618778 166.75
-5.6640425 2.9553301 0.066662587 176.08333
-5.6664238 3.0732901 0.086685643 183.5
-5.6096878 3.1870551 0.083762854 186.16667
-5.6013851 3.3319237 0.079556637 173.60001
-5.6429453 3.664624 0.08557719 148.40704
-5.6805096 3.8494983 0.093264841 146.37097
-5.6071615 4.7598057 0.093106836 179.75
-5.6171842 1.777905 0.13535878 130.85715
-5.6658249 1.8241397 0.1583667 137.16666
-5.6363564 2.078512 0.11605492 135.75
-5.6526113 2.1292906 0.13860533 136.12338
-5.690866 2.4162912 0.12839964 131
-5.6188202 2.5236905 0.1410896 143
-5.6778889 2.6573675 0.13321799 129.5
-5.6771374 2.7355149 0.14527389 133.61429
-5.6584396 2.89993 0.14481866 160.5
-5.6783042 2.9949536 0.14634815 166.25
-5.6879478 3.0959833 0.14544353 134
-5.6735983 3.1415598 0.12376834 145.53334
-5.6508927 3.2639508 0.14724204 151.98955
-5.6055126 3.382705 0.16306765 143.33333
-5.6509142 3.4479887 0.16340533 158.78571
-5.6850977 3.5277534 0.16232339 167
-5.6426415 3.6602533 0.16682351 166.89166
-5.6322241 3.7784669 0.16450632 174.5
-5.6388416 3.8929925 0.16214915 175.875
-5.6146164 3.9141328 0.1080852 147.45833
-5.6349168 4.0483918 0.15434308 166.20833
-5.658709 4.1796055 0.14428604 169.83334
-5.6089525 4.2845597 0.11837701 162.5
-5.6265674 4.348907 0.1235499 141.33333
-5.6331244 4.498991 0.1388202 156.93333
-5.6409378 4.5912743 0.13084571 164.33333
-5.6534915 4.6435013 0.1357733 154.63095
-5.6612105 4.7494659 0.13450997 164.27777
-5.6243911 4.8574076 0.15235312 165.81743
-5.6452379 4.9453483 0.14616279 181.22838
-5.6420665 5.0413704 0.14695302 178.89493
-5.672967 5.1655922 0.16155377 178.68712
-5.6804662 5.2609692 0.13412932 186.29709
-5.6496983 5.3374367 0.1513067 176.5119
-5.6404924 5.4412274 0.1662444 184.30507
-5.6364131 5.5522518 0.16633983 180.30638
-5.6455841 5.630096 0.16524942 173.87262
-5.6337442 5.741879 0.1483596 180
-5.6318874 5.8345704 0.16283377 181.78261
-5.6426258 5.949533 0.18343635 185.875
-5.6641302 6.0879774 0.19233653 189.10001
-5.609098 6.1941376 0.18817528 192
-5.6932249 6.2409167 0.19861327 199.75
-5.6267495 5.035224 0.24320263 145.60001
-5.6358919 5.2389555 0.21124598 187.83333
-5.6479459 5.5636024 0.23829749 149.55556
-5.6221766 5.6884179 0.20071326 174.85715
-5.6402874 5.7252827 0.21659204 158.6683
-5.6306844 5.8468556 0.22959557 160.66071
-5.654563 5.9550686 0.23643586 154.63333
-5.6525593 6.0549517 0.23564452 172.11903
-5.6419773 6.1377048 0.23386908 144.66667
-5.6800637 6.2641678 0.24545145 190.61539
-5.6539984 6.3059802 0.24812423 208.42857
-5.6063514 5.012568 0.3263109 136.19444
-5.6891518 5.8347864 0.39583066 141
-5.6128459 6.2512937 0.36092192 202.84616
-5.6398911 5.7957845 0.41658762 145.25
-5.5982533 0.6808719 -0.016606903 142
-5.5492063 0.75092757 -0.014066576 151.75
-5.5579758 0.93591928 -0.010234268 168.27777
-5.5653939 1.0611229 -0.017686348 167.25
-5.5169597 1.1329739 -0.0078886906 174.15384
-5.5407109 1.4738357 -0.0060910294 174.11111
-5.5262804 1.9425731 -0.015978634 166.85492
-5.5854888 2.0794611 -0.0049412716 164.31111
-5.5079541 2.1113033 -0.010146801 163.5921
-5.5522614 2.2053092 -0.018692551 166.63333
-5.5055084 2.3380823 -0.009522412 174.58974
-5.5921602 0.35196272 0.012042184 154.25
-5.5465083 0.45477909 0.018355621 159.8889
-5.5234237 0.53779966 0.017028168 162.83334
-5.5634446 0.62902737 0.017131124 166.6111
-5.5298362 0.74681515 0.028183358 168.91666
-5.5320697 0.83453804 0.038982548 159.75
-5.5422959 0.95609766 0.034401536 178.72223
-5.543303 1.0572708 0.028302984 174.28612
-5.5368261 1.1397823 0.029676739 179.72665
-5.5157986 1.2326455 0.0068197167 169.33334
-5.5562544 1.3590137 0.066099934 172.7
-5.5551496 1.4383911 0.035272367 172.26973
-5.5557723 1.5399318 0.051455826 175.92751
-5.5626388 1.6400762 0.056506805 183.4632
-5.5566025 1.7417617 0.059061643 173.2314
-5.5549436 1.8583331 0.043321859 182.91345
-5.5414424 1.9606285 0.046635874 169.11464
-5.5534043 2.0292878 0.047403123 165.62718
-5.5489407 2.142123 0.064586625 150.23685
-5.5497503 2.2365224 0.057933342 149.70573
-5.5647368 2.3686397 0.032051299 174.42255
-5.5618839 2.4748826 0.014792986 183.05453
-5.5387039 2.5369725 0.047125701 144.87044
-5.5594239 2.6344354 0.037903622 170.61411
-5.5566106 2.7333689 0.06089012 155.33977
-5.5399461 2.8663368 0.046052855 167.0088
-5.5495939 2.9643989 0.050553109 162.64999
-5.5210428 3.0298767 0.05235276 158.51315
-5.5437222 3.119822 0.055247497 153.83334
-5.5442238 3.2306843 0.052126665 146.5
-5.5945854 3.4684041 0.081701525 161
-5.5888224 3.5965917 0.087423027 145.66667
-5.5523272 3.6651006 0.07372649 156.23077
-5.5697021 3.7315261 0.089008659 148.04276
-5.5337539 3.8346086 0.083693489 156.81035
-5.5754471 4.9798436 0.091012068 168
-5.5504007 5.1249485 0.098848127 165.77612
-5.5346136 1.0250473 0.12274025 143
-5.5149846 2.2497432 0.17090805 141.2
-5.5582371 2.6156552 0.14590998 154.5
-5.570013 2.7180581 0.15113387 146.75
-5.5659704 2.8117445 0.15641713 156
-5.558547 2.9123864 0.15284336 170.21428
-5.5620894 3.0429919 0.15312451 144.6389
-5.5452724 3.1293442 0.16513255 152.03333
-5.5788622 3.2023621 0.14825015 170.92
-5.5577006 3.3340125 0.14547534 156.93333
-5.5330877 3.4457035 0.16106772 159.89862
-5.5583634 3.5653963 0.18411787 169.96666
-5.5238371 3.6503241 0.15768711 174.87059
-5.5349836 3.7989211 0.14867483 176.78947
-5.5398002 3.9211991 0.13608843 162.47916
-5.5447741 4.0448189 0.15306959 158.50961
-5.5816293 4.1677117 0.12303894 133.8889
-5.5798216 4.2540674 0.12039942 143.5
-5.523221 4.4832783 0.14512213 154.56667
-5.5405397 4.5592804 0.14306821 156.8
-5.5553203 4.6528764 0.15433869 153.66667
-5.5479965 4.7504101 0.15780957 155.9762
-5.5567307 4.8297615 0.14920485 165.27419
-5.528337 4.9548635 0.15775837 171.28334
-5.5479946 5.0430398 0.14855437 178.02452
-5.5616727 5.1656623 0.15953118 175.90594
-5.5504107 5.2529001 0.1489857 164.36133
-5.5439887 5.3524141 0.14897716 181.79832
-5.5720644 5.4736443 0.15717745 183.62669
-5.5082812 5.5128508 0.16974179 183.8
-5.5909233 5.6338701 0.19002926 184
-5.5749702 5.7463474 0.17987974 181.94444
-5.5196786 5.8345718 0.17207219 186.85715
-5.5666327 5.901289 0.18050615 187.125
-5.575634 6.0167098 0.18792474 189.71428
-5.5292106 6.1364689 0.18102281 189.2
-5.558043 6.2450585 0.19168293 205.33333
-5.5062523 5.0979095 0.21164608 172.83333
-5.5536489 5.3683515 0.21869348 185.8
-5.5293241 5.4412441 0.22198422 184.75
-5.565443 5.5533748 0.23206425 152.92
-5.5494976 5.6413155 0.21610965 181.49445
-5.5592313 5.748013 0.21813324 161.80952
-5.5453253 5.8526578 0.23140985 167.01385
-5.572804 5.9642353 0.24002501 167.65834
-5.5271358 6.0420208 0.24390765 178.93056
-5.5496058 6.1591578 0.24131228 133.25
-5.5351577 6.2244167 0.24329013 173.79166
-5.5812178 5.8547788 0.38102069 161.60001
-5.4635835 0.32528752 -0.0011923937 156.33333
-5.4797978 0.85015118 -0.013058549 167.83334
-5.4231887 0.93100011 -0.0088931136 176.33334
-5.4655342 1.0314223 -0.0091789104 175.01666
-5.4701662 1.1614449 -0.033562187 164.5
-5.4389005 1.2342458 -0.013755585 172.42857
-5.4657907 1.4730496 -0.01162966 179.67308
-5.4247394 1.537921 -0.010938889 176.64999
-5.4094186 1.7299379 -0.023591334 165.69853
-5.4081817 1.9330506 -0.047217544 167.63
-5.4640851 2.0235381 -0.039432567 165.61417
-5.4256873 2.1528909 -0.011338021 163.45833
-5.4393091 2.2710783 -0.025918033 167.87988
-5.429523 2.3669813 -0.0040905373 175.72223
-5.4549599 0.32868907 0.022099381 151.33333
-5.4225526 0.44020393 0.017465074 158.73334
-5.4253297 0.57185662 0.018146444 147.75
-5.4387975 0.62492573 0.018470338 171
-5.4367399 0.73207635 0.02691981 174.18056
-5.4369345 0.85005713 0.011685655 165.15765
-5.4352641 0.9478209 0.011287913 175.27884
-5.4405475 1.0491555 0.035130795 185.05357
-5.4377074 1.1592377 0.029957552 178.42336
-5.4461608 1.2363294 0.029077943 173.50064
-5.4577861 1.3459764 0.049364645 173.8532
-5.4280105 1.4359932 0.051850002 175.37996
-5.4720511 1.5461417 0.071284682 183.5
-5.4708157 1.646641 0.04188044 180.12891
-5.446713 1.7447307 0.049852587 186.75661
-5.4628544 1.8203959 0.046417542 182.73286
-5.4377522 1.9442682 0.056719396 177.85416
-5.4508376 2.0507748 0.058679525 169.71802
-5.4610448 2.1493232 0.054128081 159.79872
-5.420825 2.2903867 0.049186509 166.28571
-5.4056354 2.3430412 0.028194243 188.625
-5.4514446 2.4510224 0.02914916 178.5125
-5.4756527 2.5433159 0.048554193 164.43056
-5.4635634 2.6431916 0.055627037 161.92058
-5.4921031 2.7714946 0.019484187 182.8
-5.4593396 2.8221295 0.060769603 169.375
-5.4302502 2.9773867 0.084831662 182.01515
-5.4601431 3.096668 0.090437353 180.28572
-5.4455395 3.1593602 0.086035199 181.14746
-5.4437952 3.2366757 0.075895265 175.52942
-5.4769263 3.3475807 0.085835032 166.31876
-5.4619646 3.4700477 0.079933144 159.77335
-5.4539123 3.526273 0.077511355 157.33829
-5.4465537 3.6391976 0.079672299 148.55103
-5.4921641 4.7863297 0.088735819 173.56757
-5.4142718 4.8980579 0.077068448 168.42
-5.4985785 2.2196164 0.11226059 141.77777
-5.4560733 2.4441357 0.11740039 116
-5.4608774 2.5529716 0.11703118 133
-5.4748802 2.7199042 0.1396662 156.78571
-5.4463768 2.8328912 0.1272205 178.09167
-5.4754233 2.9299228 0.12341205 180.59927
-5.4548497 3.0350525 0.12341851 180.7375
-5.4536338 3.1585257 0.12583657 170.35286
-5.4651093 3.2129705 0.16608146 147.39999
-5.4650297 3.3056021 0.17179765 144.72
-5.4485264 3.4382291 0.18849561 144.36012
-5.468143 3.5360789 0.16381153 169.78519
-5.434206 3.6380174 0.14578594 181.375
-5.4301195 3.7157497 0.16548283 174
-5.428061 3.8115704 0.16994715 160.34782
-5.4227529 3.9065175 0.17509544 146.80646
-5.433053 4.0442719 0.1785771 146.77084
-5.4118633 4.1628647 0.11921812 110.5
-5.4443297 4.265543 0.12326647 118.66666
-5.4717607 4.3520379 0.12616375 125.5
-5.4489341 4.4281507 0.14121312 141.52777
-5.433929 4.5585899 0.15838046 155.78947
-5.4532986 4.6674113 0.16354139 166.3
-5.4608569 4.7565994 0.16213663 168.25
-5.4585013 4.8462181 0.17486091 150.95714
-5.4210968 4.9746909 0.14984432 159.52959
-5.4576592 5.0431747 0.10963193 166.78227
-5.451901 5.1549735 0.12724967 172.63618
-5.4523311 5.2565365 0.128995 171.45415
-5.4449825 5.3708982 0.14107779 190.33334
-5.4667625 5.4153681 0.15323658 188.60001
-5.4801159 5.6707354 0.17550291 187.33334
-5.45787 5.7600803 0.16843437 188.25
-5.449295 5.8532829 0.17432615 189.5
-5.4825516 5.9384508 0.17659917 189
-5.4629683 6.0587249 0.17738964 186.83333
-5.4520369 6.1957579 0.18498589 183.25
-5.4096932 3.5900941 0.20381489 169
-5.4196658 5.2773757 0.20776954 188.75
-5.4619856 5.3355088 0.23762387 185.91667
-5.4412923 5.4438057 0.22126921 187.39999
-5.4611955 5.5410314 0.22590087 161.90477
-5.4616933 5.6452827 0.22394648 161.40001
-5.4636617 5.7237859 0.24426061 184.19048
-5.4423299 5.8384075 0.25456011 168.05734
-5.4545002 5.9574776 0.25182614 171.79167
-5.4346228 6.0681796 0.24515867 161.31
-5.4325767 6.1569171 0.25514376 119
-5.4642539 6.2425256 0.22194712 144
-5.4757142 6.2455368 0.35226667 206
-5.3435249 0.56400967 -0.012964513 145.75
-5.3265476 0.6060012 -0.02615257 153
-5.3265877 0.87166828 -0.014345557 167.38971
-5.3431654 0.94354439 -0.0077413954 176.36632
-5.3161554 1.0367672 -0.018787252 167.51515
-5.3820901 1.1305207 -0.0010479392 172.33333
-5.3447747 1.2333571 -0.013617495 172.08252
-5.3390417 1.3579009 -0.018350229 171.12671
-5.338985 1.5120873 -0.024991974 175.13889
-5.3470592 1.6575146 -0.028001303 166.22995
-5.32059 1.7718437 -0.02733399 167.96371
-5.3255062 1.8768514 -0.020500528 167.63486
-5.3655987 1.9509305 -0.047066703 167.54082
-5.397861 2.0593014 -0.04055801 165.1375
-5.3237729 0.3459816 0.012703178 155.5
-5.3441257 0.46005332 0.015300053 150.06667
-5.3461294 0.55175394 0.035264868 151
-5.3279171 0.64923555 0.020581143 165.61481
-5.3435073 0.7394008 0.022492424 180.17532
-5.3314624 0.84270072 0.01312738 178.2074
-5.3713794 0.92612171 0.0076831114 156.09596
-5.3346992 1.0595244 0.023124609 180.67375
-5.3325014 1.1406049 0.034940414 170.82092
-5.3487544 1.2438265 0.038772698 180.81061
-5.3593993 1.3550974 0.039428014 174.13055
-5.3434815 1.4446509 0.03133364 174.26021
-5.340271 1.5402972 0.035976015 180.0744
-5.3452101 1.6281202 0.041396037 184.08684
-5.3278217 1.7614613 0.029503744 183.57143
-5.3494568 1.8445928 0.030927423 176.48125
-5.3244133 1.9203206 0.051679671 190
-5.3581567 2.0430539 0.02352424 176.92778
-5.3511739 2.1440418 0.040871728 176.83333
-5.3344569 2.2484095 0.031129284 169.40581
-5.3151107 2.3526716 0.029227311 185.60001
-5.3040771 2.428864 0.034395181 188.71428
-5.3136091 2.5261321 0.02269586 190.66667
-5.3317208 2.6649065 0.074057013 171.14444
-5.3655124 2.7665155 0.078387819 173.45097
-5.3638873 2.8801756 0.074894264 178.5
-5.3397369 2.945518 0.094271809 184.19167
-5.343677 3.0342808 0.089019544 186.39999
-5.3397861 3.1524403 0.08994443 179.5
-5.3656745 3.2693813 0.086047657 171.09091
-5.3322034 3.3383732 0.082662612 168.25478
-5.3342648 3.470304 0.074531347 154.66667
-5.3099389 3.5494752 0.079007357 148.5
-5.3497033 4.8268404 0.086998656 165.00897
-5.3052392 4.9014049 0.092551708 163.52325
-5.3291836 5.032146 0.084338874 163.01431
-5.3814392 1.0898035 0.12084728 138.51666
-5.3673944 1.100522 0.15784076 124
-5.3449349 1.9831016 0.17468548 123.77778
-5.3228188 2.0207829 0.11764042 141.33333
-5.3137999 2.4693983 0.12248371 118.5
-5.3244977 2.5330865 0.12254336 130
-5.3354912 2.6066148 0.11702537 144
-5.3650303 2.7547877 0.14387688 141.39999
-5.3670168 2.8622124 0.14614971 151.16666
-5.3491073 2.9519105 0.14585149 144.50952
-5.340313 3.0329211 0.15273833 137.05856
-5.3502936 3.1269152 0.12965921 150.66127
-5.3478708 3.2451112 0.15517513 151.09741
-5.3658524 3.3420024 0.14919171 151.81212
-5.342907 3.4599452 0.14786234 161.76312
-5.3359804 3.6075337 0.12810656 165.01666
-5.3791733 3.7464585 0.13224599 185.36365
-5.3415947 3.842103 0.16236101 159.45
-5.3419886 3.9083779 0.15312682 146.44263
-5.3507133 4.0330534 0.16698109 147.80254
-5.3418689 4.4319878 0.13613167 149.48233
-5.3481145 4.5663247 0.16082768 146.84616
-5.3403082 4.6473041 0.16998369 149.89584
-5.3637223 4.7324018 0.17580575 145.78334
-5.3366346 4.85886 0.17347501 156.85001
-5.3616672 4.9064517 0.18593931 142.28572
-5.3579984 5.0658112 0.14614211 159.93687
-5.3570213 5.1475182 0.14987227 163.78607
-5.3673286 5.2514749 0.13682385 183.44444
-5.36621 5.3788066 0.14115176 186.83333
-5.3525715 5.6750107 0.16372043 187.5
-5.3146205 5.7800574 0.16780935 182.5
-5.3582563 5.8454409 0.1661801 186.66667
-5.3967104 5.9760051 0.17359896 183
-5.3170662 6.0087399 0.17641242 174
-5.3723683 6.1101999 0.18288514 176.5
-5.382813 6.248168 0.19017358 208.66667
-5.3958879 3.3407538 0.27411518 128
-5.320601 3.4989159 0.22584157 149.5
-5.3500605 3.6686995 0.2333061 160
-5.336587 3.7559884 0.24181443 147.66666
-5.3397207 5.2541394 0.21659778 176.375
-5.3496671 5.348516 0.21320008 186.5
-5.3076034 5.4374876 0.22309832 182
-5.3711691 5.5972109 0.23930731 188.58333
-5.3359747 5.7229128 0.24690154 188.60001
-5.3499765 5.9921999 0.28834304 177
-5.3013239 6.0132327 0.27875406 178
-5.3558373 6.1077628 0.26592749 183.60001
-5.3554816 6.2413955 0.25110948 210.3
-5.3550777 3.4034483 0.33104739 139
-5.326714 6.2332683 0.31737611 211
-5.2383099 0.42344448 -0.013124233 136
-5.2178049 0.50734836 -0.009215204 145.66667
-5.292551 0.69820791 -0.009157245 162
-5.2741399 0.74504888 -0.01660195 168
-5.235733 0.84753549 -0.0065592886 174.875
-5.2617345 0.94091636 -0.024898268 159.80833
-5.2446208 1.0482149 -0.017045353 168.43211
-5.2429008 1.1429931 -0.012275861 169.987
-5.2050695 1.2487966 -0.034293711 149.09406
-5.2354965 1.3247207 -0.020481719 171.71155
-5.2752857 1.4468039 -0.027204406 170.96135
-5.2526698 1.5331931 -0.017853871 172.79248
-5.2955427 1.6765066 -0.022631966 169.62379
-5.2278972 1.7373637 -0.018648798 151.50648
-5.2554169 1.8001975 -0.03048482 170.10667
-5.2071953 1.9275947 -0.016858598 168.08974
-5.2014713 2.1665678 -0.0038766924 171.71875
-5.2060075 0.37659147 0.011872306 164
-5.2499065 0.45357996 0.024593761 149.72917
-5.2491131 0.54028898 0.014039415 168.89166
-5.2286105 0.65692645 0.024743019 163.85001
-5.2381802 0.76295555 0.011009466 181.55473
-5.2261219 0.85083842 0.011661701 177.89684
-5.2533779 0.95932031 0.019874614 163.89171
-5.251152 1.0377492 0.020632653 174.44048
-5.232657 1.1530681 0.033512201 182.81944
-5.2558098 1.226789 0.039071511 184.02942
-5.2538733 1.3343127 0.034771036 169.4288
-5.2442098 1.4574578 0.040682662 168.02264
-5.2486691 1.5733385 0.0089103375 173.61143
-5.2367144 1.6377978 0.020165628 177.15384
-5.2348323 1.7506377 0.0281776 182.35715
-5.2482662 1.8640807 0.023422994 169.0835
-5.2415004 1.9302171 0.050288826 169.74673
-5.2479477 2.0384078 0.047277879 175.01192
-5.2533875 2.1593592 0.037335839 169.9962
-5.2384319 2.2625523 0.039557207 162.78055
-5.2177925 2.3369327 0.026480824 182.38095
-5.2319202 2.4311175 0.049013168 168.0119
-5.2288623 2.5373433 0.055551048 159
-5.2447195 2.6480315 0.077385157 163.9375
-5.2369304 2.7514725 0.080870964 159.71625
-5.2542839 2.8545022 0.084268928 164.11389
-5.2384501 2.9873152 0.094078757 187.83334
-5.2830663 3.0679443 0.088994168 187.33333
-5.231101 3.147073 0.084266968 175.2
-5.298646 3.2468088 0.0844125 173
-5.2421813 3.368021 0.084073186 159.25
-5.2305379 3.4320924 0.091330074 158.56061
-5.2902985 3.6764903 0.093640454 159.33333
-5.2205839 4.8699899 0.093318723 151.82759
-5.2256293 4.9530215 0.08030083 162.36522
-5.2579575 5.0464063 0.084908865 163.80551
-5.2949758 0.95927513 0.11170077 166.8
-5.2390242 1.4799715 0.17696923 207.77777
-5.2084703 2.6375289 0.12343897 146.25
-5.2443247 2.7574151 0.12285414 168.5
-5.2724304 2.854728 0.11884057 181.39999
-5.2142649 2.9499786 0.12216129 145.89999
-5.2625017 3.0621369 0.14624158 148.26137
-5.2488456 3.1584582 0.15231723 156.06714
-5.2580495 3.2426982 0.15647754 159.33134
-5.2590804 3.3370142 0.16884904 152.69104
-5.2534142 3.4107556 0.16668248 160.6125
-5.2339158 3.5283959 0.12213129 170.54247
-5.24333 3.6430159 0.13133082 162.3672
-5.2214317 3.7391572 0.16158532 164.08006
-5.224062 3.8082097 0.16542414 151.91765
-5.2375689 3.9415269 0.14250423 163.41006
-5.2175641 4.0667834 0.13247319 164.57143
-5.2355814 4.384006 0.12359963 156.77083
-5.2424598 4.4700499 0.13589704 136.25
-5.2671309 4.5593596 0.15784629 143.30952
-5.2296329 4.6622367 0.1689166 143.93808
-5.253377 4.771903 0.17798428 156.10001
-5.2537198 4.8392272 0.18230543 161.72223
-5.2419119 4.9598079 0.19123018 146.9375
-5.2462883 5.1066456 0.1056319 171.18182
-5.2610521 5.2259932 0.12925689 179.84616
-5.2752147 5.3461943 0.14735238 177.94048
-5.2035551 5.5575328 0.161678 173.66667
-5.2567863 5.6487007 0.16513841 180.16666
-5.2170706 5.7924924 0.17117326 172.16666
-5.2528453 5.9072466 0.17540857 178
-5.2603683 6.0306191 0.18220074 166.5
-5.2779799 6.1654091 0.18479523 169.33333
-5.2619319 1.4528902 0.21794444 163.25
-5.2546554 3.5884967 0.24301682 147
-5.2329221 3.6877468 0.24739617 163.32692
-5.2662334 3.7374833 0.24781963 129.16667
-5.2255168 3.9300234 0.26205659 148.10001
-5.2276969 5.044868 0.20393343 143.71428
-5.261302 5.137661 0.20958386 144.40001
-5.2494292 5.296411 0.22001952 163.5
-5.2085752 5.3999705 0.22897305 158.2
-5.2692413 5.5452294 0.23268592 182.16667
-5.2448769 5.6735387 0.24559122 178.625
-5.2137833 5.7726445 0.25647917 173.5
-5.2864738 5.8174171 0.26300421 181
-5.2318974 6.0411911 0.27281156 168.33333
-5.2287474 6.1707397 0.28230757 162.8
-5.2666168 3.4389548 0.33080786 143
-5.2833695 3.5251517 0.38943708 131
-5.2565641 3.7513058 0.31720498 124.81112
-5.2369514 3.889715 0.33302462 160.05263
-5.1871023 0.58118403 -0.0086189937 152.5
-5.1723499 0.69025594 -0.007811795 167
-5.1370158 0.74504459 -0.016426357 152.41666
-5.1458588 0.86131704 -0.014640691 151.25
-5.1610055 0.95268804 -0.0040970584 168.68333
-5.1394138 1.0317755 -0.024071954 150.12346
-5.1468396 1.1364965 -0.018236578 157.5314
-5.156405 1.2485554 -0.025992939 166.11983
-5.1602511 1.3472658 -0.027070478 171.70557
-5.118885 1.443028 -0.024068255 171.66022
-5.1350403 1.5687966 -0.016837653 173.19995
-5.1408868 1.6283889 -0.031717509 172.11105
-5.1390915 1.7397819 -0.014774519 145.8625
-5.1286764 1.8482395 -0.028823227 145.0303
-5.1166935 2.1578791 -0.026026694 163.7619
-5.103693 2.2872863 -0.0033765994 167
-5.1570497 0.42092198 0.01673248 149.13333
-5.1379652 0.54065061 0.024856977 169.50555
-5.141005 0.65276724 0.026007427 170.98334
-5.1330109 0.75328583 0.017460229 173.1508
-5.1369295 0.85407561 0.011217202 175.58191
-5.1454754 0.97247112 0.012033118 168.8537
-5.1600513 1.0588846 0.019544685 172.31932
-5.1475706 1.2588308 0.024217669 182.35635
-5.1765475 1.3650901 0.0042354469 176.50378
-5.1323051 1.4413508 0.016319264 179.67371
-5.1438375 1.5426009 0.017170342 176.58293
-5.1554666 1.6463913 0.043344762 167.32652
-5.1483636 1.7551399 0.033526298 173.26816
-5.1606407 1.8485661 0.049785096 188.66826
-5.1506062 1.9233621 0.045112737 189.875
-5.1562862 2.0354238 0.035039164 180.93364
-5.1348672 2.1422982 0.048958857 169.72835
-5.1361003 2.2303739 0.037092436 148.70773
-5.145504 2.3488772 0.045630693 157.54597
-5.1306772 2.4497564 0.056220192 154.25714
-5.1110291 2.5261881 0.040673032 188.66667
-5.1446037 2.6370029 0.07962063 159.21429
-5.1689849 2.7899282 0.097713687 185.27272
-5.1647787 2.8413372 0.089396775 185
-5.157434 2.9501622 0.090556115 184.22223
-5.1626768 3.0722046 0.079313807 177.60001
-5.1681304 3.2453806 0.08458031 163
-5.1840401 3.4948125 0.087709859 145.5
-5.1255751 4.6856132 0.072470926 171.2
-5.1469555 4.7849345 0.043012477 168.873
-5.1306529 4.860487 0.082962103 161.69092
-5.1608925 4.90446 0.099264994 150.79311
-5.1290908 2.1263416 0.1158824 120.25
-5.1836433 2.5483596 0.13045359 129
-5.1003904 2.7165201 0.13318501 152.5
-5.1359758 2.8375158 0.11535024 178.71667
-5.1721663 2.9949408 0.13210772 178
-5.1351748 3.0758405 0.13792692 182.33333
-5.1780434 3.2501998 0.13662472 165.29253
-5.1544752 3.3338437 0.1258536 175.87827
-5.1390419 3.4690206 0.1277616 177.30984
-5.1641865 3.5711951 0.13265045 178.8951
-5.1658173 3.6575096 0.14468244 172.93304
-5.1541266 3.7238593 0.14512664 169.02049
-5.1508884 3.8441141 0.14794999 163.29445
-5.1399403 3.9547341 0.15338394 161.37866
-5.151154 4.0718513 0.13655998 161.75342
-5.1414223 4.1665034 0.11566767 161.79817
-5.1101851 4.2786365 0.11656198 162.02702
-5.1535196 4.3564429 0.14061898 127.26882
-5.1511345 4.4634266 0.13812795 157.53165
-5.1436915 4.5646391 0.15575886 134.58475
-5.1526217 4.6677752 0.18947214 149.69643
-5.1357799 4.7421036 0.16943207 140
-5.143712 4.8853583 0.18419419 149.66667
-5.1467204 4.9110436 0.18890731 167
-5.1356883 5.0429282 0.10931692 152.26315
-5.1491942 5.1533175 0.1185017 150.17802
-5.1395969 5.2906218 0.14483713 145
-5.162395 5.3008027 0.13746917 148.5
-5.1830187 5.675312 0.16748795 172
-5.1526804 5.8023958 0.16787711 167
-5.1353517 5.9390535 0.17741846 163.83334
-5.1753449 6.0661902 0.18352734 159.25
-5.1572571 4.7574987 0.20155771 159.81818
-5.1428018 4.8454833 0.2011265 167.33333
-5.1132913 4.9725699 0.25789467 151.53571
-5.170723 5.1065373 0.21344726 138.75
-5.1433768 5.2415037 0.22075486 137.25
-5.1742911 5.5046864 0.23868516 157.5
-5.1570811 5.6135521 0.24893834 158.75
-5.1340504 5.7207127 0.25618818 157.25
-5.1732774 5.8317952 0.25880304 166
-5.1474195 6.0710816 0.28115416 147.5
-5.1298451 6.219645 0.29541689 144.83334
-5.0226746 0.85174859 -0.02936559 146.25
-5.0395856 0.92933881 -0.025962563 162.69444
-5.0341601 1.0460399 -0.018273281 167.54584
-5.0488343 1.1473786 -0.017399788 172.83345
-5.0377388 1.2398527 -0.023324788 169.89331
-5.033287 1.3258954 -0.024436751 166.13576
-5.0437651 1.4288758 -0.019742008 169.97748
-5.061348 1.5489187 -0.027718786 170.95934
-5.0175829 1.6810782 -0.035653781 167.71875
-5.062037 1.7374358 -0.030179782 153.76361
-5.0530672 1.8537639 -0.030056244 150.60733
-5.0537472 1.973623 -0.026810732 150.35898
-5.0450315 2.0672035 -0.016708262 161.92636
-5.0129919 2.1484208 -0.021141171 163.43037
-5.0152531 2.2438488 -0.002373002 167.95946
-5.0555611 0.36589602 0.02951156 146.75
-5.0721302 0.45278147 0.020404642 160.625
-5.0370975 0.5427199 0.017552823 170.46666
-5.0351739 0.63655895 0.025631297 172.73056
-5.0386605 0.74980539 0.024065385 176.18832
-5.0321732 0.83789372 0.027582249 173.99495
-5.0368614 0.93941081 0.0084861517 169.11852
-5.0487561 1.0349029 0.012408924 170.06798
-5.033442 1.1491514 0.02739016 191.14445
-5.0238905 1.2541268 0.022694256 191.35834
-5.0709076 1.3355671 0.03903437 177.61758
-5.033637 1.4511515 0.017379152 179.67595
-5.0310111 1.5545352 0.017454315 180.14651
-5.0709462 1.6522515 0.025210779 176.14108
-5.0452652 1.7654113 0.041612968 183.875
-5.0495772 1.8444076 0.047504935 166.44762
-5.0446806 1.9664583 0.031162402 180.15874
-5.049047 2.0324209 0.043264814 178.54021
-5.0484152 2.1544933 0.044277787 173.65475
-5.0658669 2.2662919 0.037019037 174.69446
-5.0456734 2.3515956 0.053948082 143.46149
-5.0092106 2.4492745 0.039898053 184.61539
-5.0099921 2.5366306 0.042263389 186.77777
-5.0956879 2.6491146 0.058986142 130.5
-5.066514 2.7522683 0.082470775 145.75
-5.0298891 2.8442316 0.081035897 135.75
-5.0499496 2.9227593 0.090871334 180
-5.0137558 3.079421 0.082270063 153.39999
-5.0892448 3.1592662 0.079070389 163.75
-5.0130506 3.2524097 0.087078713 131.2
-5.0997305 3.3508296 0.081632465 151
-5.0102496 4.2455325 0.099549793 148
-5.0327349 4.3378754 0.080686726 163.06667
-5.0315528 4.453444 0.064977303 173.23685
-5.0683641 4.572691 0.075532146 158.64285
-5.0713601 4.6472931 0.083185777 152.57143
-5.0496941 4.7404675 0.07925567 161.80818
-5.0255065 4.8632216 0.076385505 164.89473
-5.0054026 1.2654588 0.14336789 126.35715
-5.0526304 1.6651671 0.14765941 161.14774
-5.0018215 1.7892373 0.16129281 188.85715
-5.0648456 2.1348963 0.13864464 134.75
-5.078618 2.3746889 0.17328903 97.599998
-5.0155435 2.563827 0.18732098 122.75
-5.0629749 2.6288049 0.13841198 139
-5.0227065 2.8332961 0.13956159 170.66666
-5.046824 2.9550622 0.11774873 146.25
-5.0469403 3.0426517 0.1371087 133.36667
-5.0674963 3.1730258 0.13984083 156.5
-5.0418811 3.2541387 0.14352557 154.34869
-5.0552578 3.3588421 0.16604996 167.95651
-5.0587525 3.483125 0.14601816 180.57222
-5.0575709 3.5638747 0.14308693 182.88887
-5.0615091 3.6751428 0.15149963 182.21846
-5.0298471 3.7339973 0.15130959 182.74637
-5.0562863 3.8670318 0.13761501 173.6842
-5.0445848 3.973814 0.16434909 163.48239
-5.0521102 4.0735779 0.14438577 161.2
-5.0283465 4.1565194 0.1617597 165.96791
-5.0365081 4.2597256 0.10938349 156.96246
-5.0851336 4.3700328 0.1427066 163.60919
-5.0588689 4.4859028 0.14181207 134.67647
-5.039362 4.5719342 0.15757281 151.38835
-5.0545902 4.6575899 0.16992043 130.57812
-5.0050826 4.7686467 0.16797656 121.69566
-5.0472746 4.8348179 0.15508375 140.04723
-5.0505924 4.940269 0.13425186 144.22298
-5.0539503 5.0972848 0.1156117 145.21277
-5.0441518 5.2570662 0.14819951 148.88289
-5.0792751 5.5446863 0.152895 155.5
-5.0731363 5.678092 0.16060387 157.75
-5.0752592 5.8127694 0.16891244 158.5
-5.0533614 5.9610953 0.17927782 155
-5.0116687 2.1520832 0.23115659 90.428574
-5.0533218 4.6830869 0.20189032 152.53847
-5.0519528 4.7605319 0.21073294 162.66667
-5.0411801 4.8426003 0.21152681 167.83333
-5.0366793 4.9052348 0.24074621 121.83333
-5.0771289 5.0568309 0.20915258 134.05
-5.0592189 5.1978002 0.22574492 125
-5.0581751 5.3434567 0.23127462 132.25
-5.0724263 5.4796424 0.24006441 137
-5.0484657 5.6002979 0.24994604 139.66667
-5.0207939 5.7200279 0.2580958 139
-5.0987377 5.8394699 0.26524284 152.66667
-5.0185471 6.2772636 0.30180013 136
-4.9032807 0.39579025 -0.014666933 135.66667
-4.9843168 0.56857497 -0.066351786 120
-4.90237 0.65301216 -0.052598961 195.66667
-4.9264011 0.74386293 -0.035699353 195
-4.9450169 0.83817053 -0.010083167 182.125
-4.9357429 0.939098 -0.023155969 166.31746
-4.95048 1.0365381 -0.010873759 181.55356
-4.947742 1.1570128 -0.018439984 173.46667
-4.9522495 1.2603179 -0.02685198 170.97501
-4.9556088 1.3503265 -0.0138196 167.37755
-4.9280453 1.4487294 -0.021862425 168.75755
-4.9404564 1.5456685 -0.043034229 155.43665
-4.9381533 1.6517299 -0.028998297 160.51949
-4.9447336 1.7603767 -0.017423198 161.8428
-4.9499211 1.8389684 -0.031415336 153.79094
-4.9522228 1.9560366 -0.035486817 143.13786
-4.9400539 2.0303082 -0.012057665 179.78346
-4.9391618 2.1721873 -0.013697818 173.91905
-4.9344635 2.2655277 -0.002559769 176.11885
-4.9281163 0.37477082 0.040899593 154.5
-4.9464068 0.42462289 0.021043429 159
-4.9448152 0.55721349 0.020314259 164.66667
-4.9320841 0.644315 0.017795503 170.8611
-4.9445176 0.75272757 0.022101872 172.45834
-4.9536924 0.85106653 0.035385825 176.88889
-4.9318004 0.92533064 0.020638347 170.61221
-4.9429536 1.0433743 0.012853177 175.65739
-4.9522362 1.162791 0.016783062 179.38712
-4.9376707 1.2488625 0.036371808 183.25
-4.9435382 1.3466434 0.028386317 181.26477
-4.9233298 1.4300376 0.034839623 174.40186
-4.9384985 1.5461752 0.022378998 182.95139
-4.9685025 1.6507357 0.046755228 182.57555
-4.9569054 1.733656 0.044757687 179.56152
-4.9657307 1.8633531 0.03333329 182.49432
-4.9409208 1.9733742 0.03756386 182.88727
-4.9536409 2.0570612 0.037214823 169.295
-4.9554496 2.1381247 0.042286675 174.68518
-4.9391336 2.2546971 0.032326754 149.86667
-4.9481068 2.3486824 0.038429249 146.58334
-4.9060583 2.4450428 0.041741341 185.11111
-4.9140182 2.5393794 0.043360677 186.25
-4.977356 2.7470508 0.088494599 178.25
-4.9499626 2.9935298 0.091786295 130.25
-4.9826903 3.1124055 0.09747012 110
-4.9133806 3.853056 0.07915055 128
-4.9429407 3.972795 0.086641677 141.5
-4.9669533 4.0701647 0.090166844 154.16666
-4.9819608 4.1311388 0.089762293 153
-4.9002314 4.281003 0.089558296 143
-4.9349561 4.3562222 0.089285977 156.94287
-4.9393992 4.480845 0.079576999 173.13637
-4.954309 4.554111 0.061012864 166
-4.9887714 4.660007 0.091454253 153.3
-4.9102402 4.7301617 0.098785527 157.42857
-4.9678965 4.8012896 0.091896817 170.07895
-4.9900689 5.0246887 0.097905643 155.81482
-4.9991617 1.2718544 0.1053445 133
-4.9680943 1.3201576 0.10439947 132.5
-4.9420753 1.6295024 0.13794677 199.25
-4.9905658 2.1545892 0.15245977 106
-4.9604368 2.7566073 0.12089063 135.1111
-4.9747181 2.8553898 0.10261206 145.5
-4.9615736 2.9554505 0.12886356 164.75
-4.9395037 3.1496894 0.1539305 150.03751
-4.9605074 3.2534163 0.16934286 148.81738
-4.9668221 3.3435888 0.16713907 168.36395
-4.9711709 3.4521878 0.16493492 176.74849
-4.9650631 3.5747247 0.16401066 187.26851
-4.9360275 3.6651251 0.16587479 186.62224
-4.9374332 3.746927 0.16664372 182.35001
-4.9466128 3.8793557 0.15226288 174.90909
-4.9435425 3.9430466 0.16544811 164.52539
-4.9498034 4.039216 0.17664209 160.92635
-4.962677 4.1577291 0.14541931 160.05867
-4.9483342 4.2498465 0.12734427 151.2963
-4.9125414 4.3357854 0.11353531 148.39999
-4.9579501 4.4130316 0.15479933 186.40741
-4.9616265 4.5635223 0.15864828 154.09999
-4.9405875 4.6359563 0.17102239 166.79744
-4.9396186 4.7474246 0.18150268 160.80173
-4.9080324 4.8652248 0.10322739 147.40384
-4.9418612 4.952569 0.14551778 179.92043
-4.9168015 5.0718641 0.11731526 170.54546
-4.9504027 5.1411171 0.16976953 176.71053
-4.9454031 5.2165136 0.14037694 121.75
-4.9201069 5.3241553 0.15035653 176.52499
-4.9499044 5.5279021 0.15759455 142.75
-4.9485197 5.6769733 0.16825706 143
-4.9892492 5.822207 0.17686278 149.5
-4.9782748 1.127246 0.21761057 154
-4.9424052 3.0530787 0.29217213 132
-4.9896054 3.1520979 0.24383606 125.45409
-4.9622231 3.4902894 0.20645496 172
-4.9420986 3.5115969 0.23224747 175.66667
-4.9383712 4.0897803 0.26987514 127.06667
-4.9424233 4.1806417 0.23878318 149.96822
-4.973814 4.2456384 0.23177336 150.5
-4.9332852 4.3320718 0.23492511 183.16666
-4.9549108 4.4267111 0.25927845 198.52222
-4.9373207 4.5457435 0.2375003 171.72052
-4.9317636 4.6409516 0.23234968 182.86893
-4.9302101 4.7584362 0.23474766 193.93056
-4.9344101 4.8437023 0.23830795 197.01945
-4.9300194 4.9495826 0.24618769 203.48927
-4.9298716 5.0465798 0.23139489 185.1111
-4.9481149 5.1743217 0.22587131 184.66667
-4.962131 5.28089 0.23736992 202.71428
-4.9641185 5.430994 0.24070153 161.46429
-4.9677095 5.5899477 0.25450119 129.5
-4.945179 5.7185326 0.26579514 131.5
-4.9887815 5.8512959 0.27219883 136.75
-4.9185843 4.0238986 0.31299466 131.06667
-4.9548726 4.4543457 0.34783307 205.2
-4.976521 4.567029 0.32483152 204.63637
-4.9377847 4.6755261 0.35009784 207.36363
-4.9467974 4.7876163 0.36854491 207.625
-4.9510255 4.8555183 0.33490202 202.72945
-4.9311934 4.955122 0.33669743 197.24074
-4.9479103 5.0246096 0.3388885 204.71033
-4.9622364 5.1628385 0.34998989 202.40741
-4.9437604 5.3552608 0.31643352 203.88889
-4.9916811 6.2897019 0.30812472 135
-4.9032478 4.6428561 0.41559359 204.5
-4.8317842 0.46612 -0.022388369 145.33334
-4.8058405 0.57044387 -0.019768065 164.66666
-4.8425064 0.62691015 -0.035548143 156.56
-4.8202181 0.72320199 -0.018097175 178.88095
-4.8510089 0.84268934 -0.01656056 179.89999
-4.8362665 0.95687646 -0.02107971 178.89999
-4.8492422 1.0625074 -0.018879879 174.81908
-4.8549385 1.1521255 -0.025074475 169.67674
-4.8583274 1.2515947 -0.021169364 168.26164
-4.8581119 1.3484141 -0.022827957 160.85555
-4.8332276 1.4576602 -0.025912182 156.54167
-4.8169127 1.5668869 -0.040703371 175.05556
-4.849474 1.6440535 -0.030735312 162.03964
-4.8637228 1.7658684 -0.033357006 143.50665
-4.823689 1.8630139 -0.030288629 131.65485
-4.871377 1.9345946 -0.039830815 128.02631
-4.8512149 2.0492404 -0.023858892 121.2
-4.8500133 2.1877885 -0.027636707 165.27272
-4.8744264 0.46604222 0.03978781 159
-4.8680258 0.53794491 0.023490088 165.81944
-4.835125 0.66066271 0.022054566 167.72142
-4.8313713 0.75272405 0.017580947 172.2
-4.8448544 0.82756525 0.030647879 172.61269
-4.8393755 0.94456291 0.021116877 174.93777
-4.8698578 1.04434 0.017101657 183.98787
-4.8389707 1.1224684 0.038523261 174.33333
-4.8733745 1.2664893 0.023161596 189.08333
-4.832839 1.35355 0.024299815 179.70413
-4.8285804 1.4521487 0.034776095 183.87857
-4.8784328 1.5313452 0.042096451 181.85167
-4.8350825 1.6507186 0.034196299 179.80292
-4.8488107 1.7552847 0.032123785 186.57539
-4.8408318 1.8526218 0.03537637 180.78525
-4.8503089 1.9457412 0.035205845 189.35068
-4.8448682 2.0659134 0.033086039 164.8889
-4.8282604 2.1383812 0.033009019 162.58057
-4.8605046 2.2489622 0.024076076 173.19046
-4.8174205 2.3533103 0.023084914 180.28
-4.8270507 2.4677446 0.040721014 186
-4.8293166 2.5641842 0.042649347 190.39999
-4.8257523 2.6010363 0.079981714 151.14285
-4.8226633 2.7391663 0.083470471 199.5625
-4.865181 2.8726285 0.093113311 160.8125
-4.8359008 2.9554913 0.081425987 197
-4.832046 3.0455902 0.086186886 197.07692
-4.8107276 3.1334565 0.086875714 196.66667
-4.83603 3.2459998 0.066247083 195.45454
-4.8695641 3.3393197 0.089399539 201.5
-4.8373475 3.4540079 0.074956805 191.68333
-4.8325462 3.5231955 0.076671898 199.75
-4.8628654 3.6010163 0.081690259 197
-4.8931074 3.7704575 0.082668848 116.5
-4.8574634 4.1490235 0.091127045 138.625
-4.8839846 4.2523036 0.095058851 139.66667
-4.8572807 4.4374609 0.086802751 166.22916
-4.8726716 4.5878763 0.081227429 166.09091
-4.8416147 4.6878672 0.08514031 160.0625
-4.889677 4.7796273 0.094946966 144.5641
-4.8643551 0.93427831 0.11786059 158
-4.8893223 2.0400751 0.12979563 149.42105
-4.8817067 2.1223748 0.19914293 132
-4.8198152 2.6284506 0.1719453 166
-4.8346367 2.7163699 0.17120296 199.57143
-4.8637176 2.8455093 0.14711085 176.35088
-4.8416462 2.9698613 0.1528933 180.70587
-4.8687725 3.0378616 0.15923131 161.04903
-4.8454895 3.1414962 0.1729959 178.64081
-4.8741946 3.2547195 0.16723418 172.06944
-4.856626 3.3336592 0.17227352 182.77777
-4.8438988 3.4431379 0.15314788 192.01309
-4.8502569 3.5346122 0.16680641 185.19444
-4.8380647 3.6436374 0.15945213 188.87906
-4.8555899 3.7683518 0.1689394 183.45369
-4.8576427 3.8711779 0.18620436 172.53333
-4.8446693 3.9333518 0.17610963 183.81822
-4.8657846 4.0495377 0.1727569 187.11363
-4.858747 4.1488256 0.14744343 168.32539
-4.8234339 4.2618175 0.13954797 181.10417
-4.8317895 4.3549132 0.11887791 158.34444
-4.8809128 4.4764085 0.1426467 158.02777
-4.8359218 4.5489907 0.17035283 186.33333
-4.8417654 4.6536083 0.16754226 177.54362
-4.8429041 4.7464328 0.14930479 165.36568
-4.8416896 4.8491163 0.17361718 178.47147
-4.8519969 4.9371219 0.14639188 171.88271
-4.8329563 5.0261908 0.18183228 169.95555
-4.8220892 5.1378875 0.12299583 173.21428
-4.8598828 5.2229419 0.1435957 174.53845
-4.8800521 5.3294935 0.16101889 174.5
-4.803072 5.4155421 0.17893079 161.33333
-4.8114014 0.54425049 0.2112855 47
-4.8892365 2.080328 0.20202897 129
-4.8770556 2.1701057 0.22553186 145.5
-4.8707452 2.2248483 0.24854454 163.16667
-4.8867321 3.0226679 0.23582813 150
-4.8449273 3.4298539 0.22302186 181.50735
-4.8744154 3.5408378 0.243995 186.20619
-4.8368502 3.6403222 0.24828847 197.29327
-4.8178258 3.7646563 0.24131486 199.6077
-4.8284683 3.8785512 0.24255028 196.30032
-4.8288665 3.9522445 0.23151563 195.20358
-4.8599415 4.0568542 0.23355502 197.23462
-4.8375058 4.171773 0.24095745 200.80598
-4.8333659 4.2607856 0.23633462 193.34987
-4.8339715 4.3583579 0.25841975 198.47679
-4.865499 4.4658523 0.24685536 197.9606
-4.8774405 4.5520706 0.25336948 201.39799
-4.8634801 4.6510792 0.26830661 201.03801
-4.8541222 4.7573867 0.25924399 185.02
-4.8389711 4.8396711 0.22911505 180.83888
-4.8412466 4.9421382 0.22277838 177.17609
-4.845674 5.0527387 0.23675556 187.77325
-4.8101821 5.1476455 0.22666614 176.24292
-4.8601456 5.243958 0.24799085 176.14584
-4.8921247 5.3553271 0.21211433 147.5
-4.832664 5.4592767 0.24009426 193.44444
-4.8456087 5.6942506 0.23574829 198.66667
-4.8581014 5.7287979 0.27978235 207
-4.879199 5.8640542 0.27417454 132
-4.8170204 3.6011014 0.36609277 201.375
-4.8069797 3.7198772 0.38234031 200.30769
-4.8631096 3.9417086 0.34768862 155.10001
-4.8109603 4.1350851 0.3822515 201.25
-4.8177953 4.2653022 0.37149462 206.5139
-4.8281164 4.3474088 0.36186939 203.41666
-4.8487587 4.4468069 0.37572461 203.79546
-4.8671808 4.5676746 0.36616185 206.62036
-4.854044 4.6841063 0.33605716 196.88586
-4.863349 4.7606397 0.35481498 194.85565
-4.8309445 4.8461499 0.34650069 196.26675
-4.8269596 4.9418864 0.35085127 189.79889
-4.8350987 5.0141978 0.36051467 186.51234
-4.8448071 5.1354089 0.36259758 190.78738
-4.8572507 5.2239676 0.37145355 191.70833
-4.8504395 5.3599105 0.37760982 198.25
-4.8204694 5.4523835 0.34482834 199.21826
-4.8618999 5.7451372 0.31191164 209
-4.8094344 3.5884783 0.41273943 200
-4.8294883 4.5595565 0.43867213 211.10001
-4.8089862 4.6854329 0.47104952 210.5
-4.8165445 4.7952085 0.49426338 210.36363
-4.8241925 4.9386358 0.42143416 210
-4.8930888 5.0932498 0.41786721 201
-4.854856 5.266386 0.40353605 192
-4.8047161 4.6655264 0.51929802 212
-4.7344699 0.58295447 -0.11251992 125.5
-4.7493887 0.35453165 -0.01906194 146.66667
-4.7892475 0.48091376 -0.0032146201 147
-4.7430816 0.55284697 -0.050025374 162.75
-4.7501245 0.66731954 -0.039773516 172.16667
-4.722929 0.73696345 -0.022445373 182.91667
-4.7426229 0.84835547 -0.016286016 181.32697
-4.7533064 0.92001528 -0.023234673 167.92235
-4.7522879 1.0492573 -0.022807866 173.45908
-4.743609 1.1398951 -0.028180804 166.49593
-4.7511187 1.2567083 -0.027904041 163.43433
-4.7546787 1.3292358 -0.025993433 162.84723
-4.732419 1.4640551 -0.038312159 155.87778
-4.7407498 1.5619913 -0.038000174 158.89583
-4.7516894 1.6602749 -0.022858141 171.6765
-4.7454729 1.7401395 -0.022663917 169.52879
-4.7531528 1.8443035 -0.04043135 146.43333
-4.7442665 1.9717618 -0.020952318 141
-4.740416 2.0412052 -0.030076204 144.8
-4.7206392 2.1689 -0.0045197015 176.42308
-4.7103691 2.2384734 -0.017391255 167.21716
-4.7838807 0.36140734 0.035482164 154.66667
-4.7367659 0.47714484 0.043943685 160
-4.702436 0.55719066 0.042712051 165
-4.7512436 0.65739757 0.048459854 169.93333
-4.7364855 0.74405426 0.026992697 170.93364
-4.7350416 0.85357207 0.022954332 168.86459
-4.7632957 0.95891082 0.032865569 176.88333
-4.7300792 1.0572511 0.063125744 167.57964
-4.7807822 1.100886 0.063045606 184
-4.7646022 1.2746645 0.098795779 128
-4.7604227 1.3361931 0.037560217 175.5024
-4.7842717 1.4339453 0.027288198 187.46753
-4.7438059 1.5466582 0.041670036 184.66643
-4.7076206 1.6710069 0.033131588 182.22223
-4.755311 1.7579442 0.054190226 170.90663
-4.7281818 1.8406616 0.040263422 175.47917
-4.7596455 1.949304 0.027851826 187.74683
-4.7575693 2.0562122 0.02817563 151.36667
-4.7730336 2.1706564 0.053787299 117.15357
-4.7514696 2.2811475 0.048662905 133.20833
-4.7476778 2.3157949 0.019218754 154.5119
-4.7227416 2.442874 0.036469433 182.2
-4.7867322 2.5143883 0.056758653 163
-4.7528815 2.6238816 0.056428898 178.57143
-4.7215071 2.7540483 0.052755125 199.18445
-4.7205768 2.863718 0.059584223 199.58119
-4.7144408 2.9302878 0.055545129 183.10001
-4.735064 3.0431924 0.066105641 207.45
-4.7255421 3.1214514 0.052080311 190.80556
-4.7306137 3.2302206 0.058063246 197.68518
-4.7790618 3.3259706 0.049507279 190.10001
-4.7548447 3.4250772 0.057613704 189.28275
-4.780839 3.5165234 0.070710592 197.39999
-4.7568798 3.617079 0.081814654 195
-4.7000256 3.7686126 0.042706177 155
-4.7324615 3.8313079 0.057231732 138.33333
-4.7746878 3.9272625 0.072610579 150.44444
-4.7162628 4.0224304 0.096247233 182
-4.7934508 4.176703 0.097074404 151
-4.7226443 4.2290583 0.094116248 123
-4.7832899 4.3122749 0.098706685 136.5
-4.7489033 4.5551767 0.098915704 168.875
-4.7317657 0.65402406 0.14100149 188.96667
-4.7948747 0.99542505 0.15673302 131
-4.7867203 1.6347257 0.12254997 138
-4.7954979 1.7243161 0.12323374 126.58823
-4.7775702 2.0107048 0.12515017 90.181816
-4.7433257 2.2782753 0.1572969 111.91667
-4.7087269 2.4300921 0.15355176 214.5
-4.798245 2.6388097 0.17825423 150
-4.7204685 2.7349055 0.15469575 203.9726
-4.7456741 2.8523204 0.14894623 202.08334
-4.7414465 2.9400778 0.14523923 196.90385
-4.7570505 3.0911198 0.13479573 182.5
-4.7596612 3.1598389 0.16178198 185.30232
-4.7467608 3.2451828 0.15158147 183.32916
-4.7401757 3.3615506 0.15493421 195.08333
-4.7312436 3.4530203 0.17547935 184.86665
-4.7817688 3.556535 0.17240117 189.20369
-4.7453742 3.6537647 0.15199104 199.675
-4.7682977 3.7513127 0.1815992 185.55
-4.7488327 3.8094957 0.1966908 162.75
-4.7444329 3.9465811 0.17113939 180.35951
-4.7421522 4.0658345 0.15447266 165.80621
-4.7595119 4.167037 0.14155343 167.33842
-4.7552819 4.250102 0.14238399 166.45454
-4.7642078 4.3657761 0.17675774 170.93333
-4.7449164 4.4639921 0.15212505 172.55782
-4.7406149 4.5632644 0.15878943 176.3701
-4.7483115 4.6634274 0.14620602 172.80484
-4.7539697 4.7523608 0.17472056 179.25685
-4.747725 4.8507838 0.16822796 176.67384
-4.7549891 4.9528518 0.17278957 174.17404
-4.7581697 5.0364208 0.17747287 169.79671
-4.7493124 5.1452417 0.16164222 169.00418
-4.7576275 5.2802877 0.1665258 183.96155
-4.7428513 5.3250804 0.17397735 153.57143
-4.7184854 5.4732604 0.18232562 148.8
-4.7807288 2.0141785 0.2032378 95.5
-4.7763395 2.2875588 0.23085593 107.75
-4.7307515 2.8542025 0.23627909 165.57777
-4.7535119 2.9466975 0.21586467 200
-4.7356076 3.0466516 0.21359617 196.47594
-4.7524705 3.1655338 0.22924824 204.38095
-4.7469335 3.2493231 0.22542447 189.81813
-4.7726126 3.341728 0.2349451 196.84488
-4.7713017 3.4332688 0.22245356 179.66109
-4.7815528 3.5325398 0.23956265 189.29924
-4.7632895 3.6229789 0.23283599 173.10606
-4.7861996 3.7533121 0.23406816 204.70953
-4.7633061 3.843056 0.24835406 185.5079
-4.7249017 3.9574378 0.25189951 192.91304
-4.7513723 4.0332165 0.22272123 200.61519
-4.7564445 4.132174 0.23761931 193.39182
-4.7477312 4.2516608 0.2397798 184.84464
-4.7390919 4.359056 0.24396639 195.12262
-4.7638683 4.4562707 0.24535447 196.77525
-4.7856469 4.5009913 0.29209957 188
-4.7448707 4.6409636 0.2480581 188.89377
-4.7469273 4.7532649 0.25249845 188.57399
-4.7379584 4.854013 0.241576 182.53159
-4.7541265 4.9638104 0.25415573 178.1853
-4.7407961 5.0650549 0.23336327 182.96355
-4.738802 5.1589503 0.20929712 177.69487
-4.7417898 5.2733002 0.23161648 175.54984
-4.7478509 5.3481369 0.23196369 148.14999
-4.7285633 5.4947157 0.22301525 137.5
-4.7628741 5.5535135 0.22774433 142.66667
-4.7256379 5.7536397 0.24118146 126.16667
-4.7589307 5.8313823 0.24690977 127
-4.7770219 3.3389714 0.33697054 206
-4.7868719 3.4891684 0.35265121 203.1389
-4.7825122 3.8320274 0.37163585 184.60715
-4.7902498 3.9391499 0.34524116 198.78571
-4.7916169 4.0259905 0.36144897 202.42857
-4.7757049 4.1423774 0.3319591 211.40475
-4.7560353 4.4477997 0.33638167 211.7
-4.7548862 4.5611634 0.33884841 194.93315
-4.7700973 4.6601701 0.3098132 193.73056
-4.7248087 4.7776055 0.37593225 203.42223
-4.7254581 4.8258424 0.33725506 199.69643
-4.7355204 4.9009843 0.3291471 206.3
-4.7602544 5.057652 0.33522964 188.1972
-4.7253518 5.1533513 0.34689879 196.86665
-4.7713566 5.2697344 0.35771722 199.17619
-4.7296329 5.3112741 0.33192578 187.2
-4.7069125 2.7952678 0.40420544 185
-4.7271366 4.7330737 0.40866503 212.5
-4.7309747 4.8638201 0.42097083 206.66667
-4.7714138 4.9168482 0.45441177 206.22223
-4.7593861 5.011209 0.51337129 202.2
-4.672163 0.65116435 -0.11344433 134.5
-4.6131692 0.71646029 -0.11696177 148.5
-4.6307678 0.28630194 -0.017697493 152
-4.6439247 0.46567923 -0.03946235 155
-4.6303568 0.50875002 -0.019726118 160.33333
-4.6505489 0.63396168 -0.022568226 162.91667
-4.6527243 0.76249331 -0.031820003 180.01633
-4.6292887 0.84043688 -0.041604847 180.41667
-4.6445479 0.94448179 -0.031875126 175.36165
-4.626708 1.0672235 -0.037059627 153.81641
-4.627831 1.1646488 -0.033678941 166.49744
-4.6454487 1.2495859 -0.039261784 152.77638
-4.6571321 1.347896 -0.040118977 156.72714
-4.6512222 1.4564391 -0.060313381 134.35715
-4.6282835 1.5504423 -0.061770987 124.5
-4.6542768 1.642838 -0.022490678 171.53819
-4.6601501 1.7603621 -0.044482604 135.67188
-4.6615276 1.8357064 -0.02005546 152.28667
-4.6657295 1.9475371 -0.037536245 154.83176
-4.6652293 2.0662496 -0.025377637 157.96953
-4.6308951 2.1547911 -0.018655812 142.21353
-4.6243134 2.2492812 -0.015322403 151.04411
-4.6703644 2.3182061 -0.025101481 160.13652
-4.6357555 2.4238381 -0.026588539 199.78571
-4.6475596 2.5474281 -0.03542472 199.3492
-4.6528931 2.6720808 -0.03661897 177.33334
-4.6811113 2.7938137 -0.031189771 204
-4.6304188 2.883563 -0.047169037 181
-4.6307454 0.34197637 0.057457499 179.75
-4.6225057 0.45541361 0.03704695 159.83334
-4.6450405 0.55706537 0.014797322 157.83333
-4.6639261 0.64632016 0.040213861 177
-4.6337714 0.75480652 0.040856257 162.50392
-4.6531248 0.85535681 0.026121359 187.70454
-4.6451793 0.94647706 0.029047154 173.15277
-4.6393209 1.0714594 0.058400303 162.21875
-4.6014018 1.1259648 0.014557541 166.58333
-4.6859803 1.2974058 0.01865698 179
-4.6513529 1.3707191 0.055318899 183.70819
-4.6749477 1.4539839 0.022660539 186.47223
-4.6506376 1.5585506 0.038622968 174.76421
-4.6553593 1.6546475 0.027994704 181.81689
-4.6403818 1.7634563 0.030325064 186.30531
-4.6487861 1.8513397 0.029307015 190.41176
-4.640739 1.9550765 0.03317713 172.10001
-4.648066 2.0416629 0.057661489 162.76349
-4.6444511 2.1625755 0.047046293 148.61905
-4.6584792 2.2752376 0.064368092 125
-4.6534901 2.3575675 0.06457375 123.66667
-4.6568727 2.432081 0.066691339 171.01364
-4.6574802 2.5303066 0.053120092 171.34726
-4.6417236 2.6672881 0.04752985 179.875
-4.6712861 2.7632251 0.061832063 185.89999
-4.6575971 2.8470275 0.050277587 178.4762
-4.6496539 2.9429569 0.053771 167.07262
-4.6588144 3.0508676 0.050073478 171.01624
-4.6391187 3.1320591 0.052233551 162.43916
-4.6253314 3.2720621 0.056918494 176.50304
-4.6529527 3.350528 0.068787523 183.2
-4.6803989 3.4429886 0.067774177 171.83334
-4.651257 3.5392561 0.077493712 182.92064
-4.637157 3.6522136 0.070788898 175.48015
-4.6833487 3.7417805 0.052493617 153.5
-4.6239672 3.8590558 0.095825054 114.83333
-4.687664 3.9782269 0.097483955 123
-4.6548223 4.1022077 0.099124335 183.5
-4.6130843 0.38487077 0.13652846 208
-4.6316581 0.69151592 0.17207475 186.0625
-4.6384125 1.0825309 0.13931084 145.8889
-4.6556582 1.1132267 0.1623168 127.02922
-4.6691017 2.36573 0.14233297 201.22223
-4.6868734 2.4515183 0.12898225 207.91666
-4.6571093 2.5466478 0.1333977 201.70834
-4.650691 2.6332843 0.14412771 203.11111
-4.6934156 2.8874607 0.1894715 212
-4.6152353 2.9686334 0.16633372 165.85001
-4.6987081 3.0634789 0.12377371 212.55556
-4.6177812 3.1846826 0.18908052 131.75
-4.6611462 3.2314794 0.14006072 193.55832
-4.6830206 3.3602536 0.15614241 187.71393
-4.644094 3.4475508 0.15505898 180.19734
-4.6500597 3.5481505 0.18031785 172.91667
-4.6461349 3.6553216 0.15577628 177.93121
-4.6411667 3.7405317 0.17008641 154.5625
-4.6688433 3.852972 0.1479657 174.21297
-4.6482458 3.955744 0.16596818 167.00238
-4.6363869 4.073195 0.1638567 167.38174
-4.6613784 4.1292896 0.16751873 161.375
-4.6641121 4.2500005 0.16504672 166.35097
-4.6405215 4.3578372 0.15322679 171.74454
-4.6457052 4.4605236 0.1471788 170.14752
-4.6681247 4.5514512 0.15093902 166.84651
-4.6604848 4.6554356 0.16009516 174.40405
-4.6459656 4.7383394 0.16296619 168.23997
-4.6521564 4.8484378 0.1645309 167.32202
-4.660862 4.9502339 0.17257114 169.88049
-4.6437807 5.0435615 0.16187826 167.48198
-4.6491032 5.1455832 0.17316908 169.76207
-4.6584082 5.2515101 0.1716218 173.69048
-4.6557102 5.3701773 0.17859091 166.33334
-4.6374645 5.5271726 0.1890687 139.75
-4.6579375 2.1546981 0.23441111 97
-4.6281652 2.2377753 0.23820253 147.0625
-4.6338801 2.4334805 0.20154864 174.23077
-4.6983809 2.8388288 0.2651763 144.42857
-4.6617384 2.9486237 0.2251787 183.98413
-4.6586409 3.0356226 0.21409939 181.11765
-4.6646962 3.1541541 0.22796685 195.95833
-4.6312943 3.2306366 0.22621676 170.125
-4.6566777 3.3354361 0.23031187 172.89166
-4.6667337 3.4326677 0.24688144 183.98749
-4.6646557 3.5579994 0.26029509 189.37692
-4.6488318 3.626035 0.26757991 189.72223
-4.6482491 3.7322123 0.24649177 185.36365
-4.6344872 3.8248997 0.22021459 180.91997
-4.6310577 3.9382932 0.21795206 181.21667
-4.6251359 4.0385547 0.24594884 180.70834
-4.6583385 4.1584821 0.24540839 183.28035
-4.6424513 4.241786 0.24917561 181.33
-4.6598258 4.3656511 0.23006584 188.98334
-4.6601734 4.4344091 0.24411553 178.78334
-4.673821 4.5590534 0.22206479 168.80769
-4.6540532 4.6583242 0.21902914 163.45833
-4.6758595 4.749917 0.22078392 180.78333
-4.6579995 4.8444853 0.24529527 175.79495
-4.6604581 4.9552245 0.26368254 177.47916
-4.638 5.0656486 0.24220902 173.74281
-4.6550817 5.1594872 0.23831224 182.81677
-4.6648459 5.2369986 0.22640003 165.88889
-4.6511369 5.3639493 0.21852303 137.33333
-4.632618 5.4547963 0.22063927 133.77777
-4.6519308 5.5819097 0.22951978 137.5
-4.6897907 5.6680198 0.22962421 128
-4.6090655 5.8389812 0.25045091 127
-4.6353455 5.9307442 0.25683379 127.5
-4.6188145 2.7337375 0.35143453 196.89999
-4.6533003 4.3584142 0.32681829 187.33333
-4.6936817 4.959971 0.36176139 196
-4.6535754 5.0580215 0.34286916 196.01871
-4.6364274 5.1381197 0.33897862 200.25
-4.6416664 5.2211337 0.33908656 193.94167
-4.6372547 5.3371611 0.35366616 194.90556
-4.6021228 5.4775414 0.33784646 196.15384
-4.6337032 5.5698876 0.34319377 195.125
-4.6291804 5.6639085 0.32910463 158.5
-4.604528 3.6392412 0.40382874 195.5
-4.6556058 4.9862871 0.41935399 207.5
-4.6580691 5.0428963 0.44236249 202.5489
-4.6173425 5.1315684 0.43011984 199.95454
-4.6193156 5.2661819 0.45657861 195.58333
-4.6896152 5.3234668 0.41481966 200
-4.6010227 5.4350901 0.46047762 192.78572
-4.6710591 5.1875744 0.53125763 203.75
-4.6394796 5.6143861 0.51368833 205
-4.5742803 0.55098164 -0.11247332 125.5
-4.5287309 0.80916286 -0.11913376 163
-4.5077605 1.0330558 -0.12292628 198
-4.535573 1.1426982 -0.10996731 197
-4.5402088 1.2583512 -0.10465031 197.25
-4.5260057 1.3663704 -0.10445335 195.39999
-4.5707254 0.36291584 -0.042156324 145.77779
-4.5190296 0.47361472 -0.02260831 163
-4.5580149 0.56318814 -0.036900096 168.14999
-4.5191727 0.66665602 -0.07534682 161.39999
-4.5424323 0.78602093 -0.029953239 164.14583
-4.5399189 0.85801423 -0.022804542 170.21429
-4.5484905 0.95630854 -0.032499902 161.45615
-4.5461545 1.0389084 -0.041089546 161.76395
-4.5404491 1.1496288 -0.039437532 161.64034
-4.5482888 1.236703 -0.04804346 143.83333
-4.557282 1.3662002 -0.043366682 151.04211
-4.5254664 1.4624833 -0.054015871 160.12334
-4.5638609 1.5759037 -0.046154562 160.75694
-4.5395298 1.6532183 -0.042789184 155.52612
-4.5455985 1.7415113 -0.037121855 163.28687
-4.5070181 1.8827919 -0.074608974 125.6
-4.5561738 1.9608084 -0.030111102 164.38461
-4.5501423 2.0364294 -0.035367869 147.5522
-4.5428853 2.1432934 -0.027009794 141.7907
-4.561656 2.2498331 -0.035739616 155.95
-4.5564251 2.34237 -0.035940111 155.94708
-4.5419049 2.4287989 -0.040071592 176.33333
-4.5360794 2.5115614 -0.036568962 167.10715
-4.5631943 2.6168938 -0.037019935 176.18651
-4.5996604 2.7469325 -0.043824781 188.83333
-4.5684714 2.8470855 -0.044852976 189.2
-4.5440531 2.9392433 -0.045833036 186
-4.5474734 3.0327499 -0.040310174 161.27997
-4.5469818 3.1254277 -0.01731493 164.57576
-4.5609317 3.2555227 -0.0062335725 174.5
-4.5193095 0.37237442 0.036062155 159
-4.5431023 0.4313145 0.036998067 155.4375
-4.549314 0.54738057 0.029131059 173.22223
-4.5593295 0.66028738 0.029096603 171.72
-4.5300174 0.75841045 0.043026358 160.14815
-4.5240507 0.84987116 0.019078128 171.63126
-4.5445118 0.95753449 0.018757831 168.25969
-4.5438995 1.0324516 0.033021528 154.78334
-4.519803 1.1516168 0.019775856 166.65883
-4.5180888 1.3444574 0.033171851 180.54022
-4.5341206 1.4586278 0.045350481 168.16278
-4.5429134 1.5568271 0.026179969 175.21886
-4.5406075 1.6568905 0.018986071 170.79729
-4.5474925 1.7620175 0.023250951 185.47223
-4.5514498 1.8470092 0.033533763 187.15312
-4.5353684 1.9520426 0.03595626 189.88333
-4.5385542 2.0589509 0.036259126 168.51071
-4.5604167 2.1570673 0.038819566 149.97221
-4.583302 2.274744 0.047625545 165.66667
-4.5498571 2.3653281 0.053482514 166.22726
-4.5334091 2.4347668 0.054960996 139.17
-4.5516667 2.546582 0.058680579 167.61111
-4.5314794 2.6095662 0.043469712 181.54443
-4.5509448 2.7575257 0.051342022 154.09734
-4.5495696 2.8471696 0.057095934 147.78464
-4.5537143 2.9510875 0.054241657 160.87196
-4.557447 3.0314705 0.050775021 157.02415
-4.5614061 3.15696 0.058632396 161.92451
-4.5606833 3.2422588 0.062337946 162.66946
-4.559866 3.3513608 0.075002022 157.25964
-4.5637856 3.458071 0.081375964 165.28616
-4.5670266 3.5231826 0.082279779 173.36365
-4.5579586 3.6406884 0.079545729 170.3387
-4.555521 3.7789879 0.071858175 168.21428
-4.5558877 3.8395593 0.088424921 181.5
-4.5269613 3.9616363 0.095914587 152.625
-4.589993 0.54242271 0.18509068 195.25
-4.5777426 1.1249355 0.15881605 128.41666
-4.5318193 1.4852681 0.1251999 138.39285
-4.5207639 1.5454891 0.17064911 131.76666
-4.5545297 1.8818512 0.16417049 178.81818
-4.5593987 2.3680103 0.13997681 131.35713
-4.5872688 3.067344 0.16002338 168.6875
-4.5827866 3.108578 0.16977133 143.60001
-4.5805941 3.2476892 0.17636451 161.26315
-4.56884 3.3498399 0.16605522 166.25
-4.5761118 3.4641471 0.18226993 165.49146
-4.5068283 3.5366697 0.1129243 143
-4.5384893 3.6197255 0.17367296 136.27777
-4.5582752 3.7631066 0.16306196 145.15196
-4.5563974 3.8631933 0.15233067 158.7654
-4.5645189 3.9630561 0.15817218 158.68889
-4.5415015 4.0538259 0.16752844 149.69029
-4.5452538 4.1445923 0.18651825 152.13635
-4.5529246 4.2609758 0.18689702 141
-4.542016 4.3323789 0.15186605 163.27745
-4.5723839 4.4547682 0.14479734 159.71735
-4.5534444 4.5575476 0.16635178 166.86958
-4.5554695 4.6501808 0.15939888 163.91025
-4.5623159 4.7491693 0.15599729 163.14438
-4.5464239 4.8435822 0.15596156 163.36929
-4.5456929 4.9344974 0.16539054 162.22946
-4.5510769 5.0487571 0.15997835 167.02206
-4.5558867 5.1522913 0.16619505 165.03882
-4.5357151 5.2282548 0.17838719 162.03125
-4.5834551 5.3488255 0.17390433 165
-4.5580964 5.4454212 0.18183 141
-4.5736647 5.5715518 0.18956019 133
-4.592967 0.5664922 0.21516386 194
-4.5953813 2.7391498 0.27851218 179.33333
-4.5785141 2.8614733 0.22835897 188.2
-4.5505619 2.9309511 0.250644 191.78889
-4.5356731 3.0486805 0.24744949 191.33333
-4.5803771 3.1438596 0.27886277 186.57143
-4.5863428 3.2286913 0.28007722 188.3871
-4.5872231 3.3274879 0.29216582 189.25
-4.5772967 3.4145486 0.28595898 189.71428
-4.5200944 3.5327966 0.23496868 158.5
-4.5061955 3.6970158 0.24272054 187.33333
-4.5648413 3.7480147 0.25364447 183.09259
-4.5420065 3.8399317 0.24698643 186.7379
-4.5344987 3.9290049 0.25752324 188.37865
-4.5437622 4.0431857 0.22809286 179.28571
-4.5420766 4.1215768 0.25634843 186.71428
-4.5625973 4.2615681 0.22396627 155.6111
-4.5347843 4.3416834 0.24018207 171.08333
-4.5389333 4.4716229 0.22728948 141.5
-4.5082059 4.5116935 0.27248091 190.92857
-4.5594182 4.6162338 0.21717936 151.44444
-4.5455751 4.739574 0.23925665 165.47856
-4.5200882 4.8319879 0.27394617 171.74504
-4.5326171 4.9285622 0.25873643 168.62862
-4.5436606 5.0352378 0.23213093 170.51628
-4.5367813 5.1337972 0.25569338 169.30492
-4.5416441 5.2502141 0.2255207 158.1241
-4.5534768 5.35883 0.25346422 155.01111
-4.5506706 5.470583 0.24420239 147.16667
-4.5275593 5.553391 0.22818212 142.39999
-4.5482917 5.6277404 0.23776661 132.5
-4.5809054 5.7389517 0.23970075 128.25
-4.5047703 2.8663528 0.3916539 198.5
-4.5195947 3.0534358 0.38824159 197.66667
-4.547874 3.1529863 0.37403581 194.44444
-4.5544267 3.2253964 0.38883927 188.0625
-4.5970349 3.4291353 0.39047328 190.55556
-4.5867085 3.5243688 0.30070591 192.37038
-4.5479856 3.6669979 0.34954181 192.375
-4.5216131 3.7331901 0.39880556 190.25
-4.5214992 3.8507011 0.37474141 191.91666
-4.5065789 3.9914091 0.35027504 191.73215
-4.5168262 4.011313 0.307603 190.66666
-4.5155225 4.1278367 0.30775169 192.26086
-4.5383105 4.2263007 0.30782512 194
-4.5021996 4.3313079 0.34612367 196.83334
-4.5209546 4.6942968 0.37604243 222
-4.5549016 5.0611935 0.30895099 180.33334
-4.568408 5.1468768 0.31289628 189.44167
-4.5175333 5.2416215 0.31355628 189.71428
-4.5529256 5.3553524 0.32012388 190.8
-4.5336094 5.4750905 0.30341798 173.66667
-4.5308423 5.5562749 0.30665413 171.54166
-4.5772686 5.6613698 0.31455773 167.2
-4.5557804 5.7202511 0.32810119 166
-4.5362692 3.0561621 0.41407382 198
-4.5301929 3.1417155 0.40406388 197.22223
-4.5367332 3.2124982 0.43172213 187
-4.5752311 3.3275216 0.4008266 188.34483
-4.5837479 3.5491087 0.40024388 192.42857
-4.5130844 3.8124058 0.40111151 189.11765
-4.5138001 3.913996 0.4130547 189.44
-4.5321422 4.0176063 0.40236959 190.04167
-4.5223064 4.1282411 0.4152104 191.30769
-4.5206428 4.2228413 0.41796818 193.85715
-4.5321469 4.3197927 0.42988327 196.2
-4.5990267 5.0749636 0.44437918 196.75
-4.5812392 5.3517532 0.45153415 191.92857
-4.5902848 5.516408 0.4646256 195.46153
-4.4281321 0.52113485 -0.11312045 136
-4.494873 0.84654027 -0.12075879 170
-4.4447761 0.93016034 -0.13361666 185.33333
-4.4356494 1.1435815 -0.10827733 195.57143
-4.4614944 1.2464907 -0.10816665 194.16666
-4.4685359 0.26538277 -0.025781028 148.33333
-4.4316573 0.34057292 -0.026408859 153.44444
-4.4451904 0.44408569 -0.033885725 164.16666
-4.4462838 0.58459705 -0.028024476 167.93333
-4.4778037 0.65314358 -0.036575027 159.625
-4.419054 0.76841062 -0.02421305 184.07405
-4.4480839 0.8447057 -0.050710876 155.28333
-4.4428482 0.9437145 -0.03405866 162.64619
-4.4465532 1.0621809 -0.053281531 165.23787
-4.4470348 1.1539782 -0.061147224 163.96567
-4.4500418 1.2452934 -0.054488406 161.56332
-4.4415965 1.3541081 -0.052034259 163.76782
-4.4578829 1.4641284 -0.049381439 166.72685
-4.4509711 1.5439585 -0.055216145 159.46767
-4.4463434 1.6484079 -0.045119725 160.95486
-4.4602709 1.733651 -0.046279747 175.82639
-4.4407644 1.8546015 -0.046057481 147.09583
-4.4466333 1.9701359 -0.037063759 151.66177
-4.446547 2.0549109 -0.042260665 134.47112
-4.4478159 2.1546631 -0.032721706 157.70341
-4.4829783 2.2474999 -0.020769406 168
-4.4535546 2.3440528 -0.022388704 171.175
-4.4584761 2.4431236 -0.037140809 162.66068
-4.4298949 2.5676026 -0.036311589 166.59071
-4.4019108 2.6140954 -0.054029364 165
-4.4737725 2.7532711 -0.032969199 188.55952
-4.4707561 2.9574337 -0.037185565 177.27013
-4.4217329 3.0765679 -0.036413852 154.46913
-4.4575839 3.1612384 -0.023007562 149.43077
-4.4547968 3.2664082 -0.0018778503 147.425
-4.4594388 0.39839771 0.013346406 164.75
-4.4677219 0.54781961 0.024057865 166.3889
-4.4387283 0.64468557 0.028197205 188.67273
-4.4499979 0.74574488 0.023673758 176.07024
-4.4173722 0.8353433 0.025500182 180.86957
-4.4406338 0.95649022 0.021667304 166.80952
-4.4534945 1.0386868 0.034296598 155.7
-4.4227839 1.158325 0.0190701 167.75
-4.4471502 1.2310431 0.0084485458 166.95778
-4.476563 1.3995575 0.068693519 123.93333
-4.4362092 1.4671032 0.015119119 168.07904
-4.4252276 1.5474821 0.021822659 156.05185
-4.4387231 1.6685066 0.015842149 166.50218
-4.4645977 1.7772954 0.027678356 187.56174
-4.4398441 1.8623884 0.026313851 187.39211
-4.4564719 1.9490916 0.038604133 160.47685
-4.4362469 2.0257599 0.037280973 168.66667
-4.4526596 2.1278248 0.045778114 150.95
-4.4495778 2.2331326 0.039255422 149.77777
-4.4560227 2.3106773 0.069511876 131.16667
-4.422749 2.4733541 0.023424583 182
-4.4367962 2.5372572 0.076713525 156.54005
-4.4563298 2.6413682 0.052299079 179.76347
-4.4545488 2.7399335 0.031834744 172.51643
-4.4472008 2.8374269 0.044995639 160.0784
-4.4434023 2.9525938 0.061493848 148.30565
-4.4337687 3.0541837 0.06510032 151.91879
-4.4577971 3.1480248 0.055532388 159.29651
-4.4637885 3.2414057 0.055724315 156.68396
-4.4537864 3.3385475 0.051143438 159.73589
-4.4681878 3.4491067 0.067190304 159.56535
-4.4616637 3.5717716 0.0841868 165.23114
-4.454195 3.6842041 0.078557387 168.46716
-4.4449916 3.7422135 0.068886265 168.19666
-4.446991 3.8663542 0.084609881 177.3125
-4.4393387 3.9656165 0.087503441 181.60001
-4.4949927 1.4643968 0.11904349 131
-4.4101658 2.0310752 0.16742365 151.08334
-4.4214792 2.4955859 0.15445225 176.39999
-4.4075274 2.9735434 0.19588941 116.5
-4.4530201 3.2884526 0.13224991 141.5
-4.4546738 3.3448994 0.10086118 140.89999
-4.4475141 3.4432943 0.12531665 144.94583
-4.4511127 3.5642533 0.1515775 145.10001
-4.4659185 3.6589615 0.16352709 142.675
-4.434958 3.743403 0.15274166 138.25926
-4.4613776 3.8693233 0.15169796 149.4409
-4.4455113 3.9473605 0.16347483 151.22015
-4.4453878 4.0650907 0.17683494 139.09569
-4.4519916 4.1452179 0.18249238 144.48969
-4.4368219 4.244751 0.15873893 158.97903
-4.4531493 4.3498755 0.15390188 167.79727
-4.4704566 4.4539323 0.15464666 172.47447
-4.4589891 4.5456958 0.16249456 169.38928
-4.4498272 4.6599522 0.15935865 161.92073
-4.4600821 4.7614264 0.15173431 152.11731
-4.4574223 4.8632402 0.14941114 157.63908
-4.4490657 4.9556866 0.16515225 162.90468
-4.4554458 5.0557227 0.16138244 164.68547
-4.4653168 5.1480064 0.16285412 168.875
-4.4529238 5.2395396 0.18401109 179.70418
-4.4746623 5.3477597 0.17982589 163.83334
-4.4648352 5.468369 0.17715627 166.75
-4.4445915 2.7683692 0.23170267 167.85225
-4.4941716 2.8044422 0.22194663 197
-4.493926 3.0198076 0.29656467 198.05556
-4.4933805 3.1060998 0.23491813 196
-4.4892087 3.2362044 0.21905911 192.625
-4.4846735 3.4717374 0.28419244 184.66666
-4.4617305 3.5394955 0.20202167 147
-4.4797673 3.6796496 0.26095465 192.25
-4.4632883 3.8332455 0.25043973 198.825
-4.4989948 3.9248106 0.28231826 194
-4.4680538 4.0383387 0.24947855 177.55159
-4.4902787 4.1489935 0.20083822 128
-4.4884667 4.2907348 0.26106358 196.5
-4.4812942 4.3647113 0.22625914 160.9375
-4.4271293 4.4122844 0.21270512 137
-4.468822 4.5247936 0.22299336 138.25
-4.4769087 4.6382604 0.23705363 171.28453
-4.4616594 4.7386928 0.22017606 163.0125
-4.441503 4.8310652 0.22941983 161.452
-4.4232979 4.9642906 0.2516509 178.76251
-4.4247761 5.0662479 0.26796615 181.45186
-4.4652591 5.1587133 0.24282733 170.125
-4.4454374 5.2434611 0.24893905 178.7238
-4.4352088 5.3464813 0.24210478 157.36716
-4.4440823 5.4530478 0.25339556 146.93452
-4.4308805 5.5022464 0.2481468 130.5
-4.436686 5.6505499 0.25548249 128
-4.4532275 5.7474341 0.24724671 125.5
-4.4676585 5.8394799 0.25168189 124.75
-4.4857936 2.7547829 0.34448671 201.09741
-4.4903126 2.9501834 0.38602015 197.6875
-4.4887528 3.6630998 0.31769919 190.89999
-4.4942646 3.7931292 0.31680912 196
-4.4986062 3.9023583 0.34668344 192.89999
-4.4730315 4.8775015 0.30115995 135
-4.4383292 5.2752838 0.30726075 187.10001
-4.4286184 5.3566322 0.32138047 188
-4.4904218 5.4226956 0.32411525 192
-4.4640899 5.5982347 0.30353856 167.28571
-4.4499822 5.6841359 0.3175911 166.16667
-4.4877214 5.7887821 0.32837731 160
-4.4526396 5.8437133 0.32584709 162
-4.497128 3.8748837 0.4452652 189
-4.3378115 0.66379988 -0.11442646 171
-4.3004484 0.75523913 -0.10416895 168
-4.3689137 0.83857465 -0.11508504 193.77777
-4.3505816 1.0248108 -0.12398878 180
-4.3383389 2.0212626 -0.10907242 185.5
-4.3806753 0.16693138 -0.051689956 141
-4.3469095 0.26314607 -0.033081509 157.16667
-4.3428798 0.37698194 -0.016181627 148.16667
-4.3610144 0.46450585 -0.031866476 175.71667
-4.3515778 0.54653734 -0.03411641 181.04166
-4.3546906 0.67716783 -0.040668909 172.52168
-4.345367 0.76953495 -0.055287454 164.93687
-4.3609266 0.86331242 -0.055397958 170.79631
-4.337297 0.95171815 -0.062763065 171.62869
-4.350266 1.0601565 -0.03117252 162.53777
-4.3349228 1.1723049 -0.063929915 168.61476
-4.3622952 1.2550713 -0.067100994 170.54053
-4.347599 1.3573411 -0.057939254 168.05022
-4.3509135 1.4591838 -0.053940915 169.69945
-4.3486242 1.5533179 -0.043788824 170.33772
-4.3531699 1.6452237 -0.064198866 165.77618
-4.3708854 1.7503783 -0.034602813 165.2926
-4.3371973 1.8371744 -0.03491015 157.13965
-4.3562808 1.9379654 -0.042585488 156.9398
-4.336411 2.0489631 -0.036617488 155.9106
-4.3337517 2.1509018 -0.045691289 145.66623
-4.3486123 2.249789 -0.029198622 164.38722
-4.3238549 2.3672247 -0.028916547 169.74442
-4.3414412 2.45962 -0.040599275 167.82108
-4.3579087 2.5609868 -0.036383282 164.21623
-4.3673716 2.6884332 -0.036831338 171.49911
-4.3422155 2.7405639 -0.041355219 165.62024
-4.3466063 2.8292472 -0.037459131 173.02562
-4.3364544 2.9373169 -0.039408341 159.20171
-4.3473644 3.0121012 -0.039780501 176.22946
-4.3600087 3.1523931 -0.019897135 163.24333
-4.3681507 3.200227 -0.020815393 150.64151
-4.3805461 0.43071526 0.0303698 168.55556
-4.368257 0.54138786 0.025347691 175.0125
-4.3497052 0.66224074 0.025253318 175.56332
-4.3238034 0.76090878 0.034789622 169.14732
-4.3312807 0.84437871 0.027772574 173.73671
-4.3212819 0.93220705 0.016448708 170.06471
-4.3420744 1.0425035 0.033825018 146.95
-4.3293948 1.1595639 0.016785577 169.35065
-4.3514824 1.2520187 0.020809909 168.0351
-4.3686409 1.3479288 0.03161158 150.46146
-4.3470011 1.4222772 0.012602047 157.94768
-4.3176193 1.5641198 0.0073732999 167.87634
-4.356812 1.6202379 0.019509889 175.37964
-4.3571935 1.7540039 0.030607624 188.27095
-4.3520842 1.8573575 0.022206295 187.6322
-4.3346171 1.9408773 0.033185687 187.85834
-4.3324986 2.0449564 0.028517567 165.58055
-4.3405781 2.1303873 0.044717371 181.5
-4.3397207 2.2321193 0.035319 157.16667
-4.3786149 2.3364615 0.030931979 166.06667
-4.3462601 2.4465408 0.068309866 142.81818
-4.3549304 2.5595798 0.056858599 162.79536
-4.3894334 2.6502481 0.066585697 143.53334
-4.3626018 2.748096 0.039806832 146.93361
-4.3458328 2.8600628 0.051548235 129.7691
-4.3487549 2.9640422 0.047351398 154.16673
-4.3464022 3.0677171 0.039415315 156.72884
-4.340322 3.1513233 0.067209713 150.67
-4.3729162 3.2426538 0.047574524 157.72685
-4.3534079 3.3393865 0.052323993 146.73129
-4.3578887 3.4498379 0.060585935 156.02609
-4.350596 3.5499518 0.06345962 158.21799
-4.359714 3.6531208 0.069443852 160.99809
-4.335207 3.7452641 0.070140347 160.73271
-4.3208227 3.8813155 0.059100814 172.64706
-4.3266654 4.0493393 0.086698011 182.41667
-4.3074975 4.1745772 0.063653678 161.64516
-4.3130016 4.284956 0.093167827 191.33333
-4.3431401 4.7953305 0.094497241 157.27208
-4.3174672 5.0047908 0.096642099 158.22984
-4.3890624 1.0578212 0.1123566 133.05882
-4.3402348 2.579077 0.13429207 131.78261
-4.3551764 2.662493 0.10235894 157.81667
-4.3162107 2.7794092 0.10883324 185.33333
-4.3324347 2.9924033 0.11018494 128.35135
-4.3580747 3.0665529 0.16231298 124.8125
-4.3693967 3.1292086 0.14471002 134.90079
-4.3283763 3.22806 0.16020429 144.41667
-4.311924 3.3172686 0.15986569 150.15001
-4.3593063 3.4754455 0.1074863 148.2
-4.3749337 3.5773983 0.16653095 149.3889
-4.3440318 3.6521394 0.14480178 155.5
-4.349493 3.748662 0.1373468 149.23683
-4.3555646 3.8411641 0.15099277 151.46825
-4.337522 3.9228277 0.15350369 138.50169
-4.345048 4.0458512 0.14807628 153.71965
-4.3555059 4.1565766 0.14901923 156.65013
-4.3700013 4.2496123 0.15608305 160.81667
-4.3608594 4.3517857 0.14942326 157.86264
-4.3520441 4.4452972 0.14736389 162.18517
-4.3568482 4.5650749 0.1450969 160.38968
-4.3589449 4.6706839 0.16051263 167.50197
-4.3624539 4.7623501 0.15356642 173.36835
-4.3547106 4.8619719 0.1452316 164.80186
-4.3672643 4.9653125 0.15294601 160.09956
-4.3523173 5.0585022 0.16471447 170.05862
-4.3621516 5.1504402 0.17306796 173.93561
-4.3705649 5.2517948 0.19099456 169.83461
-4.3337579 5.3716946 0.17732748 187.625
-4.3447928 5.4493828 0.1884011 189
-4.3222384 2.9703598 0.24291131 203
-4.329793 3.6799135 0.22051008 155
-4.329421 3.8532691 0.25012735 151.5
-4.3777642 4.0326872 0.22871186 136
-4.3419285 4.2294679 0.25644833 126
-4.3168902 4.3729091 0.25026807 123.39189
-4.3452821 4.4549332 0.2479313 132.87613
-4.3450456 4.5563698 0.21574381 154.8718
-4.3735166 4.6485395 0.21239726 164.82738
-4.3336725 4.7383976 0.22155803 161.82539
-4.355464 4.8632846 0.2286336 171.63818
-4.3270745 4.9661078 0.23641856 170.25961
-4.3639159 5.0459652 0.25098231 154.17859
-4.3719354 5.1419978 0.25317535 166.35715
-4.3349681 5.2227788 0.24218981 175.48434
-4.3533645 5.3363295 0.26955292 165.37297
-4.3289194 5.4274821 0.26847583 151.09871
-4.3365688 5.5346899 0.27498388 147.62636
-4.3517499 5.6005607 0.29611656 158.18182
-4.3235493 4.1962857 0.31552908 123.75
-4.3750391 4.2200484 0.33020601 142
-4.3471904 4.5579762 0.32848823 143.98334
-4.343431 4.6419654 0.37194127 129
-4.3232703 5.2909136 0.30130005 182.86363
-4.368691 5.4455829 0.32250997 189.33334
-4.3737206 5.7539296 0.31678125 167.25
-4.377183 5.8751559 0.31845325 161
-4.3083744 5.9040174 0.31365702 164
-4.2359653 0.56672949 -0.11956312 168.83333
-4.2688265 0.7939254 -0.11272 183.52499
-4.2239962 0.89745474 -0.10677831 166.66667
-4.2718902 0.93972385 -0.11311751 195.77779
-4.2834673 1.0810677 -0.13514566 171.38095
-4.246345 1.1531036 -0.12225573 172.8125
-4.2331238 1.2457118 -0.10578123 166.69444
-4.2218494 1.3322046 -0.10683405 166.40475
-4.277266 1.4184555 -0.10734545 181.76923
-4.2157454 1.815315 -0.10592581 178
-4.2450957 0.14299333 -0.044736397 146
-4.2010412 0.26117003 -0.0025523538 211
-4.2393284 0.33925599 -0.0237635 163.79166
-4.2465806 0.43676725 -0.028653719 172.09583
-4.2384157 0.56103039 -0.033469319 186.125
-4.2426763 0.64603311 -0.026389156 186.6869
-4.2566848 0.74952847 -0.034363452 184.54973
-4.2690034 0.8491658 -0.057937793 177.45242
-4.2505212 0.95291072 -0.043862816 169.43816
-4.2498674 1.0626296 -0.041436706 169.13814
-4.2575665 1.1630725 -0.051592525 171.4422
-4.2639647 1.2475817 -0.054683715 170.15862
-4.2456336 1.3524384 -0.058214694 164.21313
-4.2462516 1.4513708 -0.056032009 171.63382
-4.2459645 1.5647597 -0.043696728 170.47069
-4.2501788 1.6637367 -0.053742427 169.85039
-4.2677064 1.7345083 -0.048867363 158.30937
-4.2438126 1.8503492 -0.040383987 153.74892
-4.2764139 1.9462733 -0.051721968 154.41333
-4.2381649 2.0494685 -0.051531274 163.05006
-4.2391353 2.1428032 -0.047819585 156.95491
-4.2512307 2.2578926 -0.047107246 157.04599
-4.2505016 2.35974 -0.038219303 167.74147
-4.2469468 2.4497774 -0.052436028 161.16718
-4.2621279 2.547708 -0.05031405 166.21918
-4.2467651 2.6411161 -0.035340346 165.13211
-4.2630115 2.7412975 -0.040965848 170.88464
-4.2392044 2.8476825 -0.030460363 165.18019
-4.2649517 2.9553807 -0.043877319 169.72337
-4.2646265 3.0348005 -0.023424231 175.71144
-4.2653561 3.1478882 -0.020864839 154.5437
-4.2921147 3.2247157 -0.010778026 149.5
-4.2499619 3.3195593 -0.0024082668 146
-4.2419591 0.23045857 0.014677119 188
-4.2708879 0.44676572 0.03126977 172
-4.2554841 0.53823382 0.017972628 178.46249
-4.2343965 0.64588857 0.0214919 180.15001
-4.2456017 0.75001478 0.023724813 183.13666
-4.2293286 0.85482448 0.020537648 178.89149
-4.2373948 0.94090945 0.026131574 175.4015
-4.255372 1.0606663 0.036220655 162.62895
-4.2345557 1.134703 0.0021496627 171.36957
-4.2517338 1.3643856 0.047368418 149.25262
-4.2384448 1.4286947 0.015023393 167.03703
-4.2442999 1.5655208 0.014207612 172.53529
-4.2275848 1.6470411 0.016278831 175.96558
-4.2394185 1.7509761 0.017158261 186.80896
-4.2444196 1.8532659 0.024792699 181.74525
-4.25001 1.9376138 0.038125895 167.09523
-4.2487698 2.0311911 0.060481075 186
-4.2468281 2.1224856 0.055863962 145.91667
-4.2275653 2.2038767 0.081118807 127
-4.2944083 2.3108196 0.030102868 174
-4.2023897 2.4118786 0.033966139 186.85715
-4.2342114 2.5430171 0.045796223 157.94444
-4.2442002 2.6394746 0.056165759 163.37891
-4.2575135 2.7648878 0.065186433 162.43593
-4.2543349 2.8351183 0.033835605 145.38515
-4.2402449 2.950974 0.054179545 144.38365
-4.2577062 3.0527647 0.057454128 144.02777
-4.2507615 3.1427305 0.057307407 143.0425
-4.2628908 3.2458308 0.04221005 152.20288
-4.2547097 3.3387394 0.038146548 149.18378
-4.2577076 3.4615972 0.061938711 161.64243
-4.2374411 3.5498745 0.063853815 160.5587
-4.2402563 3.6486266 0.059442539 159.24773
-4.2320395 3.7508442 0.077653386 163.18076
-4.2462101 3.8642185 0.049384467 168.83333
-4.2575965 3.9654293 0.072079651 171.26552
-4.243681 4.0709438 0.08221367 159.35938
-4.2171011 4.1644344 0.081634514 173.09961
-4.2460933 4.2639856 0.090849392 181.08823
-4.2240496 4.3547859 0.095964774 186
-4.2647786 4.7466497 0.093752436 159.20329
-4.2351365 4.9318333 0.099870816 151.8772
-4.2643843 1.081972 0.18799417 155
-4.2302413 1.1114241 0.14476153 139.34616
-4.2020464 1.3445488 0.12914644 128
-4.2429724 1.9677277 0.16190229 174.5
-4.2337575 2.6993628 0.10835355 185.75
-4.2282696 2.8447764 0.10302988 155
-4.2649984 2.9700334 0.19180304 115
-4.2420125 3.0553963 0.16755044 138.41667
-4.2249823 3.1615436 0.14645074 139
-4.2525826 3.23893 0.14691654 137.59444
-4.239553 3.3313668 0.14716779 136.34343
-4.2758722 3.456846 0.13880178 152.035
-4.2501831 3.5559855 0.15097234 155.91251
-4.2524724 3.6623166 0.14521441 150.66524
-4.2350268 3.7382274 0.15502906 150.49086
-4.2345538 3.8553004 0.16956677 147.24303
-4.2648687 3.9555387 0.16560096 148.40698
-4.2312264 4.0465627 0.1576696 152.41881
-4.2618141 4.1346021 0.15005499 156.63806
-4.255055 4.2387314 0.14737836 167.70564
-4.2611074 4.3381763 0.13299091 170.64519
-4.2625532 4.4361124 0.1439648 166.84978
-4.2482419 4.5509701 0.14155851 160.48181
-4.2506213 4.6461411 0.13830529 159.17912
-4.2549453 4.7469397 0.13788714 154.91014
-4.2605309 4.8540888 0.15557839 159.31789
-4.2658162 4.944088 0.16168536 167.12914
-4.2467489 5.0556798 0.15171143 164.62219
-4.2587447 5.1442723 0.17158994 169.84178
-4.2508287 5.2485647 0.17734708 164.72672
-4.2559934 5.3482518 0.18039404 180.16666
-4.2183852 3.0407875 0.20271495 135
-4.2086382 3.3632395 0.21496868 132.375
-4.2626243 3.7669537 0.23437923 133.91667
-4.2513704 3.8205271 0.25429419 129.71083
-4.2051272 3.9072521 0.20192096 121.375
-4.2679906 4.5479989 0.2086031 155.625
-4.2510271 4.6407156 0.2134008 158.01057
-4.253612 4.74336 0.21438886 158.18274
-4.2544584 4.8353944 0.21799459 157.19646
-4.2497663 4.9310169 0.21904261 161.37488
-4.2486787 5.0396886 0.22832775 157.01207
-4.2442079 5.1339369 0.23061009 163.12924
-4.2274895 5.2392602 0.23550856 162.67035
-4.2332907 5.3296027 0.23651482 162.58711
-4.2554321 5.4473572 0.23738499 138.81299
-4.2466321 5.5150185 0.25588557 146.79311
-4.2713904 5.6203914 0.27586368 143.1413
-4.2593627 5.7120471 0.29957604 160.21053
-4.2989106 3.6600645 0.3704153 141
-4.2157397 3.7479525 0.3245143 122.875
-4.2700868 5.460001 0.31747672 187.79488
-4.2139354 5.5209479 0.31598532 187.66667
-4.2501826 5.8513522 0.31931594 164.25
-4.167912 0.47081915 -0.11433394 138.5
-4.1432395 0.56594956 -0.11010674 150
-4.1230226 0.64475048 -0.1105439 161.14999
-4.1506739 0.75294411 -0.11478581 195.5
-4.1675663 0.85555708 -0.10924447 195.75
-4.1625919 0.97828847 -0.10765806 160.25
-4.1425719 1.0307889 -0.13862573 172.70833
-4.1485667 1.1732256 -0.13331655 179.65643
-4.1891832 1.2605739 -0.10973597 173.66142
-4.1085238 1.3869357 -0.10424978 153.5
-4.1726589 1.4554157 -0.10910109 176.99854
-4.1438298 1.5505254 -0.11865126 174.5
-4.1303964 1.6661754 -0.11080006 173.95833
-4.1115966 1.7335064 -0.12213573 172.99207
-4.1029439 1.8872741 -0.10079455 178.73685
-4.1612501 2.1093147 -0.1055185 155.75
-4.1108541 0.1615196 -0.025075713 146.375
-4.1726646 0.29110402 -0.030429132 169.09525
-4.1505475 0.36305344 -0.028732516 175.33333
-4.1589017 0.46043137 -0.032555606 170.33334
-4.1793432 0.52218938 -0.036495909 184.25
-4.1763244 0.65619332 -0.030402429 191.58
-4.1278954 0.73471451 -0.041801147 187.30544
-4.1595192 0.85499746 -0.047661208 176.73247
-4.142539 0.957398 -0.048269201 168.90825
-4.1414304 1.0412618 -0.045164604 168.60527
-4.1617379 1.1494399 -0.04793442 166.85194
-4.1522245 1.2495538 -0.049586717 169.847
-4.1494608 1.3529509 -0.049889255 168.7636
-4.153296 1.4517223 -0.051900711 164.57919
-4.1579323 1.5543246 -0.050747909 173.04762
-4.1446147 1.6504923 -0.058440726 163.83005
-4.1568799 1.7533795 -0.054693285 159.88426
-4.158299 1.8546034 -0.052310906 152.23351
-4.156178 1.9587458 -0.060621951 145.4494
-4.1662512 2.0507286 -0.064835958 152.29167
-4.1374626 2.1428144 -0.058112014 147.70149
-4.1576605 2.2454591 -0.055078696 156.15392
-4.1358995 2.3526602 -0.037034739 157.99873
-4.1431336 2.455209 -0.040208392 151.92253
-4.1768975 2.5480092 -0.029526385 160.15019
-4.1511064 2.6643438 -0.035884425 165.01273
-4.1479111 2.7725801 -0.031552322 164.40273
-4.1455588 2.8674965 -0.030472068 166.56767
-4.1700029 2.9603333 -0.037459008 171.2
-4.1677055 3.0406013 -0.020883603 176.19118
-4.1988139 3.1061573 -0.010217073 162.61752
-4.1390061 3.2997911 -7.9838625e-05 119.66666
-4.1303282 3.3714757 -0.00089838152 115
-4.1607599 0.55887026 0.020437269 175.42461
-4.1202993 0.65666562 0.025964566 180.83333
-4.1454167 0.74980956 0.020660274 185.40277
-4.1257052 0.83976924 0.030609537 182.45357
-4.139647 0.94337463 0.021457897 176.40009
-4.1691141 1.0354502 0.037752107 157.5
-4.1413651 1.1471169 0.037370976 142.82748
-4.1398773 1.3787142 0.021151483 127.41608
-4.1443887 1.4546155 0.019222619 158.50111
-4.1158838 1.5464242 0.04533742 181.64
-4.1255441 1.6471795 0.032685537 183.50952
-4.1563482 1.7517115 0.032717861 181.89835
-4.1534925 1.856359 0.040408432 183.21666
-4.1569934 1.9486347 0.029700303 187.50204
-4.1502481 2.039768 0.036783952 163.06944
-4.1575809 2.127326 0.026216406 158.5
-4.1463561 2.2355487 0.047670893 166.43254
-4.1430893 2.3322775 0.03990056 167.46667
-4.1403565 2.4355171 0.067554921 158.63333
-4.1261821 2.5585682 0.043753549 151.75833
-4.1066008 2.6719315 0.031480234 176.90909
-4.1318011 2.7306345 0.031492736 152.80801
-4.1515794 2.8432682 0.059790157 155.03027
-4.1244979 2.9217777 0.032984667 157.86369
-4.1444273 3.0592635 0.059943188 139.98651
-4.1750565 3.1669843 0.058088604 149.06429
-4.1526284 3.2372408 0.069066525 157.26616
-4.1558385 3.3266013 0.060025942 156.70628
-4.1570654 3.4497814 0.07138826 162.77861
-4.1588211 3.5517099 0.053935286 161.224
-4.1483369 3.6524518 0.065481283 157.3309
-4.1593418 3.7445145 0.076670296 162.54459
-4.1544809 3.851047 0.062548235 164.60074
-4.1664114 3.934998 0.037656639 168.63536
-4.1276412 4.0576305 0.077358618 165.06339
-4.1161308 4.1520767 0.080100849 172.22823
-4.137125 4.2507768 0.084528424 178.26099
-4.1471648 4.320178 0.08010187 175.22083
-4.1770649 4.6053591 0.09742514 163.375
-4.1923547 1.0985265 0.11592595 146.25
-4.1817293 1.1510565 0.14454111 124
-4.161653 1.3855196 0.13509625 135.5
-4.1632543 2.7292449 0.12654828 182.5
-4.1734018 2.866462 0.11388139 150.85715
-4.1292167 2.9654686 0.17861985 116.5
-4.1288395 3.053041 0.17023297 129.83334
-4.1573367 3.1478236 0.16610359 134.21687
-4.1625295 3.2518466 0.16658375 135.36905
-4.1435041 3.3592956 0.13285722 164.38333
-4.1468415 3.4705191 0.15468806 145.72038
-4.1602101 3.5562847 0.14900152 154.18968
-4.1506529 3.6500165 0.13329478 151.77487
-4.1429558 3.7415295 0.13206631 154.00899
-4.1235209 3.8283961 0.14486855 144.61282
-4.1638064 3.9454188 0.15557896 152.2903
-4.144002 4.0524383 0.13894968 159.99825
-4.1558318 4.1503892 0.14462194 161.43463
-4.1491385 4.2540517 0.13557722 167.98022
-4.1428723 4.3568091 0.12745945 167.97258
-4.1606264 4.4522514 0.13166916 165.12538
-4.1462793 4.5486927 0.14209728 162.22009
-4.1373916 4.6386786 0.14063373 152.90796
-4.1340919 4.7454996 0.13784376 153.91869
-4.1590581 4.8438044 0.15357447 156.60896
-4.1552491 4.9494262 0.15896726 161.98253
-4.1465321 5.061976 0.17922734 155.69621
-4.1637526 5.1272712 0.17216344 158.36473
-4.1434689 5.2379513 0.1826576 155.01884
-4.1440377 5.3678079 0.18045498 160.68571
-4.1608405 3.4458036 0.24249913 117.25
-4.1091943 3.6321251 0.23224847 144
-4.1331768 3.963068 0.22233959 148.66667
-4.1410332 4.5606699 0.22643128 135.51898
-4.1493883 4.6627769 0.21698895 154.302
-4.164978 4.7566233 0.22420479 149.51384
-4.1738071 4.8495312 0.22121844 164.45833
-4.1585841 4.9605794 0.24557939 143.39938
-4.1408086 5.0418305 0.21987937 161.54707
-4.1506786 5.125308 0.23201939 155.16406
-4.1352606 5.240283 0.23095059 163.06065
-4.1499891 5.3549309 0.23009236 165.44371
-4.1391621 5.4468398 0.23395129 154.12576
-4.1470933 5.53332 0.21650425 129.05646
-4.1348562 5.6269045 0.25423265 142.18402
-4.1733975 5.7318606 0.28500786 152.75
-4.123589 4.9215002 0.33531412 125.91212
-4.1781335 5.4366431 0.30561414 185.25
-4.1914811 5.8283911 0.31256771 162
-4.0710745 0.4577668 -0.11746981 154.25
-4.0644479 0.55270106 -0.12115876 174.41667
-4.04493 0.66897643 -0.11953297 191.16667
-4.0574598 0.78370619 -0.10895054 184
-4.0406075 0.85449016 -0.10993741 178.51428
-4.0557923 0.9542802 -0.11890176 179.78125
-4.0381556 1.0552204 -0.13951027 171.14943
-4.0475492 1.1372782 -0.1265589 177.6273
-4.0579681 1.2492108 -0.11717436 165.47699
-4.0651131 1.3458513 -0.15559503 169.07016
-4.0367966 1.4328282 -0.10911798 163.95366
-4.0263128 1.6282531 -0.12013213 167.31763
-4.0352468 1.7665334 -0.1304664 173.04114
-4.0046325 1.8871394 -0.10733647 178.42857
-4.0755534 0.2853241 -0.028485047 172
-4.0692081 0.36780399 -0.024875022 179.54167
-4.0834255 0.45835501 -0.027739298 184.5
-4.0589094 0.54308558 -0.022674739 188.43094
-4.0704274 0.64676648 -0.033796553 192.23807
-4.0688457 0.78659552 -0.04009353 182.82581
-4.0649886 0.8508302 -0.038817301 175.67778
-4.0565753 0.94499755 -0.044715814 172.29567
-4.0617976 1.0646964 -0.047656838 166.63921
-4.0519714 1.1557546 -0.062376481 171.5731
-4.0640154 1.2438841 -0.059723206 163.53868
-4.0603876 1.3510836 -0.069547862 165.53822
-4.0429668 1.4467434 -0.058205232 162.31026
-4.062377 1.5545933 -0.049069144 171.5117
-4.0436311 1.6323626 -0.06039324 170.53528
-4.0536928 1.748994 -0.048900936 168.82672
-4.0501018 1.861112 -0.039658036 158.811
-4.0447783 1.9637502 -0.061319422 159.52632
-4.0545487 2.0499568 -0.063537605 146.44365
-4.0410509 2.1516576 -0.055091526 148.36668
-4.0409718 2.2601609 -0.042219985 154.3904
-4.0389838 2.3559391 -0.027278297 154.7662
-4.0569811 2.4596567 -0.020871753 161.31656
-4.0522947 2.5592284 -0.061908375 163.55527
-4.0531178 2.6623485 -0.038555648 164.21118
-4.0545807 2.7491786 -0.046177089 166.33815
-4.045464 2.8648777 -0.039113302 173.55556
-4.0626831 2.9716263 -0.029333139 186.375
-4.0723681 3.061048 -0.034203973 191
-4.0110788 3.2844458 -3.7735292e-05 121.33334
-4.0538077 0.54817754 0.02282759 171.46667
-4.0361333 0.6735639 0.036984906 191.66667
-4.0257387 0.76593328 0.022013953 188.46666
-4.0416112 0.86690104 0.025165441 185.70625
-4.0271273 0.96033275 0.019837616 177.30714
-4.0839419 1.0646186 0.049205445 148.13335
-4.0265322 1.1435724 0.070876814 155.625
-4.033411 1.2642066 0.050746612 161.15556
-4.0264978 1.39256 0.0049412246 129.39999
-4.0404067 1.4397998 0.026484298 149.76666
-4.0571847 1.5719073 0.028638624 182.69987
-4.0420647 1.6348544 0.02839566 181.02449
-4.0594931 1.7441149 0.031200098 185.27382
-4.0396376 1.8470423 0.043744061 180.33334
-4.0506215 1.9412943 0.024095621 182.17
-4.0694323 2.0522642 0.039880976 135
-4.0627337 2.1315355 0.040559538 133.78572
-4.0434165 2.2553644 0.027491895 136.23624
-4.0668511 2.3548212 0.03455136 157.02777
-4.0438681 2.4724579 0.052226484 135.15279
-4.0279579 2.5707586 0.037019644 142.17903
-4.0522394 2.6318274 0.051968835 167.32286
-4.0363922 2.7429285 0.043019753 157.87538
-4.0341568 2.8646996 0.037568986 151.71106
-4.0532093 2.96244 0.043963436 158.2191
-4.0609388 3.0519524 0.060428198 156.67946
-4.0518265 3.1547601 0.069769688 145.33849
-4.0625372 3.2559299 0.081938483 158.94852
-4.0720139 3.3520975 0.064484552 164.67104
-4.0633268 3.4578145 0.074075736 151.83684
-4.0714793 3.5672977 0.073570602 163.01236
-4.0381827 3.6499994 0.071894489 150.07994
-4.0388713 3.7297211 0.063632242 158.24136
-4.0374389 3.8590462 0.071615547 155.87431
-4.0268221 3.9528134 0.068592511 162.5988
-4.0417304 4.0635128 0.075296439 165.54129
-4.0487642 4.1552086 0.082182467 175.63017
-4.0233889 4.2366104 0.091264181 181.17143
-4.0423975 4.3350544 0.093728855 172.93571
-4.0069742 4.443006 0.098551579 172.5
-4.0506935 4.7526512 0.093433201 161.43478
-4.0359111 4.8744183 0.095109016 155.72151
-4.055408 1.0604365 0.13282649 129.20833
-4.0576839 1.2342113 0.14571147 128.24126
-4.0975842 1.4989882 0.1376671 155
-4.0327506 2.388494 0.11260065 136
-4.0395494 2.4759195 0.17643976 166.16666
-4.0325456 2.5233073 0.14683987 175.13335
-4.0520272 2.6470301 0.16335323 137.53125
-4.0363827 2.7715399 0.14530897 159.84415
-4.0465002 2.8659079 0.1166089 140.63097
-4.0113878 2.9446857 0.13976166 135.32608
-4.0211825 3.0129902 0.10740315 136.27272
-4.0502071 3.2570322 0.10537913 124.25
-4.036602 3.3774054 0.11162531 148.23558
-4.0509505 3.4603591 0.12803444 141.52248
-4.0359378 3.5675311 0.13172065 149.65384
-4.038012 3.668586 0.13322678 164.67461
-4.0397897 3.7391822 0.15316361 150.88333
-4.026865 3.8587563 0.14364421 147.8287
-4.0466032 3.9535155 0.1440614 139.01474
-4.0366354 4.0653567 0.14555027 145.06047
-4.0495939 4.145328 0.13768722 159.91794
-4.0500474 4.2527914 0.13601647 163.46158
-4.0550632 4.3512959 0.13496809 163.93611
-4.063468 4.4595113 0.13750565 167.1411
-4.0430341 4.5506306 0.15504028 159.93349
-4.049933 4.6502438 0.15720928 159.16879
-4.0408893 4.7483478 0.13963281 167.80836
-4.0558786 4.8476906 0.15178287 149.28189
-4.0543141 4.9415345 0.14930089 150.92279
-4.0470324 5.0417819 0.17653953 157.31738
-4.0386133 5.1408672 0.17393826 160.18861
-4.0192828 5.2341185 0.18802257 146.30952
-4.0310001 5.3574824 0.17833807 151.96614
-4.0418372 5.4501896 0.1838697 163.3479
-4.0216088 5.5887332 0.18225765 158.16667
-4.0324569 2.7187965 0.2158709 142.5
-4.0448208 2.8302824 0.24158014 144.20634
-4.0130973 2.9242215 0.21168323 127.83334
-4.0000095 3.7745526 0.21574575 128
-4.0330033 4.035296 0.28113955 141
-4.0132041 4.1247993 0.23008448 133.5947
-4.0137405 4.2167554 0.23734285 126
-4.0297432 4.5696874 0.23366056 170.77777
-4.0416861 4.6651044 0.21858032 156.25
-4.0708365 4.7608609 0.22376448 158.13171
-4.0750098 4.8423152 0.24741901 138.60843
-4.0132065 4.9585819 0.24886705 160.17026
-4.0622263 5.0440617 0.24376124 154.98015
-4.0516682 5.1601062 0.22018206 167.49908
-4.0431323 5.2616911 0.22862507 161.52357
-4.0948963 5.3600936 0.22794779 181.80769
-4.0547109 5.4694695 0.25009277 185.8
-4.0697765 5.5335264 0.2217036 144.34883
-4.0897617 5.6134791 0.24242145 161.09232
-4.0272131 5.7369561 0.2723327 161.625
-4.0470991 4.9246984 0.36391807 130.5974
-4.0592275 5.2754698 0.30869776 162.53847
-4.0340037 5.3462071 0.31987464 150.69231
-3.9152615 0.4519026 -0.11311485 141.66667
-3.9144773 0.55674696 -0.11136682 155.33333
-3.9136851 0.65731019 -0.11298902 166.2
-3.9618375 0.78663063 -0.10253009 169.71428
-3.9546571 0.86855739 -0.10293897 162.07143
-3.9715853 0.93674195 -0.12238241 175.09723
-3.9454858 1.0488101 -0.11782142 168.77084
-3.9390512 1.1755549 -0.124957 171.05086
-3.9529259 1.2535409 -0.13665444 170.46399
-3.9646058 1.3690645 -0.13405634 166.68553
-3.9359972 1.4583 -0.14175946 167.28931
-3.9360373 1.5543231 -0.13234465 169.6657
-3.9412944 1.6274754 -0.1378413 166.04205
-3.9179089 1.7699512 -0.13126846 171.4902
-3.9084644 1.8575631 -0.11155746 176.64706
-3.9047916 1.9326091 -0.10009362 181.13333
-3.9063478 2.0294814 -0.12600385 172
-3.9789674 0.081082426 -0.027983367 146
-3.9318645 0.14547516 -0.032473221 155.66667
-3.9443102 0.36634624 -0.02517795 182.33333
-3.9451818 0.46439445 -0.024707699 185.97223
-3.9602737 0.56206244 -0.029494245 189.99583
-3.9461949 0.64118475 -0.028900886 186.52541
-3.9669461 0.74029678 -0.040881883 174.05507
-3.9547443 0.85522926 -0.031868625 179.50632
-3.9584002 0.94233537 -0.053301986 172.06921
-3.9549639 1.052133 -0.049087651 172.51311
-3.9406533 1.1558124 -0.049627669 165.12593
-3.9526038 1.2473772 -0.049821116 168.12013
-3.9522965 1.3498739 -0.039036922 163.81837
-3.9496663 1.4488937 -0.053491767 169.11185
-3.9768274 1.5268819 -0.050663084 158.85185
-3.9731984 1.6559457 -0.056196652 176.76308
-3.9576793 1.7459352 -0.05666329 175.2556
-3.959708 1.8512193 -0.051136687 162.67949
-3.9474978 1.9523797 -0.064693756 153.01228
-3.9550614 2.0685647 -0.06398309 157.86812
-3.9555368 2.1492844 -0.051078249 145.97627
-3.9346316 2.2510614 -0.062515445 152.04099
-3.9398913 2.3564966 -0.055354651 160.47186
-3.9407353 2.434444 -0.045552272 161.26074
-3.9494436 2.534272 -0.039123416 165.58209
-3.9544849 2.6609485 -0.018145055 174.04903
-3.9483323 2.7365034 -0.027317494 165.07433
-3.9585586 2.8457217 -0.040622834 170.06149
-3.9168448 2.9465702 -0.00022595176 167
-3.9907935 3.3645437 -0.0036761027 116
-3.9169509 0.20995867 0.092019431 200
-3.9245737 0.35328841 0.0065281778 134.375
-3.9725559 0.4977431 0.030925062 166.66667
-3.9902649 0.61632901 0.026661718 176.11111
-3.9406445 0.74630141 0.02251026 189.04167
-3.9409606 0.84365225 0.021554708 187.48016
-3.945889 0.94003075 0.011480673 182.80357
-3.9780321 1.0023849 0.0057033417 175.96155
-3.9622965 1.1322705 0.032049447 153.45834
-3.9635615 1.2226633 0.093640991 127.97931
-3.997262 1.38134 0.0083131045 182.88
-3.9465165 1.4655498 0.037042201 149.37112
-3.9502017 1.5409205 0.018045856 182.49107
-3.9602489 1.6523814 0.043638114 193.60001
-3.9316475 1.7648884 0.022060353 195.90001
-3.9672203 1.8409578 0.032000266 186.43333
-3.9073613 1.9164797 0.004957296 189
-3.9649491 2.0669551 0.056631602 137.25
-3.9799638 2.1527865 0.072033621 128.66667
-3.9763248 2.2394967 0.049916711 147.75
-3.9250107 2.3709488 0.048317943 172.09999
-3.9302657 2.4767952 0.065109022 170.6875
-3.9523704 2.5690241 0.032083068 158.24445
-3.9497762 2.6464868 0.055858895 161.73431
-3.9456389 2.753341 0.052341118 157.67621
-3.9369578 2.8747604 0.04646983 152.60143
-3.9493191 2.9616127 0.066932656 147.14964
-3.9586596 3.0543673 0.062795706 152.5023
-3.9409337 3.1552467 0.075091682 156.59554
-3.9590342 3.2593105 0.072625756 157.58577
-3.9597533 3.3504748 0.059034266 158.6351
-3.967905 3.4601417 0.064009011 152.7728
-3.9573162 3.5573146 0.07639192 143.16988
-3.9303639 3.6584449 0.07636261 140.30704
-3.9353807 3.7368698 0.065423787 151.36171
-3.9372888 3.8370476 0.05409399 155.45247
-3.9352961 3.9321303 0.072157584 157.58238
-3.9292347 4.0327463 0.070987903 166.0074
-3.9446509 4.1233377 0.087161653 172.04375
-3.9472718 4.2572727 0.075669073 159.375
-3.9132576 4.45504 0.083704956 137
-3.9381075 4.5584984 0.086039938 139.2381
-3.9604754 4.7121654 0.096502841 154.60976
-3.9419634 5.0292964 0.098792434 154.44444
-3.9744287 0.1360642 0.11076963 167
-3.9083886 0.23185532 0.12026834 162
-3.9430938 0.59510612 0.11871598 180
-3.930625 2.5858173 0.1195657 163.26666
-3.9082069 2.8930469 0.11472553 140
-3.9209721 2.9910278 0.10467873 136.91667
-3.9858329 3.0182357 0.15925753 118.5
-3.9813101 3.234776 0.18692391 140
-3.9452643 3.3557637 0.14348696 137.79579
-3.9728494 3.4555302 0.12221261 144.84723
-3.9666386 3.5560634 0.13349846 147.06389
-3.946059 3.6608133 0.14280029 158.50546
-3.9402289 3.7645643 0.16559072 149.45193
-3.9517384 3.8640494 0.15585041 153.48111
-3.9318748 3.9328604 0.15448664 153.94121
-3.9500957 4.0624466 0.15110946 152.41014
-3.9624074 4.1409359 0.13686974 161.19788
-3.9654152 4.2342906 0.13548398 155.07007
-3.9550707 4.3333788 0.13917114 166.06458
-3.9588795 4.4389834 0.13742726 162.10825
-3.9419405 4.5394974 0.1426613 161.47771
-3.9421954 4.6479068 0.14238626 165.48763
-3.9708738 4.747726 0.1247612 150.55212
-3.9541748 4.8488369 0.14500564 152.56638
-3.9513009 4.9451423 0.14093138 161.67598
-3.9595437 5.0515838 0.16578539 164.02856
-3.9337523 5.1597013 0.16698623 168.50639
-3.941889 5.2449255 0.16268486 161.51173
-3.9426298 5.3611355 0.16531052 166.56392
-3.9311097 5.4275789 0.15273218 162.67241
-3.9456089 5.5339394 0.17968902 160.8
-3.9783919 5.6644773 0.18739142 146
-3.9105248 3.3723996 0.20866917 146
-3.9543207 3.7620618 0.23260565 129.46153
-3.9523458 3.8659425 0.25054121 140.77502
-3.935715 3.9333992 0.23082533 151.1111
-3.994761 4.064887 0.29593459 126.125
-3.9646816 4.1400266 0.24761516 151.86151
-3.9619124 4.2160244 0.20676965 130.53571
-3.9439914 4.3138661 0.21568537 131.35294
-3.901082 4.4403272 0.24193221 145.60001
-3.9550819 4.5591474 0.22284178 148.8
-3.9416757 4.6442013 0.25480083 149.72278
-3.9525542 4.7634511 0.25017479 141.54132
-3.955328 4.8384075 0.24220237 143.40298
-3.9414511 4.965519 0.23614679 156.29471
-3.9529877 5.0525565 0.26553789 140.27728
-3.9795048 5.118144 0.20497093 177
-3.927671 5.2260652 0.21920207 182.39999
-3.998929 5.348866 0.23735201 185.22223
-3.9859319 5.4354367 0.22489919 151.625
-3.9606566 5.5392919 0.23572598 155.05556
-3.939254 5.6536665 0.26229739 171.75
-3.9493618 3.8250079 0.31131381 123
-3.9964435 4.8825359 0.33829296 144
-3.9838972 4.9190798 0.37413031 140.33333
-3.9900801 5.1862111 0.30490032 158.8
-3.9513719 5.2419538 0.31077686 149.10649
-3.9762216 5.3077064 0.33654279 140.45454
-3.9475191 5.4176817 0.36792901 141.39999
-3.9094071 4.9643641 0.44994488 167.5
-3.8363199 0.93554896 -0.11999992 165.46666
-3.8187377 1.0392735 -0.12826046 174.66815
-3.847434 1.1697865 -0.10951193 166.24063
-3.8430169 1.2335421 -0.12819736 163.76161
-3.8564198 1.3351961 -0.14219688 166.05267
-3.8691311 1.4308842 -0.13333669 166.17612
-3.8771446 1.561147 -0.16943297 165.97992
-3.83447 1.6402884 -0.13950445 167.41728
-3.8180659 1.7641051 -0.13537833 172.2699
-3.8101895 1.8271565 -0.12018289 172.575
-3.801471 1.9213955 -0.10490715 181.22223
-3.8978665 2.0428998 -0.12240515 170
-3.8227162 0.062359314 -0.035793956 151
-3.8662505 0.23885889 -0.028206833 163.75
-3.8327084 0.39142781 -0.027839618 174.5
-3.8214688 0.45300987 -0.02207599 191.375
-3.8309116 0.57543427 -0.019020937 189.44017
-3.8501823 0.66536379 -0.029111978 181.57405
-3.8657517 0.75755626 -0.048182197 181.90195
-3.8388572 0.85923129 -0.039958794 179.70729
-3.8494606 0.95735633 -0.038167395 181.04317
-3.8515015 1.0576277 -0.052879129 175.05676
-3.8501456 1.1556375 -0.057266623 176.19653
-3.8318021 1.249723 -0.064430229 175.52002
-3.8506277 1.3521821 -0.047445107 172.00285
-3.8379838 1.439213 -0.044996832 170.52122
-3.8455784 1.5498514 -0.054656405 180.63437
-3.8684132 1.644471 -0.052289262 175.93486
-3.8575509 1.7418555 -0.05451506 174.14594
-3.8497069 1.8540037 -0.052165654 159.88872
-3.8489048 1.9390808 -0.051313519 161.48396
-3.8556578 2.0406494 -0.053166252 164.26706
-3.8514316 2.1490314 -0.053444531 156.42805
-3.8420091 2.2384338 -0.062559903 140.37981
-3.8623075 2.3424709 -0.054932196 157.33453
-3.8399944 2.4374533 -0.063748002 154.47058
-3.8426459 2.5547442 -0.032863855 169.77728
-3.840802 2.6661198 -0.020214856 177.04761
-3.8801463 2.7824001 -0.020509306 177.38461
-3.8293021 2.855706 -0.032164078 179
-3.8963938 0.23254631 0.074345566 172
-3.866029 0.53210652 0.022999447 181
-3.8521743 0.62369043 0.037769992 187.625
-3.8655558 0.75045401 0.04491042 182.375
-3.8388882 0.85293502 0.057405908 140.50972
-3.8522899 0.94228429 0.010038511 182.04576
-3.8633316 1.0441991 0.036386028 167.20786
-3.8570404 1.1416547 0.024930205 149.88414
-3.8076332 1.2261467 0.001284952 181.77777
-3.8911009 1.3890344 0.021807918 188.85715
-3.8483143 1.4594703 0.034496825 180.98169
-3.8400049 1.5521183 0.0094786081 182
-3.8676205 1.679337 0.024385383 195.75
-3.8720906 1.9493394 0.029062549 169.88889
-3.8233757 2.0550478 0.045424528 128.66667
-3.8641317 2.1448653 0.048735183 137.16667
-3.8449638 2.2579358 0.05006234 145.53819
-3.8354828 2.3300571 0.03994742 152.11667
-3.8534853 2.4488575 0.04116042 167.76128
-3.8562222 2.5557315 0.054402474 162.7144
-3.8494072 2.6572032 0.054479495 160.79759
-3.8458371 2.7508087 0.048704483 154.8718
-3.8524079 2.8503461 0.04498912 152.67477
-3.8543055 2.9414983 0.05926631 156.14024
-3.8540044 3.0557928 0.070707932 157.05948
-3.8360934 3.1566327 0.067229778 159.44403
-3.8477626 3.2507908 0.072784975 150.37941
-3.872664 3.3464839 0.05797356 148.4064
-3.8664236 3.4650044 0.04788655 157.34097
-3.8638775 3.5634956 0.056161813 162.5731
-3.8242867 3.6452332 0.06482552 143.06512
-3.8275216 3.7390168 0.074339338 143.18376
-3.8505075 3.8634541 0.07249251 153.23334
-3.8433738 3.9456151 0.081350714 158.77316
-3.8485782 4.0510302 0.078928374 161.78519
-3.8590357 4.1492119 0.090870999 163.84222
-3.85639 4.2289615 0.07630489 173.21515
-3.834439 4.3343124 0.090574749 165.47858
-3.8610635 4.4360647 0.078951567 138.85379
-3.8501596 4.5309367 0.080890529 145.37
-3.8407266 4.6385751 0.083299421 149.53418
-3.8373549 4.7471333 0.086650483 150.49803
-3.8451343 4.8711772 0.099298097 143.34616
-3.8344004 4.968534 0.094819196 154.90909
-3.8640738 0.76839697 0.10282584 149.77777
-3.8923223 1.4900451 0.11912462 156
-3.8002973 2.3133998 0.13901015 138
-3.8364677 2.8498557 0.11315656 143.2381
-3.8188148 2.9824414 0.10282673 140
-3.8475301 3.1568663 0.10414939 130.75
-3.8405814 3.2586524 0.107515 143
-3.8347352 3.3415229 0.11502536 147.66667
-3.8545969 3.4597456 0.14290307 134.89015
-3.8457441 3.5601249 0.15519738 141.13963
-3.8268237 3.6481843 0.15312517 150.04546
-3.8385928 3.7388084 0.14917965 156.45239
-3.8388748 3.8419244 0.15791212 157.81123
-3.8301451 3.9564109 0.1665965 173.79561
-3.8494008 4.0584579 0.14594886 156.06145
-3.8625548 4.1548653 0.12960272 163.98729
-3.8457377 4.2433805 0.13443427 165.62961
-3.8451214 4.36062 0.14376713 165.43799
-3.8663096 4.4474931 0.14816323 168.10483
-3.8426707 4.5579534 0.14936861 169.1172
-3.8402374 4.6539559 0.16308838 160.34138
-3.8554821 4.7422595 0.15382707 165.73643
-3.8441556 4.8431125 0.15682392 154.20482
-3.8537424 4.9463849 0.13595511 153.9772
-3.845854 5.0625849 0.14570971 160.67371
-3.8614831 5.1609483 0.16407135 160.28081
-3.8505392 5.2351398 0.16432318 165.32333
-3.8686509 5.3774738 0.18430758 153.5
-3.8586447 5.4476919 0.17799969 157.3934
-3.8351188 5.5314937 0.18680537 151.5
-3.8456242 5.6281018 0.19186199 142.4375
-3.8152387 2.3119957 0.20035256 198.77777
-3.817883 3.5502286 0.21478312 133.34616
-3.8532805 3.8175488 0.2677348 154.25
-3.8263941 4.3637919 0.23909743 134.75
-3.8537238 4.4598107 0.2452215 142.5
-3.85832 4.5838609 0.25404567 129.58929
-3.8882434 4.6458635 0.24804597 158.16666
-3.8683884 4.7493777 0.25589162 153.2829
-3.8658159 4.8559966 0.26628193 148.39441
-3.8016329 4.989542 0.25789362 160.125
-3.8369715 5.0547805 0.27405545 158.90277
-3.8512454 5.1444654 0.24401002 157.58888
-3.8415422 5.2609973 0.2214579 160.4447
-3.8610275 5.3358388 0.23489186 137.52499
-3.8395267 5.4341297 0.22819546 159.58333
-3.8262784 5.5191212 0.20703517 115
-3.8227286 5.6123481 0.25601926 165.75
-3.8863358 5.7385421 0.26721025 158.5
-3.8544602 3.7959282 0.30036959 168
-3.8896763 4.0802498 0.33254144 135.16667
-3.8489771 4.996737 0.37926954 211
-3.8348012 5.030817 0.32121384 141
-3.8806722 5.126874 0.31904581 145.55556
-3.8468137 5.2348466 0.36013907 129.83333
-3.8900743 5.3319974 0.36001745 141.08333
-3.8207006 5.4487324 0.37191641 141.75
-3.8142798 5.0023093 0.40061668 136
-3.700635 0.59655398 -0.10431625 157.25
-3.7289226 0.71795309 -0.10521036 167.25
-3.7773259 0.84588981 -0.11223446 142.5
-3.7679591 0.9519093 -0.10700931 162.55435
-3.7436583 1.0465118 -0.13674425 172.25714
-3.7807128 1.1126682 -0.15102954 170.42857
-3.7745581 1.2288691 -0.10073334 157.40146
-3.7649353 1.3394352 -0.14040428 163.19424
-3.7833087 1.4179984 -0.14410076 163.46667
-3.7537408 1.5518421 -0.13208358 165.10577
-3.736546 1.659093 -0.13624693 167.42693
-3.7432334 1.7352562 -0.12345195 172.71951
-3.7438743 1.8562005 -0.1182063 172.83327
-3.7751479 2.0307703 -0.10219355 186.33333
-3.7199671 -0.055880897 -0.039056525 135
-3.7284832 0.03227533 -0.035452619 149
-3.7490358 0.14175995 -0.035581037 162.125
-3.73592 0.24496159 -0.035573646 177.58333
-3.7625873 0.36419472 -0.03571387 184.25
-3.7556851 0.48199287 -0.031828281 179.18571
-3.7335134 0.56206566 -0.027719421 185.99333
-3.7546339 0.64598161 -0.035851106 188.18915
-3.7669423 0.74265569 -0.035728719 187.39456
-3.762686 0.83807939 -0.060195681 179.15965
-3.7524581 0.94329029 -0.051940322 174.29553
-3.7557046 1.0452863 -0.060621522 179.30014
-3.7460511 1.1533741 -0.051558807 179.85455
-3.7422612 1.2540377 -0.056701355 170.66765
-3.7522998 1.3459111 -0.054997072 172.53557
-3.7409861 1.455669 -0.051835321 172.90567
-3.7513175 1.5487467 -0.032907106 173.98723
-3.7503099 1.6533146 -0.047576386 182.21571
-3.7687707 1.7488551 -0.054978728 178.64
-3.7474778 1.8434627 -0.050694734 159.26389
-3.7478476 1.9552616 -0.064869225 151.75433
-3.7678425 2.0306163 -0.059590142 152.75319
-3.7501249 2.1642077 -0.053126715 167.9505
-3.7513702 2.2704206 -0.043711111 162.4791
-3.7390916 2.3494768 -0.040037807 152.51627
-3.766834 2.4309335 -0.056171767 156.46487
-3.7356248 2.5479746 -0.022131342 164.47176
-3.7234013 2.652355 -0.020340718 176.79167
-3.7408841 2.7503941 -0.010443829 184.87776
-3.7946076 2.8163519 -0.027164716 181.28572
-3.7474241 3.0013571 -0.006337367 147
-3.7521911 0.59982824 0.02096149 186
-3.7236118 0.7162168 0.025561249 188.88889
-3.7635765 0.85478097 0.0078224558 186.04167
-3.7515233 0.94578791 0.014942061 158.2
-3.7656898 1.0318298 0.038281862 173.47501
-3.7385559 1.1197557 0.00222686 162.33334
-3.7427816 1.2071631 0.01574624 128
-3.7038314 1.4310572 0.029139347 152
-3.7463257 1.6061885 0.0033752029 170.5
-3.73051 1.8347785 0.0021732706 185.94444
-3.7347496 1.9624919 0.035701323 144.42619
-3.7472143 2.064815 0.047111139 134.50694
-3.7254817 2.1462984 0.072135516 134.33333
-3.7347031 2.2589664 0.034444518 150.55556
-3.7706442 2.3494372 0.047795769 165.05832
-3.7656384 2.4543593 0.038349729 173.91667
-3.7473109 2.5364256 0.040140793 156.38651
-3.7516346 2.6553082 0.036183789 169.08165
-3.7390115 2.7540209 0.035270981 159.78276
-3.749315 2.8398798 0.03523339 162.52196
-3.7606444 2.9422741 0.045253124 158.86728
-3.7386169 3.0548859 0.059701972 158.58551
-3.7397835 3.1530492 0.05847824 162.7421
-3.7541554 3.247803 0.072487779 157.07542
-3.7759547 3.3419125 0.068461336 150.97702
-3.7600584 3.4515476 0.070208758 162.88712
-3.7581077 3.5405054 0.064067364 161.22601
-3.7528186 3.6429121 0.084062383 164.05775
-3.7428274 3.7217875 0.094926193 161.09091
-3.7227838 3.8447344 0.07554473 137.59375
-3.7630582 3.9622564 0.082471102 159.23973
-3.7390342 4.0406418 0.090247542 169.65858
-3.7714643 4.1317773 0.084833592 155.92915
-3.7813654 4.2109566 0.06373065 155.24286
-3.7667012 4.3261132 0.076727159 150.10001
-3.7580872 4.4360337 0.075039864 149.93272
-3.7591469 4.5256433 0.078767858 147.20531
-3.7950556 4.6296802 0.080305398 154.83675
-3.7706425 4.7411456 0.078142993 149.8797
-3.7120903 4.9606295 0.07755658 154.75
-3.7604136 5.0401349 0.089198969 158.6239
-3.7280319 0.027274609 0.11234661 208.75
-3.7239621 1.0590566 0.12714109 145.50568
-3.7259486 1.4300098 0.12542471 124.5
-3.7809346 2.1833994 0.11116087 133.2
-3.7335091 2.5560765 0.12928039 180.5625
-3.7464716 2.636426 0.10559737 145.41667
-3.7567163 2.7807708 0.10886065 145.66667
-3.7201428 2.885498 0.11976197 140.46153
-3.7151489 2.9703412 0.14065452 129.73824
-3.7317219 3.0484207 0.10256381 111.66666
-3.737237 3.1543906 0.10911896 126.33334
-3.7404342 3.2369807 0.10988121 138.85001
-3.7379565 3.3380935 0.1296995 130.91666
-3.7397254 3.4433661 0.13961132 134.50934
-3.7432029 3.5426259 0.14137195 145.46513
-3.7547915 3.6453228 0.14857642 155.53893
-3.736963 3.7420433 0.13757926 164.45416
-3.7543993 3.8520303 0.15228441 161.45679
-3.7432005 3.9472601 0.16223732 152.29655
-3.7557762 4.0564137 0.15103924 161.42889
-3.7551317 4.1529636 0.12492239 166.3167
-3.734374 4.2507801 0.14257541 162.04337
-3.7560546 4.3405809 0.13815773 165.82022
-3.765126 4.4374661 0.14740087 164.81322
-3.7512448 4.5436974 0.14161779 165.27748
-3.7684989 4.646625 0.14585473 173.41699
-3.751317 4.7515392 0.14357318 168.20694
-3.7455518 4.8567142 0.1461557 163.45988
-3.7479641 4.9564466 0.13708512 161.19464
-3.7515907 5.0653 0.14055558 159.33054
-3.7500174 5.1438737 0.15317772 156.81674
-3.7349455 5.2454834 0.16801298 156.03516
-3.7447367 5.3447213 0.1724931 153.35364
-3.7665093 5.4638047 0.18265359 162.125
-3.7677951 5.5749116 0.18834907 137.33333
-3.7130904 2.7424443 0.27728164 140.33333
-3.7175026 4.251462 0.23107523 125
-3.7786858 4.3157902 0.24178408 132.5
-3.7210948 4.4150043 0.2587488 131.5
-3.7179472 4.5428553 0.275381 136.5
-3.757513 4.6464648 0.27725995 136.07843
-3.7595191 4.7459817 0.23714158 142.28105
-3.785569 4.84763 0.23424576 147.29166
-3.7856867 4.9007173 0.24742542 148.4762
-3.7496369 5.0510716 0.24528903 171.28333
-3.7779224 5.1644034 0.24291226 152.16071
-3.7054274 5.2822514 0.21932636 181.8
-3.755501 5.3718138 0.22955577 174.2
-3.7375693 5.5432177 0.23443444 150.8889
-3.764961 5.7226624 0.23213968 138.41666
-3.7729871 4.5245509 0.32178244 184
-3.7244415 4.6602488 0.3219077 138
-3.7706816 4.8464417 0.31229943 138.875
-3.7529228 5.0427575 0.34888825 139.91666
-3.7586372 5.1529512 0.33416849 139.2639
-3.7764449 5.2582784 0.36961991 141.5
-3.7807329 5.3616905 0.3632898 142.25
-3.7124786 5.4097276 0.37562093 142
-3.7448027 5.517653 0.38776219 139.8
-3.6616981 0.43035802 -0.10593797 137.5
-3.6819308 0.51674736 -0.1051531 149
-3.6487832 0.71808833 -0.10042518 164.39999
-3.6251011 0.88920522 -0.11423478 146
-3.6487298 0.97694123 -0.107698 156
-3.677563 1.0839208 -0.10063168 173
-3.6424875 1.1330734 -0.13250574 173.41109
-3.6541023 1.2318479 -0.12790392 168.2
-3.6565928 1.3718343 -0.13967118 165.37383
-3.673955 1.4611387 -0.13454966 165.74046
-3.661828 1.5583082 -0.11060359 166.73343
-3.6392543 1.6295617 -0.11818335 165.13586
-3.6558888 1.7541358 -0.11628384 171.88333
-3.6398921 1.818653 -0.12824182 179.96428
-3.6931722 1.9189306 -0.10359258 182.2
-3.6733627 2.0071607 -0.10268292 186.25
-3.6831341 0.047398936 -0.036090761 153
-3.6248515 0.1459526 -0.035356227 165.375
-3.6264887 0.24152891 -0.035861704 174.85001
-3.6592774 0.35724524 -0.035571158 183
-3.6500335 0.47358158 -0.031420533 185.72223
-3.6535316 0.54734558 -0.047913488 188.23076
-3.6470361 0.6533466 -0.04280581 187.24377
-3.6583717 0.76336211 -0.054019943 184.32477
-3.6470227 0.85032296 -0.053357478 177.86472
-3.6564128 0.94876498 -0.045217693 183.35486
-3.6661136 1.0564917 -0.039671406 174.54012
-3.6403985 1.1401702 -0.062802956 174.7897
-3.6563756 1.2469432 -0.047859151 177.16554
-3.6449068 1.3438475 -0.048750836 176.93108
-3.6465223 1.4484905 -0.043749422 176.66678
-3.6426167 1.5425731 -0.040280793 176.15268
-3.6508133 1.6476409 -0.045152549 169.64816
-3.6444449 1.7595084 -0.050262935 175.36954
-3.6607895 1.8453643 -0.068128429 165.54308
-3.64905 1.9571427 -0.060321949 156.66965
-3.6585643 2.0601838 -0.03957339 161.76962
-3.6330395 2.1482179 -0.045174878 171.63385
-3.6354966 2.2568061 -0.055594001 159.06569
-3.6530459 2.3227098 -0.05076994 155.10123
-3.6567802 2.4548392 -0.030253312 158.32489
-3.6371088 2.5522826 -0.021945212 152.36028
-3.6464915 2.6417794 -0.020459617 156
-3.64939 2.7273436 -0.0085403416 166.78654
-3.6617546 2.819514 -0.0093272384 171.83333
-3.6443501 2.9485202 -0.0024470584 139.25
-3.6676044 3.1138942 -0.0048525981 129.66667
-3.6412582 0.18500198 0.054063331 200.66667
-3.6606708 0.59459174 0.018459557 187
-3.6361394 0.64437115 0.012500362 189.66667
-3.679558 0.7913962 0.023099298 185.88889
-3.6358509 0.8787865 0.012540245 180.91667
-3.6412096 0.97512054 0.014615613 166.57639
-3.6422274 1.0222608 0.064817883 134.36539
-3.6422267 1.3656914 0.0050926707 186
-3.6479266 1.4417639 0.04665824 149.27779
-3.6397839 1.5021628 0.0037324713 184.5
-3.6348796 1.6744226 0.0020810144 160.75
-3.6487312 1.8690523 0.037725195 172.6032
-3.6813586 1.9111378 0.078607269 129.23077
-3.6132355 2.2389688 0.058811475 134
-3.648454 2.3512871 0.0059510628 159.06667
-3.6385136 2.4593213 0.033179939 135.35832
-3.6514015 2.5575361 0.046339147 164.1488
-3.6661603 2.6472349 0.035538748 165.04167
-3.6500976 2.7480648 0.036251016 179.49332
-3.6300547 2.8586812 0.047968183 163.9184
-3.6300726 2.9640424 0.068835542 166.84721
-3.6687539 3.0446501 0.065922759 164.46353
-3.6520677 3.1389718 0.04419012 154.25224
-3.6552875 3.2529087 0.073479973 163.25819
-3.6486967 3.3481483 0.07428062 155.85492
-3.6495852 3.4309361 0.060576357 174.55685
-3.6461537 3.5379353 0.075153887 166.6252
-3.6582217 3.6419713 0.062830895 136.67708
-3.6592336 3.7235956 0.084601417 164.4613
-3.6638334 3.8540456 0.079158403 160.80357
-3.671844 3.9233253 0.089243598 143.42857
-3.6459463 4.0107884 0.07443554 137.5
-3.6432369 4.1536388 0.07248757 153.39647
-3.6400869 4.2506242 0.051710773 159.69864
-3.6518295 4.347177 0.083075069 150.13333
-3.6888993 4.4100432 0.072978385 140.34483
-3.6438835 4.6252246 0.092548773 172.17426
-3.6620815 4.7313557 0.076995067 159.06522
-3.6323223 4.8631635 0.086961217 176.19048
-3.656985 4.9446006 0.091614567 164.1676
-3.6122744 1.4935393 0.14040831 142
-3.6074858 1.7837172 0.1389088 141
-3.6083958 1.8490478 0.1275042 157.71428
-3.6163208 2.0497522 0.12992533 157
-3.6803415 2.114634 0.16226602 155
-3.6569521 2.3517964 0.12964919 113.33334
-3.6366699 2.5334516 0.13516411 152.075
-3.6463978 2.6394787 0.1073773 148.5
-3.6660707 2.7688622 0.1084746 142.75
-3.6735201 2.8671496 0.14970498 145.12962
-3.6064966 3.0490541 0.10368749 112.66666
-3.6230588 3.1440091 0.10581934 124.33334
-3.6431112 3.2580755 0.11264878 138
-3.6564026 3.3338721 0.11608559 143.75
-3.6792212 3.4262936 0.13916633 136.17567
-3.6463296 3.5425959 0.1424962 150.26941
-3.6666315 3.6356521 0.13351533 152.82901
-3.6624627 3.7647524 0.13852683 159.058
-3.6634829 3.8586035 0.14393292 153.76805
-3.6531527 3.9438634 0.16355585 163.43787
-3.6397562 4.0454898 0.13630061 168.34303
-3.6507428 4.1470265 0.13875584 163.55409
-3.6407743 4.2449799 0.14120139 163.95657
-3.6534054 4.3397145 0.14664531 170.26744
-3.6544926 4.4436183 0.14137863 163.89284
-3.6435244 4.5404086 0.1407474 161.694
-3.6489096 4.6379142 0.13505882 170.17159
-3.6478932 4.7454472 0.13417329 161.92329
-3.6606083 4.8558726 0.14582413 166.78464
-3.6501119 4.9378195 0.14790858 150.95573
-3.6557903 5.0546007 0.14186937 163.005
-3.6450374 5.1498513 0.14715943 163.07664
-3.6257515 5.2499442 0.14470924 160.89882
-3.6245592 5.3366055 0.1458391 158.88928
-3.6426592 5.4453001 0.16426216 158.04132
-3.6305332 5.5302629 0.17908712 155.91177
-3.6801777 5.6816807 0.19497129 123
-3.6540921 5.7396369 0.19365254 119
-3.6706867 2.6333232 0.26593995 143
-3.6519454 2.7483087 0.25415316 151.75
-3.6967273 2.8361843 0.24151644 134.63158
-3.6836712 3.3826749 0.24861586 140
-3.6373353 3.5604446 0.20914941 130.71428
-3.6214182 3.7672477 0.22127444 133
-3.6848567 3.8524146 0.25737023 168.88887
-3.6471903 4.2110825 0.23941533 147.25
-3.6541882 4.3393569 0.25311145 128.84401
-3.6401994 4.4781795 0.25550148 142.75757
-3.6799405 4.5028157 0.2145447 148
-3.6462123 4.6299624 0.28879631 137.91666
-3.6522937 4.7787218 0.29274508 196
-3.6352739 4.8401551 0.21344885 123.05
-3.6626735 4.9488282 0.25921848 138
-3.683037 5.0721841 0.25305426 183.25
-3.6635897 5.1933527 0.20010082 182
-3.6214285 5.2054653 0.21031034 177.39999
-3.6477265 5.3111067 0.222992 179
-3.6517534 5.4430361 0.23551559 168.8
-3.6401746 5.6195045 0.25203249 157
-3.6286197 4.1926146 0.34274769 132.94286
-3.6567998 4.2495418 0.306209 134.5
-3.6481104 4.8277297 0.31166285 138.3
-3.6519361 5.112762 0.34285602 147
-3.6304264 5.2212863 0.36024696 145.25
-3.6648707 5.3176875 0.37525895 141
-3.6284709 5.4688191 0.39131126 132.75
-3.6584413 4.9272366 0.41160238 211
-3.6652646 5.5900788 0.40152857 128
-3.6321268 5.620048 0.41000694 125
-3.5290449 0.45132366 -0.10039394 134
-3.5515897 0.51478374 -0.10714711 142.5
-3.5918753 0.62294877 -0.10255725 154.5
-3.5104511 0.72524703 -0.10368214 159
-3.5142891 1.0954882 -0.10615162 167.7619
-3.5499988 1.1687591 -0.11411039 171.96297
-3.5061715 1.2269619 -0.12675171 162.84483
-3.5689042 1.4481018 -0.13973232 166.52469
-3.5327218 1.530408 -0.10524278 167.64323
-3.5430121 1.8463546 -0.11425366 176.92105
-3.5608816 1.9476219 -0.1115494 186.25
-3.5917566 2.009244 -0.10906666 184
-3.5943027 0.062528752 -0.029095335 151.25
-3.5233865 0.26907545 -0.037857287 179.5
-3.5588996 0.36096263 -0.035102062 187.64285
-3.5609174 0.46189064 -0.052536245 189.55614
-3.5181162 0.54008245 -0.046791807 189.78572
-3.5627468 0.6495325 -0.044135138 187.98053
-3.5586681 0.77769041 -0.041177399 180.08665
-3.5721674 0.81396288 -0.057918444 174.5024
-3.5462928 0.95522988 -0.035489935 184.55515
-3.5344162 1.0433282 -0.059161853 174.66116
-3.5428216 1.1453743 -0.048130896 180.18288
-3.5459702 1.2467213 -0.055448905 180.04315
-3.5402944 1.3517271 -0.045423333 174.53787
-3.5501359 1.4478173 -0.035912827 164.19882
-3.5531487 1.5451138 -0.053953569 173.13577
-3.553546 1.6484911 -0.055456851 179.36296
-3.5598979 1.7229919 -0.036875032 171.16666
-3.5522976 1.8377999 -0.060685363 169.35912
-3.5581372 1.9434116 -0.06074604 165.93056
-3.5437005 2.0407188 -0.052738566 166.13516
-3.5477946 2.125464 -0.031918596 163.87849
-3.5401399 2.2215073 -0.045969144 165.37646
-3.5493591 2.3435464 -0.032654859 155.9086
-3.5514729 2.4513574 -0.026182255 167.12997
-3.5584326 2.570662 -0.024670925 173.15919
-3.5408177 2.6657784 -0.019908024 176.68823
-3.535126 2.7726517 -0.015872084 159.91666
-3.5262425 2.8948226 -0.0034516009 143
-3.5669906 3.0311525 -0.0062047862 128.33333
-3.5763898 0.058550093 0.06922742 203.60001
-3.5533977 0.12760657 0.04148712 145.16666
-3.574898 0.63089246 0.014014186 189.33333
-3.5542884 0.75157928 0.022401415 189.85001
-3.5602889 0.8413915 0.025339385 185.5
-3.5587361 1.0331173 0.030673066 142.40477
-3.5417483 1.2198961 0.067966834 158.33333
-3.509419 1.3476073 0.05085291 135.5
-3.5393777 1.4618713 0.042248208 152.61539
-3.5347514 1.5661029 0.0071332129 151.97433
-3.5920849 1.6005511 0.0040981271 127.5
-3.5342546 1.7387953 0.0032268681 166.45238
-3.5146389 1.8108255 0.045478795 190.13333
-3.5686264 1.952338 0.037185524 150.3
-3.5567231 2.0413499 0.035960171 151.75
-3.5567787 2.1355696 0.047855671 120.5
-3.54914 2.2486529 0.016493812 133.16666
-3.5204952 2.3566065 0.025422715 140.25
-3.5618658 2.4127026 0.0250553 116.25
-3.5536013 2.5490346 0.017483626 165.72223
-3.5622661 2.6577287 0.030054683 148.41251
-3.5513694 2.7569025 0.041927084 156.65286
-3.5412998 2.854619 0.049248375 171.69658
-3.5429363 2.9397414 0.051159073 170.72501
-3.5757055 3.0349438 0.076334193 181.99243
-3.5502136 3.1380856 0.061266482 168.45549
-3.5576499 3.237308 0.049082205 148.99167
-3.5533552 3.3400142 0.087090142 168.59721
-3.5843058 3.44719 0.079357579 179.7619
-3.5473161 3.5170455 0.095554501 157.5
-3.5719023 3.6221409 0.065137297 147.14999
-3.5470667 3.7451189 0.082305238 152.12878
-3.5768642 3.8280554 0.079135887 169.13333
-3.532696 3.9253175 0.043065354 140
-3.5411875 4.0444975 0.053835824 130.35417
-3.5606172 4.1092987 0.068072245 131.63637
-3.5843713 4.2526855 0.071994402 160.34375
-3.5367479 4.3366799 0.084236458 133.33333
-3.5679619 4.4344187 0.092145868 132.33333
-3.5576184 4.5808225 0.084423043 173.14285
-3.5417547 4.6478214 0.084799252 175
-3.5580072 4.7503047 0.092142165 168.11667
-3.5346413 4.846807 0.086739145 164.19286
-3.5206633 1.1717449 0.111396 123.4
-3.5646229 1.3743165 0.1023142 134.96428
-3.5109324 2.5278909 0.15025574 167.5
-3.5714183 2.6326876 0.17465624 172.5
-3.5113633 2.7111642 0.10579922 184
-3.5407286 3.1634786 0.13811131 170.55
-3.5681071 3.2408938 0.15042153 160.85713
-3.5683298 3.3581595 0.16017726 161.76286
-3.5609581 3.4306967 0.11904655 164.0238
-3.5495868 3.5396857 0.12388262 158.88367
-3.5383573 3.6323915 0.13732001 158.20155
-3.5460835 3.7449071 0.14707267 167.24338
-3.5565467 3.8577743 0.15198001 162.26875
-3.5421317 3.9421914 0.16406272 167.16037
-3.5557323 4.0457649 0.14497775 167.32265
-3.5449519 4.1432791 0.13711093 171.32658
-3.540091 4.2544079 0.14301725 168.98056
-3.5569303 4.3456693 0.13980523 162.17715
-3.546196 4.4524136 0.15371287 165.61594
-3.5629051 4.5456076 0.14171953 166.53409
-3.5535641 4.6430964 0.13971652 161.67201
-3.5491588 4.7371593 0.13732956 172.34798
-3.5452194 4.8468113 0.13890368 165.0817
-3.5557809 4.939539 0.12640822 163.59743
-3.5563526 5.043375 0.13846496 163.82368
-3.5397675 5.1432533 0.13821217 173.25507
-3.5517714 5.2393613 0.13796134 171.39743
-3.530376 5.3421431 0.1618918 170.14871
-3.5464811 5.4571333 0.15813315 162.34317
-3.5455818 5.5605531 0.16794589 178.56566
-3.5244377 3.0999911 0.24286419 188.5
-3.5469484 3.1856437 0.21342857 194
-3.560463 3.2314451 0.23559023 190.35715
-3.5222285 4.1499138 0.26028249 176.92381
-3.5498412 4.2809515 0.26100364 123.75
-3.511992 4.3386397 0.25484303 200
-3.5209756 4.4442363 0.27471587 165.27777
-3.5412219 4.5825901 0.26087007 177.78032
-3.5691264 4.6833048 0.26886922 196.5
-3.5950563 4.7728386 0.26815727 217
-3.5544908 5.0074143 0.27236429 202
-3.5557053 5.109158 0.20255321 174.75
-3.5397193 5.2342372 0.21323861 168
-3.5500536 5.3612256 0.22565116 165.75
-3.5243475 5.4321995 0.24810882 207.3
-3.5470355 5.5157919 0.23942807 154.75
-3.5859871 5.6679077 0.25784257 151
-3.5184104 4.0538163 0.31932858 179.875
-3.5153134 4.1225228 0.34655333 167.05556
-3.5355139 4.5635238 0.31850389 197
-3.5455542 4.6807113 0.31587917 166.57143
-3.5856519 4.7122159 0.30561212 139.66667
-3.5181065 4.8084168 0.3192338 139.33333
-3.5571685 4.9217749 0.34329858 135
-3.5422487 5.1391706 0.35921201 139.79166
-3.5338998 5.2577181 0.37291661 138.25
-3.5902288 5.3574066 0.37980238 137.5
-3.5545042 5.5207891 0.40618905 122.5
-3.5950332 5.6535983 0.41941193 117.5
-3.4374084 0.5701133 -0.10582209 145
-3.4603648 0.68297762 -0.10478921 153.66666
-3.4720533 1.0995519 -0.1112923 165.256
-3.4313295 1.1849034 -0.11180053 165.4127
-3.4043958 1.2556094 -0.1231406 164.89091
-3.4635799 1.3247498 -0.11720449 165.9415
-3.4537141 1.4498875 -0.11414 167.79713
-3.437804 1.6722744 -0.11109835 174.1875
-3.4966695 1.7436042 -0.1106573 172.34616
-3.4142456 1.8327885 -0.10091342 180
-3.4602206 1.9303187 -0.11411044 182.66666
-3.4580312 0.089623399 -0.038132653 155.5
-3.4517226 0.151308 -0.041084211 170.2
-3.4054179 0.24359795 -0.04215952 181.5
-3.4411442 0.33942249 -0.05189497 190.91667
-3.4355884 0.45455787 -0.053245191 192.35941
-3.4034832 0.52293342 -0.057221062 180
-3.4668014 0.62093228 -0.059298433 194.20238
-3.4704762 0.7309646 -0.062101576 184.79289
-3.4734123 0.86203361 -0.050250944 180.5643
-3.449769 0.9755103 -0.058388814 178.68166
-3.4337807 1.0624415 -0.057831597 182.22415
-3.4293897 1.1477213 -0.071098998 171.40059
-3.4503694 1.2460809 -0.050213743 178.85349
-3.4435649 1.3557869 -0.045655366 165.65208
-3.4473984 1.4667637 -0.045550801 169.55402
-3.4556503 1.5551964 -0.032296892 178.88123
-3.4457297 1.6292778 -0.027801953 161.21333
-3.4395339 1.7597557 -0.058761541 184.53751
-3.4377921 1.8563842 -0.040017292 175.46527
-3.4391441 1.9438883 -0.05046415 164.33493
-3.4533992 2.0563836 -0.05053407 159.87572
-3.4547849 2.1692727 -0.04291537 167.10793
-3.4404726 2.2504916 -0.032506187 159.93616
-3.4588389 2.3671443 -0.02451702 159.92017
-3.4854684 2.440701 -0.014921821 153.14166
-3.4616082 2.5421469 -0.01752555 169.59753
-3.4369106 2.6513245 -0.015944697 159.08333
-3.4315863 2.7707732 -0.020361811 172.5
-3.4196177 2.8133678 -0.0074359677 140.5
-3.446656 2.9598815 -0.008454157 134.33333
-3.4891527 3.1166847 -0.0020232662 118.5
-3.4999037 0.68046236 0.0096857343 189.66667
-3.4144552 0.93717098 0.0099908309 163
-3.4506199 1.1742234 0.077718154 129.31482
-3.4499166 1.2562046 0.048798461 172.5
-3.4372876 1.3793722 0.00050914753 177.5
-3.436327 1.5405216 0.040944695 163.36975
-3.4532981 1.6791147 0.037206933 170.91666
-3.4471889 1.7730602 0.016907878 166.28571
-3.4509521 1.8487396 0.015084245 162.625
-3.4253135 1.9835901 0.040081304 144.875
-3.421505 2.0300267 0.059057184 112.7381
-3.400547 2.1512349 0.013051617 152.94118
-3.438591 2.2646155 0.026366161 117.66666
-3.4086096 2.3142951 0.0074574151 134
-3.4256153 2.4240537 0.044928409 146.24445
-3.4705794 2.5291519 0.020165306 153.75
-3.4569874 2.6465383 0.026625948 165.30714
-3.4436345 2.7603579 0.053897321 176.45288
-3.4532366 2.85058 0.036432866 173.20952
-3.4450786 2.9629045 0.056782685 165.9762
-3.4753497 3.0468254 0.063390777 168.71112
-3.4583533 3.1561038 0.046194524 154
-3.4396026 3.2443473 0.059401616 143.26587
-3.4268208 3.3433576 0.071633525 163.75
-3.4638705 3.4405663 0.065952249 153.8125
-3.4380205 3.5543168 0.093863174 169.90079
-3.4207745 3.6293554 0.00665446 109
-3.4564269 3.7244637 0.069307856 160.01587
-3.4492431 3.8521061 0.024754964 128.5
-3.4628916 3.9215369 0.034953628 136
-3.4794912 4.0250483 0.050801907 137.2
-3.4421022 4.4238701 0.078716941 144.19444
-3.4695358 4.5187836 0.080844998 152.08333
-3.4440427 4.640317 0.078846738 171.66666
-3.4748843 4.7326751 0.08991386 175.31349
-3.4488785 4.8381124 0.085697316 175.03116
-3.4492521 4.9160194 0.084673375 171.97356
-3.456347 5.0068278 0.087496094 165.63637
-3.4655252 1.2249966 0.10791535 149.5
-3.4287241 2.0822988 0.11499947 86.92308
-3.4712846 2.4719405 0.10919334 178
-3.4564199 2.6323769 0.10345858 182.5
-3.4327672 2.7632954 0.16071078 190.55
-3.4702513 3.0298686 0.10337219 111.5
-3.4820154 3.1274917 0.11286185 153.72221
-3.487365 3.2355757 0.12186905 184.26666
-3.4454043 3.4247398 0.13604859 140.95
-3.4635296 3.5401883 0.1389223 147.89107
-3.4541855 3.6573591 0.13246173 159.92406
-3.4357402 3.7414868 0.16115925 169.23618
-3.4593523 3.8496745 0.16244084 178.15953
-3.4375143 3.9643774 0.15442541 180.12683
-3.4578052 4.0498328 0.15948258 182.17345
-3.4421875 4.1469913 0.15850663 183.51041
-3.4534302 4.2413015 0.15643503 177.28192
-3.4593453 4.3477297 0.14474678 171.78343
-3.4429474 4.4559278 0.14377122 179.95659
-3.4501476 4.53478 0.15581118 175.17052
-3.4515688 4.6423292 0.14510746 170.35782
-3.4432476 4.7316256 0.14998949 169.53931
-3.439064 4.8490257 0.15625601 172.61086
-3.4570422 4.9533982 0.14245526 175.91882
-3.4522507 5.0596461 0.14127919 178.92952
-3.4472635 5.1456251 0.13695826 180.64169
-3.4623506 5.2484908 0.15084063 182.95355
-3.4481442 5.3380294 0.16420366 182.08148
-3.4640329 5.4382181 0.15699439 179.80333
-3.468267 5.5386863 0.17107299 184.68333
-3.449131 5.6192603 0.17664686 184.83333
-3.4581063 2.8825166 0.23243526 193.30769
-3.4803112 3.0261168 0.23755866 192.59091
-3.4437442 3.1619959 0.22501804 193.151
-3.4338832 3.2261016 0.2548739 189.2
-3.4444592 3.3103678 0.23861575 188.61111
-3.4131453 3.9689074 0.25514266 197.72437
-3.445719 4.0515981 0.24805973 192.73332
-3.4442084 4.1561422 0.23741019 189.48438
-3.4421804 4.258647 0.26087064 191.90381
-3.4515955 4.3711834 0.25642174 165.17429
-3.4377184 4.4264297 0.23072994 180.87354
-3.4420424 4.5377655 0.25345653 183.43034
-3.4438865 4.6503677 0.25438014 197.12912
-3.4420235 4.7504005 0.25773448 197.80402
-3.4602864 4.8404059 0.25139964 192.38335
-3.4472139 4.9481997 0.24582979 197.56355
-3.4559038 5.0575333 0.26147097 194.62347
-3.4547131 5.1625524 0.23316973 186.65715
-3.4352238 5.2646217 0.23448338 181.80952
-3.4783435 5.3696718 0.23951651 200.3889
-3.4723382 5.4003386 0.22990492 156.5
-3.4645398 5.571178 0.24720603 167.5
-3.4010463 3.9933853 0.34418175 192
-3.4866798 4.2486429 0.30437401 171.28572
-3.4164248 4.6638374 0.30484948 136.5
-3.4201546 4.7700872 0.32943311 170.25
-3.4375532 4.8532438 0.30589113 202.18182
-3.475693 4.9338026 0.33230644 159.51851
-3.4442313 5.0673833 0.30565163 195.6875
-3.443481 5.1357293 0.31101343 194.78206
-3.4473681 5.2577758 0.32574069 197.87619
-3.4185076 5.3012824 0.38509887 137.66667
-3.4906254 5.4144692 0.36890268 166.56667
-3.4253216 5.5487256 0.36958271 213
-3.4102709 5.4528551 0.40195608 133
-3.4980717 5.5606737 0.41264781 121
-3.3761356 0.44995576 -0.10173404 126.25
-3.3637004 0.66865587 -0.10770288 143.25
-3.3516297 0.92802525 -0.10161771 166.15625
-3.3563683 1.0492172 -0.11133695 166.75241
-3.3296361 1.1320064 -0.11654955 169.23451
-3.3335433 1.2438804 -0.11566778 170.4151
-3.3678939 1.321592 -0.11869663 170.88423
-3.3746703 1.4355808 -0.10267463 169.98592
-3.3048241 1.6593606 -0.10313509 177
-3.3022962 0.12892973 -0.042734958 171.5
-3.3222313 0.24736774 -0.045322467 183
-3.340203 0.35801363 -0.061036166 176.13333
-3.3257802 0.44629273 -0.048265181 188.69444
-3.3368366 0.55146927 -0.057694003 190
-3.384161 0.64756107 -0.062726572 181.79163
-3.3669395 0.74959606 -0.052511316 179.64653
-3.3702309 0.84286129 -0.054666497 166.93156
-3.3602955 0.93938565 -0.07716915 173.21283
-3.3500419 1.0436294 -0.078600742 174.87473
-3.3700886 1.1322931 -0.073430866 170.42577
-3.3484862 1.2479275 -0.045433912 173.82986
-3.3614666 1.3373368 -0.054350663 170.58965
-3.3269806 1.4462235 -0.057619013 181.84953
-3.3634713 1.5356846 -0.069254808 173.22255
-3.3302619 1.6455156 -0.049578305 171.92087
-3.3424802 1.7592195 -0.053534444 177.47418
-3.362699 1.8470055 -0.055724975 188.18822
-3.3365905 1.9470028 -0.039364036 180.94185
-3.3598058 2.0660183 -0.035575297 160.66667
-3.3477354 2.1605532 -0.035567634 154.87451
-3.3251817 2.2627056 -0.022852056 160.66032
-3.346133 2.3553104 -0.014914877 155.32666
-3.3618767 2.4627783 -0.015204796 144.96211
-3.3630764 2.5504882 -0.0099336561 170.62848
-3.3463161 2.654346 -0.020763198 155.60001
-3.3343587 2.7282169 -0.01468708 148.83334
-3.3132932 2.881423 -0.0059252246 131.66667
-3.3403625 3.0499191 -0.0047828108 124.5
-3.3910062 3.5502329 -0.0063883071 103
-3.3179374 0.88952357 0.035614207 147
-3.3353453 0.97954696 0.059915885 132.09723
-3.3777487 1.1584207 0.064893819 122.75
-3.3634539 1.2216451 0.071457535 144.92029
-3.3436897 1.4249197 0.031462677 166.12122
-3.3317285 1.5081072 0.014840937 165.47025
-3.3991399 1.6438982 0.016180974 184.78261
-3.3421161 1.7417173 0.02173863 190.75
-3.368104 1.8401451 0.019466657 158
-3.3530171 1.9311881 0.060724515 154.5
-3.3438902 2.0792801 0.023544094 130.97618
-3.3530817 2.1231198 0.043563951 147.85715
-3.3995605 2.242192 0.061312269 91.625
-3.315434 2.437788 0.081254564 168
-3.3560514 2.5388529 0.048126604 161.27779
-3.3477938 2.6430309 0.033577491 170.6111
-3.3524623 2.7384148 0.04843973 161.27499
-3.3517416 2.8507192 0.040227078 167.25
-3.3367059 2.9632912 0.068582974 169.1111
-3.3502736 3.069175 0.073332883 176.47917
-3.3621626 3.1388662 0.070251651 151.97501
-3.3163462 3.2533913 0.066495202 163
-3.3433578 3.451993 0.09609548 190
-3.3328013 3.551851 0.095656708 190.5
-3.3878367 3.6295834 0.095802031 184
-3.3314044 3.7440915 2.2307038e-05 131
-3.3759716 3.8286545 0.014417481 127.66666
-3.3559995 4.3503594 0.072730593 154.22223
-3.3361692 4.424614 0.097712681 202
-3.3506269 4.5369544 0.081757307 165.62045
-3.3586915 4.646071 0.078624092 180.44444
-3.3367748 4.7118516 0.085000731 184.32001
-3.339303 4.8260064 0.074885674 180.4659
-3.3599753 5.0151749 0.099701755 188.33333
-3.3714862 2.109606 0.13375938 146.27272
-3.3778431 2.6765203 0.10084208 187.5
-3.39818 3.2413504 0.10128178 182.58333
-3.3797193 3.3284435 0.12149487 145.05556
-3.3637819 3.4390593 0.13421384 154.1111
-3.3452115 3.5452769 0.13862222 157.64215
-3.3528957 3.6397984 0.14188203 172.5135
-3.3678725 3.760447 0.17178078 186.1389
-3.3615484 3.8535681 0.1675602 185.82408
-3.3706551 3.9529462 0.15930824 187
-3.3540721 4.0559416 0.16832291 187.14035
-3.3841562 4.1711955 0.15229702 197.58333
-3.3659763 4.2461796 0.15652461 178.60742
-3.3594563 4.3368344 0.15625361 185.5598
-3.3445673 4.4692397 0.15917531 168.77425
-3.3411679 4.5772257 0.13940845 176.38715
-3.3445215 4.6327167 0.15703104 176.16667
-3.3792505 4.7329803 0.14272849 177.03967
-3.3436625 4.8478799 0.15971746 187.07719
-3.355896 4.9482751 0.13572143 188.13516
-3.3786578 5.0537229 0.14496827 193.85986
-3.3618617 5.1437693 0.14846845 192.44336
-3.3424268 5.2509494 0.14479101 186.37737
-3.3494971 5.3403797 0.13089475 190.5
-3.3587942 5.4219151 0.16229308 189.95
-3.3757794 5.5405998 0.16955329 192.09091
-3.3548615 3.5758002 0.26558238 173.5
-3.3631401 3.6915464 0.25791013 186.90909
-3.3472748 3.7352886 0.21713491 191.35715
-3.3526874 3.8558426 0.2581093 190.34761
-3.3472302 3.9607399 0.25308523 193.47543
-3.372967 4.0587277 0.25666556 192.38573
-3.3606455 4.1564894 0.26246056 188.17142
-3.3255677 4.2570415 0.24760553 184.49268
-3.3451591 4.3298821 0.24725254 189.45966
-3.3446898 4.4325933 0.24437921 185.13692
-3.3449554 4.5218129 0.23922302 186.11934
-3.3493595 4.6226025 0.22332314 190
-3.3707662 4.7086029 0.23885933 189
-3.3443193 4.8361049 0.23866463 188.72925
-3.3734307 4.9404817 0.24521476 191.22592
-3.3508832 5.0171943 0.23950118 188.38411
-3.3354342 5.1437693 0.23226859 194.33246
-3.3358669 5.2714195 0.25460044 197.0118
-3.3626916 5.3454642 0.26881874 191.50742
-3.3683717 5.45297 0.26109973 201.32353
-3.3803389 5.511198 0.24480459 193.77451
-3.3803174 5.6205983 0.2325457 194.11667
-3.3584647 3.5577817 0.31180006 173.39999
-3.3688788 3.6696398 0.30869588 148
-3.3421094 3.7002301 0.32771695 189.38461
-3.3361194 3.8603683 0.33849061 186.2619
-3.353617 3.9536345 0.30134422 192.5
-3.3416855 4.0398297 0.36173159 181.5873
-3.3511791 4.1261148 0.33321229 188.116
-3.3053534 4.280241 0.35815966 180.94286
-3.3279855 4.3447618 0.35164315 182.795
-3.3576021 4.4175467 0.33853242 191.91177
-3.3428574 4.5520368 0.36060771 189.90445
-3.3565202 4.6511912 0.35816446 193.79166
-3.3672023 4.7878447 0.35683796 179.5
-3.380758 4.9175906 0.33932745 142
-3.3801396 5.1781292 0.37819192 161
-3.340167 5.3447919 0.34755853 200.75
-3.3700297 5.4178452 0.32634744 205
-3.3866074 5.5820427 0.31009647 194
-3.313323 4.3622189 0.40768367 180
-3.3064935 4.4343557 0.40967047 181
-3.3429484 4.5027833 0.40649384 206
-3.2143624 1.1626859 -0.12204323 166.39999
-3.2227023 1.2212509 -0.11896578 166.15329
-3.2112422 0.2579357 -0.041152064 185.16666
-3.2270861 0.35095432 -0.042032756 187.25
-3.2559164 0.45188525 -0.05013359 192.27499
-3.2334104 0.54799283 -0.059241142 188.125
-3.2381086 0.64046448 -0.047905881 178.36702
-3.2471294 0.74433243 -0.070743121 168.11835
-3.2698359 0.84944922 -0.077292085 175.71249
-3.2398269 0.95922047 -0.076684624 178.18823
-3.2579558 1.050591 -0.085914277 173.51306
-3.2577455 1.134672 -0.073957242 161.98836
-3.2493281 1.253177 -0.071633413 164.95627
-3.2664855 1.3437823 -0.072655 166.68477
-3.2523181 1.429281 -0.069023609 167.72318
-3.2522914 1.5489969 -0.056950867 171.3441
-3.2562435 1.6564766 -0.073123753 181.731
-3.2355232 1.7364281 -0.050946575 184.64
-3.2475727 1.8494481 -0.051143639 184.26666
-3.2888734 1.9243085 -0.04082549 173.60001
-3.260196 2.0439911 -0.031761732 167.63333
-3.2285037 2.1622744 -0.041730657 154.875
-3.2288156 2.2491221 -0.018547921 153.55833
-3.2191763 2.3247814 -0.010824768 162.825
-3.2464607 2.4341156 -0.01179156 148.02779
-3.2570426 2.5700572 -0.01173208 157.35333
-3.2725542 2.6941266 -0.01930134 161
-3.2591693 2.7323413 -0.014149507 150
-3.2510862 2.9218988 -0.0028925117 127
-3.2398582 3.5703678 -0.030953629 205
-3.293432 3.6720376 -0.015574324 138
-3.2260032 1.2068567 0.02021385 139
-3.2564614 1.3507221 0.016408574 137.66667
-3.2215066 1.481115 0.023290299 166.5625
-3.2556107 1.5349513 0.02543262 161.16666
-3.2589228 1.6517771 0.019019434 165.04514
-3.2486415 1.8601271 0.01429829 196.25
-3.2756777 1.9854295 0.014706386 200
-3.2433798 2.0474551 0.016698509 128.72221
-3.2457337 2.1104441 0.001333767 136.75
-3.2636063 2.3410408 0.055718184 142.3889
-3.2633455 2.4312134 0.001937044 135.5
-3.2518845 2.5430627 0.084987566 169.875
-3.2569301 2.6682987 0.038210157 165.8
-3.2516317 2.7480402 0.0010394842 125.5
-3.2680645 2.8474164 0.057195533 153.41666
-3.2681932 3.0259573 0.0485931 137.66666
-3.2669265 3.152277 0.061590716 159.91666
-3.2870977 3.3665226 0.090164386 191.5
-3.238658 4.3966799 0.033348028 148
-3.2768383 4.4547315 0.047289245 181.08333
-3.2909136 4.6030931 0.059240986 188.5
-3.2882419 4.8589935 0.083007842 190.82353
-3.2982931 4.9554658 0.08471892 191.66667
-3.2870412 5.0175252 0.087018825 182.8
-3.2095406 3.1887844 0.19383487 101.85714
-3.2840188 3.213285 0.13812362 106.42857
-3.2757366 3.3770945 0.12390678 195.27777
-3.28128 3.4595385 0.15983833 193.03668
-3.2443929 3.5443332 0.13980708 187.14474
-3.2468421 3.6539466 0.15644905 186.01178
-3.288162 3.7303143 0.1629331 188.45
-3.2708135 3.8588035 0.17142376 190
-3.2907083 3.9287717 0.17820929 190.14584
-3.2905033 4.2516484 0.10048676 132
-3.2073174 4.3960228 0.10513271 211
-3.2892838 4.4315557 0.12024304 138
-3.2167792 4.5689344 0.1327662 212.5
-3.2827618 4.6901445 0.16896412 187.29333
-3.2765582 4.7584991 0.14243937 190.47302
-3.2570503 4.8759346 0.19454212 210
-3.2889848 5.1003466 0.10022199 185
-3.2682874 3.1851695 0.24692746 93.5
-3.2695053 3.3777187 0.20529374 195
-3.2582908 3.5213022 0.24220794 190.76787
-3.2504828 3.6766453 0.22678861 188.58333
-3.2792375 3.761955 0.26240638 182.66667
-3.249891 3.8534443 0.21168657 194
-3.2846262 3.9260492 0.22675242 195.5
-3.2798164 4.2367463 0.2820558 187.125
-3.2832739 4.3341703 0.25569484 185.9375
-3.2892787 4.4585032 0.24062422 185.57779
-3.2761219 4.9509568 0.25651476 180.33333
-3.2725916 4.2075486 0.35211998 186.25
-3.2889993 4.3141069 0.31571096 184
-3.2828894 4.7733002 0.33046189 208.5
-3.2953792 5.1983247 0.37234312 208.5
-3.1712813 1.264423 -0.10204583 169.29085
-3.198216 0.18357533 -0.041818012 176
-3.1105089 0.25340614 -0.039711148 181
-3.1475296 0.3500576 -0.061629843 193.25
-3.1415033 0.44304526 -0.048104838 189.97321
-3.1295617 0.52722728 -0.059836645 192.91667
-3.1147358 0.65366507 -0.051998448 180.97701
-3.1396782 0.781304 -0.075507574 185.63298
-3.1514688 0.83986193 -0.071216397 180.65913
-3.1680615 0.9347139 -0.075532675 178.09349
-3.1612678 1.0476514 -0.071313903 178.19789
-3.1571708 1.1635098 -0.079625659 175.02676
-3.1436045 1.2501222 -0.070663534 175.51659
-3.150152 1.3603294 -0.068185531 175.8801
-3.1411786 1.4501629 -0.058918692 174.83035
-3.1338634 1.5445268 -0.054411855 184.17484
-3.1423235 1.655231 -0.053826842 183.86298
-3.1363275 1.7513657 -0.051490877 187.83115
-3.1569476 1.8427178 -0.045865275 171.19667
-3.1614118 1.9380467 -0.043323491 170.49167
-3.1579583 2.0626028 -0.035269041 157.96111
-3.1293869 2.1549284 -0.020917194 145.08333
-3.1008682 2.2285731 -0.028049693 165.5
-3.102864 2.3084993 -0.0036505957 174.2
-3.1653605 2.5375924 -0.014779714 164.5
-3.1722963 2.6103897 -0.0060367454 159.60001
-3.1340771 0.81318176 0.02049097 142
-3.1367321 0.94952977 0.019905353 146.66667
-3.1628392 1.0765148 0.022949757 145.5
-3.1460152 1.2048477 0.015603128 148
-3.1512623 1.3355725 0.0092597175 152.75
-3.1429567 1.4637198 0.01720226 161.60001
-3.1020856 1.525339 0.017583508 195.25
-3.1442688 1.6307372 0.012255328 166
-3.1424332 1.7372174 0.010845178 175.19444
-3.1577611 1.8176608 0.016119046 198
-3.1834915 2.0753365 0.011425648 120.33334
-3.1413331 2.1843987 0.08176817 120
-3.1617134 2.2544024 0.052260175 129.75
-3.1461623 2.4280403 0.055337768 146.66667
-3.1346247 2.5107496 0.0028702891 140.33333
-3.1648364 3.1572988 0.027876476 128.5
-3.1622972 3.1896746 0.14376147 106
-3.1909244 3.4422967 0.18897103 177.33333
-3.1535497 3.4411197 0.20831823 171
-3.1122041 3.6430187 0.22854456 187.66667
-3.1600444 3.7133977 0.23495187 187
-3.087677 1.162571 -0.10207709 167.82857
-3.0656636 1.2514836 -0.12255606 169.89374
-3.0320656 0.35042891 -0.047116216 187.66666
-3.040385 0.46043119 -0.064255483 194.45
-3.0422704 0.54806447 -0.058562603 191.5
-3.0289116 0.64119989 -0.046368059 191.04167
-3.0637846 0.75457937 -0.051179931 177.26927
-3.0539372 0.87097609 -0.069338255 181.56154
-3.0391312 0.95140183 -0.061577465 181.55556
-3.0587547 1.0487474 -0.081716858 178.33211
-3.0514593 1.1419389 -0.064472169 176.39519
-3.0462847 1.2385343 -0.065823428 177.3614
-3.0387602 1.3304491 -0.05857867 176.12685
-3.0461648 1.4436463 -0.056028884 184.81183
-3.0400326 1.5394291 -0.062841348 180.09718
-3.0517073 1.6435272 -0.049689095 181.83463
-3.060075 1.7263341 -0.046293162 185.41072
-3.0662849 1.8369418 -0.044125136 175.93333
-3.0515699 1.946035 -0.04004702 159.91667
-3.0392239 2.0501032 -0.020467075 167.625
-3.0403693 2.1479862 -0.030977895 132.8611
-3.059237 2.3279295 -0.012582493 164.375
-3.0480046 2.4307523 -0.016519981 162
-3.0908618 2.5291343 -0.0083967652 165
-3.0829725 0.83085161 0.01471507 151.33333
-3.013917 0.97565019 0.019126225 164.60001
-3.0219886 1.0890599 0.021304514 163.5
-3.0344467 1.2012719 0.015874589 163.5
-3.0303798 1.3206022 0.0098552955 159.58749
-3.0106361 1.4331467 0.01870059 165.5
-3.0540252 1.5803725 0.014456207 157.66666
-3.0940499 1.6417737 0.018132033 197.33333
-3.0254819 1.98507 0.041241493 93.5
-3.0165892 2.0748179 0.045378577 126.45557
-3.0156837 2.2518764 0.043355726 168.625
-3.0602913 2.331902 0.079258397 134.5
-3.0499399 2.2362206 0.13728698 226.5
-3.0893402 3.4930127 0.16054165 192.63637
-3.0321398 3.5043414 0.12517457 192
-3.0504282 3.4714625 0.2243744 180.3
-3.0792363 3.7354577 0.26868185 173.72728
-2.9756124 0.37728325 -0.10652097 199
-2.9288962 1.0007983 -0.11720282 173.14999
-2.9544332 1.1257051 -0.10051338 168.69873
-2.9468431 1.2302841 -0.1177789 168.72971
-2.9477184 1.3224825 -0.11513214 169.00879
-2.920356 1.7536118 -0.10069552 184.08333
-2.9615521 0.39170909 -0.050440207 187.25
-2.9444482 0.47812343 -0.070379086 194.06667
-2.9554646 0.55246258 -0.063356161 192.55
-2.953263 0.65816092 -0.053549238 192.06905
-2.9507208 0.7463221 -0.051531393 187.61366
-2.9449723 0.82544273 -0.060030058 184.90382
-2.9449584 0.93523401 -0.052548215 177.29739
-2.9520426 1.0465939 -0.058397841 180.74576
-2.9479563 1.1575441 -0.062454257 180.52686
-2.9289081 1.2561237 -0.047748983 184.71613
-2.9419734 1.3447336 -0.055290181 184.34674
-2.9603686 1.4499502 -0.057572637 183.38597
-2.9454186 1.5593264 -0.054173317 178.45857
-2.9506896 1.6501592 -0.049115442 174.69376
-2.9737065 1.7658489 -0.041356921 166.66936
-2.943995 1.8356606 -0.047867559 174.1012
-2.9374084 1.950798 -0.047616348 165.125
-2.9336162 2.0518224 -0.045779038 153.10001
-2.9410064 2.1647182 -0.080823086 182.25
-2.9680436 2.2133286 -0.03786331 189.41667
-2.9910073 2.32478 -0.021082139 160.75
-2.9454947 0.277962 0.021300767 131
-2.9512677 0.4690538 0.023233604 143.75
-2.9572411 0.75653487 0.021025663 162.25
-2.977386 0.86716664 0.015738487 163.75
-2.9169097 1.0985363 0.018797163 174.2
-2.93416 1.1981441 0.015434247 171
-2.9712341 1.3184253 0.036145955 158.20988
-2.942796 1.4482454 0.043443412 135.81999
-2.9452798 1.5329388 0.020894893 167
-2.9771457 2.2337775 0.016565762 208.10001
-2.9606295 1.3521322 0.13623919 129.66667
-2.9833643 3.6754019 0.2337853 176.16667
-2.8693428 0.35454085 -0.11877076 199.66667
-2.8625438 0.45162192 -0.10947245 197.5
-2.8787839 0.85844457 -0.10189603 177.37778
-2.8789959 0.94356793 -0.11698993 172.41304
-2.8585722 1.0479066 -0.1026254 168.29091
-2.8226888 1.151191 -0.13325709 167.10918
-2.8542681 1.2569246 -0.11655926 167.37309
-2.818146 1.365328 -0.10757028 166.64752
-2.8644309 1.4375141 -0.12011538 169.70872
-2.885217 1.5051863 -0.13638441 169.59525
-2.8223965 2.0522363 -0.10049737 159
-2.8544266 0.55722219 -0.096336372 192.8
-2.8888512 0.64114714 -0.087688453 189.69231
-2.8714347 0.75640953 -0.068784207 185.85416
-2.8186076 0.87679297 -0.042637236 188.09091
-2.8259654 0.91709697 -0.027315345 193
-2.855485 1.0235597 -0.030859945 188.08148
-2.8355732 1.1434215 -0.048485801 182.50252
-2.8407011 1.2552994 -0.046556391 181.85277
-2.8574898 1.3484002 -0.059392568 176.17932
-2.8496222 1.4656526 -0.04137148 175.98959
-2.8498328 1.5582058 -0.048223253 169.34621
-2.8562429 1.6394192 -0.059517119 178.38538
-2.8613183 1.7573296 -0.039673131 171.34541
-2.8530691 1.8341689 -0.065753452 174.80411
-2.8483267 1.9312512 -0.040024534 156.0361
-2.812068 2.0689411 -0.038573999 168.25
-2.86098 2.1333625 -0.029976878 156.5
-2.8060815 2.2166755 -0.098562747 134
-2.8370101 0.17735294 0.022925386 135
-2.8131695 0.20871648 0.02045862 135
-2.8861973 0.33994105 0.019567363 144
-2.8241799 0.40372947 0.011464773 150.5
-2.8246648 0.57287908 0.023403928 163.5
-2.8326387 0.81626362 0.014290676 174.7
-2.8758314 0.90213883 0.014460197 174.2
-2.8985925 1.0002835 0.016505504 176.8
-2.8466225 1.1740034 0.0170929 172.675
-2.8824298 1.2937503 0.011852701 173.5
-2.8570962 1.3911662 0.008726012 173.66667
-2.8970516 1.4006698 0.018886978 173.33333
-2.8829801 1.5122604 0.017369149 160.58333
-2.8290985 1.7394079 0.0064698751 165.5
-2.8872471 3.462482 0.24749315 187.5
-2.747174 0.27141491 -0.11077851 200
-2.7529778 0.32757476 -0.11434889 200
-2.7602293 0.44826734 -0.10051558 197
-2.780422 0.73350316 -0.10204797 182.10001
-2.7730541 0.84439099 -0.10761224 175.92308
-2.7783184 0.95803583 -0.10037588 170.80952
-2.7879987 1.0521884 -0.11139928 166.93985
-2.7429407 1.2788305 -0.1219525 170.98462
-2.7284262 1.3636314 -0.12977839 171.91316
-2.7861514 1.4397098 -0.1306677 168.74107
-2.7491434 1.8995161 -0.10019128 180.60001
-2.7670882 0.5627476 -0.087246753 192.5
-2.7751141 0.66501868 -0.083054803 187.125
-2.7858019 0.97382182 -0.040508233 187.75
-2.7729464 1.0671513 -0.041116141 188.02777
-2.7553647 1.1778247 -0.050333142 176.19524
-2.7604625 1.2501349 -0.041760419 183.41559
-2.7639966 1.3372458 -0.05213565 166.42499
-2.7502759 1.4475859 -0.068029545 181.52306
-2.752497 1.5672525 -0.066070385 173.25316
-2.7468624 1.6586045 -0.069270313 178.57567
-2.7578962 1.7290499 -0.059428982 167.97456
-2.7688031 1.8535671 -0.043905504 157.125
-2.7220292 1.9603763 -0.073174924 170.3
-2.7337823 2.0595872 -0.064206064 158.875
-2.7054977 2.1389937 -0.039025541 178.5
-2.7641664 0.27404752 0.019002032 146
-2.7214005 0.32953492 0.011287589 153
-2.7257872 0.50729072 0.012789022 167.8
-2.7381721 0.64437979 0.028735405 174.25
-2.7348919 0.91210002 0.023040513 174.19092
-2.7862015 1.0237342 0.025058765 178.2
-2.7365909 1.153805 0.02097778 168.42857
-2.7545748 1.2917825 0.019580625 169.55556
-2.7567301 1.3669963 0.04118244 157.46725
-2.7938144 1.4632816 0.043193366 171
-2.7328396 1.6667469 0.0030537879 169.60001
-2.7219105 2.1774154 0.011588689 209.5
-2.7695482 2.2115352 0.16563566 206
-2.6192882 0.2373715 -0.13028616 195
-2.6366456 0.32456097 -0.12149976 199.5
-2.6607335 0.44183746 -0.11270424 196.8
-2.6866431 0.72631419 -0.1052682 183.18182
-2.6819603 0.85251576 -0.11401227 175.60001
-2.6881621 0.9537822 -0.1041537 171.05263
-2.6881592 1.0485654 -0.11004428 167.75247
-2.6919701 1.1356897 -0.13783552 166.90196
-2.6841774 0.56982607 -0.091319792 193
-2.682621 0.66498029 -0.086501732 188.2
-2.6196318 1.0295019 -0.007985251 176.05
-2.6635838 1.1543393 -0.044358987 182.675
-2.6604033 1.2584186 -0.051956035 179.33749
-2.6553476 1.3495673 -0.046147544 177.78333
-2.6670291 1.4300525 -0.039654735 178.05
-2.6489644 1.5665804 -0.073693112 152.07692
-2.6550722 1.6614876 -0.06948778 179.46667
-2.6643753 1.7392602 -0.06313993 180.375
-2.661324 1.8352813 -0.058021035 177.60001
-2.6364987 1.9500617 -0.059586149 161.8889
-2.6529703 2.033308 -0.066453993 159.56667
-2.6838622 2.1458755 -0.037632674 147
-2.6899915 0.37181059 0.012017311 158
-2.64115 0.43803379 0.015173589 166.75
-2.6377287 0.59972852 0.012414534 173.83333
-2.6610932 0.70946586 0.046227515 174.66667
-2.6227231 0.917184 0.016723018 173
-2.6714613 1.0109354 0.016981898 171.28333
-2.6681719 1.1206942 0.01636184 169
-2.6761234 1.2250595 0.01919467 169.75
-2.6606441 1.3329831 0.01980583 169.33333
-2.6649358 1.4000311 0.080583632 153
-2.6502671 1.6018664 0.0079401378 172
-2.6717398 0.89620918 0.14658882 133
-2.5272958 0.36522269 -0.12067878 198.83334
-2.5597663 0.45656434 -0.116574 197
-2.5919397 0.55479151 -0.10074849 194
-2.5806375 0.73439991 -0.10268083 184.64285
-2.58213 0.85819805 -0.10545811 177.44118
-2.592134 0.94606239 -0.11401185 172.28572
-2.5900898 1.1293501 -0.1063389 167.75438
-2.5701325 1.8518264 -0.10932494 193.16667
-2.5223634 1.9399096 -0.10448588 156.39999
-2.5526657 0.33456683 -0.078810543 129
-2.5510795 0.64030248 -0.084185123 156.16667
-2.5500157 0.77520001 -0.090604559 142
-2.5585842 0.87463999 -0.013706215 177.14285
-2.5610862 0.92078739 -0.05079576 159.05556
-2.5555677 1.0540104 -0.062497914 171.78973
-2.5167041 1.168486 -0.045512728 173.15135
-2.5371521 1.2513373 -0.050435491 174.32753
-2.5418975 1.3304915 -0.045692366 175.26768
-2.5539412 1.4221259 -0.084232077 173.37741
-2.5510783 1.5146236 -0.042736661 179.78125
-2.5406237 1.622731 -0.084241875 187.3
-2.5498834 1.7191418 -0.053747568 171.05556
-2.5493534 1.8850726 -0.0345884 147
-2.5858083 2.0413246 -0.034103222 153.375
-2.5473585 2.1677291 -0.035351634 136
-2.5727444 0.52920425 0.012915384 171.83333
-2.5290256 0.63566518 0.021339236 171
-2.5518208 0.70790541 0.020088093 172.57143
-2.5468276 0.84065038 0.066028893 156.69231
-2.5897939 1.555621 0.0075886035 180.33333
-2.5828514 1.3579906 0.1121228 131
-2.4826889 0.23587018 -0.13215619 194
-2.433253 0.43757248 -0.1151519 199
-2.4794421 0.52777177 -0.11066978 195.25
-2.4855072 0.94406796 -0.11005738 176.25
-2.4873147 1.0532174 -0.10731514 172.16667
-2.4299555 1.1166327 -0.11104155 169.5
-2.4118853 1.6945132 -0.10054681 193.57143
-2.4055984 1.7719959 -0.10280776 190.33333
-2.4726484 1.8301709 -0.11615277 191.77777
-2.4123464 0.23565967 -0.081230417 146.66667
-2.449852 0.37549296 -0.078142792 141.66667
-2.4652348 0.64500612 -0.090058878 170.46667
-2.4534218 0.76519978 -0.07222528 167.58755
-2.4614115 0.8315981 -0.05084224 180.05769
-2.4766335 0.92787158 -0.057843916 161.11429
-2.4213974 1.048406 -0.057018667 156.4079
-2.4438415 1.152759 -0.054513004 157.2093
-2.4415915 1.2678279 -0.054259617 170.60066
-2.4244044 1.338428 -0.069926739 163.66667
-2.4521358 1.4574623 -0.047563244 173.05
-2.4599402 1.598219 -0.087635301 190.5
-2.4632859 1.7862214 -0.035161957 144
-2.4786987 1.9476771 -0.026323749 135
-2.470711 0.66606528 0.013216021 175.33333
-2.4686034 0.73742652 0.010728415 178.8
-2.4416652 1.1228454 0.04538966 143.11111
-2.4187405 1.4262995 0.0015849092 177.5
-2.4716549 0.87174666 0.11085714 134
-2.4298186 0.90815789 0.13049139 124
-2.4829788 1.414803 0.18851922 170
-2.4691179 0.94431126 0.20262061 123.5
-2.3454423 0.26345944 -0.12937289 194
-2.3963723 0.36553058 -0.1187517 199
-2.3702216 0.54489481 -0.10284598 196.39999
-2.3972301 1.0375265 -0.10124148 177.54167
-2.3400564 0.27461654 -0.085581347 153
-2.388737 0.39724982 -0.092478551 155
-2.3379509 0.41944718 -0.080826342 157.66667
-2.3580256 0.66295129 -0.083515584 178.04166
-2.3622665 0.76981366 -0.060859654 177.49815
-2.355988 0.85611093 -0.071313225 179.6707
-2.3518207 0.96939838 -0.070437171 171.17659
-2.3252413 1.0509949 -0.052139871 164.42517
-2.3613329 1.1664261 -0.060780406 156.22437
-2.3578844 1.2538621 -0.064754419 169.14941
-2.3233852 1.3386362 -0.045367759 165.42262
-2.3372722 1.4464583 -0.081575312 164.71249
-2.328315 1.5472263 -0.097442865 191.25
-2.3794715 0.95777541 0.04758421 144.24138
-2.3945341 1.1138543 0.056973465 161.375
-2.3569732 1.3580726 0.065683588 172
-2.3466015 1.2782003 0.12680288 128.53571
-2.2244303 0.33261147 -0.11747334 194.25
-2.298878 0.44169983 -0.10796957 199.39999
-2.2147112 0.52568531 -0.10147066 199
-2.265975 0.3150453 -0.087726332 162
-2.2522202 0.41169095 -0.081421301 161
-2.2664297 0.58434719 -0.09306138 197
-2.2587724 0.66889268 -0.088554882 182.45834
-2.2664316 0.75785846 -0.080471188 185.78333
-2.2773092 0.87411207 -0.067304239 177.08333
-2.2512021 0.95041531 -0.062737234 178.99405
-2.2448392 1.0260025 -0.03395642 175.59927
-2.260581 1.1306543 -0.071183495 159.78162
-2.243571 1.2332253 -0.058970205 165.18567
-2.245358 1.7372153 -0.093799822 134.5
-2.2838929 1.2920551 0.095764533 132.5
-2.2935984 1.2888585 0.12896252 120
-2.1682792 0.2549307 -0.11097029 185
-2.1071904 0.40827841 -0.10106181 191.5
-2.109113 1.5846562 -0.10497566 160.5
-2.1531353 0.37784821 -0.085376568 166.60001
-2.164634 0.47314656 -0.090044998 178.49445
-2.1463993 0.66540623 -0.058404274 167.90001
-2.1312723 0.7624861 -0.061440788 178.94444
-2.1880095 0.87589282 -0.077183053 186.66667
-2.1759126 0.97079742 -0.060393471 191
-2.1515217 1.0402795 -0.053242866 171.54167
-2.1378474 1.1684667 -0.067190424 164.32988
-2.145638 1.2802925 -0.041520715 158.79166
-2.1689074 1.3130865 -0.03828565 142
-2.1099908 1.463799 -0.014723879 188.5
-2.1098595 1.5808529 -0.052450642 174
-2.1707728 1.6517285 -0.092927799 144.66667
-2.1163549 1.7633376 -0.059976343 138.5
-2.1488338 1.8152753 -0.076674566 133.5
-2.1897814 0.99532187 0.09245833 151
-2.1838901 1.0726352 0.065386385 157
-2.0620852 0.35846302 -0.10311135 185.66667
-2.0250974 1.4876723 -0.10146759 173
-2.0005813 1.6601498 -0.10332008 162.5
-2.0192401 0.3140766 -0.093535706 175
-2.0320153 0.44568413 -0.080904119 166.5
-2.0443704 0.5334664 -0.083542779 181.21667
-2.0505362 0.67118406 -0.043261014 168.55556
-2.0786295 0.74024719 -0.080237031 167.5625
-2.0542116 0.8254289 -0.05885854 179.1875
-2.0496681 0.96290946 -0.059115812 185.5625
-2.0491145 1.0569491 -0.027789943 186.5625
-2.0424535 1.1494412 -0.040496618 170.32893
-2.0534267 1.24807 -0.03033098 179.8777
-2.0514703 1.3611035 -0.024080401 185.44446
-2.0457621 1.4491612 -0.042231981 190.99445
-2.0433624 1.5547422 -0.051406305 185.75
-2.0473106 1.649781 -0.039324235 184.35001
-2.0377524 1.7180554 -0.073848344 147.83333
-2.0029612 1.8660578 -0.048376828 118
-2.0489662 1.9051232 -0.05255134 108
-2.0629539 1.2153158 0.0039456054 150
-1.9777504 0.74793059 -0.10939778 176.66667
-1.9634191 0.82483214 -0.11653081 176.69231
-1.9470085 0.91766369 -0.11191783 175.90909
-1.9075111 1.0067115 -0.11391791 175.95238
-1.9403145 1.3904792 -0.10029007 173
-1.939798 0.4496721 -0.086976796 173.16666
-1.948686 0.53061646 -0.079983048 172.75
-1.9561484 0.63430011 -0.08768291 187.83334
-1.9558568 0.76404536 -0.059067335 181.49762
-1.9815202 0.85598171 -0.049276721 177.91667
-1.9689374 0.94950652 -0.055758215 181.6111
-1.9460056 1.0641513 -0.047604039 176.67863
-1.9533094 1.1454991 -0.043992635 182.56117
-1.9579664 1.2460769 -0.043371409 179.02281
-1.9440634 1.3550869 -0.054766554 179.55513
-1.9411367 1.4466134 -0.063647248 178.26042
-1.9350888 1.5577374 -0.066722043 177.20909
-1.9268564 1.6611567 -0.05304423 175.16666
-1.95605 1.7601634 -0.07023748 175.875
-1.9546111 1.8411161 -0.070612758 160.28572
-1.9094656 0.95810944 0.055343345 171
-1.9026256 1.101751 0.03297542 141.42857
-1.8141775 0.66750479 -0.13484985 174.19444
-1.8916851 0.7194773 -0.11390776 176.86667
-1.852182 0.84550905 -0.12983441 175.06314
-1.8120629 0.96380872 -0.13441229 174.89999
-1.8643296 1.0962851 -0.11474944 176
-1.8860795 1.7316452 -0.1011008 162
-1.8603524 0.57441193 -0.07136438 168.23334
-1.8087815 0.65397912 -0.052861575 149.33333
-1.8609393 0.74512285 -0.054543782 179.14
-1.8514433 0.86625391 -0.034470264 180.72499
-1.8559459 0.96999139 -0.016921733 174.54944
-1.8562113 1.0870507 -0.045358147 174.80826
-1.8547554 1.175047 -0.043863524 178.55304
-1.8547744 1.2603959 -0.053729292 177.36867
-1.8668342 1.3520646 -0.050522827 177.85895
-1.8402518 1.4593946 -0.059508648 176.71036
-1.830543 1.5643412 -0.061776344 178.82224
-1.8305402 1.6282983 -0.077291556 168.5
-1.8384101 1.7373025 -0.053601872 171.6389
-1.8314747 1.8258256 -0.049631048 193.5
-1.8607419 1.9256676 -0.05589791 149.5
-1.8490127 2.0489101 -0.055820782 195.5
-1.8018515 0.70499605 0.062473271 140.39999
-1.8490332 0.95864695 0.012573692 176.68147
-1.757014 0.58386678 -0.14234659 173
-1.7229478 0.62899905 -0.13667803 169.83333
-1.7810762 0.75603408 -0.13987319 171.53847
-1.7428877 0.8391571 -0.12674323 169.67857
-1.7012644 0.92811638 -0.12235513 168.44444
-1.7681001 1.0505122 -0.12400093 175.09525
-1.7262768 1.1625131 -0.11388092 178.46666
-1.7826557 1.2119759 -0.10605495 178.39999
-1.7375604 0.43674725 -0.087202877 123
-1.7763137 0.54088491 -0.063880019 159
-1.7566149 0.68569887 -0.071767911 153.66667
-1.7635149 0.70599133 -0.0029341041 137
-1.7537198 0.84483653 -0.035358515 160.13214
-1.7512304 0.95524883 -0.020835254 173.92532
-1.7599956 1.0481774 -0.03095663 172.29688
-1.7660073 1.1653316 -0.052771401 175.46333
-1.7353778 1.2686852 -0.054973286 175.86536
-1.7637755 1.3521173 -0.060363937 175.00551
-1.7482175 1.4434519 -0.073397249 176.42708
-1.7401115 1.5241133 -0.066863179 175.47304
-1.746214 1.6363634 -0.056327771 181.65903
-1.7102317 1.7860979 -0.049574912 171
-1.7547057 1.8470622 -0.05475546 176.5
-1.7336987 1.9687605 -0.060150977 173.05556
-1.7347937 2.0511372 -0.059373539 177.625
-1.7568872 2.1282187 -0.053092338 196
-1.7873713 0.71081573 0.07771045 127.75
-1.7500107 0.88275576 0.012766103 183.5
-1.7521917 0.98383534 0.0037186688 181.10385
-1.7476103 1.0285659 0.052779645 144.10228
-1.710819 1.1765438 0.00087469775 182.36363
-1.7889811 1.4738488 0.0068075671 185.59091
-1.7350161 1.5726259 0.013279879 191.7738
-1.654596 0.64458734 -0.12122585 167.33333
-1.6801896 0.72827178 -0.11904132 167.11667
-1.6481801 0.81189191 -0.12568031 165.79167
-1.6138717 0.90263593 -0.12601048 166.16129
-1.6649592 1.0418772 -0.13849843 171.52174
-1.6680263 1.1490909 -0.11474738 175.18353
-1.636996 1.2238626 -0.10846855 176.18518
-1.660571 1.3507506 -0.10184275 170.48889
-1.6491145 0.4366025 -0.090492278 133.5
-1.6605346 0.64583802 -0.039386731 142.75
-1.6447309 0.73413765 -0.093934394 131.5
-1.6627975 0.83970249 -0.020376999 170.33333
-1.6303233 0.9620586 -0.050928403 162.52171
-1.6702688 1.0566618 -0.020047113 153
-1.6509993 1.1335765 -0.043546155 173.46581
-1.6472631 1.2467074 -0.046473972 170.71321
-1.6631321 1.3468485 -0.077061407 175.93146
-1.6263754 1.4606216 -0.055743985 170.04655
-1.6318327 1.5516528 -0.054795153 174.16145
-1.6587981 1.660503 -0.046436612 181.8
-1.6515982 1.7515126 -0.059613116 182.27737
-1.6373578 1.865913 -0.052146733 178.8
-1.6600629 1.9338616 -0.065285102 150.66667
-1.609257 2.1065865 -0.044357125 114.5
-1.6137944 2.2692051 -0.0092952382 124.75
-1.6266712 3.1391575 -0.047321659 155.33333
-1.6151351 3.274199 -0.044263173 152
-1.6211233 3.4267464 -0.0393993 150.75
-1.6763016 0.67459208 0.043320071 132.55302
-1.6537457 0.79692888 0.026405998 191.85715
-1.6748335 0.89170563 0.026057784 187.5
-1.6803591 0.98430389 0.022475593 186
-1.6605729 1.0902359 0.013539811 185.51666
-1.6660441 1.1016039 0.021406239 186
-1.6623443 1.2385556 0.042248428 173.69264
-1.6508739 1.3462398 0.015036584 188.96429
-1.6778305 1.4987772 0.0096641621 190.66667
-1.6333561 1.6104366 0.001839048 196
-1.5578004 0.72973734 -0.14111908 166.54932
-1.519833 0.87018245 -0.15067603 166.17267
-1.540748 0.97577405 -0.12254053 166.89171
-1.5624713 1.0909393 -0.13490139 170.47368
-1.511235 1.2705311 -0.11566818 166.69308
-1.5066031 1.3872883 -0.10967138 165.93333
-1.5364478 -0.36047056 -0.015243731 142.5
-1.5947998 -0.0097402316 -0.088411525 137.5
-1.5293264 0.16668536 -0.080175698 138.25
-1.581139 0.24457152 -0.035419483 159.33333
-1.5920299 0.3814477 -0.034155607 157.5
-1.5370898 0.43642932 -0.094600804 148.75
-1.561623 0.51369315 -0.031447951 154.75
-1.5642458 0.67415541 -0.03250429 150.33333
-1.5228068 0.71366107 -0.080523908 155.5
-1.5411826 0.8586731 -0.073692717 153.67334
-1.5064 0.99124366 -0.064192884 175.19444
-1.5069051 1.0969533 -0.072523311 174.42857
-1.595711 1.2648249 -0.05678485 176.45454
-1.544192 1.3664417 -0.071155995 169.85336
-1.5522808 1.4583336 -0.036560025 174.52777
-1.532406 1.5469415 -0.062819257 171.8625
-1.5852566 1.6351708 -0.071846336 177.41832
-1.5242046 1.7393347 -0.054614648 173.3
-1.5812267 1.8213874 -0.060028613 170
-1.5283376 1.9691352 -0.066377543 134
-1.5588723 2.0219934 -0.059768766 132.25
-1.5454299 2.2376556 -0.020276656 130.75
-1.5146157 2.3634977 -0.021424692 129
-1.5032945 2.7775996 -0.04284624 169
-1.5182939 2.890727 -0.040150408 164.16666
-1.5165489 2.9977934 -0.048233747 171
-1.5465007 3.0043445 -0.037398003 166
-1.5253391 3.1165957 -0.04233053 168.83334
-1.5237175 3.2404184 -0.04033532 165.5
-1.5402426 3.3809805 -0.045958605 162.25
-1.5382309 3.5388119 -0.043257207 151.5
-1.5504434 3.7387369 -0.037929937 122
-1.5623544 0.72334635 0.016127884 196
-1.5499938 0.82099903 0.020110069 195
-1.5800188 0.95136589 0.021737276 191.64584
-1.5658265 1.0405868 0.015653603 190.5
-1.5372252 1.1272717 0.021795619 192
-1.5527703 1.2269387 0.014874383 192
-1.5584803 1.3284305 0.015436133 192.39999
-1.5862516 1.4013147 0.018161407 192.60001
-1.5776527 1.5086838 0.00029398044 194
-1.5304592 2.3859437 0.029967189 168.60001
-1.5032644 2.7609558 0.021095058 131.33333
-1.5112425 2.3983047 0.12129226 197.71428
-1.4488631 0.43613058 -0.10021628 157.5
-1.4583496 0.68805498 -0.10328637 155
-1.4557669 0.76586252 -0.15529433 167.36182
-1.4293047 0.81480694 -0.12739308 160.40842
-1.4228864 1.2462971 -0.13642493 165.5027
-1.4526953 1.3009386 -0.13850401 166.22223
-1.4497948 -2.689724 -0.02426176 186.5
-1.4547514 -2.5819349 -0.026230335 186.58333
-1.4400423 -1.7258492 -0.016937846 188.33333
-1.4680566 -0.49208936 -0.016658181 144.5
-1.4578774 -0.33021334 -0.025932765 151.5
-1.4635875 -0.21100542 -0.039573625 133
-1.4442334 -0.11039229 -0.037023161 178.25
-1.4530407 -0.041236747 -0.049739238 157.5
-1.477222 0.055183467 -0.061290968 139.77777
-1.4598563 0.13761342 -0.052860402 162.8889
-1.4578259 0.21417406 -0.040653735 151.04167
-1.4596393 0.3370333 -0.032448895 162.8
-1.4426677 0.45450252 -0.035813704 162.5
-1.4050893 0.51236051 -0.075064294 179
-1.4799714 0.61640441 -0.049715154 163.83333
-1.4656223 0.71792746 -0.075564027 176
-1.4514748 0.84041214 -0.078435175 172.25
-1.4528973 0.94438767 -0.069846138 168.22778
-1.4256355 1.0197235 -0.0777587 163
-1.4605012 1.1593349 -0.089302108 146.99019
-1.4515157 1.2981442 -0.06886144 175.72
-1.4328436 1.3448386 -0.079334915 156.91772
-1.4611211 1.449594 -0.053606194 160.23331
-1.416461 1.5073745 -0.049269225 168.625
-1.4228536 1.6468726 -0.050618794 179.27777
-1.4272052 1.7775985 -0.060081635 171.83333
-1.4873475 1.8913361 -0.063535459 167.39999
-1.4198805 2.0438902 -0.058934897 129.16667
-1.4174975 2.1446249 -0.018073147 143.125
-1.4609112 2.2045891 -0.011009751 133
-1.4415216 2.3238566 -0.010292728 134.25
-1.4560045 2.4757452 -0.022562351 136
-1.4134151 2.65394 -0.030243685 150.66667
-1.4096216 2.7933342 -0.041174959 181.5
-1.4219645 2.8740859 -0.027356669 145.7
-1.4244661 2.9896879 -0.044035323 178.625
-1.4136703 3.0907967 -0.039766252 176
-1.4101273 3.1566472 -0.04715028 176
-1.4798335 3.2205853 -0.049727302 174.25
-1.4444298 3.3293905 -0.045562901 170.25
-1.4146444 3.448761 -0.045793466 169
-1.4016939 3.5968044 -0.045625243 156
-1.4710819 3.6638269 -0.039536547 139.83334
-1.4426768 3.8483391 -0.036642257 117.5
-1.4363933 -1.0010257 0.042902712 139.33333
-1.4572921 -0.85613507 0.03630621 143.66666
-1.4969591 0.93048739 0.0079824319 194.5
-1.4899333 1.0501323 0.012493421 194
-1.4375601 1.2542212 0.039377354 136.44444
-1.4430099 2.4730022 0.0057507493 124
-1.4774122 2.5137758 0.06265641 190.53571
-1.4574867 2.6764939 0.02087207 152.3889
-1.443234 2.7248576 0.016313041 175
-1.476203 2.97755 0.0045278743 155
-1.4602487 1.2539111 0.11892233 134.37038
-1.4542029 2.509459 0.1154293 208
-1.4713832 2.721103 0.11119077 174.5
-1.3477877 0.64542317 -0.10630262 169
-1.3393219 0.76200056 -0.11603366 167.02458
-1.3017949 0.97005749 -0.10468284 170.22449
-1.3215891 1.0535141 -0.10457823 160.74509
-1.3707289 1.1538645 -0.11196035 165.84285
-1.3158884 1.2761321 -0.13873827 165.0916
-1.332303 1.3307302 -0.14521803 165.92
-1.3537263 -2.7537692 -0.028714579 192.8
-1.3918641 -2.6625333 -0.030891469 190.39999
-1.333019 -2.559763 -0.018805198 189.75
-1.3412945 -1.8837714 -0.022129048 192.33334
-1.3459699 -1.7421277 -0.027989261 181.04001
-1.3055515 -0.61852372 -0.027961293 135.5
-1.3381045 -0.57791895 -0.022985239 153.25
-1.3897734 -0.44935265 -0.025816381 156.75
-1.3320055 -0.27783129 -0.024462406 166
-1.3662052 -0.19096968 -0.040939845 165.20834
-1.362599 -0.063228056 -0.057895835 161.72501
-1.3634042 0.066952907 -0.055008408 164.3
-1.3695053 0.15029964 -0.037873298 175.75
-1.3533621 0.2296892 -0.05200161 164.41667
-1.3645352 0.30531588 -0.03045617 166.66667
-1.338078 0.42701817 -0.074136913 167.22223
-1.3395121 0.55070257 -0.068211116 182.95
-1.3608377 0.67495406 -0.087861203 182.52679
-1.3803914 0.76244402 -0.072070912 182.85715
-1.3621819 0.84888417 -0.083285227 183.94444
-1.3295515 0.95538503 -0.080338322 168.1479
-1.3808374 1.0847642 -0.081948973 157.48648
-1.3644218 1.1618648 -0.07356745 161.01111
-1.3536353 1.2543908 -0.073847778 161.20625
-1.3283658 1.3363079 -0.071175858 163.49744
-1.3312919 1.446937 -0.062454432 174.11282
-1.328109 1.5354928 -0.051203694 176.50612
-1.3547857 1.6407382 -0.057333294 176.03918
-1.3248588 1.748717 -0.052224454 176.29285
-1.3663269 1.9042146 -0.06004411 166.39999
-1.3179786 2.0347252 -0.025666408 189
-1.3185365 2.147054 -0.021219036 155.14285
-1.3434377 2.2847896 -0.013228232 137.5
-1.3309791 2.3817248 -0.016396584 138.08334
-1.373651 2.4165359 -0.0077821347 140
-1.3386519 2.5397639 -0.018474082 136.75
-1.315068 2.6231246 -0.039572757 183.83333
-1.3286765 2.7048068 -0.031817943 153
-1.3547766 2.8275142 -0.025874017 148.91666
-1.3079429 2.960722 -0.033900701 189.5
-1.3475981 3.0733449 -0.045102466 182.5
-1.3735389 3.1814826 -0.044633821 175.75
-1.3581024 3.2635708 -0.044477355 177.66667
-1.312755 3.3748627 -0.046813995 177.25
-1.3526243 3.405026 -0.042553402 171
-1.3335214 3.533649 -0.043308627 171.39999
-1.3668482 3.7551765 -0.040982641 138.33334
-1.3362387 -1.0953172 0.043293986 141.5
-1.3290327 -0.92359298 0.032612488 156
-1.3638593 -0.80319887 0.033478003 157
-1.3084897 -0.77085859 0.038164344 163
-1.3419168 2.8364742 0.04464221 165.29465
-1.3484817 2.963429 0.020278595 154.89584
-1.3067764 3.0130811 0.027991956 155
-1.3902712 2.8414967 0.13969368 188.07143
-1.2942567 0.5496977 -0.11323294 174.1218
-1.2839698 0.68370271 -0.11924279 170.3158
-1.2481906 0.77332157 -0.12717324 170.58209
-1.2754573 0.84445328 -0.11972997 169.66667
-1.2018089 0.99949753 -0.10822624 173.97501
-1.2447263 1.0966312 -0.10736768 167.39024
-1.2623078 1.1761991 -0.10517589 154.91908
-1.2336093 1.3425332 -0.11185361 164.57162
-1.2774754 -2.8156116 -0.030632826 193.25
-1.2543123 -2.6833198 -0.021844342 190.3
-1.2461082 -2.5399227 -0.02301845 186.375
-1.2304697 -2.2941236 -0.033079535 153.33334
-1.2513905 -2.1646085 -0.039118018 152.16666
-1.2020084 -2.0262628 -0.023050899 193
-1.2711735 -1.9683564 -0.02506925 193
-1.2586271 -1.8809739 -0.02566026 169.75
-1.2484176 -1.7459879 -0.02322292 188.69167
-1.2263409 -1.5926769 -0.039145272 128
-1.2266349 -0.85546416 -0.065160118 196.41666
-1.2162135 -0.65856457 -0.026072999 152.66667
-1.2555498 -0.53854167 -0.031559922 155.1111
-1.2421361 -0.36170426 -0.032939631 178.625
-1.2423443 -0.23465073 -0.029688846 175.87036
-1.2688882 -0.14489827 -0.044523716 176.5
-1.2526765 -0.025851222 -0.054231364 169.12381
-1.2536178 0.055871628 -0.049399581 172.84286
-1.245653 0.17727941 -0.050943319 172.41335
-1.2674263 0.25452712 -0.050636489 175.33333
-1.2437501 0.3653785 -0.062452417 182.89284
-1.2643162 0.45556408 -0.070068583 177.32674
-1.2248698 0.55490541 -0.09425392 186.42857
-1.2552683 0.66083068 -0.085010819 189.14999
-1.2313 0.7720871 -0.083497673 184.64215
-1.2556313 0.85607553 -0.070301443 171.77666
-1.2187587 0.95468628 -0.091837898 178.66666
-1.2428241 1.0478308 -0.075035974 174.60764
-1.2453356 1.1596649 -0.065362737 177.8175
-1.2584532 1.2604871 -0.050991975 152.24318
-1.2337259 1.3430752 -0.077833079 170.94614
-1.233133 1.4317831 -0.063660406 173.88037
-1.224552 1.5586658 -0.068858474 176.53163
-1.2654293 1.632753 -0.052357133 186.66667
-1.2713706 1.761191 -0.030271281 181.75
-1.2300504 1.8283576 -0.018496683 187.1875
-1.2251306 1.945823 -0.026739417 191
-1.2161728 2.0938923 -0.025142292 187.41112
-1.2515154 2.1596708 -0.019576227 165.29167
-1.259524 2.3058124 -0.02189528 143.66666
-1.232693 2.4707968 -0.024318798 152.70833
-1.235588 2.5560894 -0.028744254 164.31667
-1.2404008 2.6465321 -0.026752684 160.5
-1.2276187 2.7453887 -0.040736858 187.57143
-1.2516918 2.8443434 -0.035195418 187.3889
-1.2429886 2.9557576 -0.038204748 186.16666
-1.2520361 3.0502095 -0.046305824 185.16666
-1.2739617 3.1441164 -0.042186182 185.5
-1.2265208 3.241818 -0.041096959 186.175
-1.2142677 3.3287489 -0.036734927 185.8
-1.244282 3.448725 -0.047189679 180.5
-1.2015464 3.5542457 -0.043774001 176
-1.2812684 3.6509249 -0.043133024 162.5
-1.2306237 -1.1853977 0.038978837 147.5
-1.2753365 -1.0412164 0.030291861 156.75
-1.2461489 -0.86317772 0.027814513 168.5
-1.2481399 -0.73713404 0.033198848 169.75
-1.2829075 1.250911 0.026573665 128.55
-1.2840737 1.5719966 0.068288937 142.25
-1.216522 1.6138262 0.039763242 178.5
-1.2284659 2.6465502 0.035245556 157.5
-1.2362628 2.7514336 0.032002475 161.33838
-1.2627914 2.8612595 0.020862713 149.28572
-1.2374654 3.0008514 0.014381805 142.33333
-1.2205194 1.5651827 0.15201919 136.375
-1.2031151 2.5740294 0.12758939 197.33333
-1.2391478 2.6593783 0.13301367 192.57143
-1.2589364 2.7450306 0.14229831 186.64285
-1.2915819 2.8106322 0.14060919 181.86111
-1.1885436 0.64697921 -0.11326726 175.07143
-1.1555248 0.74081808 -0.11543364 175.22414
-1.1649777 0.84130341 -0.12352379 174.52884
-1.1517062 0.90611529 -0.10665052 178.99583
-1.1129749 1.0434192 -0.1064875 176.2258
-1.1654292 1.1171302 -0.11346474 166.07812
-1.1870848 1.2245523 -0.1033407 166
-1.1353813 1.3488448 -0.10961411 168.90323
-1.1591027 1.4138615 -0.10703652 168.8
-1.1562508 -2.8692603 -0.03346014 192
-1.1732179 -2.7475796 -0.020917905 190.42857
-1.1664351 -2.6393836 -0.021293702 186.02499
-1.1630775 -2.5579667 -0.035520848 181.375
-1.1963683 -2.4563346 -0.034187097 169.075
-1.1688912 -2.0528598 -0.020771174 193
-1.1756476 -1.9129289 -0.028173208 177.94444
-1.18311 -1.8320508 -0.023161445 187.46429
-1.1509678 -1.7520536 -0.036651775 169.29764
-1.1569505 -1.6341846 -0.035001561 121
-1.1701905 -0.93270481 -0.05623721 196.625
-1.1073831 -0.81785089 -0.058935989 192.83333
-1.1564071 -0.64300787 -0.031677265 152.33334
-1.1337361 -0.52916735 -0.030250108 156.625
-1.1769292 -0.4563708 -0.026631659 162.39999
-1.159593 -0.34763962 -0.035456423 178.54167
-1.1472956 -0.208382 -0.037597269 189.5
-1.1606183 -0.15056787 -0.033819824 174.80556
-1.1387092 -0.026668863 -0.042250976 177
-1.1477735 0.065243244 -0.05757802 170.22856
-1.1519787 0.17296658 -0.052032828 175.92931
-1.154235 0.26893768 -0.06078 188.21667
-1.1689312 0.34385931 -0.062199757 178.9375
-1.1481601 0.44783792 -0.074262463 175.26437
-1.1447302 0.55783361 -0.084184356 187.86488
-1.1488227 0.64804554 -0.080348067 169.16905
-1.1534896 0.7542299 -0.081450112 189.53767
-1.1429819 0.84953928 -0.071671925 187.84413
-1.1795003 0.92954546 -0.081642985 185.8611
-1.1284734 1.0444908 -0.0770294 183.57121
-1.1617655 1.1496923 -0.076346308 175.32932
-1.1423821 1.2391249 -0.06235243 175.42834
-1.1334676 1.3298143 -0.056507099 169.47908
-1.1310546 1.432701 -0.052701645 180.90033
-1.1240259 1.5193728 -0.057166841 178.16216
-1.1443677 1.6382569 -0.021163808 181.66666
-1.1336627 1.7525928 -0.024027804 186.55769
-1.1321833 1.853928 -0.025674883 192.43333
-1.1623362 1.9284205 -0.02291812 193.95833
-1.1298218 2.0613463 -0.027927147 189.43396
-1.1609396 2.1328003 -0.020957587 181.57143
-1.1299602 2.2545686 -0.021448402 153.825
-1.1322351 2.3561394 -0.015702736 145.5
-1.1273726 2.4638817 -0.020974172 144.72223
-1.1245407 2.5533113 -0.025638865 178.8
-1.1478726 2.6550839 -0.033424802 186.65001
-1.1125231 2.7390299 -0.038237788 182.80556
-1.1479939 2.848978 -0.044220127 181.41666
-1.1458092 2.9558129 -0.028475799 152.17664
-1.1462716 3.0454731 -0.037790343 168.96666
-1.1622583 3.1525314 -0.043544177 183.2149
-1.1216348 3.2646863 -0.038466707 183.57143
-1.1399567 3.3524766 -0.04242494 185.625
-1.1006601 3.4335489 -0.039559554 185.85715
-1.1671027 3.5100803 -0.051321458 181
-1.1322505 4.0672174 -0.0013961321 153
-1.1768945 -1.1250015 0.026167164 157.25
-1.1673245 -0.93984574 0.028440226 171
-1.1515102 -0.81776637 0.027057864 173.60001
-1.1600206 -0.73020166 0.024941679 174
-1.11573 -0.66088384 0.037127241 173.33333
-1.1277316 0.52631718 0.046782706 159.14285
-1.1571122 0.81081128 0.019672006 134.5
-1.1600916 1.2283142 0.034803234 169.89999
-1.1448016 2.6888595 0.0067882235 161
-1.1256716 2.8416541 0.0029331846 141.75
-1.1827004 2.9177136 0.0062021795 140.54167
-1.1584678 3.0323243 0.0043705092 138.42857
-1.1031101 3.9659157 0.00052921614 164.33333
-1.1513442 4.136848 0.00031946995 146
-1.148011 1.2538393 0.1396144 141.76666
-1.1986175 1.579587 0.1623873 143.14285
-1.0750841 0.91797912 -0.10743085 180.42105
-1.0174464 1.0731466 -0.10402581 178.64999
-1.0471228 1.1695317 -0.11775026 174.83333
-1.0897948 1.2578442 -0.1203247 169.29167
-1.0210937 1.3446268 -0.11333755 166.07927
-1.0562671 1.4640127 -0.11500895 174.85001
-1.0322025 -2.923547 -0.026956292 193
-1.0604217 -2.8294535 -0.016030166 189.5
-1.0477902 -2.7566676 -0.0093149981 166.95
-1.0739169 -2.6573389 -0.017626883 166.09525
-1.0894603 -2.5449548 -0.036267575 176.69565
-1.0445405 -2.4618354 -0.05462712 170.8219
-1.0823429 -2.3944936 -0.031303432 172.5
-1.0904725 -2.284924 -0.037594263 171.60001
-1.0987437 -2.1727178 -0.040123574 169.8
-1.053583 -2.0309901 -0.012009976 188.8125
-1.074368 -1.9383428 -0.024229333 178.76389
-1.0561445 -1.8339489 -0.031636894 176.60358
-1.0346084 -1.7218726 -0.046772741 185.5
-1.0429345 -1.681712 -0.031460803 158.8
-1.0240463 -1.4240078 -0.06195676 191.5
-1.0543426 -1.3191051 -0.06928762 177.5
-1.0716736 -1.2556792 -0.061766956 163.33333
-1.0901674 -1.1894394 -0.058620062 148
-1.0461587 -1.0677036 -0.067926481 195
-1.0603894 -0.94816816 -0.056327261 193.69698
-1.038865 -0.7515732 -0.041977298 161.8889
-1.0143937 -0.62202692 -0.028329145 161
-1.064235 -0.5941115 -0.036296215 155.33333
-1.0587609 -0.45601687 -0.036732227 173.77222
-1.06408 -0.35145068 -0.034044083 176.33334
-1.067677 -0.24661429 -0.029715663 176.92142
-1.0504321 -0.14100982 -0.030574759 175.375
-1.0825139 -0.054460067 -0.047166131 177.22
-1.0567056 0.070140317 -0.055570874 171.74167
-1.0493356 0.16923368 -0.061239947 166.34456
-1.0588609 0.27354798 -0.066395931 178.18419
-1.0690765 0.36704841 -0.068984844 177.54097
-1.0521489 0.45307344 -0.068036139 184.0984
-1.0414964 0.55350745 -0.061708454 157.95833
-1.0644394 0.64811808 -0.087780587 180.35721
-1.0445458 0.74483985 -0.081007369 177.27423
-1.0288949 0.85372502 -0.086244553 177.6508
-1.0472406 0.96121287 -0.085608341 186.24074
-1.0187875 1.062206 -0.057073504 177.63458
-1.0520211 1.13739 -0.05894753 176.88054
-1.0138907 1.2590605 -0.031816632 186.07692
-1.0661542 1.3551418 -0.02770433 188.57143
-1.0468067 1.4710878 -0.08393167 150
-1.0335858 1.5374854 -0.032454781 187.98077
-1.0192317 1.6344749 -0.025057111 188.15935
-1.0560081 1.833483 -0.03100042 193.875
-1.0433543 1.9410803 -0.02973282 193.77727
-1.0477054 2.0282485 -0.038347699 190.51666
-1.039713 2.1629148 -0.028266061 177.97137
-1.0182316 2.2423186 -0.033854429 163.19339
-1.0356852 2.3545449 -0.018588552 149.71428
-1.0829141 2.4956355 -0.017958745 164
-1.0125602 2.519321 -0.010760356 152.2
-1.0283253 2.6493549 -0.037646741 181.85001
-1.0290414 2.762717 -0.017081223 164.99306
-1.0307751 2.8672895 -0.034592278 158.97711
-1.0439876 2.9531152 -0.043782096 153.89075
-1.0428673 3.0464773 -0.044016987 153.63847
-1.0152401 3.1484723 -0.06358704 173.94118
-1.0580651 3.2394228 -0.057467666 179.23398
-1.0258763 3.3447757 -0.029452998 164.76666
-1.0587368 3.4512634 -0.0050452547 127.41666
-1.0989904 3.5647011 -0.0038157734 112
-1.0438576 3.7547851 -0.00033675908 184
-1.0727775 3.8530765 -0.0042596613 175.5
-1.0209466 -2.7148995 0.098208338 152.75
-1.0067806 -1.7367436 0.072905421 168.5
-1.0561987 -1.620793 0.07245829 150
-1.0943892 -1.2320148 0.029348992 150
-1.0430443 -1.1554258 0.022170946 159
-1.0869294 -1.016554 0.027145091 168.75
-1.0216771 -0.93876344 0.02517481 170
-1.056433 -0.83618206 0.024881871 169.5
-1.0390228 -0.70947915 0.0293661 167
-1.0318884 -0.61334676 0.034659196 167.39999
-1.0145763 0.31689456 0.085048802 147
-1.0018446 1.2724211 0.041535795 135.91666
-1.0288688 2.4963455 0.029529551 146.2
-1.0786763 2.6229825 0.00056733703 164.09091
-1.0113859 2.7731571 0.011723772 149.2
-1.0145075 3.6576729 0.0060174093 185.5
-1.0081173 4.1896043 0.010509826 142
-1.0484306 -2.9106128 0.12616549 154.5
-1.0245293 -2.8125527 0.13750799 92.75
-1.0528758 1.6161423 0.16234589 162
-0.92687941 0.17440532 -0.10182532 180.55556
-0.91211212 0.37769583 -0.11566216 177.25
-0.99522609 0.4727096 -0.10807297 173.41667
-0.97945243 0.56991905 -0.10988402 172
-0.9415223 0.66698062 -0.11129937 172.32001
-0.93800837 1.1056565 -0.10030475 179.91667
-0.99737841 1.2756373 -0.1002536 175.8
-0.90570521 1.3774064 -0.10634051 159.5
-0.94523925 1.4560138 -0.10425235 151
-0.94623119 -2.9230189 -0.023487896 191
-0.9752875 -2.8447371 -0.016661635 188.72223
-0.96866226 -2.7243946 -0.023036437 182.33173
-0.96532005 -2.6652112 -0.028457472 175.60526
-0.98318028 -2.5415404 -0.057247009 172.25999
-0.9830938 -2.3763392 -0.034786057 181.2
-0.98110855 -2.2777255 -0.041162971 180.33334
-0.95628524 -2.1627944 -0.029190082 183.71666
-0.90633827 -2.0397754 -0.046603192 179.28845
-0.95354223 -1.9624643 -0.041692141 180.7509
-0.95605975 -1.8498552 -0.041228961 177.18382
-0.96392655 -1.7572435 -0.042954922 181.15784
-0.9549343 -1.6564066 -0.059747498 185.22728
-0.99495906 -1.5263683 -0.060440425 197.41666
-0.93677294 -1.430932 -0.052318454 170.25
-0.93879408 -1.3665645 -0.05806059 173.33333
-0.92725837 -1.2476764 -0.06872417 165.16667
-0.95802534 -1.1344815 -0.063460521 172.5
-0.96387273 -1.0201043 -0.052429259 193
-0.93947291 -0.92910963 -0.053040903 188.85715
-0.93054086 -0.84623379 -0.064154647 183.96875
-0.94923985 -0.76542556 -0.053306155 174.37038
-0.93684369 -0.66548222 -0.025334798 163.47334
-0.94104332 -0.5438723 -0.025126249 171.9762
-0.94553626 -0.4584443 -0.026236862 176.44643
-0.95886821 -0.34058395 -0.031075502 176.77499
-0.9488076 -0.23198776 -0.032982014 179.73999
-0.95363969 -0.14532878 -0.045069795 174.3698
-0.96329743 -0.033670414 -0.041190047 169.46072
-0.95745271 0.055911835 -0.053568214 175.30179
-0.96842819 0.15037037 -0.053365972 173.35289
-0.94556278 0.24577859 -0.074450515 177.38095
-0.94971216 0.35168576 -0.054654893 181.07477
-0.96872866 0.44978377 -0.065297991 173.38551
-0.94925469 0.55601144 -0.072235838 182.6001
-0.94956106 0.64854395 -0.059913576 182.58571
-0.94183558 0.75291014 -0.060418967 182.52545
-0.95277077 0.84991258 -0.078112341 175.8356
-0.95190334 0.94139093 -0.069511726 183.13716
-0.94553024 1.0319006 -0.055726383 185.26471
-0.95963192 1.1640548 -0.074032404 177.5764
-0.95292777 1.2511152 -0.048751492 176.34511
-0.94571477 1.3432727 -0.059923727 182.26036
-0.94390351 1.4496717 -0.049681682 181.9287
-0.94285667 1.5385896 -0.054528665 176.27721
-0.91948968 1.6400666 -0.033627875 189.8
-0.94496125 1.7217158 -0.018100427 192.17223
-0.95323056 1.806848 -0.039505389 194.20834
-0.94380563 1.9284313 -0.04662703 187.7805
-0.94424307 2.0489256 -0.046929095 181.79111
-0.93986577 2.1346076 -0.036003307 192.58749
-0.9364084 2.2417667 -0.031745579 156.63452
-0.94592971 2.3198867 -0.0178831 138.7
-0.94932115 2.4513564 -0.022593841 152.01161
-0.9707576 2.5758381 -0.014307776 151.75
-0.94887996 2.6570308 -0.016381409 144.00084
-0.92785209 2.755729 -0.026592592 162.42284
-0.9448567 2.8512747 -0.041456923 151.12552
-0.93293411 2.9572618 -0.05035463 158.35487
-0.91938949 3.0540535 -0.039307177 170.22621
-0.94411445 3.1383164 -0.040271863 179.20833
-0.98805511 3.2507434 -0.01123866 161.5
-0.91847348 3.3408489 -0.031856649 165.72
-0.92562604 3.4526377 -0.012968298 140.38889
-0.96541041 3.5546508 -0.011448164 146.5
-0.96065712 3.6113081 -0.011343975 180.4375
-0.96221787 3.8363626 -0.0010109295 177.5
-0.94691432 -1.2411196 0.023334626 152
-0.92147517 -1.1910166 0.018559642 158
-0.97671473 -1.053051 0.021046828 165.8
-0.94277257 -0.94401228 0.018307952 165.83333
-0.93065804 -0.82902771 0.02619049 165.66667
-0.94219518 -0.72905242 0.022538006 170.61539
-0.95879132 -0.64077443 0.015248805 173.85715
-0.94011396 -0.53161633 0.0045547476 174.71428
-0.91426563 -0.48647532 0.016961562 167
-0.96456313 -0.23541641 0.0056105899 167
-0.94613767 0.35644293 0.0076905568 143
-0.92111701 1.3327715 0.054264855 136.5
-0.91240096 1.7749554 0.0049665603 194.5
-0.91143566 2.3582046 0.04484462 139.8125
-0.93345046 2.6682186 0.0022969083 167.95834
-0.94039357 2.9100389 0.018854855 140
-0.90457344 3.2380419 0.025747145 161.5
-0.956954 3.6416073 0.0076024584 183.66667
-0.94574302 3.734231 0.0067512239 183.66666
-0.90326893 3.8804855 0.0022379123 174.8
-0.98051798 3.9733431 0.0017283778 167.5
-0.98949909 4.0422344 0.0038702828 161
-0.99920797 4.112092 0.0039494052 151.66667
-0.91469741 0.34590921 0.11607297 142
-0.92970598 2.3525119 0.11879119 136
-0.92999941 2.5129042 0.11887668 123
-0.80162323 -2.2193885 -0.113371 167.67105
-0.84245795 0.22851895 -0.11803451 177.04167
-0.83302617 0.32237577 -0.13090786 173.27777
-0.85452753 0.43168595 -0.13159995 173.45358
-0.86276561 0.52541709 -0.13799959 174.28572
-0.86132652 0.65147501 -0.12114926 171.9458
-0.89258403 0.7666688 -0.10893057 169.80353
-0.8587504 0.81497443 -0.10894845 175.27272
-0.81426537 1.0408406 -0.10377204 194.60001
-0.84535575 1.2536842 -0.10092037 169
-0.8854636 1.3374316 -0.10803235 163
-0.86674559 -2.919692 -0.022329967 192
-0.86194563 -2.8260295 -0.019597454 186.2
-0.88036811 -2.7493811 -0.023553884 181.28
-0.86768091 -2.6333463 -0.027384061 178.24585
-0.88859326 -2.5331693 -0.076929003 170.77359
-0.85383159 -2.4288301 -0.041670259 170.38116
-0.87922966 -2.3570857 -0.026375005 180.25
-0.87582421 -2.2709913 -0.030335367 178
-0.83948034 -2.1654534 -0.04140953 176.16667
-0.82864457 -2.0287046 -0.032569118 173.75798
-0.8626588 -1.9540703 -0.042127166 177.41962
-0.85448909 -1.8511282 -0.040547229 181.37865
-0.84320933 -1.7643347 -0.047807626 183.20602
-0.85358834 -1.6559811 -0.057375867 184.66667
-0.83603776 -1.5621952 -0.039032876 184.66667
-0.8944723 -1.491524 -0.053152155 167
-0.85625261 -1.3267523 -0.058731839 158
-0.87876564 -1.1153514 -0.047185399 194
-0.86952597 -1.0522512 -0.052368663 189.63637
-0.84625429 -0.9430052 -0.063258298 184.24243
-0.81229824 -0.8422938 -0.060903322 187.66666
-0.83262414 -0.75404781 -0.041441523 173.59828
-0.84109187 -0.6625483 -0.023619769 177.27777
-0.86062676 -0.56277198 -0.036318269 171.49666
-0.85289007 -0.45694768 -0.033196758 178.41429
-0.85900438 -0.35727939 -0.038816869 167.32925
-0.86412311 -0.25343543 -0.041874859 173.51056
-0.83822662 -0.13485792 -0.063980512 173.4866
-0.85579836 -0.069767535 -0.065746933 173.26154
-0.84776455 0.054819316 -0.065986142 180.37381
-0.8687312 0.14758925 -0.059014384 177.65997
-0.86448437 0.23638189 -0.060574424 184.86865
-0.83967024 0.36466083 -0.046818875 184.68404
-0.85349429 0.45562077 -0.05646899 181.80923
-0.85630822 0.55568737 -0.046246078 188.94438
-0.84483236 0.63778442 -0.059133306 185.54227
-0.85618174 0.72979659 -0.067513354 185.20886
-0.8589583 0.83587068 -0.069909945 183.59445
-0.83445561 0.95337945 -0.068618707 179.91107
-0.84209144 1.0630649 -0.075147331 174.74542
-0.85342896 1.151262 -0.073816136 174.53712
-0.86976081 1.2414742 -0.071630344 184.34523
-0.83878338 1.351748 -0.042850878 182.43358
-0.85165519 1.4440016 -0.038346224 180.68341
-0.84504122 1.5635417 -0.045382787 181.70097
-0.85029995 1.644132 -0.027831968 187.50748
-0.85688764 1.7751719 -0.024750005 192.3625
-0.82882065 1.8654495 -0.034153592 190.47334
-0.84003145 1.9652241 -0.045549102 183.01631
-0.83822697 2.048645 -0.034876212 191.33228
-0.84608978 2.1715667 -0.042536195 171.0343
-0.83015925 2.2596338 -0.039251726 162.74757
-0.85918194 2.3594053 -0.041773718 165.35001
-0.83455026 2.4571633 -0.015408768 159.21353
-0.8477236 2.5519271 -0.019334078 153.04167
-0.84649587 2.654609 -0.0081932554 167.325
-0.82954299 2.7669566 -0.029603649 152.21327
-0.83177924 2.8538625 -0.046799757 144.92729
-0.83596605 2.9330399 -0.035391562 145.62491
-0.85077244 3.0334198 -0.033297125 176.20952
-0.84532136 3.141649 -0.057472259 165.26707
-0.87786233 3.2620096 -0.044782124 161.93236
-0.89037836 3.336565 -0.012348097 155
-0.8373118 3.4444327 -0.037306238 163.07692
-0.84969437 3.5375311 -0.015562811 175.41666
-0.86347401 3.6489792 -0.011310811 181.22223
-0.86957341 -2.1076932 0.047452759 170.65384
-0.85512334 -1.7230804 0.0083929645 182.5
-0.83458805 -1.6817175 0.00049301132 186
-0.83940911 -1.5742975 0.0043516671 182
-0.86454785 -1.4430948 0.0030312056 166
-0.80754519 -1.3433558 0.005000371 163.25
-0.82010311 -1.2624564 0.020576449 155.33334
-0.88619506 -1.1170139 0.019969601 164
-0.84273326 -1.0275886 0.018616181 167.5
-0.84603328 -0.95545709 0.012238193 166.2
-0.84499061 -0.84993172 0.018384844 171
-0.85200512 -0.76227456 0.017484825 177.69231
-0.85123271 -0.61690831 0.0014468465 177.8
-0.86910415 -0.58897591 0.0026943381 177
-0.81841898 -0.4436031 0.039443586 135.94444
-0.81450433 -0.31677595 0.0066493796 132
-0.80988145 -0.29035267 0.0015670039 133
-0.84743822 -0.15968372 0.016098559 150.33334
-0.81333184 0.15167344 0.0017471598 133
-0.86832601 0.39947826 0.051111162 141
-0.83656961 1.2701182 0.060722739 150
-0.82943439 2.1716585 0.056550242 148.26666
-0.8536855 2.5752587 0.002032015 177.375
-0.80807972 2.7350719 0.0033522241 170.2
-0.87829715 2.8265944 0.0081548057 156.5
-0.86827594 3.1750407 0.028888045 130.05556
-0.87052029 3.2530594 0.038592037 165
-0.85796142 3.6695416 0.0093930503 184.66667
-0.85949868 3.7757568 0.0044581559 184.95
-0.86002624 3.9269037 0.0035381385 174
-0.86069798 4.0146332 0.0016328724 171.25
-0.85990572 4.1579299 0.0055379518 149.60001
-0.85863662 4.2678862 0.010996461 132
-0.87876773 -2.9215267 0.1654226 228
-0.86956906 -0.45157787 0.16350837 123.18182
-0.82451612 2.1762307 0.11116298 128
-0.85948122 2.3529935 0.11212825 144
-0.83489877 2.4745328 0.10998376 147.8
-0.8685506 3.2788808 0.125012 149.41071
-0.74983805 -2.3186247 -0.11274217 167.86406
-0.7403118 -2.2562604 -0.12106715 168.05159
-0.70860124 -0.77889365 -0.10816829 171.36957
-0.74488813 0.26576102 -0.13711177 168.6875
-0.70962489 0.38718972 -0.12061879 164.4375
-0.76739633 0.49479222 -0.13061577 168.7037
-0.75772166 0.58137375 -0.11897327 169.75577
-0.70621866 0.68994302 -0.14271343 171.36
-0.76179653 0.74830264 -0.11781503 176.67647
-0.75643522 0.87136251 -0.10289834 183.2
-0.70534766 0.94681561 -0.10307749 182.36426
-0.78482485 1.1326752 -0.1025769 171.5
-0.75293982 -2.9003422 -0.02192286 173.22223
-0.77076566 -2.8122909 -0.018649735 185.30769
-0.75958222 -2.7216258 -0.042348016 177.85185
-0.787983 -2.6068029 -0.038035922 177.18718
-0.74737906 -2.5090649 -0.077767268 170.54843
-0.74634898 -2.4290144 -0.0570416 169.07245
-0.75799388 -2.3680801 -0.030921998 173.73215
-0.76115614 -2.263449 -0.032854471 174.78571
-0.73823583 -2.1489761 -0.029229915 175.8934
-0.74876702 -2.0503445 -0.031386219 177.1219
-0.75408787 -1.9563792 -0.031796813 174.12239
-0.7662214 -1.8511484 -0.041840468 176.39987
-0.77208269 -1.7472507 -0.049084023 175.50424
-0.75244212 -1.6516477 -0.04662377 182.14522
-0.7511965 -1.5267686 -0.033603851 182.11667
-0.76323014 -1.4365419 -0.048825894 184.41667
-0.77193671 -1.3672944 -0.059246708 176.33333
-0.75676006 -1.2632104 -0.065633029 164.83333
-0.76349014 -1.1459405 -0.063989602 175.43254
-0.75575364 -1.051527 -0.036505572 181.66975
-0.75305218 -0.95068228 -0.046412505 188.87633
-0.74399817 -0.88545048 -0.06031736 183.07408
-0.74659449 -0.76019031 -0.031686455 174.99167
-0.72851479 -0.65292466 -0.043612868 185.96428
-0.73382044 -0.5545541 -0.031205012 156.97876
-0.73984802 -0.46512592 -0.030979507 165.04115
-0.73806542 -0.3857823 -0.038823888 163.28334
-0.75547028 -0.25833634 -0.037048388 156.70844
-0.75047219 -0.14931114 -0.044813838 163.1138
-0.7595734 -0.035837132 -0.050588865 165.02553
-0.76084095 0.042073168 -0.037569482 156.82809
-0.76167679 0.14671101 -0.055341728 174.823
-0.73469687 0.24889205 -0.042083174 180.70572
-0.76272994 0.35406289 -0.035773817 173.21632
-0.7610876 0.45656076 -0.049941216 184.3571
-0.73852468 0.548002 -0.053217795 180.25285
-0.75864244 0.66727632 -0.051356461 184.98616
-0.74721056 0.73552841 -0.06525939 180.54312
-0.73109895 0.86636889 -0.063582957 186.95926
-0.75332969 0.95274407 -0.080824651 182.63887
-0.75973827 1.0472244 -0.070602953 177.79848
-0.7579723 1.1605281 -0.064041346 171.24216
-0.72991675 1.2251681 -0.063521676 177.27296
-0.71932667 1.3253999 -0.042010993 180.94376
-0.7270987 1.4411155 -0.049080972 182.63925
-0.75893176 1.5235553 -0.047110092 179.59247
-0.72289222 1.6323539 -0.058097519 179.2356
-0.74736893 1.7558864 -0.033221647 190.59523
-0.74152589 1.8446363 -0.031466957 192.43446
-0.74778199 1.9652382 -0.046080176 180.56155
-0.7439099 2.0735874 -0.048866004 176.75743
-0.73821491 2.1570082 -0.042402234 178.39822
-0.74504638 2.247314 -0.056080244 164.99347
-0.73748738 2.3448114 -0.028488515 169.27066
-0.75237066 2.4326863 -0.028845031 157.43735
-0.75162411 2.5539365 -0.027700335 165.59634
-0.74980873 2.6582937 -0.03062213 156.51323
-0.7549969 2.7529237 -0.034431841 159.15396
-0.74170911 2.854665 -0.034520455 137.9726
-0.72332472 2.9524527 -0.041633509 161.12291
-0.74932396 3.0505865 -0.054541614 174.09259
-0.74170601 3.1705511 -0.046691652 173.29724
-0.75305355 3.2581158 -0.042531479 161.24005
-0.76700342 3.3223128 -0.016092418 159.625
-0.76787484 3.471343 -0.017226046 144.29584
-0.79087698 3.5748448 -0.008457182 117.5
-0.74863249 3.6365848 -0.013376081 180.66667
-0.77427638 3.7467999 -0.0024867998 185.5
-0.75716019 3.8732901 -0.0012744719 179.33333
-0.72145188 -2.8926702 0.012405866 79.666664
-0.73424304 -2.3967757 0.073568404 150
-0.72838414 -2.1023204 0.0036253829 190
-0.71206558 -1.8270216 0.0046540652 188.5
-0.72140372 -1.7098794 0.0036141279 189.25
-0.79571176 -1.4828368 0.0015174103 177
-0.74820089 -1.2395186 0.0030073225 157.625
-0.77697778 -1.1383088 0.016568618 163.75
-0.73540837 -1.0215881 0.0090360502 171.39999
-0.75610703 -0.92332959 0.019285893 173.8
-0.76109028 -0.86430138 0.0077940975 180.07143
-0.77666861 -0.77806425 0.010515175 181.75
-0.79509014 -0.61713141 0.0055633741 126
-0.73949713 -0.5819453 0.0066272849 129.75
-0.75960696 -0.44585031 0.0083278585 132.71428
-0.74128991 -0.28583175 0.0092316838 137.5
-0.76292866 -0.15906316 0.0034986688 139
-0.78729516 -0.049133722 0.033085264 139.75
-0.79296476 0.052338842 0.0038153271 134.5
-0.75941527 0.14419281 0.0050556222 138.5
-0.72169501 0.2235675 0.01502146 133
-0.77336442 0.37793788 0.02312541 131.70454
-0.75556594 0.44528034 0.0053842561 131.66667
-0.78095919 0.54761815 0.00071995077 192.8125
-0.73288637 0.78126323 0.00092014938 185.92308
-0.74707097 0.87797385 0.059967782 166
-0.79332715 1.3428854 0.038424034 151
-0.70683658 1.440163 0.037301961 132
-0.79921627 2.1147091 0.028658003 129.53847
-0.72284627 2.549134 0.005730378 185.45454
-0.75961429 2.6522543 0.0041810321 185.52777
-0.73617417 2.729418 0.0016161164 188
-0.74570853 2.8622591 0.017248174 156.90001
-0.77524489 3.3677492 0.04860048 128.04762
-0.74495506 3.5016739 0.022689523 166.57143
-0.71862638 3.6597681 0.0065328325 183.16667
-0.73936576 3.7314861 0.0077679208 183.375
-0.73922992 4.0033727 0.0012534023 166.60001
-0.71973467 4.145647 0.0035672984 144.75
-0.7082361 4.214756 0.012765391 131
-0.79531723 -2.9008439 0.11920559 84
-0.79032505 -2.8118186 0.12580459 100.33334
-0.71479934 -2.5345843 0.12974271 155
-0.74775481 -2.3992805 0.10264984 150.22223
-0.70719218 0.7773236 0.103257 143
-0.68188614 -1.594262 -0.107527 167.61765
-0.60961807 -0.4600887 -0.10711932 165.5
-0.63916391 -0.24988857 -0.10497615 173.41975
-0.6521818 0.32790577 -0.12506214 162.15442
-0.66868716 0.47001025 -0.11695703 169.69821
-0.66817957 0.56566846 -0.11780563 169.9397
-0.60859698 0.64813179 -0.12103642 165.78181
-0.64980412 0.74551344 -0.12563547 171.02963
-0.64965194 0.83434397 -0.11687046 177.39545
-0.60868657 0.90095121 -0.10553358 178.11765
-0.67520797 2.4593985 -0.10748012 171.75
-0.65443993 -2.875735 -0.028165197 189.5
-0.65909249 -2.7538829 -0.037909478 179.74074
-0.62391514 -2.6332357 -0.052650392 176.25
-0.68075246 -2.5972402 -0.072170325 174.01819
-0.64248562 -2.4432576 -0.045602813 169.53334
-0.69738591 -2.3655343 -0.059331946 178.38889
-0.64361054 -2.2468643 -0.044760052 172.29718
-0.6572094 -2.1554792 -0.047534641 179.22954
-0.64522517 -2.0568502 -0.038292129 176.38066
-0.6491338 -1.9447076 -0.051434096 174.47105
-0.67065549 -1.842577 -0.039592553 174.77499
-0.67752177 -1.7661285 -0.035879858 182.6256
-0.65814143 -1.67172 -0.046629488 176.98621
-0.65010548 -1.5605458 -0.048266038 175.93286
-0.67336679 -1.4850109 -0.04555212 178.17986
-0.66717058 -1.3520758 -0.047586076 170.22316
-0.66361213 -1.1847973 -0.043471806 176.40477
-0.64857763 -1.0396984 -0.050695524 185.60715
-0.6465897 -0.95875573 -0.028575113 178.58891
-0.63386023 -0.85463762 -0.037877887 171.10606
-0.65627217 -0.74909651 -0.058369353 172.3728
-0.65237468 -0.65515906 -0.029467897 174.58575
-0.62829125 -0.53861851 -0.02495217 161.58636
-0.62777746 -0.46786448 -0.025957629 166.09657
-0.65279853 -0.36610889 -0.052749157 170.70543
-0.64445943 -0.25547478 -0.03377074 164.29063
-0.67723525 -0.13381729 -0.049658582 166.24667
-0.65379572 -0.050984401 -0.043758329 160.48849
-0.65614837 0.048628744 -0.049333896 160.72284
-0.65132749 0.15885824 -0.035533551 178.88828
-0.62864673 0.230158 -0.051206224 171.26155
-0.65643346 0.3503333 -0.042634845 173.57915
-0.66840518 0.4477447 -0.041435055 170.90384
-0.64937598 0.55051774 -0.045932513 180.46481
-0.65567982 0.6479218 -0.05292156 186.11513
-0.64608765 0.74585527 -0.037298422 170.94231
-0.66912723 0.83251226 -0.06189023 179.87779
-0.65204549 0.95045972 -0.045871377 180.38249
-0.66532791 1.055117 -0.063338615 175.34277
-0.66711354 1.1480978 -0.050619371 169.42778
-0.64352822 1.2499461 -0.032965824 163.375
-0.64130098 1.3233621 -0.062630206 180.87173
-0.63290882 1.4363608 -0.053284869 179.48521
-0.644005 1.5484333 -0.052543111 185.71667
-0.62017703 1.6460047 -0.042093862 181.23599
-0.65139824 1.7611629 -0.0531982 179.33115
-0.65003157 1.8675983 -0.053477794 177.3503
-0.64643669 1.9563426 -0.047703262 178.31482
-0.64012641 2.0778112 -0.0469626 181.80415
-0.63237047 2.1570778 -0.051196739 176.68013
-0.64286852 2.2410479 -0.032659307 171.52914
-0.6325379 2.3579133 -0.030673757 166.45323
-0.65666634 2.4445298 -0.024299892 169.74605
-0.65092838 2.5454621 -0.01743537 164.50015
-0.64178604 2.6587789 -0.027746134 157.95135
-0.65034044 2.7698979 -0.01974435 165.4369
-0.61687672 2.8692868 -0.078722849 159.50526
-0.63304901 2.9493928 -0.035335772 165.29901
-0.65810597 3.0622566 -0.016534559 188.25
-0.64488345 3.1703925 -0.032893647 162.23703
-0.66009176 3.2726202 -0.014459923 158.375
-0.62907273 3.3308594 -0.02407687 161.72728
-0.64861304 3.4509795 -0.023973476 155.48706
-0.66076893 3.547538 -0.0074734841 142.44
-0.68908459 3.7274752 -0.0014436431 185.5
-0.65643382 3.8485155 -0.0029540081 179.25
-0.69263166 -2.5349362 0.032103818 177
-0.62317568 -2.4555449 0.063171409 153.5
-0.6410659 -2.1433234 0.014682312 189
-0.65818405 -2.0679591 0.01133927 188.57143
-0.66400087 -1.95688 0.0097043831 186.58749
-0.68901408 -1.8292739 0.019291483 172
-0.63966066 -1.7653577 0.0046242247 186.33333
-0.68923652 -1.645484 0.046046484 181.46667
-0.69555545 -1.5396872 0.0022549652 188.5
-0.68693697 -1.2505431 0.0085918577 157
-0.66424388 -1.1476663 0.0089505147 161.55556
-0.64520109 -1.0495784 0.0063941814 173
-0.6503073 -0.92353719 0.0071622478 184.42857
-0.64271271 -0.83637869 0.010836878 184.71428
-0.61113489 -0.76312155 0.00458442 127
-0.64113367 -0.53111482 0.0089073209 135.75
-0.69155359 -0.43764433 0.0079411389 139.33333
-0.6496951 -0.39142841 0.006339483 146.5
-0.64338887 -0.24489909 0.033070948 142.5
-0.65583062 -0.15390646 0.021858886 147
-0.62765753 -0.038227532 0.047016263 141.32779
-0.65921408 0.21630846 0.0036472101 173.68889
-0.62924367 0.33906981 0.026960459 142.15384
-0.65975165 0.66257644 0.014337359 159.24107
-0.64116329 0.74802411 0.0032244183 151.9375
-0.6466738 0.82645965 0.028432243 178.16667
-0.63715237 2.3965397 0.0054346807 187.33333
-0.67611694 2.45576 0.004584847 185.60001
-0.64011854 2.5874279 0.0049917847 184.14999
-0.66443866 2.663528 0.0031342735 183.55554
-0.6765238 2.7410717 0.0062633967 185
-0.63763583 2.8616915 0.018100116 160.25
-0.62405658 2.9516077 0.019931164 160.16667
-0.64621043 3.0455027 0.01454425 159
-0.62641823 3.1478243 0.010670637 164
-0.61308092 3.24858 0.010772319 136.5
-0.69488358 3.4568608 0.071145639 166.5
-0.64591253 3.8797052 0.0056673787 174
-0.62963808 3.9412484 0.0034970113 170.375
-0.69767159 4.3007197 0.0093501564 130.5
-0.62225896 -1.9236401 0.1444895 159
-0.61550802 0.87361658 0.1048907 152
-0.67303753 3.4609816 0.1645245 148.92857
-0.52485311 -0.70863402 -0.10564193 167.45097
-0.55826145 -0.65094358 -0.12231635 167.2919
-0.55107814 -0.50480539 -0.12884782 165.95161
-0.51914859 -0.31586057 -0.10057791 169.22223
-0.51196396 -0.20950991 -0.10741445 175.39473
-0.52514547 0.18915932 -0.10235843 164.875
-0.54476154 0.35182416 -0.1265211 170.23039
-0.56266373 0.41755655 -0.13985816 168.89545
-0.5578022 0.51388186 -0.13365261 168.19328
-0.54156876 0.61255097 -0.1156285 167.49855
-0.56043863 0.74604112 -0.10471692 168.28384
-0.57096416 0.84743023 -0.11463735 169.57483
-0.54127681 1.2803066 -0.12062611 166.10185
-0.52193886 1.3241321 -0.11748678 166.25089
-0.5638839 -2.8475966 -0.036119666 188.125
-0.59005326 -2.702868 -0.048640318 178.69231
-0.54111457 -2.3493266 -0.048511539 168.17754
-0.55731881 -2.2540019 -0.053797692 179.375
-0.55798447 -2.1547875 -0.035966057 177.86241
-0.566939 -2.0468788 -0.05957615 174.02838
-0.55771321 -1.9332203 -0.036284097 173.93054
-0.55129409 -1.8456862 -0.041336402 179.62576
-0.57092965 -1.7477311 -0.026769815 182.02977
-0.54384011 -1.6587799 -0.044954941 183.8914
-0.56042016 -1.5600694 -0.053688977 184.50639
-0.56482452 -1.4457892 -0.047437608 184.25488
-0.54409522 -1.3458707 -0.035965443 182.01137
-0.55512989 -1.254006 -0.041824635 170.88445
-0.56004417 -1.1869872 -0.039449316 182.8611
-0.54836732 -1.0592706 -0.044669047 181.67032
-0.52184027 -0.91718209 -0.048231862 172.86409
-0.55457592 -0.81475818 -0.032393564 161.79147
-0.5626446 -0.73602241 -0.016628614 160.44888
-0.55115372 -0.66479516 -0.030790515 174.72977
-0.5407297 -0.5562458 -0.038045973 173.56158
-0.54703057 -0.45209607 -0.041749131 161.54387
-0.54846871 -0.37414676 -0.04183881 170.48965
-0.55109078 -0.2429951 -0.028618969 158.02116
-0.55142689 -0.14907436 -0.044786345 171.8615
-0.55440807 -0.051006742 -0.041909762 165.96539
-0.55239958 0.045005616 -0.055385962 169.63356
-0.54482138 0.15675995 -0.045273736 177.33168
-0.55126274 0.25713196 -0.046767183 179.43643
-0.55117542 0.34095389 -0.034895267 178.20879
-0.55101687 0.45193508 -0.050899595 167.95328
-0.55324364 0.56780493 -0.061380308 171.67535
-0.54423064 0.6574837 -0.037012819 171.43037
-0.56642997 0.74973935 -0.044153467 164.41316
-0.54798627 0.8537606 -0.036761146 181.81482
-0.56536096 0.93760192 -0.057074286 182.12196
-0.56454915 1.0405678 -0.057305783 178.38629
-0.5572812 1.148509 -0.062214371 179.11078
-0.55179679 1.2820793 -0.053831927 186.81667
-0.54428959 1.3139148 -0.034157339 185.1389
-0.53517151 1.4625497 -0.050755009 178.01282
-0.55850852 1.5531476 -0.042530693 164.41333
-0.52806127 1.6574106 -0.04693548 176.23181
-0.54058075 1.733416 -0.045503464 172.42238
-0.54390365 1.8418624 -0.050503802 175.90216
-0.54946208 1.9566892 -0.047717594 172.17725
-0.53226459 2.0490131 -0.057643563 176.53557
-0.54513603 2.1589179 -0.038577735 177.61496
-0.54886562 2.2655227 -0.040917918 180.08197
-0.54199708 2.3435543 -0.024167914 169.45445
-0.54062176 2.4606819 -0.026708324 167.72554
-0.54966766 2.5513799 -0.016449526 168.71393
-0.54782194 2.66553 -0.016416579 162.4129
-0.54208022 2.7582781 -0.036492851 158.8091
-0.57064861 2.8579781 -0.027798297 147.77144
-0.55573595 2.9405785 -0.025281198 150.37657
-0.53706324 3.0544658 -0.028345466 163.86978
-0.55145901 3.1447325 -0.019625455 165.66667
-0.56743985 3.2509775 -0.024845473 162.29033
-0.53418773 3.3931224 -0.036601659 172.375
-0.55179298 3.4563379 -0.0087962188 176.60001
-0.53935528 3.5602367 -0.015530896 180.26985
-0.51253676 3.8706963 -0.025811002 165.5
-0.5173943 3.9664366 -0.022863459 160
-0.57376242 -2.106118 0.01244831 183.28572
-0.56468052 -2.0708861 0.043283172 138.36005
-0.54482812 -1.963678 0.01893967 177.11906
-0.58280677 -1.8233889 0.045178793 187.38461
-0.56506771 -1.2176247 0.0096470527 160
-0.56062281 -1.1615646 0.0092590097 168.5
-0.55408859 -1.0672318 0.012144316 177.5
-0.54315126 -0.94119209 0.0078496588 187.75
-0.53689772 -0.83461672 0.0089168958 144.1875
-0.5200271 -0.73400146 0.002769114 143.33333
-0.55497694 -0.4818185 0.0043104924 140
-0.56561452 -0.36307421 0.0059277834 155.77777
-0.54067481 -0.23904054 0.0052614394 166.375
-0.58205271 -0.13617818 0.047986344 137.75
-0.5689382 -0.052098259 0.038767207 144.02499
-0.57660061 0.33244976 0.0047653266 194
-0.54433137 0.66704518 0.035864588 118.5
-0.57551664 0.73639208 0.044498071 159.57018
-0.56096953 0.85974443 0.0021848716 192.60001
-0.52399302 1.1227214 0.039346568 149.24629
-0.52388698 1.3606756 0.023294508 182.60001
-0.51800162 1.4057248 0.073677227 165.39999
-0.56402093 2.41785 0.00014213465 184.5
-0.57118118 2.5246611 0.012265258 157.57954
-0.51664674 2.6525917 0.06533727 136.42528
-0.51682633 2.757376 0.057063323 164
-0.54663467 2.8664744 0.021075018 153.57143
-0.54565233 2.962337 0.0086819343 167.85834
-0.5645752 3.0491168 0.020132871 168.5
-0.56309897 3.1433399 0.017728247 135.93333
-0.53888845 3.2506943 0.013291104 164.60001
-0.54992712 3.349731 0.0064247786 162
-0.55850387 3.4011431 0.011648489 159
-0.52836651 3.550684 0.005090171 130.83333
-0.54933381 3.6435845 0.0088872677 162.1111
-0.58706474 4.0965967 0.0044218176 144.5
-0.56499559 4.1728301 0.0099277524 129
-0.54644752 4.2411146 0.0096473377 119.5
-0.52599478 4.3160858 0.0097252829 111
-0.56148559 -2.3885119 0.13446729 133
-0.56911075 -1.9888104 0.12054507 145.19048
-0.50275004 -1.8191742 0.10386427 159
-0.59037137 -0.13466822 0.10869421 121.5
-0.58924341 0.81869876 0.10628989 129.8
-0.52007806 1.159218 0.12920457 155.28572
-0.5044685 2.2390258 0.13661362 134
-0.5236752 2.7451961 0.15612577 132.68182
-0.56599456 3.1064901 0.11289393 188
-0.527282 3.6351304 0.10855216 150.625
-0.45550907 -0.85968935 -0.11324372 171.14285
-0.49322778 -0.62142831 -0.1308583 166.34457
-0.46011361 -0.52512306 -0.12712188 165.5
-0.44122735 -0.42843321 -0.10160196 165.4881
-0.4245052 -0.33635542 -0.10354815 169.32353
-0.40484244 -0.22571307 -0.10839447 175.22501
-0.45126435 0.095682539 -0.10334129 165.57364
-0.45945874 0.13503076 -0.10456839 165.7395
-0.47212648 0.37142861 -0.13088273 171
-0.46641916 0.44601661 -0.14553405 167.24762
-0.47144762 0.53645897 -0.10731006 167.8629
-0.43058094 0.6436336 -0.12716869 167.0923
-0.47112837 0.72415257 -0.10686564 168.1875
-0.44400334 1.24885 -0.11392339 165.17105
-0.47727314 1.8898979 -0.10068958 171.52831
-0.49986753 -2.8897851 -0.045533761 191
-0.41937658 -2.3794379 -0.011348104 164.66666
-0.45099682 -2.2530508 -0.0544574 172.98334
-0.45043272 -2.1796422 -0.077678353 172.97147
-0.46100205 -2.0536113 -0.050804298 174.1602
-0.45924532 -1.9535396 -0.033561811 173.535
-0.47208506 -1.8515116 -0.028905751 174.98653
-0.46676573 -1.7652787 -0.040642645 182.36327
-0.45159459 -1.6613901 -0.039525498 177.96877
-0.45480648 -1.5494531 -0.043887362 187.09583
-0.45075986 -1.448476 -0.042978872 184.69289
-0.46980512 -1.3281529 -0.091339417 172.81482
-0.48071483 -1.2321283 -0.056790348 176.40527
-0.45484513 -1.1433481 -0.050185367 165.35556
-0.45667309 -1.0489229 -0.046776839 175.75954
-0.43387163 -0.93214935 -0.036575202 179.64871
-0.44625944 -0.84994757 -0.023265528 172.71033
-0.4489691 -0.73962241 -0.017366607 164.43056
-0.44496298 -0.64616787 -0.026653398 166.07527
-0.44009191 -0.53442061 -0.047250155 172.19855
-0.42416772 -0.4330025 -0.031614944 168.83202
-0.47086546 -0.35141996 -0.038106333 175.40547
-0.44937536 -0.23995133 -0.042730786 170.78142
-0.43892753 -0.15092425 -0.029496249 178.36328
-0.44889092 -0.051515121 -0.050141491 171.79774
-0.4466387 0.051318411 -0.047625758 175.14714
-0.45887545 0.15516873 -0.047602266 177.03706
-0.44601837 0.24400911 -0.044160403 181.35716
-0.4543457 0.33620179 -0.033925503 182.84438
-0.443097 0.45396903 -0.048369903 176.15804
-0.44055557 0.54751766 -0.040560279 181.76295
-0.45261955 0.64293665 -0.039104033 176.6008
-0.45997405 0.74076605 -0.052313607 170.08313
-0.44826409 0.85875767 -0.051981743 167.84427
-0.4408645 0.95415771 -0.062760226 168.2314
-0.46920949 1.0426294 -0.056919362 184.01909
-0.45355588 1.1325828 -0.064448245 175.67142
-0.45899421 1.2476181 -0.053369846 168.25
-0.45368674 1.3524648 -0.054603089 175.58847
-0.4401671 1.4505303 -0.047394007 171.94444
-0.42540023 1.554849 -0.041007459 178.9043
-0.42577907 1.6488616 -0.060828734 163.009
-0.43816489 1.7260289 -0.055129338 160.33139
-0.43726471 1.8383596 -0.051310178 169.24841
-0.42784774 1.9565126 -0.059542075 161.4037
-0.44231009 2.0409653 -0.07259804 175.94444
-0.43869165 2.1275909 -0.032770839 184.94728
-0.44851118 2.2390823 -0.028562268 177.70369
-0.43606946 2.3507357 -0.031807054 172.72795
-0.44735366 2.445333 -0.028766779 168.89204
-0.44540858 2.563024 -0.029420571 161.60709
-0.44404823 2.6505802 -0.027957233 162.28146
-0.4556199 2.7459095 -0.02998949 152.54808
-0.44690746 2.8485706 -0.022091217 157.12128
-0.45815477 2.9436929 -0.035516795 149.74547
-0.4595969 3.0416915 -0.038062952 145.17778
-0.44909871 3.1477826 -0.041417379 176.46074
-0.42090192 3.2664917 -0.017635407 173.3251
-0.45134503 3.3422554 -0.02132074 175.49443
-0.47242522 3.4527967 -0.011899362 169.65385
-0.43822944 3.7814503 -0.010434097 176
-0.40060732 3.8450956 -0.015286861 170.83333
-0.4510096 3.9419742 -0.019822991 166.8
-0.44528046 -2.3866301 0.045126304 135.84047
-0.49063486 -1.2524312 0.047096569 152.39999
-0.45159003 -1.1683279 0.002344586 172.25
-0.46307743 -1.0224462 0.069011502 177.09259
-0.43998709 -0.92231631 0.0018608469 165.8
-0.44971326 -0.84874767 0.0010829353 142.5
-0.44597113 -0.75691879 0.0084420405 152.375
-0.45555231 -0.32069167 0.020362535 162.8125
-0.43403661 -0.21918438 0.0045606261 175.5
-0.49163812 -0.014742441 0.016505469 121.125
-0.49951035 0.23001759 0.0013315014 127.75
-0.47147423 0.33862403 0.046275303 148.12346
-0.42562076 0.40080455 0.042865653 179
-0.45577562 0.52628547 0.0079284832 168
-0.49469152 1.524762 0.057695907 164
-0.40861872 2.0290499 0.060241386 180
-0.42750385 2.2352483 0.051164087 145.08334
-0.41256815 2.3136914 0.045267291 158
-0.43952373 2.6211696 0.032047726 159.5
-0.44836533 2.7780161 0.015495659 182.25
-0.46004429 2.8628147 0.005354045 150.48485
-0.45056587 2.9403093 0.014018457 141.88461
-0.44768479 3.044698 0.0073349108 156.57738
-0.42980149 3.1346691 0.015643092 140.73529
-0.44428301 3.2389383 0.014292551 132.93333
-0.43910587 3.3473239 0.0087145139 167.4375
-0.47239876 3.4523396 0.0080561647 152.96429
-0.41354337 3.5489817 0.0065781786 140.16667
-0.44278431 3.6417019 0.0037640203 146.46031
-0.46235001 3.7367773 0.0060734316 154.25
-0.44967595 3.8032217 0.0047294479 174
-0.46201798 -2.07218 0.11165563 125.75
-0.49323669 -1.2473674 0.12226842 160.77777
-0.44587678 -0.97094375 0.10763398 169
-0.41850123 0.1409422 0.1188896 150
-0.41676354 2.0791345 0.15813263 151
-0.47315851 2.1655593 0.11866201 164
-0.45684674 2.2351615 0.15651387 146.5
-0.48370859 2.4865451 0.16997305 154
-0.43579203 2.8156128 0.12741451 164
-0.41705433 3.1815896 0.16500321 151
-0.39472076 -0.60247052 -0.11095335 166.06667
-0.3569406 -0.55026722 -0.10348531 165.45714
-0.32306993 -0.33136988 -0.12311601 171.65218
-0.3164309 -0.26363716 -0.10265474 175.66667
-0.33083424 0.14109673 -0.10760024 168.94897
-0.35335949 0.26752701 -0.11868329 168.97807
-0.35286212 0.36069807 -0.1251597 167.85449
-0.33926767 0.46833992 -0.12560937 167.02412
-0.36931032 0.52446187 -0.1187676 168.18494
-0.37767297 0.6944586 -0.10365103 173
-0.32899445 1.0169855 -0.11040671 171.27777
-0.35269335 -2.3406878 -0.073345602 166.50275
-0.33744681 -2.2426953 -0.036386807 175.47878
-0.35901996 -2.1575539 -0.048407972 174.28241
-0.36913028 -2.0478129 -0.050066985 174.58118
-0.36685398 -1.956609 -0.052259557 181.69675
-0.36184189 -1.8720102 -0.040262751 183.26617
-0.36839521 -1.7596757 -0.042122442 185.34895
-0.3495543 -1.6242933 -0.046427004 179.07594
-0.35134637 -1.5358323 -0.041517891 178.78
-0.35913968 -1.4553653 -0.059156287 180.22859
-0.36297852 -1.3520342 -0.039997939 172.34869
-0.36102882 -1.2385464 -0.054479208 187.25642
-0.36029461 -1.1662471 -0.058686793 190.375
-0.37371939 -1.0504981 -0.044560082 183.93333
-0.33655915 -0.93155175 -0.0038437149 162.77777
-0.359359 -0.85222208 -0.014371799 168.30484
-0.34302306 -0.75556773 -0.013318161 163.39087
-0.33351117 -0.63796985 -0.021535831 169.68752
-0.35469881 -0.56762093 -0.031317864 162.89746
-0.35753471 -0.46730551 -0.049392655 179.12117
-0.35071641 -0.35541192 -0.029248329 170.40132
-0.34761062 -0.23790552 -0.034638666 171.5266
-0.34812155 -0.15314221 -0.041810259 175.09904
-0.35947862 -0.046388578 -0.053355698 174.73302
-0.3543694 0.05976351 -0.042110056 177.45486
-0.34776637 0.15772302 -0.046350811 180.38747
-0.34876016 0.26637787 -0.043574054 179.0237
-0.33565614 0.3565394 -0.059587415 178.95613
-0.35178959 0.45100346 -0.03888863 182.74991
-0.35382062 0.54860771 -0.038557485 181.87474
-0.35631856 0.65556306 -0.047155347 182.74358
-0.35573566 0.75478852 -0.043852702 175.32072
-0.36110029 0.83828431 -0.047387335 171.92448
-0.33545735 0.95616764 -0.052167293 174.23283
-0.3595621 1.0660412 -0.059833329 173.27327
-0.35324347 1.1428046 -0.069060884 171.90649
-0.34627739 1.2698942 -0.055925269 167.49786
-0.35044888 1.3723378 -0.063639455 168.10591
-0.34901866 1.454322 -0.04614668 179.36568
-0.33907574 1.5736533 -0.046341393 168.5
-0.32985288 1.6439986 -0.05403173 170.12103
-0.3431589 1.7581481 -0.047876023 154.0498
-0.35741121 1.8555906 -0.074220732 168.69945
-0.33437148 1.9352821 -0.069583409 168.10405
-0.36178777 2.0685351 -0.04840038 178.78481
-0.34666079 2.1409385 -0.050763085 178.99602
-0.34575027 2.2491586 -0.029675646 175.37993
-0.34416547 2.3500078 -0.036229931 176.1185
-0.3566525 2.4548776 -0.033127315 174.99312
-0.3504225 2.5608723 -0.035475399 169.57993
-0.35294411 2.6555033 -0.026160864 170.70528
-0.34801069 2.7416737 -0.025258344 166.36276
-0.35110253 2.8465147 -0.022075623 151.68658
-0.35174897 2.9348187 -0.025761113 168.05283
-0.33351216 3.0459547 -0.030919053 165.01836
-0.36934289 3.1567161 -0.034003891 158.57111
-0.33936694 3.2214622 -0.030985072 170.39053
-0.36186761 3.3456702 -0.019007392 171.75557
-0.3694396 3.4489114 -0.010840926 161.88095
-0.36157727 3.5363593 -0.001304756 184.61111
-0.34207377 3.6546144 -0.016604878 144.42513
-0.34838483 3.74418 -0.01140225 179.19609
-0.32567754 3.862107 -0.015213072 175
-0.35277411 3.976676 -0.016704075 167
-0.39805415 4.0678287 -0.012950165 152
-0.30310202 4.1282473 -0.0039637838 150.5
-0.33603033 -2.0427706 0.076596014 147.30556
-0.38914567 -1.9763637 0.010486656 165.16667
-0.34052938 -0.88577509 0.0060452255 148.5
-0.34283161 -0.65796626 0.0066625616 165
-0.35691759 -0.42979643 0.014489915 134.875
-0.35117996 -0.35904881 0.027347026 151.33681
-0.31475434 -0.25450644 0.080038317 154
-0.31278935 -0.18764225 0.013511037 171
-0.3248044 -0.075853497 0.005547767 165.25
-0.32440946 0.020329963 0.0049803453 166.97917
-0.37251109 0.29743856 0.0011865619 173
-0.33128655 0.30165938 0.0053198398 138
-0.34425068 1.3387635 0.0009786546 120.88889
-0.34729123 1.8600812 0.0021144815 127.92593
-0.36465338 1.9485136 0.064784072 130.82143
-0.36927295 2.0452085 0.043409653 177
-0.3192732 2.149972 0.0048045199 154
-0.3771272 2.2200313 0.086733192 131.92949
-0.31779498 2.3193307 0.050682221 165.57143
-0.33564851 2.4218965 0.016487956 154
-0.36670691 2.5170026 0.0040477701 149.5
-0.38460413 2.7261689 0.0054952991 185.5
-0.38141167 2.8605042 0.0035286178 164.3
-0.36692423 2.9694321 0.012348908 160.13072
-0.35046455 3.0558305 0.0051946086 143.5
-0.34838924 3.1425989 0.0067325504 145.13043
-0.35086206 3.2398834 0.011211654 164.94737
-0.34084386 3.3316894 0.0056902189 171.925
-0.36933208 3.4358578 0.0098276632 155.64444
-0.32430971 3.5491865 0.010890425 144.56667
-0.35215333 3.646554 0.010764994 155
-0.32873207 3.7614455 0.0066295727 148.20833
-0.35641938 3.8506296 0.040366881 127.75
-0.33702195 0.14744069 0.14272153 138.5
-0.36405545 0.4289439 0.11902089 177
-0.3517611 2.0344276 0.12446678 128.96001
-0.3558161 2.2962382 0.12403663 122.26316
-0.35129461 2.3605995 0.11604501 147.79861
-0.30136323 3.1963272 0.11929034 158
-0.26339501 -0.55036372 -0.11499443 164.86208
-0.22927387 -0.46655896 -0.11787654 170.06061
-0.2109659 -0.37910268 -0.10416035 175.85715
-0.20056657 0.088722035 -0.10186707 182.125
-0.23807989 0.25370005 -0.12076838 173.9361
-0.22783254 0.34916189 -0.124833 172.56061
-0.24390164 0.41836083 -0.12385385 170.0351
-0.26331857 0.5245713 -0.11719698 168.62238
-0.25183859 1.7251371 -0.11585948 168.53571
-0.22404371 1.8491105 -0.10317892 168.02286
-0.22104084 1.9889842 -0.10139549 167.46988
-0.20306236 2.2176294 -0.10250673 172.9375
-0.25153536 -2.6617401 -0.0016447467 139
-0.2776581 -2.2416239 -0.08006455 175.79921
-0.25373372 -2.1501393 -0.052050855 177.71095
-0.26706967 -2.0467515 -0.042322304 182.88538
-0.28207779 -1.9524925 -0.047887556 177.5264
-0.27019012 -1.8489207 -0.048372719 179.78413
-0.26135427 -1.7482338 -0.057428069 180.53893
-0.26099944 -1.663056 -0.05397081 174.03857
-0.24707727 -1.5644788 -0.05008911 182.13333
-0.28167772 -1.4597054 -0.042024042 167.14751
-0.2410288 -1.3665494 -0.048678529 168.8252
-0.25499946 -1.278301 -0.067349955 186.46666
-0.23223792 -1.135819 -0.057812907 191.14584
-0.28002632 -1.0588384 -0.032287106 186
-0.25961429 -0.95228839 -0.020929467 174.06111
-0.2275897 -0.86233675 -0.014291869 170.13959
-0.24382304 -0.74725467 -0.016319552 176.68889
-0.24982777 -0.65941745 -0.018525284 177.59999
-0.24253412 -0.53985536 -0.013847573 175.94376
-0.24965969 -0.4545891 -0.036808811 172.5
-0.23857346 -0.31773981 -0.028484797 176.36
-0.24107033 -0.26127952 -0.022907002 168.95999
-0.26271918 -0.15704988 -0.033255897 174.18588
-0.25221363 -0.049785614 -0.042120758 177.55968
-0.25577614 0.03931528 -0.040113047 177.45769
-0.25885358 0.15062666 -0.058284078 175.78709
-0.2490956 0.24471997 -0.041793134 179.28969
-0.25741979 0.36624947 -0.061293337 175.73672
-0.25550687 0.45641291 -0.042519074 180.50258
-0.24764237 0.5543732 -0.046170801 179.8739
-0.25882876 0.65018654 -0.043933269 182.53018
-0.24534243 0.73661178 -0.05244448 181.13026
-0.23943876 0.85679853 -0.047917128 179.90601
-0.2621271 0.92629319 -0.041426674 177.94374
-0.25126001 1.0500016 -0.061989024 174.25536
-0.24536864 1.1540709 -0.057684723 174.54536
-0.25198129 1.255488 -0.049517658 173.34285
-0.25855145 1.3397521 -0.04185297 183.15259
-0.25063387 1.4438541 -0.05866915 182.21629
-0.23625587 1.5346888 -0.059989028 179.49738
-0.24195302 1.6458371 -0.058209166 175.48262
-0.23735251 1.774201 -0.077129558 171.92487
-0.26310435 1.8386462 -0.089274541 168.77014
-0.26789707 1.951516 -0.054804355 174.69882
-0.2592473 2.0474312 -0.051746938 183.7346
-0.24315263 2.1486406 -0.056060359 172.71457
-0.24427272 2.2564194 -0.045497525 174.29936
-0.2481446 2.3546534 -0.039221179 173.93028
-0.24801163 2.4445739 -0.040013868 169.45348
-0.24595508 2.5495343 -0.040045787 169.65511
-0.24079727 2.6362824 -0.034009233 168.69398
-0.2480047 2.732969 -0.035565268 160.43967
-0.25205487 2.8368275 -0.026635468 154.66313
-0.25876564 2.936852 -0.028111976 151.42529
-0.26185018 3.0380855 -0.038961314 154.01022
-0.25036466 3.1518319 -0.037354566 167.12611
-0.2641097 3.2481995 -0.03760016 169.24319
-0.2221344 3.3111117 -0.015930267 163.57936
-0.22818021 3.47276 -0.033566199 144.67778
-0.24749292 3.5656633 -0.045936376 152.16666
-0.23618852 3.6499431 -0.010843772 167.06667
-0.20216963 3.7717602 -0.027061703 172.95833
-0.2155752 3.8698852 -0.013283182 175.13333
-0.22759789 3.9373031 -0.0082913246 156.61111
-0.29065573 4.0618796 -0.010843788 158.2
-0.22454821 -2.5871117 0.0027349785 148.5
-0.22309202 -0.94539857 0.009029204 152.5
-0.28719786 -0.79076248 0.0061360681 159.75
-0.24862358 -0.67575186 0.0043298476 169.8
-0.2389321 -0.53213298 0.0057741315 171.25
-0.24036442 -0.46429536 0.023285195 159.3611
-0.23387818 -0.32903883 0.0073845382 165.75
-0.22677413 -0.23908256 0.048220076 158.23579
-0.27517664 -0.16437395 0.0065789348 163.52083
-0.24124786 -0.03439144 0.0085957535 161.42857
-0.28096128 0.077300109 0.028337216 138.83334
-0.2493495 0.13810952 0.030458735 158.5204
-0.24656893 0.2647616 0.0082706045 162.14999
-0.24600939 0.37247321 0.01602363 176.26666
-0.27943766 0.42915955 0.0047060694 174
-0.24735172 1.0810616 0.018372163 162.08333
-0.29201487 1.1100882 0.077044696 171.60001
-0.20805208 1.293185 0.084389977 125.85714
-0.24629515 1.3175271 0.04948708 131.38716
-0.26882464 2.132591 0.07408224 125.89285
-0.28577405 3.0254495 0.00060343713 147
-0.2754598 3.1342304 0.006178115 136.3
-0.26783687 3.2388163 0.0066690915 134.97501
-0.26591137 3.3495188 0.015861081 165.0139
-0.26756293 3.4535098 0.010095065 157.45512
-0.23934512 3.5546198 0.015701441 159.60001
-0.26566267 3.6743274 0.026780164 143.2
-0.28706837 3.8443055 0.0027371936 153.66667
-0.20384574 3.9523439 0.002871735 128.66667
-0.29864946 4.0587234 0.015709061 123
-0.23649015 4.1680007 0.0080297776 115
-0.20028912 4.2292051 0.010841356 114
-0.25948647 -0.2267741 0.10698001 152
-0.29323098 -0.19216058 0.12503551 154.2
-0.29049751 0.15440713 0.12500699 152.16071
-0.24495721 0.29818052 0.10620927 131.32143
-0.28686938 0.36772808 0.15693527 159
-0.24447025 3.3661904 0.10420659 178.8
-0.18470037 -0.53723657 -0.11149106 173
-0.14118461 0.16282703 -0.10075668 181.7
-0.1531222 0.36074233 -0.1114722 173.86809
-0.1456088 0.45597121 -0.13364263 172.2121
-0.15973222 0.55221212 -0.11929676 174.11385
-0.18442293 0.64869565 -0.11074264 168.08104
-0.10507575 0.73030472 -0.12745322 167.87097
-0.11791195 0.84066463 -0.11353444 165.3548
-0.15548533 1.6249543 -0.1063059 173.56339
-0.19881272 -2.5072579 -0.011571148 161
-0.14828531 -2.3666892 -0.0050623002 176
-0.18857922 -2.2435381 -0.099144921 168.17741
-0.15887401 -2.1789482 -0.056996129 184.08344
-0.17472011 -2.0623212 -0.026186759 186.43333
-0.14765692 -1.9414983 -0.048818331 181.17807
-0.14462857 -1.8467294 -0.063196406 176.87508
-0.17871112 -1.7402066 -0.049679138 187.04166
-0.15291248 -1.6611309 -0.053567916 186.91177
-0.16380304 -1.5705343 -0.050356667 187.03157
-0.156681 -1.4632837 -0.05482661 179.76579
-0.19210559 -1.3955444 -0.065635249 186.35715
-0.16964768 -1.2533251 -0.068912543 170
-0.16031909 -1.1684443 -0.067385107 187.75
-0.11686294 -1.0589994 -0.056975555 192.37776
-0.15098953 -0.96229339 -0.019790486 171.8125
-0.14956126 -0.86827552 -0.037052158 178.27779
-0.14326389 -0.74573523 -0.015522395 177.22142
-0.15313202 -0.63836777 -0.017886588 177
-0.15512201 -0.5508703 -0.022787655 176.21089
-0.14233935 -0.45636699 -0.024456466 175.86072
-0.15268989 -0.37834281 -0.074641429 158.4375
-0.15443918 -0.24755144 -0.046010539 177.8618
-0.15264784 -0.15371896 -0.038721986 183.76317
-0.15421139 -0.048473895 -0.04418385 181.62257
-0.15635537 0.055737808 -0.044235028 175.43781
-0.15247998 0.15336101 -0.044691246 177.96693
-0.14874282 0.25785217 -0.051043868 177.49327
-0.15255216 0.3598851 -0.037399571 178.53159
-0.14713091 0.44445175 -0.040606353 178.44585
-0.14873016 0.55014199 -0.044538081 180.39709
-0.15166198 0.64287478 -0.043613981 184.2475
-0.14888515 0.76028776 -0.049427375 188.5218
-0.14540525 0.86309999 -0.057589892 195.25826
-0.15133214 0.95417958 -0.053195175 181.15976
-0.1491752 1.0546519 -0.064410239 165.74722
-0.16130312 1.1512781 -0.057847343 179.80765
-0.14430514 1.2489129 -0.055347048 180.83829
-0.1428438 1.3477322 -0.052094929 187.68877
-0.14499906 1.4485806 -0.054793861 187.33682
-0.14196038 1.568437 -0.050280031 189.11133
-0.13028452 1.6277165 -0.048330195 179.261
-0.15702666 1.7535514 -0.06615258 173.89995
-0.15504245 1.8450243 -0.076261736 166.13179
-0.18143545 1.9097372 -0.069279715 167.96001
-0.16597164 2.053844 -0.053021241 174.84695
-0.15544014 2.1552453 -0.046736255 179.52739
-0.14273348 2.2495 -0.043757409 177.28792
-0.15333678 2.344491 -0.043456443 172.66466
-0.14099719 2.4527953 -0.043078255 167.43933
-0.14374277 2.5463424 -0.039928611 167.44771
-0.13734478 2.6398816 -0.030397037 168.03925
-0.13568437 2.746547 -0.032515988 171.74292
-0.14510316 2.8553267 -0.027420668 156.07729
-0.15464975 2.9548693 -0.032343835 154.03578
-0.14940986 3.0496593 -0.046539325 165.96135
-0.14293866 3.1570208 -0.042403065 164.05287
-0.15451729 3.2562442 -0.031560779 164.45389
-0.14289211 3.3619132 -0.045115922 157.82533
-0.10869961 3.4362497 -0.047744613 149.41406
-0.13706483 3.5522041 -0.020047376 150.96078
-0.12035448 3.6660123 -0.015360578 153.86047
-0.1562053 3.7752995 -0.017524386 165.23865
-0.11352836 3.8548803 -0.0070676138 152.53333
-0.1892307 4.0480108 -0.0070308289 159
-0.19751173 4.1567073 -0.0051875878 145
-0.19987203 -2.5168538 0.0024494824 157
-0.16806789 -2.426363 0.0022438786 168
-0.13985847 -2.3469009 0.0037981637 177
-0.10438123 -2.2468801 0.0056005069 178.16666
-0.18563874 -0.98003596 0.0020332916 149
-0.18675531 -0.87127268 0.0038746328 158
-0.12312406 -0.7726233 0.007339051 168
-0.17150818 -0.65501988 0.004448792 169
-0.16171136 -0.57043779 0.00041173238 168.83333
-0.13058649 -0.43894446 0.006227823 166.97916
-0.14451082 -0.38342559 0.046922538 168.5
-0.1815666 -0.22123989 0.029899783 137.37534
-0.16368617 -0.13417357 0.025651284 147.94444
-0.15975137 -0.012092994 0.0057420288 159.91666
-0.16901909 0.14122318 0.017495524 151.47221
-0.15345548 0.25643164 0.031256456 163.31157
-0.18108867 0.32833427 0.047772493 161.63333
-0.10577238 0.45310453 0.065998882 168
-0.13068561 0.54137814 0.060828064 146.68333
-0.15508202 0.63074154 0.037501466 125.58333
-0.17995238 1.2632458 0.035831414 165
-0.12461133 1.32566 0.055566136 138
-0.18880588 2.7295177 0.00031870088 187
-0.1686886 2.9506764 0.00092909677 160.33333
-0.15682618 3.0810485 0.001503655 136.66667
-0.16747952 3.1782136 0.002980354 131.25
-0.14473154 3.234128 0.0056370394 135.71739
-0.15277047 3.3535035 0.003463418 161.03462
-0.1195867 3.4452167 0.0093158633 157.65555
-0.15098676 3.5237801 0.0094877249 147.33333
-0.17165919 3.6233854 0.014982155 142.175
-0.17799127 3.7398946 0.014507005 130.41667
-0.17959554 3.8539622 0.017709374 119.33334
-0.14058867 4.0343132 0.0036830318 114.5
-0.19609255 4.1659675 0.0033130634 143
-0.16454445 -0.37578073 0.11804142 161
-0.155746 -0.26737183 0.14307334 148.66666
-0.16293178 0.18291128 0.11831491 165.5
-0.12017618 0.2474822 0.16795094 148.5
-0.17711759 0.31732166 0.14106657 174
-0.19289662 2.3501704 0.15988515 131
-0.045534808 0.16992299 -0.10439873 167.07053
-0.087252721 0.25578395 -0.10241572 181
-0.049488764 0.34993255 -0.10470549 181.42857
-0.040338065 0.45440558 -0.10308976 176.55814
-0.052977569 0.54648215 -0.11689915 176.77594
-0.070507683 0.63891679 -0.11809488 176.12222
-0.052850455 0.74226308 -0.11014467 169.67416
-0.046657111 0.88946104 -0.10814746 165.125
-0.01771844 1.6735605 -0.10511615 173.86208
-0.076938227 -2.5445347 -0.006239553 160
-0.046083979 -2.4069381 -0.0061806398 174
-0.047137611 -2.3564248 -0.032870393 174.14584
-0.055154253 -2.2579603 -0.0376525 175.31964
-0.034293406 -2.1476793 -0.059064019 186.125
-0.035736524 -2.0380204 -0.045495152 179.0854
-0.039431103 -1.9339187 -0.071278088 181.55507
-0.045852859 -1.8133698 -0.085543007 181.06923
-0.071644127 -1.7506651 -0.061838206 185.82184
-0.088234216 -1.6375107 -0.063379124 183.87234
-0.067686796 -1.5457187 -0.05497798 185.03911
-0.079190828 -1.4305234 -0.062961519 178.01295
-0.0621185 -1.3495426 -0.067411795 178.5
-0.025622981 -1.1991116 -0.076778024 196.16667
-0.027131075 -1.072086 -0.060215972 192
-0.057990298 -0.94461143 -0.043551568 182.05554
-0.056432854 -0.84225947 -0.031384923 180.82143
-0.05926713 -0.77128804 -0.024862539 172.56189
-0.047589041 -0.65935177 -0.031195654 172.69238
-0.040462852 -0.54707104 -0.013769873 177.38472
-0.049248576 -0.45434541 -0.031023368 180.43048
-0.038810942 -0.37546608 -0.019192129 182.65628
-0.03898013 -0.24607593 -0.044328909 177.37315
-0.04987425 -0.14648758 -0.040545437 178.54955
-0.047806539 -0.056954585 -0.053520188 181.06734
-0.05851863 0.050870817 -0.048235148 175.98889
-0.049481571 0.15534934 -0.05000294 175.85272
-0.061658077 0.25230414 -0.049045701 174.84442
-0.040687136 0.36421794 -0.054405726 175.76477
-0.048192471 0.45786035 -0.041473672 178.96609
-0.047273591 0.54897368 -0.037231416 182.44225
-0.049497854 0.6453917 -0.055766094 184.31927
-0.041602779 0.74438661 -0.046284225 186.95236
-0.048174687 0.84442937 -0.04969066 188.9516
-0.056811009 0.94922608 -0.054350995 185.54698
-0.05860094 1.0603296 -0.06900575 181.39684
-0.055087067 1.1528482 -0.061045215 183.89294
-0.049237624 1.2716731 -0.055263322 186.10951
-0.042125877 1.3728752 -0.04859044 183.59985
-0.049305625 1.4663318 -0.057799395 187.1187
-0.05235289 1.5535921 -0.046093464 183.14806
-0.052328024 1.6550819 -0.056679003 179.35522
-0.045435257 1.7213573 -0.05324205 178.0565
-0.058707792 1.8147753 -0.073799565 171.16907
-0.043539945 1.9536335 -0.067063116 178.86464
-0.063748635 2.0407767 -0.055373792 179.347
-0.053681538 2.1446164 -0.034106102 182.97208
-0.044604395 2.2552006 -0.037773956 176.47511
-0.070522293 2.350425 -0.035077937 167.7755
-0.043186732 2.4559295 -0.047653265 174.62163
-0.047891058 2.5496848 -0.034417052 175.0715
-0.039108727 2.6570318 -0.029636933 176.87206
-0.044282906 2.7463515 -0.02810853 169.71928
-0.051601414 2.8436561 -0.03522341 163.6552
-0.051993512 2.9397252 -0.029219111 159.68869
-0.043463446 3.0403998 -0.024501838 150.26036
-0.048512366 3.1475785 -0.024739193 163.40659
-0.042120215 3.2406073 -0.021978285 163.88583
-0.050577015 3.3532104 -0.022462398 162.59723
-0.034469616 3.4468672 -0.046954706 146.9003
-0.021966204 3.5372763 -0.033323284 144.22223
-0.015433592 3.6682198 -0.035505082 164.67567
-0.03107374 3.7644753 -0.018015139 155.05334
-0.027374346 3.8896127 -0.0078972206 172.2
-0.08103627 3.9397526 -0.0030017528 150.55556
-0.049007796 4.03332 -0.0068828305 156
-0.086400807 4.1219988 -0.00036301691 126.5
-0.093000457 -2.6203442 0.0012397091 147
-0.050460227 -2.4324822 0.004543399 169.33333
-0.023478346 -2.3101232 0.0010381989 181.5
-0.00070236222 -2.2124865 0.008182737 179.33333
-0.061220728 -2.1340799 0.026677864 174.5
-0.039807688 -2.0694852 0.018821482 174.25
-0.034016892 -1.8192285 0.068280026 174
-0.078081265 -0.94640344 0.0077650859 154.66667
-0.036305051 -0.86224663 0.0032853864 162
-0.039878663 -0.78460103 0.0045893341 165.33333
-0.02712998 -0.66841543 0.01220783 163.91666
-0.04815894 -0.56157434 0.011559854 174.04443
-0.059442542 -0.47475755 0.0035126784 172.5
-0.047098696 -0.36925229 0.012759063 172.47916
-0.047558695 -0.27263603 0.031601302 158.33333
-0.0089618079 -0.12860286 0.0085525606 188.5
-0.027375478 -0.011767189 0.014516007 181
-0.069486067 0.24331528 0.063064419 168.53572
-0.08360178 0.33425158 0.031029552 157.87999
-0.013916467 0.48628008 0.054393221 194
-0.073079832 1.3033431 0.014302484 152.5
-0.062296946 2.3185179 0.0015696764 137
-0.010558635 2.5752277 0.022333417 180.33333
-0.0436914 3.0203042 0.060095105 134.61765
-0.032871854 3.1443787 0.029683391 126.76867
-0.054965004 3.2594955 0.0062337499 157.94446
-0.028450031 3.351758 0.0060964478 150.5
-0.040891524 3.4273067 0.0092294877 162.58888
-0.047728732 3.5505059 0.01103107 145.73413
-0.062450636 3.6461005 0.01520362 141.03333
-0.049735218 3.7640448 0.017641878 130.425
-0.040818203 3.84553 0.012720586 150.60001
-0.014649344 3.9431829 0.0052833119 127.83334
-0.090044565 4.0561385 0.0039714202 152
-0.082595088 4.180512 0.0083798207 135.33333
-0.080253154 4.2639832 0.00085976539 130
-0.083885901 -1.9423983 0.18500134 164
-0.0035075841 -0.57638609 0.1569721 138
-0.099757634 -0.33225259 0.10317038 151
-0.073731437 -0.25322115 0.15283673 143.7
-0.015803169 -0.19453606 0.17687352 130
-0.031143922 0.16566701 0.14352012 172.33333
-0.05293034 0.22917524 0.15978646 157.5
-0.059052926 0.4412097 0.11618888 146.375
-0.052722286 1.0439916 0.13891675 152
-0.0088385306 1.3203759 0.13176425 150
-0.027358551 3.0335727 0.10388754 124.125
-0.019309802 0.17849654 0.20327951 162
0.06319952 0.14884941 -0.10315294 168.22963
0.011136523 0.47186884 -0.11669996 165.175
0.035677202 0.57893264 -0.1223865 166.29897
0.031947963 0.62448615 -0.11726269 166.45631
0.075940661 0.80398214 -0.10638026 181.52632
0.086181052 1.7925998 -0.10557732 173.5
0.067861035 2.4881456 -0.10297713 158.48311
0.050118294 2.5336139 -0.10837266 163.0168
0.079901114 -2.6558101 -0.012506028 189
0.069086343 -2.5436513 -0.040120773 191.44446
0.036020394 -2.4511347 -0.043967068 185.44897
0.038783867 -2.3562768 -0.04718183 181.50249
0.025638213 -2.2619956 -0.052912582 179.06543
0.056338675 -2.1563542 -0.054595977 178.57777
0.041732717 -2.017823 -0.03373656 174.64285
0.057042565 -1.9643289 -0.045149852 182.27478
0.044026788 -1.8494407 -0.060452104 177.04663
0.055817518 -1.7339553 -0.054521441 173.7849
0.065346159 -1.6411872 -0.056404769 175.7132
0.040615778 -1.5450202 -0.061159514 182.15974
0.041675113 -1.4806978 -0.061388697 166.09259
0.052949145 -1.3690258 -0.067999549 174.83749
0.083472356 -1.2770157 -0.073538259 183.33334
0.087184124 -1.1240187 -0.084810592 200.2
0.014644688 -1.0224668 -0.066112541 197.25
0.060942017 -0.973858 -0.030522071 174.56946
0.050383814 -0.84595168 -0.025990296 177.41666
0.05394949 -0.75319356 -0.031912774 175.52565
0.044789102 -0.65981889 -0.027442086 178.78958
0.042951722 -0.565054 -0.034529537 177.27748
0.054255083 -0.44444042 -0.031667937 176.06271
0.061467934 -0.35902059 -0.041233938 175.72174
0.049721185 -0.23961098 -0.045714375 179.02036
0.054641228 -0.13301839 -0.05390422 176.30278
0.043269165 -0.046839785 -0.051105723 175.42186
0.055420831 0.05689045 -0.060133316 173.75896
0.045401383 0.16115597 -0.052181792 174.13884
0.053118207 0.24940658 -0.050631445 174.83353
0.048427142 0.34793913 -0.045935847 178.63443
0.0551898 0.45155796 -0.053667374 178.74739
0.042713203 0.54704094 -0.049565181 180.74184
0.051196542 0.65637702 -0.047668934 187.39413
0.044151686 0.74698639 -0.05045763 187.12106
0.067383945 0.8434968 -0.052074328 183.83594
0.043129705 0.947891 -0.060116474 182.37747
0.030983835 1.0488945 -0.059973057 180.69577
0.046905808 1.1485844 -0.046977822 176.11548
0.037129793 1.2465078 -0.049826972 185.90085
0.062503189 1.3597054 -0.045946751 186.19879
0.048946477 1.4385276 -0.04542904 184.32056
0.057838213 1.549224 -0.056259848 180.07474
0.048735477 1.6424406 -0.051088613 175.36797
0.044246741 1.7579581 -0.048110973 169.86002
0.037049428 1.8377692 -0.066405021 166.49742
0.077921256 1.9403911 -0.036733758 176.70369
0.04166799 2.0522637 -0.035112608 189.02777
0.041748315 2.1446207 -0.060561836 174.27959
0.048416346 2.2744367 -0.032490138 189.375
0.043056469 2.3564236 -0.045537312 176.74803
0.04598067 2.4465795 -0.026950782 180.56438
0.057138395 2.5591178 -0.032793995 176.87447
0.054227017 2.6574907 -0.026650824 171.1554
0.054305743 2.7482123 -0.027154332 163.58075
0.052442335 2.8474145 -0.035321664 156.40527
0.050120372 2.9419167 -0.031038258 166.04515
0.070561133 3.0437729 -0.02843561 163.30771
0.050801814 3.1411476 -0.030592505 152.85417
0.021764265 3.2520347 -0.027085459 153.74001
0.0516099 3.3601139 -0.03383017 134.5
0.054066077 3.4527221 -0.028816048 152.8782
0.07195513 3.5739093 -0.0445957 152.53571
0.054832362 3.6556132 -0.025308792 165.60713
0.053882703 3.7846541 -0.017013544 146.11667
0.070301726 3.8665092 -0.006220398 145.68889
0.084436089 3.9952629 -0.0010104054 151.25
0.087432519 4.0106568 -0.0084475884 154
0.015310559 -2.141149 0.0084389718 173.2
0.029147616 -2.0782728 0.0064672963 177
0.025552329 -1.8055238 0.092357449 133.625
0.019680528 -1.7465218 0.080704309 133.55556
0.041169815 -1.6533093 0.038171563 122.82353
0.0098384572 -1.0044229 0.015072205 171
0.035160489 -0.94443315 0.05255381 149.88887
0.057925459 -0.86445904 0.016920842 165.6111
0.019376609 -0.7458691 0.0057435744 169
0.064385436 -0.64167571 0.0066333083 177.16667
0.019172156 -0.55569094 0.03057478 174.22223
0.01681504 -0.34204254 0.01157184 178.26666
0.067693271 -0.25164464 0.063383207 164.37038
0.079833634 -0.19769271 0.092154063 140.8889
0.073517226 0.17827094 0.087391138 147.2
0.054111186 0.221609 0.042577811 176.90625
0.06519407 0.34161755 0.032395788 150.5
0.022675905 0.44458672 0.070419334 191.5
0.078786299 1.0395647 0.04680714 175.33333
0.087072395 1.187604 0.041796576 160.29999
0.020892117 2.3580306 0.064393558 165.83333
0.063093118 2.5808613 0.026886424 184
0.069357954 2.7724319 0.062775619 126.47902
0.085584968 2.8395724 0.098963723 125.8
0.013391792 3.0102239 0.00071447215 190
0.062564991 3.1890793 0.061069526 134
0.014571002 3.2375431 0.0042550098 137.58333
0.068698369 3.3389788 0.0088179316 145.97778
0.0781978 3.4054575 0.004369271 149
0.097379342 3.5366867 0.00053723925 138.66667
0.02703057 3.6183219 0.00855547 128.625
0.089441851 3.7620206 0.00180706 127.4
0.044441484 4.0613475 0.006907281 143.45
0.028265517 4.1674871 0.013561221 134
0.047589552 4.2734399 0.014307956 128
0.02719154 -1.823193 0.14182423 124.85714
0.0090003107 -1.7725081 0.11679821 136
0.0250684 -0.50614601 0.10255565 131.5
0.07133048 -0.20955759 0.12695444 135.17484
0.076099895 -0.19095267 0.12503219 127.46154
0.055598781 0.17506689 0.13591284 129.5714
0.024438536 0.20910114 0.13032711 146.625
0.016721325 0.38935184 0.12232833 156
0.07484778 0.92979795 0.12778127 127
0.019409649 1.0199695 0.16238485 126
0.0089240484 2.3505988 0.12063947 136.11539
0.083889186 2.4397709 0.12358845 153
0.033239208 2.6128848 0.1190616 166.5
0.08887393 2.9221654 0.12910345 124.55556
0.058236595 3.0682909 0.15423205 130
0.090784498 3.2119148 0.15276013 131
0.014185179 -0.23135772 0.20478167 127.375
0.13084793 -0.30407804 -0.11087408 166.09525
0.15789877 -0.1953374 -0.11893062 167.03149
0.15485157 0.26954356 -0.10064654 170.74074
0.11927586 0.39589113 -0.1047745 172.8125
0.12600517 0.62631762 -0.10864902 165.65547
0.1842614 -3.1345158 -0.014013712 145
0.19475786 -2.8546276 -0.029479265 197.75
0.13370517 -2.749975 -0.018690765 194.25
0.15004644 -2.6747458 -0.024765817 190.9375
0.14415503 -2.5450087 -0.037327398 190.1954
0.14384542 -2.4640172 -0.033702355 189.19879
0.16524963 -2.3619061 -0.029596455 190.25
0.12379472 -2.256191 -0.042536214 182.0038
0.15924363 -2.1059294 -0.04404572 178.68666
0.13501586 -2.091733 -0.059565846 188.41936
0.13552511 -1.9302289 -0.053700581 176.82001
0.14839125 -1.8428587 -0.05282921 172.35376
0.13799094 -1.7629926 -0.054662988 167.68359
0.11699387 -1.6343898 -0.06825427 184
0.14662173 -1.5149666 -0.047395587 175.12277
0.11755203 -1.4726278 -0.05518901 180.29761
0.13636939 -1.3571451 -0.079260133 199
0.12793428 -1.2207268 -0.076068766 190.2
0.10689881 -1.118389 -0.070039652 195.25
0.11457339 -1.0053122 -0.068137929 195.8
0.15930727 -0.96664327 -0.027672274 170.73811
0.16231987 -0.85279804 -0.023844322 179.74619
0.14283603 -0.73985267 -0.031271432 177.00749
0.1453262 -0.64604139 -0.030833833 182.4577
0.1527226 -0.55755663 -0.017284291 187.14642
0.13427031 -0.4588024 -0.044995628 181.75719
0.14881608 -0.35101306 -0.044738431 176.89401
0.15195569 -0.26166719 -0.055238709 169.28705
0.14318278 -0.15224656 -0.056708053 171.51234
0.15032354 -0.051942315 -0.047790539 172.40381
0.13433491 0.064449683 -0.040510289 171.43423
0.14576201 0.15300782 -0.05335141 175.44241
0.13698256 0.25608146 -0.046899933 173.96071
0.14109896 0.34257036 -0.050547831 178.56943
0.15078168 0.44663882 -0.054819424 182.21472
0.1519317 0.55394685 -0.047846064 184.75276
0.13950081 0.6434027 -0.051731549 189.98392
0.14573616 0.73558182 -0.052406952 179.84518
0.15331826 0.84928095 -0.057557862 180.20364
0.16258229 0.94702733 -0.051148228 183.02345
0.13833347 1.0513258 -0.068182722 178.06612
0.13815005 1.1485407 -0.061029769 185.62029
0.14458899 1.2637578 -0.053672846 193.55655
0.15655918 1.3675002 -0.048831724 189.04364
0.15934472 1.4680456 -0.055962283 185.52757
0.17996189 1.5628072 -0.049167968 175.07324
0.14317954 1.6489381 -0.052727968 175.11938
0.15519142 1.7717797 -0.053427249 168.23833
0.14157671 1.8571299 -0.041737467 165.85333
0.17119864 2.0563662 -0.035172228 182.29166
0.15649556 2.1492321 -0.027837286 181.2
0.13685089 2.2495315 -0.056680288 169.40935
0.14319399 2.3485577 -0.043261711 178.07054
0.13741504 2.4412167 -0.043820739 173.43002
0.15226679 2.5561497 -0.039311238 172.42146
0.14582972 2.6503258 -0.040547557 170.08534
0.15110369 2.7492309 -0.034016397 169.1185
0.16346531 2.8610837 -0.035084702 160.96605
0.14352041 2.9620688 -0.037865907 163.45337
0.15611963 3.0546615 -0.0243965 154.45
0.13248925 3.1586816 -0.022261847 152.77272
0.18346456 3.2276077 -0.040630013 134.5
0.14499158 3.3589516 -0.02958486 132.33334
0.13579237 3.4734533 -0.035426985 145.075
0.16463144 3.5879397 -0.036920805 179.19286
0.16010489 3.6717274 -0.021253491 153.79167
0.16792454 3.7582319 -0.018212266 158.85446
0.13016857 3.8515885 -0.014241639 170.33333
0.17834319 3.9855404 -0.010014092 144.33333
0.18153718 -1.8297148 0.0063002459 146.88235
0.10071758 -0.83717394 0.0008097525 166.66667
0.12447879 -0.75385594 0.0083250487 173.85001
0.16062593 -0.65618962 0.0022478865 183.60001
0.16219191 -0.55920029 0.012728983 195.5
0.1157366 -0.32910416 0.0039008388 198.25
0.13046828 -0.21782511 0.058680445 143.14969
0.15930204 -0.17502396 0.042130511 142.48366
0.13913253 0.17063019 0.050278023 142.9597
0.14739534 0.2362929 0.043188579 145.47403
0.17253652 0.41995981 0.024416264 178.66667
0.14378817 0.89956045 0.068659678 134.89999
0.17938818 0.9390558 0.027039031 160
0.11035276 1.9052685 0.0078562768 127.42857
0.18198706 2.2728245 0.042345088 142.16667
0.16100125 2.7735744 0.034414139 137.91666
0.10876601 2.8851337 0.052033912 139
0.18975148 2.9164486 0.007342421 161.66667
0.14670837 3.0715678 0.013318002 125
0.14718497 3.1762815 0.00049020222 113
0.13472496 3.2100267 0.0090032695 146.09091
0.16779423 3.3689783 0.0037407915 149.33333
0.15681322 3.4746995 0.032498498 139.15384
0.13102309 3.5468493 0.0058634374 135.79166
0.12632822 3.6047161 0.0092715584 125.5
0.15430699 3.8822126 0.006425038 131
0.18509173 3.99417 0.0011619008 143.75
0.14658926 4.1409683 0.0087147998 136
0.17489019 4.2728672 0.011158251 128.25
0.12994371 -0.21050145 0.10638966 122.33333
0.10827963 -0.19463183 0.11295387 126.125
0.15157829 0.3600477 0.12028 133.02084
0.12378013 0.92468303 0.10338701 133.33333
0.18340082 2.9918129 0.13699684 143
0.2192544 -0.29962289 -0.10895994 165.61069
0.20677955 -0.19800472 -0.11748365 166.86081
0.24929242 -0.016147198 -0.10182584 171.75676
0.2470489 0.087890409 -0.10404396 170.83333
0.27717784 0.16302697 -0.10265182 168.48387
0.27037698 0.27565166 -0.10601864 124
0.21774133 0.34051999 -0.10112891 133.5
0.20370147 -3.1146734 -0.023889432 152.5
0.2628077 -3.0457296 -0.026798433 162.25
0.26806089 -2.8003018 -0.032945555 197.5
0.22390346 -2.7749863 -0.034314066 196.25
0.25237867 -2.5564969 -0.032138489 195.29286
0.25310785 -2.4486997 -0.034795541 195.5
0.25161418 -2.3446171 -0.03938663 188.53333
0.21822742 -2.2721753 -0.039045695 185.31746
0.25054702 -2.1782618 -0.0475237 184.09979
0.23408371 -2.0319138 -0.048192408 180.72113
0.28247365 -1.9258674 -0.059474301 176.66858
0.26165846 -1.7527324 -0.056130555 173.99702
0.27782986 -1.6466233 -0.059709363 184.35555
0.21997325 -1.5760419 -0.064293355 198.875
0.22161095 -1.470744 -0.057163369 167.71674
0.23071086 -1.3522547 -0.060444836 174.06822
0.23328993 -1.2384113 -0.047671378 176.53226
0.24752229 -1.1489449 -0.053808115 188.97223
0.21287982 -1.0238768 -0.079463147 193.47501
0.27463439 -0.94875818 -0.030774394 168.66667
0.2408255 -0.85056198 -0.034296934 180.00249
0.23459479 -0.75690407 -0.029480264 184.99756
0.24262747 -0.63393289 -0.025660325 187.64458
0.25229472 -0.5499481 -0.022346279 188.23793
0.2410855 -0.46759084 -0.041600674 183.25162
0.24538988 -0.35359097 -0.049900793 176.07607
0.24421224 -0.25856894 -0.056965545 171.06108
0.25110716 -0.15300524 -0.048450477 164.88599
0.25303695 -0.054305058 -0.057471976 172.26321
0.24690589 0.064672433 -0.052481133 175.16997
0.24467508 0.14368299 -0.046495363 174.86382
0.22992948 0.24535549 -0.049422223 176.37648
0.25101665 0.35530201 -0.047400724 177.48938
0.24884461 0.45750761 -0.049426399 171.89134
0.25053099 0.54474759 -0.043349944 185.47682
0.24650224 0.63985097 -0.047369864 183.30003
0.23859692 0.73782313 -0.052923281 186.32857
0.24185395 0.85180259 -0.05663595 178.99088
0.24652329 0.95973939 -0.061805964 178.58943
0.2519871 1.0553054 -0.055435382 178.69693
0.25315675 1.1564778 -0.060114007 183.28575
0.25962284 1.2444066 -0.056505468 191.58864
0.24444412 1.353532 -0.046734337 182.70892
0.25437826 1.4458649 -0.049221188 183.59903
0.24638365 1.5514183 -0.05842026 182.86378
0.25706545 1.6592162 -0.052791879 177.52911
0.26032078 1.7473816 -0.067601167 185.44212
0.2486676 1.8351202 -0.039180264 172
0.22633629 1.9526522 -0.035385519 178.66983
0.25405684 2.0765584 -0.034697715 188.60001
0.2562837 2.1350212 -0.038346346 181.58182
0.23732243 2.2160182 -0.028385002 184.2
0.25177002 2.3703971 -0.037058841 173.29404
0.22346245 2.4499028 -0.040814877 176.10851
0.25683147 2.5433733 -0.035040691 163.0867
0.24971454 2.6553621 -0.041769203 164.66774
0.25252229 2.7688134 -0.039672472 167.17125
0.24809214 2.8738823 -0.034722216 162.38179
0.25253978 2.9561846 -0.030761674 153.31667
0.24050443 3.0497835 -0.016705712 139.52354
0.27853209 3.1109517 -0.049257711 130.66667
0.26795986 3.2433524 -0.045528822 129.75
0.25225857 3.3803282 -0.0446724 133.5
0.23568547 3.4461243 -0.029540157 159.25
0.23667581 3.550679 -0.035440423 150.61111
0.26922807 3.6646061 -0.022607982 172.24094
0.23122147 3.7362602 -0.020349596 154.66667
0.2575179 3.8129308 -0.016838366 189.5
0.23590665 3.9366252 -0.030207124 190.04166
0.26475102 -1.7362982 0.070158154 164.53125
0.21135177 -0.86668181 0.0088463938 171.5
0.28324533 -0.76156473 0.0053087282 134
0.23811661 -0.64395458 0.0043384633 183.375
0.28368312 -0.46832642 0.038533144 200
0.24883454 -0.23376141 0.01337753 157.60001
0.24305899 -0.1745607 0.034503222 151.65001
0.22613332 -0.049671479 0.011976887 192.375
0.22751997 0.0753792 0.0056411666 191.85715
0.29828134 0.14776036 0.0051792958 189.33333
0.26661175 0.27527386 0.0076386775 131.17392
0.2476998 0.33730504 0.06992133 139.3569
0.20832622 2.5798202 0.061973583 156
0.21785814 2.746007 0.039995652 153.25
0.28141794 2.8468115 0.00086422567 149.66667
0.28411981 3.1461797 0.00024342407 110
0.23787022 3.2215865 0.007364314 146.9375
0.2427108 3.3104539 0.00047652292 151.60001
0.24774233 3.4613504 0.010518071 138.28334
0.24276845 3.5783706 0.0074156756 125
0.25407127 3.756907 0.0033241541 133
0.2702114 3.8651147 0.006430367 125.16666
0.28275114 3.9685578 0.00026891293 140.83333
0.23415795 4.0994167 0.0023530205 134
0.2780655 4.1943746 0.0019671784 130.5
0.2536622 -1.7154361 0.12051719 150.625
0.2314537 -0.17697674 0.14491546 159.5
0.20514798 2.2936435 0.11563371 131.82608
0.255869 2.73141 0.13905878 138.75
0.2370646 2.8300836 0.14332564 146.20834
0.21500628 3.4951031 0.1384162 132.82608
0.35228828 0.098340474 -0.11942462 165.47058
0.37842977 0.14616667 -0.10788704 165.82024
0.30631578 -3.2097657 -0.013280184 148
0.35461512 -3.1401138 -0.024225397 157.66667
0.33185712 -2.9613609 -0.018151227 167.33333
0.39275202 -2.8899717 -0.020037934 169.60001
0.31434518 -2.6868839 -0.042536076 195.25
0.37870872 -2.5636778 -0.042653047 195
0.35626376 -2.4561112 -0.037416156 194.75
0.36233056 -2.3699884 -0.038762491 192.36111
0.3434549 -2.2802823 -0.034841973 191.18889
0.35428339 -2.1648114 -0.0374933 189.88887
0.34391454 -2.0689187 -0.052550383 186.73419
0.34252039 -1.982538 -0.045974091 189.00317
0.329191 -1.8549099 -0.044317659 179.85715
0.32763293 -1.7055831 -0.04891865 179.33333
0.35613757 -1.6472535 -0.027100639 171.72099
0.31665197 -1.5297768 -0.054956976 188.64473
0.32633469 -1.433563 -0.06507571 180.11859
0.37187028 -1.3427768 -0.0557818 174.5
0.33970419 -1.2490401 -0.058720257 180.35715
0.34444308 -1.1210762 -0.07863111 186.625
0.32456157 -1.001019 -0.067390844 197
0.34612918 -0.92012811 -0.011765704 185.33333
0.3355875 -0.8689959 -0.02583136 183.47499
0.33124343 -0.7477994 -0.024825122 182.66835
0.34779075 -0.64697158 -0.020413864 184.68738
0.3396149 -0.54775578 -0.029591884 182.94214
0.33537477 -0.46033639 -0.039127801 182.4682
0.33937231 -0.35523742 -0.037896279 173.47314
0.3428508 -0.25938138 -0.054147974 173.4274
0.34624991 -0.1514025 -0.044538032 166.70149
0.35587752 -0.052698381 -0.055485129 172.91623
0.36022383 0.040901307 -0.056542531 174.77129
0.34675625 0.15240191 -0.04834215 173.3008
0.33733946 0.24454004 -0.049847063 176.14899
0.35265386 0.34330413 -0.054083962 179.36122
0.34716561 0.4477905 -0.055856343 179.48592
0.34210601 0.54079801 -0.044602565 184.7419
0.33904663 0.63698053 -0.047903113 180.57405
0.34847057 0.7534309 -0.04913687 180.24542
0.34444538 0.86020118 -0.049037021 186.35292
0.33853605 0.94811082 -0.050908264 176.85564
0.34282267 1.0444074 -0.05082697 169.85416
0.34376484 1.1341126 -0.049087171 183.68332
0.34581855 1.2552167 -0.059409704 183.84166
0.35387117 1.3460492 -0.057968453 189.93889
0.35327595 1.4586306 -0.042543184 172.63887
0.33508703 1.548296 -0.045892119 184.29796
0.34251532 1.6413831 -0.050920028 178.71191
0.34531981 1.7442973 -0.044430133 171.06926
0.3245874 1.8582394 -0.035727441 170.14644
0.36035365 1.9538436 -0.043883249 188.66667
0.32515886 2.0373771 -0.043574546 180.46031
0.34082365 2.1297092 -0.029037422 173.75
0.35216171 2.257663 -0.042234644 178.01111
0.35636643 2.346427 -0.046327721 175.2894
0.36496475 2.4429777 -0.024355451 178.61906
0.34865177 2.5509074 -0.048975982 174.45383
0.34522757 2.6354339 -0.038322773 163.86263
0.37108207 2.7606146 -0.037155982 166.9489
0.35278785 2.8563795 -0.033635609 164.94058
0.33884093 2.9447646 -0.023754524 148.6425
0.36497808 3.0529497 -0.014162725 134.16667
0.35435131 3.1564345 -0.016393252 141.25
0.36927456 3.2492733 -0.0073596984 144.63333
0.33860582 3.4371443 -0.040873278 144.07614
0.34016132 3.59092 -0.042318217 177.90475
0.32528171 3.6638699 -0.022346102 165.61365
0.33034766 3.7482855 -0.012704827 170.44444
0.34220183 3.838891 -0.024935154 187.63333
0.32826516 3.9974155 -0.031657506 187.875
0.36551812 4.0723987 -0.024347009 180.66667
0.34700692 -1.1222215 0.016501376 175.19734
0.33011881 -1.0401156 0.017512074 171.33334
0.35040763 -0.94629174 0.013357737 181.03334
0.3168059 -0.7480166 0.0084656486 199
0.39660564 -0.65321773 0.012025345 198
0.32466418 -0.57596415 0.0078178151 197.25
0.35611266 -0.46817949 0.047089066 147.66884
0.3597495 -0.34092608 0.021737114 176.10417
0.32863072 -0.24983387 0.040733036 192.64285
0.30234727 -0.17103595 0.0061134617 187.57143
0.31823781 -0.052432001 0.0088418862 187.8
0.3268044 0.063493885 0.006083874 188
0.35484344 0.1295806 0.083901711 165.875
0.3437137 0.27723312 0.025017526 123.86243
0.33946997 0.31867388 0.049798604 127.9697
0.32988113 2.4825778 0.049768981 130.19643
0.30364859 2.6876991 0.019743189 156
0.31580037 2.8997827 0.002329842 138
0.38738716 2.9563766 0.02170714 150.30289
0.32013121 3.1016006 0.00055660441 139.35715
0.33565983 3.4928799 0.0042905724 130
0.3608453 3.5427883 0.0079157855 123.5
0.38291261 3.6965649 0.0010447551 143.55556
0.36717325 3.9519329 0.0010036174 143.91666
0.35367763 4.0786161 0.0059664664 139.75
0.31759799 4.2755432 0.009774439 124.75
0.36688337 -0.57065612 0.12915955 159.04762
0.35838577 2.5271368 0.10046318 121
0.34139675 2.7405267 0.19004521 138.83333
0.45837951 0.12671165 -0.12082382 166.13144
0.48219532 -3.1849089 -0.022880636 158.83334
0.44180813 -3.0060425 -0.023985766 167.375
0.47937244 -2.9020076 -0.019162649 169.25
0.48747218 -2.8787131 -0.027845779 169.66667
0.48864192 -2.7756314 -0.016930545 174
0.41637036 -2.4989786 -0.055769749 200
0.42417994 -2.3528581 -0.048483413 195.66666
0.49920264 -2.2851567 -0.056835618 196
0.44422615 -2.1597862 -0.041850451 191.7381
0.42073107 -2.045068 -0.044250369 187.39999
0.41176462 -1.923605 -0.057417989 187.06667
0.43315366 -1.8244859 -0.048475847 184.57143
0.4478451 -1.7391697 -0.028357161 192.42224
0.41803086 -1.6060559 -0.048326809 197.33333
0.4494223 -1.5310133 -0.036636557 185.13266
0.44587895 -1.4530426 -0.043698873 170.77306
0.40393409 -1.3329737 -0.022883506 176
0.41052788 -1.2268518 -0.003826855 181.13043
0.47314563 -1.1165518 -0.067660674 189
0.4603503 -1.0775877 -0.063497737 194.5
0.42239121 -0.95743638 -0.063456386 196.08334
0.439035 -0.84554923 -0.021879645 181.96591
0.43831182 -0.75065428 -0.025842417 181.59393
0.43598375 -0.65300524 -0.023650685 184.13293
0.4436439 -0.54644138 -0.027167588 187.08804
0.44075987 -0.46194986 -0.035152555 183.56914
0.43508187 -0.34657037 -0.045393307 175.81439
0.44585803 -0.260474 -0.056249008 175.76569
0.44114736 -0.14723939 -0.047437392 168.27855
0.43587539 -0.04609707 -0.048999317 172.41077
0.43890113 0.037217055 -0.049611289 174.44571
0.44725987 0.13776293 -0.043972399 176.52382
0.44401586 0.24526557 -0.056033518 175.7234
0.44320226 0.3289853 -0.037711173 173.80389
0.44353956 0.4506402 -0.0422717 181.22047
0.44403955 0.5468381 -0.046741076 179.8531
0.44143125 0.6370604 -0.034797095 187.93776
0.43821472 0.73790812 -0.044800162 183.31715
0.44786647 0.85005021 -0.049247164 184.90889
0.42053249 0.9607653 -0.060876489 177.48244
0.43413359 1.051873 -0.047763873 179.89285
0.44746202 1.1593835 -0.051639039 182.37233
0.45515642 1.2474177 -0.055084694 197.21667
0.43985468 1.3593243 -0.053838395 176.94286
0.44460714 1.4308097 -0.054823074 188.13097
0.4570643 1.5337636 -0.054524343 183.28612
0.44948643 1.6430498 -0.048684571 177.75647
0.4580465 1.7687924 -0.041652311 171.38889
0.43328613 1.8340653 -0.044197809 189.5
0.45504701 1.946756 -0.05578604 183.24243
0.46990138 2.0454485 -0.05156127 172.62245
0.43282944 2.1613078 -0.050801486 171.90953
0.46834844 2.2326739 -0.053679418 175.78799
0.44543344 2.3532331 -0.040648274 176.15358
0.4330698 2.4341271 -0.035681617 181.36003
0.46767065 2.5517173 -0.042535331 167.64682
0.44120905 2.6666689 -0.051832829 170.06345
0.45495465 2.7429237 -0.032333467 164.39561
0.45307168 2.8390028 -0.027959814 158.332
0.44546261 2.9387677 -0.034196664 153.74284
0.43756688 3.0468588 -0.010022637 133.92778
0.45451787 3.1197097 -0.01042239 131.98334
0.43373227 3.2286093 -0.013597412 140.37779
0.42945141 3.3709471 -0.0083109261 139.5
0.46949467 3.4510384 -0.043081708 158.21371
0.46396744 3.5549529 -0.024511125 166.66072
0.44088238 3.6536722 -0.02765025 166.80556
0.4647314 3.7740965 -0.019309461 162.30556
0.43543455 3.8542182 -0.016406259 158.84856
0.42000923 3.9579058 -0.026541203 189.41666
0.46492836 4.0824995 -0.029331185 183.66667
0.442038 4.1846099 -0.037124071 176
0.43945494 -1.1696346 0.025050944 150
0.45933005 -1.0479176 0.017036477 181.075
0.47590759 -0.95157838 0.011643844 186.66666
0.43871018 -0.82944804 0.01284406 188.5
0.45078859 -0.7181226 0.046278842 183.08333
0.41066498 -0.6396938 0.0038733152 195.60001
0.44982949 -0.55360371 0.0092266724 193.75
0.45953864 -0.45839605 0.015294424 185
0.41328618 -0.25679186 0.018484738 188.66666
0.42262864 2.4758151 0.057591911 131
0.41683194 2.5231464 0.047460705 142
0.47709483 2.6814313 0.00040669943 184
0.48759475 2.7557797 0.02164576 152
0.41482821 2.8277063 0.043961089 123
0.43665117 2.9325321 0.096260607 152
0.43602931 4.0063143 0.010557084 138.33333
0.40697518 4.1638999 0.0035032264 128.5
0.45840865 4.2428789 0.0097931372 126
0.47922271 -0.30265427 0.16884466 174.5
0.46646667 -0.24866758 0.10619857 191
0.4748477 -0.16044107 0.13462169 187
0.40495142 2.653765 0.14548823 140
0.44131044 2.7075856 0.14488882 155
0.53463054 -3.0719934 -0.01577471 167.66667
0.57127774 -2.9458699 -0.022765355 169.95
0.57242352 -2.801491 -0.01467325 178
0.5587104 -2.7498977 -0.024489453 180.8611
0.58248395 -2.6728432 -0.042403925 181.25
0.58166713 -2.5940685 -0.035660233 178.70589
0.52014881 -2.4383357 -0.058624186 199.25
0.57533336 -2.3358221 -0.062454727 199
0.58826965 -2.2137518 -0.056703947 197
0.55062705 -2.1978159 -0.061652321 195
0.55639082 -2.056426 -0.051604424 193.66667
0.50043428 -1.9812895 -0.044064097 189.57143
0.54193968 -1.8823386 -0.04315915 188.36365
0.52495307 -1.7687526 -0.036848526 190.65556
0.52007747 -1.6004765 -0.028777244 175.5
0.53386277 -1.5424941 -0.035595689 189.26862
0.56796521 -1.424786 -0.056128725 165.33334
0.55148423 -1.3434263 -0.02296699 168.65556
0.51301259 -1.2552843 -0.046412222 176.83083
0.54157746 -0.84779245 -0.026386058 184.35606
0.53285176 -0.7523883 -0.026228132 185.05304
0.53843987 -0.65391284 -0.031007331 191.54697
0.55172205 -0.56040353 -0.02452933 188.03888
0.53401893 -0.44977847 -0.030509954 185.41302
0.5372231 -0.35285333 -0.037115183 181.37041
0.54832202 -0.24538495 -0.038958091 175.82454
0.55116737 -0.14576638 -0.055500373 174.70528
0.54254061 -0.050896835 -0.04337946 172.39548
0.54258364 0.059811562 -0.043903686 171.11559
0.55036187 0.14368813 -0.05156368 176.3242
0.54792213 0.24201001 -0.041392297 179.16893
0.54997796 0.3437722 -0.032919608 176.74251
0.54470354 0.44095972 -0.031124007 182.02927
0.53797615 0.55028456 -0.027348237 189.58466
0.54438138 0.65431511 -0.040158905 185.14008
0.53972846 0.74822295 -0.038381096 191.32729
0.54220682 0.82509226 -0.049162585 181.03055
0.54050845 0.9545303 -0.059083886 176.71428
0.51476544 1.0484954 -0.060657103 167.22917
0.5391407 1.1472282 -0.037601229 181.7381
0.54026902 1.226082 -0.035683848 184.97501
0.54095471 1.3419535 -0.049453836 185.42
0.55106682 1.4514545 -0.06037252 189.8125
0.57222509 1.5486711 -0.053621676 174.825
0.54665869 1.6700109 -0.048148651 169.3
0.56186455 1.7537997 -0.064244047 194.04443
0.52866489 1.8702506 -0.059655964 185
0.53477126 1.9352629 -0.038105901 185.66667
0.55576581 2.0512199 -0.07191176 173.30824
0.53785586 2.1495235 -0.043325715 169.54321
0.56373507 2.2373846 -0.03406788 163.52777
0.53704524 2.3383362 -0.037981831 173.75417
0.55293906 2.4434745 -0.033023916 164.73595
0.55133063 2.5194342 -0.060354453 159.1797
0.55645508 2.6365469 -0.044459511 161.94116
0.5477767 2.7419271 -0.048357904 159.58775
0.55658573 2.8348114 -0.027130134 161.22821
0.54776335 2.9437943 -0.023959367 137.00694
0.56227571 3.052206 -0.023268737 134.08655
0.53774267 3.1555469 -0.028078085 145.29288
0.57813913 3.2422943 -0.026022075 142.4371
0.54981351 3.3366446 -0.022894321 159.6315
0.55181223 3.4617803 -0.022684213 159.10156
0.56366736 3.5599158 -0.024417887 153.42982
0.54194587 3.6627986 -0.019721428 159.64287
0.54195255 3.8387227 -0.023803718 172.15582
0.54319227 3.9446964 -0.026480366 188.01666
0.57310969 4.0408516 -0.024972847 160.3
0.55472738 4.1983795 -0.035809964 174.60001
0.52431566 -2.6195149 0.015575095 170.9375
0.57412237 -2.5557039 0.089635454 153
0.57766771 -1.2484071 0.020284006 187.5
0.51000082 -1.1264315 0.011440532 189.27272
0.5417555 -0.95061886 0.021241808 168.2
0.55570412 -0.85539335 0.01127706 188.8
0.57227671 -0.73792136 0.011878656 183.6875
0.54897904 -0.67916536 0.0061809975 186.2
0.55670124 -0.55586427 0.010803759 191.66667
0.54827434 -0.45701167 0.0110672 184.45
0.55609286 -0.36158362 0.03780248 171.66667
0.59881997 -0.23450422 0.096774429 180
0.50153822 -0.16294725 0.056010883 185
0.52062166 0.14198981 0.092021681 177.33333
0.56076425 0.35384798 0.080848046 165.83334
0.59357673 2.6446655 0.08147721 157
0.52111048 2.7493517 0.053115785 178.60001
0.52415264 2.8982906 0.0028592574 185
0.51939762 2.9271703 0.02750022 149.88889
0.53044051 3.6978509 0.0048830467 145
0.56652474 3.902914 0.0016913785 136
0.50257498 4.0891418 0.006076084 129
0.56095397 4.1587429 0.012673292 120
0.540447 -0.15746938 0.1708526 160
0.55350113 0.12166931 0.17798685 142.74622
0.58983958 2.9467154 0.10671747 127
0.65207851 2.3316457 -0.1026701 162.70116
0.60542917 -3.2255774 -0.017249549 157
0.62933713 -3.1552334 -0.019158332 163.16666
0.6594767 -3.0656743 -0.020489054 167.5
0.66045523 -2.9620111 -0.017284611 174
0.66552895 -2.8502908 -0.017736712 183.08334
0.66871059 -2.747385 -0.02540007 183.17619
0.66323906 -2.5490096 -0.030541683 174.78087
0.62379247 -2.3658519 -0.059701703 198
0.67984796 -2.2585373 -0.063854896 199
0.63133353 -2.1158345 -0.063926071 196
0.64204788 -2.0097814 -0.060439408 196
0.64452374 -1.9271629 -0.053987548 184.55383
0.62888938 -1.8047136 -0.049876984 189.19048
0.67733026 -1.7485932 -0.041464694 193.25
0.63500398 -1.634506 -0.02339045 187.91875
0.63013422 -1.5264225 -0.018487154 187.5119
0.63384604 -1.4517293 -0.031312209 187.96429
0.65358478 -1.3966957 -0.04804419 199.75
0.66706723 -1.276533 -0.058887091 170.33334
0.63771874 -1.1820378 -0.055814862 148
0.68585461 -1.0473258 -0.0033091882 195.5
0.66624194 -0.85195982 -0.033444501 182.66667
0.63504446 -0.74875301 -0.0267781 185.99074
0.63524759 -0.65964943 -0.028345382 190.3847
0.6392597 -0.55273283 -0.029710244 189.95821
0.63994312 -0.45343354 -0.022524375 186.41548
0.65029263 -0.35451886 -0.031415865 184.44106
0.64479655 -0.24015167 -0.032880515 174.29211
0.64259279 -0.15238245 -0.040898163 177.94743
0.64240438 -0.054381073 -0.038923003 170.4664
0.63499093 0.047481693 -0.040630363 175.06548
0.63766706 0.14490256 -0.037835054 176.73848
0.64946139 0.24830249 -0.029473074 179.49313
0.64042795 0.34731373 -0.024900828 181.10551
0.65266693 0.44851983 -0.02572331 183.07216
0.62589157 0.54003942 -0.03042875 190.50162
0.64577299 0.65829188 -0.036377475 193.81746
0.64282781 0.74458039 -0.037446659 190.60909
0.62582129 0.83746254 -0.046491988 194.33333
0.64790154 0.94118732 -0.05120486 175.30554
0.62424272 1.0362343 -0.050948773 174.5
0.66425925 1.1622853 -0.034226745 163.625
0.62551439 1.2727172 -0.042494126 175.22223
0.62317866 1.3869799 -0.054999508 193.125
0.64335775 1.4567358 -0.055012096 187
0.64983219 1.5446583 -0.057486106 182.57143
0.62795305 1.6162958 -0.081168152 201
0.66650045 1.7240804 -0.080108508 201.25
0.63689804 1.8622583 -0.062826797 183.68791
0.65209293 2.0500968 -0.051012274 171.20222
0.6740042 2.1436915 -0.060945608 164.8965
0.64464104 2.2509837 -0.05375497 163.63376
0.6530301 2.3393667 -0.040414549 161.26335
0.63671565 2.4293926 -0.038646352 163.43636
0.65330648 2.5428371 -0.051459145 156.7807
0.65374815 2.6394587 -0.041701015 152.65152
0.64891636 2.7625744 -0.055053219 161.30542
0.65692294 2.8604817 -0.032083523 157.41527
0.66984826 2.93507 -0.041984245 149.81848
0.66130137 3.0443575 -0.038505629 146.34048
0.66680992 3.1456158 -0.023353921 138.07637
0.66192508 3.2433128 -0.029089926 135.54515
0.64122099 3.3460829 -0.030651344 145.58322
0.65985203 3.4543839 -0.022331158 156.37112
0.64391029 3.564106 -0.02056022 156.29361
0.66278899 3.6499908 -0.048488367 166.6382
0.64511621 3.8621759 -0.033607285 183.74286
0.6641199 3.9552689 -0.020940736 168.25
0.6415844 4.0597792 -0.012726331 138.95
0.66694885 4.2478914 -0.037448328 170.5
0.69815236 -1.6289346 0.015069892 187.5
0.66770804 -1.4155011 0.014883574 187.02777
0.61768883 -1.3241673 0.017638778 187.66667
0.66333538 -1.2199008 0.0088476604 191.05357
0.60407472 -1.133006 0.017205385 175.83334
0.62743777 -1.0332018 0.015393409 175.08333
0.65236163 -0.94133675 0.010735371 180.39999
0.66360348 -0.86654598 0.010953083 189.25
0.66278028 -0.74163765 0.013893921 185.19048
0.63452637 -0.65539962 0.0084615806 175.20454
0.67970937 -0.56094778 0.015280035 190.46667
0.65832847 -0.41192853 0.023037242 184
0.64377999 -0.3590022 0.0031229255 169
0.65396094 -0.15240093 0.049476001 170.33333
0.66577089 -0.08843445 0.052499663 155.84058
0.62017697 0.32149994 0.023020836 180.46153
0.68894458 0.45592961 0.065981917 177
0.63689065 2.7210376 0.046708319 165.5
0.60230649 2.9578655 0.076689906 129
0.6375941 3.7116554 0.0017003963 144.25
0.63373309 4.2462649 0.018279975 114
0.62578964 -2.4973581 0.13422836 138
0.60563797 -0.24572493 0.15290512 173
0.62216091 -0.18457253 0.14973852 140.69324
0.6005215 -0.095965154 0.10271035 130.5
0.751077 2.3298397 -0.11636665 164.5
0.79626352 2.9135015 -0.11291904 173
0.75395775 -3.1483488 -0.011897764 165.25
0.77293026 -3.0551679 -0.015520471 171.25
0.74532109 -2.9631898 -0.024583483 180.83334
0.77653265 -2.8518889 -0.019411188 186.89166
0.78046954 -2.7455912 -0.025383761 183.48051
0.78290516 -2.6150274 -0.037199803 175.59259
0.73111862 -2.4432096 -0.038170278 163.39999
0.77254283 -2.3053622 -0.075853974 192
0.75893819 -2.1567295 -0.068666033 199.83333
0.72701031 -2.0313075 -0.060547132 180.22002
0.74075854 -1.9131554 -0.058702666 188.14865
0.73522997 -1.7654951 -0.034196332 190.39166
0.74754876 -1.6696657 -0.024936132 190.18666
0.71465576 -1.5082023 -0.041378543 196.66667
0.74042368 -1.4322088 -0.055784252 175
0.77145481 -1.3644547 -0.048841462 178.83333
0.74060196 -0.92431277 -0.032251976 172.5
0.73378867 -0.8497929 -0.048291251 186.05
0.74268323 -0.74286097 -0.042919744 189.69667
0.73050016 -0.64235061 -0.025563121 191.33139
0.74278802 -0.55665499 -0.029126184 187.62656
0.74583787 -0.45166004 -0.024833074 184.17033
0.74304175 -0.35796043 -0.02036331 184.47801
0.74235451 -0.25041237 -0.026570527 177.88342
0.74670696 -0.15284163 -0.030392619 177.12894
0.75100917 -0.057556812 -0.036344171 175.06549
0.74639124 0.045881167 -0.036905423 173.63487
0.7527951 0.1415417 -0.036308195 179.86525
0.73396575 0.24952123 -0.023349598 182.13171
0.75233525 0.35336635 -0.030496409 177.25253
0.73802203 0.43547228 -0.028366534 186.06126
0.74255484 0.55583274 -0.032693323 192.37239
0.74168837 0.63278455 -0.03199913 193.65834
0.75618613 0.72948426 -0.037644364 185.25499
0.75641239 0.86842084 -0.055389296 190.65556
0.76279789 0.96002096 -0.061231278 183.33334
0.74425054 1.02502 -0.061100356 173.875
0.74652296 1.2553886 -0.045327947 173
0.71731353 1.3092269 -0.072415337 197.33333
0.76800752 1.4526652 -0.066161238 201.33333
0.74538565 1.5691921 -0.076565199 201.125
0.76012331 1.6200656 -0.064786591 196.33333
0.76109338 1.7259519 -0.064908177 194.09615
0.75288558 1.8344136 -0.068995774 184.625
0.74818569 1.971236 -0.061606172 177.28862
0.7712543 2.0690165 -0.055053938 165.92917
0.72784042 2.146889 -0.036379665 162.92223
0.74659365 2.2759204 -0.033779234 151.64999
0.75913519 2.3439178 -0.051132057 155.45491
0.75134498 2.4570291 -0.056441799 150.04094
0.73687261 2.5628266 -0.042769957 157.97807
0.769813 2.638248 -0.054584648 154.90454
0.75392544 2.7431564 -0.042364392 155.48955
0.75823563 2.8409758 -0.041947205 151.90404
0.7356407 2.9225259 -0.034879602 149.66959
0.76732117 3.0396345 -0.046627309 152.91125
0.74710405 3.1263587 -0.047265321 139.44206
0.75805712 3.2493851 -0.026498416 130.94664
0.73725969 3.3678784 -0.011798277 155.00993
0.75431949 3.4468169 -0.0075287744 146.66667
0.75342441 3.5306454 -0.0096834293 145.58333
0.73632932 3.6432843 -0.022306036 169.40761
0.75541878 3.7461121 -0.0054549938 155.5
0.745179 3.861284 -0.033385903 184.46086
0.75647986 3.9847159 -0.016647562 151.73334
0.75827008 4.0981112 -0.040564653 183.33333
0.77599359 4.1882744 -0.041224126 174.5
0.79069638 4.2531381 -0.035409756 168.5
0.76077515 -2.436425 0.067943431 135.36072
0.75010753 -1.5323579 0.014115745 190.5
0.75764537 -1.4402281 0.0071586915 190.55556
0.73946172 -1.3359789 0.013161577 192.34999
0.70206672 -1.2380621 0.019543506 193.66667
0.72426522 -1.144259 0.014312189 174.58334
0.75017655 -1.0591267 0.019530023 162
0.77609074 -0.91797447 0.017510869 169.60001
0.78527421 -0.88232505 0.006030153 174
0.747302 -0.74589974 0.010101203 170.31865
0.73197186 -0.62801147 0.01087362 177.2
0.76898909 -0.54572898 0.010335398 175.3889
0.73742199 -0.45846173 0.0049815732 193.2
0.72842234 -0.33410096 0.0040305592 173.18518
0.74822015 -0.24013142 0.02728278 173.27777
0.72526169 -0.17403384 0.039387558 158.32407
0.74979371 -0.044163611 0.040095609 138.14082
0.75351954 0.34692049 0.032603711 183.91667
0.78059161 2.4387105 0.0071037342 140
0.73852885 2.5844042 0.01696673 161
0.77942091 2.6845429 0.0079048369 161.5
0.79675215 3.2778146 0.0044434262 188
0.77825594 3.4402754 0.0067857895 188.16667
0.76662225 3.5959499 0.0033196427 190.5
0.72733158 4.1355767 0.00058813533 110.5
0.74452591 -0.18327279 0.12895627 124.84476
0.79296798 0.34869707 0.11058756 178.33333
0.85455728 -2.5656242 -0.10172278 139
0.86069298 -2.4232538 -0.10981601 145.83334
0.81593001 -2.2918692 -0.11213104 144
0.86509788 -2.1558249 -0.11807843 148
0.84157217 -1.8709058 -0.11448663 139.33333
0.83414787 -1.7067473 -0.11104815 113
0.87144387 -3.140624 -0.0096637355 167
0.8779037 -3.0576134 -0.014780956 176.16666
0.88414502 -2.9950037 -0.02360641 185.66667
0.88741601 -2.8949523 -0.013244722 188.625
0.87229347 -2.7630901 -0.024783744 183.86867
0.88454026 -2.6253693 -0.026829207 175.30435
0.86642516 -2.5662677 -0.010862183 171
0.84885877 -2.4386785 -0.044774465 165.78229
0.83897245 -2.3553758 -0.076319359 166
0.85888189 -2.1525624 -0.066572033 176.48737
0.83732378 -2.0244906 -0.053672284 179.13161
0.81480533 -1.9109656 -0.059369411 185.60416
0.84017926 -1.757075 -0.03475479 189.28334
0.87292957 -1.6373068 -0.029561145 185.26666
0.81560218 -1.5028555 -0.038748004 196.8
0.85717535 -1.3747545 -0.061887421 151.5
0.89958966 -1.0566043 -0.062837094 170
0.85253531 -0.94416445 -0.035910785 171.125
0.86236495 -0.85349178 -0.037439834 189
0.82516253 -0.78103054 -0.036691085 186.25
0.84807295 -0.6440354 -0.027353339 180.77466
0.82573181 -0.53671348 -0.022685142 185.89783
0.85380143 -0.45228544 -0.022580218 187.20374
0.83897758 -0.34700367 -0.025139967 183.78082
0.85125667 -0.25425351 -0.022609025 183.67535
0.84631735 -0.16273597 -0.02755893 178.77455
0.85519576 -0.054280199 -0.035744589 177.89062
0.84040534 0.048855241 -0.034419701 177.25574
0.85668647 0.14870043 -0.033774011 179.92337
0.8518582 0.23246402 -0.026285509 183.2002
0.83373737 0.34665519 -0.03103721 179.76646
0.84947938 0.43425608 -0.030514019 187.45708
0.82410306 0.53676742 -0.035590012 190.44948
0.84642476 0.6325866 -0.038914278 175.76913
0.85134834 0.73797727 -0.044872873 192.14
0.81651479 0.83686423 -0.044363167 173.88887
0.89335662 0.92837155 -0.049947139 199.5
0.85604042 1.0604593 -0.056850139 191.25
0.84146565 1.3825626 -0.065374799 194
0.89789915 1.4673327 -0.074470319 201.66667
0.86676395 1.5730749 -0.067236871 197.8
0.8365311 1.6754497 -0.060507111 194.39999
0.87384516 1.7981817 -0.056505539 189.28572
0.85157567 1.8794574 -0.066897497 172.90909
0.83896852 1.9474884 -0.058395702 185
0.83922464 2.0572684 -0.042280085 166.25
0.85554761 2.16763 -0.042303715 160.7
0.82993513 2.2359686 -0.031418715 154.66667
0.87056392 2.3432803 -0.037807185 154.92667
0.84132028 2.4264228 -0.05130399 152.11043
0.82190639 2.5533893 -0.059436984 150.85944
0.87186861 2.6520162 -0.041091215 153.62534
0.85511768 2.7559314 -0.039219368 149.2099
0.8707729 2.8639157 -0.029668231 133.48863
0.84318084 2.95439 -0.040245432 153.24025
0.85558802 3.0446625 -0.052085184 155.40865
0.82690638 3.1375778 -0.026294403 130.92
0.8399756 3.2563789 -0.038571097 138.24217
0.84674132 3.3507857 -0.015453042 140.86
0.83569491 3.4375315 -0.0072386358 161.29546
0.82632369 3.5342197 -0.0059540388 169
0.85047007 3.6405599 -0.0063486514 173.65556
0.83750409 3.7612 -0.0037337672 162.39999
0.86469698 3.8664742 -0.0030207073 166.77779
0.82142657 3.967072 -0.036463335 187.875
0.86258674 4.0891676 -0.037796453 183
0.89681315 4.1899157 -0.038085666 174
0.89119864 -2.5282352 0.016866554 159.85715
0.86849833 -2.4292879 0.07458479 130.20557
0.80390418 -1.7036492 0.0088703623 191.66667
0.80227953 -1.616874 0.0099106301 191.5
0.86279625 -1.3394314 0.0054112938 195
0.84990287 -1.2338395 0.0041597025 196.10001
0.8346355 -1.1342465 0.0098628253 177.375
0.87134206 -1.0199715 0.019489953 163.39999
0.8772192 -0.91749346 0.016232437 173.25
0.88149107 -0.87616134 0.007234063 182
0.87252313 -0.75625545 0.009200315 186.08571
0.85166788 -0.67175674 0.0099478541 169.61111
0.87919992 -0.49180928 0.0039608069 169
0.81802493 -0.36412933 0.0029142105 192.28572
0.83242881 -0.2691012 0.009185642 177.70192
0.84356868 -0.16327778 0.0042934455 189.33333
0.83345491 -0.063727804 0.0051470255 188.23077
0.81762946 0.061917279 0.0077699968 188.76923
0.85089397 0.15262559 0.0027521234 185.50371
0.84604955 0.24555305 0.023547424 158.85606
0.82879037 0.33521891 0.0018322851 194.5
0.81238854 2.5395432 0.0057271565 130.13637
0.88756168 2.7229867 0.068593271 130.40952
0.80697131 3.050652 0.012669247 128
0.86912781 3.2021747 0.04119071 134.65218
0.88598102 3.3139994 0.0047205938 184.375
0.87788188 3.4246624 0.0083586583 184.125
0.84673911 3.5085001 0.0079365289 186
0.84578335 3.6006281 0.005725292 186.33333
0.87020409 3.7083461 0.0054623852 189.16667
0.87117916 3.8088746 0.0028553463 189
0.85835481 4.0491223 0.0012461565 108
0.87279797 -0.2229555 0.14419354 173
0.86786765 -0.15711601 0.15757567 129.39999
0.89331198 2.5668533 0.1067489 123.57143
0.90562332 -2.5498114 -0.10222361 145
0.90272367 -2.2867396 -0.11134712 155
0.99341875 -2.1642661 -0.10976504 165
0.94712764 -1.9029431 -0.12449814 156
0.93178719 -1.8996354 -0.11299548 151.5
0.98662841 -3.1117902 -0.012251099 172.83334
0.96692032 -3.0068524 -0.053465951 159.89999
0.96984512 -2.8650887 -0.014814375 188.73334
0.97796565 -2.7488658 -0.01661459 184.56522
0.9749229 -2.6249421 -0.01214131 184.90475
0.96358073 -2.5316255 -0.098905541 153
0.98463947 -2.4002471 -0.045956902 167.82979
0.94497097 -2.3096776 -0.06968718 167.27762
0.9472537 -2.2095866 -0.071230628 167.43347
0.98929703 -2.1204824 -0.041625105 168.28319
0.92123789 -2.0612729 -0.073763169 188
0.91461593 -1.9141247 -0.059210937 178.80833
0.9018715 -1.8066978 -0.036297429 181.71428
0.95604724 -1.7511499 -0.043838799 178.70834
0.96147072 -1.6349839 -0.033896476 180.3889
0.90992904 -1.5254581 -0.017622754 195.625
0.91302794 -1.3998656 -0.038557447 200.39999
0.94966316 -1.1187285 -0.060577769 156.5
0.98623019 -0.92782032 -0.042761534 193
0.92790246 -0.8394599 -0.037470251 182.88887
0.94435382 -0.75206131 -0.027355835 170.09665
0.95058095 -0.65407658 -0.033270352 188.97342
0.93739939 -0.53904092 -0.033404116 189.25099
0.93688959 -0.45386314 -0.021777268 181.59752
0.92960572 -0.36715609 -0.028219679 188.91161
0.94100666 -0.2680881 -0.027693499 184.89885
0.94401222 -0.16373862 -0.045051478 180.59508
0.94401866 -0.057496339 -0.036050819 179.32663
0.93138361 0.04252417 -0.041307285 176.4216
0.93776733 0.13680275 -0.040228814 179.65694
0.93566257 0.24313223 -0.032964498 181.46088
0.93877238 0.34368074 -0.039516214 182.81755
0.92885256 0.4397257 -0.030491041 179.07658
0.94533277 0.52797544 -0.037478585 173.87968
0.94513476 0.63656437 -0.042881582 181.35185
0.93440616 0.7508688 -0.045503613 158.875
0.91863048 0.80799454 -0.052929435 193.95
0.93485755 0.91063839 -0.044254988 170.60001
0.94870001 1.0492977 -0.055329714 183
0.95953 1.6049898 -0.071724392 197.25
0.91332662 1.7122194 -0.058407187 193
0.95480341 2.0308959 -0.05234037 173.75
0.93790007 2.1666703 -0.035066482 140.2
0.93928194 2.2805288 -0.039526843 166
0.92537427 2.3422294 -0.031051749 150.58334
0.95135844 2.4342995 -0.057244498 154.5396
0.93237334 2.557447 -0.073941596 159.77689
0.94957215 2.6601255 -0.034879923 148.94444
0.93988031 2.7655094 -0.032739427 146.82143
0.94768387 2.8357368 -0.050790016 160.09424
0.9624874 2.9422157 -0.038377549 150.35301
0.94247711 3.0552232 -0.03726114 144.68546
0.93293589 3.1417005 -0.041839637 144.38458
0.94750148 3.2469018 -0.049501203 153.10237
0.95604706 3.3398349 -0.019407691 154.86316
0.95790374 3.4277058 -0.010139181 144.19881
0.93847609 3.5435379 -0.012029896 159.78246
0.96182847 3.6202888 -0.0092193345 161.60909
0.93468225 3.7428885 -0.0065766093 185.5
0.92649204 3.9367189 -0.006678266 188.5
0.9732759 4.0093317 -0.0064069652 189.33334
0.92126191 4.2564726 -0.032332048 167.66666
0.94930691 4.3339405 -0.026974119 152
0.9654327 -2.5191698 0.013688698 159.83333
0.95815605 -2.4265819 0.065815292 130.60001
0.95852757 -1.751394 0.0025251808 197.25
0.93316054 -1.6393751 0.0039811013 197
0.93711525 -1.540651 0.0068981349 197
0.91990447 -1.4398288 0.0053209136 197.33334
0.9117527 -1.3431323 0.0025379709 196.75
0.98600435 -1.0435989 0.017966282 164
0.97606802 -0.91287267 0.016301125 178.25
0.98675394 -0.88178825 0.004403946 164.75
0.96540654 -0.76960814 0.013686504 187.7
0.93729454 -0.64315253 0.010691369 174.25
0.95430827 -0.57807964 0.00038076434 169.66667
0.95648921 -0.44281876 0.0012450744 174.75
0.96923441 -0.22312774 0.054392066 164
0.95049232 -0.14921182 0.025928559 171.93333
0.93977964 -0.060967736 0.0063100359 181.77777
0.93791598 0.029860051 0.0046653948 183.13333
0.91794616 0.13352843 0.03149784 182.28069
0.90303272 0.2413758 0.0029033194 195
0.90922463 0.32670581 0.014362112 165
0.9002009 2.5870912 0.034634937 125
0.95605797 3.0625701 0.082270749 124.33334
0.96820068 3.1273084 0.03431882 159.5
0.94678539 3.2301443 0.059253067 127.78333
0.91145617 3.4270484 0.0050592711 182
0.92684746 3.5313022 0.006111546 182.66667
0.94869387 3.6198349 0.0041602324 183
0.96156305 3.7129865 0.0044263029 160.55357
0.9631263 3.8411222 0.0059892982 189.5
0.9668203 -0.11665314 0.12456645 133.69231
0.92543572 0.12781847 0.12038601 153.44048
0.92884564 2.7307656 0.14375536 126
0.98637891 3.0621786 0.13293119 119.85714
1.0117537 -2.3957105 -0.10470185 163.5
1.0201403 -2.2797999 -0.10983294 168.75
1.0197301 -2.1653624 -0.11983159 169
1.0612495 -1.9404304 -0.11400111 168.33333
1.0958148 0.17810059 -0.11040965 173
1.093858 -3.0679283 -0.02059822 181
1.0523769 -2.9596093 -0.042161282 172.19444
1.0880796 -2.8363137 -0.0098335845 192.41667
1.0544527 -2.7359407 -0.011456168 184.65384
1.0822515 -2.6149685 -0.02306859 177.25
1.0378618 -2.5153949 -0.059033986 165.71475
1.0909957 -2.4225547 -0.063537389 171.04082
1.0481795 -2.3571539 -0.04743411 171
1.0932449 -2.1072052 -0.051375546 171.10257
1.0035226 -2.0119607 -0.054586798 171.97917
1.0118349 -1.9247622 -0.058784287 174.77777
1.0132085 -1.7754068 -0.017932579 186.16666
1.0703384 -1.6155744 -0.051531892 161.22223
1.0269966 -1.5329604 -0.014551936 197.05
1.0233201 -1.418455 -0.0191053 200.20834
1.0253656 -0.97160041 -0.05922585 169
1.0269178 -0.81519854 -0.042446196 199.39999
1.0468917 -0.75540906 -0.045310102 193.73334
1.0339092 -0.65506178 -0.029440001 184.45833
1.042369 -0.56350803 -0.020321457 187.98055
1.0532035 -0.46089154 -0.026686814 182.68796
1.0500267 -0.35380036 -0.036980003 178.63712
1.0562135 -0.24527971 -0.041884754 174.29378
1.045454 -0.14322098 -0.03612965 167.3033
1.0403619 -0.047680806 -0.035229277 173.83369
1.038533 0.035587408 -0.045922581 168.49355
1.047153 0.14148748 -0.042809013 168.28065
1.0563096 0.26010269 -0.035950828 167.16888
1.034283 0.32955173 -0.04387885 162.37816
1.0540067 0.44178852 -0.028143935 172.17787
1.0495338 0.55650705 -0.035216913 179.8911
1.029808 0.63966054 -0.040054236 171.84763
1.0478892 0.75709742 -0.046714664 176.53333
1.0252606 0.85266614 -0.051688243 178.02083
1.0183103 0.92430943 -0.054896384 191.91666
1.0024536 1.0528185 -0.057553425 197.5
1.0296685 1.45083 -0.077205949 203
1.0055422 1.5000771 -0.081744477 200
1.0218279 1.9388295 -0.059847102 178.83334
1.0632789 2.1325266 -0.049748097 158.66667
1.0410975 2.2478886 -0.04206223 132.10001
1.0225416 2.3272014 -0.042322602 149.28572
1.0593176 2.4425812 -0.051496286 139.55873
1.029551 2.5552342 -0.04923312 149.59401
1.0517066 2.6459455 -0.038519759 142.87131
1.0549977 2.7622409 -0.036076732 143.01785
1.0510454 2.8313968 -0.038066357 141.45416
1.0512716 2.9457576 -0.028943097 139.69864
1.049194 3.0573394 -0.047367819 159.76117
1.0306531 3.1371624 -0.016115427 129.88889
1.0563735 3.2322173 -0.045873251 155.14137
1.0523186 3.3377271 -0.020253567 160.71906
1.0561557 3.4215603 -0.019576961 161.23888
1.0488093 3.5275526 -0.015910845 159.18333
1.0523944 3.6066587 -0.014628236 177.55
1.0559125 3.7005241 -0.017913349 179.76923
1.049672 3.8560545 -0.0071834577 186.5
1.0572548 4.0556068 -0.012639898 182.5
1.0751935 -2.7591486 0.0030696369 195
1.0875423 -2.6575098 0.011174886 192.14999
1.0405167 -2.5590742 0.017993653 192.38887
1.0483303 -2.4726744 0.028373636 189.58749
1.0516168 -1.7818691 0.0040493994 194
1.0495794 -1.6613564 0.0047042575 196
1.0388629 -1.5472074 0.0091212671 195.33334
1.0913734 -0.98418134 0.020193409 170.25
1.0656743 -0.85831118 0.010228397 176.33333
1.0558957 -0.75934029 0.0092294766 181.41667
1.0626616 -0.6428026 0.018829864 186.5238
1.0294027 -0.51510775 0.0055847708 174.75
1.0665287 -0.37161899 0.0077457507 169
1.0498422 -0.1404849 0.050702609 145.93958
1.0663655 0.031144725 0.0049076024 171
1.0125178 0.19661726 0.002874186 168
1.0273308 0.27098104 0.057284463 147
1.0559784 2.6713731 0.077841669 148
1.0122309 3.1674385 0.00063577166 168
1.0616237 3.6462595 0.0014266128 139.33333
1.0660933 3.7240026 0.0045770146 158.77274
1.0253215 3.8224807 0.002204523 156.54167
1.0479019 3.9037318 0.0012902268 188.39999
1.0564923 3.1096201 0.14386746 138
1.1202368 -2.3759694 -0.10328998 172.8
1.1346039 -2.2729857 -0.11078832 178.25
1.1365992 -2.1729999 -0.11296871 175.55556
1.1744324 -1.9770238 -0.10790497 173.75
1.1181991 0.014192596 -0.10141578 167.55263
1.1307464 -3.05527 -0.093848728 147.33333
1.1602066 -2.9473159 -0.012256163 190.33333
1.1663719 -2.850698 -0.050055683 175.8875
1.1748359 -2.7323561 -0.012879121 186.83333
1.1750617 -2.6478992 -0.0062412648 183.8728
1.1857781 -2.5387099 -0.015227692 178.34525
1.1254495 -2.4704638 -0.049527101 165.71429
1.1497189 -2.037431 -0.03148881 177.29707
1.1051962 -1.918627 -0.021502975 180.6875
1.1228459 -1.8264557 -0.010581166 186.14706
1.1081591 -1.698349 -0.014071559 191.83333
1.1071494 -1.5253415 -0.024471086 197.2
1.1262405 -1.4494275 -0.026956862 199
1.1273576 -0.8493855 -0.044259012 191.33333
1.1385707 -0.73444754 -0.016589541 174.51111
1.1427433 -0.65354717 -0.030225292 194.3631
1.1667073 -0.56846321 -0.022561507 191.10417
1.168059 -0.44797024 -0.021444136 184.94753
1.1561018 -0.34959576 -0.022145903 169.73123
1.1489528 -0.24551158 -0.032900427 172.12888
1.1526378 -0.12788899 -0.033789314 166.91751
1.1434183 -0.035030309 -0.046791449 178.06839
1.1387268 0.048204448 -0.041474469 171.12195
1.1333052 0.15424456 -0.02982215 170.50328
1.139434 0.25346747 -0.035993207 172.60236
1.1576072 0.367901 -0.033302739 171.64139
1.1217896 0.44703093 -0.032966278 181.69926
1.1470308 0.54930753 -0.026329406 185.13315
1.1457776 0.65207994 -0.03514152 180.52382
1.1284833 0.75193799 -0.046602394 183.93889
1.1367759 0.8572017 -0.052883144 191.33334
1.1559108 0.95366818 -0.051423185 180.08333
1.1424876 1.0657485 -0.054435879 194.66667
1.1624851 2.0851562 -0.058100179 165
1.1336974 2.1190467 -0.061384317 175
1.1514611 2.2486241 -0.043582126 124.55556
1.1506059 2.3691063 -0.043473218 134.77777
1.1253746 2.4423664 -0.046835855 131.35713
1.1391068 2.5546098 -0.032990515 138.1375
1.138526 2.6519156 -0.030302241 135.19048
1.159754 2.7698355 -0.03130259 135.96072
1.1448909 2.858212 -0.02102972 125.6875
1.1526434 2.9473324 -0.023539424 128.2381
1.1364083 3.0282326 -0.038130853 154.35732
1.181792 3.1565425 -0.025099428 143.4111
1.1270872 3.2525918 -0.017808581 150.60805
1.1589974 3.3444214 -0.016175186 144.52667
1.1637621 3.4287784 -0.017674718 159.11815
1.1339786 3.52757 -0.029979032 153.83191
1.1631794 3.6207469 -0.018947575 155.99107
1.1385725 3.7584572 -0.014703792 162.28484
1.1333703 3.8575039 -0.0064999782 185.4375
1.1185317 3.936667 -0.0035611454 188.66667
1.1516294 4.0488954 -0.011538956 188.75
1.1496135 4.1684737 -0.0080873612 176.77777
1.1742156 -2.7670963 0.0058725532 191.71428
1.1505051 -2.681628 0.0066187852 189.57143
1.1607223 -2.5700169 0.016669491 187
1.1578007 -2.4696836 0.0099755675 183.27499
1.1460938 -1.8118824 0.0027530876 188.33333
1.1860433 -0.92330456 0.0077536767 170.75
1.1604984 -0.83995491 0.010999999 189
1.1437855 -0.72066998 0.020546364 190.16666
1.1469245 -0.67312801 0.0083277803 188
1.1565108 -0.53675836 0.013770618 161.40454
1.1224344 -0.43344107 0.0052342382 164.21159
1.1322141 -0.32989708 0.0060445564 171.375
1.1051645 -0.17128955 0.056036465 154
1.1991805 0.14855716 0.084574535 166.22223
1.1745211 0.21759088 0.01316746 173.5
1.1375896 2.7855039 0.074057303 126.25
1.1201741 3.1378548 0.045426127 156.2235
1.1179968 3.4259617 0.00031310692 132.66667
1.1491032 3.8373742 0.0080092829 125.8
1.1886866 3.9973843 0.00079762063 189
1.1989967 3.1450765 0.11225028 150
1.2078955 -1.9880351 -0.10466485 172.5
1.2559413 -3.1355731 -0.094720095 151.75
1.2860006 -3.0647972 -0.0086952234 199.33333
1.2297249 -2.9791787 -0.053841989 177.23215
1.246618 -2.8989539 -0.017861323 189.8
1.2607086 -2.7521741 -0.06543079 177.65277
1.2761685 -2.6522076 -0.038724959 178.99115
1.2657554 -2.5611782 -0.0080669504 180.93269
1.2799287 -2.4310663 -0.032228298 172.25711
1.2438629 -2.3388021 -0.057636246 183.83334
1.2697507 -2.2506869 -0.048614096 183.75
1.2472616 -2.1412344 -0.059295807 165.85001
1.2993726 -2.0957847 -0.077037774 159
1.2311577 -1.9499159 -0.01380093 183.94444
1.2613287 -1.8231543 -0.0056019775 190.83749
1.2077041 -1.7357843 -0.0097901393 192.14285
1.2679449 -1.6250238 -0.01332907 193.25
1.2420402 -1.5701911 -0.013329566 189
1.2417753 -0.85103631 -0.025065195 190.375
1.255427 -0.72527552 -0.019950097 194.40001
1.2513074 -0.66245997 -0.0095977625 184.81944
1.2662474 -0.55475229 -0.022223709 186.88095
1.2580413 -0.45725501 -0.017590288 187.9624
1.2591445 -0.33908305 -0.023347886 178.11682
1.2441964 -0.23468655 -0.037071314 166.02016
1.2462634 -0.13936257 -0.043977827 173.39894
1.2476388 -0.052869234 -0.036861073 175.83237
1.2315202 0.037223473 -0.041378491 171.14857
1.2412511 0.1410739 -0.022487137 179.0365
1.2325253 0.2537826 -0.030013174 178.05626
1.2600257 0.35366356 -0.039549485 175.34665
1.2410432 0.45611817 -0.026303481 185.01389
1.2284046 0.54875946 -0.043134842 183.78214
1.229033 0.66421235 -0.050495382 175.59723
1.2437457 0.74029881 -0.060478017 186.33333
1.2585329 0.8752557 -0.055712275 167.75
1.2496734 0.98691308 -0.069826908 175
1.2672244 1.9951216 -0.062378787 165.5
1.2507538 2.0066793 -0.072194189 169
1.2379097 2.1865802 -0.053043865 149.60001
1.2581395 2.3580143 -0.041823763 120.33334
1.2690253 2.4462774 -0.046787299 129.5
1.2333345 2.5520411 -0.033534382 131.57916
1.2534798 2.6586313 -0.042404309 143.10001
1.2443687 2.7386906 -0.022303173 121.22223
1.2515914 2.8580139 -0.024589941 134.56857
1.2373885 2.9310031 -0.030644786 138.27499
1.2423618 3.0413249 -0.02474357 153.64999
1.234346 3.1324351 -0.019075854 147.3
1.2504374 3.2289221 -0.026481852 134.1111
1.2613777 3.3535824 -0.025613356 132.2549
1.2671107 3.4109497 -0.021230616 142.6834
1.2385708 3.5312221 -0.016837809 157.39206
1.2295861 3.6539397 -0.027194595 152.59616
1.2511126 3.7247653 -0.015983362 153.27643
1.2474568 3.8403363 -0.012990262 181.34286
1.2477505 3.9684167 -0.0051968317 187.875
1.2580309 4.142849 -0.012009746 181.66667
1.2537827 4.2251673 -0.0052708238 173.5
1.2838101 -2.8602846 0.0022138876 192.5
1.2434535 -2.7448761 0.0090486361 188.86111
1.2017376 -2.6502225 0.016385466 187
1.2768755 -2.5747335 0.0015492897 185
1.2369305 -2.430824 0.014032515 178.98889
1.2400225 -2.1031001 0.011786963 154.2
1.2815392 -1.9559525 0.0043887161 186.5
1.2401246 -1.8561101 0.0030970483 189.59999
1.2429194 -0.81889862 0.013416342 160.5
1.2645304 -0.76909131 0.01125195 166.5
1.2516625 -0.64240694 0.014300147 189.875
1.2307156 -0.56273496 0.015896134 186.625
1.2382152 -0.47033918 0.014937568 178.18254
1.2422652 -0.34783113 0.0050261575 170.98485
1.2426138 -0.2384387 0.077454142 172.02777
1.2469631 0.15663949 0.064707726 150.07143
1.2241534 0.24963576 0.031469434 167.66667
1.2197212 0.33166122 0.0034713217 192.55556
1.2747296 3.2243426 0.0051460573 149.38889
1.2669784 3.3449371 0.022238597 152.84091
1.2378597 3.4462364 0.006885923 168
1.2483839 3.5204117 0.0031110232 154.2
1.257274 3.6383102 0.0057812408 145.8889
1.2832388 3.8026075 0.0060056886 125
1.2397456 3.9052832 0.00044280253 186.11111
1.2791946 -0.15554689 0.19918172 131
1.3039377 -2.0625696 -0.10474823 168
1.3655916 -1.9530368 -0.10232337 173
1.3962878 3.3873069 -0.10608988 173
1.3675858 -3.151931 -0.015229457 200
1.3513969 -3.0638032 -0.053566366 178
1.3726391 -2.9782586 -0.051872618 181.25
1.330125 -2.8509338 -0.033706322 185.60715
1.3793398 -2.7635279 -0.039895166 182.00397
1.3616619 -2.6571364 -0.0058412473 185.5
1.3533387 -2.5870399 -0.037262488 174.16965
1.354499 -2.4642525 -0.056369212 175.87
1.3678132 -2.3699286 -0.049568541 173.91518
1.3554258 -2.2556915 -0.063353658 174.54546
1.3442575 -2.1866663 -0.09882959 169.32143
1.3795538 -2.076436 -0.093735293 170.71428
1.3221999 -1.9451276 -0.046805225 179.52499
1.3598888 -1.7571845 -0.0088893967 192.45834
1.3647648 -1.6552535 -0.012501043 188
1.3822719 -1.5871491 -0.0051015005 183.75
1.337539 -0.9427613 -0.0061073177 180.66667
1.3750343 -0.81804997 -0.040253721 199.66667
1.354629 -0.71651095 -0.016367948 193.15001
1.3739847 -0.64876407 -0.020774124 182.10001
1.3399981 -0.54054785 -0.018320857 182.96875
1.3489933 -0.45831734 -0.026935058 191.66866
1.3488325 -0.32352912 -0.019484323 175.29103
1.3395911 -0.2341406 -0.030776234 175.70415
1.3475951 -0.14170277 -0.030070812 179.07742
1.346089 -0.042972073 -0.040153679 173.39847
1.3533568 0.053269561 -0.042615801 170.35924
1.3479328 0.14587708 -0.039773818 172.27553
1.3378918 0.24450676 -0.03710271 178.54813
1.3427751 0.34929013 -0.04032303 183.62996
1.3288578 0.4559184 -0.038007889 187.01526
1.3480593 0.5648858 -0.039999541 179.78334
1.3308994 0.63779175 -0.050750863 180.70358
1.3505982 0.76627964 -0.05983774 160.30954
1.3442742 0.84934026 -0.055428926 176.5
1.3615774 0.95447081 -0.061415762 173
1.30891 1.9558775 -0.064170793 162
1.3507479 2.1027877 -0.066231579 163.5
1.3488331 2.2579086 -0.05253239 133.5
1.3896942 2.3489263 -0.037407074 185.83333
1.3840872 2.4535785 -0.030392561 161.16666
1.3486344 2.5521085 -0.034103703 146.51666
1.3616538 2.6134899 -0.040648397 144.95
1.3590333 2.7216654 -0.03353586 139.3125
1.3549016 2.8417416 -0.034919426 148.925
1.3478215 2.9476361 -0.025716206 148.41153
1.3619868 3.0471478 -0.02226992 142.42262
1.3437743 3.1323977 -0.031300526 143.02361
1.3627383 3.2287891 -0.03096568 147.90514
1.3334514 3.3593311 -0.051363166 143.64517
1.3181889 3.4602423 -0.0048941877 129.16667
1.3573735 3.5015647 -0.0044858954 141
1.3323818 3.6505723 -0.0089152707 133.33333
1.3440892 3.7085035 -0.0025449649 159.75
1.3702229 3.8303621 -0.00077629258 190.2
1.3590682 -2.4022441 0.010314008 139.25
1.359446 -2.1369412 0.0059925411 191.2262
1.3418708 -2.0355465 0.004666721 191.5
1.3568826 -1.9371476 0.0045573795 191.11111
1.370418 -1.8687265 0.009925996 193.39999
1.386251 -1.740772 0.0025789 194.5
1.3209029 -0.75249261 0.0054464224 169.88333
1.3697026 -0.67150962 0.006710819 176.5
1.326315 -0.55339038 0.018326579 189.825
1.3396688 -0.4486798 0.020995522 184.22917
1.3440313 -0.36576143 0.011369779 183.66864
1.317946 -0.21853481 0.011311444 169.76923
1.3503543 -0.13456556 0.061882686 143.08333
1.3723323 0.16414002 0.093805894 134.39999
1.3630747 0.22396694 0.017408019 169.32692
1.3336669 2.6461263 0.0044401307 187.33333
1.3343489 2.7409785 0.0071755704 185.66667
1.3592302 2.8640141 0.012133874 189
1.3575736 3.0651603 0.050137613 150.21429
1.3088512 3.1679189 0.0087732617 151.41667
1.3907676 3.2721684 0.0030588594 151.15384
1.3754551 3.3686483 0.012835573 157
1.35866 3.4687304 0.0095788278 177.42857
1.3494365 3.5438428 0.011397295 179.45
1.356649 3.6416664 0.0074568074 184.24243
1.3564016 3.7536042 0.011507578 173.27779
1.342317 3.8564591 0.012202495 161.06667
1.3078568 -0.14640895 0.15077227 133.88889
1.3385295 0.1735286 0.13981776 130.92857
1.4636319 -2.4455829 -0.11709164 176.95238
1.4080323 -2.3636625 -0.11891599 173.64285
1.4122711 -2.2747166 -0.11970808 175.92857
1.4082835 -2.178941 -0.12250868 176.08333
1.4129001 -2.0838163 -0.12084237 176.3
1.4388227 -1.9835519 -0.1200649 178.7
1.4392411 -3.1526356 -0.066036753 172.66667
1.4802746 -3.0567844 -0.046844978 181.89999
1.4494735 -2.8938279 -0.04559708 178.14999
1.4759023 -2.7988594 -0.015115948 183.27272
1.4389821 -2.6650996 -0.051086422 174.62219
1.4450198 -2.574878 -0.052466869 171.42381
1.4569193 -2.4624503 -0.011472401 171.31183
1.4737227 -2.3761973 -0.028339492 178.40469
1.4912953 -2.2617228 -0.0091134394 185.17392
1.4854026 -2.1670246 -0.011656766 183.46153
1.4738741 -2.0715649 -0.031516481 173.90605
1.4449764 -1.9913028 -0.038971536 172.6389
1.4359212 -1.8703811 -0.012698879 185.82605
1.4534128 -1.7689567 -0.0075517897 187.3
1.4613932 -1.6596168 -0.0064963549 190.75
1.4734483 -1.5740442 -0.0065423772 191.58333
1.4754865 -1.499439 -0.0039201393 172.75
1.4870837 -0.96669805 -0.014393983 192.75
1.4197774 -0.89205873 -0.0025125653 174
1.4140649 -0.79651868 -0.011136922 200
1.4815348 -0.65653837 -0.010867019 190.05
1.4385389 -0.57415432 -0.0098556876 176.21428
1.4590181 -0.46240672 -0.019376958 165.57709
1.4276843 -0.35086206 -0.025453318 184.85715
1.4340181 -0.25847542 -0.024917033 162.89153
1.4389212 -0.16069788 -0.019580606 162.89246
1.4432594 -0.048185777 -0.03440455 173.43694
1.4657973 0.065969676 -0.039835814 170.76019
1.4442053 0.16585644 -0.037283402 168.3315
1.442959 0.26999477 -0.045127701 165.96294
1.4342884 0.36062092 -0.033740774 180.65813
1.4484663 0.45115957 -0.040001974 187.72212
1.4355495 0.54750353 -0.054925881 164.31238
1.4547445 0.66235662 -0.053058598 160.08333
1.4447557 0.75719917 -0.053184979 164.83333
1.4562368 0.87004793 -0.061454121 159.875
1.4920515 0.98195177 -0.055545554 131.5
1.4218627 2.0534344 -0.063329518 154
1.4728436 2.178664 -0.054696955 164.25
1.4126402 2.2422924 -0.046441086 189
1.4608514 2.3672745 -0.039956097 156.90909
1.4557447 2.4640265 -0.039757788 140.57639
1.4327589 2.5494041 -0.01827159 167.375
1.4494339 2.6430664 -0.043191355 136.8
1.4739314 2.7554359 -0.03038729 161.66667
1.44885 2.833051 -0.03813035 145.25
1.4336554 2.9289649 -0.038851831 154.22116
1.4519663 3.0630157 -0.022694273 146.554
1.4396363 3.1585209 -0.030934319 146.26949
1.4535236 3.2388396 -0.022547927 135.72311
1.452973 3.3557379 -0.068188041 158.61674
1.4809566 3.4451838 -0.0052561271 180.07692
1.4546431 3.5633335 -0.0071855956 145.63675
1.4614311 3.8090045 -0.0016636088 116
1.4791554 -2.9657011 0.00049390487 193
1.4885733 -2.5752106 0.026471915 154
1.4236144 -2.0498745 0.0084122662 188.45454
1.4484282 -1.9512858 0.0089779822 187.5625
1.4524899 -1.8614008 0.006945488 188.41666
1.4380578 -1.7376016 0.0018246468 189.79546
1.4777246 -1.6698083 0.010190416 194.25
1.4072942 -0.90330237 0.0046124039 171
1.4513566 -0.82088649 0.0053415378 157.16666
1.471495 -0.76433218 0.012002125 128
1.4330401 -0.61725473 0.0050410042 175
1.4488127 -0.53320056 0.0065326928 192.75
1.4353766 -0.4467234 0.01399238 186.14583
1.4630476 -0.36940095 0.01715624 178.15926
1.4376214 -0.26767105 0.0095494101 153
1.4481616 -0.17299463 0.0063112429 163.06667
1.4237881 -0.070476174 0.0025679811 163.60001
1.4317683 0.047980607 0.0045317644 164.39999
1.4348032 0.15508246 0.072620712 132.62962
1.420087 0.20912024 0.0014659046 149.5
1.4294139 2.6672544 0.010136117 184.39999
1.4184527 2.7745528 0.013119679 184.375
1.4109683 2.8408237 0.013977556 187.8
1.4579582 3.1114023 0.0025469051 143.2
1.4520384 3.3952215 0.00061694457 150.73077
1.4532192 3.4606724 0.01084676 148.3421
1.4050601 3.5897701 0.0094688591 174.5
1.4569288 3.7308037 0.0065784119 162.03334
1.4856901 3.8290682 0.012739385 177.625
1.4448937 3.9328992 0.019065665 164.89047
1.4781923 -0.17177971 0.14845094 148.71088
1.4079152 3.0739834 0.11001896 159
1.5290896 -2.5777388 -0.11116854 179.89999
1.529197 -2.3793545 -0.12562746 174.09375
1.5156897 -2.2766926 -0.13447413 172.56097
1.5184808 -2.1692433 -0.13541171 172.43903
1.5338703 -2.0708785 -0.12699983 172.875
1.514559 -1.9674562 -0.12394483 170.88235
1.5803144 -3.2328649 -0.023513852 202.375
1.576234 -3.0880046 -0.016930219 197
1.539107 -2.9807816 -0.047056444 179.54166
1.5538394 -2.8566098 -0.051312689 176.25714
1.5610216 -2.7373943 -0.065241262 175.42857
1.5109402 -2.6681783 -0.086952679 174.5
1.5796025 -2.5649555 -0.020944946 170.07895
1.5571673 -2.4880505 -0.038201861 167.5
1.5317461 -2.3640003 -0.039690465 175.94618
1.5526124 -2.2895064 -0.049928863 170.91057
1.5462265 -2.1935196 -0.039492011 166.40077
1.5874239 -2.0987954 -0.032304477 167.44231
1.5421622 -1.9693017 -0.034760285 176.33696
1.5437015 -1.8683351 -0.014155637 182.30444
1.556275 -1.7644631 -0.004432111 185.84444
1.569556 -1.6348127 -0.0019440614 190.33334
1.5797377 -1.5869795 -0.0053732577 179.16667
1.5852172 -1.4773016 -0.0013212669 168
1.5277908 -0.84384155 -0.005434725 187.25
1.5539194 -0.74430203 -0.018929636 156.58334
1.594285 -0.66116118 -0.010479019 187.83334
1.5691572 -0.53872114 -0.015852284 164.71666
1.5555964 -0.44983926 -0.012462467 184.38094
1.5486757 -0.34184131 -0.024973726 175.76785
1.536679 -0.23363683 -0.026479499 164.47844
1.5376596 -0.12661922 -0.026815634 165.03441
1.5434417 -0.032674022 -0.038892262 172.99416
1.5412693 0.05560432 -0.034452971 159.53322
1.5456256 0.15644306 -0.045355484 164.48366
1.533352 0.24946009 -0.0275515 165.483
1.5463803 0.34993395 -0.043501001 170.04468
1.539449 0.46175146 -0.046676569 169.50046
1.5557448 0.56669122 -0.039942805 171.51036
1.5436466 0.65896058 -0.036018457 174.44286
1.5717652 0.77412963 -0.053940978 147.25
1.5309883 0.84939957 -0.05288953 135.66667
1.5797352 0.9729808 -0.047632795 122
1.5996357 1.9918971 -0.05373849 199
1.5273949 2.0817397 -0.052799433 194.5
1.5164108 2.1684985 -0.045220546 189.25
1.5192697 2.2802179 -0.030298904 186.91667
1.5741271 2.3530893 -0.042280912 149.31035
1.5733386 2.4597847 -0.035112698 167.03667
1.5486745 2.5659311 -0.040549248 142.93954
1.5415186 2.6709287 -0.027012706 169.93919
1.5847341 2.7524312 -0.022261797 174.97038
1.5517583 2.8520546 -0.024583878 166.22916
1.5465299 2.9691982 -0.029231589 150.12572
1.5605811 3.0378094 -0.03491693 163.91667
1.547102 3.136817 -0.037267882 139.51924
1.5507524 3.2209754 -0.035219528 150.1629
1.5632153 3.3209372 -0.042690147 151.84732
1.5687494 3.4180775 -0.026783656 157.92546
1.5621953 3.5227966 -0.0063468171 166.73465
1.5545287 3.6350422 -0.0043606623 157.38461
1.5021377 4.0066414 -0.0012256773 189.8
1.596923 -2.655628 0.020434385 172.66667
1.5580506 -2.5462618 0.064911827 140.81667
1.5027118 -2.474858 0.053871106 135.04167
1.5350308 -2.3960698 0.054724693 144.66667
1.5865757 -2.0314252 0.05202264 139.33333
1.5146444 -1.8422043 0.010613902 186.8
1.5685635 -1.7576476 0.010214371 187
1.55399 -1.6806457 0.0054596094 189.29166
1.5586668 -1.5926809 0.0078033595 194.5
1.5636183 -0.86149234 0.010438116 127.88889
1.5382096 -0.72277772 0.0030567348 153.63333
1.5838476 -0.63163859 0.0057938285 159.1111
1.527863 -0.54192477 0.010167508 143.57143
1.5681494 -0.43257859 0.0041386895 170.33333
1.5457125 -0.36169079 0.036406197 152.54167
1.5648805 -0.22247057 0.0086701158 162.06593
1.555746 -0.12481286 0.013687058 151.31111
1.5414566 -0.038650125 0.0066299187 146.33333
1.5635086 0.061379123 0.0053458447 146.91666
1.5537182 0.16825226 0.035499021 135.88034
1.5254183 0.33629203 0.036433682 157
1.5173575 2.7816701 0.011411864 181.93333
1.5207964 3.4838114 0.0018632406 129
1.5365635 3.5551391 0.0052066222 147.35715
1.5233133 3.6556835 0.0075227576 180.73914
1.5442117 3.7352564 0.011247154 159.8447
1.5849512 3.8197315 0.006075283 186.18182
1.5622859 3.9011481 0.0078585846 190.5
1.5940242 4.0328903 0.0049976348 189.33333
1.5670373 4.1065583 0.008719271 184
1.5824991 -2.5097885 0.11377041 119.90476
1.566348 -0.30599391 0.13024628 173.5
1.5194857 -0.15715595 0.11779103 175.3
1.6651989 -2.6589239 -0.11342994 173.24432
1.6090518 -2.5714688 -0.11283253 174.2
1.612887 -2.4809859 -0.11848491 170.88235
1.613004 -2.3780992 -0.14486934 160.96774
1.6240746 -2.2747521 -0.1333921 154.27272
1.6260358 -2.1762877 -0.13460962 153.06451
1.610811 -2.0386178 -0.14277019 167.23932
1.6914723 -3.2000394 -0.028834973 200.5
1.6745406 -3.0925887 -0.022822522 197.75
1.6572167 -2.9672735 -0.006496754 192.16667
1.6590327 -2.8375988 -0.016039832 185.76794
1.6479743 -2.7471628 -0.043024607 170
1.6371598 -2.6602402 -0.06110806 169.83333
1.6669734 -2.4425683 -0.066460513 157
1.6430092 -2.3997116 -0.016401522 140.81818
1.6553299 -2.2667167 -0.047354013 171.13603
1.662917 -2.1702018 -0.038331199 169.918
1.6134868 -2.0911155 -0.036631815 175
1.6710443 -1.9855169 -0.039594807 153.53343
1.6613339 -1.8400528 -0.02144341 170.83244
1.6359084 -1.7196473 -0.011384867 183.83333
1.6776041 -1.5943347 -0.0015425502 172.60001
1.6953552 -1.4923248 -0.00023602668 166.5
1.6310446 -0.95464492 -0.011514734 163.83334
1.6663102 -0.85321552 -0.018682797 170.16667
1.6635278 -0.73504925 -0.012073657 172.95834
1.652752 -0.64335889 -0.014447112 175.73334
1.6536386 -0.54488522 -0.033851463 138.93333
1.6693208 -0.45853847 -0.022796098 165.5106
1.6586787 -0.33675724 -0.039281927 183.06566
1.6561942 -0.2427724 -0.029563997 174.22862
1.6456995 -0.14791656 -0.023504591 173.55901
1.6452837 -0.043861665 -0.030394644 168.38702
1.6414425 0.052903868 -0.032208189 161.57716
1.6544992 0.15271766 -0.020779179 152.86746
1.6447915 0.25106207 -0.044081751 154.03532
1.627133 0.3735663 -0.036667746 179.9762
1.6481301 0.45418376 -0.036004931 168.97844
1.6411157 0.56801641 -0.040134542 173.66666
1.6514999 0.67670602 -0.046518944 160.88513
1.6587281 0.75537378 -0.050797656 155.19167
1.6637396 0.86627036 -0.045873098 141.27499
1.6314601 0.9688639 -0.046717174 137.91666
1.6149491 2.0250659 -0.059397109 196.5
1.6509804 2.1567287 -0.039632339 187.38094
1.6503955 2.2744641 -0.05035961 112.5
1.6631742 2.329484 -0.039695192 185.18881
1.6727121 2.4279571 -0.043127093 131.88187
1.6528491 2.5675194 -0.036055434 149.72424
1.6359162 2.643204 -0.026835239 161.8819
1.6762934 2.7437229 -0.032359749 154.30174
1.6621031 2.8563695 -0.027021438 157.48958
1.6617796 2.9632969 -0.034162831 176.47403
1.6698288 3.0122709 -0.046497844 147.74562
1.6277559 3.1422486 -0.042043466 149.08932
1.6714247 3.2673819 -0.025311509 135.64619
1.6600784 3.3289914 -0.04998301 157.57175
1.6556189 3.4298193 -0.047156598 159.82411
1.6796252 3.5274999 -0.046756409 167.96153
1.6843278 3.6222641 -0.018895615 173.84314
1.6718597 3.7306566 -0.0093282368 179.125
1.6571746 -2.6613832 0.026620511 173
1.6413547 -2.5637512 0.081520028 161
1.6390376 -2.3956969 0.026566971 129.42857
1.6831243 -2.2288458 0.020869097 192.625
1.6801572 -2.0588377 0.0047987173 195
1.6311893 -1.7035195 0.0074191135 185.5
1.6657566 -0.95227087 0.018795298 123.5
1.6982868 -0.89232635 0.011425455 134.33333
1.6579329 -0.72307062 0.010584593 140.75
1.6409045 -0.5384118 0.0051752427 143.75
1.6470078 -0.43618286 0.012400718 143.8
1.63775 -0.36240613 0.017740123 167.88333
1.6488481 -0.24653959 0.0095530897 157.75
1.6552129 -0.15830146 0.0067179236 169.33929
1.6219499 -0.047724262 0.0037434236 152.375
1.6384767 0.15843432 0.057680726 128.90805
1.6758169 3.2322512 0.028229674 135.75
1.6180379 3.5378275 0.0015668224 135
1.6795847 3.6025789 0.0016604963 111
1.6789812 3.8092108 0.0025221568 182.23077
1.6783843 3.9234288 0.011377921 187.92857
1.6893297 4.0354476 0.0065057236 189.60001
1.6628989 4.1495023 0.0082924804 178.5
1.6331425 -2.5352178 0.11898782 127.70834
1.6148584 -0.34181851 0.1024155 171
1.6241767 -0.27748051 0.12784521 182
1.628533 0.13783462 0.10081246 115
1.7474653 -2.5549724 -0.11951073 165.3125
1.7165723 -2.4898462 -0.13320532 158.56667
1.7097288 -2.3589864 -0.11679273 144.75
1.7214952 -2.2741818 -0.11861084 145.50603
1.7540311 -2.1461644 -0.12183454 150.2149
1.7177781 -2.0918996 -0.12289072 146.825
1.7016301 -3.2486014 -0.021955028 203
1.7978493 -3.163981 -0.02982695 200
1.7751954 -3.0860171 -0.024375139 197.39999
1.7370411 -2.9509726 -0.010739206 192.5
1.7472368 -2.5790691 -0.044226941 115
1.7530433 -2.4257109 -0.046718754 119.16667
1.7416768 -2.3727958 -0.039003234 125.25
1.7606223 -2.2566848 -0.039575774 141.08014
1.7468666 -2.1305227 -0.042876702 144.07915
1.7606391 -2.0083909 -0.036115937 172.36165
1.7500429 -1.9575624 -0.031386811 155.625
1.7565272 -1.8496151 -0.028220976 163.81491
1.7726243 -0.93905145 -0.020506833 163.33333
1.7550043 -0.81458628 -0.024243314 174.15556
1.788672 -0.72075337 -0.018268071 183.66667
1.7337599 -0.6446507 -0.028320296 154.57777
1.7559105 -0.56153166 -0.019620901 174.42667
1.7635843 -0.45173827 -0.031649485 168.54659
1.743389 -0.32559863 -0.031647153 181.55952
1.7481943 -0.23158967 -0.030347196 180.92253
1.7382283 -0.14686479 -0.019061346 164.32391
1.7365881 -0.045815147 -0.030097002 168.38614
1.7503945 0.042501152 -0.04641623 161.38371
1.7603248 0.14525546 -0.030283526 162.59709
1.7536873 0.2420201 -0.03794707 156.10164
1.7436597 0.35254017 -0.029018212 166.18085
1.7628143 0.46167025 -0.032953188 165.88141
1.7340047 0.55563915 -0.044634033 167.05779
1.7457244 0.66546053 -0.049412217 171.91714
1.7706827 0.76450765 -0.044848964 154.14999
1.7676828 0.87357205 -0.0443893 154.52499
1.7726521 0.94532406 -0.054198429 138.66667
1.7541703 1.0309373 -0.056395084 138.08333
1.7506903 2.2626712 -0.04210075 186.35416
1.7412851 2.3619108 -0.04512864 182.29375
1.7804576 2.4543545 -0.061817773 157.02966
1.7449334 2.5372481 -0.041953936 148.89334
1.7398376 2.6536446 -0.038700122 164.09387
1.7844962 2.7322631 -0.03349828 159.94287
1.7664509 2.8214765 -0.028663194 165.5625
1.7623917 2.9592607 -0.02754187 156.23683
1.7662741 3.0528629 -0.033001337 161.61285
1.7693428 3.1543732 -0.043285057 140.62228
1.7251434 3.2266245 -0.039239686 166.2316
1.7449911 3.3173299 -0.028861269 142.48685
1.774749 3.4254642 -0.043109536 168.35184
1.7865481 3.5199716 -0.038283098 164.18988
1.7703485 3.6275835 -0.045063388 168.71428
1.7848744 3.7158492 -0.011917125 175.54839
1.7656076 3.8328393 -0.003482515 181.10715
1.7575877 -2.2386355 0.019398153 187.89999
1.762296 -2.1133854 0.014344259 189.45454
1.7785354 -2.015821 0.01475228 190.16667
1.7601583 -1.9176629 0.0015006787 192.5
1.7577347 -1.8228807 0.0018554046 185.10834
1.7009711 -1.7114655 0.0022543087 182.33333
1.777962 -1.6061394 0.0031059459 170
1.7060394 -1.4373932 0.0048673982 166
1.7296851 -0.8331123 0.0069878157 137
1.7529404 -0.73954737 0.0084711416 139.8
1.7302002 -0.61860794 0.0063634813 144.5
1.7171212 -0.5237056 0.004035268 172.8651
1.7624331 -0.46090579 0.0050480524 176.29761
1.7187836 -0.35141882 0.042417299 147.33333
1.711 -0.031617008 0.05632389 154.60715
1.7370375 0.078911632 0.01238902 137
1.7655212 0.17824806 0.043152608 155
1.7785298 0.23880437 0.041202109 131.5
1.7091408 0.31709048 0.015729178 183.5
1.7068584 3.6223073 0.0056053018 108
1.7904145 3.9362311 0.01160202 186.42857
1.7838581 4.0114632 0.014839718 190
1.7714919 4.1104045 0.0072223395 189.8
1.758302 4.2262926 0.002316447 179
1.7339017 -0.22491951 0.17391981 151.91667
1.781161 -0.16478145 0.13820951 124
1.7273618 0.20676354 0.13733803 143
1.7452472 3.2168505 0.18528199 128
1.7633184 0.14518698 0.20038606 127
1.8034673 -2.46487 -0.12018241 146.8
1.8492777 -2.361706 -0.12030171 152.1087
1.8207383 -2.2752044 -0.14318071 157.02702
1.8186206 -2.1806378 -0.13939846 155.44186
1.8440676 -3.3189528 -0.036089681 201.33333
1.8110036 -3.2028785 -0.025478208 202.66667
1.835767 -2.7056758 -0.044089958 115.5
1.8516876 -2.5477927 -0.044266168 127.5
1.8805629 -2.4039605 -0.046899635 139.5
1.8717251 -2.2509718 -0.039889056 155.075
1.8504159 -2.1265838 -0.049243342 152.0126
1.8611748 -2.0193455 -0.043049432 151.89343
1.8455598 -1.9460839 -0.01779449 178.83334
1.8172091 -1.8671848 -0.026436707 154.41666
1.8377249 -0.85184073 -0.02667534 161.75
1.8549305 -0.74529922 -0.023136992 163.94
1.878136 -0.674025 -0.029161729 147
1.8372493 -0.54267091 -0.02339367 172.71854
1.8429835 -0.4346467 -0.022898782 163.74133
1.8484595 -0.34531745 -0.027514057 171.34818
1.8391933 -0.24089293 -0.031506483 177.47754
1.8386037 -0.14134055 -0.044664476 170.24666
1.8441963 -0.056599203 -0.04377104 166.60583
1.8547481 0.055152327 -0.052306354 165.27591
1.8548225 0.16613849 -0.054472353 165.10217
1.8621966 0.27177826 -0.031706408 169.56596
1.8337489 0.34675816 -0.043050922 164.85158
1.8525083 0.45275378 -0.039915096 166.64957
1.8190025 0.50594801 -0.059617519 176.46153
1.8421134 0.63053429 -0.040497437 163.25069
1.8823484 0.74483198 -0.045696549 169.22858
1.8677235 0.85098213 -0.041739311 145.51666
1.8512652 0.96597308 -0.073708281 169
1.8619246 1.0336382 -0.055450354 141.88887
1.8659688 1.1350399 -0.05683703 140.83334
1.8498923 2.1783741 -0.048906531 183
1.875878 2.2742021 -0.046501242 190.16667
1.8303648 2.4402766 -0.059888043 160.08125
1.8519783 2.5675721 -0.039753634 164.55826
1.8689655 2.6386917 -0.035843331 156.58015
1.8545723 2.7727358 -0.051562503 161.53658
1.866884 2.8661976 -0.044018246 166.85942
1.8660595 2.9542191 -0.044879816 152.53006
1.8655026 3.0496554 -0.022361988 156.89143
1.8666514 3.1269772 -0.031918038 158.28967
1.852725 3.2407515 -0.054158229 164.407
1.8370824 3.3426774 -0.022761596 153.04002
1.8634329 3.4485538 -0.02192256 154.05185
1.8605679 3.5275278 -0.031989768 162.95714
1.8715893 3.6234221 -0.035800088 167.04167
1.8763844 3.722337 -0.023988983 173.73914
1.8836751 3.8471417 -0.0097028743 179.91667
1.838782 -2.2429855 0.010272508 181.34615
1.8822836 -2.1146128 0.0022021793 181.96001
1.8587029 -2.0093911 0.0081731239 185.625
1.879218 -1.9144709 0.012331057 188.58333
1.8348248 -1.8032882 0.0015005441 188
1.864996 -1.7364049 0.0082173524 173.89287
1.887802 -1.6020225 0.0062492448 158.57143
1.8100092 -1.502424 0.0032750182 167.5
1.8468673 -1.3825446 0.0027632692 162.5
1.8250469 -0.9247098 0.012555921 130
1.8598732 -0.8229385 0.013797075 142.55556
1.8524275 -0.75039726 0.0083818268 138.66667
1.8268394 -0.64310521 0.0066854944 143.16667
1.8576047 -0.56041551 0.0081538968 171.16666
1.8449897 -0.46013993 0.0074457433 173.72223
1.84761 -0.31215897 0.025939818 165.5
1.8135461 -0.24337325 0.070759468 129.5
1.8641019 -0.17105 0.059325684 145.76785
1.8487337 0.16207154 0.084813699 154.66667
1.8074958 0.23897034 0.037539531 179
1.8853681 3.2525575 0.019284613 143.9375
1.8892703 3.3145218 0.024771763 143.16667
1.8740431 3.9152806 0.012267238 185.71428
1.8683915 4.0048933 0.015300816 189.25
1.869225 4.1187754 0.0059143947 185.60001
1.8729972 4.2342482 0.0055954168 174.8
1.8761907 4.3123369 0.0073879026 169
1.8045231 -0.18427126 0.14152426 140.21739
1.8740126 -0.016110763 0.15785441 160.71428
1.8670614 0.13535818 0.1333607 129.16667
1.8152838 0.21697505 0.11909569 168.5
1.9208581 -2.2360311 -0.14451814 160.85699
1.9992368 -3.1187992 -0.028668739 159.75
1.9799619 -2.9704595 -0.04271483 122.5
1.9495527 -2.6562846 -0.047840346 139.66667
1.9476755 -2.5200727 -0.053536717 150
1.9443035 -2.3931808 -0.048230693 152.75
1.9838308 -2.259069 -0.03464387 164.35231
1.9648871 -2.1552243 -0.050540764 166.85704
1.9451505 -2.0385926 -0.027332976 169.99255
1.9491441 -1.951178 -0.018397806 178
1.913632 -1.8893701 -0.049272869 145.33333
1.9021213 -1.7376502 -0.0019445351 186.75
1.9743252 -1.6631442 -0.0023716977 181.375
1.9144976 -1.5825095 -0.035517365 210.33333
1.9772277 -0.82221472 -0.038504176 185
1.9626199 -0.759498 -0.028278677 148.26666
1.9430583 -0.6679253 -0.019129369 151.84763
1.9384098 -0.55657995 -0.026092755 170.99001
1.9508222 -0.45284593 -0.024376573 175.92491
1.9388577 -0.37159061 -0.019160841 157.21664
1.9341 -0.25137007 -0.040071148 169.24164
1.9363184 -0.14690742 -0.027882352 165.10678
1.9335964 -0.058437925 -0.052544199 164.45213
1.9422951 0.041263562 -0.052011259 162.71495
1.9380932 0.13462543 -0.028038582 159.5784
1.9705927 0.21997748 -0.029355491 164.53415
1.9369148 0.32726234 -0.056040931 156.5835
1.9399812 0.45604157 -0.038026925 166.77658
1.979625 0.5049606 -0.046868589 171.22223
1.9387264 0.62663764 -0.043041945 172.30417
1.9663584 0.72990948 -0.042351913 157.8125
1.9800003 0.83240885 -0.051904131 162.43674
1.9247966 0.94157749 -0.051811542 145.39999
1.9474289 1.0466676 -0.071613237 166
1.9970198 1.1171411 -0.0466072 129.33333
1.9240448 2.1391387 -0.050694373 183.25
1.9658425 2.2557609 -0.044593584 187.75
1.9467436 2.389709 -0.03844548 187.42856
1.9879971 2.467926 -0.038762461 147.02563
1.9386833 2.5505815 -0.040532544 148.85803
1.9560707 2.6614625 -0.0623773 169.20381
1.9441887 2.7374711 -0.035422351 167.89285
1.9852602 2.8408618 -0.032486018 161.84225
1.9709171 2.9467237 -0.038481217 166.40648
1.9477997 3.0512071 -0.022521239 159.9218
1.9593436 3.1670294 -0.035487082 153.91948
1.9900274 3.2289016 -0.038054492 160.6564
1.9734181 3.3234341 -0.027891124 155.81604
1.9561081 3.4231594 -0.0035831388 143.85715
1.9591106 3.5048518 -0.0023566452 142
1.9474896 3.7380424 -0.017005621 174.22223
1.9841051 3.8526673 -0.01147318 180.25
1.9662006 -2.1779094 0.036719374 137.60001
1.9713197 -1.958442 0.0084529454 175.60001
1.9382714 -1.8499686 0.0060648569 181.68889
1.9908445 -1.7544388 0.0078956932 160.8
1.9259481 -1.6987507 0.0041340608 144.8
1.929103 -1.5151608 0.013503356 135
1.9602816 -1.4438591 0.0085624 127.5
1.9832189 -1.3966482 0.014463542 124.5
1.9696449 -0.87999243 0.039697532 201.88889
1.9097708 -0.72711784 0.011601464 138.05
1.9470938 -0.65715289 0.0063944007 146.94444
1.9546458 -0.55599558 0.005110357 176.8
1.9581022 -0.45280325 0.0075373687 180.8889
1.9456329 -0.32485354 0.0039935317 181.64999
1.9562368 -0.23124011 0.051582109 150.5
1.9343356 -0.0055261282 0.020370996 161.71428
1.9641196 0.14150085 0.055561621 131.36749
1.911864 0.22003983 0.019792063 160
1.9534979 3.1427681 0.0051010218 159.16667
1.9378067 3.2419491 0.022503998 152.55769
1.9541564 3.3685226 0.01628216 165.45238
1.9203657 3.6072807 0.023184882 145
1.9787157 3.9137049 0.014388043 185.5
1.9514029 4.0106306 0.013379926 188.39999
1.9678714 4.1331758 0.0012093058 186.66667
1.9890659 4.2453384 0.0094608851 173.75
1.9598848 -2.177633 0.14930038 138.39999
1.9687592 -0.8595438 0.10954507 206.66667
1.958977 -0.17047241 0.12248968 135.52698
1.9230356 0.0031357075 0.10967984 139.10715
1.9293034 0.17472279 0.13319068 128.66667
1.9611398 3.2758064 0.11130413 157.5
2.0155816 -2.2498 -0.11767835 163.04651
2.0281498 -2.1519496 -0.11772037 162.55096
2.0160525 2.6550252 -0.10752381 171
2.098608 -3.1760564 -0.024382377 152.5
2.0617208 -3.0440071 -0.034544315 150.58334
2.0616972 -2.9055743 -0.030538656 157.58334
2.0977073 -2.8417277 -0.029882235 161.6875
2.0541449 -2.6096144 -0.042968318 160.5
2.0523579 -2.540565 -0.048050847 166.6111
2.0630002 -2.4843826 -0.042923357 170.5
2.0664041 -2.3589597 -0.048538484 168.95206
2.0751643 -2.2483613 -0.045753509 164.27821
2.0780804 -2.1600671 -0.03514022 161.46935
2.0212622 -2.0476148 -0.033044029 164.94356
2.0529115 -1.9393402 -0.03494443 160.31699
2.0706091 -1.8171895 -0.0039737015 186.33333
2.0617797 -1.6529646 -0.017439133 177.5
2.0071964 -0.80127096 -0.0089669283 183.2
2.0560849 -0.75628138 -0.016822351 148.39999
2.0237947 -0.64906907 -0.02514137 159.66905
2.0530357 -0.55737156 -0.028692035 168.15417
2.0484252 -0.44764259 -0.030292174 175.03143
2.0329006 -0.3504445 -0.022345124 164.87315
2.0602484 -0.26858547 -0.034972154 163.50682
2.0414643 -0.1553033 -0.0320407 162.61687
2.058145 -0.042992782 -0.064330645 168.18106
2.0460079 0.038997468 -0.043644428 158.00372
2.0483146 0.12015237 -0.034446817 158.86258
2.0586822 0.21792436 -0.054276276 151.09483
2.0751395 0.31838942 -0.044781964 152.86905
2.0643945 0.41216251 -0.031228142 165.28333
2.0569105 0.52230787 -0.033597149 173.07143
2.0548682 0.64688689 -0.034637492 168.89111
2.0502331 0.73350245 -0.042992562 158.14857
2.0801468 0.85198206 -0.045367189 162.68333
2.0590158 0.94531101 -0.052858651 156.89999
2.0301418 1.0039281 -0.044056758 137.8
2.0494988 1.1246836 -0.072350517 163.33333
2.0809069 2.4116349 -0.057045352 179.33333
2.0658588 2.5453873 -0.045664545 160.85016
2.0433457 2.6476266 -0.036476355 161.30952
2.0532374 2.7597542 -0.031405441 156.51433
2.054189 2.8387783 -0.034584317 165.00572
2.0671599 2.9447668 -0.042933088 165.58763
2.0773606 3.0474224 -0.048159465 166.86539
2.0636542 3.1494453 -0.034021255 153.22485
2.0739923 3.2330067 -0.041218106 145.72728
2.0608249 3.3430173 -0.01800834 152.93256
2.0734365 3.4262264 -0.020639893 157.72223
2.0656018 3.5280712 -0.011111829 148.83334
2.0945287 -2.1812041 0.025655847 141.64285
2.0660858 -2.0412929 0.017145948 139.11111
2.0483212 -1.9213326 0.016607186 139.25
2.061132 -1.895584 0.0061321864 184.75
2.0527236 -1.7497255 0.0068647522 171.8889
2.0424352 -1.6463401 0.0098492866 138.125
2.047935 -1.5394719 0.0093278624 134
2.0823174 -1.4838991 0.0094418004 131.66667
2.0580785 -0.79421568 0.0093823085 140
2.0532694 -0.63396829 0.013975856 142
2.0872424 -0.55204481 0.0097818486 189.41666
2.0209603 -0.44319955 0.019910421 189.5625
2.042074 -0.34223008 0.010926221 186.27272
2.0178883 -0.23112468 0.0039516944 182.09091
2.0242059 0.25134194 0.0077166492 182.61905
2.0829968 0.32269782 0.0034115307 185
2.048389 3.043674 0.00081775343 165.89999
2.0656676 3.1665289 0.038542114 149.20749
2.0611296 3.2447631 0.02835294 158.42
2.0871027 3.3666239 0.045489743 188.60001
2.0313005 3.9845934 0.01041486 188
2.0425365 4.0235682 0.008167278 187.5
2.0727589 4.1269584 0.0034964443 183
2.0033545 4.3467803 0.0014120569 168
2.0905576 -1.9502795 0.10596769 118.75
2.0061219 -0.17699741 0.10657489 133
2.1444318 -2.3508148 -0.12597081 163.3
2.1090333 -2.2800303 -0.11812361 161.7
2.108345 -2.1828885 -0.12111722 163.83333
2.1220543 -2.0788872 -0.12831213 164.92424
2.1440365 -1.9475653 -0.10734121 176.01755
2.1398749 2.9670384 -0.11990155 171
2.1027222 -3.1272717 -0.033152018 161.75
2.1555114 -3.0222344 -0.035961665 157.56667
2.1867151 -2.9578578 -0.041269798 163.23077
2.1716802 -2.8165264 -0.039893843 165.83333
2.1322312 -2.7282617 -0.017561732 149.29546
2.1718154 -2.6154296 -0.050594162 153.59375
2.1739731 -2.544678 -0.049971767 173.89197
2.1542389 -2.4667528 -0.038252678 180.83333
2.1744485 -2.3425746 -0.044322878 178.50801
2.1771965 -2.256319 -0.049062654 160.52812
2.1715157 -2.1492753 -0.048542675 161.32407
2.1302288 -2.0517471 -0.03854949 168.53067
2.1440852 -1.9563442 -0.040263802 175.1412
2.1509004 -1.8889945 -0.057722021 153.92308
2.1538181 -1.7463226 -0.03118939 180.875
2.1653242 -1.6212802 -0.010140264 185.66666
2.1562316 -1.5638186 -0.030362399 197.25
2.1887417 -0.84757566 -0.0076320204 156
2.1290672 -0.74440151 -0.01792464 145.875
2.1430588 -0.67123055 -0.028679909 163.95239
2.1569045 -0.56155711 -0.022419216 161.36111
2.1555574 -0.45741048 -0.026421601 176.30832
2.145386 -0.35729924 -0.025662597 163.66667
2.1344182 -0.28062943 -0.030643856 173.85417
2.127774 -0.16154429 -0.043827262 164.20615
2.1340132 -0.055327523 -0.04956238 166.12732
2.1481962 0.023190515 -0.059838939 163.62
2.1694803 0.11113109 -0.073586546 157.57913
2.1796341 0.2395526 -0.040759984 131.59302
2.1745081 0.33122867 -0.034345891 150.17429
2.1624434 0.43374088 -0.041257713 156.38341
2.1600721 0.52694714 -0.038428925 172.95833
2.1492972 0.64172894 -0.042449433 162.45731
2.1261609 0.73534846 -0.040460933 162.04167
2.159781 0.84958696 -0.046122622 154.83333
2.1557629 0.91736102 -0.063064158 185.75
2.1221976 1.0184134 -0.054152265 159.625
2.1489425 1.1426846 -0.057090614 147.16666
2.1121058 2.3275554 -0.068822294 170
2.1476607 2.4453642 -0.04168091 154.875
2.1434646 2.5532835 -0.046698481 158.08669
2.1505933 2.6627622 -0.029151233 154.89375
2.1352296 2.7422791 -0.029098475 160.31325
2.1541648 2.8616438 -0.022935027 157.95973
2.1745219 2.9513299 -0.042044006 166.91911
2.1637816 3.0573981 -0.031116737 168.89211
2.1563559 3.1368043 -0.030968511 153.74776
2.1471503 3.2590256 -0.040357698 159.58066
2.151027 3.353101 -0.031451657 157.72824
2.1539934 3.4493418 -0.024249561 165.89128
2.149312 3.5586834 -0.010900467 160.60001
2.121593 3.6886241 -0.011391066 151.75
2.1287141 3.7711272 -0.0092051951 137
2.135448 3.8609579 -0.010609529 128.5
2.1566172 -2.1621938 0.0097848428 141.5
2.1854231 -1.9546289 0.029097587 136
2.1497874 -1.8501658 0.0099816797 164.75
2.1865711 -1.7237408 0.0049564787 163.31667
2.1223028 -1.6325825 0.011081805 139.25
2.1365268 -1.5884399 0.039746158 208.29167
2.1292195 -1.4087336 0.011209949 126
2.1792102 -0.86070609 0.044254959 188.68889
2.1144133 -0.73043168 0.019930851 142.33333
2.1694269 -0.66787457 0.0092094876 129.16666
2.1669867 -0.53913748 0.013820482 148.41666
2.1695235 -0.43393379 0.0037382538 190.10001
2.1227784 -0.33979833 0.013087748 189.16667
2.1339016 -0.23596939 0.0099641997 186.84616
2.1477282 -0.13538586 0.012416105 185.88889
2.1372776 -0.049714316 0.0088802222 184.64285
2.15429 0.082757391 0.0060796556 159.8492
2.1609216 0.1598652 0.0080533838 165.74747
2.1515329 0.25160268 0.0070183771 167.43274
2.1576848 0.35575262 0.0055006268 189.25
2.1801221 2.5156772 0.074568048 126.88889
2.1437156 3.0690818 0.014798889 176.65625
2.1842396 3.1469152 0.010855736 151.25
2.151648 3.2719178 0.040425587 188.09232
2.1983609 3.3767147 0.045683615 183.9375
2.1501284 3.4388428 0.037674442 183.45
2.1722655 4.1924238 0.050298158 169.2
2.1214323 4.2368965 0.026091153 168.94444
2.1444464 4.3548946 0.0092123989 157.33334
2.1332545 -2.1729438 0.1031873 143.42857
2.1285226 -1.9351798 0.11022894 134.04546
2.1291082 -0.85991895 0.13597311 202
2.127759 3.168505 0.1277267 129.64285
2.1780546 3.2437689 0.13448696 126.86364
2.2056 -2.2823644 -0.10300758 168.13333
2.206136 -2.1847055 -0.1066708 169.62318
2.2449088 0.047838975 -0.11190312 170.5
2.2041943 -3.21192 -0.026996685 151.75
2.2054653 -3.1111381 -0.027917581 163.2
2.253262 -2.9289379 -0.03636276 169.77777
2.2730391 -2.8718293 -0.040285245 172.13971
2.2752194 -2.7398627 -0.045887217 180.625
2.2613659 -2.6588092 -0.038640175 151.41687
2.2610536 -2.5271726 -0.029128863 166.48267
2.2494452 -2.43646 -0.055727273 168.39693
2.2423813 -2.3401377 -0.050992515 177.98778
2.264343 -2.2349408 -0.034653213 181.21791
2.2336657 -2.1363008 -0.031436097 181.96712
2.2406318 -2.0491657 -0.045032799 177.68555
2.2441032 -1.9446424 -0.048891906 175.25117
2.2511649 -1.8460188 -0.027630681 184.95834
2.2530987 -1.7710351 -0.045795698 184.64835
2.2533135 -1.6289059 -0.026143935 185.66667
2.2801683 -1.5079889 -0.010794275 177
2.2859092 -1.4616432 -0.0033858949 173
2.246695 -0.83117598 -0.0038423934 143.25
2.2604594 -0.74901831 -0.019413358 154.56667
2.2557514 -0.6592136 -0.024552412 151.875
2.2406025 -0.55447334 -0.025736567 175.25523
2.2354174 -0.45197999 -0.022051094 167.10666
2.2468064 -0.34934977 -0.025950549 171.90555
2.2268229 -0.25251433 -0.020237615 169.02531
2.2433743 -0.17705701 -0.034579922 177.53821
2.2334392 -0.045274064 -0.048946396 166.05496
2.2517288 0.039764557 -0.045707617 164.0278
2.2649484 0.13416453 -0.04541513 145.19987
2.2682402 0.24184512 -0.041040245 142.75711
2.2475681 0.3413097 -0.057824455 151.53233
2.2603652 0.45273402 -0.049729504 168.29118
2.2422793 0.53913593 -0.039877065 169.14734
2.2405484 0.65120971 -0.034919403 158.31065
2.2192461 0.73861486 -0.043665644 180.77777
2.2562001 0.84115082 -0.035135284 145.84259
2.2379677 0.93224472 -0.038480323 153.505
2.2425964 1.0442054 -0.049374484 155.17778
2.2600393 2.365211 -0.042175274 146
2.2347403 2.4648795 -0.04416322 143.33334
2.2545929 2.5424244 -0.039777208 158.33456
2.2444081 2.6404793 -0.032808546 149.7455
2.2387528 2.737911 -0.025286473 161.96071
2.2502809 2.8463104 -0.027033512 160.71098
2.2633328 2.946919 -0.017701704 163.65288
2.2690339 3.0555665 -0.031130483 151.7549
2.2278616 3.1785362 -0.027382364 163.46382
2.238168 3.2528934 -0.034647197 167.2726
2.2524698 3.3468254 -0.034604575 159.91457
2.2653127 3.4600084 -0.017256673 160.36578
2.2314198 3.5639918 -0.0084811701 133
2.2152288 3.6573679 -0.013134809 146.8889
2.237829 3.7581263 -0.0093837073 133.66666
2.2595315 3.8627067 -0.01203082 127
2.2702613 3.9029422 -0.004132336 125
2.2119865 -2.2407117 0.02422093 145.2
2.2281961 -1.9157537 0.034362674 143
2.2531922 -1.8539801 0.037212316 145.10606
2.2794495 -1.7939948 0.0081803445 139.75
2.2586172 -1.5451698 0.04103386 179.7
2.2865894 -0.91447508 0.096689738 209
2.2958593 -0.8663128 0.040931333 190.625
2.2244318 -0.77491158 0.016206479 146.5
2.2566071 -0.62904859 0.011584307 136.75
2.267715 -0.56658894 0.016817793 148.5
2.2621179 -0.46233711 0.012592657 149.40741
2.2000546 -0.31608754 0.001652252 191
2.2206514 -0.242889 0.0072934451 190
2.2266486 -0.12415641 0.009621731 189.8
2.2173686 -0.027033707 0.0099472059 189.25
2.2097216 0.06655585 0.014613961 188.57143
2.2581789 0.13467032 0.026214229 156.64665
2.2426527 0.24956295 0.0090737119 171.41666
2.2449546 0.36327821 0.0026248747 159.125
2.2326908 2.7947876 0.0071449066 139.90909
2.2220447 2.9639568 0.022227906 190
2.2590103 3.0434029 0.012612097 164.56044
2.2537203 3.1545641 0.046492603 159.60625
2.2569723 3.2242756 0.020525156 156.5
2.2625732 3.3410459 0.021711564 162.08334
2.2820752 3.4589236 0.024071047 168.21814
2.2605171 3.5721111 0.018384825 188.5
2.2425623 3.6524358 0.0076428889 190.5
2.2645369 3.7278936 0.008477184 191
2.2727864 3.8176675 0.0074612023 191
2.2764163 4.0401893 0.063990153 170.5625
2.2726426 4.1592751 0.060959537 172.83333
2.2343769 4.2631969 0.055253997 165.33333
2.2748585 4.3773308 0.060331296 153.5
2.296844 -2.3255064 0.14156944 130.8
2.2623625 -1.5604466 0.11099119 202
2.2766354 -0.90757293 0.13663648 209.33333
2.290755 -0.81486827 0.15528998 200.91667
2.292479 -0.24323528 0.13385123 149
2.2688098 -0.14773138 0.10819164 164.89999
2.211638 2.5117691 0.11361691 128.66667
2.2418809 3.1446817 0.1393705 142.82001
2.2410569 3.2434316 0.18345988 146
2.3377936 -3.3121388 -0.027561182 140.33333
2.3257816 -3.2029364 -0.022405598 148.75
2.3615303 -3.100812 -0.022083072 157.66667
2.3335662 -3.0368474 -0.025703868 168.3889
2.3674698 -2.92451 -0.020807892 175.22223
2.347955 -2.8244286 -0.044289462 179.24638
2.3635111 -2.7486527 -0.023057977 154.71677
2.3532143 -2.6439221 -0.025692839 154.12
2.3475633 -2.5168774 -0.025300931 147.93071
2.3470376 -2.4440989 -0.043946121 171.07642
2.3490186 -2.3757267 -0.059961148 177.72165
2.3627667 -2.2691998 -0.052613579 177.18607
2.3431213 -2.15169 -0.053248808 183.10034
2.3311353 -2.050715 -0.047514737 175.47253
2.3611588 -1.9442142 -0.052347865 174.12759
2.3433607 -1.8640572 -0.034004048 184.30096
2.323772 -1.7385906 -0.026066063 176.16089
2.3633788 -1.648874 -0.064247839 189.86665
2.3487773 -1.5324821 -0.028499672 189.45834
2.3684988 -0.85359383 -0.0085483165 160.77777
2.3709269 -0.75820518 -0.015345582 147.58333
2.3490417 -0.6530112 -0.017686037 178.00002
2.3302913 -0.55489796 -0.02281286 155.15475
2.3384488 -0.45907262 -0.022095766 172.60715
2.3404863 -0.34936097 -0.017717317 180.60358
2.3404391 -0.26672024 -0.028523702 174.2326
2.345943 -0.15244171 -0.024715312 167.11841
2.3340762 -0.06740319 -0.044384398 157.4101
2.3461452 0.043192089 -0.046335809 156.19365
2.3439195 0.15208939 -0.033953093 142.47333
2.3177481 0.25035897 -0.035689432 152.31775
2.3548858 0.3581576 -0.035936143 168.24922
2.3362422 0.45214725 -0.037236929 171.28259
2.3416669 0.52251345 -0.032786597 174.40797
2.346817 0.64174139 -0.038057663 161.10767
2.3473458 0.75240231 -0.032120384 149.20834
2.3716147 0.84540713 -0.037422162 165.48788
2.3678207 0.96830052 -0.037786119 150.96666
2.3565698 1.0517118 -0.048478782 147
2.3420963 1.1110519 -0.053683061 146.5
2.3852925 2.3819356 -0.060276959 159.5
2.3591375 2.4648893 -0.03916638 156.14743
2.3599215 2.5525298 -0.031298861 153.32581
2.3465316 2.6492555 -0.042395834 172.25806
2.3519063 2.7527425 -0.029653877 156.49034
2.358856 2.850137 -0.017675567 162.76071
2.3673749 2.9485626 -0.027596479 163.64264
2.3555348 3.0453515 -0.031168183 153.21777
2.3508661 3.1650195 -0.054520518 165.18845
2.3558855 3.270416 -0.025544174 165.01225
2.3644426 3.3522904 -0.020457992 153.63789
2.3600497 3.4625595 -0.014144429 155.66116
2.3689685 3.5647433 -0.014404103 149.56215
2.337023 3.6310554 -0.017905761 147.35333
2.3668482 3.7486007 -0.0086844694 148.3889
2.3657603 3.8583839 -0.0022333958 180.57143
2.33009 -2.4118991 0.0010095701 161
2.325264 -2.2882698 0.064524412 135
2.3859947 -2.0955439 0.038026992 116
2.3238833 -1.912743 0.0070561501 164.63571
2.3619809 -1.8527322 0.009260389 162.14285
2.3733695 -1.7483987 0.0042414637 159.92857
2.3472366 -1.621817 0.0052635348 158.625
2.3362756 -0.89828789 0.04080914 211.88889
2.3354199 -0.79716259 0.032712646 158.2
2.3218911 -0.68747485 0.014335054 146.71428
2.3662899 -0.55314249 0.01257466 154.46875
2.3006456 -0.44131595 0.011307324 146
2.3631053 -0.34490183 0.018272309 172.33334
2.3139768 -0.13696855 0.040707666 137.83333
2.3648522 0.14575268 0.023617048 155.90001
2.3660693 0.27504072 0.0042892806 155.39999
2.3419335 2.8716273 0.015201521 187
2.3049819 2.9765048 0.022964817 192.71428
2.3664751 3.0749898 0.0181044 167.60771
2.3358912 3.1398802 0.040145129 155.50833
2.3528736 3.2515175 0.023020197 161.81529
2.3660991 3.3514695 0.025526199 159.71986
2.3380804 3.4396918 0.0091486461 185.07143
2.3414254 3.5364277 0.018754845 157.26167
2.3581877 3.6359818 0.0311419 151.60001
2.3499122 3.7615407 0.018287677 189.42857
2.359756 3.8807399 0.026011392 172.31667
2.361686 3.9672968 0.025802167 177.98485
2.3631389 4.0578547 0.035721321 181.33333
2.3514566 4.1571274 0.033698212 178.22916
2.3337405 4.2665501 0.032677088 168.25
2.3961129 4.3799772 0.062488668 157.5
2.3836696 4.4496284 0.067553475 150
2.340426 -2.4568372 0.13343987 137
2.3564901 -2.3306174 0.12420192 130
2.3815842 -0.85641032 0.13921526 200.4861
2.3289022 -0.21807848 0.14009884 148
2.3934257 -0.17166921 0.15930739 147
2.3348978 3.1332276 0.15172215 152
2.4679415 -3.3106108 -0.02484804 139.75
2.4446521 -3.1509483 -0.021012753 147.70834
2.4941936 -3.0327082 -0.02524562 153.60001
2.4721777 -2.9235694 -0.019212794 147.13333
2.4363625 -2.8375022 -0.018591017 152.73683
2.4732528 -2.7295401 -0.026021762 160.08749
2.4486337 -2.6459451 -0.036860764 172.44856
2.4534056 -2.5562887 -0.039541796 168.46167
2.4628317 -2.440208 -0.053249203 175.78372
2.4668427 -2.3590381 -0.056133293 183.71405
2.4597085 -2.2602274 -0.043062765 173.95387
2.444123 -2.1582987 -0.045634769 170.62788
2.4395399 -2.0514095 -0.039803691 171.16742
2.4410374 -1.9473114 -0.039180674 174.57672
2.4526794 -1.8624147 -0.067185432 189.17857
2.4370704 -1.7720703 -0.037327554 188.51668
2.4635415 -1.6341213 -0.0079536503 158.53334
2.4106092 -1.4309162 -0.0088861659 174
2.4580646 -0.84622443 -0.0074912868 155
2.4013522 -0.72047174 -0.036035068 134.5
2.4341938 -0.64949787 -0.015578154 149.85001
2.4453526 -0.53285933 -0.018475512 170.42911
2.4371696 -0.43860567 -0.011500958 173.7262
2.4480085 -0.36014026 -0.022082716 165.00644
2.4371047 -0.26089293 -0.030678978 177.31294
2.4348695 -0.14507999 -0.039112452 167.86136
2.4368718 -0.069948517 -0.038138192 161.92905
2.4412706 0.041141521 -0.033429228 159.30013
2.4368649 0.13513397 -0.032685895 154.30699
2.4285152 0.25697881 -0.028298346 157.68723
2.4377158 0.36277506 -0.030156655 161.7588
2.4331157 0.44913545 -0.039884299 167.96327
2.4365737 0.54494786 -0.029760152 158.53288
2.4494765 0.64079696 -0.028729653 166.35004
2.4463661 0.73166233 -0.030942276 160.73691
2.4529159 0.85970336 -0.031809896 136.16666
2.480547 0.94339204 -0.04113337 156.03056
2.4666631 1.0424471 -0.044220362 149.77777
2.4844828 1.5246723 -0.016615041 166
2.4461224 2.2954128 -0.030919913 150.66667
2.4774516 2.4653587 -0.028823456 153.46297
2.4783075 2.5657725 -0.026626768 152.77084
2.4510846 2.6476531 -0.027999509 156.01192
2.4656713 2.7593558 -0.027531067 159.21107
2.4561844 2.8566284 -0.031959068 177.77383
2.4601591 2.9392829 -0.024498606 159.47025
2.4625096 3.0277805 -0.026508024 154.161
2.434952 3.1487243 -0.03785624 170.73836
2.447062 3.2313485 -0.039003816 163.175
2.463038 3.3691509 -0.032700907 166.63113
2.4485285 3.4542642 -0.01437504 162.54837
2.4684117 3.5420573 -0.014769395 146.92699
2.4245126 3.6272941 -0.022041457 139.625
2.4473708 3.7291765 -0.010692355 155.40384
2.4121544 3.8590786 -0.0042718481 154.59259
2.4593291 -2.4637904 0.003213844 159.66666
2.4361823 -2.3386507 0.076726414 141
2.4978604 -2.0612695 0.0087573342 117
2.4603665 -1.8319649 0.0088854535 145.769
2.4371257 -1.7214906 0.010859921 156.425
2.4983497 -1.6615397 0.010870209 188.875
2.4206944 -1.5382485 0.0094781052 157.75
2.4531574 -0.83185774 0.058529384 196.85834
2.4540038 -0.73674899 0.007292999 146.77777
2.4255049 -0.63754714 0.018108208 158.33334
2.4491901 -0.53858894 0.013974284 165.6111
2.4328134 -0.41319501 0.014832636 144.33333
2.4672065 -0.33396912 0.043944094 166.5
2.4402256 -0.26099822 0.032748044 141.5
2.4171143 -0.19105276 0.013958254 148.97368
2.4198608 -0.090919092 0.00049573352 149.10527
2.4369795 0.25229761 0.0064886156 146.59013
2.497556 0.38310763 0.0064675841 167.33333
2.4359615 2.8460991 0.016404683 170.83333
2.4232445 2.9272594 0.063095808 160.71429
2.4088812 3.0838475 0.017403472 150.60001
2.4449122 3.1621003 0.035006125 166.0432
2.4545181 3.2669015 0.015655374 150.89333
2.4381428 3.4562652 0.020863967 151.22183
2.4542937 3.560462 0.026637418 169.37056
2.4448109 3.6606054 0.018171377 183.05263
2.4544227 3.7742472 0.014344421 173.59583
2.4540339 3.8694656 0.017716112 171.76199
2.4437284 3.9667282 0.025008734 175.98499
2.4431655 4.0475888 0.0282757 181.44444
2.4398432 4.1678295 0.031305954 182.10001
2.4343503 4.2730913 0.032677352 169.48334
2.4947472 4.3752193 0.062234379 157.5
2.4900804 4.4740162 0.069141157 144.5
2.4187157 -2.4053078 0.12953439 130
2.4121029 -1.93018 0.16031571 216
2.4545825 -0.82883888 0.12948154 207.55
2.4463241 -0.28077814 0.12164991 138
2.4729431 -0.12061691 0.15592279 139.95651
2.4720337 3.2961266 0.11053426 128.05
2.4254856 3.5316637 0.1259656 155.5
2.5837901 -3.2490158 -0.025256436 138.41666
2.5361588 -3.1333418 -0.024484485 143.25
2.5847034 -3.0342789 -0.016648006 134.89999
2.5401375 -2.9482718 -0.01556892 145.10001
2.5621395 -2.8187885 -0.030626809 151.61765
2.5678792 -2.716351 -0.039498359 174
2.561425 -2.6413507 -0.0381294 168.33128
2.547559 -2.5250683 -0.048327297 175.31795
2.5268531 -2.4498708 -0.057851605 178.06667
2.5540438 -2.3553498 -0.043996848 170.40952
2.5528858 -2.2462797 -0.037980359 168.22363
2.5511379 -2.1625378 -0.031850968 159.25237
2.5388255 -2.0672159 -0.045955326 164.95041
2.5326147 -1.9561247 -0.026993727 165.71297
2.5558348 -1.856315 -0.043171275 180.84758
2.5393603 -1.5376396 -0.0087467777 160.95833
2.5522501 -1.4063742 -0.013177626 171.25
2.5263903 -0.74481463 -0.022059595 156
2.5460224 -0.63274854 -0.014373115 162.56667
2.5332792 -0.53930175 -0.019034173 168.17334
2.5458834 -0.44651866 -0.013851934 173.83226
2.5386121 -0.35725594 -0.014563684 182.52885
2.5319135 -0.25141993 -0.029612992 164.29199
2.541754 -0.14636384 -0.034853976 169.67325
2.5345893 -0.043978758 -0.029079588 159.40926
2.5574734 0.063604832 -0.035047185 163.33521
2.5456734 0.16107132 -0.033852153 158.62849
2.532577 0.25893056 -0.030873703 155.33926
2.5538328 0.37108716 -0.019124193 149.31235
2.5422735 0.46687388 -0.030215589 167.60251
2.5505972 0.54711431 -0.023928834 171.73796
2.5418305 0.65953058 -0.027287569 159.2411
2.5356541 0.75147796 -0.026868587 170.10834
2.5459118 0.85213089 -0.030386174 149.11041
2.5675371 0.97389758 -0.044376153 167.55556
2.5620337 1.0387303 -0.03607697 150.6389
2.5449162 1.1557306 -0.030991148 148.16667
2.5162244 1.2818927 -0.027000645 162.66667
2.5432999 1.4277661 -0.018534806 170
2.5444696 1.5442562 -0.0174767 176.75
2.5157368 1.6445405 -0.012480648 177
2.5553882 1.7823049 -0.0094182398 181.33333
2.5483851 2.0135627 -0.026029322 144.5
2.5497689 2.1923273 -0.030559901 159
2.5599284 2.3471508 -0.031071212 165.33334
2.5698545 2.4611149 -0.027016263 148.28889
2.5535569 2.5666807 -0.026981356 146.2639
2.5583506 2.6377704 -0.024075748 154.94444
2.5490813 2.7486584 -0.042429518 175.125
2.5314047 2.8468442 -0.029186111 169.41927
2.5643954 2.9643166 -0.036425516 174.10596
2.5512829 3.0500915 -0.028215142 152.75821
2.5552599 3.1763866 -0.015988125 172.52499
2.5473228 3.227777 -0.014335053 150.18182
2.5734289 3.3939688 -0.024867577 173.317
2.5455468 3.4634824 -0.021780217 166.71994
2.5586035 3.5376675 -0.018554119 143.05118
2.5603411 3.6459923 -0.01660829 147.92982
2.530992 3.7397866 -0.02124227 173.46153
2.517072 3.8438339 -0.0059474185 156.19231
2.53232 -2.503849 0.055827323 140.18182
2.5910635 -2.4331784 0.014963168 156.875
2.5900388 -2.062161 0.00026225596 133.44444
2.5604768 -1.8630953 0.0030750819 144
2.5844929 -1.7627536 0.0067708897 148.10667
2.5460587 -1.6317394 0.01345114 153.61111
2.516891 -1.5235107 0.0080304202 192
2.5475512 -1.4704359 0.016764686 190.91666
2.5366046 -0.8493157 0.043497086 191.42737
2.5561414 -0.76747859 0.0054237139 159.43333
2.5241354 -0.67329878 0.020112906 163.5
2.5322313 -0.59909397 0.010158949 175.2
2.5540948 -0.44341245 0.00469467 172.59723
2.5546141 -0.35511616 0.027877029 160.75
2.5338907 -0.26057032 0.029783124 154.93777
2.5636306 -0.14863402 0.021708222 165.3913
2.5442286 -0.092846654 0.044736773 145.61635
2.5324755 0.045792259 0.012259643 147.28571
2.5457158 0.18935618 0.016326426 151
2.5575509 0.29826525 0.013195906 161.81818
2.5459399 0.37742114 0.0043996056 144.33334
2.5406032 2.781786 0.0096522998 162.65625
2.5304163 2.8883629 0.016673243 169.7625
2.5191288 2.976099 0.054189865 159.10001
2.506422 3.0637054 0.037675928 159.5614
2.5453422 3.1602471 0.03252507 152.20193
2.5432801 3.261833 0.022429595 156.79112
2.5443978 3.33743 0.030160123 158.2
2.5603168 3.4381146 0.024050035 150.6685
2.54094 3.5497015 0.029096367 154.07782
2.5391631 3.6543133 0.019973805 154.17609
2.5540195 3.7759428 0.014547416 170.3924
2.5474312 3.891701 0.012027618 152.6241
2.5406554 3.9597204 0.027303744 176.50221
2.5261405 4.0432925 0.01875131 186.60001
2.5539155 4.151165 0.029647471 177.38554
2.5624321 4.257916 0.027072959 171.54167
2.59478 4.3721151 0.040537104 155.625
2.5972736 4.4559937 0.066445351 139
2.5239279 -2.5095146 0.11321965 137.53571
2.5581131 -2.4138806 0.12275968 153.25
2.5822091 -2.396075 0.13951854 134.88235
2.5547655 -2.068825 0.13499005 139.47429
2.5460198 -0.86057162 0.14168373 205.31389
2.5369017 -0.23454264 0.12681054 131.42525
2.5850101 -0.14803384 0.14577869 132
2.5100815 2.389225 0.10616954 120
2.5984352 3.2844334 0.11642411 129.5
2.6138692 -3.319077 -0.022463564 139
2.6991973 -3.2006307 -0.029955158 141
2.6448386 -3.1005571 -0.020608591 141.2
2.6677608 -2.9389319 -0.016402716 134.58334
2.6338058 -2.8356328 -0.016257716 140.22223
2.6640525 -2.7303398 -0.032105461 152.39999
2.6461964 -2.5463977 -0.052329138 177.84015
2.6430869 -2.44315 -0.055404499 166.67239
2.6695018 -2.3554697 -0.039447393 165.32275
2.6621091 -2.2498817 -0.04462795 164.60555
2.6516101 -2.1495512 -0.043357443 154.48021
2.6285768 -2.065963 -0.053738445 160.85703
2.6492157 -1.9617345 -0.05362111 165.11951
2.6593373 -1.8673409 -0.01718091 160.35098
2.6780345 -1.7507883 -0.010539205 161.53333
2.6669199 -1.4734039 -0.014942064 141.5
2.6292429 -0.87728214 -0.0041091833 193
2.6283998 -0.74843329 -0.0045260955 160.22501
2.6439795 -0.64520109 -0.011592008 166.13333
2.6615186 -0.54962194 -0.0065244427 185.29675
2.6389022 -0.44848001 -0.015937973 169.95233
2.6445034 -0.34943277 -0.022952231 170.93193
2.6272199 -0.24320972 -0.026108475 165.41206
2.6327572 -0.16127245 -0.037962537 168.59666
2.6387153 -0.057983361 -0.029890692 148.83707
2.6621287 0.052192822 -0.035077434 158.38229
2.6554048 0.16814841 -0.024986951 163.99921
2.6438668 0.25256133 -0.011110876 141.38651
2.6483095 0.35388458 -0.020832431 152.15462
2.6510723 0.45167801 -0.021933006 163.4153
2.6491878 0.55405813 -0.022773875 161.26793
2.6522706 0.64951193 -0.025951222 167.58879
2.6541138 0.7603308 -0.024229454 150.8983
2.6608174 0.83409971 -0.026572226 157.69444
2.6413527 0.92483443 -0.033927526 160.825
2.6513176 1.0282927 -0.034123611 168.78572
2.6784956 1.1425426 -0.032295782 121
2.6636827 1.2261324 -0.033947699 156.25
2.6511753 1.3299966 -0.02868299 158.1111
2.6677854 1.4676881 -0.030809663 159.23334
2.6433568 1.5934075 -0.011125862 187.39999
2.6001496 1.6775613 -0.0053307475 180.2
2.6584463 1.756439 -0.0069415513 189.16667
2.6332884 1.8621259 -0.01509099 162.2
2.639992 1.9320267 -0.0062226844 186.5
2.6645114 2.0516853 -0.017405549 175.625
2.6818197 2.2727737 -0.025295783 175.25
2.6765733 2.3919549 -0.026569473 162.175
2.6740746 2.452692 -0.033657208 156.22501
2.659739 2.5431325 -0.026745785 160.09721
2.6380837 2.6578088 -0.025602475 169.86667
2.6324823 2.7291336 -0.027185146 161.61667
2.6417575 2.8538549 -0.024534658 171.72586
2.6447589 2.9454708 -0.016451212 165.48334
2.6775279 3.0351851 -0.012492678 153.93056
2.6404343 3.149066 -0.010714458 158.0625
2.6041784 3.2811112 -0.011340465 169
2.6622369 3.3614705 -0.015627835 167.91289
2.6637628 3.4458752 -0.016961766 156.23251
2.6431191 3.539505 -0.016138041 159.86902
2.6435192 3.6531768 -0.017413188 149.94296
2.6200857 3.747822 -0.010293572 154.14285
2.6457875 3.833014 -0.0032556944 153.45834
2.6272388 -2.4090545 0.056243867 150.5
2.6682744 -2.3891149 0.062167112 125.95238
2.6716721 -2.2547622 0.0049196747 153.44949
2.6939418 -2.121563 0.010162381 150.61539
2.6400521 -2.0566816 0.064898118 121.42857
2.616828 -1.9484857 0.0019453595 159.8
2.651825 -1.8100226 0.0075075827 165.39999
2.6565955 -1.6901698 0.013842131 184
2.6169519 -1.5809479 0.017293112 189.75
2.6536899 -0.84597647 0.04415223 200.00081
2.6585491 -0.76630229 0.0093956348 162.02222
2.6427617 -0.64626753 0.0087905154 163.85185
2.6104748 -0.50802612 0.00035693948 150.66667
2.6582806 -0.43726483 0.020886561 173.05238
2.6206138 -0.31410682 0.035543729 163.14285
2.6418543 -0.23940942 0.023165569 169.28333
2.6530173 -0.15670739 0.016305504 177.22116
2.6334534 -0.017801953 0.02024175 166.075
2.6387217 0.075593472 0.012781901 168.66162
2.6397829 0.17004153 0.010156154 172.27142
2.6465001 0.2670055 0.0018603698 173.70834
2.681077 0.32858515 0.0064824088 142.35715
2.6888535 0.54717362 0.0012619245 189
2.6343265 0.65934384 0.021309735 159
2.6309505 2.7900038 0.008615111 166.5
2.641557 2.8987932 0.019146638 190.39999
2.6355355 2.9178929 0.0036425788 151.8
2.6388311 3.0536885 0.020659339 176.8
2.6588955 3.169071 0.016782889 162.62587
2.6568074 3.2318935 0.021213084 174.13889
2.6470311 3.3285387 0.025518334 166.21385
2.6338356 3.4566135 0.0253304 147.45193
2.6709373 3.5664434 0.058423694 146.7494
2.652904 3.6752059 0.03098416 162.33333
2.656992 3.7684326 0.01658887 163.14111
2.6670532 3.872859 0.011082771 149.7961
2.6350689 3.9718425 0.025148155 179.81018
2.6189075 4.063343 0.013848045 189.33334
2.6641095 4.1481161 0.030623706 180.48244
2.6789088 4.2568436 0.04422855 169.18333
2.6607146 4.3642926 0.065849647 150.23334
2.6021571 4.4985003 0.074825808 134.33333
2.6052101 4.5893059 0.06361156 135
2.6103752 4.6031394 0.08046522 128
2.6624749 -2.5513961 0.15057135 128.5
2.6130893 -1.380852 0.15682265 202.25
2.6479149 -0.82963407 0.1391557 202.88635
2.6162128 -0.79372734 0.16869202 196.25
2.6966336 -0.76744437 0.22120871 196
2.7640202 -3.3081226 -0.023240307 135.33333
2.7229199 -3.2379942 -0.024519984 137
2.7877648 -3.1023536 -0.020523246 141.5
2.7450943 -3.0482292 -0.022768022 141.25
2.7466543 -2.9530554 -0.017295275 131.92857
2.7696033 -2.83795 -0.047772821 152.5
2.7384005 -2.7683725 -0.030504523 158.375
2.7624495 -2.6722517 -0.045016155 162.91667
2.7659163 -2.5377631 -0.029936807 151.40668
2.7514396 -2.4514165 -0.044307921 161.57692
2.7785025 -2.3489735 -0.039836049 152.62427
2.7757893 -2.2551427 -0.043698978 153.34956
2.76724 -2.1391091 -0.040671598 154.8013
2.7445519 -2.0639496 -0.047893099 155.54938
2.725997 -1.9411069 -0.036252446 153.66129
2.7588387 -1.8249862 -0.0079746181 138
2.7163768 -1.7223516 -0.0013676531 141
2.7091835 -1.4414972 -0.010509709 157
2.7611647 -0.8731817 -0.0028864786 191.5
2.7280207 -0.76461977 -0.0053572236 154.2
2.7462206 -0.64997876 -0.0083263312 168.83333
2.7283564 -0.53557765 -0.018701715 158.66666
2.7569373 -0.46415564 -0.017856667 163.96924
2.7588828 -0.36563173 -0.027599001 164.7802
2.7333336 -0.2504535 -0.033523969 163.9583
2.7302611 -0.13978566 -0.03334713 162.52106
2.746968 -0.048529837 -0.02555866 150.27638
2.7143157 0.03980349 -0.037388377 161.87219
2.7377727 0.17337245 -0.01493893 150.09991
2.7510605 0.24874496 -0.018683821 162.12451
2.7474945 0.34400785 -0.014950039 153.42761
2.7562866 0.44695646 -0.017927606 158.06688
2.753669 0.53584218 -0.019988045 166.76399
2.7624061 0.6488483 -0.020533681 156.54309
2.7478483 0.73438948 -0.018927662 150.65607
2.7629185 0.85299414 -0.023527484 149.70758
2.7563355 0.9516511 -0.027023016 180.85834
2.7513108 1.050965 -0.033918943 155.45833
2.7291896 1.1436086 -0.033601049 167.45334
2.7770488 1.2051316 -0.017371502 180.33333
2.7462502 1.3127017 -0.018906062 182.2
2.7447882 1.4537169 -0.034437392 158.22223
2.7660224 1.5630095 -0.024942484 169.20834
2.727787 1.6647999 -0.029580556 170.39999
2.7912259 1.763742 -0.0014321592 186.8
2.7633841 1.8526863 -0.00017432272 188.625
2.7077639 1.9613736 -0.018551473 173.53333
2.7652154 2.0675454 -0.014520355 181.5
2.7648573 2.1609144 -0.017091706 185
2.7444475 2.2978816 -0.04932595 170
2.7648432 2.3618386 -0.033891715 167.38889
2.7817068 2.458622 -0.033101693 167.05
2.7555871 2.5544 -0.031507604 172.37738
2.7318239 2.6443357 -0.026955798 162.34888
2.7519557 2.7518177 -0.037456676 167.91272
2.7530661 2.8410697 -0.019578254 158.22783
2.761771 2.9442744 -0.014855307 167.47334
2.7675171 3.0537226 -0.0083845286 172.07729
2.7577839 3.1580029 -0.017248388 150.6515
2.7457693 3.2802315 -0.015973078 148.86549
2.7565289 3.3468571 -0.02187671 160.65706
2.7610996 3.4510446 -0.021895137 153.21738
2.7544894 3.5595627 -0.017375493 149.63083
2.7381597 3.6805148 -0.01831004 156.35715
2.732656 3.7476077 -0.010883568 149.40475
2.7667785 3.8530028 -0.014849304 144.25
2.7220016 -2.6166413 0.03422327 117
2.7849879 -2.5719051 0.0080224834 143.375
2.7836721 -2.4594653 0.01257949 143.8
2.7123699 -2.0507457 0.039453898 130.83862
2.715826 -1.9114155 0.012134471 161.16667
2.7311997 -1.8220158 0.010605425 165.83333
2.738646 -1.7205763 0.0066196863 166.8
2.7912464 -1.6527765 0.0076042749 167.33333
2.7413673 -1.4289097 0.043504264 209.08334
2.7646885 -0.84196943 0.041843027 191.79507
2.7651367 -0.73006511 0.0084834024 175.20834
2.7423954 -0.64150792 0.0044421307 170.09166
2.7313032 -0.53128147 0.00088352838 166.325
2.7480376 -0.44067502 0.0046958649 174.03424
2.7446685 -0.35161033 0.014720447 180.41667
2.728364 -0.24117915 0.013460164 181.24405
2.7405133 -0.12691481 0.052049197 162.59525
2.7416794 -0.055770878 0.01215541 166.36263
2.7451198 0.056856602 0.0079034874 175.77534
2.7640665 0.15295403 0.0039235982 162.45833
2.7303336 0.27017426 0.01929442 142.66667
2.7230198 0.3304677 0.078767098 152
2.7802486 0.40378505 0.0088705337 142
2.7834291 0.55452353 0.044259977 172.5
2.7806466 1.5328043 0.0046752342 190
2.7494633 1.6455181 0.0057103415 189
2.7543192 1.7596306 0.0059363153 189
2.7557976 1.8695296 0.0067967479 189
2.7977562 2.0070457 0.009746843 190.25
2.7842495 2.7454944 0.01082994 170
2.7326705 2.8508821 0.0057134056 165.14584
2.7383735 2.9576931 0.01666422 154.42223
2.7652645 3.0588906 0.02522992 182.22499
2.7449787 3.1425474 0.020448904 163.16667
2.7455995 3.2458553 0.022821451 172.94446
2.7486718 3.3632715 0.038389497 158.5293
2.7494805 3.4724414 0.042377807 150.6284
2.7740307 3.558845 0.041149624 154.5146
2.7572732 3.6800485 0.042990901 162.5
2.7402701 3.7611871 0.022883059 165.78615
2.7406363 3.8665085 0.01489104 174.89018
2.7479143 3.9611146 0.025230356 181.53471
2.7221179 4.0620461 0.016021682 188.53333
2.7703478 4.1536155 0.037545279 176.89131
2.7790439 4.2557206 0.042197771 168.33333
2.7595196 4.3286781 0.050452687 153.5
2.7157362 4.4918818 0.076822504 135.75
2.7362683 4.5959344 0.076726571 129.33333
2.7269635 -2.5544212 0.11856166 141
2.7802529 -1.9074907 0.1023881 123
2.714148 -1.8868926 0.10329611 122
2.739305 -1.5724013 0.11385085 193
2.7327302 -0.85836875 0.16084912 205.825
2.7110565 -0.78432852 0.17226912 196.27272
2.7159889 -0.13585074 0.12685466 127.47369
2.7308486 0.32542443 0.11393603 143.3
2.7256451 3.5814307 0.15840325 134.72223
2.7798564 3.6128697 0.19116484 157.5
2.7462783 3.8366153 0.1628495 133.61743
2.7934999 -0.77441615 0.21568689 195.66667
2.7959793 3.6205099 0.20442528 166
2.8688748 -2.30809 -0.10324255 165.64383
2.8424566 -2.2234113 -0.12360232 171.9375
2.8678348 -3.2077889 -0.023908846 133.33333
2.8631885 -2.9557428 -0.017939027 125.2
2.8457124 -2.8515904 -0.030472454 147.84523
2.8492548 -2.7435968 -0.070791394 190.33333
2.8881917 -2.6044388 -0.072577752 182.05
2.8688297 -2.5561225 -0.058250427 156.89394
2.8559573 -2.4407773 -0.043777358 150.42935
2.8490124 -2.3433144 -0.072577141 155.56239
2.8655984 -2.2605424 -0.058102265 151.36096
2.8549907 -2.1497982 -0.076563038 167.72006
2.8275957 -2.0417559 -0.012755333 131.25
2.8688979 -1.9182773 -0.014115924 125
2.8884189 -1.7627885 -0.039272301 149.45557
2.8003638 -1.6847119 -0.0075528654 130
2.8686962 -1.5679514 -0.030024899 165.75
2.8488312 -1.4783838 -0.029592961 156
2.823616 -1.3523526 -0.018607017 154.39999
2.8492017 -0.76670498 -0.0025974845 161.5
2.8455861 -0.67323172 -0.0044226926 171.16666
2.8403072 -0.54762077 -0.0063094869 171.70834
2.8322549 -0.45602098 -0.031886779 165.22501
2.8307781 -0.37234867 -0.014469114 177.68277
2.8390551 -0.25290322 -0.026567141 166.66832
2.8253636 -0.15627792 -0.030807985 161.02843
2.8357341 -0.051607121 -0.021755278 149.24654
2.8523078 0.036911953 -0.04607062 161.55658
2.849097 0.15356961 -0.034184955 159.09373
2.8478439 0.25184795 -0.013959257 153.80589
2.8506973 0.35893202 -0.022048129 158.21371
2.8490121 0.44434446 -0.018925628 148.7578
2.8472679 0.5410282 -0.017642474 172.8905
2.84989 0.64581019 -0.016310705 167.06279
2.8433952 0.7572397 -0.02273431 163.0697
2.8530056 0.83951044 -0.021637967 158.04333
2.8338156 0.94042665 -0.028306853 158.49074
2.854759 1.0273566 -0.023234446 169.04167
2.854238 1.1507816 -0.032008909 145.31667
2.8398633 1.2542268 -0.033940744 156.38333
2.8139229 1.3758607 -0.024674097 166.375
2.8737514 1.4557205 -0.016826281 171.50833
2.859602 1.54173 -0.02195568 171.75
2.8466275 1.652373 -0.020761494 175.57222
2.8138444 1.7042137 -0.052903242 157
2.8518376 1.8440751 -0.013855744 163.82954
2.8673706 1.9569913 -0.029522281 175.91667
2.848103 2.0781164 -0.044234063 182.91666
2.8560085 2.1810679 -0.039173041 177.05554
2.8605807 2.2369556 -0.023256917 144.07143
2.8561251 2.3448408 -0.041145831 167.99149
2.8374591 2.4629912 -0.030713081 173.32224
2.8430312 2.5702076 -0.025569713 154.02953
2.8492029 2.661474 -0.016281346 163.1015
2.8423069 2.764096 -0.01487761 155.68387
2.8632612 2.8635228 -0.027219618 157.2542
2.835238 2.9430995 -0.015929345 176.64124
2.8491113 3.0453866 -0.014220585 163.06107
2.8497221 3.1439919 -0.012734744 155.03799
2.8363295 3.2777843 -0.026254268 157.90265
2.8493438 3.3535743 -0.022556795 150.24718
2.8494656 3.4657013 -0.016826499 153.08546
2.8408966 3.5807295 -0.0084878309 154.25
2.8443515 3.6446862 -0.012268966 158.59
2.8148463 3.7654595 -0.0059510064 173.51282
2.8661511 3.8169756 -0.015229286 158.5
2.8565011 3.9221809 -0.016518971 156.25
2.8855541 -2.736541 0.048001707 130
2.8497756 -2.6270335 0.01837212 146.625
2.8612549 -2.541476 0.042146724 154.87268
2.8962791 -2.4652884 0.015082126 157.8
2.8080878 -2.050725 0.049021408 133.13889
2.8108234 -1.9280672 0.015393768 156.06667
2.8680191 -1.854986 0.048465926 147.175
2.8480458 -1.7270153 0.04259415 143.66666
2.8645921 -1.6140416 0.0037134825 167.83333
2.8144612 -1.2541635 0.029516837 206.5
2.8340154 -0.83128572 0.048202351 196.32666
2.8696523 -0.74944615 0.009041097 178
2.8443882 -0.65037066 0.0086525297 172.625
2.8331718 -0.55576253 0.011745029 181.95369
2.8617249 -0.46289891 0.012300558 175.27534
2.8537991 -0.32564884 0.004733671 134.56522
2.8488686 -0.28095663 0.0066893129 157.41666
2.8344076 -0.16541879 0.0070075574 188.60001
2.8385212 -0.058732871 0.011631387 161.27777
2.8614049 0.027891023 0.011650522 186.75
2.8643799 0.1379277 0.0094871977 153.7
2.840951 0.26645708 0.019955767 138.33772
2.8985894 0.3429915 0.041559726 111
2.8483357 0.4789736 0.021294365 126.63332
2.8226748 0.50820625 0.00063826819 146
2.8734388 0.62151194 0.0088698091 161.91666
2.8031256 1.4545976 0.0039735353 190
2.8879502 1.5076629 0.0058459672 186
2.8334017 1.6504495 0.0075467755 186.25
2.8564849 1.749851 0.0075867651 184.5
2.8684442 1.886264 0.0092538847 185
2.8220382 1.9763656 0.0022541292 188.16667
2.8662462 2.0693426 0.0055090133 187.73334
2.8830869 2.8201261 0.011398366 175.5
2.8206406 2.93764 0.014915226 168.09999
2.8592579 3.0351467 0.018208142 173.8611
2.8681614 3.1205304 0.02712388 170.39999
2.8283107 3.2432821 0.030780664 145.14778
2.8657899 3.3593745 0.02915182 149.77856
2.8370073 3.4453771 0.028682046 141.09503
2.8397436 3.549108 0.031192489 149.85898
2.8712664 3.6665251 0.026867779 151.97702
2.8320496 3.7516634 0.028712984 168.47646
2.8501291 3.8630304 0.019402325 169.8428
2.8451822 3.9477654 0.038105436 176.01292
2.8586378 4.0498953 0.038720842 179.37639
2.8656967 4.1587744 0.04553714 171.56668
2.8456237 4.2508903 0.050779257 155.83333
2.8768585 4.3355632 0.036262576 153.1389
2.8198829 4.4498768 0.078926392 139.66666
2.8654695 4.5844898 0.080841802 129.33333
2.8853579 4.6405792 0.08527635 123
2.8390057 -1.63342 0.11011289 129
2.8359299 -1.2464749 0.11687181 205.2
2.8328578 -0.817325 0.14866877 202.28349
2.8112228 -0.79891872 0.16721699 196.25
2.8084347 0.21989135 0.10471328 146.41667
2.8572128 0.41593677 0.19072703 134
2.8667493 0.54777741 0.12330634 155
2.8436947 3.5920787 0.17775215 140.5
2.8273916 3.6621578 0.11447797 169
2.8663275 3.8451724 0.20302518 122
2.9035635 -2.401026 -0.10707394 167.9342
2.9875185 -2.3536274 -0.10393745 164.7619
2.9648585 -3.1113961 -0.02760973 132.60001
2.9437144 -2.9188051 -0.018951902 142.66666
2.9596479 -2.8487332 -0.077705577 182.08333
2.9501574 -2.738023 -0.064345859 177.27777
2.9342723 -2.6437314 -0.034831591 164.6875
2.9475813 -2.5548007 -0.050774049 154.99779
2.9484882 -2.4522641 -0.044245109 148.02243
2.963522 -2.3033571 -0.019818896 113
2.9548097 -2.2405057 -0.061044864 158.08887
2.944659 -2.1561868 -0.037343286 144.33284
2.960084 -2.0488763 -0.036771212 145.04562
2.9684887 -1.9417391 -0.042218 130.83334
2.9297545 -1.8539791 -0.039225467 163.10715
2.9687212 -1.7564573 -0.037808757 153.66667
2.9415348 -1.6359919 -0.021516649 149.78845
2.9526796 -1.5532374 -0.032969903 162.41666
2.9448619 -1.4557838 -0.03055162 152.39999
2.9360285 -1.3299301 -0.022344122 153
2.9295132 -1.2627051 -0.025087137 202
2.9234934 -0.7725839 -0.0050758622 151
2.9272206 -0.68420023 -0.0064792689 158.60001
2.9315565 -0.55000943 -0.0036309212 174.52777
2.9567463 -0.44378009 -0.014480241 178.03571
2.9392967 -0.330798 -0.01442718 168.88821
2.958967 -0.25573555 -0.029410582 157.98656
2.9401474 -0.13437381 -0.033332482 158.78351
2.9490857 -0.059257831 -0.032359175 156.18979
2.9327598 0.047844812 -0.034560364 159.46436
2.9512136 0.16415069 -0.018000731 151.70076
2.9374802 0.25700304 -0.030882984 159.96555
2.9561095 0.34731409 -0.020709148 150.86418
2.9629347 0.44844121 -0.013200553 149.00356
2.9523644 0.56532657 -0.015509767 166.38307
2.9450977 0.65237105 -0.016896898 166.26448
2.9585891 0.75904977 -0.018057194 155.22523
2.95281 0.86466634 -0.014470493 147.72572
2.9579356 0.96472716 -0.024588061 148.23889
2.9265025 1.0574268 -0.027060933 146.375
2.9419034 1.1517382 -0.029132828 157.125
2.9624243 1.2562017 -0.015082112 178.48149
2.9273069 1.3537579 -0.027034536 164.18056
2.9627945 1.4418049 -0.029169099 168.5
2.9525344 1.5276147 -0.027117543 169.88985
2.9159243 1.6386758 -0.034215715 172.77274
2.9474802 1.7533864 -0.07856515 160.25
2.9512153 1.8318344 -0.046690069 171.72549
2.918479 1.9318624 -0.038402062 177.71591
2.9760542 2.0383267 -0.029691026 182.94604
2.9510179 2.158963 -0.041214768 156.13
2.9610572 2.2463062 -0.027397858 187.58333
2.9565368 2.3439434 -0.033814982 159.46184
2.9444754 2.4624636 -0.029581867 162.07246
2.9583697 2.5649941 -0.021062175 162.39999
2.9544396 2.6730919 -0.015370389 152.54518
2.9340792 2.7717316 -0.0143906 172.571
2.9389732 2.8535476 -0.014313533 159.778
2.9595399 2.9529192 -0.02115304 167.08179
2.9442785 3.0725081 -0.021693584 154.21477
2.9457722 3.1628442 -0.020958776 153.2939
2.9437869 3.2567527 -0.012773259 149.43962
2.9523125 3.3498206 -0.01746708 138.67412
2.9502127 3.4697676 -0.010952288 155.65302
2.9373393 3.5598824 -0.014367578 174.13837
2.9505756 3.6383021 -0.0065100621 151.01685
2.9821515 3.7802024 -0.013813923 181
2.9945397 3.8470387 -0.0062892139 168
2.9492049 3.9699862 -0.005816916 162.7
2.9727135 -2.5456815 0.014889814 157.55556
2.9368005 -2.4161651 0.016392816 163.5
2.937923 -2.283226 0.032067452 123.5
2.9485474 -1.9324102 0.033477854 142.03535
2.9561524 -1.8245147 0.044492181 148.98959
2.9303482 -1.7455032 0.044791382 149.56061
2.9393857 -1.6500854 0.060573425 143.33333
2.9288812 -1.5319576 0.0090136295 166.5
2.9441891 -1.2333226 0.043402072 205.44444
2.9390705 -0.83464253 0.043249279 194.55556
2.964015 -0.73845482 0.0086531257 172.75
2.9500823 -0.65333807 0.012272646 177.85715
2.973376 -0.55460191 0.014532034 170.3
2.9439774 -0.44565865 0.016616063 166.04001
2.9783809 -0.36792153 0.012513065 138.63333
2.9420433 -0.27192101 0.0026638161 144.17857
2.9039412 -0.00052033231 0.017844757 119
2.9765067 0.030381186 0.014934949 125
2.9413812 0.16424315 0.010359261 123.66666
2.9339218 0.23594518 0.010084018 146.41667
2.9585648 0.34539294 0.032103397 149.12024
2.9461484 0.45257983 0.0088015255 151.1619
2.9431515 0.55396324 0.017629145 144.8889
2.9439023 0.69991583 0.00061607256 142.60001
2.9692309 1.3996829 0.0074299658 184
2.9206409 1.4481511 0.0068167942 185
2.9143944 1.9443018 0.010342925 183
2.9413776 2.0227857 0.012946485 184.76666
2.9736547 2.6512249 0.013308243 139.53125
2.9312191 2.7454767 0.0066221077 159.77777
2.9492939 2.8770616 0.055681892 145.26666
2.9510016 2.9556746 0.0070247874 176.41501
2.9606342 3.0530627 0.0039351736 155.08
2.9658227 3.1482763 0.029747397 169.23077
2.9321263 3.2414339 0.023239406 132.68628
2.9697838 3.3881922 0.015824925 151.08954
2.9502461 3.4662919 0.012281462 149.43939
2.9449282 3.5696042 0.023786848 151.08109
2.9568675 3.6588478 0.019079691 171.85991
2.9344501 3.7471471 0.037779823 162.33426
2.9397681 3.8491936 0.035717286 179.0625
2.9678044 3.9599319 0.037703589 174.75357
2.9425933 4.0581512 0.028952802 178.48149
2.933306 4.1363807 0.044490967 159.40202
2.9524596 4.2476044 0.049163941 166.65625
2.9565446 4.3297458 0.061223276 180.3889
2.9560256 4.4386678 0.080452316 162.925
2.9634037 4.5455337 0.087425075 167.77777
2.939528 4.6413784 0.094729595 163.5
2.9127157 -2.0999126 0.11128023 125
2.9259069 -1.9582607 0.13317597 132
2.9982669 -1.731436 0.10625482 146
2.9099252 -1.6766881 0.10696301 136
2.9357333 -1.5315812 0.1176332 188.77777
2.9659665 -1.2554584 0.12233952 204.22223
2.9433193 -0.80977106 0.16747998 199.91919
2.9721961 -0.31112918 0.19673058 144.52942
2.9618938 0.29109687 0.17339882 131
2.9675217 0.32955983 0.15976138 125.45
2.9639437 0.53207803 0.13317387 158
2.9465201 3.64464 0.16897951 131
2.9807096 4.022944 0.13395809 139
2.9149041 -0.80890328 0.21720205 196
3.0166483 -2.4620519 -0.10364218 169.27907
3.05496 -2.1648738 -0.12093114 166.10205
3.062669 -3.2075021 -0.02447786 122.33334
3.0917015 -3.1621995 -0.076437235 134
3.0550075 -3.0316849 -0.053585846 134.125
3.0211 -2.9513893 -0.081506602 169.05
3.0582111 -2.8609607 -0.060418472 157.42857
3.0486488 -2.7392664 -0.068326667 178.69231
3.0445664 -2.6411984 -0.068977825 182.01166
3.0570996 -2.5476041 -0.078498401 177.46524
3.0583777 -2.4689121 -0.038524866 162.54999
3.0463004 -2.3232918 -0.068122119 154.85507
3.0860052 -2.2546744 -0.058463179 159.38303
3.0498538 -2.1535976 -0.066812091 158.24226
3.0592794 -2.0480947 -0.054243464 152.87711
3.0406353 -1.9607047 -0.041373715 147.64992
3.0357132 -1.8495947 -0.013403871 162.58333
3.0644615 -1.754599 -0.050780866 176.66667
3.0386887 -1.6698711 -0.049461175 175.98529
3.0224419 -1.5849608 -0.029328678 160.45454
3.0430284 -1.462618 -0.028984616 148.5
3.0492477 -1.3484063 -0.024748709 150.8
3.0353637 -0.74149078 -0.0028883109 144.33334
3.018501 -0.64340627 -0.0036404508 165.175
3.0514698 -0.53661901 -0.0029775293 181.17252
3.0615039 -0.42585805 -0.0087789474 174.87701
3.0777323 -0.35564265 -0.0086499024 133.48149
3.0297296 -0.23991308 -0.01773051 155.39491
3.0591605 -0.050996922 -0.042767148 151.85027
3.0273499 0.063253105 -0.020506341 150.29672
3.0393434 0.17145635 -0.043122787 149.42149
3.0429869 0.25111607 -0.028551692 160.61234
3.0396087 0.34724447 -0.013316565 154.50137
3.0480251 0.46134233 -0.029390391 166.02895
3.0592945 0.55780596 -0.012735239 162.15988
3.0526116 0.66183275 -0.014180948 160.95723
3.0455782 0.75442219 -0.015365908 158.4319
3.0487745 0.85011572 -0.017912103 159.11667
3.0481682 0.95218641 -0.012962791 146.84721
3.052381 1.0428787 -0.019766375 147.46428
3.043684 1.1578517 -0.025324846 162.58334
3.0520558 1.2641935 -0.024913885 158.1875
3.0764656 1.3705996 -0.013658108 164.15001
3.0462475 1.4446725 -0.024386562 174.91229
3.0429056 1.5575544 -0.027510192 171.34612
3.0422421 1.6523479 -0.025377421 170.58234
3.0683444 1.7640376 -0.04557484 164.78693
3.0608218 1.8679318 -0.056158956 168.63661
3.0480947 1.9604305 -0.028378136 175.51012
3.0520041 2.1393933 -0.039815526 160.77777
3.055825 2.2632823 -0.036683939 167.76785
3.0497303 2.3710904 -0.023946961 172.375
3.0398498 2.4409256 -0.03514329 165.06686
3.0580869 2.5490971 -0.021340661 148.28207
3.0615571 2.6631155 -0.02501568 162.82103
3.0324607 2.7698922 -0.019503525 155.7
3.048013 2.8457415 -0.021987759 157.09749
3.0555968 2.9326398 -0.020641379 161.62401
3.0521631 3.0432007 -0.019490162 151.29254
3.0518494 3.1627762 -0.021584518 133.41835
3.0459263 3.2689178 -0.023990609 140.18121
3.0669343 3.3531494 -0.010894869 148.23871
3.0379467 3.4451396 -0.012848075 158.24529
3.0405505 3.548537 -0.017240841 159.69995
3.0668519 3.6572266 -0.015271825 177.11642
3.0623536 3.7408476 -0.01726969 179.29166
3.0352511 3.874382 -0.011507714 179
3.0672562 3.9667652 -0.0085036969 182.25
3.0583851 4.0534921 -0.0050137271 170.90001
3.0039625 -2.7067127 0.0015827289 155
3.038151 -2.6303327 0.010399687 158.22223
3.0773578 -2.5302191 0.011879645 154.60001
3.0146232 -2.4183064 0.0099828197 158.33333
3.049453 -2.3414025 0.046297107 141.46509
3.0072722 -2.0246391 0.049995132 130.75
3.0732634 -1.9746093 0.074303873 133.5609
3.0194333 -1.8735542 0.037880808 148.825
3.0325572 -1.7453356 0.057459168 148.55556
3.0888956 -1.6244868 0.081389569 134.75
3.0209816 -1.546427 0.079311199 124.5
3.063005 -1.228292 0.010111282 205.5
3.0537641 -0.83953309 0.042540729 195.15001
3.0179503 -0.73328114 0.010659107 160.1111
3.0591846 -0.66199923 0.01437561 161.28888
3.0506995 -0.54338169 0.017185653 156.25357
3.0665345 -0.46785825 0.021874405 158.45
3.0416036 -0.34191531 0.044424832 157.70724
3.0432272 -0.24503593 0.0095792357 144.33334
3.088331 -0.13607921 0.0067200079 116.25
3.0610266 -0.0087272571 0.010241973 113.5
3.0420611 0.02244175 0.0078181177 141.02499
3.0410559 0.16827145 0.0098253321 146.43478
3.0584636 0.24041973 0.018006455 147.09099
3.0711911 0.32388565 0.012318302 143.91046
3.058321 0.44551891 0.016195141 153.92609
3.0626304 0.55474299 0.017168505 131.08333
3.0410583 0.60468721 0.00033208256 156
3.0636926 0.95082724 0.00094230106 132
3.0909519 1.8174158 0.0051385467 124
3.0895877 1.954453 0.0065416833 121.5
3.0485337 2.5388496 0.062681623 173.25
3.0626643 2.6554029 0.0049987887 153.72221
3.0411499 2.7582912 0.0089935856 154.57999
3.0588968 2.8322663 0.020650333 158.97917
3.0683455 2.9492433 0.0022911278 172.28992
3.0644307 3.026067 0.0045633349 184.95834
3.0702028 3.1477149 0.018028703 164.46423
3.0394416 3.2835412 0.0413264 142.10001
3.0593741 3.3417525 0.014570609 168.12637
3.0417733 3.4395189 0.0047272192 178.29942
3.0415559 3.5490994 0.0060854279 186.47916
3.0385919 3.6475036 0.0086111873 167.09818
3.0555193 3.7602451 0.012667038 169.19162
3.0407269 3.8449531 0.031447057 180.34917
3.05074 3.9367113 0.031958617 170.15428
3.059108 4.0437837 0.030937577 172.27112
3.0588851 4.1461463 0.046990454 171.36205
3.0436115 4.2353902 0.064491421 159.61786
3.0447886 4.3483219 0.061752964 160.58888
3.0571034 4.4565706 0.081953682 182.75
3.0587773 4.555542 0.085847579 193.375
3.0489645 4.6594419 0.092213817 153.5
3.0960984 -2.3469622 0.14545797 132.83333
3.0118344 -2.1246538 0.13850875 131
3.0921614 -1.7268767 0.10667592 151.5
3.0807681 -1.6476547 0.11173713 146.66667
3.0531011 -1.5496736 0.13468689 173.75
3.0867491 -1.2446393 0.11315814 203.89999
3.0621397 -0.78313237 0.13970393 199.25
3.0199778 -0.30177152 0.10555423 158
3.0115893 -0.29742768 0.14876592 141.94444
3.0891602 0.2399825 0.10837517 125.42857
3.0282893 0.33951256 0.12036812 137
3.0538774 0.47708964 0.16068603 135.03947
3.0097415 0.53364724 0.13369358 164
3.0455966 2.5448332 0.11960365 151
3.0271206 2.8622587 0.1358947 132.13077
3.0200889 4.0629959 0.1144205 148
3.0779629 -1.5191995 0.22785406 203
3.0906136 -0.806113 0.20439719 203
3.0328209 3.8860939 0.20341533 151
3.1359949 -2.1679289 -0.10011647 157.125
3.1016934 -2.0987391 -0.10095687 160.95488
3.1856806 -3.1051333 -0.024370087 118.5
3.1416633 -3.0455914 -0.054182585 140.0625
3.1478682 -2.9475679 -0.064317308 148.33333
3.1045892 -2.8791363 -0.061237879 160.45
3.1518486 -2.7416873 -0.05305298 154.2
3.1419232 -2.6494606 -0.045472931 162.83333
3.1543732 -2.5250921 -0.036269784 155.92046
3.1750405 -2.4675248 -0.052515246 165.44444
3.1612637 -2.3634968 -0.053356662 160.18243
3.1618016 -2.2557485 -0.061413914 161.62666
3.1496305 -2.170903 -0.057700027 153.41153
3.1505961 -2.0590868 -0.057257902 152.92305
3.1673379 -1.9874696 -0.052922416 161.67545
3.1615472 -1.8446718 -0.046005715 157.5
3.1696134 -1.7440221 -0.042639099 174.60001
3.1407299 -1.6689224 -0.04244579 168.94444
3.1231084 -1.568127 -0.026947774 154.28572
3.1453619 -1.4445714 -0.026796946 148.57143
3.1674087 -1.3278904 -0.021991823 153
3.1302173 -0.83953476 -0.0070819636 152
3.1255989 -0.71109903 -4.983773e-05 160.66667
3.1419315 -0.61362767 -0.0044010608 156
3.1496515 -0.54405886 -0.0010535271 179.90475
3.1921377 -0.45810539 -0.011267902 173.37778
3.1337729 -0.33103701 -0.013060915 146.4375
3.1512077 -0.26100951 -0.005761628 153.06667
3.1726975 -0.12325896 -0.010765774 158
3.1641955 -0.02018816 -0.023657711 152.64999
3.1542358 0.039701398 -0.028914833 150.6579
3.150209 0.16093822 -0.022629239 159.23863
3.1345663 0.24985749 -0.016506549 159.67812
3.1546888 0.35296392 -0.023591259 159.13437
3.1499758 0.44930741 -0.013335031 163.44652
3.1547058 0.55476242 -0.014144448 154.72511
3.165319 0.67500126 -0.019751322 165.11029
3.1557837 0.75536829 -0.012978326 161.36693
3.1445515 0.85022837 -0.01617763 149.88019
3.1570439 0.96351469 -0.015487398 151.73096
3.1437197 1.0459783 -0.011141376 149.36667
3.139565 1.1449924 -0.023449007 155.98334
3.1515844 1.2326354 -0.029491782 172.44444
3.1114173 1.3405787 -0.023864632 172.51299
3.1493692 1.4411424 -0.034230996 176.81876
3.1494486 1.5491655 -0.03238697 169.52618
3.1421225 1.6636204 -0.027906865 162.09213
3.1742439 1.712507 -0.0050843204 148.57143
3.1694322 1.8625599 -0.037500661 154.51102
3.146148 1.9863383 -0.073165193 173.2
3.1494455 2.145298 -0.058250435 161.1111
3.1433122 2.2783732 -0.032548044 156.75714
3.1240032 2.3717616 -0.04248333 167.96666
3.1513696 2.4519124 -0.027492847 148.7218
3.1654489 2.5539887 -0.028617479 162.19742
3.1559849 2.6487844 -0.014424677 157.12354
3.1394854 2.7439256 -0.019237889 150.77525
3.1393437 2.849478 -0.020050727 161.37764
3.1444585 2.9601221 -0.01928626 168.63814
3.1417027 3.0581145 -0.025284391 153.70238
3.1514239 3.1547711 -0.022150414 159.07021
3.1783504 3.2631998 -0.026401935 158.98367
3.1561046 3.3557601 -0.021305805 154.34402
3.1551318 3.4387214 -0.01106566 161.72295
3.1502283 3.5490327 -0.012301301 161.86743
3.1520391 3.681366 -0.017314821 165.8494
3.1697981 3.7386193 -0.014884858 169.89529
3.143672 3.8393157 -0.0045882436 184.16162
3.1704726 4.0094376 -0.0014285611 185.33333
3.1450315 4.1425638 -0.0042160247 176.7
3.1214542 -2.7482216 0.0078393156 154.8
3.1296439 -2.6692598 0.014915891 156.83333
3.1631832 -2.5828109 0.013407343 147.61905
3.121213 -2.4417572 0.014615539 142.80952
3.1530972 -2.3705351 0.0073894332 133
3.1573 -2.0674787 0.069632322 139.16345
3.1564138 -1.9353337 0.072856732 137.31696
3.1199307 -1.853987 0.040507376 150.91666
3.1541579 -1.6989094 0.079417273 144.75
3.1780972 -1.5623013 0.082588218 137.75
3.1120644 -1.4652632 0.081832163 129
3.1931965 -1.2239016 0.0098362872 205.33333
3.1545556 -0.845043 0.036201838 203.61935
3.1607976 -0.76274407 0.023002859 173.66666
3.1547191 -0.63732237 0.020140614 160.31944
3.1621711 -0.56633461 0.016395979 158
3.1402822 -0.44696185 0.018722417 167.55428
3.1379795 -0.35721859 0.016895361 154.0553
3.1647635 -0.2565462 0.021818118 144.9514
3.1407511 -0.16626316 0.013550263 141.70833
3.1428709 -0.039821349 0.0068554645 140.66667
3.150337 0.061999016 0.017151419 140
3.1461036 0.15243866 0.0038653521 143.16667
3.1592813 0.25505823 0.017052121 149.31178
3.1490119 0.33167768 0.017845277 149.1403
3.1423261 0.45290163 0.013594463 156.49062
3.1430185 0.5369156 0.012420543 161.91852
3.1529114 0.63942379 0.0077165202 147.60555
3.1555259 0.74131274 0.0035117317 152.41667
3.1540287 0.8720507 0.0043609599 180.37878
3.161427 1.1519544 0.0022698033 172
3.1789281 1.3716956 0.0056706504 135.6875
3.1358974 1.4826043 0.00034886351 164
3.1511078 1.5371844 0.0085083684 125
3.1208816 1.682705 0.0077203223 125
3.1586423 1.8442949 0.0042386414 127.5
3.1571422 1.9712943 0.0059983791 128.16666
3.1346874 2.1667652 0.0041201925 117.5
3.1946454 2.2225163 0.0062110061 124
3.1357236 2.3097918 0.0015862907 183.25
3.1658437 2.4949014 0.0014783385 180
3.1920736 2.603718 0.003642373 138
3.1948376 2.706074 0.0054440689 144.5
3.1843455 2.8631465 0.0044475831 160.82857
3.1424205 2.959367 0.035769433 172.72223
3.1128283 3.2402477 0.059795056 155.37254
3.1189854 3.3783896 0.0052038557 189.16667
3.1307533 3.4688909 0.0058180839 186.61665
3.151288 3.5621619 0.0069140233 174.06601
3.1632442 3.6595211 0.0033911469 175.77693
3.1528392 3.7515683 0.0086375931 170.08679
3.1479471 3.8550069 0.016120644 167.46214
3.1625018 3.9605856 0.036713868 170.36945
3.1508558 4.0564981 0.036597431 171.12859
3.1379721 4.1676426 0.054128394 157.67064
3.1644158 4.2413783 0.044477202 164.47751
3.1479824 4.340065 0.080085896 155.44444
3.147172 4.4142065 0.072018921 187.60001
3.1587789 4.5417213 0.083338246 165.875
3.1839352 4.6508102 0.086858854 161.33333
3.1940961 4.7331443 0.092081964 147.33333
3.1545491 -2.4443417 0.19224976 142
3.1328952 -2.0467794 0.16647817 141.25
3.1251318 -1.8100437 0.10522418 151.125
3.1699641 -1.7210937 0.11433211 153
3.1130495 -1.6724845 0.10740782 150
3.1671321 -1.5529168 0.12635957 173.72223
3.1233935 -0.81485724 0.16713147 204.15556
3.137774 -0.073337674 0.12719196 122.5
3.168678 0.23390511 0.1629687 131.83333
3.1116593 0.46957639 0.10230122 126.32
3.1421793 2.2797852 0.1767038 151
3.1933954 2.4214506 0.10364158 152
3.1618702 3.2487614 0.13656825 127.58334
3.1296899 4.0367069 0.17596181 131
3.1897528 -2.0535951 0.20945212 142.2
3.1349452 -0.81510562 0.20364453 197.66667
3.2422979 -3.1501784 -0.071731195 132.66667
3.2600875 -2.9734042 -0.026212463 114
3.2621179 -2.838695 -0.049610984 165.79999
3.2569361 -2.7614877 -0.038682371 167.07143
3.2374339 -2.6796827 -0.048992518 163.825
3.2671752 -2.5542085 -0.029926134 150.98839
3.2652295 -2.4638083 -0.0272309 158.16957
3.2706373 -2.3605971 -0.025267083 151.77525
3.2639203 -2.2850604 -0.067399755 163.68613
3.2516031 -2.1779659 -0.055876069 158.05782
3.2653387 -2.0667608 -0.050393768 160.37413
3.2471104 -1.9555683 -0.03938134 158.96913
3.2266104 -1.8628294 -0.08726497 168.3
3.2334991 -1.7064916 -0.047252774 168.66667
3.2405252 -1.6512258 -0.01767383 151.77777
3.2224326 -1.5278996 -0.025594275 148.5
3.2431126 -1.4619094 -0.026703926 149.33333
3.2776337 -1.3591905 -0.017177911 150.5
3.2413435 -0.72378063 -0.0063856337 157
3.2421153 -0.64504302 -0.015024047 125
3.2413697 -0.54343301 -0.0054933168 166.75
3.2955341 -0.46008524 -0.0096796118 173.17778
3.2006712 -0.35388443 -0.018153539 168.27026
3.2183466 -0.24414025 -0.0086542275 158.62222
3.2147746 -0.16230775 -0.01450721 169.47223
3.2634935 -0.033339061 -0.007381883 145.93468
3.263443 0.069869593 -0.026153516 157.60028
3.2262661 0.15692578 -0.021097878 157.41502
3.2475696 0.25825346 -0.025703313 162.35777
3.2330747 0.36917487 -0.016302755 159.6752
3.2479262 0.46599537 -0.012315335 161.31406
3.2584765 0.56673449 -0.014951799 159.60043
3.2594824 0.65859103 -0.01294178 166.16803
3.2359371 0.78051591 -0.016261552 157.45
3.2478015 0.83408058 -0.0081757028 156.87915
3.2595103 0.94602549 -0.01892519 142.07291
3.2536616 1.0622133 -0.01240328 153.59523
3.2450976 1.1661578 -0.020030806 166.88335
3.230773 1.259649 -0.019895121 158.81667
3.2376385 1.339 -0.026974866 167.35666
3.2625399 1.4504862 -0.02107342 159.49791
3.2750404 1.5653044 -0.027156031 165.96913
3.2381079 1.6333731 -0.023801681 156.60715
3.2319891 1.7387192 -0.04263667 155.48534
3.241586 1.8449882 -0.036588769 154.96771
3.2522993 2.0467982 -0.07158763 171.2
3.2998903 2.177182 -0.05913908 178
3.2639787 2.23067 -0.040680405 162.82222
3.2367907 2.3418717 -0.031646054 166.41666
3.2558563 2.4670854 -0.025682481 167.26286
3.2402954 2.5505672 -0.016096285 161.26347
3.2600889 2.6621456 -0.021035256 169.71016
3.2399206 2.7601385 -0.02098063 158.5719
3.2518117 2.8553476 -0.028435009 163.23737
3.2198155 2.9581349 -0.026346806 166.26265
3.2382729 3.0790062 -0.0086945845 171.13005
3.25875 3.1476209 -0.035755303 160.99319
3.2380037 3.2587032 -0.027031206 159.31416
3.2372472 3.3696053 -0.016547868 165.87764
3.2614539 3.4372444 -0.03466516 168.9933
3.2485569 3.556525 -0.019236974 158.35771
3.257267 3.6391239 -0.014796674 165.23816
3.2603533 3.7439878 -0.0083432114 173.43239
3.2393353 3.8541195 -0.007939849 170.5
3.2555304 3.9511008 -0.003697136 182.64706
3.2993424 4.0367489 -0.0082920501 180.7037
3.2697442 -2.8341703 0.0050787651 159
3.2080908 -2.7967536 0.0092460159 156.33333
3.2468066 -2.6501136 0.016711883 145.9614
3.25068 -2.4463878 0.016581189 134.70543
3.2210777 -2.3756607 0.071276054 130
3.2845864 -2.2049544 0.046003919 160.10001
3.2692139 -2.1623187 0.033219941 159.8548
3.2728426 -2.0446661 0.06635765 151.68889
3.2492085 -1.8704427 0.086766347 144.23077
3.2603943 -1.7382582 0.07749331 156.04584
3.2339027 -1.6437205 0.080707833 148.25
3.2507815 -1.2514672 0.086432837 206.08334
3.2801051 -0.85337538 0.037628286 203.07224
3.2595413 -0.74036217 0.034388606 182.29167
3.256896 -0.64864069 0.011957618 175.75832
3.2605343 -0.53137934 0.011729671 179.06818
3.2417614 -0.48162538 0.016996088 152.31667
3.2455311 -0.3622528 0.022867022 150.42778
3.2497745 -0.25952429 0.021820845 139.25
3.2484508 -0.14730553 0.014239999 155.01749
3.2635853 -0.051179133 0.022534523 145.35757
3.2452149 0.069565631 0.021049595 137.03333
3.2615585 0.16907814 0.017603304 147.8
3.2444353 0.25450572 0.016672686 156.83868
3.2599826 0.33482769 0.024755586 158.66335
3.2395172 0.45089391 0.02205959 153.6869
3.2476437 0.549335 0.01535972 159.70428
3.2516866 0.63697803 0.017685788 159.81668
3.2495024 0.7249409 0.0088009899 151.14583
3.2654443 0.84989703 0.013647052 169.03238
3.255759 0.95416313 0.0082039321 183.89999
3.2439346 1.0456069 0.011122558 177.39999
3.2389312 1.1560525 0.013969622 176.33333
3.2613103 1.2519268 0.0087883156 136.25
3.2573464 1.3703375 0.011556294 180
3.2482815 1.4355001 0.0058982223 127.33334
3.2186739 1.5618057 0.0080778981 148.20833
3.2498908 1.7385159 0.009538684 148.75
3.2434034 1.8748829 0.013290746 132.5
3.2357473 1.9901519 0.0078104087 141
3.2393379 2.0542445 0.0080236401 116
3.2865429 2.1099803 0.012712689 123
3.2366648 2.2613208 0.0084425751 129
3.2705431 2.3407717 0.013911473 154.54762
3.2718446 2.4245498 0.098733418 148
3.2693229 2.5433249 0.051676583 158.80495
3.2617931 2.6734669 0.0080930693 162
3.2563977 2.7720065 0.013796709 167.16666
3.2527807 2.8804212 0.012709921 171.97739
3.2380559 2.9745448 0.010704277 171.69829
3.2759175 3.0853972 0.018406827 155
3.2996869 3.1840456 0.0076735546 122
3.2733693 3.4625616 0.026568705 150.41667
3.2596302 3.5572119 0.011650938 180.38393
3.2645073 3.6488254 0.020248624 182.66667
3.2693307 3.7437603 0.011925523 164.23241
3.2528195 3.8569183 0.011823152 160.26108
3.2812264 3.9407046 0.023032282 171.25
3.2388747 4.0481877 0.043669127 172.6814
3.2359004 4.139441 0.022831706 169.89583
3.2663038 4.2559037 0.065180369 167.84999
3.2361212 4.3149037 0.045617923 173.10417
3.2292435 4.4315372 0.076877303 165.6111
3.2862873 4.5391688 0.083125919 155.05556
3.2335081 -2.052649 0.15654503 142.52779
3.2984965 -1.9185065 0.10772298 152.45
3.2298067 -1.8448828 0.1221974 143.95833
3.2637639 -1.7308596 0.1127933 149.33333
3.250376 -1.6369659 0.11646359 149.25
3.2784457 -1.5301839 0.14109921 183.375
3.2538984 -0.83424664 0.147385 205.02779
3.2336967 -0.26330897 0.11834124 134
3.2301738 -0.038201522 0.13115451 139.60001
3.2094228 0.19505671 0.19046955 124.75
3.285033 2.4447138 0.15138349 126.79884
3.2293127 2.9007268 0.10129111 148
3.2879472 3.1924541 0.18824352 135
3.2140057 3.8809462 0.10613909 132.5
3.258755 3.932188 0.14214602 144.81818
3.2626605 -2.135179 0.21464787 131
3.2153947 -2.0626996 0.21588823 140
3.2320638 -1.5259355 0.25489697 200.85715
3.2291746 -0.8184554 0.20824814 197.5
3.2153885 2.3693285 0.21940142 137
3.3415921 0.093172096 -0.10845274 173.75
3.3553722 0.10119343 -0.11045512 175.5
3.3940644 -3.2236798 -0.072718397 166.5
3.3545244 -3.0629747 -0.050336737 138.8889
3.324929 -2.9809837 -0.062834784 171
3.3377635 -2.8493524 -0.047961846 167.29167
3.3493907 -2.7550135 -0.040519077 185.18333
3.3683434 -2.6734376 -0.04056982 158.26785
3.3518627 -2.5567117 -0.034359559 153.04538
3.3496072 -2.4565911 -0.012909286 152.2679
3.3732212 -2.3502579 -0.026938068 154.00404
3.3598366 -2.23259 -0.028908655 158.88936
3.3542826 -2.1491778 -0.059858244 152.62976
3.3686368 -2.0572474 -0.019302493 156.31148
3.3431637 -1.9307868 -0.062221806 168.60889
3.318433 -1.8164715 -0.061712965 168.66667
3.3590631 -1.7665706 -0.036948532 160.68452
3.3138843 -0.86347896 -0.0078823017 177
3.3609338 -0.7985661 -0.0054424852 167.33333
3.3502007 -0.6456871 -0.0062493193 155.75
3.3035736 -0.55280298 -0.0097207054 127
3.3642938 -0.45709729 -0.0018463072 149.25
3.304754 -0.36426246 -0.021703916 167.50981
3.3569655 -0.23839013 -0.0092636775 172.27957
3.352174 -0.14928539 -0.012303715 159.54877
3.3431821 -0.048483163 -0.012682822 166.51952
3.3325558 0.024234254 -0.01537541 163.50223
3.3431473 0.12768088 -0.030441044 158.52637
3.3605311 0.23858811 -0.030261843 162.56305
3.3520505 0.36403304 -0.0256411 160.92204
3.3550191 0.44732431 -0.015069884 161.479
3.3600287 0.54783648 -0.012056215 163.95567
3.3485096 0.67115402 -0.0091352817 158.48112
3.3365657 0.74059677 -0.0069809831 153.40556
3.3558013 0.85434133 -0.010007366 151.1127
3.3433554 0.96577293 -0.010400207 151.09721
3.3544321 1.0450683 -0.02168913 153.23889
3.3591168 1.1518911 -0.013117483 160.13071
3.3448853 1.2539855 -0.02619954 174.47766
3.3551409 1.3573295 -0.018546879 167.50555
3.3598351 1.4579482 -0.024999922 162.67737
3.3561599 1.5550617 -0.057916146 145.96297
3.3323038 1.6719162 -0.033722106 157.23199
3.3266978 1.7559509 -0.039695933 158.13498
3.3572009 1.858387 -0.02629696 162.86951
3.3634987 1.9309717 -0.044900898 166.26666
3.3481464 2.0208244 -0.012619805 188.86667
3.3624649 2.169663 -0.046084706 160.5
3.3545129 2.2948427 -0.032458287 160.5
3.3546953 2.3747709 -0.03472016 174.02501
3.342819 2.4518657 -0.025107389 157.76587
3.3556018 2.5579903 -0.019031014 161.75624
3.3426647 2.6525626 -0.025929006 163.64413
3.3412945 2.7474232 -0.030422132 168.13548
3.3451326 2.8639333 -0.030257141 168.10648
3.3466816 2.96297 -0.025165878 167.10063
3.3461947 3.0692227 -0.024904842 164.63612
3.3548234 3.1642385 -0.018623237 164.01114
3.3404467 3.2569351 -0.015168145 158.93021
3.3333714 3.3573601 -0.02027183 158.58173
3.3592105 3.4572787 -0.017750517 171.65625
3.3403921 3.5442626 -0.017288411 171.98083
3.370554 3.6507592 -0.010660621 167.57173
3.3572605 3.7739921 -0.013693966 173.5004
3.3360677 3.8682563 -0.0081116408 165.14742
3.3794451 3.9424238 -0.011433895 170.41913
3.3444233 4.1175871 -0.0086444719 180.2
3.3372574 4.4307461 -0.0064546205 189.25
3.3237817 -3.1434033 0.042869356 156.66667
3.3771205 -3.0367725 0.055121265 165.16666
3.3698936 -2.8492022 0.008087798 156.8
3.3302608 -2.7402725 0.018179337 155.78572
3.3518386 -2.6460328 0.014431089 140.90475
3.3478723 -2.4208517 0.0361403 135.52173
3.3740203 -2.1573927 0.025003918 153.15501
3.3726449 -2.054189 0.024881927 159.32228
3.3543794 -1.9473767 0.046317231 152.33723
3.3675103 -1.8535624 0.048208863 164.19717
3.3363502 -1.7949359 0.08500579 144.28572
3.3678708 -1.6607531 0.043405551 177
3.3199935 -1.5819168 0.029241528 164.39999
3.3386829 -1.4683741 0.064626537 160.91667
3.3022244 -1.367802 0.058975309 160.66667
3.3210142 -1.2645527 0.047349699 203.08334
3.346446 -0.83720535 0.035250757 197.29861
3.354136 -0.7643308 0.013697254 185
3.346292 -0.6549781 0.024427705 172.13333
3.3776982 -0.55467618 0.011879615 182.02249
3.3455236 -0.4556621 0.012516145 172.42529
3.3476455 -0.34966528 0.019182084 153.30556
3.32951 -0.25860792 0.017970296 161.96529
3.3451834 -0.14287888 0.016467299 155.17487
3.3496974 -0.052727573 0.018482644 159.28334
3.3464732 0.04427401 0.034027677 147.49355
3.3610313 0.15716454 0.025064511 153.04167
3.3437243 0.24161051 0.024334924 148.72447
3.354394 0.35160208 0.019068126 169.43706
3.342015 0.44293302 0.017354388 168.08081
3.3583229 0.55870551 0.014776485 168.54761
3.3591058 0.63529313 0.023698557 160.47641
3.3581455 0.7323584 0.017812008 174.51668
3.3535309 0.84340161 0.019397942 178.60185
3.3508489 0.94030601 0.016889235 189.95833
3.3498766 1.0678496 0.017137669 191.5
3.368655 1.144519 0.0075477608 153.6111
3.3427203 1.2597711 0.015685197 192
3.327311 1.339051 0.0096573047 162.20834
3.3266351 1.5455542 0.0060345 148.49382
3.320756 1.6608955 0.012319897 151.06837
3.3296001 1.7795492 0.013923854 155.18254
3.3983262 1.8148173 0.0083423611 148.2
3.3402374 1.9220054 0.0095936367 140.62
3.3436365 2.0128646 0.0098219588 147.75
3.3246021 2.1590219 0.0049771131 129
3.3838978 2.2306733 0.0062846942 137.5
3.3725297 2.3892822 0.0085533718 144.60001
3.3369002 2.5470629 0.033577796 148.15834
3.323874 2.6796298 0.0060805362 188.5
3.3526814 2.7688501 0.010919255 157.42778
3.3613722 2.8697412 0.013932423 161.07777
3.3466527 2.951684 0.016708931 166.61607
3.3265767 3.0490422 0.013701772 148.5
3.3891277 3.1824899 0.039184857 124.18
3.3508689 3.2607782 0.036192894 144.56033
3.3492823 3.3773584 0.01144104 156.44444
3.3637166 3.4061334 0.014718381 152.73914
3.3573282 3.5683248 0.021308741 180.03703
3.3355067 3.6499393 0.026016785 173.33333
3.3633411 3.7586486 0.015138146 160.20493
3.3671219 3.8579032 0.016014164 165.85258
3.3575525 3.9404559 0.026315721 165.8075
3.3569462 4.0369058 0.038421754 170.98334
3.3407855 4.1572456 0.040818561 169.24026
3.3672523 4.2668939 0.046757825 182.82916
3.3477588 4.3655186 0.056450982 171.26251
3.3430369 4.4764271 0.072944015 178
3.3893883 4.5201302 0.078421377 171.5
3.3098426 4.6681175 0.072772227 159
3.324291 4.7059984 0.089422256 146.75
3.3085413 -2.0409341 0.1676659 135.5
3.3595617 -1.916647 0.17402227 124
3.3420343 -1.8578451 0.13314292 152.66667
3.3725612 -1.7327348 0.13565753 161.78571
3.3642201 -1.6510167 0.11574271 148.51111
3.3885472 -1.5061035 0.15971908 199.16667
3.3424325 -1.3893238 0.10347851 191.14285
3.3716178 -0.80944639 0.15754025 203.82782
3.357496 -0.78455704 0.11537872 198.60001
3.3921738 -0.19097456 0.13318379 168.5
3.3483984 0.22415681 0.14508933 125.875
3.3256886 3.9734409 0.17801495 159.5
3.372087 4.0306263 0.13044228 180.66667
3.3562653 4.2090392 0.10062167 125.5
3.3973365 -2.0852933 0.29449877 127.16666
3.3568819 -1.4981257 0.25131038 198.35555
3.3142016 3.9396646 0.21270986 133.78125
3.3406336 4.0103388 0.25068027 152
3.3347554 -1.5086397 0.3081778 197
3.4443367 -3.142679 -0.063713118 141
3.4690723 -3.0459838 -0.052809745 175
3.4569616 -2.9408655 -0.056039479 162.375
3.4703264 -2.815465 -0.039779697 188.375
3.4407108 -2.7305126 -0.039514001 166.29167
3.4229782 -2.6368392 -0.042995311 176.45613
3.4565189 -2.5233734 -0.023624437 159.62698
3.4636378 -2.4348259 -0.026223533 154.07381
3.4518349 -2.3295751 -0.025159417 154.49518
3.4607604 -2.2345755 -0.021708142 158.66875
3.4551997 -2.149256 -0.022963874 155.69965
3.4580567 -2.0449164 -0.047343802 160.33696
3.4369323 -1.9241542 -0.049469102 162.76389
3.4409728 -1.8461406 -0.035324048 161.60884
3.49646 -1.7361194 -0.028716363 145.875
3.4380922 -1.6770126 -0.027897 144.60001
3.4650977 -0.90670794 -0.00087518035 211.5
3.497849 -0.85063487 -0.0078653367 172.33333
3.4139833 -0.72466886 -0.0010656602 168.5
3.4541636 -0.6386078 -0.0064058928 160.66667
3.4399259 -0.53492087 -0.0043902309 166.22223
3.4829485 -0.49868309 -0.0039749308 139
3.4441171 -0.37309894 -0.015448932 170.3633
3.4624553 -0.24543172 -0.015219294 174.94254
3.4750757 -0.16737768 -0.012704979 166.54646
3.4627409 -0.069067597 -0.013958913 161.51317
3.4449513 0.033371169 -0.023898436 159.05276
3.4384284 0.12694155 -0.030901765 160.19385
3.4585066 0.2353383 -0.023768587 162.92757
3.4514217 0.35624975 -0.014162011 159.8889
3.4474277 0.44192401 -0.0062423204 167.8764
3.4552071 0.53426522 -0.011943056 168.99863
3.4399557 0.64372134 -0.013251876 151.96265
3.473665 0.76084077 -0.014046564 151.78537
3.4532902 0.83815396 -0.011774745 152.7262
3.4689455 0.95143235 -0.01124242 142.0625
3.4372597 1.0443236 -0.015971497 172.00352
3.4419773 1.1475416 -0.013190226 152.84616
3.4463358 1.2529771 -0.015391462 182.73865
3.4666932 1.3542608 -0.030849194 166.72664
3.4669771 1.4606302 -0.014590719 153.50026
3.4273472 1.5807115 -0.030844398 152.05368
3.4473827 1.6599339 -0.030676721 159.35896
3.4513726 1.7235743 -0.029523412 163.13213
3.4440978 1.8272057 -0.02819965 158.9977
3.4654264 1.9562502 -0.035084043 158.04663
3.4380276 2.0367093 -0.052903805 153
3.4478295 2.1188283 -0.0043643988 191.16666
3.477726 2.3294647 -0.049809374 156.33333
3.4513285 2.4617059 -0.022790335 180.22223
3.4454701 2.5398591 -0.042975757 151.90445
3.4397922 2.668458 -0.016426789 165.12259
3.4325726 2.767123 -0.029227478 165.65068
3.4564447 2.8696558 -0.028563665 162.59419
3.4400966 2.9500635 -0.022965904 162.23334
3.4423385 3.0412378 -0.017180061 167.07837
3.4484372 3.1435554 -0.024385478 164.33224
3.4603765 3.2532718 -0.018038807 163.11548
3.4280269 3.3509419 -0.015364829 169.12212
3.4676056 3.4778306 -0.015526308 176.25497
3.4467361 3.5684543 -0.022549676 177.24924
3.4590266 3.6509857 -0.015694041 176.14983
3.4569559 3.7512138 -0.018884555 169.44807
3.4476163 3.8357372 -0.012915698 169.58414
3.4684308 3.9444282 -0.019226149 166.03802
3.4393139 4.0496106 -0.022709303 171.34
3.4540606 4.1589274 -0.01669793 175.57303
3.4756198 4.2695308 -0.0056154444 180.44827
3.428803 4.5236988 -0.012203725 189.33333
3.4586754 -3.1685429 0.044763755 156.66667
3.4828849 -3.0441797 0.044959888 174
3.4593058 -2.9495778 0.047647819 181.08334
3.4770386 -2.8609879 0.046742111 175.16667
3.4173608 -2.771244 0.018306768 157.33333
3.4473228 -2.6882927 0.013461772 147.05
3.4881039 -2.5760393 0.0051267832 134.76086
3.4298029 -2.4675272 0.04557487 152.09999
3.4708943 -2.2395501 0.031319387 143.38466
3.4594419 -2.1487827 0.042049889 144.80499
3.4601409 -2.059237 0.024309432 152.58846
3.4519298 -1.9510698 0.03885195 161.66507
3.470016 -1.83775 0.052425224 158.80115
3.4869037 -1.7303939 0.031987723 178.60001
3.4572937 -1.6712409 0.090097599 164.86111
3.4226956 -1.5948893 0.08404173 149.60001
3.4506414 -0.86246884 0.040180992 206.05952
3.4580412 -0.78842926 0.01090564 185.5
3.4639049 -0.67728466 0.013866022 187.22223
3.4554205 -0.55617297 0.028176947 167.06377
3.4622233 -0.45361012 0.018025054 171.85857
3.444664 -0.35134858 0.028265201 155.62778
3.4517443 -0.25193015 0.028603414 160.79445
3.4395976 -0.18090335 0.050319862 170.10417
3.4465411 -0.049744334 0.031884249 155.16911
3.4501278 0.053864364 0.027003592 155.94382
3.4470084 0.15924735 0.028867224 154.11577
3.4533722 0.24353784 0.028135246 151.02338
3.4428313 0.34390211 0.015697114 164.26151
3.4401853 0.44729459 0.015111613 167.45171
3.4446609 0.54190511 0.030254679 168.01868
3.4546649 0.65586573 0.017718246 165.23888
3.4448571 0.75613832 0.010835296 161.21582
3.4597275 0.85306007 0.015677871 165.1125
3.4325292 0.92790586 0.020419629 189.41451
3.4598215 1.0547345 0.019096954 172.7
3.4656203 1.1369861 0.023788309 176.1111
3.4523835 1.250801 0.011991143 142.58333
3.410583 1.343174 0.017294073 191.2
3.4788511 1.4626342 0.04295643 138.28419
3.4435694 1.5817875 0.012654416 139.07936
3.4599063 1.6711487 0.01793077 147.72223
3.4462376 1.7376312 0.021235928 146.92223
3.4489264 1.8278137 0.02462473 157
3.4432802 1.920539 0.020082718 153
3.4523766 2.036582 0.014134954 151.21388
3.4701064 2.1453311 0.0033387439 156.16667
3.4339643 2.2888083 0.01402882 143.25
3.4684901 2.3317711 0.01131343 142.5
3.4448485 2.4644816 0.0074455198 131.35715
3.4526908 2.5836656 0.0037350524 170.25
3.4140487 2.6505151 0.0053292178 162.63333
3.454809 2.757853 0.015077129 165.875
3.4504366 2.8328018 0.012345565 152.91071
3.4552763 2.9534752 0.013298306 162.93915
3.4521146 3.0748992 0.012592075 153.55357
3.4368246 3.1547852 0.057940245 139.6875
3.4451027 3.2592425 0.057246685 139.98906
3.4491329 3.3698318 0.0074732974 149.16824
3.4370728 3.4449279 0.0016911037 163.33333
3.456717 3.5582683 0.023040157 179.08876
3.4306793 3.6508861 0.010812093 165.03334
3.4489527 3.7563379 0.03034729 161.05045
3.4497225 3.8727005 0.022220483 157.29436
3.4618039 3.93489 0.028338358 156.61111
3.4574683 4.0497122 0.046026252 181.50716
3.4444478 4.1620207 0.054233957 177.58333
3.4646525 4.2651443 0.078547314 146.75
3.4292481 4.3674068 0.061255082 186
3.4618232 4.4372959 0.062079895 164.28
3.4037001 4.5547013 0.081149772 165
3.4407151 4.6507316 0.078640133 153.16667
3.4849434 4.7537599 0.092618719 129.5
3.4671175 -2.4277346 0.12317364 135.33333
3.4466951 -2.0611489 0.14085904 145.53557
3.4520385 -1.7695775 0.11387248 153.07408
3.4688096 -1.6546534 0.12789424 164.80556
3.4224896 -1.5438663 0.12285677 167.83333
3.4666073 -1.4582558 0.1376058 195.56058
3.4201558 -1.3119189 0.10831149 207
3.4776976 -0.80982226 0.16368546 207.80115
3.4555948 -0.77721179 0.15435009 198.65131
3.4693403 0.13837422 0.16157548 125.53333
3.4453194 0.2335265 0.12892298 131.39294
3.473855 0.77893567 0.18099123 158
3.4097464 1.2366925 0.15982787 151
3.4493561 1.3232282 0.19544752 131
3.4901373 3.1224909 0.12988339 130
3.4666631 3.2389586 0.13527851 128.78572
3.4223983 4.1464591 0.19395636 163
3.4376543 -2.0924132 0.24135476 129.46153
3.4600821 -1.5036865 0.28105736 197.36363
3.4185839 0.27406135 0.20410448 129
3.5437369 -3.2349565 -0.063023895 160
3.5203369 -3.1819091 -0.070689425 169.5
3.5686982 -3.050776 -0.05647783 149.375
3.5692992 -2.9409964 -0.048721384 185.25
3.5606754 -2.8550415 -0.030715967 160.8611
3.5084658 -2.7210166 -0.029603956 186.66667
3.5355141 -2.6317801 -0.035066705 183.25
3.5702507 -2.5388632 -0.021165453 159.75
3.538167 -2.4664037 -0.022714945 162.25757
3.5506535 -2.3408511 -0.024358466 159.15599
3.5702617 -2.2442513 -0.018715516 155.4913
3.5480609 -2.1391635 -0.029662738 156.80862
3.5378132 -2.0358002 -0.036042456 150.24913
3.5002885 -1.9225833 -0.038311236 145.66667
3.5552976 -1.8518683 -0.020640293 150.88361
3.5852168 -1.6509612 -0.036963582 150
3.5338545 -1.5592247 -0.035263374 150.5
3.5964093 -1.4837059 -0.032116394 142.2
3.5542202 -0.8242895 -0.014012157 171
3.5697992 -0.72605014 -0.0012134332 174.39999
3.5945363 -0.67764848 -0.0083314618 174
3.5614703 -0.37701908 -0.0025402578 173.55556
3.5495892 -0.233206 -0.014223007 173.99861
3.5538635 -0.1535666 -0.026996929 173.73799
3.5368512 -0.042019304 -0.024641769 145.2355
3.539402 0.048555538 -0.027930532 156.10829
3.550072 0.1187491 -0.025070025 156.55449
3.5566046 0.24425916 -0.020805731 161.08141
3.5561392 0.34707913 -0.023691775 162.55382
3.5506508 0.4279021 -0.02395034 160.69118
3.560859 0.56319416 -0.015530941 163.4375
3.548974 0.64282209 -0.010488882 135.66667
3.5655675 0.74784511 -0.013753144 156.03096
3.5660887 0.84811634 -0.01344851 152.8465
3.5558908 0.97334635 -0.019877037 144.44739
3.5467241 1.0632814 -0.017975019 151.66675
3.5649729 1.1464405 -0.024147322 165.05588
3.5439706 1.2567151 -0.023440406 164.43658
3.5807221 1.3422379 -0.031457514 169.66335
3.5560951 1.4472864 -0.017742835 148.72667
3.5478082 1.5487328 -0.029951364 148.86227
3.585767 1.6462429 -0.022056349 138.78571
3.533067 1.7359642 -0.030365394 163.74088
3.5816803 1.8680536 -0.040535036 138.70915
3.5660231 1.9478371 -0.035341032 160.5741
3.5520763 2.0556295 -0.01312189 162.61459
3.5520067 2.1569681 -0.029947665 173.05278
3.5688221 2.2513266 -0.04167315 147.93333
3.552665 2.3475475 -0.029459693 160.96834
3.5385737 2.4468014 -0.038475458 158.16965
3.5466549 2.5454562 -0.027406504 158.8102
3.5404532 2.6644111 -0.042420577 162.6293
3.5345829 2.7564337 -0.026685616 157.72238
3.5346339 2.8671007 -0.019409541 180.99042
3.5445988 2.9694786 -0.014819938 169.27007
3.5327859 3.0439432 -0.018077575 173.08472
3.546778 3.1726706 -0.022941029 164.84059
3.5550439 3.2741082 -0.027487269 167.3279
3.5514519 3.3806102 -0.0209658 172.98831
3.5513115 3.4565258 -0.018783357 176.00325
3.5558615 3.5647831 -0.030133326 179.05612
3.5040975 3.6901987 -0.0026004626 167.22728
3.5208154 3.8898556 -0.044333432 163.72
3.5048921 3.9986613 -0.054540265 167.19231
3.5479822 4.0595403 -0.06648232 168.56639
3.5753019 4.1519675 -0.039467875 171
3.5440326 4.2033105 -0.017402334 174.22728
3.552959 -2.977361 0.046937965 183.58334
3.5442193 -2.8358989 0.049580395 181.23056
3.5506554 -2.7398145 0.0538087 177.64079
3.5645983 -2.6624477 0.041215081 164.9639
3.5184865 -2.4601641 0.016337844 169
3.5079975 -2.2679305 0.020375144 145.1875
3.5624893 -2.1391175 0.031017831 144.72629
3.5555344 -2.0644097 0.035449952 148.26944
3.5469036 -1.9570606 0.03296797 151.71484
3.559155 -1.8696421 0.047062866 163.9077
3.5766151 -1.768509 0.06852942 165.20367
3.5126843 -1.6390177 0.06972234 166.58334
3.5163045 -1.5540372 0.071828276 167.76666
3.5199797 -1.4608395 0.05085218 171.375
3.5325134 -1.3319916 0.057565443 157
3.5400891 -1.2635245 0.076273121 208.75
3.5553963 -0.84398949 0.049035478 206.92667
3.5642281 -0.78806746 0.011719624 182.79166
3.5440228 -0.64836526 0.017881939 184.21667
3.541441 -0.55498242 0.016419588 171.55695
3.5605407 -0.4471209 0.019257419 174.99759
3.5475121 -0.35790333 0.021764364 173.75
3.5426905 -0.26392448 0.027392199 170.40714
3.5363007 -0.15722428 0.025215946 161.69609
3.5484657 -0.054351583 0.028714649 152.09735
3.5429749 0.046637282 0.024148539 157.44128
3.544431 0.14219211 0.025940921 151.07701
3.5387189 0.24743289 0.030015597 150.01033
3.5417364 0.34080419 0.028596301 158.46722
3.5642176 0.44415566 0.023696505 169.26814
3.5538535 0.55513734 0.02242068 157.32088
3.5625584 0.64681423 0.021533674 171.25667
3.5451772 0.74896854 0.015621335 159.18094
3.5487001 0.85758311 0.019003592 161.56209
3.5502813 0.94617915 0.031429727 168.82976
3.537878 1.0742233 0.014974527 163.14139
3.5505764 1.1614455 0.023776134 154.87122
3.5185013 1.2498043 0.028843567 187.85715
3.5498765 1.3418642 0.026047388 172.66667
3.5743158 1.4420054 0.0083101522 143.83334
3.5312114 1.5499804 0.0090009263 140.95711
3.5368984 1.6439517 0.031912301 150.33333
3.5517719 1.7527614 0.031958923 154.68124
3.5209248 1.861295 0.019075789 162.5
3.559901 1.9218413 0.019206235 174
3.5441151 2.0295033 0.004854735 184.93333
3.5548439 2.1480362 0.014494844 164.52499
3.5542328 2.2512646 0.011912498 173.86667
3.5570843 2.3424125 0.017454682 145.12224
3.5747273 2.4589508 0.01820045 140.86667
3.578413 2.5529225 0.013059412 163.55556
3.5306699 2.6562335 0.0097321104 155.8889
3.550561 2.7692654 0.0098344656 162.68333
3.54814 2.8805544 0.015304671 163.42857
3.5404494 2.9562027 0.011806446 163.51482
3.5272255 3.0608392 0.01184348 163.73334
3.5406799 3.1430397 0.033867244 162.08452
3.5484662 3.2458138 0.041031662 145.35715
3.5466042 3.3633196 0.0090595223 156.72124
3.5540535 3.4479485 0.011456746 186.24638
3.5526304 3.5172975 0.017891502 162.45535
3.5549488 3.6473923 0.020288499 157.03581
3.5445669 3.7743564 0.010915216 165.9424
3.5791824 3.8534667 0.024228279 168.29399
3.5435474 3.9619484 0.025570875 135.09999
3.5727284 4.029223 0.043537185 187.1111
3.558326 4.1230793 0.051500004 185.91112
3.5928464 4.2333736 0.042935561 168
3.5180786 4.3285437 0.052023098 180.10001
3.5331645 4.5519047 0.077571779 156.75
3.585819 4.642704 0.09147197 136
3.5202656 -2.4514022 0.16450256 157.44444
3.5212386 -2.1086922 0.13729344 126.83334
3.5761092 -1.6612972 0.12461559 170.66667
3.5127208 -1.5561844 0.12059318 155
3.5562561 -1.4915988 0.15233231 196.05
3.566154 -1.3485365 0.1602684 204.60001
3.5499518 -0.82980537 0.12765077 204.77499
3.5192876 -0.78733987 0.15055488 205.425
3.5393126 -0.20170511 0.15942246 141
3.584954 -0.16016257 0.15250887 162.85715
3.5654752 0.18378229 0.17007245 132
3.5435491 0.95625377 0.14271827 127.79848
3.5060968 1.3964665 0.13270487 124.46667
3.5812466 3.0685472 0.17879625 129
3.5002694 3.1516929 0.116827 135
3.5586464 3.2489202 0.13221301 144.18788
3.5999079 -1.872766 0.25295967 173.5
3.5589941 -1.7522397 0.23284885 205
3.5765481 -1.5260804 0.26885435 196.45557
3.5956066 -0.79804462 0.20339784 206.85715
3.5052516 0.86609757 0.22025494 144
3.5454445 3.1907964 0.21507694 126
3.5947869 3.2738926 0.21761957 139.66667
3.6930454 -3.2184706 -0.057569824 145.5
3.649071 -3.1416063 -0.061102804 163
3.6534998 -2.9423881 -0.039807815 144.39999
3.65079 -2.8573895 -0.035115179 177.83333
3.6432018 -2.7545037 -0.039272938 188.66666
3.6623964 -2.6460953 -0.02953803 170.65001
3.6696138 -2.4576583 -0.023026159 163.90741
3.6691415 -2.3505697 -0.015460982 157.36557
3.6453967 -2.2342415 -0.014628647 159.72327
3.6355782 -2.1329274 -0.015338754 146.83333
3.639636 -2.0790308 -0.0083499923 178.7381
3.6511178 -1.9762017 -0.039042942 146.35001
3.6476874 -1.8697256 -0.020159137 160.26389
3.641052 -1.7336602 -0.0069520352 159.64285
3.6569419 -1.5831406 -0.034706756 144.60001
3.6640491 -1.4015259 -0.031696394 134
3.6875775 -1.3738973 -0.026200669 131
3.6378257 -0.86514628 -0.0033183433 176
3.6953132 -0.76715785 -0.00098989869 173
3.6618545 -0.61717516 -0.0055505619 183.2
3.6410341 -0.55032349 -0.014795247 187.5
3.6354866 -0.46233058 -0.0045371768 188.39285
3.649132 -0.33761707 -0.0088563468 181.15385
3.6442621 -0.23133244 -0.017689351 179.58717
3.652643 -0.15118386 -0.035459492 167.67191
3.6462181 -0.048792068 -0.031732131 164.06564
3.6663389 0.050899919 -0.020557785 164.36679
3.6366332 0.15522987 -0.0296684 164.62752
3.65605 0.25609261 -0.035717897 158.96912
3.6557045 0.34639391 -0.030971436 160.07654
3.6421168 0.4339855 -0.021560367 165.60014
3.6485031 0.53857648 -0.025304746 163.25797
3.6576309 0.63418317 -0.014074664 165.62872
3.6462686 0.72913748 -0.014185514 154.32594
3.6665192 0.85374951 -0.013461038 152.09155
3.6603661 0.95047015 -0.030915491 160.81717
3.662915 1.0387341 -0.022627331 140.27258
3.6585767 1.1441556 -0.022947684 157.84779
3.6500447 1.2473161 -0.025768235 159.98709
3.6735432 1.3422403 -0.019545252 150.94444
3.6480305 1.4556457 -0.013303589 153.19319
3.6817932 1.5425141 -0.02508435 133
3.6398606 1.6834624 -0.026948929 146.6282
3.6224716 1.7745681 -0.037050575 153.82347
3.6596215 1.8410219 -0.021870956 165.78572
3.6570048 1.928507 -0.016277805 166.95461
3.6804152 2.0269117 -0.028323974 173.57216
3.6630216 2.1283853 -0.037750524 155.14493
3.6450408 2.2239439 -0.023652755 149.64658
3.6390526 2.3487995 -0.045868602 146.16112
3.6467304 2.4672608 -0.030425018 154.81602
3.647882 2.5549409 -0.038485825 164.25131
3.6347151 2.646019 -0.027369468 167.84306
3.6469357 2.7558937 -0.042183112 172.58366
3.6313663 2.8544202 -0.028212387 162.17749
3.6398683 2.9511027 -0.014282272 179.39583
3.6478162 3.0388522 -0.012119113 169.1947
3.6392386 3.1297348 -0.02367406 168.33269
3.6570947 3.2411327 -0.036276054 171.1946
3.6552455 3.3689933 -0.022205338 173.35661
3.6411979 3.4365356 -0.026645651 177.30556
3.6445014 3.5534916 -0.021351127 167.74751
3.6526976 3.654567 -0.023572562 166.81059
3.6982188 3.7430487 -0.020000976 151.51953
3.641165 3.9501305 -0.040927827 163.12022
3.6010814 -3.1409907 0.052512471 166
3.6156564 -3.073271 0.055994123 172.25
3.6493895 -2.96211 0.051797815 185.5
3.6306763 -2.8335252 0.053110272 181.0197
3.6073871 -2.7571025 0.047342755 174.08334
3.6427274 -2.6501248 0.041654583 174.96277
3.6651413 -2.5553496 0.043511268 166.76311
3.6667511 -2.4712095 0.052044202 161.53845
3.6614676 -2.1633577 0.018892856 151.61848
3.6679184 -2.0527966 0.034424394 150.73758
3.6327405 -1.9592745 0.036354739 154.14487
3.6585526 -1.8454834 0.044144139 163.16434
3.6649971 -1.7499955 0.076614566 160.3723
3.651849 -1.639697 0.061612345 169.61113
3.6203835 -1.471563 0.053874832 166.60001
3.6454687 -1.3587214 0.057603937 153.33333
3.6546068 -1.2330449 0.037416987 189.33333
3.6401558 -0.84401637 0.065020092 210.43452
3.6734931 -0.75989145 0.0081483321 171.89999
3.648236 -0.65536243 0.0099528767 185.73334
3.6548908 -0.55779803 0.019042632 175.04762
3.660723 -0.4558377 0.024340801 169.61574
3.636555 -0.36846843 0.024652183 164.82115
3.6456101 -0.24758613 0.022544775 176.3884
3.6600423 -0.14411162 0.035245683 167.96358
3.6533358 -0.040633835 0.030585745 152.75998
3.6517105 0.045102708 0.030826533 148.1125
3.6541307 0.13755277 0.030264571 156.88324
3.6425371 0.25478083 0.022738254 151.64664
3.6420577 0.33709154 0.050093278 153.00432
3.6338382 0.43717864 0.028477814 156.17216
3.6483996 0.52875841 0.01986713 166.01135
3.6532693 0.65812194 0.021281363 169.7258
3.6591518 0.76418161 0.01837424 164.48518
3.6609929 0.85539836 0.021632237 164.79936
3.6448636 0.95878571 0.015545445 160.42763
3.6349311 1.0604331 0.016496027 170.35178
3.6216283 1.1572945 0.021352218 180.72
3.6228619 1.2563288 0.031969864 161.944
3.6724727 1.3825319 0.049796313 134
3.655695 1.4545051 0.072512776 115
3.6281986 1.5311849 0.01479968 151.7485
3.6604311 1.6419853 0.033028927 151.09843
3.6539352 1.7500532 0.025491647 160.38667
3.6246746 1.8299373 0.022398829 156.39697
3.6590621 1.951738 0.014533495 128
3.6695604 2.0444028 0.014726894 151.77211
3.6651521 2.138731 0.016197603 171.77879
3.6579523 2.25178 0.014908357 180.47708
3.6465957 2.3847079 0.0094871055 167
3.6548769 2.4333267 0.036586691 149.75
3.6783259 2.5594716 0.02718183 151.75
3.6473682 2.6494296 0.0095743425 150.63928
3.6727731 2.7589924 0.0078420267 170.08719
3.6489551 2.8615744 0.016703255 161.43803
3.6446805 2.9685543 0.01382821 153.91035
3.659317 3.0564642 0.020833489 173.90608
3.6698956 3.1607246 0.023899307 173.65334
3.6537311 3.250504 0.027269559 163.7104
3.6530328 3.3343258 0.019248005 155.71921
3.6356654 3.4463594 0.025280906 174.18402
3.6565113 3.5096474 0.00074905693 148.91666
3.6594825 3.6392899 0.027076937 167.83749
3.6486821 3.7537589 0.029749289 167.79848
3.6627433 3.8286185 0.034640547 153.38393
3.6365411 3.9326324 0.04231758 168.14685
3.627187 4.0464854 0.042687386 179.33333
3.6679699 4.1490741 0.045656007 180.925
3.6930673 4.2293525 0.061176665 181
3.635087 4.32335 0.041059677 160
3.6325111 4.7263641 0.097283505 117
3.6914475 -2.388958 0.15603213 123
3.6855223 -2.0141182 0.11642626 135.13333
3.6728432 -1.9710178 0.16732819 134.45
3.6559443 -1.8708818 0.1412192 141.5
3.6902864 -1.6644796 0.1227635 177.1875
3.6198878 -1.5770563 0.1284572 164.2
3.6583517 -1.490239 0.16177024 193.07954
3.6897082 -1.3195852 0.14878678 206.98215
3.6770511 -1.2988995 0.19772886 204
3.6365297 -0.82228816 0.1715527 205.18889
3.6284111 -0.7927801 0.13993359 206.48334
3.6177773 -0.21315119 0.11034162 165
3.6618116 -0.15652774 0.13036419 136.5873
3.6796787 -0.00072991167 0.16237836 136
3.6276577 0.081318647 0.16864437 122
3.6090169 0.26341468 0.1520015 123
3.6538289 0.34693721 0.12870295 128.79166
3.6538761 0.55078149 0.12603946 128.17064
3.6364391 0.61705279 0.12063671 120.5
3.6958911 3.063 0.12165643 138
3.6590736 3.1499202 0.18464798 131
3.6617272 3.2490768 0.13062261 145.68613
3.6152117 -1.9591137 0.22863081 121.83334
3.6706414 -1.5230736 0.28128785 196.8
3.6008499 0.19619441 0.21040452 129
3.6562769 0.34291926 0.20185959 138
3.6626709 -1.5358354 0.30710226 196.5
3.7663369 -3.0766401 -0.055917885 158.75
3.7471004 -2.8649979 -0.044226527 179.91666
3.7578166 -2.7336795 -0.042266987 188.5
3.7445395 -2.6701558 -0.03463538 124.33334
3.7623191 -2.525672 -0.022208756 158.16666
3.7867126 -2.4060628 -0.019961076 130.5
3.7344348 -2.3617077 -0.01643445 167.375
3.7393773 -2.2738385 -0.011846783 159.48415
3.7304463 -2.151998 -0.0086500263 156.01389
3.7684121 -2.0557139 -0.024590217 159.1891
3.7586241 -1.9626849 -0.024662459 160.35001
3.7419248 -1.8457065 -0.044029735 149.125
3.7764399 -1.7672197 -0.046683602 142
3.7431111 -1.5012575 -0.035732582 131.66667
3.7934322 -1.4541838 -0.029708885 123
3.7385213 -1.3120482 -0.025688432 125.33334
3.7645879 -0.89914912 -2.1623333e-05 210
3.7065127 -0.70596665 -0.0072977822 176.66667
3.7209752 -0.6008693 -0.004287607 182.83333
3.7475955 -0.54730135 -0.016490979 187.625
3.7368407 -0.41827664 -0.0075020352 184.83334
3.7543275 -0.32140401 -0.010327234 183.77121
3.7554991 -0.2400355 -0.023845617 172.8763
3.7477252 -0.13829207 -0.012874401 177.80664
3.7637017 -0.051172152 -0.024415707 167.76346
3.7588122 0.060889687 -0.013695326 168.41209
3.7580571 0.16051523 -0.029875824 163.91441
3.7547827 0.25885552 -0.021189723 162.78918
3.7505088 0.34294832 -0.024343267 165.01308
3.7395277 0.45104161 -0.030751614 160.83066
3.7573407 0.54287922 -0.023310365 164.21089
3.7477653 0.64250588 -0.036604486 164.65555
3.7439017 0.75083846 -0.023375118 163.37408
3.7642794 0.84568733 -0.021748433 158.96104
3.7517419 0.96723312 -0.042319 157.61118
3.7428284 1.0615478 -0.018632783 161.15161
3.7486875 1.162903 -0.019669659 160.08928
3.7617996 1.2521271 -0.021505969 151.20471
3.7780595 1.3545772 -0.029741485 154.03349
3.7419615 1.4299008 -0.017660925 149.71776
3.7856038 1.5562192 -0.011183091 153.77777
3.7228687 1.654833 -0.016032768 162.30769
3.7342618 1.7660556 -0.031352933 167.02003
3.7441678 1.8238308 -0.021149814 165.8044
3.7751765 1.9452041 -0.015177432 167.688
3.7439616 2.0567706 -0.015112425 167.14903
3.7646441 2.1508462 -0.025122868 155.70125
3.7317734 2.2484045 -0.039770935 157.19286
3.7313731 2.3317509 -0.031089028 160.62682
3.7588844 2.4471421 -0.04246603 137.44444
3.7592454 2.5469248 -0.014898468 165.32336
3.737828 2.6468966 -0.033317704 162.89391
3.753721 2.7488937 -0.032746747 155.64331
3.7327988 2.8463197 -0.030035742 168.3187
3.7584195 2.9385691 -0.035160396 174.27066
3.7338011 3.0306289 -0.011415733 181.01099
3.7218573 3.1422739 -0.0071180146 179.55
3.7571397 3.2576561 -0.03067581 175.29305
3.7555127 3.3552437 -0.044336494 168.45551
3.7441292 3.4472601 -0.039228495 165.24414
3.7685096 3.5517881 -0.016533887 179.32045
3.7542789 3.6463935 -0.023562273 175.86531
3.7522581 3.7601616 -0.036716364 167.55391
3.7601879 3.8575392 -0.075133793 167.50969
3.7164977 3.9501634 -0.04727371 161.87938
3.7246211 -3.134521 0.055137932 167
3.7303021 -3.0721474 0.056249719 172.5
3.7399755 -2.9736731 0.05050458 187.25
3.7487357 -2.8625681 0.066974811 187.75
3.738008 -2.7434952 0.0587571 181.76466
3.7436974 -2.6571951 0.061207548 176.80087
3.7400229 -2.5833499 0.043258779 171.35938
3.7477341 -2.4620295 0.036569931 169.16261
3.7440624 -2.3722806 0.033798259 159.87788
3.7516389 -2.2424688 0.033083811 156.5033
3.7472675 -2.1623113 0.021543983 163.42021
3.7493165 -2.0615263 0.037945062 154.94771
3.768105 -1.9518349 0.037610859 164.252
3.754276 -1.8232368 0.03849113 160.54762
3.7587452 -1.7432216 0.06552159 170
3.7579792 -1.6447407 0.048348464 183
3.7525339 -1.5461882 0.079151906 151.54167
3.7173748 -1.4403183 0.081319056 149.80556
3.7840827 -1.3159617 0.053200658 147
3.7621515 -0.8527211 0.040916298 199.7
3.7678552 -0.75056201 0.013757487 177.5
3.7396724 -0.65936393 0.015240461 166.03055
3.7485707 -0.56143212 0.016297609 159.83333
3.7564714 -0.46558324 0.017871689 171.86537
3.7333605 -0.35186243 0.021171991 161.83333
3.7406054 -0.26190484 0.026176112 155.55164
3.7504613 -0.1593805 0.037863865 163.88487
3.7386825 -0.054083664 0.0331048 154.66344
3.7414358 0.054203391 0.039369531 161.12247
3.7265887 0.15214714 0.037363358 153.05103
3.7366445 0.25158468 0.032409243 154.07738
3.7497468 0.36419114 0.022527266 157.98802
3.7363694 0.45975158 0.01689522 166.95555
3.7400074 0.54352266 0.029194163 170.61122
3.7648675 0.64131421 0.041632507 158.00203
3.7551334 0.75042903 0.024934877 167.36914
3.7432375 0.8626942 0.021275189 180
3.7507496 0.93599975 0.016068509 171.66666
3.7290585 1.0421925 0.02217751 174.62544
3.752876 1.131281 0.029482789 178.16093
3.7446914 1.2510039 0.033603709 184.18579
3.7898703 1.352175 0.051334977 154.66667
3.7900157 1.416378 0.027627112 168.33334
3.7452829 1.7538505 0.018644894 130.38889
3.7565563 1.8503379 0.029554244 150.55556
3.7958627 1.916899 0.015871041 121.66666
3.7406209 2.0609872 0.014396372 159.85822
3.7411106 2.131326 0.01583457 179.19048
3.7596951 2.2428119 0.016719315 182.68687
3.7556186 2.3409851 0.020233613 162.16824
3.7481754 2.4743176 0.0081675602 137.5
3.7410924 2.5600636 0.022960128 142.75
3.7835999 2.6317899 0.013785047 150.7957
3.7564819 2.7567496 0.0095523978 149.86906
3.7407961 2.8553326 0.0067190672 170.65295
3.7368186 2.9621594 0.020096254 156.53471
3.7496834 3.070842 0.021662407 158.68147
3.7388732 3.156908 0.037774846 151.35318
3.7518442 3.2537167 0.021975771 167.84721
3.745975 3.3308601 0.023186693 168.26993
3.7437103 3.4292119 0.028374832 169.37627
3.7267714 3.522125 0.02944972 174.78572
3.7333612 3.6420913 0.026535267 160.77274
3.758456 3.7528625 0.027051125 174.55667
3.7319679 3.8698585 0.038136233 163.13333
3.7594924 3.9953251 0.015313789 156.5
3.7887559 4.0579858 0.057330199 177
3.758064 4.1413131 0.053722385 181.5
3.7546265 4.2828088 0.054441471 164.3889
3.7793324 4.3143864 0.049236398 152.5
3.7635868 -2.4352627 0.101731 171.18182
3.702359 -2.3744788 0.14599319 121.25
3.760994 -2.0333679 0.16831861 158.25
3.7824779 -1.8889717 0.10791139 154.82857
3.7861364 -1.7532753 0.14022571 162.29166
3.7987185 -1.6800264 0.13030803 179.8
3.7290809 -1.588684 0.13203061 169.39999
3.7595541 -1.4824734 0.16478343 192.16364
3.7324014 -0.84131521 0.14076702 207.14999
3.7134614 -0.78937995 0.19851147 206.57143
3.7241962 -0.20672132 0.13856094 174.66667
3.7315404 -0.18685514 0.14512783 180
3.7658753 0.081157312 0.18855184 135
3.7294095 0.13423641 0.17330277 142.31851
3.7598679 0.23606318 0.12801018 127.81818
3.707747 0.43116826 0.14274462 124
3.7328689 0.54964221 0.15980503 152.02499
3.7582901 0.60703212 0.12693147 155.43478
3.7418244 0.85450196 0.12726869 141
3.776705 2.704797 0.11203643 154.5
3.7504961 3.0474155 0.12862056 151
3.7279217 3.1437204 0.15299022 147
3.7089694 3.4318306 0.14436634 166
3.7951922 -1.3251423 0.21415204 206.75
3.7587976 3.2520683 0.20528837 133
3.7742579 -1.5121387 0.30327931 196.21428
3.8267703 -3.1574802 -0.052715033 137.5
3.8446593 -2.9685891 -0.048044968 158
3.8651652 -2.8217561 -0.036544066 167.5
3.824342 -2.7480941 -0.036561284 147.76666
3.8373084 -2.5575042 -0.021522572 154.70833
3.8443301 -2.430243 -0.0098080812 138.20833
3.8455846 -2.370327 -0.0096334796 187.66667
3.8448775 -2.2843533 -0.0043311855 156.5
3.8288929 -2.1521161 -0.0083248066 157.51111
3.8669066 -2.0818632 -0.045138706 145.39999
3.8938978 -1.961557 -0.046612721 138.75
3.8499646 -1.8568347 -0.045098022 137.25
3.8187599 -1.7435105 -0.040376894 137.75
3.8262258 -1.4235413 -0.025504425 121
3.8177178 -0.70689011 -0.00141563 174.2
3.8418674 -0.42562652 -0.01039727 184.77084
3.8792729 -0.34510961 -0.017055545 181.55792
3.8430622 -0.21863727 -0.0054811877 187.53333
3.8531246 -0.16159107 -0.02171452 174.39319
3.8542581 -0.036419474 -0.017798327 166.52597
3.847795 0.036456481 -0.020586072 167.20566
3.8478808 0.15891939 -0.025910633 163.36205
3.8609798 0.24424833 -0.018154511 162.22693
3.8503697 0.34985259 -0.029207168 149.51494
3.8389075 0.43675888 -0.031649824 151.01102
3.867548 0.54686296 -0.026073217 160.48676
3.8476319 0.65193552 -0.028301494 169.55803
3.8464861 0.73278987 -0.022503896 165.8777
3.8432674 0.83704197 -0.012453097 164.34558
3.8473773 0.94155329 -0.025628906 163.39438
3.8398254 1.0298543 -0.017921804 165.29871
3.8434613 1.159781 -0.014904126 165.63785
3.8523948 1.2438878 -0.011642732 169.38411
3.8736801 1.3193499 -0.023447515 168.18536
3.8377068 1.4689083 -0.019282065 142.80391
3.8404443 1.5393728 -0.029047921 150.3
3.8210557 1.6289619 -0.034093797 162.11728
3.8352935 1.7497818 -0.04154361 164.42978
3.8441353 1.8502678 -0.022769071 160.59918
3.8878231 1.9737818 -0.016551225 167.65482
3.8404486 2.0417023 -0.018784283 159.1516
3.8653171 2.14223 -0.037541129 150.59781
3.8508191 2.2577138 -0.041626457 155.11058
3.855288 2.3432524 -0.037994076 146.85547
3.8501608 2.4535582 -0.034723334 151.39684
3.8471503 2.5467448 -0.02293225 165.88313
3.8545251 2.6382592 -0.034071118 162.41025
3.8510661 2.7555094 -0.041017611 160.74997
3.8266327 2.8546495 -0.028379433 160.96902
3.8529141 2.9392464 -0.057741806 159.15012
3.8535323 3.0471663 -0.064667113 158.82846
3.8507035 3.1394472 -0.013423301 174.17175
3.817826 3.2498026 -0.029714715 171.74495
3.858855 3.3430564 -0.035295669 173.12512
3.8686028 3.4413321 -0.03136446 164.50204
3.8464992 3.5318549 -0.033648331 165.91908
3.8574533 3.6355124 -0.025853008 171.81996
3.8312297 3.736999 -0.029163059 171.33397
3.8456242 3.8346181 -0.033760294 169.72144
3.826967 3.936208 -0.041185457 156.83994
3.8037632 4.008872 -0.028607754 154.13954
3.8452127 -3.0778141 0.057987534 174.5
3.8373106 -2.9701376 0.068456061 183.66667
3.8386405 -2.8701589 0.073854476 188.5
3.8457119 -2.7480502 0.077792339 184.18571
3.852469 -2.6494184 0.06567084 178.07968
3.83513 -2.565567 0.053279016 171.03914
3.8553715 -2.4593003 0.04441388 161.72334
3.8433919 -2.3718445 0.071181498 159.48314
3.8411262 -2.2738578 0.066204406 164.62109
3.857043 -2.1530886 0.020298241 166.83333
3.8317323 -2.0693059 0.046946537 170.55127
3.8607666 -1.9550221 0.034689542 171.3331
3.8447905 -1.852288 0.041306783 178.375
3.8393066 -1.7603812 0.063645326 157.56412
3.853586 -1.6511135 0.075580038 157.8889
3.87361 -1.5682454 0.071073584 156.53333
3.840107 -1.4531547 0.077461697 148
3.8276918 -1.3443766 0.091609128 146
3.8271415 -1.253165 0.074352391 191.16666
3.8828092 -0.86641854 0.065710351 207.75
3.8172987 -0.78156704 0.010486492 133.5
3.8332348 -0.6641525 0.013760637 151.2
3.8458838 -0.57742459 0.010268692 175.71161
3.8509147 -0.46327212 0.015998721 178.63097
3.854449 -0.36032236 0.020211529 162.34792
3.84656 -0.25757468 0.024931967 166.0518
3.8469086 -0.14791858 0.031438496 164.63261
3.8406615 -0.058782179 0.029004704 166.84709
3.8339648 0.045081716 0.048337635 154.91238
3.8412149 0.15735328 0.045814388 159.25215
3.8562591 0.25249025 0.038941175 159.86433
3.85551 0.35464272 0.033039279 163.16731
3.8430405 0.46188962 0.021674514 158.49768
3.8412764 0.5688675 0.036295731 162.99702
3.8676267 0.64494008 0.038584061 164.53671
3.8355107 0.73297101 0.032818027 169.61951
3.835978 0.85072094 0.019136168 172.07639
3.849035 0.94779509 0.011363005 171.85725
3.8325994 1.0409356 0.040298823 148.24716
3.8588262 1.138406 0.031612135 169.42482
3.8482254 1.2295545 0.026782041 168.05637
3.8596389 1.3398539 0.023741247 171.48636
3.8627243 1.4472606 0.021223346 173.5
3.8439548 1.5244703 0.018653823 151.8718
3.8642595 1.6345783 0.014751387 158.66667
3.8311286 1.7677212 0.039925735 156.93056
3.8819551 1.8075502 0.099046908 124.4
3.8564239 1.9484154 0.039073687 141.88025
3.8541901 2.0540493 0.011516376 162.06
3.8391211 2.1609979 0.019928327 167.20477
3.8634026 2.2437253 0.019219361 168.86667
3.8565092 2.3495359 0.027213078 156.6389
3.8600876 2.4399328 0.014397151 146.73235
3.8356724 2.5723302 0.0098809954 136
3.8670928 2.6771858 0.022190362 168.25
3.8367491 2.759639 0.021873644 147.22499
3.8462832 2.8660605 0.0092610046 164.32895
3.8548427 2.9495859 0.033158153 171.39999
3.8496172 3.0437703 0.023699485 155.83095
3.8503883 3.1427295 0.025499985 160.85143
3.8467157 3.2480381 0.023435526 164.98201
3.8322785 3.35638 0.044222031 166.06375
3.8367562 3.452863 0.033570092 157.62479
3.8647439 3.5065751 0.026570356 182.2
3.8534992 3.6450958 0.045815367 147.60435
3.8427994 3.7464933 0.027327396 167.34795
3.8466396 3.845015 0.032222223 170.70872
3.8453128 3.9513335 0.02110525 170.55554
3.8578634 4.0957055 0.049530879 168
3.8490715 4.151391 0.055018865 165.5
3.8643761 4.2283216 0.058021493 154
3.8541303 4.3710117 0.062520988 143.5
3.8257189 -1.9494216 0.19797711 141.5
3.871567 -1.894714 0.12137764 151.5
3.8857882 -1.6808017 0.13089231 181.125
3.8163168 -1.5780145 0.13371025 173.75
3.8211184 -1.4824271 0.13300225 187.39999
3.8138342 -1.3195907 0.15222064 209.375
3.8539186 -0.83275408 0.16343307 207.27272
3.8236618 0.18839166 0.14703497 129
3.8801363 0.27473882 0.13440807 132.07964
3.8022358 0.45756719 0.1304819 124.44444
3.8358803 0.7276181 0.15252067 156.89999
3.8754439 0.80783784 0.10116611 181
3.8768692 0.94113255 0.19893338 142.60294
3.8538582 1.0163319 0.15213652 127.81818
3.8807328 1.6406138 0.16976206 137
3.8757517 1.7871877 0.12799528 123.11111
3.8699224 1.8437313 0.12511979 136
3.8817589 1.9006687 0.13679488 128.5
3.819484 2.3644567 0.13441561 120
3.8567195 2.4713326 0.15347472 132
3.8499122 2.7563276 0.15110567 128.78413
3.8240788 3.3123543 0.14170207 125.23077
3.8749058 3.6349461 0.11419832 128
3.8885448 3.9572995 0.11040753 120.42424
3.8673286 -1.4745314 0.2938287 196.7
3.8767388 0.62130064 0.2168387 9
3.8826632 0.79145181 0.22335024 159
3.8152263 0.94275981 0.2058589 138.8
3.8234279 1.6635906 0.20345645 137
3.8477037 2.56985 0.22346348 148.66667
3.948437 2.8536785 -0.10448976 156.73334
3.9587159 3.1702206 -0.11564916 159.39572
3.9808452 -3.1127353 -0.050994329 118.5
3.9160008 -3.0432453 -0.044914171 132.5
3.9821815 -2.9187298 -0.038526278 137
3.9168003 -2.8650665 -0.041736647 160
3.9203048 -2.7648368 -0.035418183 109
3.9948833 -2.6313908 -0.017511737 157
3.9180367 -2.5933633 -0.022262758 142.66666
3.9548559 -2.3932693 -0.0153982 180
3.9342551 -2.2935531 -0.0062299711 146.39999
3.9411252 -2.1745853 -0.0026956005 148.10001
3.950552 -2.0700655 -0.043234907 135.5
3.9654012 -1.8098924 -0.04788997 124.5
3.9450588 -1.6725121 -0.041570775 122.16667
3.9100559 -0.80489182 -0.00065510435 182
3.920079 -0.70139635 -0.0027220361 186.75
3.9326742 -0.69771492 -0.0019010626 178.75
3.9786553 -0.4097963 -0.0072344504 179.70833
3.9178724 -0.31846449 -0.017638952 189.39999
3.9517486 -0.27249935 -0.015148251 181.77332
3.980514 -0.16043261 -0.023767769 178.72696
3.9411159 -0.071674794 -0.021561077 172.07449
3.9645309 0.05275391 -0.025547111 171.96016
3.9663179 0.16030246 -0.018712331 169.25668
3.9480548 0.25144485 -0.023307737 158.19681
3.9448993 0.34289658 -0.032480795 161.61076
3.9463243 0.44664699 -0.026996875 154.57701
3.9678228 0.53056449 -0.025842896 152.60944
3.9443684 0.67508626 -0.019755082 175.8389
3.9316247 0.75030398 -0.020428248 168.81818
3.9471035 0.85269326 -0.016219499 165.13689
3.9460821 0.97381604 -0.01453572 156.31134
3.9474304 1.0448271 -0.016699441 155.94168
3.9317377 1.1273177 -0.017073125 159.437
3.9585991 1.2416534 -0.016113074 165.03694
3.9430976 1.3525952 -0.019181628 158.96173
3.9539595 1.4471384 -0.024445232 149.59743
3.9620125 1.5377419 -0.029149672 156.68011
3.9524603 1.6307801 -0.039702196 157.22501
3.9317451 1.759064 -0.031131003 163.40195
3.9377816 1.8528156 -0.021232888 152.82507
3.9588575 1.9468683 -0.019479297 157.30415
3.9645402 2.0404391 -0.027529562 149.64813
3.9506254 2.1468127 -0.029185379 151.0071
3.9776962 2.2559464 -0.038330931 154.35759
3.9403777 2.3358409 -0.030474452 166.22511
3.9272943 2.4577837 -0.05417699 161.27402
3.9471922 2.5641687 -0.031342104 163.33629
3.9673791 2.6549537 -0.032765184 163.47879
3.9570396 2.729996 -0.042236846 161.2674
3.9306602 2.8648391 -0.011726445 153.0336
3.9463933 2.9519212 -0.044936668 157.94774
3.9586329 3.0398526 -0.023641936 149.94125
3.947757 3.1261721 -0.017888024 173.0457
3.9310699 3.2494338 -0.049905483 164.63608
3.9348485 3.3618257 -0.023656778 170.61237
3.9587221 3.4196756 -0.029219069 164.39507
3.9630511 3.5479803 -0.025517447 173.16533
3.9715338 3.6430113 -0.027820738 172.94441
3.9546027 3.7476878 -0.035044696 174.71094
3.9442482 3.8586109 -0.027688129 188.33333
3.9407129 3.9125707 -0.031232737 149.27083
3.9235225 4.0690956 -0.025109142 149.40741
3.9329896 -2.9384842 0.071346894 182
3.9374919 -2.8402352 0.060256742 187.5
3.9127145 -2.7922311 0.085399508 186.71428
3.947763 -2.6532311 0.059588108 180.33012
3.9551508 -2.5537598 0.064615659 176.71936
3.9615796 -2.4518936 0.062365834 172.23689
3.93663 -2.3596287 0.049439631 162.35179
3.9450903 -2.138854 0.013728331 179.57692
3.9276052 -1.9949224 0.013913476 180.23334
3.9562995 -1.810545 0.043272879 183.60001
3.9152467 -1.7323446 0.027991613 112.5
3.967808 -1.6661341 0.049530126 171
3.947783 -1.5151311 0.065485246 149.75
3.9310589 -1.4286522 0.095475823 141.33333
3.9338553 -1.333371 0.075435854 151.58334
3.939311 -1.2841123 0.052545954 139
3.9847713 -1.1938848 0.048592154 193.5
3.9478517 -0.85704321 0.050485834 207.53333
3.9618895 -0.75758672 0.019526705 133
3.9468167 -0.64960784 0.022457613 152
3.9543686 -0.5550825 0.014390799 176.08928
3.9557393 -0.46695134 0.01700837 179.78094
3.9599392 -0.35964867 0.0248194 181.95239
3.9576349 -0.26945636 0.03331995 183.64999
3.9530687 -0.14874859 0.026812682 173.78149
3.934233 -0.065688372 0.018209815 181.08929
3.9273155 0.062191155 0.035294231 159.53334
3.9400368 0.1517508 0.030437602 158.76666
3.9330401 0.23321874 0.023695873 158.64999
3.9811549 0.3822059 0.039527278 165.5
3.956018 0.44480097 0.027273057 178.36002
3.9390767 0.56559783 0.024950311 166.85092
3.9602442 0.64186084 0.020080891 162.8979
3.9509599 0.75633359 0.030026391 162.28714
3.96924 0.85492963 0.025103023 167.47713
3.9605224 0.95396137 0.02554452 159.60826
3.9531088 1.0505129 0.034002703 154.05269
3.9685204 1.1540389 0.021673717 167.40309
3.9436667 1.2493683 0.021334808 166.86061
3.9340861 1.3555168 0.041140053 159.8925
3.943368 1.4550879 0.026304763 155.3125
3.9189401 1.5373867 0.024368968 146.58125
3.94784 1.6525621 0.020024432 152.36012
3.9386351 1.77398 0.014169289 164
3.9206395 1.8548288 0.015577174 142.5625
3.9405165 1.9483243 0.015674828 138.3889
3.9572344 2.0336556 0.013634133 164.79167
3.9464016 2.1563542 0.015841223 166.46501
3.980505 2.2453327 0.026503433 166.96924
3.979985 2.3452775 0.032402735 158.82413
3.9696298 2.4448824 0.01176138 167.09189
3.9399726 2.5492928 0.019434888 166.01053
3.9544747 2.6387608 0.016675776 154.05
3.9337063 2.7353463 0.024979588 180.28
3.9455519 2.8460248 0.016628288 164.60625
3.9386954 2.9621367 0.021843975 164.69943
3.9446712 3.0445352 0.013312728 163.16072
3.9408095 3.1556008 0.017973609 166.62959
3.9440002 3.2468233 0.021564104 163.4207
3.931041 3.3362694 0.032483477 175.416
3.9311147 3.4507084 0.030746834 162.33333
3.9194639 3.5261881 0.0369225 167.16667
3.9722731 3.608422 0.013105318 179.69231
3.9627478 3.756089 0.034249235 161.17064
3.9894361 3.8065526 0.031929787 174.70834
3.9615021 3.9176621 0.045577791 170.06667
3.9184761 4.0107193 0.032955468 150.29167
3.9671443 4.1540103 0.052006837 143.5
3.9153364 4.2632403 0.061504632 140.5
3.9901097 4.3150177 0.062705524 131.33333
3.9503562 4.4544005 0.069922507 130.75
3.9265335 -1.9400355 0.12321908 144
3.9663622 -1.8522543 0.13038826 161.44444
3.9453547 -1.791119 0.13369906 175.1087
3.9892814 -1.6997371 0.13656546 178.91667
3.9468558 -1.587558 0.13773404 172.29166
3.9172885 -1.4824013 0.12068882 162.58334
3.9703279 -1.2361237 0.14139929 209.40001
3.9702833 -0.82800341 0.16965738 207.27272
3.9021435 0.27884397 0.11153816 128.57143
3.9044704 0.31972983 0.1915881 146
3.969492 0.44007725 0.13279134 125
3.9344077 0.6700967 0.14936134 122.04546
3.9807432 0.74490821 0.14710243 167.66667
3.9484494 0.88543504 0.16598912 150.92308
3.9452417 0.94125748 0.15051037 134.97777
3.9620364 1.0675415 0.11398708 166.41666
3.9842327 1.4259946 0.15701196 134.85715
3.9100888 1.8656672 0.16744745 120.5
3.9387395 3.9162319 0.12990855 122.26316
3.9001772 -1.4640987 0.20376551 198.90909
3.9407766 -1.2419838 0.23124342 207
3.9536195 0.41752359 0.22062327 139.39999
3.9732089 -1.4676075 0.31022367 198.08333
4.0467334 1.9931004 -0.10560659 172.39999
4.0057888 2.7770855 -0.10671385 169.88889
4.0152402 3.0731413 -0.11816129 155.17293
4.065876 3.1171987 -0.12276065 158.98181
4.0737553 -2.9947691 -0.041427519 115
4.058506 -2.6622415 -0.028319092 145
4.0502448 -2.4137278 -0.012775414 156.25
4.0602794 -2.3038533 -0.0052456432 156
4.0552998 -2.0559115 -0.047042537 120.5
4.0456057 -1.9205441 -0.045044992 117.625
4.0392861 -1.7797344 -0.045364916 116
4.0900602 -0.52627295 -0.023835156 178.375
4.085299 -0.44143981 -0.027754456 183.33333
4.0755277 -0.35899603 -0.017056474 183.2607
4.0721741 -0.26253083 -0.022016348 177.11429
4.0476165 -0.18100487 -0.03006538 172.71606
4.0477972 -0.034087021 -0.027358053 172.38094
4.0583868 0.045801364 -0.024693388 166.17328
4.044095 0.15958241 -0.041450877 161.65321
4.0399508 0.27567738 -0.058710732 162.05133
4.0262241 0.35428166 -0.018695204 160.66112
4.0248609 0.45079422 -0.0092323618 164.99054
4.0425038 0.53952867 -0.0094998218 158.93098
4.0216284 0.61816442 -0.017413996 164.57143
4.0177617 0.77033943 -0.012363886 165.94583
4.0182705 0.88434702 -0.016815953 154.08334
4.0382671 0.95582062 -0.011382853 161.46297
4.0866308 1.0457256 -0.021132939 121
4.0562978 1.1704882 -0.014146594 167.30556
4.071023 1.2477611 -0.012102824 154.66251
4.0712667 1.3386391 -0.020465573 153.33092
4.0558271 1.437129 -0.022827027 147.31018
4.0598698 1.5380206 -0.025546817 153.60185
4.0552402 1.6725364 -0.041443508 158.30449
4.0477819 1.7553678 -0.033340003 164.80768
4.0246449 1.8524723 -0.021104431 160.4292
4.0624189 1.9540424 -0.020258002 158.82672
4.0550637 2.0543354 -0.041211631 159.69716
4.0240145 2.1513324 -0.041996066 162.85335
4.0639234 2.2408466 -0.035401247 155.22287
4.0556946 2.3323689 -0.027016964 154.3969
4.0336714 2.4421816 -0.03271544 162.8447
4.060174 2.5431736 -0.033711821 153.78969
4.0587997 2.6533694 -0.049622804 150.06683
4.051024 2.7471747 -0.026199944 153.47031
4.0582948 2.8578875 -0.032702833 163.69234
4.0312905 2.9394035 -0.033264287 166.06703
4.0695376 3.0348454 -0.032033969 160.89714
4.0527449 3.1441288 -0.021104734 154.56429
4.0507884 3.2169404 -0.045110963 153.38461
4.0591564 3.3404164 -0.071263038 159.71321
4.0442581 3.4517996 -0.039755899 165.55937
4.0444312 3.5424297 -0.022468777 168.59094
4.0854583 3.6270211 -0.024570908 167.83107
4.0648274 3.748462 -0.032746758 171.61214
4.0639005 3.8481655 -0.03674259 172.4864
4.0449409 3.9475551 -0.035838537 163.34091
4.0574889 4.0675006 -0.015886977 170.96153
4.0010066 4.1199856 -0.015355958 163.66667
4.0418606 -2.9620748 0.071858294 176
4.0192537 -2.8959351 0.075878352 183.39999
4.0446892 -2.7617106 0.069409437 186.61189
4.0217447 -2.6628299 0.080886975 184.05556
4.0546885 -2.5416951 0.076785795 180.6312
4.0586824 -2.4296191 0.066462912 177.06667
4.0341916 -2.3547583 0.081241548 172.08104
4.0680528 -2.1614845 0.012988809 169.35001
4.0404129 -2.0640569 0.025510184 173.83333
4.0538292 -1.9611932 0.017653348 163.73334
4.0389452 -1.7362884 0.044877727 176.2
4.063076 -1.5562917 0.0515741 149.33333
4.005023 -1.4304675 0.054726135 138
4.0241632 -0.80267435 0.0026311413 180
4.019372 -0.69649684 0.003066787 186.8
4.0539107 -0.54850632 0.0084724119 185.5
4.0715694 -0.45569867 0.016691588 187.47501
4.034934 -0.38537505 0.0105458 188.38461
4.0465531 -0.28131118 0.014072013 186.19951
4.0663958 -0.17589493 0.013787681 184.63635
4.0500875 -0.061558448 0.050589662 156.05714
4.0696616 0.041131452 0.034695879 155.37529
4.0618868 0.14283657 0.045192923 140.45139
4.0647688 0.24338478 0.026045142 152.95238
4.0448551 0.32198218 0.044598218 154.33333
4.0541401 0.45644793 0.023623107 169.71869
4.0319958 0.55702788 0.022747206 165.41425
4.0475435 0.65700573 0.021022746 154.04315
4.0467639 0.76196468 0.026084175 159.69495
4.0501156 0.84928769 0.024761625 166.49406
4.0443325 0.95474142 0.022969266 175.47044
4.0334229 1.0558698 0.017863154 174.01062
4.0590224 1.1497573 0.021875761 178.6756
4.0548334 1.2523395 0.026030274 175.55107
4.0797715 1.3734653 0.029468384 160.38
4.0241199 1.4513814 0.024494207 162.72667
4.0502892 1.5675354 0.02419669 142.2375
4.0500998 1.6461487 0.018960474 149.54224
4.0610752 1.7852553 0.015442489 144.66667
4.0566597 1.8555882 0.012471845 161.94167
4.057972 1.9307954 0.013752587 147.59525
4.0444818 2.0586803 0.013293653 156.375
4.0454445 2.1395628 0.02060408 154.11667
4.0427713 2.223207 0.024342889 162.125
4.076952 2.3427787 0.020852661 141
4.0631223 2.4433563 0.015024961 159.42506
4.0442929 2.5521882 0.020437416 157.16211
4.0551906 2.6445227 0.021651113 173.62927
4.0443411 2.7521632 0.017610375 158.77386
4.047524 2.8494778 0.0174502 151.52171
4.0395989 2.9472864 0.015242757 156.556
4.0394106 3.0408359 0.016956886 163.95906
4.0228105 3.1420484 0.02340549 167.75
4.037787 3.2455692 0.022960866 167.99004
4.0315294 3.352788 0.028925044 171.63605
4.0442638 3.4390674 0.024882862 175.4881
4.0475445 3.5098 0.040346239 167.14815
4.0537529 3.6314061 0.048641656 145.99445
4.091938 3.8435287 0.019659929 168.30139
4.0619354 3.949353 0.03873964 159.39223
4.0588202 4.062624 0.041731577 136.25
4.0436144 4.1943517 0.058873877 129.33333
4.0575891 4.3617048 0.064114511 126
4.050457 -1.6676714 0.14352703 176.5
4.084353 -1.5975647 0.14245141 169.60001
4.0167861 -1.4993339 0.15147857 187.25
4.0890093 -0.82465482 0.18819718 207
4.0076513 0.34212151 0.10040314 142.33333
4.0359459 0.45945257 0.13678366 166.40379
4.0267797 0.54372358 0.17704742 126
4.0434294 0.66684765 0.1391212 140
4.0386653 2.1137407 0.13709253 126.90909
4.0673885 3.8487542 0.18362775 133.39999
4.0041642 -1.4751778 0.21186182 201.27272
4.0133548 0.18352495 0.2098483 140
4.017705 0.54538894 0.20197092 123.05882
4.0724983 -1.4862111 0.33633092 201.66667
4.136776 2.8335876 -0.10789549 165.77917
4.1429806 -3.0529146 -0.049181815 109
4.1213775 -2.6924109 -0.02441204 129
4.1572309 -2.4363034 -0.016161269 133.33333
4.1720114 -2.3135748 -0.0092261778 135.33333
4.180985 -2.1890042 -0.00072378112 133
4.1274042 -2.0453384 -0.041222155 112
4.1126618 -0.76879972 -0.040891066 160
4.102385 -0.64749122 -0.03557013 169.75
4.1718187 -0.35144165 -0.02779055 186.29166
4.1753278 -0.26245135 -0.018729374 180.19591
4.1412807 -0.14214569 -0.034704871 170.74544
4.1015549 -0.092819765 -0.009510247 178.47826
4.1694446 0.065848053 -0.015925992 163.81372
4.1611819 0.13666947 -0.030074615 153.58977
4.1223426 0.20829949 -0.051548786 156.89899
4.1228652 0.33360016 -0.019431813 163.99683
4.1518745 0.42833373 -0.011634602 163.78242
4.1311469 0.54552829 -0.0097423382 158.93544
4.1064754 0.60239983 -0.010862518 164.66919
4.1641655 0.74756938 -0.016309598 139.68889
4.1590629 0.86127692 -0.011606401 146.2
4.1391492 0.94894278 -0.0055696866 163.27826
4.1532965 1.0177289 -0.012667002 150.5
4.1743245 1.1493379 -0.018121358 167.18518
4.1601653 1.2564651 -0.014664717 170.12375
4.143044 1.3510908 -0.022339748 163.5759
4.1347647 1.457882 -0.030080859 159.12325
4.1434236 1.5626773 -0.032157097 159.78047
4.1588421 1.6597611 -0.037172433 162.60115
4.1536779 1.7524617 -0.024167018 170.04048
4.1276169 1.8344095 -0.028399823 161.2028
4.1488781 1.9543285 -0.028086172 149.92055
4.1444235 2.0367603 -0.031005751 143.37015
4.1294098 2.1349032 -0.040606659 141.19252
4.1486316 2.2399788 -0.026199821 156.26802
4.1696048 2.3521729 -0.034009274 151.08902
4.1458693 2.4566681 -0.037762702 144.12962
4.1225853 2.5607991 -0.030185506 134.53751
4.1407547 2.643261 -0.033104155 150.0351
4.1459527 2.7602038 -0.027607968 151.17743
4.1379528 2.8383231 -0.019292004 160.61945
4.1309958 2.9382319 -0.031840365 157.32115
4.1471238 3.0480728 -0.06335517 149.37326
4.1444454 3.132668 -0.017172774 158.32599
4.1578832 3.2288468 -0.072569482 149.91608
4.1567979 3.3335876 -0.028118569 157.03069
4.1287422 3.4702001 -0.044242069 164.08427
4.1325197 3.5393231 -0.020310251 157.62068
4.1504645 3.6445508 -0.024307329 166.72702
4.167068 3.7446206 -0.026980143 178.89023
4.1548119 3.8564289 -0.015127029 173.18713
4.1688733 4.0531073 -0.011544638 170.72501
4.1308122 4.1599536 -0.013011962 174.375
4.1346993 -2.8245795 0.078709543 186.75555
4.1345387 -2.6425636 0.089066118 186.63335
4.1794529 -2.522831 0.078024089 185.28572
4.1470737 -2.4753473 0.085648291 183.72023
4.1390247 -2.3724301 0.090516925 179.75
4.1893339 -2.1034992 0.013581064 179
4.1501985 -2.0489364 0.016553735 150.6111
4.1588006 -1.9349744 0.0060682581 138.33333
4.1653366 -1.8955925 0.032905929 174.39999
4.1265378 -1.6570575 0.050869998 155.5
4.1613789 -1.4426323 0.056630198 129.5
4.1373653 -0.76305664 0.0079709264 177.75
4.1186466 -0.66862345 0.011288843 186.60001
4.1090927 -0.56931293 0.010628069 186.75
4.1718898 -0.47780129 0.011430662 189.2
4.1353817 -0.3845838 0.010243791 186.35226
4.1642971 -0.25259125 0.041283127 169.95833
4.1466718 -0.15674721 0.041495509 171.72223
4.1710744 -0.050106749 0.036785454 159.25792
4.1674294 0.050713476 0.030682808 157.42857
4.1546822 0.15159918 0.011918494 176.31009
4.1548543 0.24653573 0.04831304 150.96753
4.1634169 0.35471728 0.037223093 165.99008
4.1296792 0.44196799 0.033117525 167.98155
4.1654215 0.56379473 0.014285155 158.9081
4.1600342 0.64970845 0.022327172 154.84813
4.1539621 0.76689279 0.040899646 157.40494
4.1357946 0.83234572 0.03696245 172.07755
4.1590662 0.93964446 0.031132657 168.78017
4.1458154 1.0470544 0.023819249 167.88757
4.1324668 1.1518279 0.024148634 150.47023
4.1339464 1.2479868 0.024436267 169.52827
4.1778994 1.3632261 0.029843023 160.51999
4.1488996 1.4605428 0.027086262 151.79485
4.1574631 1.5532289 0.051623449 149.38333
4.1524038 1.6645139 0.033390842 160.97183
4.1564016 1.7600167 0.032364208 153.35332
4.1748281 1.8564388 0.014636878 139.35417
4.1688976 1.9347783 0.011731479 157.85417
4.1470633 2.0533414 0.013742832 150.99001
4.1645865 2.1503766 0.011922105 161.33974
4.148284 2.2421956 0.020970859 146.28465
4.1607413 2.3497629 0.028558735 142.0873
4.1491342 2.4410892 0.025804635 159.5136
4.1565757 2.5452085 0.018221365 168.37332
4.173008 2.6594005 0.020934504 148.7
4.1536913 2.7463577 0.027013008 148.09912
4.1299038 2.8441794 0.013037778 144.73026
4.1485066 2.9349539 0.020915607 147.67992
4.1562691 3.0490525 0.012187139 169.23413
4.1476107 3.1582203 0.019698424 167.13333
4.143487 3.2507565 0.033231761 155.38998
4.1304274 3.3586929 0.028597744 173.66025
4.141274 3.4548533 0.033427808 168.25555
4.1364374 3.5480628 0.03860078 163.49895
4.1683817 3.655025 0.014876568 165.75
4.1347418 3.7125995 0.0096978704 174.92262
4.1827998 3.8244822 0.035113923 147.23334
4.158 3.9427917 0.029436031 157.85417
4.1605234 4.0521383 0.037904479 169.02261
4.1806965 4.1351337 0.035769872 146.875
4.1263542 4.2389445 0.055960871 117
4.1107297 -1.5395097 0.14659476 165
4.1932669 1.2382559 0.10861723 122
4.1844029 1.6894776 0.18504837 123
4.1955004 2.6931918 0.15496409 122.33333
4.1048689 2.7516963 0.10011134 143
4.1356125 3.4952486 0.10220592 158.10001
4.1337256 3.8466334 0.13077202 126
4.2352958 2.8657217 -0.10705981 167.09091
4.226841 -2.7433267 -0.032400448 112
4.2384253 -2.4536254 -0.015309361 117
4.254343 -2.3211296 -0.0079019731 118
4.2505856 -0.7038238 -0.05303961 163
4.2273855 -0.61132658 -0.04434428 167.75
4.2031083 -0.50376689 -0.042373534 181
4.2992849 -0.48415977 -0.022148868 178.75
4.2534237 -0.36968029 -0.012333358 185.5
4.2068233 -0.23860008 -0.018326046 181
4.2619982 -0.18670699 -0.021974888 179.58334
4.248693 -0.062521853 -0.027180742 172.78889
4.2748485 0.048941664 -0.045955647 170.375
4.2450905 0.13952087 -0.05314897 158.88
4.23663 0.21727811 -0.019303706 152.71944
4.2268772 0.33106086 -0.005107448 158.89174
4.2560086 0.41568664 -0.0059446222 170.06357
4.203424 0.5358718 -0.027765281 175.41667
4.239903 0.6578331 -0.009974909 150.46666
4.2191644 0.74941921 -0.016864061 161.33334
4.2242365 0.9911198 -0.022054428 118
4.2124977 1.058661 -0.021590633 125.33334
4.2916532 1.1502925 -0.016962234 180.39999
4.2283988 1.2629304 -0.009590867 166.03705
4.2633262 1.365538 -0.023875741 167.99387
4.2383623 1.466682 -0.032417085 160.64755
4.2520313 1.5759703 -0.03525554 147.37132
4.2483168 1.6634901 -0.040149257 154.12448
4.2397079 1.7642198 -0.025864035 154.81177
4.2436905 1.8496097 -0.029113118 151.69693
4.27 1.9504499 -0.027247926 160.27461
4.2408357 2.0490048 -0.011540581 160.75867
4.2498159 2.1543338 -0.03156833 161.6859
4.2061882 2.2904246 -0.0077842572 163.60001
4.2532573 2.4504304 -0.015982715 143.08173
4.2284598 2.586082 -0.016396213 140.5
4.2746048 2.6674452 -0.037810415 157.54166
4.233387 2.738795 -0.038181845 148.15439
4.2339888 2.8368142 -0.023680042 157.51465
4.2275944 2.9196355 -0.033688463 161.25926
4.2318687 3.0270846 -0.051125161 156.84166
4.2529306 3.1559453 -0.016806841 138.41428
4.2490578 3.2294245 -0.018169519 140.20372
4.2561078 3.3186176 -0.047122307 145.84671
4.2452769 3.46627 -0.058605649 170
4.2449312 3.5548027 -0.03544724 161.88852
4.2735314 3.6281579 -0.026606407 182.25446
4.2688432 3.7357359 -0.012838668 150.48245
4.2148914 3.8459873 -0.028111005 183.5
4.2420769 3.948395 -0.019828515 168.89999
4.224514 -2.7185993 0.084972784 191.39999
4.2716923 -2.6351056 0.07487388 189
4.2621107 -2.5291123 0.076387987 188
4.2319932 -2.4828343 0.084275253 188.66667
4.2636623 -2.1867115 0.0015660044 116.5
4.2548914 -2.0731628 0.019338857 151
4.2441134 -1.9556257 0.024931058 154.55556
4.284142 -1.8330177 0.037542723 157.25
4.2005072 -1.5895525 0.060756799 136.66667
4.2257657 -1.3682219 0.059521362 126
4.2938795 -1.2899086 0.058660232 123
4.2348599 -0.64809066 0.012969159 183.2
4.2940812 -0.58016735 0.012407331 185.8
4.25107 -0.47203442 0.016096361 189.375
4.2534122 -0.36555657 0.0082569383 187.22223
4.28473 -0.25468475 0.011322275 127.25
4.2484651 -0.17049105 0.015161207 175.3428
4.27601 -0.050973278 0.047532685 172.23146
4.2745056 0.028999526 0.013752717 161.3812
4.2260151 0.13114284 0.032735027 152.8053
4.2418323 0.23262802 0.022507839 152.05171
4.2768841 0.36530882 0.036166299 161.16191
4.2290716 0.45743445 0.016171779 165.99167
4.2557549 0.54419458 0.025849875 161.42001
4.2451677 0.66830748 0.032787666 166.89447
4.2522578 0.75489104 0.036249418 168.60912
4.2448964 0.86588347 0.02822192 173.60004
4.265264 0.9580251 0.030791337 163.95059
4.2477107 1.0699414 0.028486215 166.17853
4.2559438 1.1629711 0.033672381 160.23213
4.2376657 1.2557046 0.028091135 159.10818
4.2384291 1.3493878 0.028283361 161.59656
4.2465725 1.4650027 0.044612814 139.43056
4.221374 1.5686178 0.048300378 148.08667
4.2258182 1.6551428 0.024519902 148.44943
4.2414165 1.7609332 0.031598259 162.81847
4.2286186 1.8344948 0.019238571 189
4.2498484 1.9589862 0.0036187994 139.89999
4.2675776 2.053139 0.0097897314 146.16869
4.2578225 2.1469169 0.014526122 158.10715
4.2547374 2.2382128 0.020979965 155.34721
4.2668447 2.3643074 0.027571226 146.95175
4.2531018 2.4617529 0.029856224 147.72501
4.2705393 2.5611911 0.023199944 165.33116
4.2479 2.6588221 0.02003552 159.14394
4.2347465 2.7266307 0.044312701 140.33334
4.2482114 2.8313828 0.016203862 142.29445
4.2500124 2.9348392 0.018243458 165.30556
4.2494383 3.0572665 0.045951068 145.625
4.2505074 3.139328 0.024795379 150.14543
4.2315435 3.2715905 0.039021537 144.21619
4.2385154 3.3637161 0.030589096 166.89684
4.2402496 3.461997 0.03123262 161.11174
4.247261 3.5322506 0.042843744 160.04167
4.24897 3.6561363 0.014656261 156.27977
4.2011738 3.7337573 0.0033733691 145.36363
4.2727284 3.8341844 0.034923706 144.71111
4.239779 3.9422157 0.027540531 158.60536
4.2625809 4.0408745 0.025140107 168.79584
4.2573628 4.1491981 0.026510153 177.08333
4.2248631 4.2305546 0.016094435 157.46667
4.2160034 -2.602535 0.10001971 188.66667
4.2466335 -2.5105748 0.10543775 187.44444
4.2451506 -2.4111238 0.10807598 185.89999
4.2173605 -0.37528569 0.10457414 122
4.2006555 -0.27913639 0.10038778 125.33334
4.2630944 0.46166161 0.14770912 148.85001
4.2424316 0.50535786 0.10903276 135.08333
4.2055721 1.2005934 0.13866252 120.25
4.2281842 1.4909499 0.13907175 140.61111
4.2324672 1.5256972 0.13685477 148.36667
4.2174788 2.5942707 0.10117859 132
4.2305455 2.6571858 0.1380534 133.26389
4.2164001 2.7396572 0.11264513 130.93939
4.2243204 2.8393421 0.11236063 118.96429
4.2690663 3.060194 0.10755301 123.875
4.2664342 0.44293126 0.20179158 135
4.3098993 2.9459136 -0.10054871 166.02856
4.349884 -0.62081081 -0.021989824 159
4.3327603 -0.5722934 -0.0244636 169
4.3876009 -0.42428735 -0.0083394693 181
4.3468628 -0.35236171 -0.0048990971 182.75
4.3410835 -0.25716549 -0.0069653159 186.07144
4.3379221 -0.13182275 -0.018430803 180.13077
4.348619 -0.042344213 -0.019846087 161.70862
4.3376145 0.060995739 -0.018547695 173.34583
4.3192148 0.14199226 -0.028385084 171.81708
4.3422718 0.2609182 -0.019889247 152.75198
4.3478832 0.39241683 -0.010255299 166
4.3666992 0.47969493 -0.013018173 166.36365
4.3070188 0.5120157 -0.013381121 176.77777
4.3505816 0.63085914 -0.011250046 163.07143
4.3152127 0.77127552 -0.0025459921 120
4.3903432 1.1697564 -0.016229542 180.10001
4.3145633 1.2530594 -0.019066254 175.27499
4.3375039 1.3447517 -0.016931817 144.99712
4.3481383 1.4498323 -0.010763246 147.61487
4.3333836 1.5480677 -0.025891125 147.62047
4.365375 1.6589261 -0.023257114 153.4882
4.3335977 1.7536527 -0.01668172 157.43919
4.3445582 1.8509651 -0.021761054 158.82111
4.3608098 1.9436289 -0.021459309 161.40614
4.3495207 2.0558636 -0.0038086581 159.16666
4.3562441 2.155499 -0.052441753 122.64286
4.3581581 2.2910378 -0.0038431527 162.5
4.3810949 2.4030294 -0.036733516 125.33334
4.3507872 2.5091815 -0.049688078 142.8
4.3474021 2.6337702 -0.018681021 160.20668
4.3275743 2.7553039 -0.054196145 144.01289
4.3416963 2.8622391 -0.036460966 148.84901
4.3421068 2.9362042 -0.048853528 159.77777
4.3233194 3.0025001 -0.036784586 159.11993
4.3445592 3.1254082 -0.021856092 138.79488
4.3514605 3.2160587 -0.027682602 140.55052
4.3413987 3.3177755 -0.027036605 141.82489
4.3151426 3.4387798 -0.013847901 161.85173
4.3812761 3.5298872 -0.0011659373 150.75
4.3404651 3.6383038 -0.028199591 147
4.330605 3.7384334 -0.029119162 185.41666
4.3497334 3.8191218 -0.020069826 147.35001
4.3210959 -2.584888 0.089434966 191.5
4.3193064 -2.0711141 0.028701508 163.5
4.3540106 -1.9373244 0.03277557 156
4.3315282 -1.8465455 0.021629365 131
4.3833904 -0.54432058 0.012203051 189
4.3544331 -0.49895656 0.0083417743 190
4.3207965 -0.33266824 0.01738872 124
4.3379812 -0.27144846 0.01504627 188.25
4.3482933 -0.14843735 0.034767814 161.375
4.3580604 -0.0590331 0.014627242 164.00476
4.360466 0.048229288 0.019832958 182.44409
4.3590598 0.13532162 0.015574364 164.13164
4.3517623 0.25370139 0.024116609 173.83659
4.3435616 0.33185858 0.027853874 162.04091
4.3371701 0.45047867 0.033640429 168.31519
4.3470244 0.55780613 0.029464645 145.24661
4.3457084 0.65538752 0.035528425 148.66394
4.3531275 0.75709385 0.039339188 171.83653
4.3203049 0.84708279 0.037850432 170.20107
4.3530359 0.93908411 0.039796807 169.03622
4.3501697 1.0514895 0.025892617 168.94011
4.367806 1.159081 0.029168518 168.89883
4.3526697 1.252997 0.02383556 151.60143
4.3510313 1.3517725 0.021191938 148.67136
4.3473539 1.4602408 0.049683891 139.83713
4.3329697 1.5501461 0.024516338 145.38571
4.3311353 1.6587574 0.031519994 148.8777
4.366519 1.7672166 0.016951604 152.38461
4.3571296 1.859035 0.018291127 150.25
4.3123407 1.9412258 0.01488402 129.25
4.3611784 2.0573559 0.0077893725 145.98572
4.3634849 2.1480837 0.021712461 138.6389
4.3410764 2.2391872 0.018736623 157.28381
4.3570914 2.3299341 0.025042085 142.14621
4.3661833 2.4593403 0.033980131 148.4978
4.3599749 2.5594254 0.040358957 159.60582
4.3305426 2.6574903 0.023931708 173.55095
4.3314428 2.7595108 0.029309118 154.43333
4.3381481 2.8903084 0.020101182 154.42857
4.3457446 2.9688737 0.01007234 161.01111
4.3419509 3.0756516 0.026330423 152.5773
4.3501687 3.1463614 0.023353586 140.44444
4.3455896 3.2541928 0.036685951 163.61404
4.3455114 3.3515179 0.037559692 142.83636
4.3368568 3.4514797 0.044751599 154.95238
4.3436351 3.5415812 0.024478009 141.1875
4.3523426 3.6627226 0.013644973 157.83334
4.3056092 3.7490251 0.080996476 121
4.3715296 3.8192861 0.00648078 180.83333
4.3542857 3.9332252 0.025511157 175.40179
4.3714161 4.0325832 0.02188809 164.33333
4.3747907 4.1256118 0.025404831 192.2
4.3396387 4.254673 0.015791699 142.29762
4.3194427 -2.4565938 0.10410505 189.25
4.3626599 -0.32064325 0.10537228 124
4.3383265 -0.24305548 0.10294595 128
4.351335 1.122525 0.11315019 162.89999
4.361063 1.2862239 0.17331631 143
4.3766332 1.3634305 0.13261129 134.44951
4.3644834 1.402943 0.16899291 133
4.3815279 2.5359435 0.17079969 142
4.3151536 2.5173309 0.23336159 135
4.4394608 -0.51835984 -0.0089697102 164.33333
4.4232087 -0.48446822 -0.015421856 170
4.4619732 -0.35277787 -0.0093175005 178.72223
4.459456 -0.13747683 -0.011703402 186.2381
4.4214535 -0.024885332 -0.010505887 181.875
4.4522958 0.13147104 -0.014592999 163.07777
4.44912 0.23087613 -0.020318819 181.03703
4.4357681 0.32591558 -0.015671253 169.36102
4.4350138 0.45487219 -0.010111636 162.58209
4.4089012 0.53442788 -0.0069418293 166.8
4.4046574 1.2581532 -0.010628804 177.075
4.4358592 1.3551345 -0.018190043 160.8046
4.462276 1.4519747 -0.017543603 148.33467
4.4388547 1.5538828 -0.013508506 145.55708
4.4709339 1.6464419 -0.0089644659 151.83334
4.4567661 1.7509022 -0.010756519 154.74048
4.4531803 1.8646377 -0.016171265 162.57755
4.4325504 1.9342608 -0.010282123 148.76562
4.4619718 2.042032 -0.015319911 131.18333
4.4702277 2.2474754 -0.039853424 130.25
4.4246168 2.3333018 -0.055202156 122.16667
4.4031539 2.4236574 -0.075162277 141.25
4.4308596 2.5711913 -0.033479966 162.72501
4.4208364 2.6690555 -0.024895469 149.5
4.4358373 2.7970095 -0.02587541 153.89584
4.4302144 2.9379089 -0.049867708 150.2037
4.4459872 3.0191247 -0.030941028 165.27272
4.4518557 3.1373272 -0.035595953 162.80556
4.4680905 3.2547283 -0.028779637 155.71579
4.4465265 3.3359389 -0.0095177237 154.68181
4.4226379 3.4388268 -0.018908257 180.70589
4.4628711 3.5537405 -0.0077933902 166.53685
4.4282475 3.6651793 -0.019587005 146.41177
4.439374 3.7402189 -0.021689303 161.77193
4.4025335 3.8995838 -0.028584935 169
4.4221616 -2.0477271 0.027118143 150
4.407836 -1.9174396 0.033506818 151
4.4832582 -1.8892955 0.036308132 142
4.4201355 -1.7612025 0.044077951 137.33333
4.4319029 -0.30579799 0.029720118 181
4.4515338 -0.23263252 0.041392364 186.8
4.421308 -0.16108397 0.030765701 173.00154
4.4746308 -0.053109314 0.02628324 174.399
4.4577084 0.046296276 0.014185652 171.03333
4.4477215 0.14259906 0.016432455 181.575
4.450047 0.24797453 0.045139559 171.5564
4.4390144 0.36050779 0.056977425 171.95387
4.4582915 0.45893711 0.027483957 171.36024
4.4555345 0.55078995 0.042470381 161.83168
4.4589577 0.633838 0.044675861 159.71581
4.4551778 0.73570895 0.037622117 150.12315
4.4240313 0.85480267 0.037200648 165.45
4.4456463 0.95542645 0.051185578 167.90866
4.457943 1.0332475 0.034537654 169.07394
4.4649382 1.1285053 0.038045041 179.21515
4.4405689 1.2311583 0.038424335 157.73332
4.4427905 1.345637 0.025932314 144.59401
4.4290967 1.4492038 0.035597071 156.22899
4.4173985 1.5361351 0.019177072 181.76923
4.4205761 1.6325461 0.039237939 157.93333
4.4385166 1.7509205 0.03344797 177.1962
4.4632268 1.8638954 0.013362627 149.33333
4.4376192 1.9518242 0.012094297 135.94444
4.4227695 2.0547278 0.018022241 137.97694
4.4840126 2.1441534 0.0054048202 158.33334
4.4661274 2.2444761 0.016939228 172.45454
4.4768734 2.3555655 0.039578356 164.33334
4.4710426 2.4779549 0.039811458 160.40837
4.4470978 2.5316811 0.036482699 162.25
4.4632349 2.6587605 0.050144773 191.33334
4.4446688 2.7658765 0.052462962 136
4.4116678 2.8981092 0.0052957339 154.53572
4.4301357 2.9506655 0.0065786117 145.5235
4.438221 3.0510654 0.014468352 147.55
4.4534097 3.1714973 0.027065815 161.96297
4.4567318 3.274256 0.033428706 166.57143
4.4364405 3.3603218 0.028930405 150.89999
4.4658179 3.4660976 0.021057682 169.14444
4.4492908 3.5481975 0.01721547 148.36667
4.4899158 3.6421695 0.0077625336 185.25
4.4668431 3.7331693 0.017922327 165.1111
4.450388 3.830214 0.019960046 186.18333
4.4669409 3.9306033 0.02172884 178.29167
4.461935 4.0470266 0.016027957 166.07143
4.4715557 4.1001973 0.022625795 189.5
4.4940906 4.2451582 0.013826719 152
4.4207196 4.3354769 0.019311849 138.39999
4.4084196 1.2377406 0.15150471 154.60001
4.4713321 1.3032998 0.10681561 139
4.4100332 2.8133314 0.11294112 130
4.5145435 -0.42345914 -0.0090473155 170.5
4.5345764 -0.28663936 -0.01200752 182.33334
4.5641341 -0.18275058 -0.011157335 187.75
4.5475831 -0.0391105 -0.012182275 188.3
4.5491571 0.048272405 -0.013262456 186.875
4.5494819 0.12974212 -0.011815039 164.83333
4.5458641 0.26577005 -0.013913477 173.89999
4.5500565 0.37217474 -0.018110249 176.1875
4.5481234 0.87420177 -0.0018303683 124.66666
4.5912185 1.1404482 -0.0055440562 116.66666
4.5488014 1.2487541 -0.013735797 163.75
4.5889673 1.3679658 -0.01287834 143.33333
4.5412946 1.4364765 -0.019717734 165.5291
4.5578327 1.5649452 -0.010271121 144.58438
4.5307894 1.6611111 -0.0097822146 141.8913
4.5439534 1.7634416 -0.0071763843 162.51785
4.5308194 1.8284006 -0.0021842546 133.66667
4.5253553 1.971422 -0.002366557 145.125
4.5042439 2.252471 -0.080412775 113
4.579505 2.3791468 -0.07477086 119.33334
4.514976 2.4623125 -0.07210736 135.5
4.5984316 2.5400743 -0.065407269 133
4.524641 2.6449471 -0.037891101 160.42381
4.5263634 2.7573485 -0.033838078 162.77451
4.5392618 2.8393853 -0.027142523 150.1499
4.5360818 2.997175 -0.0042967121 147.53847
4.5496449 3.0778217 -0.024268033 162.39192
4.5814214 3.179342 -0.033239238 170
4.5236311 3.2487209 -0.013955112 180.1111
4.5561857 3.3335681 -0.014183252 180.27142
4.5471716 3.4326942 -0.0032308279 164.3889
4.5838108 3.5176549 -0.0026147461 187.75
4.520525 3.8572536 -0.024559122 167.5
4.5107083 -2.0270801 0.028854569 145
4.5569181 -1.8622105 0.036483258 137
4.5027361 -1.7176956 0.047256041 131
4.5827718 -0.54932714 0.040397491 160.33333
4.5410132 -0.44986865 0.042469084 172.75
4.5082088 -0.36596581 0.036384597 181.60001
4.577394 -0.26120809 0.032524657 185.41667
4.5229292 -0.1735031 0.043855164 186.75
4.5421529 -0.054884251 0.047255706 185.125
4.5545564 0.03504895 0.033611756 182.07143
4.5737839 0.15507869 0.058828942 162.93478
4.5416183 0.23822714 0.067305334 169.68611
4.5451789 0.35074317 0.057107937 172.19563
4.5354004 0.45801464 0.051355124 166.35039
4.5628734 0.54861176 0.056105856 163.6201
4.5579767 0.65549409 0.044346318 167.27167
4.5355568 0.73800498 0.044222873 170.71155
4.528924 0.84451926 0.042331453 154.80357
4.5348978 0.95824039 0.043773737 162.39835
4.5608854 1.0476165 0.048082661 180.83163
4.5490994 1.1552557 0.035602208 180.93611
4.543715 1.2368627 0.033470858 174.96826
4.5326242 1.3321047 0.025264245 172.25067
4.5128026 1.4267802 0.03915799 172.26154
4.5336142 1.5307966 0.037577048 175.6111
4.5129547 1.6170434 0.044393014 181.64584
4.5360107 1.7266635 0.030597208 173.95834
4.5035939 1.9835935 0.0076388149 148
4.5410132 2.0224667 0.012873971 154.89999
4.5717592 2.1126671 0.012236051 162.89999
4.5419588 2.2717986 0.042724464 159.94
4.5762701 2.37413 0.042120174 163.21249
4.5404267 2.4564505 0.034874555 158.65178
4.5501442 2.5873587 0.02281517 157.18182
4.5559554 2.6460869 0.038504951 182
4.5359473 2.7126696 0.0071254349 134.5
4.5322075 2.953599 0.0050490638 152.04286
4.5200114 3.075963 0.024023291 170.16667
4.528379 3.1397681 0.017878205 168.375
4.5373478 3.2652371 0.027874487 168.5
4.5693307 3.3745148 0.019832022 163
4.523591 3.4136357 0.05274022 187.58334
4.5695591 3.5421259 0.0019425618 158.375
4.5647535 3.6564138 0.0079708891 168.91112
4.532362 3.7587981 0.014046823 188
4.531249 3.8398683 0.021553524 190.5
4.555109 3.9270909 0.013746593 155.58333
4.5478835 4.0302815 0.016951332 153.3889
4.5139475 4.1318855 0.017843066 138.39999
4.5369864 4.259109 0.022138119 135.5
4.5025826 4.3794041 0.020464767 141.5
4.6106868 -0.22072491 -0.0042961845 180
4.6301646 -0.1158005 -0.017117696 187.33333
4.652926 -0.025274195 -0.023132848 190
4.6674867 0.063191198 -0.025034441 191
4.6418958 0.15053976 -0.018272998 190
4.6081495 0.25071862 -0.014477847 157.16666
4.6188245 0.35869426 -0.015160186 133
4.6442456 1.0507982 -0.006562171 109
4.6764073 1.2542938 -0.011738319 128
4.6268883 1.3300387 -0.014502785 165.29366
4.6734171 1.4424458 -0.0082980283 137.8
4.6761651 1.5411528 -0.011241632 139.66667
4.6450472 1.6515392 -0.007025585 137.28334
4.6248231 1.7345257 -0.0093278904 129.22221
4.6665134 1.8547368 -0.0057344846 132
4.6105838 1.9027137 -0.00032556595 136
4.676249 2.1691766 -0.0018800603 163.5
4.6704383 2.4679155 -0.071735874 120
4.6970482 2.5844495 -0.016531559 125.5
4.6344724 2.6634028 -0.044955503 135.06667
4.6741381 2.7590652 -0.058339521 141
4.6453614 2.8094182 -0.0086560305 131.60001
4.6494637 2.90047 -0.0086510321 130
4.6375146 3.0040023 -0.0002902605 136.33333
4.6513476 3.1590126 -0.010286736 162.18889
4.6014185 3.2109518 -0.024077766 181
4.6514778 3.3019476 -0.014249153 172.98824
4.6374159 3.4122095 -0.01670585 183.66667
4.6939673 3.5189054 -0.011898334 184
4.6943464 3.6177106 -0.007247109 185.39999
4.625792 -0.65724701 0.045568146 147.66667
4.699872 -0.47548574 0.040831868 160.33333
4.641901 -0.37867868 0.045325972 171.625
4.6777415 -0.22625719 0.04280065 179.60001
4.6158314 -0.14710058 0.043139454 187.66667
4.6832418 -0.045163561 0.044482384 189
4.6299171 0.067325599 0.09326528 140.75
4.6538668 0.16185115 0.067583099 171.55238
4.6314554 0.26956359 0.066557273 166.24048
4.6544518 0.36354369 0.064998172 170.16667
4.6485095 0.47067243 0.055464189 169.26018
4.6531262 0.56596988 0.064816348 166.92062
4.6533837 0.65596718 0.055751108 165.30762
4.6488013 0.73866856 0.042524438 156.85416
4.6473579 0.85714567 0.041649591 151.10001
4.6434331 0.95518339 0.043455932 160.06667
4.6409092 1.0464885 0.036581237 180.80556
4.6477695 1.146358 0.042628411 180.48543
4.6555071 1.2569896 0.026295379 175.50552
4.6503243 1.3280973 0.030758983 174.96445
4.6151676 1.4302124 0.035817385 168.15817
4.6274385 1.544733 0.034817714 170.74413
4.6494293 1.654699 0.024857717 169.07639
4.6453314 1.7795396 0.016373882 169.72382
4.6098833 1.8815105 0.010048803 178.90909
4.693954 2.0711412 0.04534211 114.66666
4.6266422 2.1554909 0.027540466 142.88889
4.6248531 2.2644858 0.034248788 180.1111
4.6164708 2.3487222 0.043159723 154.3889
4.6839275 2.4657464 0.043042544 170.47917
4.63027 2.5708632 0.050421569 186
4.6359696 2.6709967 0.016835041 157.16667
4.6380577 2.7683008 0.020219009 164.74167
4.6293917 2.8811753 0.022272691 169.5641
4.6468048 2.974997 0.024924189 167.78571
4.6133084 3.0764289 0.021667579 171.46153
4.6270695 3.1783807 0.02371246 168.60001
4.6435084 3.2784777 0.019327739 164
4.6551294 3.3285017 0.027272305 157
4.6286507 3.5352662 0.0012132406 115
4.6465569 3.6625836 0.0037299462 119.75
4.6564918 3.7659352 0.0076419902 186.2381
4.6422534 3.8670797 0.011722817 186.875
4.6573319 3.9411612 0.016270744 163.72221
4.6785469 4.0393076 0.011474631 126.25
4.6455154 4.1638241 0.015045183 132.75
4.6291361 4.2944107 0.021216007 128.5
4.6195908 4.4337659 0.048158526 188.25
4.6624022 4.4342642 0.11820126 211
4.7431345 1.1658832 -0.0050543253 115
4.7745042 1.3416529 -0.011629492 128
4.7562995 1.5223385 -0.0043774974 136
4.7696838 1.6476575 -0.0025271347 137.8
4.718349 1.8099599 -0.00037531051 117.75
4.7749805 2.481528 -0.017976217 112
4.7402472 2.5482206 -0.038212374 119.77778
4.7912407 2.6898522 -0.062144991 123
4.737823 2.7431965 -0.026817515 131.1111
4.7164359 2.8746195 -0.0070472006 130.25
4.747498 2.9698365 -0.0055424138 132
4.7619643 3.0669701 -0.0050355452 138.2
4.7308517 3.1419096 -0.017207341 163.01666
4.7567444 3.2590959 -0.015163185 166.33333
4.7565355 3.3701191 -0.0171711 173.75
4.7519817 3.4594731 -0.01286563 177.45834
4.7993269 3.5906048 -0.008694848 176.5
4.7961884 3.7008128 -0.0042410917 172.5
4.7415733 -0.55161083 0.048224837 151
4.741107 -0.30904105 0.045787804 173.25
4.7593188 -0.1299742 0.068927132 150.41666
4.7124848 -0.037905991 0.089894451 132
4.753603 0.05730962 0.068239711 160.70834
4.7520275 0.165895 0.058171775 179.42708
4.7438941 0.27010646 0.070750125 168.59523
4.7526293 0.3531616 0.075362481 165.91666
4.7350225 0.46779171 0.059033923 167.19792
4.7692137 0.54938471 0.070068695 148.22501
4.7599082 0.66006148 0.047104746 155.91667
4.7415791 0.74175513 0.039072718 147.97501
4.7560277 0.85101378 0.025838559 141.25
4.7351136 0.95915473 0.038769241 167.88809
4.7406702 1.0621073 0.0306486 177.72334
4.7579527 1.1421175 0.053337455 169.23334
4.7488132 1.2505139 0.027450265 165.80159
4.7690253 1.3411196 0.043430515 177.53333
4.7413292 1.4338179 0.035859376 168.60001
4.7447066 1.5459791 0.033289142 156.52777
4.7732406 1.6584212 0.015828785 148.6111
4.7775707 1.7495128 0.017034728 137.75
4.7806621 1.8593122 0.0176527 157
4.7120538 1.9085295 0.010843619 167.66667
4.7443523 2.0052543 0.046021886 107
4.7897978 2.175884 0.041349597 119
4.7160554 2.2519641 0.035831723 128.75
4.7414241 2.3295174 0.038010005 165.45334
4.7645664 2.4289358 0.042852383 164.36667
4.7169857 2.5461278 0.034063917 159.39999
4.7557955 2.6499352 0.015127377 144.60001
4.7605767 2.7497945 0.013102735 150
4.7414532 2.8475819 0.015616484 158.16666
4.7647271 2.9820166 0.023961272 158.5
4.7364168 3.0713315 0.021005983 158.83333
4.7344875 3.1651106 0.019731719 160.16667
4.7167349 3.258172 0.023748441 158
4.7334356 3.6385577 0.0012805026 110
4.7824926 3.8108289 0.0041434639 174
4.7347484 3.9079192 0.014791545 119
4.7854218 4.0492673 0.017218092 118.33334
4.7414827 4.1774926 0.051669914 144.375
4.7397976 4.3263388 0.05691262 142.625
4.7924027 0.20928614 0.1008555 136.33333
4.7793708 0.44899896 0.10045284 144
4.7364473 4.1619244 0.10937146 167.5
4.7487149 4.3102741 0.12529352 159.5
4.809185 1.0799063 -0.0038782454 107
4.8429279 1.2698309 -0.0013895208 115.16667
4.8657646 1.4370872 -0.0043734121 126.75
4.8801813 1.5831714 -0.0062553193 134.5
4.8288918 2.410228 -0.01853749 110
4.8813825 2.5681808 -0.013275067 117
4.8339925 2.635478 -0.032995094 120.16666
4.8603716 2.7613497 -0.01296463 128.375
4.8440843 2.9118831 -0.0081133693 133
4.8540468 3.0426235 -0.018668452 147.13333
4.8568439 3.1798177 -0.01808233 150.625
4.8396411 3.2768111 -0.00014434339 138.42857
4.8264613 3.3377783 -0.0081830425 154.5
4.8173008 3.4680691 -0.0016455791 169
4.8870993 3.5835054 -0.0070505263 162
4.8521566 3.7026725 -0.00045036399 164
4.8198977 -0.40994924 0.045630794 157.75
4.8572125 -0.25265864 0.045850459 166.20834
4.8738298 -0.10529047 0.045832302 172.8
4.8317299 -0.031787626 0.067209527 153.875
4.8433523 0.043029256 0.042424995 187.60001
4.8771076 0.14148596 0.070967846 159.08334
4.8666644 0.24165557 0.045950975 186.2
4.884059 0.33330497 0.047365114 186
4.8553581 0.41783765 0.071740389 165.3
4.8597999 0.53913212 0.068277635 164.47501
4.8516912 0.65556854 0.08821886 149.3125
4.8409772 0.78762913 0.054366827 142.5
4.8362331 0.86757833 0.027842412 157.66666
4.8563914 0.94044429 0.050957371 159.39583
4.849432 1.0264993 0.035489425 168.86
4.8410516 1.1362003 0.039222024 148.88095
4.8457713 1.2477812 0.048186909 156.17667
4.8614731 1.3373867 0.053223878 159.33333
4.8412833 1.4234372 0.054269884 146.40001
4.8632879 1.5152297 0.020847829 137.875
4.8577023 1.6298909 0.018406974 137
4.8856654 1.7343203 0.027012078 136
4.8866549 1.8440859 0.026537536 141.25
4.8299208 1.9456944 0.020245064 150.16666
4.8531609 2.1106341 0.045597132 112
4.8527055 2.2409103 0.018226387 124.22222
4.8805046 2.3580561 0.033564981 150.75
4.8488007 2.5443525 0.020660637 140.41666
4.8819585 2.6527612 0.024110224 138.66667
4.8322525 2.7806842 0.021765605 144.16666
4.8307443 2.8846226 0.022883995 151.27777
4.8642159 2.9870453 0.026338348 144.83333
4.8484588 3.0918682 0.024358692 150
4.8094716 3.1899545 0.01997597 152
4.8337364 3.5842547 0.002171234 168
4.8018746 3.9057696 0.01771128 110.33334
4.8807926 4.0584712 0.020851944 111.5
4.8307238 -0.19325911 0.10330798 114
4.8529878 0.29363754 0.10590848 141.39999
4.8114557 0.53879696 0.10046662 146
4.947474 2.5019593 -0.020562831 134.5
4.9882808 2.6600633 -0.015443753 148
4.9339814 2.7027383 -0.012954731 129.5
4.94244 2.8530223 -0.011405508 129.33333
4.9380684 2.9881625 -0.016976126 138.5
4.9211822 3.1482751 -0.016303292 148.6111
4.9215207 3.3113167 -0.016366627 157.66667
4.9260426 3.4481328 -0.010408269 161.33334
4.9474859 -0.15890099 0.044480111 162
4.9487514 -0.041354571 0.064402722 150.33333
4.9716291 0.099041693 0.050645374 172
4.9471259 0.22116883 0.051674295 175.5
4.9103107 0.42794111 0.04739017 184.66667
4.9326172 0.61553466 0.093399763 139
4.9196262 0.71515763 0.061437022 129.25
4.9525285 0.84790295 0.052112948 148.85001
4.941607 0.95925945 0.022393869 157.83334
4.9398575 1.0343549 0.027128769 114.25
4.9183927 1.1216631 0.043104474 156.25
4.9270711 1.2366155 0.051272817 132.3125
4.9179668 1.3607351 0.035185426 131.72223
4.9552507 1.5364332 0.0012876258 124
4.9540138 1.6114285 0.019707801 132.16666
4.9513998 1.7329195 0.019359907 133.5
4.9549007 1.8512032 0.01994537 137
4.94278 2.1603694 0.018633977 115
4.9649782 2.3246863 0.024407104 121
4.9860277 2.4740701 0.022191519 133.75
4.9320908 2.5037131 0.014669167 139
4.9900112 2.6155441 0.02049816 140
4.9065351 2.7639506 0.025373885 139
4.9453363 2.8749249 0.026605843 138
4.9418964 3.2196746 0.00057449896 129.66667
4.9586315 3.3270607 0.00079378893 130.5
4.9586105 -0.11405966 0.10648257 111
4.9624443 0.073971264 0.10810729 124.33334
4.9015222 0.12334843 0.10214658 133
4.9567585 0.22972356 0.10810077 134.16666
4.9730945 0.36002862 0.10521206 135.75
4.9412436 0.49857178 0.10120531 135.75
4.9264412 0.61435413 0.10161822 137
5.0255728 2.8017588 -0.0074999081 129.66667
5.0399332 2.9446507 -0.0076005068 134.33333
5.0536666 3.0753641 -0.0066132708 123.5
5.0431352 3.2042093 -0.0024770426 121.66666
5.0364323 0.47113305 0.094223693 136
5.0378294 0.59686083 0.094148509 135.33333
5.036603 0.71993214 0.090576135 137.66667
5.0190105 0.82273954 0.0262598 131
5.0683832 0.98851997 0.022022653 149.33333
5.0236206 1.0738597 0.044858988 145.83334
5.0110421 1.1587036 0.033935007 119
5.0061569 1.2254893 0.068683431 134
5.0306039 1.3079191 0.037532549 125.33334
5.0053163 1.467604 0.025378134 129.25
5.0160632 1.5984552 0.024434529 131
5.005332 2.7443938 0.020894697 136
5.0310912 0.01819301 0.11533368 119
5.036417 0.17769909 0.12077121 124
5.0607686 0.31774837 0.11477148 131.33333
5.0458527 0.46469101 0.1071379 137
5.0801926 0.5871954 0.10224635 135
5.1050534 0.44676653 0.10593393 137
