# .PCD v0.7 - Point Cloud Data file format
VERSION 0.7
FIELDS x y z intensity
SIZE 4 4 4 4
TYPE F F F F
COUNT 1 1 1 1
WIDTH 11090
HEIGHT 1
VIEWPOINT 0 0 0 1 0 0 0
POINTS 11090
DATA ascii
-33.617611 3.8197196 6.6175604 15
-33.569977 0.065538064 3.6066637 12
-33.489849 2.2228506 4.1154065 12
-14.706607 0.93874127 1.8427229 13
-14.605693 -0.75686014 1.0721909 15
-14.562906 -1.2868825 0.10587638 10
-14.547245 -0.42783135 0.13903831 10
-14.538186 -0.80378067 0.24540007 12
-14.515303 -1.2958399 0.96063054 13
-14.557546 -0.41587809 1.0629791 15
-14.564625 0.73661757 1.0959312 9
-14.507396 -1.836652 1.177102 15
-14.572659 -0.81514961 1.1221639 14
-14.568605 -0.17876075 1.1795279 15
-14.561193 -0.089293078 1.1111927 11
-14.524629 0.39820519 1.1992763 14
-14.532668 0.40157458 1.2283838 15
-14.579943 0.47083363 1.3267055 10
-14.574197 0.98664522 1.3374715 9
-14.504614 -0.73014152 1.4503376 15
-14.500853 0.58898228 1.5828974 12
-14.508078 0.68553567 1.5684677 9
-14.530668 0.3027178 1.7006644 12
-14.583567 0.65254372 1.7680558 11
-14.512687 0.54587585 1.8209468 12
-14.529755 0.68956679 1.8932337 13
-14.54024 0.78458065 1.9836327 12
-14.505469 0.03147411 2.0644772 15
-14.505809 0.71594852 2.0982466 14
-14.403451 -1.6726311 -0.086215869 8
-14.493966 -1.6188443 0.096651226 10
-14.418218 -1.3401932 0.012994685 8
-14.499181 -2.1573145 0.39577946 9
-14.475757 -1.8164318 0.507599 15
-14.426548 -1.4879285 0.94955528 14
-14.468659 -1.3370137 0.97224528 14
-14.468428 -1.2881254 0.99916703 13
-14.446294 -1.009613 1.0557531 14
-14.452833 -0.96862441 1.017292 14.5
-14.459526 -1.6648905 1.1161106 14.5
-14.453464 -1.049889 1.1560897 14.5
-14.483809 -0.8787576 1.1384119 15
-14.489746 -0.45120099 1.1518604 14
-14.4889 -0.071691118 1.1943512 15
-14.470969 0.11508874 1.1974131 10
-14.440125 -0.50477964 1.2297685 13.5
-14.476467 -0.42665729 1.1999856 13
-14.441534 -0.33355886 1.2182019 15
-14.453222 -0.21996391 1.2621901 11
-14.468283 -0.014710772 1.2673068 11
-14.434802 0.12461533 1.2757292 14.5
-14.468056 0.25560004 1.2232703 15
-14.439393 -1.0383402 1.3662512 14
-14.492666 -0.65968066 1.3237457 15
-14.446863 -0.25743404 1.3242081 12
-14.465181 -0.17365059 1.3677983 15
-14.486099 -0.072175898 1.3626974 10.5
-14.494707 1.0454623 1.3353158 12
-14.451595 -1.871744 1.4875915 14
-14.435182 -0.8095116 1.4661945 15
-14.449457 -0.44404694 1.4679164 14
-14.457237 0.2251922 1.4458667 12
-14.45031 -1.570399 1.5849185 15
-14.442919 1.0737039 1.5093011 12
-14.47364 1.2027831 1.5175102 12
-14.460705 -0.27821556 1.6957997 15
-14.486559 0.13307951 1.6096003 11
-14.4737 0.3640638 1.6148601 13
-14.470634 0.97175932 1.6896495 13
-14.476046 -0.42333949 1.7047482 13
-14.488393 0.12938243 1.8371125 13
-14.442785 0.38584036 1.8033568 13
-14.47665 0.53110975 1.8560007 14
-14.489663 0.77232254 1.8725137 11
-14.481565 0.90696144 1.8195031 13
-14.47156 -0.51265234 1.9382201 14
-14.481267 0.1153605 2.0641172 15
-14.496411 0.66468215 2.2395129 14
-14.375168 -2.2034829 -0.18523839 7
-14.335833 -1.8947436 -0.15743628 7
-14.308658 -2.1551988 -0.026737479 8.5
-14.326794 -1.9888897 -0.021864476 8
-14.328188 -1.4593567 -0.075677671 8
-14.313731 -1.2572762 -0.059528776 6
-14.323624 -1.0458559 -0.096821748 7
-14.309348 -2.1299477 0.0057030516 8
-14.314338 -1.4448825 0.050609931 8.5
-14.332366 -1.3477867 0.059871223 8.166667
-14.30501 -0.89682567 0.089586072 9
-14.312476 -2.1752856 0.13110165 10.25
-14.306417 -2.0118802 0.10203542 9.5
-14.311012 -1.937435 0.10664139 9
-14.322629 -1.846046 0.1659665 8
-14.310011 -1.3634493 0.12825115 10.5
-14.323698 4.0027747 0.16659823 6
-14.30288 -1.9816052 0.25088707 9
-14.302575 -1.1463593 0.22128592 10
-14.307144 -0.96182656 0.23512022 12
-14.301582 -0.70211047 0.22017811 11
-14.310549 -0.69248748 0.20694411 12
-14.302412 0.55812222 0.28414744 12
-14.304881 -2.1876729 0.33698991 11.75
-14.314167 -2.054554 0.3284083 9
-14.321017 -1.9487983 0.37323526 10
-14.36818 -1.6205177 0.32581678 10
-14.30035 -1.4381053 0.30469176 10
-14.31827 -1.0709227 0.31012595 9
-14.309958 -0.34441972 0.35019529 13
-14.304731 0.073260292 0.3507624 10
-14.302276 0.68475831 0.37660453 13
-14.314504 0.87876236 0.31942791 12.5
-14.306964 4.8187375 0.32842898 8
-14.31478 4.4752436 0.40206766 7
-14.313989 4.9961791 0.49128285 8
-14.39954 -1.7738082 1.2341961 15
-14.315387 -1.9800929 1.341512 15
-14.22241 -2.2658682 -0.13922912 8
-14.286072 -2.2308142 -0.080405854 8.25
-14.225603 -2.1635847 -0.032620184 8
-14.251118 -2.0251479 -0.054661989 8
-14.291537 -1.5303273 -0.044482991 8
-14.240475 -2.1573493 0.090196297 9
-14.284479 -2.0869017 0.080149189 9
-14.221102 -1.7410302 0.088858813 11
-14.282202 -1.2400407 0.039980695 9
-14.250467 -3.1595075 0.15790062 12
-14.256995 -2.2436683 0.16672137 9.375
-14.268251 -2.1596038 0.1561015 11.125
-14.250156 -2.0523992 0.16323109 13
-14.243388 -1.8765725 0.18515995 8
-14.248766 -1.7533141 0.12780069 11
-14.286601 -1.557821 0.16768618 12
-14.265691 -1.488035 0.14718083 9.5
-14.256308 -1.3075747 0.1827807 12
-14.279795 -1.1845856 0.19611454 12
-14.283399 -0.90942699 0.16168968 11
-14.277591 -0.60374194 0.18613654 12
-14.255395 -0.52409714 0.11518544 11
-14.267622 -0.2316685 0.15276252 10
-14.248992 -3.0968947 0.28544635 14
-14.247154 -2.2335145 0.23917423 10.166667
-14.271387 -2.1340957 0.26322913 13
-14.27663 -1.7364372 0.28162405 14
-14.2737 -1.6537205 0.2681053 11
-14.279357 -1.5605944 0.24327655 10
-14.275974 -1.3815085 0.25226933 11.25
-14.279682 -0.36850762 0.25068891 12.666667
-14.281054 -0.27368832 0.24496382 11
-14.279996 0.57082069 0.28085878 11
-14.282209 0.69802779 0.23286223 11
-14.281812 0.96638221 0.27106702 10.333333
-14.260502 -2.2700446 0.33183154 10
-14.255472 -2.1700809 0.33237672 12.9
-14.27907 -1.8913358 0.31074566 11
-14.290482 -1.7716517 0.33481565 13
-14.275455 -1.6919451 0.34550649 13
-14.243065 -1.545944 0.34215209 12
-14.278852 -0.95446122 0.34056014 14.5
-14.292176 -0.34535566 0.38951781 14
-14.292166 -2.2303903 0.45740283 10
-14.207899 -1.6109064 0.46377465 15
-14.205466 -1.5914727 0.42161384 11
-14.263313 -1.4780809 0.4264549 15
-14.247202 -0.62119162 0.44281539 15
-14.252496 -0.42128706 0.44511503 14
-14.288024 -0.013541309 0.47291553 13
-14.257064 0.062860392 0.4677738 15
-14.264199 0.52505022 0.48349121 15
-14.29682 0.67808986 0.4303425 14
-14.256873 -0.0095057636 0.52770811 12
-14.29634 1.1631545 0.51018739 14
-14.289543 -2.1683843 1.1389925 15
-14.279778 -2.00211 1.1350476 15
-14.29382 -1.9784468 1.14692 13
-14.248415 1.0096375 1.1714599 11
-14.247784 -2.102493 1.2159114 15
-14.281754 -2.1676443 1.649115 15
-14.124045 -2.2047601 -0.1910048 6
-14.132172 -2.1912827 -0.0006317845 9
-14.143704 -2.3422256 0.19591941 12
-14.144321 -0.20063341 0.17908263 12
-14.108042 0.24302521 0.15188824 11
-14.155565 -0.51304281 0.26746348 12
-14.17063 -0.45641041 0.26284191 12.708333
-14.162753 -0.23009236 0.28603902 12.458333
-14.1657 -0.14673266 0.29258877 14
-14.103978 -0.026555039 0.2867713 11.5
-14.160266 0.013589819 0.23915236 11
-14.162682 0.43340433 0.2432639 11.5
-14.128547 -2.3462195 0.36384875 15
-14.169234 -2.2729974 0.35843641 10
-14.148143 -2.1538873 0.35513788 12.5
-14.149049 -0.50026822 0.37469926 15
-14.174636 -0.49635777 0.38354772 15
-14.165085 -0.36402103 0.3013761 12
-14.194906 -0.075580306 0.3520453 13
-14.130285 0.85178375 0.36728844 11
-14.119644 -2.218436 0.48588765 12
-14.167639 -2.1509104 0.45915329 12.666667
-14.168519 -1.8240432 0.49023113 14
-14.17462 -1.6222655 0.47275138 15
-14.198259 -1.4187176 0.4448171 13
-14.19386 -0.80896282 0.45529592 14
-14.129821 -0.50080758 0.46308923 15
-14.117521 -0.44831556 0.49354818 15
-14.154096 -0.27427483 0.41116139 15
-14.173337 -0.0034322161 0.40281716 13
-14.166562 -2.2134936 0.52624542 15
-14.183604 -0.066878699 0.52458698 15
-14.112794 0.52318776 2.4431431 15
-14.070096 -2.3108087 -0.10535373 8
-14.020643 -2.2898679 -0.10357343 7
-14.068322 -2.3192835 -0.00015865834 8
-14.073957 -2.2856302 -0.011696683 8
-14.012138 -3.2676673 0.097506739 11
-14.042181 -2.3155911 0.11707193 10.5
-14.055071 -2.2829826 0.14649408 10.25
-14.070112 -3.2863541 0.28895092 14
-14.040974 -2.3113415 0.24709719 9.333333
-14.053953 -2.2978866 0.25673583 11
-14.0568 0.82255471 0.27758503 10
-14.064296 -2.3321731 0.35090992 12.75
-14.061639 1.039655 0.62945193 9
-14.007823 -1.0657878 2.8379626 12
-14.044557 -0.75163275 3.1779017 14
-14.021535 0.70737755 3.167439 14
-13.90591 -2.2881215 -0.13616115 7
-13.956018 0.13044965 0.089246035 9
-13.939175 -2.1392128 0.10739172 9
-13.953546 0.01277444 0.10347315 11
-13.938239 0.33821815 0.1299061 8
-13.93903 -2.3085134 0.23310527 11.5
-13.947145 -2.2080801 0.23266102 11
-13.924877 1.0620967 0.27404454 10
-13.900505 1.8202988 0.2889356 10
-13.921088 1.6637955 0.40353155 13
-13.904272 -0.44045666 0.52491498 13
-13.91011 1.2126592 0.96929222 15
-13.993259 0.90972829 1.27885 15
-13.997461 -0.69370067 2.7842853 12
-13.949288 -0.49014977 3.0316522 15
-13.916197 1.2185718 3.3333664 14
-13.822491 -0.22658435 -0.10765941 8
-13.818455 -2.2464032 -0.044340976 9
-13.818529 -2.1762505 0.040996972 9
-13.876565 -0.16300799 0.094599031 11
-13.850091 -0.022929931 0.027214689 9
-13.86264 0.019110072 0.047867212 9
-13.892822 0.13388312 0.089225568 8
-13.84512 0.38881597 0.056382135 8
-13.84231 -2.3192282 0.15222839 12
-13.837013 -2.2219594 0.15806419 11
-13.836576 -0.029802429 0.18897548 11
-13.854805 0.035712119 0.17628306 9.5
-13.82074 -0.043823972 0.25952196 10.833333
-13.863447 0.089540482 0.2418744 14
-13.865013 0.10830811 0.29378381 10
-13.816536 0.37416881 0.2146696 10
-13.836968 -2.3437812 0.36440802 13
-13.809856 -2.2906618 0.35350505 9
-13.807572 -0.11580653 0.30533573 11
-13.8332 -0.047186967 0.36097017 11.25
-13.859524 0.07581187 0.34316939 10.625
-13.861375 0.12658349 0.38530341 11
-13.883237 1.017864 0.35157219 11
-13.840922 1.770665 0.36686572 12.5
-13.802148 -0.21912616 0.40408295 13.5
-13.834991 -0.047004003 0.48082826 11.75
-13.849498 0.054233037 0.44885489 12.6875
-13.847968 -0.45030946 0.57675254 15
-13.817096 -0.10194366 0.54611152 10.5
-13.855976 0.075417295 0.55096936 15
-13.860231 0.047010276 0.66900569 12.333333
-13.820327 -0.17525101 0.72121382 13
-13.858981 0.046751507 0.72356653 14.5
-13.887065 -2.5309472 1.1130549 13
-13.70943 -2.305182 -0.082257904 8
-13.701356 -2.3330488 0.058044981 9.5
-13.785572 -2.2052431 0.01052309 9
-13.744336 -2.1526344 0.0099284183 10
-13.797615 0.17840505 0.094140328 9
-13.756309 -3.2219846 0.15465666 13
-13.759977 -2.3011525 0.16987872 10
-13.787465 -2.1771624 0.17659616 10.5
-13.72654 -0.21036279 0.18268982 7
-13.773163 -0.13580212 0.1517445 9
-13.756053 0.32022092 0.14964889 9
-13.799902 0.44484779 0.15038013 9
-13.701395 1.0006919 0.15604553 9
-13.779867 -2.3386312 0.28239083 13
-13.784416 -2.2442386 0.24418253 12
-13.766068 -0.14502251 0.27186736 10.333333
-13.729797 0.0094623817 0.28829443 11
-13.78253 0.15968286 0.25530708 11.75
-13.745094 0.24436551 0.27175304 11
-13.748343 0.34047684 0.2055192 11
-13.79726 0.61822927 0.27355859 11
-13.718954 0.87746626 0.29601163 12.5
-13.791734 -0.23204674 0.39327696 10.25
-13.771988 -0.18949139 0.34554169 11.666667
-13.774899 -0.064402886 0.39622506 9
-13.738449 0.40212578 0.3110708 12
-13.741601 0.62109035 0.33189812 12.25
-13.765108 0.97469515 0.33115348 8
-13.773873 -0.12760387 0.46212143 13.125
-13.783398 0.0443868 0.40206364 12
-13.781993 -0.2739158 0.59868479 11
-13.788131 0.037946947 0.54341471 12
-13.793561 -0.22472048 0.67236304 13.5
-13.795512 -0.16426255 0.61620718 13
-13.759918 -0.069835499 0.66162258 13
-13.707025 2.2324324 0.71962613 14
-13.747558 0.93547994 2.341496 15
-13.78987 -0.38735476 3.3426185 14
-13.601088 1.8577621 -0.15350838 6
-13.601047 -2.2779412 -0.047568027 8
-13.63314 3.004046 -0.045992795 7
-13.621616 3.4881113 -0.0049696947 7
-13.663424 -0.30710256 0.007713032 8
-13.674781 -0.21571767 0.09303727 8
-13.652887 -2.3164027 0.13818017 10.25
-13.652445 -0.25710347 0.15223585 10.25
-13.615975 -0.14462496 0.1706121 8.5
-13.670415 -0.092530288 0.1522952 9
-13.684114 0.57678789 0.15040879 9
-13.694926 0.84415412 0.19758709 10.5
-13.632371 1.2374187 0.18806089 8
-13.631632 -2.3283484 0.27291295 10.5
-13.645674 -2.257746 0.25989786 10
-13.671309 -2.112478 0.2364562 10
-13.68833 -0.32081306 0.26010591 13
-13.663086 -0.21613888 0.24869129 12
-13.63035 -0.12906158 0.24733847 15
-13.695702 -0.083040491 0.26100019 14
-13.644026 0.63651657 0.2992996 14
-13.684804 0.86731833 0.20419468 11
-13.624561 -2.3176486 0.34600428 13
-13.628175 -2.2422571 0.35495564 10
-13.633622 -2.171217 0.38189152 11
-13.631371 -0.26226363 0.30061248 13
-13.673542 -0.14743516 0.32805809 10.166667
-13.67259 0.60260403 0.33459806 11.5
-13.680506 0.73741639 0.35338175 14
-13.631185 2.2576551 0.31213877 9
-13.6139 2.7816632 0.56145811 9
-13.668361 4.6281548 0.74150294 11
-13.669517 2.2160084 0.82088912 15
-13.655673 -2.69625 0.90547335 15
-13.615046 2.2361422 0.97740543 14
-13.66057 -2.6626577 1.0022745 14
-13.584579 1.5819852 -0.38542435 6
-13.509114 -2.3816204 -0.11158001 8
-13.54427 -2.9252055 -0.025188528 9
-13.521929 0.87689298 -0.039446253 6
-13.572952 -2.2428761 0.081103131 10
-13.575274 0.42573291 0.051791523 8
-13.509956 0.68509519 0.044753462 6.5
-13.583286 -3.5290596 0.17965877 13
-13.522852 -2.8894413 0.13624492 9
-13.533751 -2.4588931 0.1230563 12
-13.568272 -2.2106378 0.12996587 10
-13.51813 -0.15510474 0.19187848 8
-13.529459 0.66781867 0.10253021 8
-13.515544 0.86689126 0.16839866 9
-13.515992 0.95993066 0.15297116 8
-13.557177 1.0828227 0.18896951 9
-13.541708 3.4158885 0.19339167 8
-13.54065 -2.2442496 0.27422318 11
-13.585386 -2.1895771 0.24285381 11
-13.516141 -0.37286672 0.20082261 10
-13.567641 0.40741435 0.21019763 9
-13.596256 1.0222248 0.20985606 8
-13.535578 1.2471497 0.28492987 12.5
-13.555105 1.4002417 0.2454076 10
-13.547777 1.8349673 0.29385668 9
-13.575315 -2.313026 0.32153246 10
-13.592006 -2.1825757 0.3882131 10
-13.510916 1.0394075 0.37409341 13.5
-13.577995 1.2175803 0.31662953 14
-13.579334 1.7924879 0.3476792 11.5
-13.530534 1.8184259 0.35823306 12.5
-13.524601 1.9228773 0.37325317 9.5
-13.509531 2.0505362 0.36727321 11.5
-13.534606 2.2402356 0.36540186 11
-13.520318 2.3419452 0.38386777 10.5
-13.55903 -2.3159711 0.45534423 10
-13.506274 -1.6312072 0.4153913 13
-13.564362 1.7880251 0.44964674 13
-13.534324 1.8364468 0.45419762 14.5
-13.534267 2.2374682 0.47973153 13.666667
-13.567751 2.4440205 0.47592482 12
-13.531451 2.7345488 0.45201698 8
-13.507457 4.1870131 0.49877244 9
-13.563601 -0.48447201 0.57164019 10.5
-13.501143 0.59372973 0.54521149 15
-13.506017 2.2216394 0.54162335 13
-13.526445 -1.4800459 0.66516703 11
-13.582545 -0.59932303 0.62629092 15
-13.529231 2.2177575 0.63409489 14
-13.581968 2.2434042 0.87811726 13
-13.417286 -2.8941808 -0.080702029 8
-13.431856 -2.381542 -0.041811924 8
-13.463474 -2.147047 -0.025734395 8
-13.424675 -2.9273512 0.064443499 11
-13.45241 -2.422538 0.081362672 9
-13.429668 -2.39711 0.018694086 9
-13.468626 -2.1417162 0.089466184 9.75
-13.497689 -0.23303211 0.090507865 8
-13.441926 -2.4316957 0.15561308 9.875
-13.467932 -2.3165014 0.18166079 15
-13.461694 -2.1457434 0.15107103 11.833333
-13.461491 -0.4676992 0.15507093 10.5
-13.411572 0.69360662 0.19960015 7
-13.437504 0.72216487 0.15883665 9
-13.481049 1.8393143 0.18373063 6
-13.451658 -2.4697652 0.26857224 13
-13.460775 -2.1456826 0.25662464 12.4
-13.465307 -0.40595317 0.26740891 10
-13.462702 0.64859539 0.27774721 12.2
-13.436269 0.70714265 0.23905247 10
-13.45186 0.8195045 0.25478813 13
-13.488525 1.1939987 0.26627591 9
-13.469764 1.2906491 0.24796733 11.5
-13.462763 1.4070975 0.2793085 11
-13.473485 2.2999892 0.20450437 9.5
-13.41583 2.5275972 0.24346206 8.5
-13.470797 -2.9254768 0.37305599 15
-13.431842 -2.4771135 0.33881012 12.333333
-13.489073 -2.1181481 0.35740733 13.5
-13.452395 -1.6473202 0.39972147 11
-13.442037 -0.46998417 0.34681201 13.5
-13.46121 0.63162249 0.36655214 13.583333
-13.463242 0.73840594 0.3470768 12.75
-13.458315 0.93949157 0.34421846 14.5
-13.48632 1.0490329 0.35556781 13
-13.484426 1.2576991 0.36920324 13.666667
-13.485661 1.3279122 0.36080578 13
-13.476404 1.4543898 0.32066593 13
-13.486004 1.5504775 0.35312256 13.75
-13.443741 2.0381541 0.33356485 10
-13.479308 2.2532146 0.35986272 11
-13.427118 2.3273153 0.36805645 10.5
-13.433102 2.4194391 0.36619037 9
-13.494584 3.6462927 0.37376198 7
-13.452368 -1.8445883 0.43148312 13.666667
-13.455018 -1.419313 0.41585094 13
-13.461802 -1.1253338 0.43939209 15
-13.462203 -0.46833998 0.49818951 14
-13.466455 0.66115361 0.41219699 11
-13.454971 0.73943639 0.44365534 14
-13.46639 0.89558411 0.43363285 13
-13.478024 0.92960221 0.47865766 15
-13.468951 1.019441 0.42638811 13.5
-13.486292 1.2521986 0.47467649 14.5
-13.482862 1.3227798 0.44953549 11.5
-13.470535 1.5669409 0.44467553 13.666667
-13.476402 1.6170949 0.45333287 14
-13.490348 1.7759428 0.42522356 14.5
-13.496627 1.8132148 0.40154684 12
-13.489596 1.946715 0.42480543 13.5
-13.48351 2.0614181 0.44650775 12.5
-13.473622 2.1096668 0.43309084 15
-13.459764 2.2440784 0.4397513 12.357142
-13.472383 -1.0653211 0.54968441 15
-13.456238 -0.9648301 0.58321249 10.5
-13.463127 -0.7739445 0.54929304 12
-13.45701 -0.48137617 0.55012614 13
-13.465848 0.7073853 0.53811812 14
-13.455884 0.85680747 0.56115645 14.5
-13.462952 0.99963522 0.52480614 14
-13.479308 1.5411608 0.5605461 14
-13.491637 1.857355 0.50353825 14
-13.484231 1.9145213 0.59121859 14
-13.464268 2.1665142 0.59095818 12.5
-13.462559 2.2394061 0.54053211 13.444444
-13.429119 2.3956861 0.56089258 12
-13.477901 -0.63296735 0.60884196 12
-13.496488 1.5980424 0.64502305 15
-13.425549 2.2276161 0.65199149 11.5
-13.462443 -1.0152282 0.73986858 13
-13.42537 2.1769459 0.71037805 14.5
-13.473575 2.2127609 0.773601 13
-13.46248 -2.7862499 0.86296999 14
-13.43865 2.2326925 0.87542105 15
-13.443178 2.2340379 1.2052559 15
-13.455265 0.1665118 2.3575208 15
-13.369268 -2.9386995 0.16854371 13
-13.381001 -2.493331 0.1772361 14.5
-13.337139 2.3086648 0.17931348 7
-13.327903 -3.5284121 0.2044107 14
-13.379223 -2.5052435 0.22231035 9
-13.31941 2.3372467 0.29234016 9
-13.380793 2.607475 0.22643526 8
-13.356107 -3.5729349 0.34508404 14
-13.3736 2.2117488 0.38416567 10
-13.377162 2.365284 0.37016436 10.75
-13.356336 2.4126973 0.38299173 11.75
-13.316298 2.261878 0.43797547 13.25
-13.356391 2.3685756 0.45662931 12.9
-13.363237 2.4124446 0.47461557 11
-13.321842 2.2575898 0.51888877 12.5
-13.349073 2.3690658 0.53591776 14.625
-13.379702 2.4111097 0.56563216 13
-13.351726 4.2447453 0.5548982 10
-13.354805 2.2281024 0.71527678 15
-13.31458 2.1955755 0.90198922 14
-13.318967 2.2258997 0.97048354 13.5
-13.313437 2.2296491 1.0291679 15
-13.211305 -2.9266832 0.056658212 10.25
-13.221607 -2.8805983 0.088624105 9
-13.282509 -3.5098822 0.26473761 12
-13.279032 2.2708423 0.2252214 9
-13.247498 2.4137762 0.23594503 9.75
-13.249857 -2.8609827 0.34880507 14
-13.282931 2.3723211 0.33937424 9
-13.299735 2.4373665 0.3693639 11
-13.206488 -2.8668172 0.48541221 15
-13.27436 2.3718719 0.41183698 13
-13.207021 2.4041531 0.42861807 11
-13.26729 -3.2391045 0.56281626 11
-13.250693 2.3604052 0.52783263 12.5
-13.278098 2.4443748 0.54877043 10
-13.212993 2.2479579 0.74680644 14.5
-13.291123 2.3358185 0.77860081 15
-13.261787 -3.608465 0.82410407 14
-13.281812 2.3009586 0.84855103 13
-13.220651 -2.9343641 0.93412167 13
-13.205577 2.2676969 0.99625343 15
-13.246655 2.3280852 1.0475435 14.5
-13.219499 -0.6584534 2.3921273 15
-13.120538 -2.9198005 -0.064714566 8
-13.108418 -2.91786 0.038791563 9
-13.172109 -2.8417306 0.41401145 12.25
-13.159369 2.3945458 0.48088816 12
-13.11631 2.4197135 0.4342674 10
-13.171565 2.3818982 0.52931142 13
-13.126451 -2.9182048 0.68831772 14
-13.108709 2.3551843 0.71074808 12
-13.129942 2.369549 0.813402 13
-13.126205 -2.9154823 0.91058266 14
-13.13781 -2.8999102 0.91195643 13
-13.144125 -2.975095 1.1865958 15
-13.167415 -2.9394991 1.2269211 15
-13.048151 -2.6286557 -0.20788822 7
-13.087045 -2.9945624 -0.081712238 8
-13.090393 -2.9448617 0.064701684 10
-13.072422 -3.4250717 0.10653725 13
-13.087016 -2.9337308 0.11176644 12
-13.032259 -3.523519 0.26987067 15
-13.081816 -2.9397647 0.26614764 15
-13.006495 -2.9111767 0.39559034 14
-13.046929 -2.8433402 0.3770735 11.666667
-13.071593 -2.8731768 0.41212654 11
-13.033242 2.3744926 0.46875629 13.5
-13.072472 2.4214115 0.53555661 12.5
-13.041888 2.352694 0.66637379 13.5
-13.013161 -2.8706996 0.86898535 15
-12.944411 -3.2680326 0.072041228 11
-12.97865 -3.4596484 0.17751268 12.5
-12.974165 -2.9634848 0.39956287 10
-12.922313 2.5900326 0.38538948 12
-12.935215 2.4442246 0.40484151 13
-12.935991 2.5493224 0.40716121 11
-12.99041 5.1546168 0.47918728 7
-12.918207 2.4051535 0.5186125 15
-12.903212 5.1324182 0.58734339 8
-12.858079 -3.2872834 -0.02925116 9
-12.87421 -3.2922838 0.074080803 11
-12.818493 -3.1849093 0.060115907 10
-12.820895 -3.0035906 0.29393107 15
-12.82508 2.3474741 0.29282448 10
-12.844374 -2.8325961 0.3274096 10
-12.83836 2.3583977 0.45455354 13.7
-12.801229 5.1231956 0.41902602 8
-12.838122 2.3701279 0.53738111 14.5
-12.811948 5.1133466 0.55913621 9.5
-12.868463 2.2774787 0.65207225 14.5
-12.888709 2.220525 0.74660003 15
-12.843514 -2.9080639 1.2342045 15
-12.702124 -3.5204337 0.026373088 9
-12.74844 -3.5799191 0.12533826 9
-12.724759 2.4491298 0.13749079 9
-12.743365 -3.5539446 0.22949034 11.5
-12.753953 -3.5272548 0.34108856 14.5
-12.762067 -2.8426287 0.36659706 11
-12.729137 2.3766661 0.4654569 10.5
-12.784451 2.3314292 0.61023647 14
-12.757568 0.3007898 3.0264759 15
-12.688157 -2.7488482 -0.10689785 8
-12.671126 -3.5627728 0.096612178 11.5
-12.649767 -3.3527865 0.071696937 10
-12.616264 2.3729434 0.17129226 8
-12.651873 -3.5276909 0.23226723 12
-12.638914 -3.4806836 0.23572236 11.75
-12.618236 -2.8121498 0.34750021 15
-12.632753 -2.8238847 0.41895634 13
-12.629445 2.3689461 0.41574138 13
-12.651298 -2.9433272 0.5884254 14.5
-12.675576 2.3833234 0.54806179 13.5
-12.64904 -3.0015368 0.63287473 15
-12.649557 5.1335015 0.75805354 11
-12.564636 -2.6827207 -0.17519088 7
-12.595678 -3.0994375 -0.034451306 8
-12.576775 -2.893621 -0.0030398099 10
-12.554715 -3.2009864 0.093570679 9
-12.565773 -3.1607223 0.064694606 11
-12.530164 -3.2144415 0.11781828 12
-12.530016 -3.178102 0.13770284 11
-12.515823 -3.5333674 0.25027537 15
-12.533617 -3.4604309 0.25913575 11
-12.56106 -3.5944676 0.33907288 14
-12.588802 -2.942872 0.36160696 12
-12.531634 -2.837338 0.41671586 13
-12.566033 -0.15943027 2.2456758 14
-12.593772 0.61490822 2.2359324 14
-12.410295 -2.831228 -0.15259352 8
-12.434191 -2.9280314 -0.016995015 9
-12.445918 -3.205796 0.10731219 12
-12.405849 2.4044807 0.14878567 8
-12.434707 -3.5322416 0.21107429 10
-12.448926 2.5831335 0.21803105 11
-12.443233 -2.9157555 0.39470804 14
-12.462789 2.3606179 0.37622955 15
-12.418824 2.385628 0.45920691 13.5
-12.4073 3.9554992 0.42451069 10
-12.469902 2.3715351 0.56829607 13
-12.427303 3.818392 0.60333604 11
-12.388117 -3.1924529 -0.029536799 8
-12.307812 -3.2062743 0.083479583 11.5
-12.323891 -3.1949995 0.096679129 10
-12.363554 -3.2921624 0.17203432 13
-12.393321 -3.1602495 0.15075818 10
-12.343752 -3.4502466 0.24526004 11
-12.363947 -3.3728199 0.2336698 10
-12.38197 -3.5071206 0.3390609 14
-12.332255 -2.8404827 0.3644667 12.5
-12.318954 2.3880477 0.31645423 10
-12.35812 -2.8803377 0.48070508 12.666667
-12.366036 2.3861561 0.46955395 14.333333
-12.322549 2.4132137 0.46653199 11.5
-12.307387 2.551405 0.44437459 12.75
-12.320106 2.6405151 0.45061928 13.25
-12.35911 4.1578221 0.45566973 9
-12.323996 2.3675184 0.55983448 13
-12.341816 2.7042696 0.53238624 11
-12.366254 3.8487325 0.57727921 11
-12.32272 4.3450375 0.59063423 10
-12.390753 -2.9281766 0.62518483 15
-12.330137 4.024816 0.60980397 11
-12.362945 4.2641358 0.76958799 11
-12.277719 -2.9086738 -0.075444378 7
-12.299203 -3.1816688 0.029059993 11
-12.234119 -3.205694 0.1434252 12
-12.23775 -3.5627489 0.31858489 14
-12.27804 2.3777614 0.36728853 11
-12.278658 2.6762419 0.35779965 10.5
-12.27339 -2.861789 0.44930068 13
-12.285932 2.4830954 0.43090385 12
-12.282948 2.6528504 0.48247066 13
-12.278848 2.7014344 0.41909164 14
-12.264382 2.4922364 0.54641449 13
-12.289667 2.6429579 0.55781853 15
-12.283711 2.7125037 0.53595161 13
-12.2629 -3.4840767 1.2575904 15
-12.116146 -2.7961762 0.041178931 11
-12.170113 -3.5518236 0.28644946 13
-12.108736 -2.8315353 0.34821105 12
-12.119653 -2.8420672 0.43207181 14
-12.124189 6.243453 0.46752134 8
-12.018459 -3.0974855 -0.0067965807 10
-12.058259 -3.5131435 0.18681848 14
-12.084272 -2.8708234 0.1505397 11
-12.078668 6.2238536 0.17247833 7
-12.097698 -2.8738778 0.26316583 14
-12.040092 -2.8392439 0.36263263 11
-12.042963 -3.5458355 0.40114084 15
-12.097921 -2.8371785 0.58092904 14.5
-12.074306 2.2623935 0.62683237 15
-12.028679 -0.23950247 1.5788409 13
-11.992342 -3.184128 -0.12621659 8
-11.913955 -2.5247293 -0.1842173 7
-11.9085 -2.8145666 -0.00040067316 11
-11.925561 -0.96713692 -0.018597323 9
-11.912318 -2.894928 0.080856003 10
-11.940841 -3.1145513 0.1817762 12.5
-11.952391 -3.0629036 0.15964019 11
-11.955778 -3.5289433 0.26496622 15
-11.929967 -2.7198439 0.26999378 15
-11.933664 -2.6891665 0.2277547 13.5
-11.930487 -0.01523455 0.2993429 14.5
-11.9958 2.6107881 0.25708959 12
-11.993771 -3.5897121 0.34644136 14
-11.950716 -3.152514 0.39070222 15
-11.923642 -2.6936255 0.35093749 12.5
-11.925454 -0.14247112 0.32640269 13.5
-11.950301 0.017163903 0.38120395 14
-11.916237 2.2723951 0.3719112 13
-11.910792 -2.698566 0.43753266 10
-11.92453 -1.0637311 0.42487374 15
-11.903344 -0.24720688 0.48346928 15
-11.906361 -0.0412913 0.40014097 15
-11.941018 -0.23564608 0.52367359 13.5
-11.915067 -0.14724009 0.68881798 15
-11.933921 -1.9980992 0.73994917 14
-11.955237 -0.61493003 0.79130381 9
-11.939458 -1.8436625 0.80853927 15
-11.944321 -0.33014449 0.83806747 15
-11.916101 -0.89687937 1.1349894 12
-11.972991 -0.56635857 1.2630631 9
-11.922445 -0.35462493 1.2690417 9
-11.947711 -0.35294548 1.3209698 12
-11.97616 -1.5297463 1.4693642 9
-11.989248 -0.65332872 1.4116083 10
-11.907811 -0.32124174 1.4289205 15
-11.917976 -2.2714603 1.6353024 10
-11.912118 -2.142345 1.6162968 11
-11.990688 -1.3394085 1.673012 9
-11.973259 -0.95876968 1.6871587 14
-11.965723 -0.32314113 1.645309 11.5
-11.961147 -1.2166817 1.7706907 10
-11.921948 -1.1586666 1.7411021 12
-11.922146 -0.6471085 1.733657 10.5
-11.977674 -0.34123954 1.7348051 10
-11.959214 -1.4005517 1.8655876 11
-11.907326 -1.2332995 1.8228157 10
-11.940857 -1.554729 1.9518179 10
-11.959611 -0.33088619 2.2829177 12
-11.918764 -2.6384232 2.3838704 13
-11.947415 -0.65930271 2.3283031 15
-11.930253 0.73097843 2.3578548 13
-11.874406 -3.371475 -0.26019835 7
-11.837789 2.2581713 0.11436166 7
-11.877028 -2.650001 0.22469839 11
-11.891758 -1.8743191 0.3466703 13.333333
-11.885274 -0.0026975966 0.35216084 12
-11.840665 6.2522945 0.39579669 7.5
-11.876773 -0.02960325 0.44334233 14.5
-11.807631 6.2595873 0.52473187 9
-11.816306 -3.5781579 0.63741618 11
-11.888916 -1.5748531 0.61999667 13
-11.839075 -1.0803231 0.65909719 15
-11.891083 -0.98590696 0.65114641 14
-11.878915 -0.55922782 0.67603379 15
-11.896402 -1.8759296 0.73885185 14
-11.861642 -1.6608431 0.73988712 14.5
-11.889833 -1.0269197 0.77204072 15
-11.898722 -0.75509357 0.70279807 15
-11.881598 -0.32748488 1.4046031 13.5
-11.736483 2.2855036 0.21546744 9
-11.758593 -0.30704483 0.37365624 12
-11.793413 2.2677007 0.42134354 14.5
-11.751145 4.3093467 0.49603021 10
-11.760125 -3.5917511 0.73103797 12
-11.783399 3.8109298 0.70912945 12
-11.653794 -1.0446339 -0.13457431 6
-11.633517 -1.3465221 0.25164199 11
-11.640906 -3.7548583 2.2961268 15
-11.574576 -3.5726407 -0.020787813 8
-11.512053 -1.1291376 0.15968141 10
-11.429232 -1.1179017 0.13794874 10
-11.450599 -3.0164912 0.25110978 13
-11.31349 -3.5595841 -0.20706633 6
-11.332499 -3.4747448 0.031713326 9
-11.306486 -3.3462722 0.24060541 14
-11.300251 2.5766492 0.2767669 12
-11.373952 -3.5865681 0.62161052 11
-11.221037 2.3749855 0.16810268 8.5
-11.235706 -2.9194646 0.27380386 11.5
-11.230083 -0.74236637 0.22298102 10
-11.284952 6.2769871 0.28761977 7
-11.211441 2.5881157 0.31430414 13.5
-11.243862 -0.55252856 0.68979847 15
-11.244296 -3.5946527 0.7700454 12
-11.243803 -3.6337874 1.4889165 15
-11.137911 -3.5541072 -0.020549264 8
-11.141732 -0.12196354 -0.029669298 8
-11.122159 -0.72641194 0.18299517 11
-11.199146 -2.9917526 0.29324025 12
-11.14847 -2.9878883 0.30276433 13.5
-11.115985 -0.78867066 0.32321849 13.5
-11.165826 -0.62776512 0.32748803 11
-11.123738 -0.75543976 0.46653712 13.5
-11.144693 -0.78340691 0.58647293 13
-11.154092 -0.79727817 0.65113658 15
-11.120508 -0.60174757 0.603553 15
-11.009724 -3.5330467 -0.27810988 7
-11.099828 -0.83573705 0.29296279 15
-11.010123 -0.63356942 0.29319268 13
-11.067907 -0.56781042 0.25963095 11
-11.062751 -0.38396654 0.20689496 10
-11.002379 -0.86464959 0.35096562 14
-11.075294 -0.77083528 0.37151146 13.625
-11.063036 -0.64992142 0.35289571 14
-11.032946 -0.58093399 0.35339144 12.5
-11.050563 -0.42289323 0.36609277 11.5
-11.08678 -0.37585953 0.3466633 10
-11.036943 2.2546473 0.32932311 13
-11.081873 -3.5934219 0.43537226 10
-11.075658 -0.85369676 0.41124535 13
-11.089944 -0.72653645 0.45424971 14
-11.049425 -0.63811177 0.42038223 13.666667
-11.030552 -0.56323725 0.43750063 13.5
-11.006264 -0.42448241 0.49251005 12
-11.08265 -0.62515545 0.52027643 15
-11.054645 -0.54275084 0.57987213 15
-11.084753 -3.6460402 1.1734029 14
-10.98793 -3.5939848 -0.0056868023 10
-10.936447 -3.5960648 0.12151887 6
-10.982744 -0.55278182 0.1323977 10
-10.98347 -0.44286901 0.12504427 7
-10.976264 -0.36822686 0.19381817 12
-10.970241 2.2392459 0.12549523 8
-10.956224 -0.50163949 0.23188077 13
-10.974159 -0.41667742 0.2482205 10.666667
-10.971223 -0.5332737 0.34467641 13.75
-10.956924 -0.43469355 0.33905667 13.4
-10.950212 -0.43994913 0.41895646 14.2
-10.952734 -0.44297746 0.53962201 14.666667
-10.908421 0.062157221 0.590864 11
-10.982927 2.2423036 0.59877884 15
-10.982427 -3.6290748 0.98569655 13
-10.965375 6.3823934 1.0710204 11
-10.907096 2.0397563 1.4920838 14
-10.971339 -3.5922937 2.0331686 15
-10.959426 -3.0378735 2.3539059 15
-10.803425 2.3281622 0.17450915 10
-10.812232 -0.40952662 0.2381171 12
-10.889887 -0.4181394 0.35175008 11.5
-10.813416 0.033331443 0.39588183 15
-10.834677 2.2688451 0.38819513 12.5
-10.863161 6.2475471 0.34855437 8
-10.868666 -3.5490806 0.41694465 14
-10.884054 -1.5791771 0.42917743 15
-10.839576 -0.66202611 0.42542458 11
-10.830318 -0.53708023 0.408142 13
-10.893512 -0.45843095 0.42652175 12
-10.80066 -0.36402467 0.40703028 14
-10.834107 0.0010695725 0.46943182 15
-10.83003 6.2471657 0.45684662 9
-10.881319 -3.6140883 0.52167594 8
-10.83472 -3.5785577 0.54140437 13
-10.873431 6.2368846 0.5018208 7
-10.834015 6.3801608 1.0642699 11
-10.747863 -3.5606785 0.068446599 9
-10.776274 -3.5362489 0.15316541 9
-10.765384 -0.40270308 0.16781405 11
-10.74002 -1.6522517 0.29928967 10
-10.70197 -0.59684956 0.28844011 12
-10.733768 -0.4422082 0.24505772 12
-10.764127 -0.38679713 0.23152733 12
-10.758516 -3.5738161 0.34753913 11
-10.746451 -1.637205 0.36783057 11
-10.782467 -0.56168818 0.35729182 12
-10.763755 -0.4582552 0.33941638 13
-10.791718 -0.38169262 0.37165055 13
-10.790636 0.045975856 0.35435438 15
-10.781485 2.2973199 0.31456006 9
-10.757889 -1.7506944 0.44036353 15
-10.796506 -0.81478935 0.4121398 10
-10.774064 -0.63152301 0.42973113 14
-10.71399 -0.40473586 0.41482177 13.5
-10.721317 2.2952406 0.46985364 15
-10.746897 -0.57202607 0.51032686 15
-10.768447 2.2303054 0.5029518 10
-10.749339 -3.5982225 0.63116586 12
-10.755857 2.131758 0.84348792 11
-10.793604 -3.8427551 2.2154737 15
-10.687634 0.19776078 0.055576604 9
-10.676216 -0.50849414 0.18312858 11
-10.635823 -3.597878 0.4247126 10
-10.623446 -1.5675789 0.41408798 13
-10.668708 -0.77249974 0.41865692 13
-10.686981 -0.33735195 0.43774241 15
-10.678264 2.2410388 0.63422841 15
-10.631575 2.2336965 0.7630828 15
-10.646358 2.2350218 0.87875682 15
-10.521526 -3.598299 0.010348872 10
-10.598519 -3.5821452 0.19754224 11
-10.546878 -1.8613561 0.37538818 14
-10.512295 -0.68163431 0.34894913 13
-10.594606 -0.42296323 0.46941566 15
-10.598345 6.2443066 0.4998782 8
-10.519403 -3.5749805 0.52533978 12
-10.551077 3.9799411 0.73720872 14
-10.584096 6.3871803 0.94490212 11
-10.46799 -1.2384174 0.093028456 9
-10.485476 0.28428319 0.07587 8
-10.468474 -0.61502826 0.18239413 10
-10.493527 -0.64631331 0.28205964 12
-10.439195 -0.68206412 0.3073335 12.5
-10.404174 -3.6109078 0.48003188 11
-10.477038 -1.3639897 0.42526641 12
-10.476851 -3.5657828 0.576105 13
-10.492804 3.9929624 0.69150525 12
-10.367635 -0.62451684 0.18969917 9
-10.359488 -3.5422382 0.49486628 12
-10.363807 -0.65513623 0.43308011 15
-10.308189 -0.16222708 0.59439439 15
-10.342577 0.16066678 0.59385341 12
-10.370209 -3.5831397 0.71523643 14
-10.346962 0.10526133 0.71926242 14
-10.380393 6.3929644 0.84700358 10
-10.348574 6.3513384 0.90640557 10
-10.312025 -3.6087084 1.0118058 14
-10.387308 6.3770466 1.0240687 11
-10.379047 -3.6272178 1.2363411 15
-10.206304 -2.2657814 -0.030445911 8
-10.235736 -2.3508444 0.029019265 7
-10.225616 0.45214513 0.016770596 9
-10.217587 -3.5613489 0.10887608 9
-10.242496 -2.3145587 0.12498295 11
-10.2177 -2.3656752 0.23908986 12
-10.237432 -2.2124898 0.27971929 12.5
-10.237036 6.2449322 0.29015261 8
-10.262707 -3.529635 0.35049871 11.5
-10.299595 -1.1724706 0.45809498 13
-10.286616 -0.78669995 0.42360649 14
-10.25185 0.19219463 0.45657057 14
-10.216341 0.16289519 0.53254426 15
-10.20096 2.2393239 0.55327147 15
-10.273339 6.2534661 0.55756223 9.5
-10.261525 6.3768954 0.93778449 11
-10.201396 -3.6416588 1.1117389 14
-10.128764 -3.5542419 0.22655447 10
-10.153454 -1.0290365 0.3978743 12
-10.143936 0.2132037 0.3781561 15
-10.136106 -3.567564 0.47572169 13.166667
-10.156774 -0.29050833 0.4949941 15
-10.190324 0.055023659 0.4623352 13
-10.19968 -1.1179754 0.51531512 14
-10.195573 -3.6005437 0.66512841 15
-10.196512 -1.0714585 0.7469728 15
-10.13256 -0.71427429 0.71070462 15
-10.192039 -3.8489923 1.9556372 15
-10.004361 -3.5504673 -0.19011964 7
-10.066742 -3.5494573 0.13608459 10
-10.067988 -1.0541748 0.32214719 10
-10.019866 2.3938932 0.34062052 12
-10.00916 -0.8680827 0.40984362 13
-10.055966 -0.75085562 0.42277205 14
-10.08307 -0.28411505 0.45878312 13
-10.041103 6.2413239 0.47893006 7
-10.099902 0.044139929 0.58939886 13
-10.059858 -0.19054362 0.74195558 12
-10.053308 -3.6234543 1.8800799 15
-9.9320745 -3.5695436 0.27083015 10.666667
-9.9763021 2.4087417 0.20082204 8.75
-9.9854259 -3.580699 0.3846001 11
-9.9550476 -3.3834753 0.34663087 13
-9.9657631 -1.8532006 0.39850125 12
-9.9491978 -0.92070282 0.38478976 12.5
-9.937685 2.6128421 0.30973473 10.5
-9.9408674 2.8068531 0.32093379 12
-9.906518 3.2220664 0.3660841 15
-9.9255495 2.1136107 0.46795252 10
-9.9812479 -3.5922115 0.51893634 13
-9.9585733 2.0146017 0.76360857 9
-9.9795847 1.9783516 0.93608594 10
-9.9960718 1.9925969 1.0574583 11
-9.9831076 5.3858933 1.0465488 11
-9.9806919 -3.8985052 1.7343512 15
-9.9652891 2.4147956 1.9560361 15
-9.911665 5.958396 2.0269108 15
-9.8576832 3.6139104 0.13502058 7
-9.8196707 4.1554089 0.13183813 6
-9.8571949 -0.86300975 0.24455507 11
-9.8210678 2.7439811 0.21008898 8
-9.8063126 3.9701734 0.27095073 9
-9.8356867 -0.86342591 0.3849242 11
-9.8256483 2.2247953 0.39608824 14
-9.8636694 2.3624992 0.3607679 13
-9.8065491 3.1359067 0.3666234 14
-9.8279171 3.32674 0.36124894 15
-9.8399525 2.2349515 0.44977477 10.875
-9.8234692 2.78233 0.42664668 11
-9.8095217 4.1769609 0.43746158 15
-9.8515673 2.238167 0.57075584 12.333333
-9.8460741 2.3217499 0.59433156 11
-9.8143206 4.1326203 0.52361834 15
-9.8433676 2.1878445 0.65550232 12.5
-9.8556242 2.2465575 0.65618038 12.1
-9.8037176 4.3966479 0.63523734 12
-9.8127813 2.3755012 0.77077407 12
-9.8858261 2.9200561 0.72358108 14
-9.8739891 6.2309904 0.72247922 10
-9.8800402 2.2119918 0.86860335 14.5
-9.8549824 2.2115526 1.0944673 15
-9.8424063 2.358171 1.0488173 13.5
-9.8229904 3.1794143 1.0908264 11
-9.8796463 2.2491577 1.246446 14.75
-9.8388844 2.5214179 1.225593 15
-9.8283844 6.2752795 1.2862436 14
-9.8345852 2.2415183 1.3172442 15
-9.8556461 4.4405813 1.5079949 13
-9.8476048 5.4874554 1.5621459 14
-9.8328209 4.4221258 1.6019013 14
-9.85884 -3.22155 2.1970892 15
-9.7242184 3.2162809 0.042658187 6
-9.7124062 3.9561613 0.092066571 8
-9.7642097 4.1911259 0.08198671 8
-9.7420769 -3.5755935 0.17335512 10
-9.7528667 2.6121557 0.19990453 8
-9.7328224 2.757549 0.14524207 8
-9.7585735 2.9526742 0.15242115 8
-9.7156248 3.1176565 0.16741733 9
-9.7664719 3.2311382 0.17658103 8
-9.7569447 3.3513758 0.17942764 8
-9.7136793 3.7478676 0.19514786 8
-9.7403278 4.9115977 0.18373768 8
-9.7602167 -0.18577769 0.24626462 12
-9.716917 2.8206925 0.28877002 10.5
-9.7598305 2.9921854 0.26721346 10
-9.7530518 3.2077401 0.27997082 9
-9.7700548 3.7274415 0.27680215 10
-9.7802801 3.9199235 0.22116204 8
-9.7018261 4.2888703 0.22042191 9
-9.7179327 5.6899142 0.27745807 8
-9.7565975 2.3496487 0.30836123 8.5
-9.7110453 2.5659652 0.36539698 13.333333
-9.7207985 2.6436794 0.34042317 10.25
-9.7314234 2.7519994 0.35035282 11
-9.7394314 2.8728507 0.32890776 9.5
-9.748951 2.9815307 0.34577155 10
-9.7346678 3.0371079 0.38834375 10.5
-9.734128 3.2424636 0.35176226 10
-9.7596989 3.3955774 0.30264696 10
-9.7489147 3.6699808 0.36033484 11
-9.7298584 3.7637658 0.31299794 9
-9.7332573 4.2581415 0.30611184 9
-9.7021313 4.6363397 0.35743406 8
-9.7233515 5.0594478 0.32986677 8.75
-9.7311945 5.2959347 0.35867327 9
-9.7271776 5.4373341 0.37150183 8
-9.7003317 5.5747328 0.33422536 15
-9.7223997 5.8016677 0.36447832 8
-9.7197104 6.1756897 0.36723244 8.666666
-9.7077303 1.8757277 0.41344887 15
-9.758853 2.5772347 0.44150385 10
-9.7250128 2.6367662 0.44031477 10.2
-9.7452488 2.8612866 0.44449463 11.6
-9.7426147 3.0250328 0.45082888 10
-9.7257252 3.3970461 0.40211263 11
-9.7302132 3.4314044 0.44761366 9.5
-9.7479935 3.5472362 0.44591227 10.333333
-9.7685938 3.7245591 0.46880266 12
-9.7355814 3.8555007 0.43885994 10.666667
-9.7736197 3.9200468 0.43470895 11.5
-9.7427301 4.0547004 0.4575341 9.5
-9.7624645 4.1181412 0.43377739 10.333333
-9.7310867 4.2523351 0.46618661 11
-9.7250233 4.369133 0.46474797 9.333333
-9.7497787 4.8768373 0.41433045 10
-9.7375879 5.1815009 0.4537068 11
-9.7307692 5.3449864 0.48746231 12.5
-9.7131081 6.1607885 0.49116611 9.5
-9.7501917 6.2422328 0.41743499 8.5
-9.7073803 -0.88900441 0.50514972 15
-9.7039614 1.791769 0.54270697 14
-9.7647572 2.2672083 0.57684916 15
-9.7336483 2.5470855 0.58001655 14.5
-9.7202864 2.6629102 0.52320701 12
-9.7221737 2.7349718 0.56854779 10.75
-9.7169609 2.855267 0.5279004 11.666667
-9.7344398 2.9418943 0.54534215 12.333333
-9.7388468 3.0116823 0.56427515 11.5
-9.7400827 3.1158347 0.53840554 13.25
-9.7442827 3.2627118 0.52892977 12
-9.7280874 3.3651268 0.54272145 11
-9.709343 3.4000645 0.57858342 11
-9.7256517 3.5224986 0.54168117 12.5
-9.7432671 3.7372985 0.56281698 13.5
-9.742156 3.8253527 0.54426122 11
-9.7264986 4.0521841 0.54098868 12.25
-9.7316675 4.1875129 0.51151019 10
-9.7523842 4.4680653 0.58705598 10.5
-9.7274084 4.7201262 0.58916092 10
-9.7273817 5.083889 0.51841593 13
-9.7299604 5.7570033 0.52915639 13.5
-9.7026062 1.8010756 0.66135454 15
-9.7709808 2.2690685 0.64744329 14
-9.7826738 2.3480165 0.64055145 10.666667
-9.7994928 2.4328203 0.65229416 12
-9.7237806 2.8673489 0.61646116 12
-9.7018433 2.9536161 0.60579127 11
-9.7477274 3.0882978 0.65238893 10
-9.7154188 3.1116791 0.62353241 13
-9.7013559 3.4029965 0.66225207 14
-9.729125 3.5658782 0.67598361 11
-9.7305202 3.8624527 0.66368395 13
-9.7482252 4.0092402 0.6490612 11
-9.7398281 4.1245794 0.63988137 13
-9.7296972 4.2277079 0.64983898 11
-9.7032719 4.3000889 0.67098457 12
-9.7236023 4.4807434 0.65801531 11
-9.732316 4.5605059 0.68238711 11
-9.7017488 4.7953744 0.64471287 11
-9.724185 5.3711286 0.66577291 11
-9.7320967 5.6415653 0.63120854 9
-9.7059383 6.1177416 0.65828878 12
-9.7623358 2.4915578 0.72129291 15
-9.7508554 3.5080881 0.7152496 12
-9.7195568 4.1632652 0.76996028 12.333333
-9.7223663 4.4277191 0.71163702 10
-9.7386169 4.8604913 0.79504061 13
-9.7077484 4.9359994 0.74063206 11
-9.7350283 5.1647263 0.75316858 12
-9.7380219 5.3914046 0.70517445 9
-9.7380915 5.5490694 0.75205779 12
-9.7065773 5.6607027 0.73966873 13
-9.719779 5.7817707 0.76075476 13
-9.7375708 -3.5988584 0.82463557 14
-9.7629404 3.0504029 0.85698396 11
-9.7684736 3.7539337 0.83622605 15
-9.7276878 3.8115885 0.84598887 13
-9.7473078 4.0386572 0.89877009 15
-9.7064762 4.1698141 0.87382382 14
-9.7529964 4.266613 0.85584193 12
-9.7077808 4.7490983 0.83290207 13
-9.7554865 4.8515577 0.87245089 10.5
-9.7507534 -3.5830839 0.90995091 14
-9.711132 3.3923566 0.91664755 13
-9.7078857 4.3587689 0.95859265 15
-9.7738733 5.1764426 0.95681882 12
-9.7134209 5.8181643 0.94681382 10
-9.7645187 3.227154 1.036285 13
-9.7885876 4.9421372 1.0830055 12
-9.7503815 2.7595077 1.1160787 14
-9.7455482 4.7627597 1.1119713 13
-9.709116 5.2131457 1.1868367 12
-9.7892199 5.9775977 1.1571401 12
-9.7065411 6.0594506 1.1492447 13
-9.7638445 6.1376014 1.1253914 13
-9.7357521 2.6765339 1.2196815 15
-9.707345 3.9223716 1.23432 15
-9.7122784 5.3104339 1.2759625 15
-9.7971325 3.1739936 1.3721553 12
-9.7655439 4.8047361 1.3063449 12
-9.7215471 5.4878998 1.3925712 15
-9.7010403 5.6030779 1.3852905 15
-9.7489948 5.8904052 1.4650447 14
-9.7327423 4.7861633 1.5732771 14
-9.7957592 4.8666568 1.5756885 14
-9.7021399 6.1949539 1.5355507 15
-9.7172394 5.0809522 1.6485212 14
-9.7611656 4.6914001 1.7252825 13
-9.7481756 4.8597574 1.8083477 14
-9.7705727 6.26052 1.8720831 14
-9.756813 6.1140985 1.971754 12
-9.6482267 2.919399 0.16235687 8
-9.665947 -2.1808209 0.24343012 10
-9.6915293 -0.19593005 0.23531187 13
-9.6046038 -0.024188668 0.24752231 9
-9.6341438 1.4926298 0.25325176 10
-9.6774712 2.6543639 0.2248739 9
-9.6622486 3.3426538 0.24943474 9
-9.6246939 3.4353278 0.26457658 9
-9.6865396 3.7195702 0.27517483 9
-9.64361 3.9999654 0.24421149 8
-9.6539888 4.0516248 0.26906705 8.5
-9.659153 4.7240129 0.27823421 8
-9.6554813 4.8244882 0.23462152 8
-9.6438999 5.1156907 0.27752939 8
-9.6546955 -0.067730576 0.33955061 11
-9.6704569 1.2894052 0.36113688 11
-9.6347303 1.6919532 0.37595782 11
-9.66401 1.8336707 0.34460258 11.5
-9.6647148 2.6129787 0.36038896 14.5
-9.6461678 2.8185468 0.34684291 9.5
-9.699028 2.926908 0.34221044 10
-9.6494532 3.1482167 0.38714743 10.5
-9.6896811 3.4999337 0.37011898 10
-9.6450796 4.019866 0.34019813 9
-9.6474848 4.2692041 0.37495446 9
-9.659482 4.4630919 0.37033799 9.375
-9.653635 4.5635209 0.35032117 8.5
-9.6503954 4.6638598 0.34642267 8
-9.6006784 4.7782326 0.33681202 8
-9.6652222 4.8333035 0.33658251 11.111111
-9.634409 5.4272366 0.33020738 9
-9.6885824 6.1871319 0.3695699 8
-9.6298256 -3.5533791 0.42939824 11
-9.6240149 -2.0874784 0.45954907 12
-9.6914053 1.6670707 0.44491684 12.5
-9.6625738 2.5627308 0.43621457 11.083333
-9.690649 2.6295731 0.47699311 13
-9.6931391 2.7064071 0.43652448 13.5
-9.6459694 2.8629806 0.44219932 12
-9.6661234 3.1536384 0.44768965 11.25
-9.6284876 3.2829669 0.46266887 11
-9.6270447 3.3031292 0.49103951 10
-9.6385393 3.4618361 0.48635241 10
-9.6728506 3.5621302 0.44603902 11.25
-9.697999 3.6592619 0.40944433 10
-9.6525974 3.7490454 0.4479115 10.5
-9.6178455 3.8292274 0.46378335 10
-9.6308708 3.9912884 0.47693861 12.5
-9.6745615 4.0488887 0.48298275 12
-9.6546888 4.164763 0.42061266 14
-9.6373634 4.2125292 0.47915965 11.5
-9.6503334 4.3408599 0.44609979 11.6
-9.613759 4.5109954 0.43005434 10
-9.635725 4.637516 0.48203045 11
-9.6947851 4.7135577 0.45136443 9
-9.6167727 4.8898835 0.49617743 11.5
-9.6279554 4.9381347 0.46200335 12.25
-9.6469889 5.0565414 0.45071048 10
-9.642705 5.1504774 0.47722557 9.5
-9.6870852 5.2397881 0.47014853 12
-9.6514874 5.5598168 0.41606924 10
-9.6166372 5.6688523 0.48118839 11
-9.6694489 5.8030148 0.44160995 9
-9.6356306 5.9379249 0.46058139 9.5
-9.6592884 6.0779243 0.48952678 8
-9.6526289 6.1713972 0.45062733 9
-9.655674 -3.5710046 0.54723769 14
-9.6200895 0.34728462 0.58226305 12
-9.6824026 1.5181671 0.55743384 13
-9.6313391 1.6139514 0.51646119 12
-9.666502 1.7777851 0.55799121 14.5
-9.6957006 1.852461 0.50811905 13
-9.6611547 2.5703037 0.53858393 14
-9.620142 2.6344683 0.51714081 14
-9.627676 2.8346813 0.53215623 11.666667
-9.6308584 3.0888634 0.57296288 12
-9.6214161 3.1262186 0.58027941 13.5
-9.6279011 3.3652213 0.58125108 13
-9.6364908 3.4703567 0.55408281 11
-9.6976118 3.586458 0.52548641 12
-9.694746 3.6854534 0.59194791 12
-9.6208048 3.7692292 0.53877842 9
-9.645812 3.9476409 0.53611803 10.333333
-9.6519403 4.1730895 0.5207507 12
-9.6367149 4.2544408 0.54401219 12
-9.638032 4.3491387 0.52775389 11.25
-9.6630182 4.4644756 0.54870123 10.333333
-9.6589203 4.5811396 0.55597317 12.375
-9.6572332 4.6475625 0.52936167 10.5
-9.678854 4.7092409 0.56713879 11
-9.6516542 4.8117442 0.52723658 13.5
-9.6465549 4.9472775 0.54905742 12
-9.673069 5.0770402 0.52319503 11.5
-9.6485195 5.2418256 0.54062378 10.833333
-9.6394997 5.3435507 0.56013995 12.833333
-9.6803751 5.6231122 0.5023303 10
-9.6811285 5.8874674 0.54401368 11.5
-9.6093206 5.9911628 0.50730866 14
-9.6468945 6.0665445 0.55799621 12.166667
-9.6242275 6.1735468 0.5447039 10.666667
-9.6009359 6.2002993 0.55188286 9
-9.6599588 -3.59197 0.66417718 13
-9.6610432 1.3930221 0.69383639 14
-9.6396856 1.5082319 0.60386109 13
-9.684104 1.6253964 0.63546991 11.5
-9.6367435 2.5409403 0.68133909 12
-9.6798344 2.716908 0.6632278 10.5
-9.6567116 2.9442687 0.64550894 12.8
-9.6789808 3.0142722 0.62693447 11.25
-9.6586332 3.2238824 0.67693985 11
-9.6222706 3.4801707 0.66415089 11
-9.674264 3.5689075 0.61924469 13
-9.6565046 3.6667044 0.63382405 11
-9.6272974 3.7578754 0.64135891 12
-9.6616955 3.8385158 0.65663022 13.75
-9.6424208 4.046978 0.6345641 11.2
-9.6881924 4.1523356 0.64650518 13
-9.6224346 4.2664194 0.63771659 11
-9.6590214 4.3408599 0.63178325 12.25
-9.6549397 4.4091816 0.63999444 11
-9.6375074 4.5653353 0.66855645 12.25
-9.64993 4.6298885 0.65776819 12.375
-9.6277514 4.8427272 0.66520548 12.5
-9.6090536 4.984241 0.62072629 12.5
-9.6594181 5.0413976 0.69635361 14
-9.6296597 5.1669512 0.69860643 13
-9.6647577 5.2542305 0.68400383 11.25
-9.6654634 5.4873362 0.69283664 13
-9.6487389 5.5424604 0.66589051 12
-9.6021338 5.8857608 0.68714595 13
-9.6420689 6.1790233 0.63354045 12.666667
-9.6127691 6.2053404 0.65118212 11.5
-9.6591368 -3.6027679 0.74735278 14
-9.6864557 2.6773946 0.71094292 13
-9.6896143 2.7718349 0.76329249 14
-9.6542091 2.858093 0.76313007 14.333333
-9.6875753 2.9878128 0.79011875 12
-9.6458673 3.0492671 0.73404938 12
-9.6444159 3.1378288 0.73632783 12.5
-9.6856499 3.2833519 0.75660264 15
-9.6582918 3.3853528 0.73203933 13.333333
-9.6939821 3.6296616 0.7371853 13.5
-9.6345158 3.7186699 0.72167522 13
-9.6401815 4.0672255 0.72616541 13.5
-9.6369047 4.287683 0.77286947 14.5
-9.6753426 4.3732276 0.75258613 13.25
-9.6490593 4.4143143 0.79296488 14
-9.6660852 4.6111922 0.76152098 13.166667
-9.622324 4.7733898 0.76026475 15
-9.65306 4.8528328 0.70802253 12.5
-9.6274958 4.9937048 0.71819872 14.5
-9.6816549 5.9305792 0.75609434 12
-9.6709185 6.0889893 0.75392824 12
-9.6533737 6.1481009 0.76202846 13.666667
-9.6090956 6.2467947 0.74571484 9
-9.6663265 1.641193 0.88505417 15
-9.6875505 2.7262473 0.87702256 14
-9.6638193 2.90781 0.85160363 14
-9.6571035 3.3624904 0.82721055 14.5
-9.6661301 3.4296963 0.80020028 14
-9.6629 3.5967567 0.82035947 15
-9.6553087 4.0426311 0.82780248 13.5
-9.6931515 4.2136488 0.81056231 15
-9.6942062 4.3768086 0.89991063 15
-9.6822233 4.4278779 0.83547437 14
-9.6571836 4.9522982 0.83446836 12.25
-9.6613836 5.0545974 0.82010692 15
-9.6982841 5.1186447 0.88851804 13
-9.617321 5.6506004 0.83409399 15
-9.6366549 5.7192922 0.88704503 14
-9.67202 5.8297157 0.83096486 14
-9.6776476 5.9874897 0.83626664 12.5
-9.6304522 6.0293212 0.89777464 10
-9.6495924 6.1561198 0.88110602 15
-9.6286478 6.2760863 0.85047054 13
-9.6543016 1.4426589 0.99019128 14
-9.6842642 3.2219822 0.95242417 15
-9.691783 3.601263 0.95697153 15
-9.6881876 3.8804824 0.96810162 13
-9.6717329 4.4845691 0.93513465 15
-9.6935492 5.0318451 0.92627168 14
-9.6862526 5.138236 0.97870004 13
-9.6312647 5.2719865 0.95305812 15
-9.6937122 5.3014994 0.90443975 14
-9.6852379 5.4740434 0.92438072 12
-9.6781969 5.5759101 0.95631409 14
-9.6814966 5.7188907 0.90134162 15
-9.6883278 5.8221354 0.91558462 15
-9.6461725 6.0501623 0.92174155 13.5
-9.640254 6.4411969 0.97331184 14
-9.6917229 2.6289437 1.0788378 14
-9.6925764 3.3569343 1.0963575 15
-9.6742392 5.2507553 1.0207022 15
-9.6838646 5.7629514 1.0823431 15
-9.6179695 6.0433445 1.0267407 11.5
-9.6632328 -3.6284308 1.1854126 15
-9.6643772 2.5514734 1.1855726 15
-9.652132 2.9001493 1.1018544 15
-9.6866283 3.4683104 1.1900405 15
-9.6996174 4.9624143 1.1289688 15
-9.6325922 5.2064028 1.1565737 14
-9.6917534 5.3503366 1.1195256 14
-9.6235027 5.5642996 1.1711822 14
-9.6349411 5.8176913 1.1687096 12
-9.6758432 5.9350967 1.1273247 13
-9.6142616 6.0193458 1.1926382 13
-9.6473713 6.1064267 1.2736281 14.5
-9.6983862 5.8693438 1.356002 15
-9.6930084 6.2385139 1.3579609 12
-9.6978445 5.7105789 1.495878 15
-9.6839027 5.8727212 1.4464551 13.5
-9.622015 5.9109492 1.5061651 15
-9.685339 -3.8387306 1.6440063 13
-9.6621304 6.2658858 1.7192379 13
-9.6855268 -3.2228189 1.8167913 14
-9.6010542 -3.6742461 2.127486 15
-9.625082 1.6651453 2.2811487 15
-9.6267128 0.42133069 2.5605674 12
-9.5278206 -3.5857577 -0.10497451 7
-9.5128422 -3.5349255 0.040957656 10
-9.551136 -1.692732 0.14375129 10
-9.5955915 2.3666747 0.11511632 8
-9.5799379 3.3359604 0.19091982 7
-9.5586147 -3.5591848 0.23610139 10.5
-9.5822792 -0.026716717 0.2634761 11
-9.519968 3.6458416 0.25690371 8
-9.531909 -3.5918624 0.37820908 12
-9.588521 -2.1724372 0.3653104 11
-9.5034494 -0.0044402904 0.37233663 11
-9.5902519 3.6144805 0.37215447 8
-9.5306587 4.4593 0.32660741 9
-9.5628319 5.3083644 0.35220128 9
-9.5908842 6.1516695 0.37670243 15
-9.5508518 0.021829985 0.46658546 14
-9.5970583 0.27897874 0.4783186 12
-9.5599108 2.6329041 0.40103027 12
-9.558135 3.8195479 0.46607286 10
-9.5583162 4.0823359 0.4196656 10
-9.5872335 4.4122968 0.4993923 11
-9.5347538 5.4529252 0.46968141 15
-9.5570745 6.1800179 0.48393291 13
-9.5669641 6.2112112 0.46205693 12.5
-9.5517597 -3.6047823 0.54408634 13
-9.5003109 0.10793354 0.55217183 13
-9.5108967 0.22369239 0.51839489 12
-9.5893164 0.30149055 0.53864014 11
-9.5760489 3.5388529 0.50272036 10.5
-9.5792704 6.1663418 0.55793989 12.375
-9.5378065 6.3202381 0.56527662 12
-9.5578184 0.35154137 0.61196339 13
-9.5666428 2.9180915 0.60954165 15
-9.5895376 3.1978731 0.65402514 12
-9.5588007 4.1310611 0.6228767 11
-9.5760422 6.1638703 0.6194424 12.9
-9.5773125 3.725028 0.70883524 12
-9.5890598 4.3918672 0.7666871 11
-9.5597334 4.8378329 0.71522129 10
-9.5853901 4.954854 0.74089259 11
-9.5393953 6.1768799 0.7584157 13.25
-9.5131578 -3.5973489 0.80393702 15
-9.5093536 2.1986697 0.91815275 14
-9.5930214 6.2769976 1.5570642 13
-9.5377121 -3.8924882 1.8561925 15
-9.5944281 5.6621399 1.9665012 15
-9.5063887 6.2867603 2.0126181 15
-9.4646854 -3.5677447 -0.22329412 7
-9.408987 -0.5775941 -0.21328063 6
-9.4023609 2.2563102 0.040746737 6
-9.474617 -3.5486946 0.26568696 12
-9.4625816 -1.9472901 0.29425582 10
-9.4833059 -0.33385271 0.21886449 12
-9.4415264 0.039805386 0.24939294 12.333333
-9.4262934 -0.92731804 0.39758331 13
-9.4497433 -0.0049256934 0.38542593 11.5
-9.4947367 0.051543903 0.32268396 9
-9.4753046 2.703984 0.31214905 9
-9.4275637 -0.15509185 0.48132131 12
-9.4302111 -0.036652718 0.42322487 10
-9.4423456 0.046585832 0.42962864 12.75
-9.4958296 0.18505175 0.47909254 12
-9.4074469 2.2657588 0.4660255 13
-9.4760599 -3.5932992 0.56527734 12
-9.4184256 0.032856412 0.59043497 13.5
-9.4439878 0.17083742 0.55144215 12
-9.4854908 5.408144 0.56384349 15
-9.4386606 0.090796195 0.69007623 14
-9.4980602 6.2155638 0.60918915 14
-9.4544954 6.1798277 0.73754585 13.5
-9.4083176 2.2421925 0.93473494 14.5
-9.4727917 -3.6598182 1.4926953 13
-9.4636259 -3.6688054 1.9195616 15
-9.4914961 6.3696442 2.0850954 15
-9.4369831 0.75027728 2.5543075 13
-9.3214808 -3.5828502 -0.012908212 8
-9.3964767 -1.6994284 0.14151026 9
-9.3500633 -0.069360979 0.17290631 9
-9.3606033 -1.9386784 0.23444054 9.5
-9.3233852 -0.033251263 0.28727907 11.5
-9.3743935 0.076260969 0.25735244 10
-9.3801403 0.049029581 0.32155898 10.333333
-9.3804502 -3.5828054 0.42833689 11
-9.3733072 -0.073228709 0.45368469 10
-9.361187 0.042423517 0.47222346 11
-9.349781 -3.5986886 0.59990495 12
-9.3280411 -0.12075042 0.54426223 11
-9.3664093 -0.042542659 0.56813949 12
-9.3482599 2.2390218 0.54213405 12.5
-9.3205299 -3.6217737 0.69242626 12
-9.3206625 2.2039378 0.61356002 11
-9.3004942 -0.035353661 0.71811491 13
-9.382431 0.078783825 0.77286911 15
-9.3290319 -0.060365591 0.96399003 14
-9.3011837 6.4775653 0.9038825 13
-9.3815212 -3.7388582 1.4659592 13
-9.3132648 -3.5798807 1.6374315 13
-9.3731661 2.5471318 2.3005371 14
-9.3328695 0.39318857 2.5761116 13
-9.2378483 -0.14787126 0.17599396 10
-9.2834635 2.1589966 0.14671297 8
-9.2925482 2.3210483 0.10965831 8
-9.2566614 -1.9568968 0.2834084 10
-9.2597237 -1.8565543 0.21428327 10
-9.2364397 -0.1673273 0.25886622 9
-9.2632151 2.1460662 0.22682035 11
-9.2354717 4.7748852 0.24088515 6
-9.2670527 -3.5439849 0.30321178 11
-9.2541971 -0.16361293 0.38518962 13
-9.2471104 -0.072517708 0.3465988 9.5
-9.2653513 2.1947489 0.3430486 13.5
-9.2173128 2.226521 0.37748268 11
-9.2831955 6.1763129 0.39255521 10
-9.2175875 -0.18400423 0.45961413 12.625
-9.2285662 2.2322962 0.45176834 9.5
-9.2983484 -3.6035802 0.5645963 13
-9.2297535 -0.18948893 0.5019688 12
-9.235795 -0.05781693 0.57876593 13.333333
-9.2732134 6.3183713 0.55074155 14
-9.2121096 -0.24076068 0.62959331 13
-9.2672215 -0.07588128 0.68941325 14
-9.2651529 0.045890134 0.66056758 13
-9.2574034 2.1443861 0.64092088 11
-9.2220507 6.1878901 0.68569678 12.5
-9.2604179 -0.037250299 0.70477337 14
-9.2700834 2.1499023 0.71376503 12.5
-9.2424049 6.1808987 0.75657529 14
-9.2826319 6.4908686 0.80028337 11
-9.2225361 0.21119975 2.588943 13
-9.2529945 0.073736548 2.9651463 15
-9.2385769 0.50123602 2.9730535 14
-9.2405434 0.32926276 3.0661271 14
-9.198081 -2.1503968 0.10269127 8
-9.1239014 2.2584379 0.14501655 8
-9.1413326 2.348994 0.15991998 8.5
-9.1600132 -0.12967929 0.29593286 10
-9.1620073 -0.066349752 0.26236528 13
-9.1984568 6.3741722 0.29030344 9
-9.1763821 -0.30726978 0.3924945 11
-9.1298485 -0.23225442 0.35451129 12.5
-9.1806641 -0.17370047 0.36337754 12
-9.1123066 2.2398849 0.37475166 14
-9.1562691 2.3210757 0.38950756 14.5
-9.1852579 -0.19714025 0.43053091 11.5
-9.1721973 -0.24297798 0.54366416 14
-9.148777 -0.19566309 0.5385046 15
-9.1260042 6.1897321 0.58046389 10
-9.1211052 -3.6532743 0.65746814 14
-9.1505842 -0.22663909 0.67916876 12.75
-9.1039076 2.1833298 0.75437677 12
-9.1551962 6.1560631 0.75300443 14.5
-9.1759119 -0.098154083 0.88955784 13
-9.19806 2.2016993 0.86390579 14
-9.1344833 6.2234602 2.0297954 15
-9.174408 -0.092556164 2.4794083 13
-9.1875448 6.3130555 2.431083 15
-9.1341619 -0.87340516 2.5588017 14
-9.1831245 0.19059475 2.5669572 13
-9.189846 -2.6163673 2.6963017 15
-9.1227331 -0.62108791 2.6233728 13
-9.1376867 -0.49259484 2.6124694 12
-9.1642504 -0.36355045 2.6753762 13
-9.1323977 -0.056712672 2.6614482 13.5
-9.1225557 0.087751836 2.6715453 15
-9.1383152 0.27878502 2.6454346 14
-9.12712 0.74638021 2.6732345 14
-9.1869287 -1.0046864 2.8394313 15
-9.1067581 -0.81644189 2.9731531 13
-9.1375103 -0.7515229 2.9626398 14
-9.1080132 -0.39577195 2.9032958 13
-9.1156645 -0.7956 3.0052779 15
-9.102726 0.069752902 3.2122951 14
-9.069561 2.2385442 0.18217447 8
-9.0956116 -0.26964319 0.26176915 10.5
-9.0839624 -3.5951347 0.31370476 11
-9.0240355 2.2009225 0.32567063 13
-9.0963326 2.3744965 0.32203192 12
-9.0104542 6.3631463 0.32848409 10
-9.0929441 -0.2607598 0.47477797 13.5
-9.0421619 2.2298093 0.4388347 10.5
-9.0861835 6.174994 0.48168051 11
-9.0565023 -3.5574973 0.59463882 12
-9.0530825 -0.2582199 0.57755327 12
-9.0497627 2.211786 0.63866931 14.5
-9.0940542 6.1610279 0.69042677 14
-9.0088625 -3.5529208 0.79857743 15
-9.0781851 2.1863875 0.99367541 15
-9.0649204 -3.6141276 1.169422 15
-9.0528069 6.217648 1.7368424 14
-9.0296946 -3.7681019 1.8560283 15
-9.0840263 -0.46168104 2.772505 15
-8.9414415 -1.8667486 0.37494472 11
-8.9363594 2.3076024 0.35451356 13
-8.9362345 6.1127505 0.32422361 7
-8.9191523 -1.8783772 0.47359845 11
-8.9324799 2.2482462 0.48659575 13
-8.948905 -1.1416252 0.51353991 11
-8.971118 2.21435 0.55664676 10
-8.9287243 6.1751165 0.58562052 13
-8.9688387 6.3138318 0.52072603 12
-8.9734659 2.1822164 0.66792667 12
-8.9379406 6.1551371 0.64132458 14
-8.9419699 2.2120247 0.70450544 13
-8.9711285 6.1286898 0.80970985 14
-8.9607334 6.3040571 1.2525785 14
-8.9082232 -3.7935092 1.4438473 14
-8.9233932 -3.2842162 1.5490074 14
-8.9249821 0.15643269 3.1013448 13
-8.8524446 2.2720389 0.077645071 6
-8.8806868 -1.8502394 0.29435909 11
-8.8424006 2.2109675 0.29849216 12
-8.8052912 2.2303696 0.42948216 12.5
-8.8513937 4.1150746 0.49414161 10
-8.8242569 6.3479314 0.47379801 15
-8.8265877 -3.5969801 0.52223682 12
-8.8820057 -0.62562698 0.59261072 13
-8.8161669 4.0653844 0.55517536 13
-8.8483553 6.1786165 0.59188712 13
-8.8874378 6.3360925 0.51806766 10
-8.8755169 -3.6345997 0.61344171 10
-8.8727617 2.2016404 0.61711293 14
-8.8256311 4.0414543 0.63215226 15
-8.8184843 6.1730151 0.64437419 10
-8.821229 -3.607867 0.7751137 14
-8.8084955 6.2777152 1.0646336 15
-8.8318701 6.3479052 1.2781571 15
-8.8419771 6.3175764 1.3318012 15
-8.8853245 6.4717817 1.3879406 13
-8.8023167 6.5435443 1.5856811 15
-8.7787848 -3.6199293 0.053602297 10
-8.738637 -3.5895314 0.0071147759 8
-8.7437983 2.2894099 0.16973403 8.5
-8.7240925 -3.5212092 0.29215023 11
-8.7457724 -1.2171196 0.27430269 10.5
-8.7256842 4.2087016 0.29978755 12
-8.716609 4.6247797 0.29699221 15
-8.7959204 -1.3898787 0.38573325 11
-8.7817373 2.2241225 0.32230964 13
-8.7979994 6.3431358 0.38225234 10
-8.7824144 -1.3219571 0.43358889 11
-8.7067099 -0.60735852 0.49368325 12
-8.7860394 2.5453653 0.43362698 14
-8.7754421 4.0232863 0.49619964 14
-8.7989511 6.1977973 0.45621198 10
-8.7439861 2.2111309 0.54137087 11
-8.7493277 4.0540056 0.53629446 13.5
-8.7414837 4.1229696 0.5936377 14
-8.719841 6.0927382 0.57032502 11
-8.7227983 6.1785364 0.53916484 13
-8.7608976 3.9713833 0.61291713 14
-8.7885838 4.1567421 0.63551652 12
-8.7720079 4.4225397 0.62086654 15
-8.789341 6.144794 0.6189459 15
-8.7703266 6.3745923 0.65304369 14.5
-8.7939396 4.1673136 0.78849995 12
-8.7659597 4.3189626 0.7462554 11
-8.7021685 6.4258375 0.78288341 13
-8.7992411 -3.619652 0.9754203 15
-8.6105671 -3.556422 0.053727075 10
-8.6419573 2.1883554 0.27868491 13.5
-8.698637 4.1850343 0.33335203 13
-8.6057034 4.2626376 0.41931808 15
-8.6885614 -3.5547104 0.50365567 12
-8.6386642 2.2044628 0.59559947 13.5
-8.6007605 4.0052962 0.54439372 15
-8.6794395 4.1387968 0.56673712 10
-8.6991568 6.080966 0.57365966 10
-8.6959581 6.302969 0.58073288 14
-8.6798344 2.2087576 0.62207341 12
-8.667511 4.029295 0.6415264 15
-8.6567726 4.5506897 0.61652452 14.666667
-8.6781158 6.171102 0.63457441 12.666667
-8.6066532 6.2965131 0.66491294 14
-8.6585484 2.1978025 0.7339344 13
-8.6745892 6.1219554 0.71881425 15
-8.6668682 6.4340787 0.95493108 13
-8.6082764 6.2864332 2.0299959 14
-8.5263329 3.9148049 0.15474847 6
-8.5704708 4.0878043 0.18930119 9
-8.5399628 -3.5864837 0.2018659 10
-8.5460272 4.061142 0.38296205 14
-8.5208836 4.1754804 0.35413122 13
-8.540556 -0.64677674 0.47719458 14
-8.5449028 2.1494145 0.44069681 10
-8.5424585 4.4908662 0.49054787 11
-8.5942459 6.0907116 0.46965075 11
-8.5566454 6.1797204 0.48238969 9.5
-8.5596724 6.3116169 0.48360676 12.5
-8.5044031 4.0033236 0.56556392 12
-8.5020313 6.0933423 0.57451475 12
-8.5529299 6.1757822 0.58295667 14.5
-8.5253687 -3.6737044 0.60889798 8
-8.5858097 2.1404572 0.64094752 12
-8.550395 3.7509203 0.65748417 12
-8.567565 6.4384227 0.89751995 14
-8.5326109 6.4510298 1.2633868 15
-8.5959873 6.3040676 1.7213117 14
-8.4244709 -3.5509939 -0.25483942 7
-8.4807844 4.1270723 0.19494496 9
-8.4891663 4.275907 0.28649098 11
-8.445075 4.0708752 0.39057258 12
-8.4770927 6.3267932 0.30758542 8.5
-8.4839039 2.2370577 0.4059695 11
-8.4335232 2.4666526 0.43128666 15
-8.492281 6.1844053 0.48682573 13.5
-8.4339886 6.3391204 0.47100914 10.333333
-8.4171228 3.9731004 0.57295793 11
-8.4976339 6.2935719 0.56631923 12
-8.4612885 2.1997528 0.60380173 11
-8.4487286 2.2204516 0.62285322 14
-8.4429102 3.7652984 0.63216519 12
-8.4606485 3.9567857 0.65324503 15
-8.4347696 4.3467841 0.62549734 11
-8.4463177 6.180892 0.69468832 11.5
-8.4394026 6.3852887 0.63116068 15
-8.498498 3.8042479 0.70418662 15
-8.4611225 6.4698868 0.88767385 13
-8.4706821 -3.5981836 1.5995189 14
-8.3754835 -3.5774744 -0.22346565 6
-8.3959904 4.4915051 0.13202579 6
-8.3664837 4.0861955 0.34345764 10
-8.3191872 6.3306918 0.3487443 9.5
-8.3749113 3.957026 0.4827514 13.5
-8.3313532 4.7006555 0.46994275 12
-8.3553467 2.2709868 0.55859971 15
-8.3680105 3.933984 0.54399377 13
-8.3476028 4.9860773 0.56599182 14.5
-8.3663063 5.002533 0.59685647 13
-8.3003101 6.1672864 0.51072603 11
-8.3485403 2.1755009 0.607728 11
-8.3225641 2.2047276 0.63567376 12
-8.3825598 3.9552555 0.65174907 15
-8.3169661 4.5113392 0.65153539 12
-8.3350973 4.6415634 0.608289 14.5
-8.3349705 4.7018814 0.65446532 15
-8.3337879 6.0986395 0.60311985 13
-8.3561668 6.1298594 0.60108453 14
-8.3737631 6.2106905 0.6099568 9
-8.37222 -3.6618927 0.75501955 14
-8.3899136 3.7538095 0.73719853 12.5
-8.3260126 4.973896 0.70671272 14
-8.3252497 6.1363707 0.71711314 11
-8.3439312 2.2231691 0.8006497 13
-8.3384008 2.1887717 0.95927966 14.5
-8.3560362 6.3111353 2.2570522 15
-8.256485 -3.6732321 -0.024191754 6
-8.232316 2.0420759 0.17389129 9
-8.2329102 3.3882458 0.29841283 10
-8.2949524 2.4758596 0.38782129 14
-8.2122059 3.5817752 0.37976408 13.5
-8.2605801 4.6153769 0.31664565 11
-8.2193165 4.9192615 0.3179442 10
-8.2060289 3.5704019 0.47498226 13
-8.2564831 4.7015891 0.49401093 14
-8.2396126 4.8217549 0.42247972 15
-8.2888098 6.345984 0.40037227 9
-8.2114935 2.1745164 0.58642358 11
-8.2674255 3.6218159 0.5533374 14
-8.20504 3.7173269 0.57502592 10
-8.2522697 3.8368924 0.59480572 11
-8.2405891 4.9270153 0.58397621 15
-8.2071829 5.0066805 0.59777319 13
-8.2271461 6.1699777 0.51718736 12
-8.2072144 6.2500577 0.58475387 13
-8.2107401 2.2044008 0.62720311 13.75
-8.2240362 3.5902092 0.61885697 12
-8.2616434 3.750983 0.67453355 12
-8.296258 4.9422994 0.66443628 12
-8.2592907 5.0025187 0.61568218 13
-8.2613382 6.098278 0.6778186 15
-8.2289534 6.3136582 0.67948449 15
-8.2028294 6.4463992 0.61556756 15
-8.2301731 3.7553735 0.73037815 11
-8.2425613 6.1579609 0.72189993 12.5
-8.2944803 6.4143891 1.3278394 14
-8.2024679 6.3475256 1.8676485 15
-8.206666 -3.674474 2.3448031 13
-8.190856 -3.6189005 -0.30079225 6
-8.1444359 -3.5718193 -0.0089189839 7
-8.1415033 3.538311 0.14921701 7
-8.1853027 2.0244579 0.28913644 15
-8.1609592 6.3629889 0.29646245 8
-8.1984529 3.3605757 0.38068151 9
-8.1862717 3.594589 0.37637198 10.5
-8.1499233 3.676337 0.35504687 11
-8.1462431 6.3554168 0.36751989 11
-8.159852 3.6588418 0.46407491 10.5
-8.1108503 6.2765594 0.45738283 14
-8.1802979 2.1899679 0.52620441 12
-8.156621 3.5740554 0.53678125 11.5
-8.1628532 3.6167367 0.5460335 11.5
-8.1408787 3.7107828 0.54530561 12
-8.1908607 4.9870195 0.54309797 15
-8.1493454 5.0224957 0.55990195 13
-8.1993418 6.3172312 0.50402665 15
-8.1343508 2.171463 0.64748913 11.5
-8.1438942 3.6309161 0.6439299 12.25
-8.1221476 4.6140614 0.6651879 15
-8.1656981 2.1827161 0.72985917 13
-8.188611 2.1606324 0.96908784 15
-8.1319599 6.50174 0.95126921 10
-8.1232815 -3.6330156 1.357234 15
-8.1925964 6.3918128 1.8360137 15
-8.0243702 -1.596028 0.22736567 10
-8.0965347 4.5159559 0.21912564 8
-8.0524359 3.5306318 0.35735381 10
-8.0541143 3.7667384 0.37237155 12
-8.0542297 6.2971058 0.34742016 9
-8.0704937 6.3634801 0.37599868 13
-8.0351038 6.3586922 0.4851892 14
-8.0316114 0.29265577 0.57544452 14
-8.0433025 3.6556909 0.59494758 12
-8.0591707 4.9922667 0.53807515 15
-8.0442991 6.179286 0.52501267 10
-8.071147 6.2909732 0.57233179 14.5
-8.0031195 -1.7509139 0.60285825 12
-8.0805979 2.1631875 0.64721972 13
-8.0931702 2.2122824 0.64704007 14
-8.0329838 3.6261451 0.69523013 13
-8.0793657 5.0110903 0.62481982 14.25
-8.0614891 -1.9173079 0.73630923 14
-8.0371161 -0.30669984 0.82714224 12
-8.0621204 -0.28465378 0.81283134 14
-8.0421629 2.1865511 0.83586454 13.5
-8.0024071 2.2166641 0.89232635 14
-8.0493679 2.1697986 1.041229 15
-8.0090351 -3.7871408 1.3306667 14
-7.9595594 -3.6011724 -0.12446141 7
-7.9700575 -3.6212752 -0.0089077381 7
-7.9245644 -3.6643107 0.17841893 6
-7.9812641 -3.5595419 0.16234136 10
-7.9274001 4.8274026 0.13864264 6
-7.97715 -1.6381861 0.2920267 10
-7.9835582 3.5917788 0.26228637 10
-7.9392843 3.6921506 0.29724213 10
-7.9991336 6.3453212 0.26664659 9
-7.9108663 -1.671998 0.36083245 10
-7.946322 -0.43965796 0.34603965 12.25
-7.9368243 2.2589312 0.39025611 15
-7.9128118 3.6377912 0.35346073 8
-7.9843931 3.5899587 0.41271546 14.5
-7.9305558 6.342205 0.49005535 15
-7.9437408 -1.7941214 0.55817074 13
-7.9885731 2.2321441 0.57597983 15
-7.9410977 3.6562836 0.57927877 12.5
-7.9988055 5.0167289 0.57117492 14
-7.9544268 6.0997539 0.58610183 14.5
-7.9507718 6.3460007 0.51765013 15
-7.989645 -1.7846301 0.66445577 13
-7.994143 0.27322876 0.63244718 12
-7.9950724 3.5653629 0.61661351 13.5
-7.9454718 3.6334269 0.63737446 12
-7.9629583 4.594552 0.69162542 15
-7.9077811 5.013813 0.69920719 13
-7.994287 6.1644268 0.69205821 11.5
-7.9280558 2.2107053 0.72413772 14
-7.9750013 3.6396718 0.70958573 11
-7.9549747 5.0265555 0.70676434 14
-7.9916058 6.051229 0.71630377 15
-7.9122601 6.1953082 0.82042646 12
-7.9930916 -0.19965477 0.93589687 13
-7.9362016 6.1709075 1.1773477 14.5
-7.9500775 -3.7328329 1.5770376 10
-7.9599195 -3.6717613 1.7073282 15
-7.9745202 -3.6916976 2.545084 14
-7.8598385 3.7373366 0.061648268 5
-7.8785634 -3.5612843 0.13455018 9
-7.8477893 2.2114651 0.10251436 7
-7.8176441 -3.5765893 0.23498054 9
-7.8714528 -3.596246 0.38393834 11
-7.8260365 0.45346493 0.30760637 11
-7.8112221 3.8334846 0.3557485 11
-7.8610511 6.3485808 0.38079777 12.5
-7.8011966 0.55610263 0.44922599 12
-7.8505273 3.6226237 0.47602797 11
-7.8620605 2.1529207 0.55488431 12
-7.8436575 2.2557452 0.55363053 15
-7.8754463 3.6616933 0.57526666 11
-7.809732 3.9217455 0.53733629 14.5
-7.8820324 3.6627617 0.61120808 12
-7.8259158 3.7362561 0.63088244 10
-7.8480401 3.9369929 0.66978419 15
-7.8388443 4.9844847 0.6208294 15
-7.8843355 -0.21546637 0.72694212 13
-7.8548398 6.4567695 0.99751639 14
-7.853694 -3.6176155 1.0324482 14
-7.8678379 -3.5322349 1.1958237 13
-7.8841844 6.3745618 1.1977757 15
-7.8875384 -3.8281844 1.5304443 13
-7.8970537 -3.7402925 1.6531571 11
-7.8002629 -3.392041 1.6193103 15
-7.8361573 -3.8154056 1.7063352 14
-7.8591223 -3.715837 2.0868766 12
-7.866478 -0.012133316 3.1777096 14
-7.7023897 -2.1913376 -0.0053917924 9
-7.7603064 2.3822429 0.18035413 8.5
-7.7334867 0.25833756 0.21932235 9.5
-7.7139921 0.31222436 0.23986088 8
-7.7364478 0.55407184 0.29501393 10
-7.709734 0.65331757 0.26129857 10
-7.7395988 0.55618936 0.34316972 10
-7.7410893 0.62191081 0.36418766 11
-7.7538238 6.3120852 0.39959496 11
-7.789968 -0.46527937 0.42802832 14.5
-7.7577906 0.55826563 0.45955816 10
-7.7775879 5.0746608 0.40412068 15
-7.7194138 6.1546097 0.44673049 11
-7.738637 6.336308 0.4995591 13
-7.7510538 0.22801378 0.55782449 11
-7.7967248 0.48684379 0.50733054 9
-7.7341776 0.54909319 0.54704183 12.833333
-7.7428155 3.7324734 0.5542931 12.4
-7.775352 3.9503508 0.53451908 12
-7.7770238 4.0138059 0.52455318 11
-7.7592602 4.5929322 0.57613575 15
-7.7183709 4.6824093 0.51220262 15
-7.7726564 4.8563333 0.56485599 13
-7.7410107 6.15166 0.5256027 11.333333
-7.7108531 6.3020563 0.59295321 15
-7.759933 0.44938201 0.67984742 11
-7.7774611 0.57196397 0.60543013 13.75
-7.7561626 3.638325 0.61376542 14
-7.7279472 3.7541122 0.6933912 13
-7.7451663 4.5813379 0.66531581 14.666667
-7.7465029 4.6221542 0.65106362 14.5
-7.7842684 4.7439909 0.61326295 13
-7.7644572 4.8995771 0.63767266 13
-7.7037311 4.9166255 0.64498603 15
-7.7018957 6.4715314 0.79543203 12
-7.7394252 6.3531218 0.84275824 15
-7.7550397 6.410666 0.94935668 13
-7.7778411 -3.6478338 1.0803419 12.5
-7.7090402 6.3746052 1.2885584 15
-7.7712178 -3.6756792 1.8582637 15
-7.7776613 -3.7364552 2.3545468 13
-7.6446977 0.58247721 0.18668501 9
-7.6446929 0.57474166 0.24491894 8
-7.66998 0.63474041 0.24611796 9.5
-7.6428385 6.3192906 0.28071621 8
-7.6554017 0.56833792 0.36738774 10.666667
-7.6926479 0.65453023 0.30638331 11
-7.6101546 2.0533915 0.30578172 14.5
-7.6602468 4.6835189 0.30536211 11
-7.6511927 4.8466344 0.3397716 10
-7.6352 -1.9450345 0.49048477 11
-7.6694446 0.58855176 0.45343304 13
-7.6859918 4.9321532 0.47581646 13.75
-7.6787801 6.1408515 0.40984681 13
-7.667429 0.55094415 0.56806993 12.25
-7.677577 0.60078627 0.57928288 14
-7.6626272 2.2262242 0.53183335 15
-7.6971393 3.727459 0.51842737 12
-7.6609874 4.0093822 0.5731951 15
-7.6263437 6.1611924 0.53703129 11.833333
-7.6858363 0.56417787 0.62505269 15
-7.6604733 3.7362797 0.63946027 13.125
-7.6971264 4.5956841 0.69210529 15
-7.6954198 4.8569942 0.63772696 15
-7.6366615 4.9363265 0.63919675 13.75
-7.6615739 6.1533208 0.61892688 12.333333
-7.6896877 0.78026128 0.73305345 15
-7.6108036 -0.37396336 0.88852739 14
-7.6881504 2.2274637 0.82333118 13
-7.690701 6.3623343 0.87927061 15
-7.6159654 -0.33453557 0.92966998 14
-7.6123605 1.538859 3.2288294 15
-7.5801988 0.42039052 0.1554306 7
-7.505528 3.7445831 0.1005554 5
-7.5792756 -2.5599985 0.27600327 10
-7.5612006 0.57655394 0.28005651 9
-7.5454168 0.66838419 0.25931689 10
-7.5512309 6.1232142 0.27591446 7
-7.5208163 0.69835186 0.34191361 12
-7.5426922 2.0121861 0.3228595 15
-7.5643554 6.3132262 0.36415204 10
-7.5806985 0.55343956 0.41026992 12.5
-7.5027595 3.6158829 0.44789067 12
-7.5336165 0.63574344 0.57640707 13
-7.58146 2.2163341 0.52965742 15
-7.5180717 3.6355014 0.52924287 12
-7.5101719 3.7857029 0.56828463 14
-7.5571995 6.2174435 0.58954626 9.5
-7.5162306 6.3137164 0.5466702 15
-7.5694304 0.59563726 0.65810192 11
-7.5770121 3.7393012 0.66106653 12.25
-7.5120878 3.8949161 0.64438301 15
-7.5764666 4.0037117 0.65976739 12
-7.52773 4.9107223 0.67502463 13
-7.5193057 0.55525714 0.75588298 13
-7.5925884 4.9403057 0.70131367 14
-7.5566535 6.0985427 0.76895058 15
-7.5693464 -3.7474375 2.1435795 15
-7.5621548 -3.7619777 2.2087052 14
-7.5398402 -2.203469 3.2224426 14
-7.4455824 0.16984275 -0.15269627 6
-7.4780521 0.1790581 0.020898364 8
-7.4132481 0.52668315 0.11287009 9.5
-7.4067903 2.3250387 0.14502779 7
-7.416038 0.60633409 0.24767613 8
-7.4840512 0.58125496 0.36501724 10
-7.4388089 0.64436704 0.32231832 14.5
-7.4127307 3.6903372 0.34834611 10
-7.4878154 0.53591245 0.48785862 10
-7.4687524 3.5261023 0.45417961 12
-7.4790611 3.6760292 0.44613829 10
-7.4075003 4.6880116 0.43675023 14
-7.4192348 4.9823318 0.41198897 15
-7.433743 0.57638758 0.51426798 13
-7.4924288 0.63752729 0.52998132 11
-7.4498057 3.642942 0.56724858 13.166667
-7.4640923 3.728816 0.56875527 10
-7.4633274 4.8661585 0.56316769 15
-7.4736223 4.9407053 0.54152316 12.75
-7.4537158 6.1253047 0.5501157 13
-7.4232569 3.5804851 0.62763202 13
-7.416472 3.64362 0.62587684 12
-7.4369569 3.7248869 0.66098052 12.333333
-7.456398 4.2651978 0.61661756 14.5
-7.4177961 4.3093805 0.63444942 13
-7.4440145 4.9343061 0.65221804 13.666667
-7.4351168 6.1002336 0.64809722 13
-7.4904623 0.71518999 0.76375246 15
-7.4774885 4.5940104 0.71737176 15
-7.415977 0.59711134 0.83305019 15
-7.4512138 -3.6378684 1.4426013 14
-7.4121184 -1.1698878 3.0746362 14
-7.4361916 -0.073361807 3.1048622 15
-7.3732362 0.62519252 0.27059352 10.5
-7.3029327 0.65235537 0.3191461 12
-7.320087 3.5805495 0.3134501 9
-7.3744678 3.6624508 0.36728871 11
-7.3474874 0.54706562 0.45661664 10.75
-7.3035951 2.6902392 0.47816494 15
-7.3337283 3.65939 0.48906562 9
-7.3606935 6.1367879 0.41346827 12
-7.3141174 6.2899394 0.47068322 14
-7.3123922 0.48325032 0.57575768 12
-7.3397245 0.56807524 0.5422039 12.444444
-7.3846569 0.61014009 0.53626001 11
-7.362649 3.654386 0.53749996 10.5
-7.3366776 4.1036463 0.59594542 14
-7.3556471 4.2850299 0.55401981 15
-7.341116 6.3468437 0.50429386 14.5
-7.3833337 3.720973 0.65517455 10
-7.3978529 3.9592357 0.65670788 14
-7.3977118 4.1258116 0.64003295 15
-7.3608155 4.2648602 0.65166122 14
-7.3775911 4.8245721 0.65378827 14
-7.3214636 6.1936598 0.64090776 13
-7.3294754 6.1144962 0.78254199 14
-7.2877569 3.8754268 0.047840513 6
-7.2359657 0.34034479 0.13649724 9
-7.2428145 0.35389856 0.25758475 11
-7.2164187 0.42456022 0.29164234 14.5
-7.2995882 0.64113373 0.26593375 11
-7.2416215 2.0118864 0.23272604 9
-7.2854424 2.3271823 0.20905195 9
-7.2179937 0.19396763 0.3051815 14
-7.264689 0.64458925 0.34610367 15
-7.2105322 1.9484578 0.35323989 15
-7.2724786 6.2719188 0.30433854 8
-7.22012 -0.5175091 0.45173997 13.5
-7.2258782 0.43937379 0.40894765 11
-7.2618713 0.50879323 0.45468855 10
-7.2598214 3.5368316 0.47961214 11.5
-7.2151389 3.7011821 0.46754795 15
-7.2223845 4.8874474 0.40831983 10
-7.2822995 6.1323695 0.45904142 13
-7.2040043 3.4055851 0.56231433 10
-7.2015958 3.5597031 0.52513587 11
-7.2837024 3.6098268 0.55065572 12
-7.2261086 4.6732183 0.53942126 14
-7.2555275 6.1382589 0.55301833 11.5
-7.2322397 3.5516129 0.62202537 12
-7.2420554 4.0182219 0.64888418 14
-7.2478566 4.1534462 0.63211393 13.5
-7.2262087 4.3112502 0.65150756 14
-7.2456007 4.4252753 0.68004465 15
-7.208899 4.5550985 0.66171736 14
-7.2804565 4.8537087 0.62793541 13.5
-7.2978868 4.9061246 0.60082704 13
-7.2650208 6.1475844 0.63251007 13.333333
-7.2732077 -1.7741045 0.72957504 13
-7.2884502 0.5977298 0.70201093 15
-7.243784 6.4313011 0.76416445 12
-7.2321429 -3.7501047 1.7158028 11
-7.2366538 -3.7328155 2.0767944 13
-7.1431003 0.33665323 -0.041352905 6
-7.1901436 2.228668 0.088605262 8
-7.138248 3.600332 0.16671291 8
-7.1586289 -0.46632108 0.20965344 10
-7.1254001 2.0077631 0.23680395 14
-7.1153264 -0.50554973 0.30608475 11
-7.1969914 0.23416586 0.32067284 13
-7.1831813 2.7637558 0.39487746 14
-7.1539407 3.0003521 0.39850032 14
-7.172173 0.32914871 0.43751913 12.5
-7.1517692 2.2283204 0.45532891 13
-7.1813159 3.5075557 0.45570195 10
-7.1370587 6.1317725 0.46155775 11
-7.1326809 6.3096642 0.47876176 15
-7.1531014 0.22408156 0.57019871 12
-7.1355467 3.5239177 0.52749866 11.5
-7.1291099 4.7799311 0.55198151 13.75
-7.1225643 4.8418021 0.58976126 12
-7.1084628 4.9075313 0.57972628 15
-7.1320338 6.1476398 0.52155924 10.75
-7.1239614 6.2118306 0.5290916 12
-7.1250787 2.218991 0.60544533 15
-7.1454229 3.5549109 0.64597976 12.333333
-7.1690745 3.9641705 0.67604142 15
-7.17556 4.1403646 0.65502024 15
-7.1838074 4.4894724 0.6396805 13
-7.1956315 4.6073432 0.65059435 14
-7.1129918 4.9118352 0.61527109 13
-7.1631861 6.1508346 0.66062891 14.75
-7.1944299 3.5418267 0.71867537 11
-7.130805 -3.6636407 1.2628045 13
-7.1479416 -3.7265186 1.9442712 12
-7.1368337 -3.6581933 1.9118258 14
-7.1462555 -3.7723622 2.5434251 15
-7.0720005 3.9439843 0.18873017 7
-7.0235958 2.3377011 0.26915792 10
-7.0270863 3.5662599 0.35343298 9.333333
-7.0654025 4.5395122 0.36827901 11
-7.0138392 6.2970905 0.35305315 9
-7.0890155 2.3227077 0.4656665 15
-7.0679626 3.0290799 0.42362931 15
-7.0685611 3.5309505 0.48290226 11.5
-7.0279832 3.8182001 0.45653751 14
-7.0984349 5.003005 0.41894612 15
-7.0881052 2.2079613 0.58382952 15
-7.043149 3.5454354 0.55719751 12.214286
-7.017427 3.6194508 0.56864798 9.5
-7.0996294 4.6286979 0.50035614 13
-7.0386539 4.8940115 0.53236115 12.75
-7.0911627 6.1242828 0.59761679 14
-7.0572267 3.5566454 0.64199221 13.75
-7.0190716 3.6858983 0.66079676 12.75
-7.0218768 3.8401647 0.62185425 13
-7.0379329 4.0414343 0.63045639 14
-7.0834332 4.3481226 0.63692105 13
-7.0759172 4.9610672 0.63637412 12
-7.0376482 6.139266 0.64192915 12
-7.0762625 3.5287414 0.70702404 13
-7.0361733 3.6813159 0.7189846 14
-7.0468092 6.1018596 0.77354532 13
-7.0963669 6.4696631 0.82509375 11
-7.0489254 -3.6709287 1.2008412 13
-7.0778089 -3.6797645 1.4806286 14
-7.0914073 -3.6720166 1.7410091 13
-7.0683937 -3.645957 2.1687827 15
-7.0073872 -3.6504769 2.2317097 13
-6.9639196 0.18598732 -0.027664734 8
-6.9781199 2.3848429 0.15619931 7
-6.9613519 2.4317071 0.13350576 6
-6.9687171 3.7480414 0.16098508 8
-6.9965291 3.5485892 0.31148872 11
-6.9375215 3.5642285 0.45204186 13
-6.926825 6.2033076 0.49402818 9
-6.929502 3.6516943 0.5578534 13.25
-6.9431539 6.1998177 0.56724489 10.5
-6.9629655 2.1884649 0.629511 12
-6.9845915 4.1347342 0.6520496 15
-6.9611549 4.9488573 0.60725474 13
-6.99652 3.7178049 0.71516699 14
-6.901381 6.3400588 0.99713457 15
-6.911067 -1.3330125 2.262192 12
-6.8744955 2.1630144 0.078413032 5
-6.8665915 2.33406 0.13834639 7.5
-6.8519211 5.4396763 0.13797802 5
-6.8987899 2.344069 0.35964674 12
-6.8366604 2.5111036 0.32088277 14
-6.8977113 6.0512366 0.31949103 9
-6.873374 -0.45566329 0.48084822 15
-6.8501844 3.7894697 0.44711769 15
-6.8191547 4.6632981 0.47877192 15
-6.8537712 4.9130902 0.40812847 14
-6.8349223 6.1206326 0.41852584 12
-6.8543577 -0.23753269 0.57798433 14
-6.8954344 2.2188084 0.52829391 11
-6.8504539 3.4597592 0.56336349 12
-6.8157649 6.074811 0.52652836 11
-6.8419337 6.1632805 0.56986254 12.5
-6.8629842 2.1294575 0.65886331 12
-6.8112149 3.5595446 0.62075222 14
-6.8983688 3.6242452 0.61708403 14.5
-6.8681078 3.7064021 0.64794767 13
-6.8827748 4.943213 0.62277049 13
-6.8807073 6.1654792 0.64908928 12
-6.8915906 3.6891904 0.71219289 14
-6.8941522 6.3397193 1.0625588 14
-6.84548 6.357017 1.241304 15
-6.8296423 6.3683491 1.7855469 15
-6.8737478 -3.7629044 1.8124213 12
-6.7050581 2.1980226 0.33615002 14
-6.740273 3.5428557 0.33803114 11
-6.7530594 3.6234825 0.39637884 8
-6.7702971 -0.54360515 0.48176891 15
-6.7169008 -0.42072284 0.45234799 14
-6.7383208 2.2265399 0.49471736 11
-6.7061024 6.2927523 0.47293535 15
-6.7168984 0.2240088 0.53992516 11
-6.7125854 2.1665559 0.51702559 11
-6.7509255 2.2250063 0.58661211 13
-6.7042398 3.4998281 0.56773591 13
-6.7404275 3.5734792 0.55290836 12.833333
-6.7940755 3.6435106 0.57504714 10
-6.7374516 4.869513 0.53919113 12
-6.7263031 6.1503263 0.59664023 15
-6.7957702 2.1678104 0.63534617 12
-6.7925076 3.4824324 0.63988125 13
-6.712163 3.5818198 0.63490444 12.333333
-6.775569 4.106607 0.6681217 15
-6.7219748 4.9474144 0.63770425 14
-6.7852983 6.1613336 0.63503098 10.333333
-6.7916722 6.4950099 1.1291598 15
-6.7416773 -3.6622834 1.2938423 15
-6.7013531 -3.6234777 1.3750235 15
-6.7986507 -3.736474 1.6533196 11
-6.6977324 0.19821881 0.08067029 9
-6.6516018 2.3141963 0.15041026 8
-6.6634707 4.7695618 0.25794801 10
-6.6312647 6.04213 0.29661083 8
-6.6505532 3.4560771 0.37376237 11
-6.6139178 3.5742259 0.3211084 10
-6.6288385 6.2033687 0.36691806 8
-6.6383138 -1.6757734 0.42255419 10
-6.6459374 -0.45386025 0.46235067 15
-6.6216898 3.5681319 0.46187064 11
-6.6195197 3.6150551 0.4313122 9
-6.6790061 3.8155122 0.4286899 14
-6.6404362 2.2306974 0.54780453 12
-6.6661763 3.546844 0.57276231 11.833333
-6.6148391 4.763381 0.51494318 12
-6.638206 4.9432578 0.54385364 11.333333
-6.647511 2.1974626 0.69965684 14.5
-6.6787786 3.5863369 0.6299035 14
-6.6264195 3.9112818 0.66125405 15
-6.6142936 4.8784223 0.67266738 14.5
-6.6569853 4.9394507 0.6286332 13.666667
-6.6491804 6.1792221 0.65695018 12
-6.605217 6.1282654 0.74426562 12
-6.6540303 6.4220114 1.3316283 15
-6.6034179 -3.7299359 1.7976606 12
-6.635725 -3.6918187 1.8420501 12
-6.690856 -3.718935 2.190603 14
-6.6682591 -3.5490527 2.2958066 15
-6.5584564 0.1911587 0.033491347 8
-6.5616174 0.27497461 0.021864582 7
-6.5672421 3.7275884 0.27612248 9
-6.5211701 6.0965853 0.24934447 8
-6.509366 -0.1034609 0.3622475 15
-6.5272536 0.040613435 0.37713483 14
-6.5410714 6.317102 0.3157931 8
-6.5725446 0.23416302 0.42706978 14
-6.5201492 2.229398 0.46548745 12
-6.5359087 3.541302 0.48508587 9
-6.5426702 6.3470225 0.43543386 15
-6.5792961 3.4508076 0.58095098 13
-6.5445065 3.5864282 0.571082 12
-6.552002 3.6238706 0.54449362 13
-6.5662637 4.8805246 0.58522624 10
-6.5736246 4.9625835 0.55647558 12
-6.5480876 6.1627164 0.56075037 12.333333
-6.5675859 6.2046943 0.53075498 12
-6.555768 0.23974292 0.66332668 11
-6.5385051 3.5425997 0.63882381 12
-6.5607276 3.9439902 0.64578891 15
-6.571867 6.0678153 0.65877265 14
-6.5303698 6.1471443 0.6296199 11
-6.5921106 2.1868391 0.75097299 14.75
-6.5349283 6.1570463 0.70341945 10
-6.5944376 -3.6274133 1.1307191 14
-6.5370531 -3.6418853 1.2965535 15
-6.5551143 -3.6310587 2.2310154 14
-6.5051961 -1.4400272 2.3728983 13
-6.5081687 -1.3080304 2.3558531 15
-6.5289459 -3.6123083 2.572031 14
-6.5021567 -1.1695807 2.5203016 14
-6.4155841 -3.4242561 0.15569282 8
-6.4992132 0.13084069 0.38327977 15
-6.4006686 3.5379522 0.45816106 14.5
-6.4636431 3.6458964 0.48092523 11
-6.4099116 0.19993813 0.5935325 15
-6.4307761 2.1870797 0.52177876 13
-6.4531608 3.569123 0.55340421 12.5
-6.4558802 3.6226037 0.54854155 13.5
-6.4570971 3.8749068 0.53484094 15
-6.4169068 3.9602334 0.57846129 14
-6.4756622 -1.3532637 0.69988632 12
-6.4758968 2.201803 0.69240427 14
-6.4163089 3.5507095 0.61404669 13.666667
-6.4870272 3.6126001 0.61275935 14.333333
-6.4946795 3.7070301 0.60007656 12
-6.4952645 3.8836699 0.6897974 15
-6.4527345 3.9230046 0.68444973 15
-6.4448047 6.1223664 0.65983891 15
-6.4955068 -3.5017803 1.5559719 15
-6.4478621 -3.7294991 2.1051266 13
-6.400311 -1.4084624 2.2612934 12
-6.4052777 -1.142508 2.3448811 13
-6.488225 -3.4848714 2.5763772 14
-6.3493142 -3.4265387 -0.12458767 7
-6.3924809 2.5165451 0.074498914 8
-6.3937745 3.5741453 0.3700757 11
-6.3944545 3.6196866 0.36700863 10
-6.3813052 6.1945772 0.38902763 9.5
-6.3836408 3.6334193 0.48235807 11
-6.3791704 3.8449457 0.48686281 12
-6.3954291 3.8225503 0.52687246 12
-6.353508 3.9411995 0.58011693 14
-6.3753552 6.0234013 0.57294613 15
-6.3864522 6.2849331 0.51606321 10
-6.3948488 2.1468256 0.68431205 13
-6.3531566 2.212678 0.6240508 15
-6.386878 3.5648382 0.60873115 10
-6.3358955 3.6536415 0.60491556 9
-6.3896327 3.7181911 0.6213854 13.5
-6.394228 3.9130642 0.61870486 13.5
-6.3583632 4.2238126 0.64296389 12
-6.3568449 6.0592828 0.65256095 13
-6.3079014 6.1543627 0.67211151 13
-6.3469048 3.6620209 0.72341973 13.5
-6.3761783 3.7008729 0.72767568 14
-6.3309641 6.1007433 0.82956457 15
-6.3061681 4.1141143 0.97898567 15
-6.3039122 -3.6830969 1.5166246 15
-6.3126407 -3.8028033 1.7543883 15
-6.3788877 -3.6925502 1.8627319 12
-6.3339958 -3.6336193 2.2771165 15
-6.2780256 3.7357404 0.49191818 12.5
-6.2467618 2.2054391 0.56582934 13
-6.2734923 4.2056413 0.59848213 12
-6.295094 4.5802498 0.5771147 11
-6.2329388 2.2111166 0.76943231 14
-6.2002234 2.1950877 0.82361299 15
-6.2623167 4.1457677 0.85841924 14
-6.203269 4.2347636 0.91409624 14
-6.2457342 4.1463799 1.0139122 15
-6.2611256 -3.7003896 1.7925401 13
-6.2396836 -3.7305226 1.8411188 14
-6.2057681 -3.6928039 1.837249 13
-6.2038946 -3.7214227 1.9763353 14
-6.2406926 -1.2263319 2.3513765 14
-6.2129354 -3.5161493 2.4848928 15
-6.2238178 -3.4959044 2.6516454 14
-6.1352534 -3.7013032 -0.28713077 7
-6.1138244 -3.7838614 -0.19469015 6
-6.1693597 -3.7082305 -0.087092914 8
-6.1981697 -3.6373475 0.10477948 6
-6.1552916 -0.38558769 0.17502359 9
-6.1588707 -1.7109108 0.29255271 10
-6.1230106 -0.3716068 0.29354149 12
-6.1556282 6.0841951 0.38949502 11
-6.1167045 6.2476234 0.41791534 10
-6.1867185 3.8522222 0.65611351 12
-6.1599407 4.4445729 0.67208421 12
-6.1644011 6.0898361 0.60011804 11
-6.1398921 6.1818852 0.68483442 11
-6.1761417 3.7019897 0.7251997 14
-6.1674223 4.1478148 0.72459453 12
-6.1140471 6.4533625 0.85667783 12
-6.1786675 -3.6065822 1.0203117 13
-6.1546979 -3.6588252 1.3462305 13
-6.1178937 -3.7093613 1.6416416 13
-6.1705899 -3.6407013 1.7346455 14
-6.1969357 -3.6987448 2.2035558 14
-6.1118836 -1.7987636 2.440089 14
-6.0750923 -3.6638224 -0.019839812 7
-6.061038 -0.2108447 0.040464193 7
-6.0764451 -1.6201458 0.19825745 8
-6.0268536 2.2845314 0.146513 8
-6.0035124 -1.8566015 0.29880291 10.5
-6.0804214 2.2473097 0.27658907 10
-6.0113215 6.0954432 0.3724615 9
-6.0567498 -0.24157666 0.46071622 15
-6.0255818 2.2286 0.43537417 11
-6.0269823 0.20879576 0.51866943 13
-6.0610433 2.1834552 0.51487899 12
-6.0059314 6.1602545 0.53639168 14
-6.0671835 2.2080841 0.65683651 13
-6.0001683 6.1055894 0.63793373 15
-6.0128088 6.4233637 0.85596818 12
-6.06288 4.4181895 0.94977599 14
-6.010139 4.6304536 0.98813766 13
-6.0440288 4.4520259 1.0949465 15
-6.0616245 4.3585391 1.1078311 15
-5.9380355 -3.6168163 -0.16766448 6.5
-5.929503 -0.32609084 0.16344894 10
-5.9161811 -1.67891 0.25111362 10
-5.9343581 -0.30914652 0.27537924 10.75
-5.9628348 -0.27684686 0.28731439 12
-5.9266572 6.1971583 0.25638437 10
-5.9968276 4.2729988 0.32444409 11
-5.9464121 6.0767484 0.31385031 10
-5.9381766 6.3156857 0.32021707 8
-5.9894896 -0.30205941 0.43920389 15
-5.9638829 -0.22311907 0.41581354 15
-5.9054551 -0.17500347 0.40649524 14
-5.9230013 6.1854744 0.4999409 14
-5.9387197 2.2042284 0.56872422 13
-5.9651384 4.2823238 0.56213868 14
-5.9358587 4.3037739 0.56874317 15
-5.9254246 6.1830482 0.55252647 15
-5.925149 2.1760941 0.6841175 15
-5.94382 4.2688184 0.62336099 14.666667
-5.9833784 6.135479 0.71622819 10
-5.9869175 6.4400167 0.77627367 10
-5.9314895 6.3320799 0.84628266 14
-5.9992356 4.5067377 0.98818481 14
-5.9477396 6.3355622 0.95275444 13.5
-5.9733114 4.5184855 1.0453584 14
-5.9277754 6.3199878 1.0903521 15
-5.9512396 -3.6927204 1.377666 13
-5.8341303 -3.6012783 -0.05005319 7
-5.8775654 -0.41242078 0.069352016 10
-5.8199739 -1.7800978 0.16049269 8
-5.8599677 -0.35964435 0.17762621 10.5
-5.8004551 -1.7019397 0.29462168 10
-5.8175778 -0.28519252 0.23868509 12
-5.8370595 2.1364653 0.26952726 11
-5.8470111 -0.35836309 0.31472725 10.25
-5.8548017 2.1604574 0.36112648 14
-5.8261223 2.0635266 0.4203195 13
-5.8315063 2.2560766 0.47492725 13
-5.8111296 6.2430234 0.43718007 14.5
-5.8535976 -1.5438293 0.55953848 13
-5.8218517 -0.37987405 0.50363308 12
-5.812294 2.1548517 0.58720416 14
-5.8976936 6.2023778 0.51787657 11
-5.8048449 2.1456335 0.62041229 13
-5.8813548 4.2898483 0.64695603 11.75
-5.8433342 4.3064995 0.68524855 12
-5.8700562 6.1598291 0.66714281 12.5
-5.8501911 2.1477108 0.7367363 13
-5.8721876 6.151125 0.79223126 12
-5.8412743 6.3864002 0.79480088 10
-5.8929253 6.4036484 0.74171484 9
-5.8798704 4.3354387 0.80134594 13
-5.8090105 2.2149742 0.97738296 15
-5.8759346 4.2924619 0.94766659 15
-5.8471894 -3.6304901 1.1799467 14
-5.8962398 6.3335328 1.1787504 15
-5.8053508 6.4820542 1.4838119 13
-5.8203473 -3.6302671 1.7403597 14
-5.8146625 -3.731225 1.8838146 15
-5.8187766 -3.8313715 2.0594821 15
-5.86623 -3.7688138 2.0515881 14
-5.7282648 -0.55885386 0.021136563 9
-5.734767 -1.812373 0.17110445 10
-5.7271261 -0.33945206 0.15118179 9.5
-5.7479763 -0.27517295 0.17914046 9
-5.7451568 -0.30556199 0.29498771 10.5
-5.7430539 -0.26327786 0.26199028 11.357142
-5.7018762 -0.50903147 0.33294296 13
-5.7180276 -0.4256016 0.33548108 11.5
-5.7530236 -0.34662533 0.32426211 11
-5.7366381 -0.29415765 0.33504406 12.5
-5.746017 2.265167 0.3544865 12.75
-5.7591734 6.2058434 0.31952292 9
-5.7399631 -0.36329734 0.44525066 13.25
-5.771194 -0.28978634 0.45285666 15
-5.7349596 2.1869531 0.40990618 12.5
-5.7580881 2.2393205 0.44796339 11.5
-5.7776136 6.1769319 0.48924306 11
-5.7007046 6.2362161 0.49209037 13
-5.731185 -1.6198223 0.51743072 12
-5.7568173 -0.26868096 0.51996267 14
-5.7486734 2.1807063 0.53386986 13.5
-5.7478771 2.2334023 0.56205273 12.25
-5.7630062 -1.7295156 0.64430368 12
-5.7315278 2.1898777 0.66668344 13.5
-5.7643213 2.217669 0.65916485 13
-5.7357368 6.1230264 0.66273278 13
-5.7179632 2.1732974 0.78680241 13
-5.7417836 2.210299 0.79144019 15
-5.7723031 6.2068386 0.73735577 12
-5.7560129 2.1538785 0.88205612 15
-5.7658796 2.2377694 0.88221538 14
-5.7196651 2.1549511 0.93228573 14
-5.7822375 2.2001357 1.1385452 15
-5.7599173 2.1517982 1.2345991 15
-5.7964387 -3.6234038 1.8981484 15
-5.6017003 -3.615339 -0.19224931 7
-5.6043215 -3.6657314 0.085690148 8
-5.6613736 -1.6956792 0.18647556 9
-5.6065812 -0.5177989 0.16529715 8
-5.6353569 -0.44535622 0.19789101 9
-5.6283336 -1.7054137 0.27133659 9
-5.6502962 -0.55497283 0.26226437 10.75
-5.6612563 -0.35706201 0.23718458 10.625
-5.6985812 -0.28940934 0.22596776 12
-5.6499372 -0.53941798 0.37542132 11
-5.6711116 -0.44581375 0.36892906 11.8
-5.6999798 -0.33463877 0.32342005 12
-5.6137953 -0.64828241 0.45645931 12.25
-5.6446939 -0.58838737 0.4503777 13.5
-5.6886048 -0.40059236 0.43601725 13
-5.66469 -0.39585516 0.46470889 15
-5.6399312 -0.25358778 0.41162765 9
-5.6754956 2.2450807 0.46951362 12
-5.6300068 6.1423521 0.46031651 11
-5.636713 6.2520995 0.42746189 11
-5.6659584 -1.6124898 0.5525918 13
-5.6206851 -0.54660398 0.51239574 12.5
-5.6604953 -0.37275067 0.57427341 14
-5.6904163 -0.28220579 0.55198908 13
-5.6612706 -0.19553596 0.58168215 15
-5.6212258 -0.3546142 0.62542766 13.5
-5.6921282 2.1968925 0.61866605 12
-5.6002531 6.1062422 0.70790505 15
-5.6965747 -0.38353705 0.90827268 15
-5.6515584 6.361196 1.4302745 14
-5.6808872 -3.7079442 1.549616 13
-5.6382055 -3.8408222 1.9790832 15
-5.5157428 -3.6450257 0.056204896 6
-5.5340319 -1.7849658 0.17712811 9
-5.5566993 -0.75686747 0.1474759 10.333333
-5.5673103 -0.60161918 0.15282503 11
-5.5301051 -1.8299247 0.2727547 10
-5.5477757 -1.7162772 0.20764086 7
-5.5289006 -1.6407367 0.26348722 8
-5.5513744 -0.6592865 0.24378793 11.166667
-5.5239377 -1.7037289 0.3400259 10
-5.5440021 -0.77218348 0.31398422 11
-5.5829496 -0.63517874 0.37211111 11
-5.5427413 -0.59805447 0.39943004 12.5
-5.5640359 -2.2402718 0.43237805 11
-5.5135164 -1.6765666 0.44578171 10.5
-5.5773239 -0.65917987 0.44451275 14.166667
-5.5797858 -0.55440897 0.4166649 13
-5.5660024 6.0835309 0.42747515 11
-5.5729275 -1.6850597 0.54837763 13
-5.5456343 -0.64889938 0.54044253 13
-5.5857868 -0.56946212 0.5188666 12.666667
-5.5628352 -0.44479081 0.55969846 11.5
-5.5239887 -0.3639949 0.57411236 15
-5.5907307 6.0859833 0.59589529 15
-5.5599322 6.1636553 0.5452733 11.333333
-5.5646601 -1.8159913 0.64493328 14
-5.5682507 6.1283879 0.66985613 13.5
-5.5271878 -0.38658002 0.70533723 14
-5.5406723 6.3660345 0.76521915 10
-5.5271206 -1.8822507 0.84713793 14
-5.5139365 -0.38485584 0.82209754 14
-5.5552602 -3.6705818 1.6318237 14
-5.4084659 2.3771565 0.099023171 6
-5.4736719 -1.9278975 0.12832268 8
-5.4242172 -2.1071239 0.2835173 11
-5.4783731 -1.7809348 0.26755393 9.5
-5.4790039 -1.6732084 0.24430592 10.333333
-5.4637642 -1.8242482 0.3825123 12
-5.4917555 -1.7354063 0.34761763 11
-5.4694653 -1.6352892 0.36893219 11
-5.4243951 6.2404666 0.30517364 8.5
-5.4831433 -1.7267933 0.41565558 9
-5.4707785 -1.6775099 0.46670237 12
-5.4723096 3.2844982 0.45247364 15
-5.4460521 6.2399888 0.42096663 13.5
-5.4374657 -1.9214482 0.546215 13
-5.4973807 -1.7064834 0.51375026 12
-5.4296775 -1.6837052 0.55949426 13
-5.4646544 -0.78053343 0.52722085 13
-5.4620757 -0.57460779 0.57743144 15
-5.4747124 -1.7327137 0.68027544 13
-5.4030399 -1.6807262 0.60175514 13
-5.4582205 -0.7197395 0.60627741 15
-5.4789715 6.1879816 0.67094719 11
-5.428422 6.3759003 0.64886063 11
-5.4784522 -1.9636519 0.7157222 12
-5.422812 -1.7478721 0.7473554 15
-5.4656334 -0.6810689 0.71024126 15
-5.4076567 6.1540689 0.78378522 14
-5.4923763 6.1608438 0.8069852 12
-5.3706822 6.0811949 0.30338457 10
-5.301826 6.0756335 0.59192044 14
-5.3308821 6.1325436 0.56207067 10
-5.3868899 6.1190038 0.67224383 15
-5.3226194 6.0931382 0.7464838 12
-5.30126 6.1460118 0.71864092 11
-5.3611083 6.3574777 0.79395813 15
-5.3316965 6.3852987 1.365665 13
-5.3069892 2.1714778 2.3484957 12
-5.3473291 3.3357208 2.3945534 15
-5.2798986 -3.6517448 0.28001502 9
-5.2631702 3.1836693 0.44819328 15
-5.2274928 6.1690483 0.54045773 8
-5.2393909 6.1189189 0.62290841 14
-5.2562332 6.3811097 0.8575443 13
-5.214601 6.4012823 0.82625973 12
-5.2829914 -3.6149778 1.1254635 13
-5.2861199 6.5034947 1.2306023 12
-5.1974254 2.0633252 0.029837808 8
-5.1759987 6.1731811 0.49381819 15
-5.1411433 6.1557431 0.53583467 12
-5.170362 6.2731819 0.56783462 14
-5.1089973 5.7864132 0.70483905 14
-5.1403441 6.1645336 0.72671103 10
-5.1604018 6.4139328 0.85859746 10
-5.1085677 6.4134307 0.92776424 13
-5.1269398 6.5024109 1.3700845 14
-5.0249357 -3.5715277 0.081179 9
-5.0598359 2.15295 0.17316991 9
-5.0593925 -3.5912468 0.32031196 10
-5.0382314 1.7967746 0.34713241 15
-5.0636344 2.328433 0.32579392 12
-5.0622177 2.5059183 0.45919737 14
-5.0062079 6.0687857 0.48723862 11
-5.0146842 6.1584334 0.49752772 12.5
-5.0105429 5.4334335 0.52037573 15
-5.0381684 5.8657665 0.58574826 14
-5.0796242 6.0733194 0.59310067 13
-5.0413976 6.1245656 0.54827619 13.333333
-5.0787859 5.2428956 0.61062109 15
-5.0843759 5.4907556 0.631414 15
-5.0706935 5.7551622 0.61437017 13.5
-5.0322828 5.8334708 0.62934744 15
-5.0622826 5.9771585 0.62583899 13
-5.0457802 6.027431 0.66691029 13.5
-5.0463185 6.1651373 0.64540994 10.75
-5.0499215 5.8086691 0.70743239 15
-5.0994349 5.9144425 0.71074915 15
-5.0040703 6.2760081 0.71325046 14
-5.0169969 6.3461914 0.77931392 12.5
-5.0589442 6.1318636 0.85931915 12
-5.0621228 6.479579 0.80547297 11
-5.0794792 6.3576403 1.0848992 13
-5.0182543 6.3584867 1.4438949 13.5
-5.0078149 6.3310304 1.8111076 15
-4.9625506 -2.9847646 -0.015618219 7.5
-4.9252038 1.8423265 -0.089928083 4
-4.9492388 -2.9826844 0.077143565 8
-4.934886 2.2740779 0.063001409 8
-4.9611673 -2.9623308 0.14044803 7.5
-4.9469328 -1.1257422 0.24059784 10
-4.9237304 3.6894531 0.24119408 9.5
-4.9715772 4.0436172 0.27205998 9
-4.9815068 -2.9893425 0.37652415 9
-4.9384737 2.1572816 0.39284462 15
-4.9478116 4.4614763 0.38230544 14
-4.9344811 4.6852641 0.39264369 15
-4.968678 6.2121334 0.33726764 7
-4.9399061 -3.0150952 0.42069304 10.5
-4.9252348 2.5823925 0.47128454 12
-4.936955 2.8342831 0.49609897 13
-4.9210024 3.0663881 0.420674 14
-4.9210052 4.7051277 0.4114812 14
-4.9444528 4.9064054 0.44070885 13
-4.9133487 5.1297827 0.47116485 14.5
-4.984076 6.1566181 0.46638131 8
-4.9227304 6.226151 0.47642714 9
-4.9540977 -1.1556151 0.51618069 13
-4.9015579 2.4145443 0.57289648 10
-4.9065566 4.739327 0.52248371 14
-4.9865742 5.2849874 0.54554385 15
-4.9445295 5.8326602 0.50737071 15
-4.9056358 5.9756122 0.52150792 10
-4.9679008 6.0015554 0.54526365 14.5
-4.9810896 6.196806 0.57339036 11
-4.9640522 6.2062345 0.54610938 11
-4.9714088 6.163672 0.63786626 14
-4.9385366 6.2930779 0.64498258 15
-4.9568739 6.3206949 0.62970501 12.5
-4.9061108 2.2040262 0.73854172 14
-4.9021358 2.4614291 0.73116934 11
-4.9198618 6.1115055 0.74841595 14
-4.9356265 6.3317022 0.74174058 11.5
-4.9216332 2.380666 0.88350272 12
-4.9386973 2.8840151 0.80631196 12
-4.9690552 6.1924543 0.8516283 12
-4.9418602 6.3536406 0.83689398 10
-4.9480705 -3.2784536 0.97325677 14
-4.9124565 2.5425401 0.95356864 15
-4.9246817 2.8995178 0.97106409 12
-4.9284382 2.9486582 0.94666427 12.5
-4.9141512 6.1156802 0.98155558 14.5
-4.9343333 2.9631848 1.0519291 14.5
-4.9740872 6.3198066 1.0914582 14
-4.9096031 -3.2758455 1.1265749 15
-4.9604216 6.1402411 1.1545571 14.666667
-4.9573088 -3.6873586 1.3514417 15
-4.9235611 2.2612538 1.3250303 15
-4.9334898 6.3942633 1.3711606 13
-4.9662108 -3.3280275 1.719891 15
-4.9050236 -3.2064939 2.12112 15
-4.8484039 1.9956579 -0.097616695 4
-4.8484001 2.1671817 -0.04515345 7
-4.8869286 2.2370584 0.07917989 6
-4.868237 2.327337 0.12732323 7
-4.8980155 2.4717414 0.12904638 10
-4.8255858 2.9893935 0.13829908 7.6666665
-4.8867798 3.5120771 0.16534187 9
-4.80723 3.9878905 0.14348683 8
-4.8745947 2.126858 0.26926222 13
-4.8154078 2.2283423 0.24388327 9
-4.8278427 2.3886476 0.2915073 12
-4.8672447 2.5796616 0.27249023 14.5
-4.8450561 2.8359592 0.28809565 12
-4.8320899 3.1852725 0.23940659 15
-4.8509307 3.2781041 0.24916267 10
-4.8610997 3.3086085 0.24502005 13
-4.8140497 3.5673935 0.20104426 10
-4.8379607 3.8071704 0.28308335 11.5
-4.8492002 4.0678964 0.26612166 9
-4.8309469 4.133111 0.20988706 8
-4.8114486 4.3796105 0.29719904 9
-4.8612657 4.5284934 0.28458351 9.25
-4.8293033 4.6358256 0.25754067 8
-4.8680558 4.9864416 0.29243818 5
-4.8612466 2.1658015 0.36409813 12.5
-4.8039341 2.9996767 0.34324619 13
-4.8791928 3.3687155 0.37810579 14
-4.8768487 3.6753855 0.36684954 14
-4.8482757 3.9362535 0.35559615 11.5
-4.8508763 4.2470069 0.39742407 12
-4.8155475 4.4930053 0.32500893 15
-4.8533444 4.5607018 0.31259748 9
-4.859128 4.7599182 0.35098183 10.166667
-4.8909507 4.8038011 0.36585844 15
-4.877748 5.388968 0.39885169 15
-4.8548408 6.1609902 0.35408109 8.5
-4.8966222 2.3924854 0.47548702 9
-4.826304 2.4372318 0.47284842 9
-4.8878684 2.5016472 0.4990316 9
-4.8697305 2.7208514 0.42728063 11
-4.8163333 2.8539531 0.45171043 9
-4.87078 3.1897426 0.40691322 14
-4.8317814 3.2165074 0.40092221 14
-4.8055201 3.3253534 0.40141988 10
-4.8900566 3.4433882 0.43711576 15
-4.8031878 4.1438627 0.43560237 15
-4.8692365 4.2452321 0.45831412 13
-4.8365312 4.3718891 0.44691649 14.5
-4.8726883 4.4497933 0.41132769 14.5
-4.8559737 4.5200992 0.4766002 13.5
-4.8276911 4.734231 0.43818501 13
-4.86762 4.8513775 0.43831703 14.5
-4.82796 4.9225922 0.4648203 9.75
-4.8652024 5.0503068 0.42777154 11.5
-4.8819318 5.1992393 0.43343255 14
-4.8291464 5.3593497 0.48504442 15
-4.8227749 5.4720035 0.47513813 14
-4.8546038 2.1487057 0.59079564 14.5
-4.8290019 2.2491796 0.53709829 12.625
-4.819973 2.3447664 0.51476938 10
-4.8691053 2.5443172 0.56201911 12
-4.8213239 2.7437394 0.52194917 9
-4.8422775 2.8535798 0.57130611 10
-4.8195877 2.9962649 0.56220347 12
-4.8214483 3.028249 0.54711479 14
-4.8267426 3.2788212 0.50704187 15
-4.8160796 3.4464009 0.55930007 14
-4.8076572 4.1028581 0.53737736 15
-4.8125072 4.2750506 0.53687161 14
-4.8121147 4.5152636 0.5476861 14
-4.8860202 5.5498695 0.59706044 12
-4.898325 5.8139467 0.58274215 11
-4.8520913 6.1370978 0.55935407 10.666667
-4.8667846 6.2735071 0.55587304 10
-4.8973746 6.3014512 0.51375157 13
-4.8415213 2.1934049 0.64117539 13.5
-4.8681941 2.2620249 0.64706475 12
-4.8522148 2.3330655 0.63664293 11.625
-4.8681526 2.4775789 0.61805105 12.5
-4.8225775 2.9934165 0.68771452 15
-4.8280563 3.003788 0.62869477 10
-4.803288 3.6699474 0.61390424 14
-4.8080654 3.8333778 0.61593872 11.5
-4.8219151 4.4410329 0.65449154 15
-4.8328576 4.922359 0.68870777 14
-4.8770866 5.3107033 0.61638921 13
-4.8012409 6.3400483 0.6104427 10
-4.899416 2.3161058 0.791592 11
-4.8507142 2.450511 0.73847908 11.5
-4.8091717 2.5848093 0.72465456 11
-4.8483229 2.6201911 0.76030642 14
-4.8502054 2.9354286 0.76176065 12.375
-4.8078637 3.5770969 0.79323566 13
-4.8635216 5.204587 0.72179472 15
-4.8758411 5.4135795 0.71408749 14
-4.8698721 5.7989244 0.76848531 15
-4.8496518 6.139153 0.75580311 13.166667
-4.8881989 6.2499356 0.78319997 14.5
-4.8354039 6.3220615 0.72033066 11
-4.8680134 2.1535442 0.86143243 14
-4.8225265 2.3121142 0.8780489 12
-4.8546834 2.4361761 0.82324123 14
-4.8686457 2.5830348 0.84759903 13.5
-4.814312 2.6715105 0.84571111 11
-4.8777204 2.9543335 0.87795967 14
-4.84795 3.2214093 0.86522931 14
-4.8053722 3.5979488 0.83071899 14
-4.8181763 4.0426011 0.85040873 14
-4.8307476 5.5808764 0.88036489 15
-4.8645411 5.7579179 0.86117637 15
-4.8570533 6.1413417 0.87235814 12.5
-4.8104529 6.3595595 0.88264674 11.5
-4.8703384 2.2033238 0.93930382 13.75
-4.896709 2.3455462 0.90592265 12
-4.8828635 2.4516342 0.94476658 13
-4.8062396 3.8977978 0.94569868 15
-4.8493886 5.5659661 0.93565804 14
-4.8827944 6.0881972 0.96578652 13
-4.8528008 2.2368717 1.0399673 15
-4.8387017 2.5682104 1.0418404 13
-4.8714252 2.8427129 1.0561789 13
-4.8004642 6.1378002 1.0102026 14.5
-4.8653617 -3.6632614 1.1736437 11
-4.8442841 2.2622321 1.1416126 14.5
-4.8961821 2.3994665 1.141245 13.5
-4.8333631 6.3239274 1.1957815 15
-4.8175902 2.1337297 1.2246003 14.5
-4.8917885 2.4684565 1.2658098 15
-4.8979349 2.3928988 1.3151318 15
-4.8394547 2.5067463 1.3865725 14
-4.810781 6.3062282 1.752629 15
-4.8485055 -3.2733326 1.8839071 13
-4.8432169 -3.3524451 2.0910444 15
-4.8468604 -0.25103495 2.5283391 15
-4.7229395 3.2022223 0.088672221 9
-4.7739744 1.5869814 0.11389767 9
-4.7396207 2.3492799 0.10354186 9
-4.7360888 3.0188477 0.16354012 10
-4.7397485 3.1671271 0.16488215 9
-4.7671509 3.7112195 0.14003569 9
-4.7648683 4.5173512 0.1939833 7
-4.8000007 2.2427268 0.29254845 9
-4.7974143 2.3359332 0.21584538 11
-4.7373371 2.4514518 0.22300611 11.333333
-4.7035398 2.5978773 0.20555753 11
-4.7012343 2.739217 0.20179671 13
-4.7554674 2.927274 0.26700872 15
-4.732615 3.1587596 0.27051175 11.75
-4.7908354 3.3867805 0.25638303 8
-4.7114415 3.4583337 0.22581621 11
-4.7593451 3.5165007 0.25829047 10
-4.7358513 3.8408365 0.23346363 9
-4.7366281 4.7784886 0.24744846 8.5
-4.7344246 4.9215789 0.27241346 8
-4.7473092 5.003582 0.23691529 9
-4.7421126 5.294239 0.26323935 10
-4.7916532 1.5625398 0.33638361 11.75
-4.7936831 2.1791174 0.33591273 14
-4.7923112 2.2752063 0.33403578 12
-4.7381625 2.458653 0.37942427 15
-4.7041521 2.5200913 0.35051951 13
-4.7258582 2.6418447 0.38741565 12.5
-4.7011313 2.7879233 0.33942947 10.5
-4.7495809 2.8244228 0.37379536 12.5
-4.7225122 2.954999 0.39736962 11.5
-4.7340884 3.0789371 0.3571209 12.5
-4.7392039 3.1387722 0.38157389 15
-4.7343941 3.3414326 0.35023052 10.5
-4.7512727 3.4341779 0.34365195 12.75
-4.7013054 3.5616937 0.32594335 13
-4.7260261 3.6243849 0.36202934 9
-4.7812476 3.9129577 0.36759323 9.5
-4.7731957 4.2162852 0.33818474 12.5
-4.7425122 4.4607019 0.34677461 11
-4.7559061 4.5229888 0.3955597 14
-4.7024288 4.7859225 0.32771125 9
-4.7439823 4.8147144 0.34166178 10
-4.7524695 4.9339442 0.36535081 10
-4.7367177 5.0329666 0.35656741 9.833333
-4.7569618 5.1538649 0.36926517 14
-4.7209201 5.2782254 0.36299339 7.5
-4.7198262 -3.2278821 0.4943397 11
-4.7772751 1.5354248 0.45951349 14.5
-4.7028365 2.1995451 0.40577146 15
-4.7445626 2.5483465 0.44578305 12.125
-4.7234688 2.6565292 0.47505474 11
-4.7802978 2.7581346 0.40879646 10
-4.758862 2.8352151 0.43452752 9.25
-4.7554512 2.9968336 0.44957399 14.5
-4.708951 3.0172067 0.43615866 8
-4.7067294 3.1528599 0.47881681 14.25
-4.729218 3.2838182 0.4614661 11
-4.751328 3.3549602 0.46121636 11
-4.7593274 3.5274847 0.43080965 13.5
-4.7441525 3.6457748 0.46576113 13.25
-4.797894 3.7528448 0.44807455 15
-4.7334056 3.8192587 0.45030114 10.166667
-4.7361813 3.9349668 0.44963494 12.666667
-4.7684989 4.0921755 0.45258155 13
-4.7340508 4.1580324 0.45368835 11.666667
-4.78828 4.2532392 0.44136828 11
-4.757791 4.3121848 0.44366887 12
-4.7195201 4.4973626 0.48188519 11
-4.7454329 4.5485954 0.44750395 11.5
-4.7359476 4.6164646 0.46280417 12
-4.7357626 4.7497206 0.45538577 13.333333
-4.7217951 4.865417 0.43958583 11
-4.7308049 4.9942484 0.46647653 12
-4.7284579 5.0648227 0.45128363 10.25
-4.75594 5.1541371 0.46412912 10
-4.7338853 5.6682954 0.47276905 13
-4.750989 5.7307887 0.44364196 14
-4.7421575 6.1594176 0.45391008 10.375
-4.784502 -0.75249726 0.58211148 13
-4.76964 -0.6931659 0.53992587 11
-4.714941 2.3401687 0.58534724 14
-4.7028666 2.4359994 0.57089996 11
-4.7553535 2.5485265 0.55121297 12.75
-4.7255602 2.6128297 0.51539099 13
-4.7529712 2.7771394 0.50612819 9
-4.7950077 2.8910887 0.51091295 14
-4.7601643 2.9327021 0.55401474 13.25
-4.7607379 3.0433385 0.5309037 14.5
-4.7354689 3.1551037 0.59026152 11.666667
-4.7353506 3.2514937 0.53280288 12.5
-4.7427306 3.3122075 0.52866179 13
-4.7457805 3.4312205 0.55393356 12.5
-4.7729368 3.6646278 0.59300315 15
-4.7420039 3.7414231 0.55923283 12.833333
-4.7440443 3.8629391 0.54609013 12.5
-4.741322 3.9514041 0.55246204 12.333333
-4.7538872 4.0729628 0.56809247 13.333333
-4.728858 4.1356969 0.56628531 12
-4.7510958 4.2528839 0.54948252 12.333333
-4.7368035 4.3463302 0.54533011 14
-4.7176266 4.4750147 0.5594359 12
-4.7101297 4.5595694 0.55527329 12
-4.7398353 4.6425972 0.51694208 12.5
-4.7302189 4.8322964 0.56435353 12
-4.734808 4.9293404 0.50312567 11
-4.7601142 5.0397286 0.57013023 13.166667
-4.7204823 5.1258664 0.56158721 12.666667
-4.7007751 5.2251334 0.51464421 10
-4.7258568 5.3295579 0.57519394 10
-4.7407689 5.5630331 0.52677572 13.666667
-4.7276688 5.8674045 0.5211364 13
-4.784584 5.9534893 0.50620955 10
-4.7610159 6.1532526 0.53728247 12.166667
-4.7715888 2.5715406 0.60706496 15
-4.7195854 2.6220331 0.67415565 11.5
-4.7037344 2.8933969 0.67511022 13
-4.7872152 2.9274385 0.64660972 10
-4.7013474 3.0823977 0.66289788 13
-4.7089601 3.1748676 0.669725 11
-4.7611384 3.3387194 0.66330564 12
-4.7361946 3.573806 0.69277692 11
-4.7529163 3.6423864 0.63181335 12.166667
-4.7265501 3.8728945 0.61727214 12
-4.7741323 3.9662883 0.64272571 15
-4.7438588 4.2017841 0.61465651 12
-4.7440624 4.3646865 0.62518209 11
-4.7353821 4.432642 0.65057141 12.25
-4.7223196 4.5755367 0.60623974 15
-4.7615566 4.6230493 0.65273017 13
-4.740026 4.7418327 0.60168791 14
-4.7393017 4.8664808 0.62807512 14
-4.70753 5.0691123 0.69155562 14
-4.7495313 5.1895704 0.66191298 15
-4.7175465 5.2489686 0.63775462 12.5
-4.7608509 5.3959336 0.6380074 13.5
-4.7500014 5.5167537 0.63043642 14
-4.7339721 5.6973681 0.64351249 12
-4.7579679 5.8818932 0.63919121 12
-4.745533 6.0808439 0.68121541 13.25
-4.7384243 6.1249142 0.60744357 13
-4.7553353 6.262414 0.66778463 14
-4.7776766 1.9082013 0.7154935 9
-4.7028251 2.3429787 0.75080657 15
-4.7989273 2.5486 0.70102096 14
-4.7167945 2.7974596 0.72258317 11
-4.7876577 2.8924346 0.78541356 14
-4.70367 3.0663729 0.74068898 10.5
-4.7175884 3.3054113 0.71120435 12.5
-4.7520442 3.4463546 0.71564311 14
-4.7794409 3.6413138 0.77006489 13
-4.7239323 3.7574537 0.74912965 10
-4.7345905 3.8462062 0.75600243 13.75
-4.7907934 4.1810484 0.77157378 12
-4.7271104 4.2228289 0.75434804 12.333333
-4.7296057 4.3673434 0.7377466 13.333333
-4.7463393 4.8739176 0.74616069 14
-4.7385302 4.9627919 0.71238172 11
-4.7419233 5.1697507 0.72796923 15
-4.7526507 5.2378373 0.75065649 12.75
-4.7414622 5.3162603 0.73843038 13
-4.7493415 5.5101838 0.7585358 14.5
-4.7477908 5.6106062 0.77467752 15
-4.7504082 5.8362393 0.70478147 13.5
-4.7865148 6.0786085 0.75288439 13
-4.7401319 6.1431031 0.7237156 13.166667
-4.734333 6.3604803 0.76632953 11.333333
-4.7056026 6.4230633 0.79246545 12
-4.7329054 2.6046154 0.83892649 11
-4.7301545 2.8977463 0.84296399 13
-4.7125211 2.9283504 0.87153864 14
-4.7163715 3.1066675 0.82396764 13
-4.7245936 3.2366846 0.82916623 11
-4.7124252 3.3460608 0.82447046 13
-4.7623544 3.4285493 0.82478076 13
-4.7814627 3.5258911 0.8952263 15
-4.7646208 3.6213546 0.83169061 13
-4.7337179 3.8327544 0.8422634 13.5
-4.7437339 4.0517192 0.84711498 14.333333
-4.7179985 4.1384077 0.85255027 14
-4.741437 4.3108482 0.80275208 11.5
-4.7696238 4.6261292 0.88271439 13
-4.7710876 4.7542853 0.81217736 15
-4.7438064 4.9804478 0.85005403 14
-4.7535434 5.2831807 0.81020188 14
-4.7785125 5.3479519 0.89461833 14
-4.7787189 5.6200724 0.88860184 15
-4.7377777 5.8514566 0.83151698 14
-4.7343736 5.997231 0.8683756 15
-4.7720051 6.0856524 0.84685695 13.5
-4.7880397 6.1460104 0.88967484 14
-4.7328119 6.2721663 0.81347311 13.5
-4.7665281 6.348949 0.88356847 13.75
-4.7180948 6.4670076 0.81397724 13
-4.7735333 2.4881513 0.90286851 11
-4.762013 3.2899523 0.90960085 13.5
-4.715126 3.3456278 0.94577789 14.333333
-4.7612996 3.6585104 0.92505014 14
-4.7626128 3.81181 0.93356305 14.5
-4.7996345 3.9899528 0.9218601 15
-4.7512832 4.0529308 0.95709133 15
-4.7490926 4.1478925 0.9485451 15
-4.7399001 4.3137527 0.93366706 13
-4.7737575 4.5480223 0.93766063 13
-4.723434 5.0719986 0.9329527 13
-4.7319779 6.161622 0.91150302 14.5
-4.7808967 6.2100434 0.9760173 14.5
-4.7559276 6.3410902 0.96162039 13.333333
-4.7060575 2.3412728 1.0335964 15
-4.7597075 2.583199 1.0497041 12.25
-4.7957578 2.6551905 1.0455886 13.5
-4.7796979 2.7769358 1.0542821 14
-4.7193103 3.3816743 1.0073061 15
-4.7393694 3.6832924 1.0395292 15
-4.7055616 5.1654277 1.0608351 14
-4.713418 6.2708144 1.0603861 15
-4.7096977 6.3328166 1.0061735 14.5
-4.7568779 -3.6224258 1.1301646 15
-4.75879 -3.2521932 1.1826332 15
-4.7934251 2.6862316 1.1113151 14
-4.7025018 2.9892192 1.1927121 13
-4.7045236 3.0479569 1.1232017 13
-4.7843728 -3.2533026 1.2137877 12
-4.7423592 2.3684309 1.2402005 12
-4.7079425 2.4728343 1.2667761 15
-4.7558913 2.6229038 1.2412901 14
-4.7900133 2.9175265 1.2772551 15
-4.7145944 4.1655927 1.2407732 15
-4.7779016 -3.2343433 1.3069389 13
-4.7155561 2.5441053 1.3364226 14
-4.7251973 2.7085383 1.3136598 15
-4.7743959 2.9077368 1.3498421 14.5
-4.7356663 6.3395648 1.3368213 15
-4.7848992 -3.3311541 1.4518684 13.666667
-4.761939 -3.2809248 1.4578453 13.5
-4.7125444 2.6498642 1.4676963 15
-4.7501159 -3.2394223 1.524091 15
-4.7344513 -3.2524462 1.6657953 13.666667
-4.7219296 2.5268314 1.6046203 15
-4.7505126 -3.3464417 1.7738736 14
-4.715878 -3.2729027 1.7635182 15
-4.7215109 -3.5680099 1.8797464 15
-4.7775884 -3.2215581 1.8171479 15
-4.7738118 -3.2205956 1.9841236 14
-4.7852449 -3.3617945 2.2382629 14
-4.7535386 -3.4765565 2.5394044 15
-4.766151 -0.26502758 2.6471376 15
-4.691359 3.0942509 -0.17250171 8
-4.6981368 2.303587 -0.04168044 5
-4.6425529 2.7705889 -0.072372153 7
-4.6146984 2.9917288 -0.041127246 6
-4.6717014 3.4231451 -0.059169639 7.5
-4.6825886 2.8390644 0.091774397 8
-4.6609564 3.0888286 0.091945082 8
-4.6933932 2.254647 0.18531992 15
-4.6878371 2.5432703 0.17427546 14
-4.6663704 2.6368582 0.16233249 8
-4.6886072 2.7302735 0.11303426 8.5
-4.6494164 2.8669941 0.18422627 11
-4.639667 2.9390855 0.15619618 8.5
-4.6449814 3.0621769 0.12523796 8.333333
-4.6005974 3.2923088 0.15324092 9
-4.6587739 3.3024104 0.17185977 9
-4.6505766 -1.4857683 0.24863251 10
-4.6983361 2.147063 0.2368547 14
-4.6655269 2.6817586 0.24431704 12
-4.6640739 2.7580743 0.28367192 9
-4.6566253 2.9502757 0.26015899 9.5
-4.6812987 3.0362625 0.27133611 10
-4.6534467 3.2584898 0.24025577 8.5
-4.6151614 3.3789217 0.2801984 9.5
-4.6717324 3.4775572 0.29047012 9
-4.6591868 3.7996321 0.23292744 10
-4.6760702 3.9758897 0.24254271 9
-4.6570611 4.137394 0.26136246 8
-4.6764936 5.2980089 0.28115782 8
-4.6475959 2.5491571 0.34356162 12.4
-4.6287212 2.637121 0.35457912 11.666667
-4.6411457 2.7489676 0.35941249 11.666667
-4.6703401 2.8463948 0.37769249 12.833333
-4.6217976 3.0137434 0.37473109 12.5
-4.6395035 3.2418571 0.36652514 13
-4.6872706 3.3624609 0.31707209 12.25
-4.6982346 3.4461265 0.35130504 8
-4.698422 3.5359974 0.35537869 12.5
-4.625617 3.7467499 0.31910834 12
-4.6631985 3.9424386 0.37339723 11
-4.6583352 4.0307312 0.33719763 10.5
-4.6320205 4.1490636 0.35493368 14.5
-4.6548634 4.3434777 0.34283689 15
-4.6645503 4.546412 0.37407732 13
-4.6696153 4.9344573 0.3745839 12
-4.656558 5.1002517 0.30203685 9
-4.6454968 5.3533998 0.36150515 7.5
-4.6366439 6.3561568 0.33799464 8
-4.6635499 -0.58907551 0.42938232 12.666667
-4.6128764 1.7482393 0.48998794 12
-4.6676235 2.4438858 0.40858638 11
-4.6580777 2.5631881 0.45955887 14.25
-4.6531248 2.6455607 0.43737158 14
-4.6442118 2.7522199 0.44642016 9.5
-4.6683083 2.8226066 0.4217082 13
-4.6541729 2.9550488 0.43209219 12.666667
-4.6381669 3.1594191 0.43953383 11.625
-4.6176019 3.2613654 0.42818674 12.25
-4.6550779 3.3604252 0.4630115 12.5
-4.6426067 3.4490921 0.44749856 11.4
-4.6658411 3.5406578 0.44982591 12.4
-4.648325 3.6525323 0.48813877 12.75
-4.6541491 3.7127953 0.40453514 8
-4.677896 3.8624167 0.44260725 13.5
-4.691391 4.0358624 0.4428257 12
-4.620935 4.1933241 0.40116414 11
-4.630815 4.2617364 0.45850313 8
-4.6693354 4.3175569 0.41940185 12.166667
-4.6483235 5.0786238 0.46827659 12.5
-4.6175418 5.2988954 0.42626411 11
-4.6556983 5.3770599 0.47166312 9.333333
-4.633059 5.5360036 0.44760823 9
-4.6086688 5.6415992 0.47115389 10.5
-4.6823292 6.1677756 0.44772553 10
-4.6225276 6.3269296 0.45856708 9
-4.616396 6.4052529 0.4460904 10
-4.6400514 -0.49150404 0.56517035 14
-4.6314564 1.7573347 0.56562567 13
-4.695642 2.3774149 0.53644109 13
-4.6422153 2.546617 0.55485648 11.666667
-4.6672411 2.6452205 0.55852848 11.5
-4.6763573 2.7598879 0.52446985 13
-4.635293 2.8692997 0.54919833 10.5
-4.6445127 2.9327071 0.56536365 14.5
-4.6649294 3.0435996 0.56557208 11
-4.670289 3.1700814 0.55307543 11.5
-4.6686363 3.2437816 0.56343627 12.928572
-4.6701264 3.3389509 0.54033846 11
-4.6716266 3.5372062 0.54939049 11.6
-4.6487141 3.652287 0.53578275 13
-4.6425638 3.7040467 0.59288776 15
-4.6725068 3.8437254 0.53776711 14
-4.6508636 3.949806 0.51973003 11.25
-4.6246462 4.0149093 0.54727852 7
-4.6555834 4.1655493 0.5107618 15
-4.6172028 4.2438707 0.55513549 13
-4.6693263 4.4390383 0.56867415 12
-4.6301923 4.5808587 0.50187403 9.75
-4.6606703 4.7633314 0.5656898 10
-4.6615992 5.165833 0.51713622 12.5
-4.6515446 5.2931566 0.58639199 13.5
-4.6657147 5.4281287 0.51254195 13
-4.6548533 5.5506682 0.53555703 11
-4.6117244 5.6108775 0.58849633 13
-4.6113997 5.8906751 0.50772214 11
-4.663578 6.080874 0.54483902 12.666667
-4.6681271 6.1378202 0.54112715 11.5
-4.624105 6.2503352 0.57767105 14
-4.6353774 6.3708448 0.54518282 11.333333
-4.6594939 6.483108 0.52967507 10
-4.6491218 -0.74150664 0.63793069 13.5
-4.6503606 2.2777529 0.66967165 15
-4.6339836 2.5523615 0.69504094 14
-4.6702728 2.8135195 0.64284575 13.25
-4.6565356 2.960463 0.66644788 13
-4.6481776 3.0686994 0.6654892 13
-4.6660385 3.1476412 0.63280272 12.25
-4.638617 3.2426355 0.63287222 13
-4.6721983 3.3598449 0.60828882 9.25
-4.649971 3.41681 0.66725123 14
-4.6752009 3.5631223 0.65128273 13.75
-4.6611948 3.7517512 0.6503967 14
-4.6658478 3.8624203 0.66858846 12
-4.6698923 3.920418 0.63861984 10.8
-4.6737251 4.0433078 0.64621967 15
-4.6723862 4.1667619 0.67470509 11
-4.6667447 4.206697 0.62674212 9
-4.6659899 4.3424358 0.64965576 10.5
-4.6739979 4.4745178 0.63988698 11.5
-4.6613007 4.5387287 0.66501027 9
-4.684423 4.7659016 0.61560762 8
-4.6310301 4.8450918 0.60038954 13.5
-4.6538067 4.9933558 0.64299458 11
-4.6488352 5.114737 0.64875197 12.25
-4.6472139 5.3782086 0.64127165 13
-4.6593504 5.6045561 0.69021642 12
-4.6910596 6.071116 0.62737083 14.5
-4.6765218 6.1434436 0.63780916 13.333333
-4.6507421 6.3631086 0.65167278 11.5625
-4.68537 3.0598719 0.75109869 11.666667
-4.6874857 3.1090767 0.79810911 14
-4.6657639 3.2351551 0.71465248 13.5
-4.6739039 3.3793035 0.74583 13
-4.6815948 3.6202011 0.73171622 13.5
-4.6688771 4.0981441 0.78831977 12
-4.6098709 4.1719007 0.75410938 12
-4.6698027 4.3611155 0.74395531 10
-4.6683221 4.6653504 0.75689673 11
-4.637723 4.8091764 0.75466245 13
-4.6387849 5.2092586 0.71733797 10.5
-4.6319294 5.5424156 0.74475253 13.5
-4.6066318 5.8410864 0.74027842 11
-4.6588516 6.0482779 0.76019734 13
-4.6731405 6.1179247 0.73295838 12
-4.6507988 6.3616986 0.72162366 13.75
-4.6894999 6.4010496 0.79025799 15
-4.6891479 2.8477905 0.88052773 13
-4.6649075 2.9959829 0.8231613 11
-4.642745 3.3633769 0.85610712 12
-4.6752129 3.7340338 0.81422955 13
-4.6629333 4.2239666 0.89980692 15
-4.6948051 4.3926191 0.853971 12
-4.6988387 4.664691 0.82826102 15
-4.686192 4.7695818 0.82988179 13
-4.6929789 5.13942 0.89476132 12
-4.6661978 5.2519102 0.80358726 12.25
-4.6225405 5.435277 0.80613744 9
-4.6112051 5.8230262 0.88942695 13
-4.6751904 6.0986438 0.86735862 15
-4.6923161 6.1614118 0.82842541 10
-4.6907434 6.2283487 0.82216781 13
-4.6661649 6.3403392 0.85144997 12.666667
-4.6260171 6.4952984 0.86598998 14
-4.6819739 3.0148885 0.93615836 12.5
-4.6753592 3.7888188 0.9779582 13
-4.6840987 4.0252151 0.98167861 13
-4.6249824 4.4151158 0.98518604 13
-4.6001787 4.6664019 0.91185015 14
-4.6635938 5.582478 0.92464817 15
-4.6410251 6.3306942 0.97555614 12.75
-4.6586819 6.4313688 0.94904917 14
-4.6060643 -3.2769094 1.0983371 12
-4.6833591 3.1036582 1.0982624 13.5
-4.6810026 4.8679705 1.0295246 14
-4.6533837 4.9421086 1.0318207 15
-4.632987 5.2968988 1.0595598 14
-4.6314793 5.8790679 1.012798 13
-4.6372757 5.9463992 1.0389444 14
-4.641511 6.0830555 1.0950522 15
-4.68154 6.4564805 1.0298086 15
-4.6827168 2.5303533 1.1148522 13
-4.6289935 2.8617759 1.1316291 14
-4.6500568 3.0351381 1.1266763 14
-4.6669579 3.1105139 1.1262839 14
-4.6776652 3.286314 1.1834198 15
-4.6532388 5.5653915 1.1168704 15
-4.6375451 5.9481945 1.1223199 14
-4.6797132 6.3330283 1.1473824 15
-4.683147 2.9739001 1.2322992 13
-4.6929526 3.0163891 1.2507443 14.5
-4.6558352 3.8386123 1.2312968 15
-4.6151547 4.2160802 1.2067832 14.5
-4.6319122 5.5193501 1.242303 12.5
-4.6342363 5.6890311 1.2266626 13
-4.6183791 5.9794989 1.2617431 14.75
-4.638484 6.0877662 1.295355 13
-4.6166768 6.3506732 1.2195734 14
-4.6287756 -3.2891998 1.3412464 15
-4.6779733 3.8010297 1.3352096 14
-4.6548691 -3.279624 1.4803048 12
-4.6251421 -3.3199897 1.5069818 13
-4.6497631 -3.2923331 1.5214545 12.5
-4.6899171 -3.3316367 1.6213521 14
-4.6338902 -3.3483331 1.9579843 15
-4.6657176 -3.3359158 2.1047308 14
-4.6359868 3.0015094 2.3984749 15
-4.5008421 -1.4663092 0.14537536 9
-4.5776014 2.5311408 0.1405908 9.5
-4.5854211 2.681643 0.14574091 9.5
-4.5983305 4.0473614 0.15154575 8
-4.5463815 6.4092741 0.11200412 9
-4.5761433 -1.4589634 0.26751605 9
-4.5834641 2.3854468 0.26171523 13
-4.5842166 2.7114911 0.25223294 10.5
-4.5786171 3.0874586 0.24231344 10
-4.589438 3.2444251 0.20324877 11
-4.5854459 3.3355305 0.22065955 10
-4.5991759 5.2129574 0.21431455 9
-4.5002637 6.3370218 0.27748746 7
-4.5058942 -1.6303047 0.38011664 11
-4.5789742 -0.53527474 0.36927375 11
-4.5551572 2.1136992 0.33646503 12.75
-4.589242 2.6814523 0.36137915 12
-4.5412049 2.7274601 0.36543146 8
-4.5754633 2.8704188 0.32091698 12
-4.597127 2.9299827 0.34597662 9
-4.5998521 3.0507295 0.30751953 11
-4.5969558 3.7783468 0.39358756 11
-4.5959325 3.9514034 0.39079687 10
-4.5214572 4.8852439 0.36164808 8
-4.5613165 6.1968112 0.3452532 9
-4.5312729 6.4114137 0.3902818 9
-4.5132461 -1.659391 0.40427306 11
-4.5809827 2.0299506 0.49450728 12
-4.5252929 2.1879568 0.41464838 13
-4.5637536 2.5757 0.49774557 14
-4.5639176 2.8282332 0.44818053 12
-4.5789304 2.987725 0.49487397 13
-4.5810466 3.0284078 0.48371571 14
-4.5995502 3.1363566 0.49247348 15
-4.5822463 3.4051237 0.49593323 12
-4.5936642 3.9513829 0.45083535 11.5
-4.5190454 4.4474411 0.48547259 13
-4.5273957 4.6224484 0.43855026 11
-4.500545 5.6127982 0.40415478 10
-4.5863395 5.7444544 0.48366809 10
-4.5283031 6.0449171 0.45345065 10
-4.5318542 6.3531165 0.47430071 10
-4.5154252 -0.61575186 0.54600763 15
-4.5507889 -0.49602735 0.53226507 15
-4.5178375 2.2175343 0.55925435 14
-4.5289674 2.6840119 0.53873909 13
-4.5828333 2.7301707 0.51650888 13.5
-4.5749726 3.991843 0.54357815 8
-4.546628 4.2836008 0.51106131 15
-4.5880303 5.4997797 0.51412725 14
-4.592638 5.724143 0.59383297 10
-4.539773 6.3192506 0.56119812 10.25
-4.5681577 6.4048705 0.58126032 10
-4.5926609 3.7188971 0.6174702 9
-4.5488486 6.3888226 0.63664156 11.5
-4.5946293 5.7644157 0.71774232 10
-4.5979304 5.9531593 0.78429276 12
-4.5279651 6.3519578 0.71765721 10
-4.5099621 6.3816481 0.85892749 14.5
-4.5749116 -3.2442443 0.95471543 13
-4.5802603 5.9985995 0.9203257 13
-4.5789208 6.0412879 0.9912678 11.5
-4.5641885 6.3291049 0.96096146 12.5
-4.597477 5.7596822 1.0651699 13
-4.5839534 5.8496509 1.0571153 12.5
-4.5964308 5.7978697 1.2952685 14
-4.573082 5.9685478 1.285882 15
-4.5087895 6.3489141 1.3310096 15
-4.5942974 5.8272724 1.4249755 15
-4.5622888 -3.3460917 1.7717495 14
-4.5064111 -3.3051741 1.9744052 15
-4.5511527 -0.73923409 2.5907848 14
-4.4597239 2.362906 0.050357483 5
-4.448741 -1.3398583 0.18880495 9
-4.4485607 5.4280829 0.2817862 7
-4.4966154 -1.6906565 0.31748694 10
-4.47545 -1.3262994 0.30867779 11
-4.4264998 0.19110386 0.30259806 14.5
-4.4002028 6.0433488 0.38657168 9
-4.403275 6.3162341 0.34499255 9
-4.4561353 -3.2654245 0.43348873 8
-4.4752612 -1.4476788 0.46985105 12
-4.4857512 2.1725245 0.42484602 12
-4.4571729 2.2071574 0.49677348 11
-4.4824405 2.5053005 0.45828882 13
-4.4841456 6.3955512 0.49274653 10.5
-4.4857259 -1.6360586 0.50961745 12
-4.4967885 -0.25065136 0.54573357 11
-4.4041319 -0.054047432 0.56435293 11
-4.4424114 2.169708 0.50632262 15
-4.4736862 2.3055112 0.57561606 14
-4.4911962 2.7376647 0.51202232 14
-4.4520187 6.2874527 0.55790854 11.5
-4.4468045 2.1727667 0.68346232 14
-4.4260864 6.3788075 0.65582997 12
-4.4629059 6.3016133 0.73506278 12
-4.4430156 6.4213138 0.76223439 15
-4.4266539 6.3575253 1.0473602 13
-4.487771 6.4060082 1.0350912 13
-4.498034 6.2721782 1.1375438 14
-4.4448209 6.3520446 1.1643806 14
-4.4819398 -3.267338 1.2554609 12
-4.4928088 -3.2269111 1.3685814 13
-4.4289703 -3.1876235 1.4767547 14
-4.4738903 -3.273711 1.6005524 13
-4.484817 3.1014426 1.930536 15
-4.4624763 -3.2677128 2.2627683 15
-4.457943 0.54673141 2.5701356 15
-4.4631128 1.4921143 2.7179308 15
-4.3608017 -2.9350119 -0.058994394 7
-4.3153095 0.36301208 0.079305828 10
-4.3503928 0.28582847 0.18042371 13.5
-4.3092422 -0.0087057305 0.2727569 12
-4.3414145 0.19694296 0.20288965 15
-4.3957334 0.2012893 0.27130431 15
-4.3003473 -1.793906 0.3571929 12
-4.3011842 0.052707713 0.30091813 14.5
-4.3883028 1.3660765 0.33777028 9.5
-4.3982024 5.6287379 0.35398629 12
-4.3328056 -1.5515118 0.46081567 13
-4.3494234 -0.68884456 0.47083223 15
-4.3301873 6.3257484 0.43387103 9
-4.3656702 6.3482418 0.54095972 10.5
-4.3552399 -0.22890104 0.61385763 9
-4.3421173 6.3475709 0.63247913 11
-4.3285575 6.4058399 0.68023324 11
-4.3846378 1.509303 0.82298923 14
-4.359468 6.4184952 0.80260926 12
-4.3141689 6.2825198 1.1263361 14
-4.3407955 6.3110337 1.4233119 14
-4.3697777 -3.2790582 1.5821326 13
-4.3704653 6.401741 1.6040902 15
-4.3425384 -3.2600968 2.0164218 14
-4.3341088 -0.47393841 2.5607946 15
-4.3997083 0.035809562 2.5485117 15
-4.3670354 0.48924655 2.6581542 15
-4.3363895 1.1504385 2.6987624 15
-4.2102027 -3.2001636 -0.041754797 7
-4.2281494 0.058010656 0.19268502 13
-4.2031279 0.28727338 0.15873678 13
-4.2089586 -2.9776838 0.23445134 7
-4.2110171 -1.2448332 0.21405634 9
-4.2504988 -0.12387142 0.29329681 10
-4.2965155 0.16875985 0.29373655 12
-4.2449918 0.27542785 0.28552458 12.5
-4.2598219 6.262053 0.26598048 9
-4.2873082 -2.9291692 0.35661095 10
-4.2788529 0.13828361 0.36052915 13
-4.2324367 -2.0315399 0.44785881 11
-4.2860651 -0.71101505 0.48874524 14
-4.2691913 2.4213417 0.48751405 14
-4.2839737 6.352149 0.46226984 9
-4.2733746 6.4380441 0.40463912 9
-4.237895 -0.72155583 0.54926336 15
-4.2234068 0.18974328 0.54266 15
-4.2273545 0.24235319 0.53176117 12
-4.2347155 6.4253321 0.63482386 11
-4.2678032 0.18339461 0.84977496 15
-4.2150927 0.38651553 0.82999748 10
-4.2787051 0.1569638 0.96343851 15
-4.2513299 6.3648181 1.0600787 13
-4.2306867 6.4104552 1.0394908 12
-4.2989502 -3.235429 1.1623759 13
-4.2807803 6.3893137 1.3834747 15
-4.2021565 -3.2522318 1.5388871 14
-4.2118969 6.4045429 1.5865254 15
-4.2513041 -3.3387702 1.7400848 15
-4.2971978 -3.2887182 1.7121662 14
-4.2660103 -0.45686305 2.6079247 15
-4.2094989 0.802302 2.6165018 15
-4.2583303 -1.362363 2.7832408 15
-4.2667494 0.026475497 2.7460947 15
-4.1636806 -3.8076589 -0.19277775 8
-4.1938505 -1.4203423 -0.023476977 7
-4.1742697 0.056835458 -0.056699071 9
-4.1479082 2.252383 -0.030956574 5
-4.1513515 2.3308616 -0.06242824 6
-4.1101036 6.3904009 -0.044698641 7
-4.1918859 0.09798076 0.1944041 9
-4.1826253 0.12816213 0.17179754 14
-4.1290712 6.3422213 0.17247583 8
-4.1408544 -0.065479837 0.25421819 10
-4.1911807 0.098898917 0.29011199 11.333333
-4.1015258 0.53894204 0.23948729 13.5
-4.1874595 -0.1282199 0.31237972 12
-4.1346402 0.045411792 0.33397156 15
-4.122509 0.13020088 0.37163356 14.5
-4.1126528 -0.024343353 0.46385363 14
-4.1008162 0.014534376 0.46524414 15
-4.1539645 0.45112771 0.48688346 15
-4.1729021 6.3901134 0.41077971 10
-4.1321039 0.53870237 0.62080413 15
-4.1372528 6.3428612 0.64003539 12
-4.1207032 0.28947824 0.76831043 12.5
-4.1443229 0.57633311 0.77768785 11
-4.1909628 6.2988768 0.79940677 12
-4.1170354 -0.18234202 0.91917378 15
-4.1562266 0.32158986 0.90105528 15
-4.1490293 -3.2587013 1.1336026 11.5
-4.1096468 -3.3002717 1.4203383 15
-4.1267729 -3.2226453 1.4833231 12
-4.1633902 -3.2900615 1.5016532 13
-4.172523 -3.2996972 1.6802077 14
-4.114656 -3.2111015 1.7304528 15
-4.1093874 -3.2697423 1.8949232 15
-4.1694331 0.1118045 2.3466711 15
-4.0880189 -3.1822069 -0.080669247 7
-4.0283656 -2.9438281 0.087082632 8
-4.0813251 -0.0043228734 0.18952475 14
-4.0708213 -1.4400687 0.25589284 10
-4.0285878 -0.16016893 0.23100114 10
-4.0103173 -0.050732166 0.24752098 12
-4.0148101 0.19599333 0.29149613 9
-4.0317078 0.22530553 0.29161215 13.25
-4.0740533 6.1477685 0.23547575 7
-4.0453992 -1.7984737 0.33591309 11
-4.0853238 -0.31184584 0.30991468 9
-4.0374756 -0.033527672 0.31530085 12
-4.0775166 0.14206761 0.31079248 11.666667
-4.0475931 0.50230706 0.34080046 15
-4.0482359 -0.9838503 0.4104974 12
-4.0332723 -0.83625251 0.48698872 13
-4.0489154 0.096814141 0.43931931 13
-4.0055289 0.3983826 0.44206354 13
-4.0755248 2.4116988 0.42649585 13
-4.0127144 0.47052604 0.58250797 11
-4.0618682 1.8612475 0.53839928 11.5
-4.0200567 2.1368845 0.50606787 12
-4.0217385 6.4086285 0.58540708 11
-4.0809603 0.13696715 0.69971865 13
-4.0280952 0.24424279 0.67028731 11
-4.0151205 1.9478936 0.68574846 13
-4.0545311 2.0653238 0.67084384 13.5
-4.0799756 6.3133144 0.62674296 11
-4.0688152 -1.3641348 0.78275704 14
-4.0059738 0.058686644 0.78736675 14
-4.0793824 0.6429078 0.87887639 15
-4.0657878 1.8751186 0.80510324 14
-4.0101328 0.53145164 0.94727772 13
-4.0005465 6.4211025 0.94947141 12
-4.0725994 0.68098378 1.0886077 15
-4.0165915 6.3713517 1.0149884 14
-4.0597949 0.11695445 1.1694026 11
-4.080833 6.3134694 1.1494625 14
-4.0711503 6.3086991 1.2186887 15
-4.0269113 -3.2358935 1.3854175 13
-4.0064764 6.4260206 1.3023945 14
-4.0720816 -3.2301276 1.5120304 13
-4.02494 -3.2210104 1.6931504 15
-4.0386496 -3.3404746 1.740615 13
-4.0306993 -3.2527413 1.7345374 15
-3.9140439 -3.4199803 -0.11996348 8
-3.9793944 -3.1518669 -0.0186504 9
-3.9028721 -3.3734787 0.091717616 8
-3.9386926 -3.2202146 0.089614347 9
-3.9215031 0.29754528 0.069634117 8
-3.9552805 -3.2714899 0.15188013 9
-3.9402304 -2.9965069 0.19592565 9
-3.9548123 0.37177372 0.13134582 7
-3.9620657 -3.2268562 0.27057004 9
-3.9158905 0.15235955 0.22286859 14
-3.9385374 0.27037951 0.25494969 10
-3.9735377 0.34444284 0.25463673 9
-3.9005978 -3.4582839 0.36109391 10
-3.9213679 0.026052525 0.30786702 9
-3.9779351 0.27134225 0.34775099 9.5
-3.9565978 0.30266845 0.3534936 10
-3.9495342 6.3177629 0.39930621 10
-3.9579206 0.17512923 0.40397474 12.5
-3.9296143 0.31645373 0.43292353 10
-3.9258235 2.2664752 0.42564923 13
-3.9043114 0.3588748 0.54288834 11
-3.987586 6.3337302 0.54861915 10
-3.9500694 6.406817 0.54915088 10.75
-3.9802821 1.7493201 0.63629007 12
-3.9811935 6.5261555 0.65913981 13
-3.9137125 0.33895871 0.79071665 11
-3.9321516 0.081532642 0.88848197 10
-3.9748321 0.26394856 0.8192035 10
-3.9130454 6.3600788 0.87273401 14
-3.9805977 0.43574217 0.91663688 14
-3.9352679 6.3318095 0.95576566 13.5
-3.9590609 6.4370008 0.96967083 13
-3.9228098 6.3213949 1.0625029 15
-3.9424977 6.4395003 1.0796409 14
-3.9196823 -3.3055089 1.1066669 12
-3.940474 -3.2208784 1.2595067 12
-3.9511476 6.3768187 1.2371404 14.333333
-3.9935796 -3.2181325 1.4147094 14
-3.9708934 -3.2261534 1.5334877 14
-3.9619529 -3.2317646 1.6029915 15
-3.9530082 -3.3325672 1.7426023 14
-3.8229997 0.25099143 0.16595799 7
-3.8573444 -3.6369898 0.25525418 8
-3.8429861 -3.439599 0.29880899 11
-3.8539577 -3.3167756 0.24198511 10
-3.8542306 -0.17300016 0.22582096 10
-3.8661618 0.27048048 0.25018874 8
-3.8779283 0.32520881 0.24096751 8
-3.8804388 -3.4931536 0.36005265 10
-3.8820605 0.24079163 0.32621133 8.5
-3.8674047 0.35088119 0.35376626 11.2
-3.8671317 -0.98141384 0.4326193 13
-3.8637879 0.15382925 0.47303346 13.5
-3.8596129 0.35553539 0.44858217 10.5
-3.8710859 0.42235422 0.49848089 13
-3.8706374 2.2388959 0.44532454 13
-3.8631546 6.0925021 0.4983688 12
-3.8426695 -3.665689 0.56191748 11
-3.8549922 -3.5731316 0.57292759 10
-3.8377223 -0.23311283 0.52299637 12
-3.818274 -0.056931127 0.50251758 11
-3.888308 0.28279793 0.53866553 11
-3.8306119 5.511518 0.53145909 15
-3.8304279 6.3701916 0.57359749 12
-3.8023136 6.4255657 0.59315038 10
-3.8929732 -3.3398647 0.65443391 11
-3.8686874 0.32866281 0.66826671 12
-3.8637004 2.2650814 0.63610476 15
-3.8717811 6.1092553 0.6891526 15
-3.8923817 0.04141926 0.71437389 14
-3.8294017 6.2766724 0.75344998 13
-3.8263578 6.3578548 0.79464322 15
-3.8591659 6.3212671 0.85257059 12
-3.8364496 6.450285 0.84171855 13.5
-3.8281119 6.5114284 0.81589484 14
-3.8845451 0.1839892 0.92116493 15
-3.8672509 6.2948918 0.99752951 13
-3.8984268 6.3202662 0.92777652 12.5
-3.8781321 6.4053941 0.98234177 12
-3.8041084 0.40834856 1.0403711 15
-3.8699632 6.295239 1.1085185 14
-3.8430946 -3.6312261 1.2275978 15
-3.898603 6.3084817 1.3112843 15
-3.8679492 -3.191788 1.4963706 14
-3.8917491 -3.315778 1.5943431 15
-3.8842671 -3.270139 1.9388396 15
-3.8973968 -3.5579553 2.1871338 15
-3.873425 -3.4950757 2.2352939 15
-3.7499881 -3.6667302 -0.10029442 7
-3.797858 0.23620719 -0.13369456 6
-3.7584519 0.24591623 0.083345734 8
-3.7210422 2.3589625 0.07205575 9
-3.7642214 -3.5299695 0.11418363 8
-3.7555482 -2.2845683 0.19882166 9
-3.7796712 -0.2200067 0.17820056 9
-3.7879457 -0.11802492 0.19772862 12
-3.7131391 6.416697 0.16430087 8
-3.7888095 -3.6577713 0.27616173 9
-3.7519858 -1.206158 0.22448133 10
-3.7681692 0.25036666 0.24777028 10
-3.7171731 -3.6671474 0.32085657 9
-3.7604065 -1.1744763 0.3886804 12
-3.7214735 0.32085308 0.33445978 9
-3.7702584 6.2529998 0.35031778 9
-3.7473507 0.25866133 0.47023681 12.2
-3.7676413 0.40178066 0.49043271 11
-3.7277968 6.215445 0.45132664 11
-3.7642276 0.25588918 0.52887791 11
-3.7924483 0.45148242 0.53979325 12
-3.7776964 5.6393738 0.52326953 15
-3.7899346 5.9213982 0.54392552 14
-3.7558091 6.2477193 0.55653691 11
-3.7724881 6.4034553 0.51747054 9
-3.759455 -3.6830337 0.67584932 12
-3.7969368 1.8861107 0.61114365 12
-3.750356 6.4114141 0.60889578 11
-3.7901318 0.40572947 0.76925403 14
-3.790864 6.3368101 0.75561976 15
-3.7799945 6.4152489 0.77854455 12
-3.7635643 0.28529119 0.89196008 12
-3.7410216 1.9039074 0.81165737 14
-3.7760813 6.4146624 0.95075035 13
-3.7932959 6.3216596 1.0803602 14
-3.7461724 6.4096017 1.2245038 15
-3.7935135 6.389617 1.3053411 15
-3.7496755 6.4191895 1.3376932 12
-3.7064281 6.3978682 1.441543 15
-3.7413249 6.4002128 1.6717585 15
-3.7392578 -3.6377029 1.8609493 14
-3.6543953 -3.5092726 0.061888654 9
-3.6645894 -3.4991343 0.18584016 8
-3.6498966 -3.3192899 0.10763674 8
-3.61112 -0.14754924 0.19975072 14.5
-3.6979988 0.20740935 0.15724672 7
-3.6646364 0.38738665 0.19283341 13
-3.6622374 2.9859245 0.15995769 9
-3.6268847 6.4815192 0.1308389 6
-3.6361845 -3.6583722 0.24371812 9.5
-3.6526423 0.18554731 0.28664413 11
-3.6750281 0.21567672 0.22095117 9
-3.6584597 0.4437907 0.28391358 13
-3.6970835 2.4282672 0.26620051 13
-3.6009421 2.9884813 0.26201889 12
-3.6584759 3.0449188 0.2349079 10
-3.6850138 3.4253509 0.26020506 10
-3.6925256 -0.11795857 0.344412 10.5
-3.6795921 0.19078733 0.36809844 9
-3.6984453 0.28281233 0.34784684 9
-3.6320662 2.1559525 0.38539919 15
-3.6536 2.2240579 0.34573945 12.5
-3.6039791 3.5225892 0.36207318 12
-3.6721115 6.1619687 0.33157933 8.5
-3.6681917 -3.6339636 0.44414565 10
-3.6828494 0.3498027 0.46395278 11
-3.6146929 0.41690606 0.49891788 12
-3.6672068 2.1104155 0.49527407 13
-3.6177411 2.2692077 0.45375955 14.25
-3.6825531 2.8581319 0.46367764 15
-3.6784408 2.9357641 0.43278626 14
-3.6311762 5.2438993 0.45207232 13
-3.6290886 5.4268951 0.43146747 11.5
-3.6725249 6.2327695 0.43078789 10
-3.6583526 6.423789 0.47058207 10
-3.6379685 6.5872283 0.4481304 10.5
-3.6608689 -1.1543736 0.52942604 12
-3.6707475 -0.38768929 0.50077325 14
-3.6026275 2.2728727 0.5529471 13.5
-3.6367774 5.6581798 0.50398773 14.5
-3.6523817 6.1718721 0.50266093 12.5
-3.6606712 6.3571196 0.5714578 10.5
-3.6136377 6.4108677 0.56285417 11
-3.6712964 2.1175582 0.60020912 15
-3.6388533 5.8530254 0.62585074 13
-3.6110682 6.0297642 0.64064342 14
-3.6478677 6.1876497 0.65780175 14.5
-3.6801293 6.227325 0.61727178 12
-3.6814098 6.4495087 0.6720165 12
-3.6836779 6.5043836 0.60572678 13.5
-3.6443961 2.0317879 0.74253881 14.5
-3.6230087 6.5032616 0.70379549 15
-3.6446412 -0.6308189 0.84584242 14
-3.6679013 0.18117402 0.84225082 10
-3.6435797 6.1872873 0.80348426 14
-3.6328087 6.2542567 0.82803816 14.5
-3.653043 6.4396696 0.84898347 14.5
-3.6665673 6.3193135 1.0330664 15
-3.6970837 6.4125319 1.2243204 13
-3.5286202 -3.67255 -0.061208595 8
-3.5192733 0.99712706 -0.019138059 6
-3.5111177 0.1164279 0.098499775 10
-3.5733759 -3.6147044 0.17661589 10
-3.5695491 -0.10484121 0.19463253 13
-3.5864627 -0.093831606 0.17470695 12
-3.516706 0.12225947 0.12346239 8.5
-3.5701842 0.37993571 0.16461554 11.5
-3.5491788 0.42187297 0.18527877 12
-3.5089722 2.8680491 0.16807716 9
-3.5304773 2.9075446 0.17699461 12
-3.5212691 5.3491759 0.18170995 8
-3.5199988 6.3743186 0.16286044 6
-3.5601504 -3.6709297 0.23288731 7.5
-3.5231693 0.43547034 0.22943625 12.5
-3.5448279 2.1864095 0.26988998 15
-3.5691192 2.3426306 0.22368616 12
-3.5331244 2.5539384 0.28769737 12
-3.507623 4.6287913 0.2979781 15
-3.5487704 6.3797345 0.2798599 7
-3.5633535 -0.10237484 0.31777579 13
-3.5501781 0.36339483 0.34201804 15
-3.51898 0.40985075 0.34617969 11
-3.5204017 2.2447205 0.31518602 10
-3.5078969 2.3122401 0.33598122 10
-3.5673761 2.9626884 0.37951222 14.75
-3.5116138 3.0083897 0.39595839 11.5
-3.5832546 3.2677631 0.39840576 12
-3.5162063 3.3436921 0.3529059 15
-3.5299921 3.4266808 0.39071769 12.25
-3.5057549 4.217258 0.39296409 12
-3.5763466 4.8870964 0.38231283 10
-3.5040352 5.2692866 0.3987377 11
-3.5002565 5.4107175 0.39561567 14
-3.5428548 5.5338922 0.37695548 12
-3.5777111 5.7099962 0.32982519 10
-3.5559835 6.3781314 0.3971912 8.5
-3.5672421 -1.1792599 0.44021007 12
-3.5292685 0.36206797 0.44264901 12.333333
-3.5201383 2.1597726 0.49050143 13
-3.5646465 2.2436955 0.45494267 14
-3.5142672 2.8903098 0.46279082 15
-3.5388355 2.9686275 0.40066868 13.5
-3.5319791 3.0521657 0.47191805 14
-3.5162742 3.2181785 0.46753776 15
-3.5452106 3.4777284 0.43513194 14.75
-3.5869017 3.5201998 0.44097513 14
-3.5439985 4.0134773 0.44277397 14.5
-3.587539 4.2463808 0.49890015 14
-3.573684 4.6681466 0.4922373 12.5
-3.5114377 4.8528662 0.49963281 11
-3.5069959 0.21452908 0.57051706 11.5
-3.5185156 0.36412024 0.53938681 10.5
-3.509515 0.46054944 0.56083542 13
-3.5288332 2.1753521 0.53700387 13.333333
-3.5244033 2.2442374 0.57812357 13.5
-3.5147264 3.0316808 0.5610016 15
-3.5897329 3.1770637 0.53300571 15
-3.5692327 3.2410769 0.57960534 15
-3.5399332 3.4568534 0.50771827 13
-3.5320137 3.5889421 0.59171438 15
-3.524204 4.250246 0.52550298 13.75
-3.5286291 5.4590592 0.55072945 11
-3.5567732 5.7756076 0.51551211 13.5
-3.5644205 6.3929057 0.58273542 9
-3.5439136 6.4730468 0.53636909 12.5
-3.5458908 6.5180516 0.50390476 11
-3.5255623 0.30857709 0.62592804 10.5
-3.5968049 0.45487449 0.68528336 15
-3.5180507 2.1667409 0.66233718 13.25
-3.5564933 2.2283142 0.67515761 15
-3.5144317 3.0378447 0.60446107 15
-3.5426338 3.1480129 0.62764925 15
-3.590368 3.5627227 0.657103 15
-3.5211794 5.3067923 0.65983653 12
-3.5721424 6.3892307 0.62742841 10.25
-3.5117638 6.4829278 0.61514843 12.5
-3.5373313 6.5691919 0.63869548 13
-3.5320737 2.2459519 0.75718397 14.166667
-3.5097697 4.6903672 0.7932905 15
-3.5022619 6.2955551 0.74570507 12.5
-3.500834 6.4684849 0.70240915 14
-3.5046711 6.5584307 0.78345221 15
-3.5977287 0.41152191 0.88815188 13
-3.5066195 6.376049 0.81370229 12.5
-3.500962 2.1625812 1.0135778 15
-3.5920508 -3.6420412 1.3617362 15
-3.5151093 -3.614234 1.7409159 15
-3.570425 -3.7512994 1.9155368 15
-3.4437375 -3.6541569 -0.11985668 7
-3.4645882 0.36729798 0.074672803 7
-3.4358747 0.25829664 0.14436291 10
-3.4799221 0.39204064 0.15796165 10
-3.4661005 0.40598729 0.15428843 10
-3.4412961 2.9541795 0.14304262 12
-3.4900677 -3.655117 0.24440593 8
-3.4300849 0.07034497 0.21128234 15
-3.457417 0.1566315 0.28672427 12
-3.4571829 0.334234 0.26019961 11.5
-3.4715867 0.40177599 0.28139892 10
-3.4928648 3.4017105 0.27649847 13
-3.4282959 3.773083 0.20958643 8
-3.4099574 3.836715 0.24408504 9
-3.4640186 3.987952 0.27263629 12
-3.4289601 4.0773416 0.22015616 10
-3.4483721 4.2510991 0.26661152 10.75
-3.4479041 4.3743081 0.20749325 9
-3.4023879 4.4468646 0.21142486 9.5
-3.4196966 4.6990771 0.25252748 10
-3.4473884 4.8626447 0.23812851 9
-3.4501753 5.2558827 0.277035 11
-3.4821255 -2.2714696 0.39287648 10
-3.4852707 -0.0068358006 0.37271607 15
-3.4050605 0.0038072709 0.33274633 15
-3.484262 0.17049603 0.30212259 11
-3.4662869 0.23155224 0.33033532 13.166667
-3.4953794 0.3525016 0.33992675 8.75
-3.4590974 2.8399036 0.34611577 14.75
-3.4499168 2.9488647 0.38845459 13
-3.4164174 3.7132623 0.33677933 14
-3.4485657 4.0777373 0.3572185 12.75
-3.4133344 4.2347465 0.34642619 14.5
-3.4424014 4.4577045 0.33773515 15
-3.4269662 4.537312 0.30048487 9.5
-3.4224439 4.6679444 0.34057179 13.333333
-3.4932947 4.8580842 0.3883242 10
-3.4596393 5.1684871 0.37888947 14.5
-3.4929476 5.725697 0.32075346 9
-3.4943752 5.9262271 0.39437392 10
-3.4402559 -3.5660536 0.46547237 11
-3.4573004 -0.99996823 0.49154571 13
-3.4782085 0.028592534 0.41047221 15
-3.489697 2.1701982 0.43394154 13
-3.4007139 2.4010746 0.43292218 14.5
-3.4492662 2.9579947 0.46841672 11.5
-3.4995077 3.0245526 0.43018574 12.5
-3.4268632 3.6291552 0.41434586 13.25
-3.4700246 3.9952393 0.42165893 13
-3.4618144 4.1794806 0.45035547 13
-3.4310904 4.4086642 0.40665886 15
-3.4735556 4.5733571 0.41486281 12
-3.4860551 4.6718426 0.48631933 13.25
-3.4195654 4.7836204 0.47877571 13
-3.4508665 5.043891 0.47320214 12.75
-3.4837706 5.1041832 0.43853721 11
-3.4874187 5.2328629 0.47639558 12
-3.4946876 6.4177079 0.48657289 9
-3.4780514 2.1599448 0.54688042 10.25
-3.4985869 2.2155731 0.5016697 14
-3.4542651 2.9749088 0.57062608 14
-3.47312 3.1534379 0.51901984 13
-3.4548738 3.2262034 0.51304424 14
-3.4058468 3.5634451 0.549658 15
-3.4233601 3.606899 0.5375486 14.5
-3.4944246 4.0589757 0.53817105 15
-3.4083693 4.7106113 0.59148622 12
-3.472945 5.7452135 0.57046837 11
-3.4910538 5.8554583 0.53495431 15
-3.4837439 -3.6572683 0.61632675 10
-3.4247501 0.22245356 0.60680723 14
-3.4794323 2.2484417 0.6052236 13
-3.4031978 2.9614825 0.63053691 13.5
-3.4754958 3.1457133 0.63776708 13.5
-3.4239786 3.2308941 0.69848299 13
-3.4160516 3.3943281 0.63411278 12
-3.4969926 6.3077421 0.64146006 11
-3.4197426 2.974113 0.74888152 14.5
-3.4692779 4.6802273 0.70202923 15
-3.4080548 5.0413508 0.7743727 13
-3.4833264 6.3183527 0.77755427 13
-3.4921718 6.4899344 0.78741431 15
-3.4962652 2.1673119 0.86998224 13
-3.4885221 6.2780204 0.95392853 14
-3.4961939 6.3528714 0.97660357 14.5
-3.4558237 2.1662517 1.0206383 14
-3.4058318 -3.6954622 2.0941257 15
-3.3659098 -3.6647916 -0.12460607 7
-3.3827295 -3.6794684 -0.0094550634 8
-3.3957496 -3.6578243 0.12762688 8
-3.3432047 0.026133461 0.14507408 12
-3.3724787 0.15691571 0.16806871 10
-3.3900537 0.26881981 0.18250462 9
-3.3940151 2.8458912 0.17539364 13
-3.3800919 3.8475316 0.12497274 6
-3.3542092 4.3115158 0.11838632 7
-3.3613431 -3.6356618 0.26848695 9
-3.3803556 2.8404703 0.25168398 15
-3.3549185 3.9672701 0.28697765 11
-3.3740737 4.1521807 0.25580773 10
-3.3481865 4.3213806 0.24991463 10
-3.3234968 4.7818599 0.23744746 15
-3.3614752 4.842587 0.28244847 10
-3.3395882 4.9699211 0.26650292 14.5
-3.3591611 5.2899761 0.27889219 13
-3.3080537 -3.6629682 0.3736431 9
-3.386858 -0.010598949 0.32071671 14
-3.3284509 2.9190927 0.35129121 13.833333
-3.3634033 3.9482942 0.33213282 13.75
-3.3543 4.0538335 0.3208037 15
-3.367713 4.1473198 0.36173823 14
-3.395716 4.2837329 0.32972282 11
-3.362253 4.4308786 0.33181682 12
-3.3389966 4.6424494 0.374001 13
-3.3664389 5.1184316 0.39053509 11
-3.3109319 5.3216538 0.33418107 14.5
-3.350116 5.4229155 0.32627946 15
-3.3425672 -3.6555979 0.47826022 9.833333
-3.3809328 0.28120965 0.44471112 12
-3.3688786 2.8661819 0.40655106 14
-3.3524625 2.9312096 0.47729027 13.666667
-3.3996391 3.0387692 0.4139401 11
-3.3938591 3.3723688 0.44570488 11
-3.3563066 3.4544663 0.44690722 13.5
-3.3863416 3.7627678 0.43849319 15
-3.3966043 3.9646628 0.44470614 13
-3.3897932 4.0023766 0.46589306 15
-3.3584731 4.4696651 0.44723693 15
-3.3294785 4.5730853 0.44588232 14
-3.3979583 2.295645 0.55724519 14
-3.3415112 2.865062 0.55675215 12
-3.3928726 3.0844138 0.54952687 13
-3.3989646 3.5712845 0.54288292 15
-3.3026335 4.0117817 0.54793841 14.5
-3.367528 4.5648956 0.52070773 15
-3.3843799 0.02882595 0.68246907 9
-3.3326797 2.2115576 0.60317451 15
-3.3355601 2.8635614 0.62124979 12
-3.3676715 2.9111695 0.65264606 15
-3.3854046 3.3717639 0.66915882 13.5
-3.3976784 0.23234104 0.70552981 14
-3.3348277 -3.4744632 0.82623482 13
-3.3587635 0.044840541 0.87241489 13
-3.3286004 2.8932011 0.86224967 15
-3.3775613 2.9688852 0.80248111 13
-3.2900093 -3.7316363 -0.057495501 8
-3.217721 2.5235438 0.089165241 11
-3.275888 2.6228809 0.0053265807 6
-3.2908413 -3.6694601 0.15089045 8
-3.2497485 2.5079587 0.12610936 8
-3.2867739 3.6544604 0.14978471 8
-3.2971256 0.19385841 0.24354401 10
-3.2186937 3.733247 0.28794566 10
-3.2520089 -3.6481838 0.37355679 9.5
-3.2940841 0.1607831 0.34577787 11
-3.2393832 2.8972945 0.3042132 13
-3.2788587 2.9367919 0.35938314 12.75
-3.2738295 3.7893264 0.35633653 15
-3.2345266 3.9680066 0.33289224 12
-3.247555 2.2665362 0.48184565 14
-3.2527308 2.8712425 0.40594828 13
-3.2164965 3.6882083 0.47782412 14.5
-3.2181566 4.0269046 0.45239621 14
-3.276644 4.2341871 0.41226 15
-3.2428195 -3.6549189 0.5285545 10.5
-3.2482769 -3.5281849 0.5154832 9
-3.2928107 2.8664117 0.56337553 11.5
-3.2997105 -3.6794729 0.61968142 10
-3.223032 -3.7444365 0.89839584 11
-3.2694271 2.8188767 0.89184892 15
-3.2867956 4.2961674 0.82528472 12
-3.2695744 -3.5928047 1.8957938 15
-3.2549427 -3.5913994 2.3138068 15
-3.1230059 -3.6728969 0.078724027 9
-3.1151302 -1.3263583 0.11083234 9
-3.1283603 -1.5266354 0.27422091 11
-3.1288919 3.6868734 0.25167891 10
-3.1063707 2.9065144 0.35070243 14.5
-3.1094294 4.0084023 0.33643749 12.5
-3.1486886 2.8847139 0.45657304 12.75
-3.1715312 2.9124432 0.42506316 13.25
-3.1659203 4.0185404 0.42899549 12
-3.1090786 2.8697073 0.52197194 11
-3.1325455 2.9153342 0.55126482 13.666667
-3.1173339 -0.22122277 0.62282264 13
-3.1912632 2.2484629 0.62287444 13.5
-3.1609144 2.8500524 0.66717136 13
-3.1719196 -1.2204421 0.80727309 13
-3.1304202 -0.9431513 0.86245298 12
-3.1864946 2.8805745 0.88082439 14
-3.150038 3.0000975 0.85772616 14
-3.1353233 -3.6212435 1.8799455 15
-3.1853776 2.0354807 2.2828002 15
-3.0879443 -3.6996355 0.087892659 8
-3.0965099 -1.4282316 0.058932766 9
-3.0390835 2.0998163 0.0099706557 6
-3.0999811 2.8620574 0.097205162 11
-3.0892532 -1.3613685 0.17755926 9.5
-3.0539899 -3.6192844 0.24074271 7.5
-3.0071261 -0.02485086 0.21400648 13
-3.0036376 2.9900851 0.28476357 14
-3.0450454 2.2832754 0.36104506 14.5
-3.0702014 3.9721737 0.38317668 12.333333
-3.0553071 -2.2751999 0.49415657 11
-3.0278447 -1.6688439 0.48617545 12
-3.0169487 2.2664518 0.40225181 14
-3.0818746 2.8912818 0.48996127 15
-3.0896366 3.4866526 0.40676162 15
-3.0487444 -3.6464598 0.51152122 11
-3.0172172 2.861932 0.58039367 13
-3.0422752 -0.22722626 0.62685418 15
-3.0840175 -1.1367879 0.87330312 14
-3.0151682 -0.90066361 0.85719085 13
-3.0853889 6.4276266 1.5009947 15
-3.020314 -3.686157 1.688496 15
-3.0124657 3.8394701 1.6974468 14
-3.0653946 -3.7650721 1.7734262 15
-3.0356092 6.013309 1.9758221 13
-2.97771 -3.5219209 -0.22565633 7
-2.9683406 -3.6504483 -0.059062302 7.5
-2.902761 0.4424668 -0.089731306 7
-2.9710684 -3.6438718 0.13908549 9
-2.9272859 -1.5656577 0.15382265 10
-2.9802759 -1.3315682 0.17696932 9
-2.9183648 2.1513197 0.19336791 13
-2.9224033 2.4544842 0.17811097 12
-2.9052784 2.522701 0.15951042 11
-2.9461956 -0.14871165 0.2962527 11.5
-2.9109824 2.1452615 0.23883796 15
-2.9268203 2.2634902 0.26119921 14
-2.9191895 2.4215801 0.23589309 13
-2.9247561 2.7477074 0.28231174 13.25
-2.9020653 2.8471391 0.28044882 13
-2.9123166 2.9275384 0.28696939 13.5
-2.9316211 3.0429816 0.28774121 13
-2.9160371 -2.2705951 0.31192774 10
-2.9810987 -1.6065937 0.31688055 10
-2.918087 -0.16997646 0.37186688 12
-2.9433827 -0.063394107 0.33183688 12
-2.9226177 2.1712682 0.33301923 15
-2.9282961 2.2363794 0.3581084 12
-2.9049041 2.4518309 0.37498 13
-2.9774418 2.5659678 0.3820588 15
-2.9021573 2.7956543 0.36793646 13
-2.9190962 2.9270713 0.3674252 14.5
-2.9142435 3.0022283 0.35984007 13
-2.9180803 -3.7237909 0.42790154 10
-2.9242561 -0.6355508 0.46423155 15
-2.9652617 0.015026956 0.48198608 12
-2.9073393 2.1849828 0.49464485 15
-2.9445357 2.2621653 0.47962809 14.666667
-2.9624934 2.3622994 0.48371473 14
-2.9429929 2.959002 0.44037995 14.3
-2.9518995 3.9338999 0.43031237 13
-2.9159529 -0.043388546 0.50643045 15
-2.9043665 2.2350583 0.51396382 13
-2.9192419 2.9635332 0.5649243 13.5
-2.9097905 -1.8494502 0.64505219 13
-2.902123 2.1223192 0.61946779 10
-2.9227245 2.8598404 0.65641499 12
-2.9264574 -1.777503 0.75024587 15
-2.9430065 5.1959128 1.2551852 11
-2.938766 6.2433171 1.2737442 12
-2.902143 4.267067 1.3494394 13
-2.9042964 4.7965913 1.3462801 13
-2.9044933 5.7706604 1.3847764 15
-2.9081933 4.0026007 1.412245 13
-2.9122195 -3.6715069 1.5214474 14
-2.903127 2.7580802 1.5872043 14
-2.9057329 5.5710802 1.5193423 13
-2.9004545 3.8501992 1.6866776 13
-2.9229608 5.607687 1.6344212 13
-2.9638512 4.8844638 1.7266235 13
-2.9486187 4.563231 1.8558342 14
-2.9407763 4.7840047 1.9949707 15
-2.9144778 5.0407147 2.0100908 14
-2.9116209 5.7468567 2.1259007 14
-2.8625343 -3.6253424 -0.078424484 6
-2.8248646 3.8299217 0.047396637 7
-2.8000486 4.6162524 0.078294605 8
-2.825933 4.8332863 0.049951836 8
-2.8703871 -3.664712 0.1339955 9
-2.861274 -3.562948 0.11676452 7
-2.8789382 -1.2633905 0.11756574 9
-2.8819683 -0.29232636 0.16276801 11
-2.863354 -0.15191042 0.13320453 10.5
-2.8184962 -0.056681763 0.17025936 12
-2.8608775 2.3395524 0.13188632 11
-2.81796 4.2866254 0.19882776 9
-2.8028269 4.7412786 0.13848656 8
-2.8598866 -0.47057036 0.243532 11
-2.851337 -0.083779417 0.29720765 8
-2.8370724 2.0675871 0.26093307 9.333333
-2.8528492 2.1240847 0.27069899 10
-2.8798079 2.3410475 0.27061519 12.833333
-2.8761723 2.4046526 0.25302249 15
-2.8377631 2.5458822 0.25434184 11.5
-2.8494298 2.6465366 0.27206278 13
-2.8846202 2.8758111 0.22867422 12
-2.8379407 2.985373 0.22415008 12
-2.8164027 3.0804212 0.24200703 8
-2.8191962 3.9086831 0.20001552 8
-2.8363957 4.2489209 0.23932454 8
-2.8339012 4.31388 0.23200935 8
-2.8468375 4.4974866 0.2233364 7
-2.8113203 4.5985513 0.24714835 9
-2.8379862 4.6211643 0.28951678 9
-2.8537111 4.8640423 0.24651648 8
-2.89744 -3.6568801 0.32849416 10
-2.8460348 -1.461992 0.34087673 12
-2.848089 -0.14576063 0.34212667 11.5
-2.8529406 1.9371954 0.39260027 15
-2.8491974 2.0904198 0.34800982 11
-2.8335521 2.1461589 0.36662158 11.333333
-2.8346596 2.234262 0.31945556 12
-2.8300226 2.3980818 0.35516748 11
-2.8233411 2.439651 0.37583536 14
-2.8371921 2.5951028 0.30473086 10
-2.8794053 2.7243524 0.37301645 11
-2.8756831 2.9584794 0.3408781 14.333333
-2.8514061 3.0806816 0.35155153 11
-2.8080943 3.9015055 0.36207616 11
-2.826606 4.0579686 0.34752348 9
-2.8081076 4.3228531 0.39652887 9
-2.8062427 4.5367541 0.33676586 10
-2.84868 4.6365027 0.3948012 9
-2.8587046 4.8164449 0.33782673 8.5
-2.8213811 4.9434495 0.32829565 10
-2.8834515 -0.15432793 0.49261886 9
-2.8534579 0.11959991 0.42826283 11
-2.8354053 2.0936813 0.44542739 11.2
-2.8341374 2.131686 0.44654703 12.2
-2.8291171 2.2360542 0.4673292 14
-2.8519607 2.3148937 0.44338095 14
-2.8483708 2.4745259 0.49012342 14
-2.8460526 2.5610614 0.42366612 13.666667
-2.8415856 2.6799257 0.44810304 14
-2.8400514 2.7904048 0.41132841 14
-2.8738 2.8397763 0.43396321 13.5
-2.8690557 2.947825 0.45391694 12.4
-2.8046725 3.4146044 0.48163161 12
-2.8990798 3.6096077 0.42430446 15
-2.8069081 3.7645855 0.47564703 10
-2.8215501 4.1721277 0.46174914 10
-2.804553 4.2293239 0.4983241 11
-2.8463898 4.4311538 0.42086875 10
-2.8506474 4.7810817 0.44933715 11
-2.8209908 4.8350372 0.46200269 9
-2.8152335 4.9473977 0.45402515 9.5
-2.853152 2.0892653 0.56119913 12.166667
-2.8268359 2.1411746 0.54316479 12.4
-2.8491523 2.4195249 0.50799775 15
-2.826859 2.6862705 0.53531176 14
-2.8572204 2.7541795 0.53863692 13.75
-2.8087049 3.9532766 0.59470713 12
-2.8375823 4.1304688 0.56491411 10
-2.8337088 4.2886076 0.59296948 12
-2.814281 4.3118563 0.55754322 9
-2.8403997 4.4349337 0.58990586 10
-2.8450916 4.5587101 0.56949162 10
-2.8116763 4.6171384 0.52220374 10
-2.8068099 4.7237358 0.57779539 10
-2.8387532 4.8614922 0.50346375 11
-2.8339379 -3.650877 0.69046348 12
-2.804549 -0.82620758 0.62779504 15
-2.8734305 2.0904851 0.63903558 12
-2.8205171 2.1025913 0.65430444 12.875
-2.8163688 2.5383117 0.60088414 12
-2.8154929 2.7776034 0.6446538 12
-2.8173964 3.5832849 0.62593555 11
-2.8440669 3.7820654 0.674586 10
-2.8085687 4.0549474 0.6395691 9.5
-2.823868 4.2284908 0.68487167 12.5
-2.8451827 4.3488579 0.62401205 11
-2.8273993 4.4502378 0.66397107 11
-2.8595343 4.5809488 0.65347439 11
-2.8142531 4.8773685 0.61173087 12
-2.8245101 4.9103003 0.66160852 11
-2.8402693 5.8722682 0.66806132 10
-2.8194647 -1.856626 0.76123297 14
-2.8351555 2.0881324 0.76671475 13.2
-2.8156562 2.1170499 0.76955622 12.25
-2.8012209 3.0629039 0.78225696 12
-2.8141952 3.2373567 0.71342766 14
-2.8007767 3.5065243 0.78145456 11
-2.822391 3.6227167 0.78395039 10
-2.802429 3.735137 0.77422237 13
-2.833322 3.8333349 0.70439374 13
-2.822845 4.0265665 0.77979708 12.5
-2.8351727 4.1710081 0.75254917 13.5
-2.8308277 4.374084 0.77747411 12
-2.8375587 4.5984383 0.72962743 11.5
-2.8367157 4.9213428 0.77174383 11
-2.8824894 -1.6791546 0.81174797 14
-2.865083 2.0937576 0.88961089 13.666667
-2.8325238 2.1277936 0.8325941 12
-2.882169 2.9725263 0.80593282 15
-2.8013446 3.1012907 0.87041998 13
-2.80528 3.4223187 0.88266295 15
-2.8137949 3.5389235 0.82407969 13
-2.8138239 3.6632493 0.88724184 14
-2.8032966 3.787312 0.81821299 11
-2.8133678 3.8444178 0.80949795 14.5
-2.8030667 3.9329128 0.80466437 15
-2.8660679 4.24821 0.89252758 11
-2.8646038 4.5459189 0.85183054 10
-2.8090487 4.6010265 0.82423067 10
-2.8218052 5.6236925 0.83982003 12
-2.854032 2.0901711 0.95911491 14.333333
-2.8321078 3.2944324 0.97744823 14
-2.8078585 3.4879436 0.99568111 12.75
-2.8390648 3.6886685 0.99507409 14
-2.8015189 3.7456739 0.9175716 12
-2.8103187 3.9657853 0.9301188 11
-2.8264158 4.007019 0.93014336 13
-2.8318951 4.1559353 0.97590053 13.5
-2.8383169 4.3124261 0.9174962 12
-2.8681347 4.4442925 0.92042017 13
-2.8327088 4.618701 0.95385867 11
-2.8026142 4.7663765 0.90046108 12
-2.8240736 4.9444137 0.99783796 11
-2.844017 5.0182981 0.93044823 11
-2.8299248 5.1920362 0.99924332 11
-2.8154581 5.4530191 0.91374022 10
-2.8085864 5.5617833 0.90171337 10
-2.8510671 5.7135954 0.99008232 12
-2.8204389 5.9407158 0.98762286 14
-2.8167775 6.4196467 0.96222115 12
-2.8713336 2.0823023 1.0054837 15
-2.8483067 2.1173007 1.0509446 13
-2.812355 3.3670292 1.0223659 13.5
-2.8017924 3.9749079 1.0019053 15
-2.8402793 4.2332058 1.064846 11.666667
-2.8389015 4.3142228 1.0518081 14
-2.8037634 4.5517859 1.0108681 15
-2.8266618 4.6620536 1.0662771 15
-2.8009272 4.7215533 1.042836 12
-2.808275 4.9500022 1.0399299 11.5
-2.8017769 5.1819954 1.0779088 11
-2.8018019 5.2759099 1.0567393 11
-2.8385451 5.3058033 1.0693883 12
-2.8282814 5.5798149 1.0268199 12.5
-2.8529963 5.7577853 1.0670551 11.5
-2.8035316 5.9881396 1.0809834 14
-2.8080142 6.1865401 1.0424441 15
-2.8098452 6.4372544 1.0700449 13
-2.8218856 2.0367751 1.1501777 12.5
-2.8029315 2.8459673 1.1654932 12
-2.8071005 3.3522825 1.1824802 15
-2.8186183 3.6750941 1.1078526 15
-2.8600178 3.9072623 1.1828986 12
-2.8369274 4.0212965 1.1330752 11
-2.8480983 4.327673 1.133031 15
-2.8214889 4.4536572 1.1193267 14
-2.8557134 4.5656657 1.1468005 14
-2.8601017 4.6647434 1.1207378 11.5
-2.8199792 4.9843574 1.1050653 13
-2.8226542 5.0767665 1.1911205 13
-2.8226273 5.2324982 1.1799351 12
-2.8303397 5.3727145 1.1837949 12
-2.8120396 6.3792348 1.1237447 14
-2.8759475 2.0909142 1.2182348 15
-2.847441 2.1333387 1.2721277 13.5
-2.83307 2.8037412 1.2850338 13
-2.8261399 3.0677881 1.2529099 13
-2.8470669 3.3591621 1.2124941 11
-2.8042433 3.8228877 1.2464342 13
-2.8016684 4.2718821 1.2168543 14
-2.8276758 4.343586 1.2427417 13
-2.8048968 4.4497628 1.2061539 12
-2.8197076 4.6583858 1.2326008 14
-2.8355885 4.7736287 1.2482159 14
-2.8318422 4.8325057 1.2239711 12
-2.8141086 4.9181528 1.2743236 13
-2.8454974 5.3490152 1.2526885 13.5
-2.8147802 5.5766311 1.2315511 11
-2.8228559 5.9950085 1.2610512 13
-2.8183873 6.0250192 1.2556828 12
-2.8078594 6.120337 1.2454284 14
-2.8038166 3.8501668 1.3716128 13
-2.8714654 4.2554889 1.3743106 13
-2.8706832 4.4757643 1.31522 14
-2.824244 5.04176 1.3885334 12.5
-2.8085155 5.4686232 1.3843973 13
-2.8418849 5.5855494 1.3087054 13
-2.8086753 5.7427311 1.3782965 13.5
-2.838413 5.970458 1.3850433 13
-2.8017688 2.8171992 1.4983934 14
-2.812453 3.1092381 1.4219738 14
-2.8491185 3.8210244 1.4808677 15
-2.8394291 4.0583401 1.427031 14
-2.8118634 4.2932982 1.4448367 14
-2.8059349 4.3814816 1.4715972 12
-2.8109205 4.4469385 1.4528672 13
-2.8052561 4.5970492 1.4509702 14
-2.8051791 4.8746352 1.4023616 13
-2.8051581 5.1642404 1.4788126 13
-2.820451 5.4410777 1.4949143 12
-2.8087585 5.5864453 1.4407303 14
-2.8738029 5.9129047 1.4262303 15
-2.8570285 6.0851836 1.4373688 12
-2.8253536 6.2412009 1.4239094 12
-2.8161311 2.0463924 1.5122476 13.5
-2.8006141 2.1085787 1.5207571 15
-2.8391929 2.8848073 1.5594218 13
-2.8275406 3.3846872 1.5330883 15
-2.803961 3.9342427 1.5869967 13
-2.8073707 4.1829872 1.5215592 12
-2.8287623 4.7449408 1.5432118 14.333333
-2.8100166 5.0776796 1.5437322 13
-2.8417933 5.1648359 1.5534817 12.5
-2.8504794 5.2651796 1.5341594 12.5
-2.8107939 5.4296618 1.5941361 14
-2.8597376 5.7558794 1.5734538 13.5
-2.8259408 5.9417152 1.5613995 13
-2.8022883 6.1418648 1.5329642 13
-2.8074243 2.157644 1.6135386 14
-2.8210106 3.0124898 1.6331596 14
-2.8574061 3.1636317 1.6722062 14
-2.8224602 3.2669697 1.6095763 15
-2.8136265 4.4457297 1.6794167 13
-2.8343513 5.2083459 1.6578259 14
-2.8068836 5.5589271 1.6674867 13.5
-2.8351276 5.6749105 1.6465507 12
-2.8049636 5.8875451 1.6161034 13
-2.813967 2.7933784 1.7765136 15
-2.8608038 3.3079259 1.7254895 15
-2.821408 3.5345058 1.7259179 14
-2.8053701 3.8070235 1.7385316 14
-2.8095686 4.062983 1.7984455 14
-2.8289034 4.2651248 1.7246625 14
-2.8147931 4.5707798 1.7796804 14
-2.8992412 4.8651714 1.7138112 14
-2.8047488 5.0572104 1.7523681 14.333333
-2.835813 5.3375416 1.7444494 15
-2.8046238 5.5963292 1.7466418 15
-2.8067808 6.1817317 1.7780569 13
-2.8176312 6.3149643 1.7292111 13
-2.8031683 6.4644179 1.7462459 14
-2.8902354 3.1986806 1.8858165 15
-2.8556852 4.8688765 1.8919369 15
-2.8821747 5.1201615 1.8462766 15
-2.8675561 5.3915477 1.858448 13
-2.8092904 5.6679463 1.8375684 14
-2.8721268 6.332655 1.8737767 14
-2.8032634 6.4156885 1.8617675 15
-2.8016684 3.6528144 1.9354084 15
-2.8352818 4.4455867 1.9303889 15
-2.8167989 5.1218548 1.9720628 15
-2.839092 5.2562995 1.9392555 13.5
-2.8072376 5.4241018 1.9983484 15
-2.8163607 5.5399594 1.9020386 13
-2.8017087 5.7497678 1.9220959 14
-2.8150558 5.9059129 1.9111874 15
-2.8164346 6.0361714 1.9371405 14
-2.8419728 6.3416114 1.9160275 14
-2.8142076 6.4501462 1.990356 15
-2.8273799 3.6547227 2.0782049 15
-2.8082089 4.0477324 2.0959792 15
-2.8002725 5.2042875 2.0408688 14
-2.8118169 5.370182 2.0274401 14
-2.805371 5.42451 2.0124147 14
-2.8520701 5.5347066 2.0258555 14
-2.8110573 5.8769479 2.0449743 15
-2.8525562 6.0710526 2.0750089 14
-2.8124561 3.738044 2.1485584 15
-2.8107896 4.277564 2.1197832 15
-2.8394566 4.3423147 2.1215138 14.5
-2.8605971 5.2645249 2.1004486 15
-2.8534014 5.5537643 2.1605043 15
-2.8020723 5.733717 2.1108265 15
-2.8196816 6.0473933 2.1756611 15
-2.8623776 6.3327293 2.1082296 14
-2.8337474 4.5179806 2.2286782 14
-2.8156154 5.5650177 2.2746499 15
-2.8004777 5.818119 2.218873 15
-2.8964741 6.1901317 2.3972249 15
-2.7792795 4.9287529 -0.032192897 5
-2.7115726 -3.6519189 0.0020180901 8
-2.7871423 -1.3748322 0.051861953 8.5
-2.7627313 2.2039189 0.018461894 9
-2.7529609 2.8241944 0.084239066 8
-2.7804894 3.1256356 0.022471065 9
-2.7279768 3.7288225 0.096624732 7
-2.7723002 5.0597343 0.079170398 6
-2.7474861 2.0908959 0.17260084 10.5
-2.7498786 2.2177255 0.11562131 11.333333
-2.7257977 2.5687001 0.14108373 11
-2.7321022 2.7981913 0.16311176 10
-2.7648432 3.0812769 0.15384237 8
-2.7436888 3.1712961 0.13742045 9
-2.7052715 3.2231243 0.17089503 9
-2.7645991 3.7419994 0.17828652 8.5
-2.7594502 3.8519695 0.1518039 9
-2.7448263 3.9771702 0.17554447 8.166667
-2.7124231 4.1872478 0.15802681 8
-2.761879 4.370441 0.18825999 8
-2.7693415 4.6146555 0.16673779 10
-2.7917655 4.839395 0.13892555 7
-2.7728047 4.9693637 0.17079918 8.666667
-2.7800128 -0.1570496 0.26736635 10.5
-2.7990637 2.0979931 0.21919096 9
-2.744113 2.127986 0.27427769 9.6875
-2.7599247 2.474335 0.25582698 7.5
-2.7534599 2.6901488 0.27777427 8
-2.7236795 2.7575769 0.28198528 9
-2.744976 2.8370168 0.2463882 9.25
-2.7029412 2.9033518 0.24085869 12.5
-2.7613828 3.0535433 0.24604906 9.5
-2.7051604 3.1332026 0.24548301 11
-2.7527888 3.9570875 0.22483091 8.666667
-2.7592077 4.0885153 0.26669082 10
-2.7615747 4.143631 0.28069538 11
-2.7444203 4.2315021 0.2654281 10.5
-2.770052 4.4724574 0.2636914 9
-2.7825565 4.5367551 0.25953528 9
-2.7784584 4.6206641 0.26981428 9
-2.775898 4.8848557 0.20661074 8
-2.7598736 4.9652462 0.27050385 9.3000002
-2.7966745 -0.14927919 0.30648708 13
-2.7677124 2.0717914 0.35173202 10.166667
-2.7192726 2.1241336 0.35274059 10.5
-2.7311764 2.3009808 0.37246004 10
-2.7230873 2.6746485 0.32225692 8
-2.7295408 2.7638884 0.34097123 10.6
-2.7312603 2.8839045 0.3788988 12
-2.7481601 2.9295917 0.34649247 9.5
-2.7542114 3.0302613 0.3971085 11
-2.7235103 3.1471589 0.35984603 12.25
-2.7600353 3.2022672 0.34794146 10
-2.7982981 3.5076313 0.3972517 10
-2.7962744 4.1312838 0.33627868 8
-2.7800097 4.487957 0.34713084 9
-2.7786632 4.5796251 0.3519851 9.333333
-2.7143316 4.6301303 0.34421387 9.5
-2.7839863 4.8454266 0.33706281 9.166667
-2.7719405 4.9420667 0.35221186 10.5
-2.7908833 -1.7730373 0.41845348 10.5
-2.7391806 -1.5600103 0.41045126 9
-2.7531834 -1.3474241 0.41336572 14
-2.7022665 -0.47140518 0.43229458 8
-2.7675221 -0.24657664 0.47002736 10
-2.7742085 2.0920863 0.45778221 11.333333
-2.770617 2.1443293 0.44574708 12
-2.7610881 2.4771178 0.40760657 10
-2.7019992 2.521425 0.48447937 9
-2.7306526 2.7699797 0.43098757 11.5
-2.7618892 2.8643434 0.4570303 10.5
-2.7544811 2.9282687 0.45746133 11.75
-2.7635148 3.0242214 0.47711065 10
-2.7448652 3.1457257 0.42573446 10.875
-2.7321856 3.2586329 0.48664558 10
-2.7841315 3.5676038 0.44886079 10
-2.7295871 3.6157279 0.4860042 13
-2.7960649 3.8547578 0.47445568 9
-2.7720659 3.9537084 0.47286192 11
-2.7723238 4.2323518 0.43619239 11.5
-2.7764995 4.4837532 0.41645893 9.5
-2.779042 4.5461364 0.45236233 11
-2.7446046 4.6483278 0.44164956 10
-2.7841341 4.8647685 0.43954036 9.5
-2.7717876 4.9608192 0.46495494 9.666667
-2.7086189 -3.6307085 0.50151551 11
-2.747432 -1.4327137 0.54873431 9
-2.7208171 -0.3749949 0.50678027 14
-2.7928994 2.0561595 0.56581587 12
-2.768471 2.1136594 0.55707532 11.642858
-2.7357421 2.2172928 0.59220922 11
-2.7077034 2.5472424 0.52676493 9.75
-2.7025599 2.6595604 0.56441009 10.2
-2.7361205 2.76455 0.53838003 12.25
-2.7689128 2.8436246 0.5599826 11.25
-2.752538 2.9369192 0.5302276 11.7
-2.7569785 3.0326071 0.56109822 11.666667
-2.7424183 3.1526599 0.59141719 11.333333
-2.7485981 3.2425802 0.57488137 11.5
-2.7528892 3.3246455 0.55681038 11.666667
-2.7557189 3.4695628 0.56415641 11
-2.7293286 3.5879879 0.51099497 12
-2.7566121 3.6592252 0.51623255 9
-2.7845039 3.7191863 0.55836034 11
-2.7733171 3.848644 0.57739598 11
-2.786094 4.1711435 0.55028003 12
-2.7752664 4.3867631 0.53812903 11
-2.7732041 4.5516443 0.54924977 9
-2.761333 4.6256433 0.54944617 10.875
-2.7718873 4.7020102 0.55168742 10
-2.783622 4.8660178 0.53720081 11.5
-2.7623525 4.9574165 0.54667097 11.375
-2.7718902 5.1330862 0.58661425 9
-2.7691131 -1.009849 0.69439822 11
-2.7547443 2.0787535 0.6632778 11.833333
-2.7478468 2.1322629 0.66600806 11.8125
-2.7144549 2.3882344 0.66410953 11
-2.7154272 2.6909573 0.64593714 11
-2.7456467 2.7656152 0.65035838 11.833333
-2.7453074 2.8387043 0.66043013 11.8125
-2.7708287 2.9131339 0.66067922 12
-2.7786903 3.0304189 0.62939185 12.5
-2.7429678 3.1429119 0.68172234 10.5
-2.7495258 3.2188418 0.64188886 12
-2.7758186 3.4586084 0.65709126 10.833333
-2.758286 3.543395 0.66623342 12.2
-2.7424552 3.6439464 0.60378605 10
-2.7620161 3.8087666 0.69411576 11
-2.7572098 3.9178772 0.68044901 11.333333
-2.7755666 4.0811462 0.69042295 10
-2.7808027 4.1468296 0.64082235 10.5
-2.7601855 4.2184854 0.61090344 15
-2.7880816 4.3138595 0.64300489 9
-2.7622283 4.5224419 0.67673802 13
-2.7059762 4.6272655 0.66685581 9
-2.7738349 4.7116036 0.67332631 12.166667
-2.7590387 4.8296332 0.6658172 11
-2.7489705 4.9458685 0.65262645 10
-2.7240233 -1.8548164 0.73477674 11
-2.7375553 2.1227705 0.7663008 13.285714
-2.7109783 2.4071703 0.78721064 13
-2.7351785 2.8126223 0.7731927 12
-2.7772872 2.9386132 0.78826165 12.5
-2.7421627 3.0478933 0.76665777 11.666667
-2.7348595 3.1928906 0.73562312 13
-2.7536778 3.2511961 0.73616004 12.6
-2.7638364 3.3452358 0.75821871 12
-2.7601614 3.5543792 0.74662352 12.666667
-2.7802839 3.6346376 0.77162433 11.666667
-2.7326722 3.7500498 0.79276586 14
-2.766798 3.8644412 0.73191404 11.666667
-2.7539113 3.9338226 0.75010252 12.625
-2.7786741 4.0555463 0.75115472 12
-2.7804906 4.1452518 0.76249945 12
-2.7773867 4.2520809 0.76033127 10.5
-2.7666695 4.3512402 0.75522006 11
-2.7803688 4.4392691 0.76744032 11.75
-2.7657819 4.541502 0.75062197 14
-2.7504475 4.6367393 0.76791209 12.333333
-2.7977886 4.8622441 0.72590393 13
-2.7347093 5.0615196 0.73880434 13
-2.7481797 -1.8007812 0.8544876 14
-2.7605791 2.0962727 0.86066127 14.166667
-2.7006738 2.1209195 0.87497085 14.25
-2.7103076 2.2825654 0.8311373 12
-2.7722344 2.6179259 0.82115549 11
-2.7406139 2.7682121 0.87490743 14
-2.7525785 2.8519452 0.85924822 12.428572
-2.7503865 2.9368265 0.86601317 14.5
-2.7709587 3.0445361 0.82907361 13
-2.7499049 3.1683533 0.83539766 12.5
-2.7525599 3.2441103 0.85691655 12
-2.7737303 3.3666501 0.85881495 12.333333
-2.7390141 3.4093285 0.88516748 12
-2.7617533 3.5854876 0.88763613 14.5
-2.7738044 3.6651304 0.84781402 11.5
-2.7635403 3.7568867 0.82992816 12.2
-2.7234745 3.8392861 0.86899859 13
-2.748935 3.9531567 0.86459845 13.666667
-2.7795136 4.0468068 0.80219316 12.5
-2.7692816 4.1591902 0.8344211 12.166667
-2.7902653 4.2213478 0.85165697 12
-2.756521 4.3519077 0.85041803 11
-2.7857378 4.4474311 0.87719578 12.25
-2.7663991 4.5300503 0.84031475 12.75
-2.7816935 4.6589417 0.85647076 13.333333
-2.7182939 4.7043877 0.82040858 11
-2.7366116 5.8213863 0.83785981 13
-2.7480054 -1.555124 0.91648853 15
-2.7440894 2.0925875 0.9376862 15
-2.7347412 2.1069667 0.94755048 12.777778
-2.7079203 2.5000043 0.9292106 12
-2.732723 2.728806 0.98536658 13
-2.775919 2.8270581 0.91889954 10
-2.7567556 2.9062431 0.94915944 13
-2.7592425 3.0184596 0.90752524 13.5
-2.7771895 3.1030545 0.91240799 11
-2.762743 3.2635121 0.95561355 12.333333
-2.7646384 3.3845036 0.94182199 12.333333
-2.7530453 3.4501936 0.9348942 12
-2.765677 3.5848114 0.95132506 10.666667
-2.7672563 3.6517043 0.97549444 11.333333
-2.7520378 3.7603114 0.93948656 12
-2.7660229 3.8555133 0.94408625 13.5
-2.7945323 3.9741638 0.98449719 13.5
-2.7755115 4.0527501 0.90762562 10
-2.7589939 4.1618509 0.95006663 12
-2.760087 4.2223802 0.94024444 11
-2.7375071 4.331357 0.97379631 11
-2.7525277 4.4665871 0.94582725 12.666667
-2.7698715 4.5786757 0.98284775 11
-2.7558722 4.6768055 0.99268234 12.333333
-2.7612379 4.7181592 0.96174657 11.25
-2.7361157 4.8038163 0.91308737 11
-2.7793529 5.0502315 0.91770154 12.5
-2.7990925 5.4426908 0.90386534 10
-2.7968187 5.6093378 0.91359109 10
-2.7840285 5.9551635 0.98621285 11
-2.7483683 -3.6354842 1.0194376 13
-2.7150898 2.1170168 1.0377046 12
-2.7057524 2.6796916 1.0490419 13
-2.7460651 2.7633126 1.0694295 12.142858
-2.761188 2.8544474 1.0261953 12
-2.7812181 2.9403629 1.0389827 13
-2.7555571 3.0491986 1.0119148 14
-2.7489841 3.1604962 1.0653824 13.666667
-2.7339635 3.2134559 1.0035604 14
-2.7628887 3.3396027 1.0719004 13
-2.7454438 3.4335005 1.057031 13.333333
-2.7701461 3.5352778 1.0678771 13.5
-2.7504723 3.6672902 1.025452 12
-2.7952926 3.7781901 1.0434649 13
-2.7414825 3.8405604 1.0674574 12
-2.7834201 3.9940741 1.0612391 13
-2.798316 4.0359845 1.0252721 12.5
-2.7696493 4.1283579 1.0465614 12.125
-2.7663555 4.2605495 1.0325961 12.75
-2.7704442 4.3451538 1.0487156 11.916667
-2.7535155 4.4201503 1.0278262 12
-2.7820241 4.5750785 1.032096 12
-2.7735517 4.6164126 1.098886 15
-2.7578597 4.7618194 1.0485294 12.5
-2.7808447 4.989099 1.0095059 11
-2.763454 5.2402434 1.0510545 11.75
-2.7991476 5.375442 1.089226 12
-2.7817698 5.5198107 1.0694075 12
-2.7458973 5.9492803 1.0677185 13
-2.7164414 1.9985114 1.1818084 13
-2.743607 2.1223483 1.148952 12.75
-2.7078536 2.5094559 1.1857687 12
-2.7061481 2.667542 1.1284966 13
-2.7807322 2.7386327 1.1217481 15
-2.7857065 3.0925431 1.1530166 12
-2.7605205 3.1697376 1.1366289 14
-2.7480009 3.253593 1.1812931 13.25
-2.7798369 3.3314013 1.1911982 14
-2.7750475 3.4512901 1.1354569 13
-2.7743285 3.5177529 1.1600083 12.5
-2.7643085 3.6493106 1.1463021 13.5
-2.7732284 3.7662358 1.1366197 13.5
-2.7667563 3.867662 1.1618298 13.166667
-2.7325664 3.9368045 1.1553111 14
-2.7889278 4.0428352 1.1523408 12
-2.7556598 4.124835 1.1495281 12.5
-2.7819932 4.2042441 1.1716647 13
-2.7883372 4.4720287 1.1451529 11.666667
-2.7768462 4.572752 1.1258506 13
-2.7865689 4.6821866 1.1655182 11
-2.7884812 4.8671026 1.1411537 12.5
-2.7499752 4.9063668 1.1464686 12
-2.7784762 5.0171847 1.1433797 13.666667
-2.7939847 5.2389655 1.140209 13.333333
-2.7821343 5.358007 1.187081 12.5
-2.7841592 5.4385533 1.1695453 12
-2.7933342 1.9174961 1.2034235 13
-2.7313671 2.1352975 1.2472451 12.625
-2.7047739 2.59776 1.2835584 12
-2.7320533 2.7769599 1.2656573 12.333333
-2.7595341 2.8507731 1.2560074 12.5
-2.7613447 2.9385691 1.2349461 13.5
-2.761549 3.1360142 1.2942686 12
-2.7214801 3.2202828 1.2452947 14
-2.7639425 3.3594911 1.2156765 13
-2.7065029 3.5342548 1.2582299 15
-2.7548554 3.6321044 1.2235169 13.5
-2.7693276 3.772825 1.2507882 14.666667
-2.7685821 3.8361435 1.266905 13.666667
-2.7711737 3.9390891 1.2802619 14
-2.7579627 4.0434833 1.2536051 13.25
-2.794306 4.2459273 1.2350395 12
-2.7537212 4.3934326 1.2000394 14
-2.7651701 4.4064212 1.2046591 12
-2.7925124 4.5324025 1.2246653 15
-2.797056 4.6558461 1.23341 12.5
-2.7890553 4.7102799 1.2284796 13
-2.7791555 4.9353747 1.2560475 13.666667
-2.7660675 5.0391264 1.2808493 11
-2.7899575 5.2728243 1.2644473 11.5
-2.7601786 5.6454501 1.2319247 15
-2.733506 6.2911158 1.2046237 13
-2.7059369 1.9153291 1.3420657 14
-2.7439823 2.0623188 1.3607047 12
-2.7078981 2.4463818 1.3386863 14
-2.7071822 2.5553138 1.3839552 14
-2.7008049 2.6804087 1.3061748 15
-2.7689269 2.7492199 1.376858 13.5
-2.7873771 2.867681 1.330466 13
-2.7770305 3.0227654 1.3562332 13.5
-2.7722013 3.3144374 1.324253 14
-2.7775483 3.4903631 1.3208364 15
-2.7755616 3.5718956 1.3658252 13.666667
-2.7725592 3.6409447 1.36227 14
-2.7639158 3.7600436 1.333804 12.666667
-2.7480607 3.9324591 1.3499088 14.5
-2.7679088 4.1801949 1.3428888 12
-2.7632062 4.2678251 1.3371007 14.666667
-2.7783163 4.3790503 1.3417472 12
-2.7570016 4.4161701 1.3587613 14
-2.7834837 4.5354791 1.3382157 13.5
-2.7702477 4.6341791 1.3484511 13
-2.7756352 4.8503728 1.3020951 12
-2.7893059 4.9654732 1.3721364 13.333333
-2.7849853 5.0829282 1.3182542 14
-2.7792976 5.1765227 1.3146325 12.5
-2.7622569 5.2196965 1.3416734 12
-2.7840753 5.4464979 1.3536075 12.5
-2.7939191 5.7552099 1.3149866 12
-2.7823548 5.8750935 1.3896767 12
-2.7239339 6.0969734 1.3142234 14
-2.7122855 2.0917006 1.4940485 13
-2.7286253 2.1187658 1.4634002 13.666667
-2.7038286 2.4971106 1.4719958 15
-2.7488053 2.6867378 1.4307768 15
-2.7579551 2.7421906 1.4253473 13
-2.7432799 2.8679538 1.445492 13
-2.7823136 2.9104869 1.4229412 14
-2.7710056 3.0688708 1.4444611 15
-2.7768574 3.1242173 1.4144983 15
-2.7546415 3.3375947 1.4245634 13.333333
-2.7584865 3.44839 1.4973099 14
-2.7569463 3.5621605 1.4796865 13
-2.746788 3.6368368 1.4228936 14.333333
-2.7636447 3.7322326 1.4606335 15
-2.7770071 3.8518224 1.45715 12
-2.7567179 3.9679217 1.4600312 15
-2.7748132 4.1240845 1.4369103 14
-2.7656546 4.2433181 1.4514089 14.25
-2.7279153 4.3486133 1.4099135 15
-2.780549 4.4573932 1.4311659 13.333333
-2.7853601 4.5382609 1.4506007 12.666667
-2.7670782 4.6669044 1.4880555 15
-2.7813039 4.7144818 1.4848692 15
-2.7833726 4.8990231 1.4102619 13
-2.7783198 4.9716215 1.4800537 12
-2.7437985 5.0504556 1.4465427 13.333333
-2.7941029 5.1183209 1.4212738 12
-2.7883554 5.2461853 1.4353553 13.5
-2.783498 5.461956 1.4354737 14
-2.7938814 5.5480614 1.4722667 13
-2.7859788 5.6052175 1.4199493 11
-2.7255683 6.4638519 1.4600302 13
-2.7472734 2.0996246 1.5048141 13.5
-2.7039874 2.300422 1.5265306 15
-2.7027228 2.6112654 1.5783209 14.5
-2.7221787 2.7222214 1.530519 13
-2.7730892 2.8731718 1.5279998 13
-2.7693789 2.9502339 1.5345739 13.666667
-2.7856514 3.0361621 1.5661886 14
-2.7198777 3.118988 1.537466 14
-2.7369864 3.2600024 1.5706483 14
-2.7821782 3.4587929 1.57574 14
-2.7508476 3.547652 1.5616627 14
-2.760525 3.6191976 1.5921525 13
-2.7721481 3.779484 1.5650645 14.5
-2.7585897 3.8504012 1.5291417 14.25
-2.7674255 3.9578502 1.5118905 13.5
-2.7723913 4.0122728 1.5642732 14
-2.7682927 4.1718125 1.5292877 13.5
-2.7725351 4.3574276 1.5399984 13
-2.7749755 4.5359716 1.594735 15
-2.7868192 4.6328869 1.5492338 13.5
-2.7940161 4.7352366 1.5998646 13
-2.7908652 4.8638744 1.5447495 14
-2.7743466 5.3296242 1.5394132 14.5
-2.7904654 5.4111977 1.5294082 14
-2.7579596 5.5627732 1.5749747 13.5
-2.7756093 6.176753 1.5503932 13
-2.7365427 1.9158006 1.6936938 15
-2.7564671 2.1416814 1.645876 14.5
-2.7270846 2.3595603 1.6923747 15
-2.7169468 2.7685895 1.6302792 14.5
-2.7502716 2.8281329 1.6643002 14
-2.7740862 2.9597309 1.6549344 13.5
-2.7360115 3.0526197 1.6079026 15
-2.7764628 3.2627935 1.6123246 13
-2.7544136 3.349628 1.6043996 14
-2.7511239 3.4637461 1.6523609 13
-2.7292027 3.5494568 1.664264 14.333333
-2.7989993 3.6303103 1.6147736 15
-2.7699234 4.0428667 1.6163975 13.25
-2.7554963 4.2511234 1.641057 14
-2.7859528 4.4919605 1.6684418 13
-2.7579253 4.6816826 1.6723378 13
-2.7853181 4.7292266 1.630435 14
-2.7891786 4.8464055 1.6668931 14
-2.7250917 4.9589486 1.6785382 13
-2.7877333 5.0493259 1.6723094 14.5
-2.7757528 5.2352014 1.6848102 13.5
-2.7953782 5.7638445 1.6039462 14
-2.7954345 6.0690832 1.6435797 13
-2.779573 6.4516616 1.6333572 14
-2.7091749 2.2546694 1.7202195 15
-2.7024901 2.4029331 1.7158078 14
-2.7133498 2.630991 1.7212404 14.5
-2.7598562 2.7830684 1.7638472 14
-2.7842281 2.8970852 1.7424222 14
-2.7694769 2.9442515 1.7312685 13
-2.7616706 3.3059504 1.7303486 14
-2.7504597 3.4807625 1.7577986 14.5
-2.7117169 3.6879153 1.7318857 14
-2.7757177 3.7394936 1.7253164 15
-2.7765963 3.8704336 1.7830712 14.333333
-2.7722936 3.9301319 1.768389 14.25
-2.7265038 4.1949134 1.7610059 14
-2.793128 4.2133379 1.7092397 15
-2.7880349 4.3488531 1.7245423 14.5
-2.796313 4.5468612 1.718787 14
-2.769233 4.7648644 1.7815046 14
-2.7461095 4.8824763 1.7396183 14
-2.7786751 4.9674406 1.7576861 14.5
-2.7768168 5.1376967 1.7236472 14
-2.7683909 5.2642732 1.7414383 14
-2.7978065 5.591042 1.7676286 14
-2.7250578 6.1629353 1.7366281 15
-2.7628613 6.3498807 1.7404692 14
-2.7571144 2.1094813 1.8565564 15
-2.7209847 2.310143 1.8185728 15
-2.7208815 2.757021 1.8184866 15
-2.7670908 2.8991046 1.8481475 14
-2.7705407 2.9881253 1.8606267 14
-2.7876983 3.0181258 1.8520107 15
-2.7509379 3.4378507 1.8735632 15
-2.7992368 3.5585084 1.8426189 15
-2.782815 3.9968081 1.8395866 15
-2.7446396 4.0658541 1.8370652 14.333333
-2.7881389 4.1496778 1.8043594 14
-2.7772017 4.2291107 1.8432506 14
-2.7801912 4.6718154 1.8369297 13.5
-2.7991674 4.8276591 1.8675358 15
-2.7337315 5.3542204 1.8872288 14
-2.766973 5.478632 1.8505765 14.666667
-2.7542112 6.4391637 1.8255858 14
-2.7160642 2.8659353 1.9741116 14
-2.7801211 3.3099079 1.9611971 15
-2.7045407 3.6957555 1.9186131 15
-2.7172549 3.7284713 1.903294 14
-2.7181046 3.8206296 1.9429897 15
-2.7496233 3.9089081 1.9763074 15
-2.7958457 4.2804809 1.9673229 15
-2.7384362 4.4483047 1.9241689 15
-2.7884705 4.6863055 1.9605335 14
-2.7965441 4.8812118 1.9797931 14.5
-2.7853203 5.0979939 1.9315176 15
-2.7883303 5.3553066 1.9013975 14
-2.7432072 5.6345372 1.9420851 14
-2.7483151 6.4561424 1.9484168 14.5
-2.7893729 6.5190587 1.9905149 14
-2.7397625 2.1093915 2.0291095 15
-2.7161801 2.646965 2.0466652 15
-2.7696164 2.8940618 2.035825 15
-2.7707982 3.486299 2.0171547 14
-2.784373 3.6375704 2.031775 15
-2.7901003 4.0410299 2.0063953 15
-2.7752206 4.4641027 2.0009701 15
-2.7622411 4.5675778 2.023694 15
-2.7738044 4.6240177 2.0505719 14
-2.749424 4.7583075 2.0221171 15
-2.7998173 5.0569277 2.0190127 15
-2.7816017 5.2408905 2.0277884 15
-2.7537591 5.616097 2.0428116 14
-2.7687812 5.7162962 2.0524323 13.5
-2.7524211 6.4608083 2.0583076 14.333333
-2.7593558 2.7167497 2.1284831 15
-2.7658088 3.4367635 2.1714768 15
-2.7521932 5.9680743 2.1897469 14
-2.7444925 6.4180484 2.1744239 14
-2.7144029 2.7985375 2.2032433 15
-2.7593884 2.9283159 2.2891078 15
-2.7938247 3.2540872 2.2217519 15
-2.7467 3.6321003 2.2613637 15
-2.7137866 4.8144937 2.2099018 15
-2.7481024 5.1332555 2.2612221 14.5
-2.7942691 6.3655214 2.2718787 15
-2.7695849 -1.7613542 2.3606956 15
-2.7885261 5.1393104 2.3718021 15
-2.7428126 5.3223372 2.3176348 15
-2.7297323 5.6668291 2.32882 13
-2.6252208 -3.6374733 -0.15997559 7
-2.6206722 -3.8492179 -0.051250625 8
-2.6634426 2.1404603 -0.039643075 8
-2.6447389 3.2151175 0.082382396 7.5
-2.6702402 4.9895325 0.07897757 6
-2.6031914 5.7240009 0.026678119 8
-2.6009498 -0.5679363 0.18804787 11
-2.6254139 -0.25503421 0.19267936 10.5
-2.667376 2.1383488 0.18259639 8.833333
-2.6761775 2.204891 0.13170044 9
-2.629132 2.3514192 0.18283908 9
-2.6913471 3.1469896 0.15629275 8
-2.6372669 3.4771535 0.19757651 9
-2.6337104 3.9764667 0.10342946 7
-2.6869254 4.0745883 0.18095003 8
-2.6128261 4.6063476 0.17713073 9
-2.6289864 4.9346023 0.13219793 8
-2.6269636 -3.6484046 0.27373335 8
-2.6132214 -1.6202019 0.25748694 10.75
-2.6563008 -1.2994684 0.225483 11
-2.6472116 -0.50810617 0.24964672 11
-2.6467659 -0.30027509 0.22988661 13
-2.6895537 -0.20894603 0.23157279 12
-2.6507661 2.0983341 0.23567055 13.5
-2.6889224 2.125396 0.24770562 12
-2.6420846 2.2462881 0.24778914 10
-2.6011577 2.8304756 0.22350243 12
-2.6150234 3.1914022 0.2751264 10
-2.6439347 3.2296166 0.26255405 10
-2.6830568 4.9571695 0.29073825 8
-2.6883557 -0.31489268 0.34366614 12
-2.6648273 -0.16985279 0.31026331 10
-2.6939235 2.0754852 0.34041679 15
-2.6616766 2.1475856 0.35297453 11.545455
-2.6365881 2.2176149 0.34317636 10
-2.6358216 2.3397353 0.36615345 12
-2.6564548 2.4449532 0.34415463 9.25
-2.6471677 2.5919719 0.38071173 9.5
-2.6567111 2.6560092 0.34980512 10.833333
-2.6668959 2.723835 0.34390914 10.75
-2.6621823 4.7049675 0.325921 9
-2.6455259 4.9605107 0.3398191 9
-2.6110432 -2.0302603 0.45199105 15
-2.6849887 -0.67992848 0.40636656 10
-2.6287611 -0.54296964 0.4180291 12
-2.6658399 2.0855429 0.45732379 9.75
-2.6520092 2.1395721 0.44979843 11.583333
-2.647275 2.2516985 0.45289984 11
-2.6423719 2.3598011 0.43412131 12
-2.6520069 2.432369 0.45081884 12.166667
-2.6496727 2.567683 0.4557097 11.4
-2.6633546 2.6588154 0.4426623 11.269231
-2.6659095 2.7219443 0.43993828 10.75
-2.699091 3.1081841 0.49153769 12
-2.65609 3.2561176 0.48530641 11
-2.6283216 3.4798346 0.49476674 8
-2.6390297 4.6422043 0.4375633 11.166667
-2.6401567 4.9526715 0.4341529 11
-2.6083522 -3.5859373 0.50771499 10
-2.6050582 -0.88649291 0.57481414 9
-2.6337602 2.0939577 0.59928042 11
-2.6682365 2.1484392 0.53763497 12.041667
-2.6253636 2.2573543 0.55988228 11.666667
-2.6599572 2.3690414 0.55605072 12.214286
-2.657609 2.4452834 0.57471979 13.333333
-2.6670268 2.5540316 0.52764904 9.8000002
-2.6620612 2.651665 0.54609907 11.714286
-2.6540089 2.7305887 0.55890137 12.875
-2.6881194 2.0746727 0.61363184 11
-2.6708167 2.1509266 0.66175765 11.875
-2.6575344 2.2310569 0.62550038 10.5
-2.651315 2.3312552 0.61620444 11.875
-2.6484728 2.4855881 0.63905722 9.75
-2.6552558 2.5476167 0.63801175 11.916667
-2.6727941 2.6526964 0.64952075 12.0625
-2.6631591 2.7273097 0.64389563 14
-2.6883528 2.8821502 0.60560012 12
-2.6968069 3.3314855 0.63819647 10
-2.6275687 4.3134847 0.6191113 10
-2.6741152 4.5908041 0.63641387 13
-2.6766982 4.6547632 0.69905323 9
-2.6161284 4.7320471 0.61710602 12
-2.6873555 -1.9204459 0.74548304 15
-2.6534543 2.0875778 0.73922563 13
-2.6561327 2.1524577 0.74773318 11.6
-2.6651146 2.263413 0.7476849 12.214286
-2.6540394 2.366699 0.74198741 11.333333
-2.6596029 2.4595423 0.75649309 12
-2.6626568 2.560971 0.75630951 12.5
-2.6653841 2.6548157 0.73672444 11.733334
-2.6757698 2.7323782 0.7222805 12.333333
-2.6947124 2.8986158 0.70861679 13
-2.699188 3.265626 0.73713237 10
-2.695302 3.3303258 0.76266569 13
-2.6154907 4.5649624 0.75849438 13
-2.6366401 4.6585236 0.73979408 10.5
-2.6356239 4.7084966 0.72026384 11
-2.680213 4.9499044 0.76403564 12
-2.6738913 2.0623629 0.85224909 12.25
-2.6567323 2.1416926 0.83488905 13.3
-2.6516809 2.29266 0.88629508 10
-2.6371925 2.3567181 0.85218799 12.8
-2.6561902 2.4426153 0.85956413 13.4
-2.650244 2.562423 0.84741175 12.6
-2.6733358 2.6576962 0.8646723 12.857142
-2.6939871 4.1408238 0.85225952 11.5
-2.6644547 4.6734018 0.85172659 10
-2.6980317 4.7680411 0.81592375 11
-2.6285369 -3.590687 0.98668045 12
-2.688597 2.0890386 0.93367553 12.5
-2.663012 2.1489458 0.9618783 13.6
-2.6504469 2.2354481 0.94113654 11.833333
-2.656466 2.3366969 0.93616921 13.375
-2.6712236 2.4319165 0.95531714 12.375
-2.6715295 2.5555499 0.97638369 14.5
-2.676183 2.6396623 0.94646651 12.571428
-2.6664174 2.7317975 0.93559867 11.75
-2.6783199 3.2115006 0.99828011 14
-2.6985264 3.3786879 0.95979083 14
-2.6719067 3.5316668 0.97067714 11
-2.6935561 3.85361 0.98846406 15
-2.6940646 4.0796728 0.94071043 14
-2.6551211 4.7447114 0.94361931 12.75
-2.6378448 2.1591551 1.0540085 13.5
-2.6686058 2.2296388 1.0403882 12.571428
-2.6772451 2.3503501 1.0917766 12
-2.6615012 2.4332118 1.0340207 12.7
-2.6550734 2.5472751 1.0298483 13.25
-2.6651623 2.6605372 1.040345 14.777778
-2.6643143 2.7300532 1.0633632 12
-2.6887887 2.819191 1.055732 15
-2.6993389 3.2672083 1.0681266 15
-2.642065 4.7004204 1.0259783 12
-2.6595387 2.1536703 1.1463075 12.666667
-2.6583564 2.2561243 1.1541891 13
-2.6974437 2.3853462 1.1405572 12.5
-2.6610146 2.456074 1.1490428 11.666667
-2.6471968 2.5757985 1.1711749 14.666667
-2.6620431 2.6562312 1.1443014 12.916667
-2.6756999 2.7564158 1.1525241 13
-2.6889892 3.5156734 1.1761538 15
-2.6809678 2.0999029 1.2324126 13
-2.6782117 2.1407452 1.25464 13.5
-2.671808 2.2193389 1.2440128 14
-2.6731732 2.3529637 1.2327242 13.5
-2.680264 2.4124627 1.2389185 13.666667
-2.6505423 2.5869169 1.2493224 13
-2.6767001 2.6717308 1.2821647 14
-2.6813266 3.7090635 1.2571751 11
-2.6412463 4.4949431 1.2221907 12
-2.6664917 -3.5949428 1.3332037 14
-2.6629655 2.1651728 1.3584437 12.714286
-2.680171 2.2991083 1.3540174 12
-2.6716888 2.3971431 1.3935574 14
-2.66641 2.4494128 1.3865409 13.25
-2.670465 2.6611595 1.3504682 13.5
-2.6610413 2.7755051 1.3771067 13
-2.6282794 2.8093216 1.3646157 14
-2.661552 2.903368 1.3135653 13
-2.6728497 3.4263179 1.3519876 12
-2.6916449 4.4381628 1.3190156 15
-2.6918719 4.8276415 1.3821774 14
-2.6893139 2.0838392 1.4416569 13
-2.661726 2.1570463 1.4633327 13.5
-2.6712072 2.2425396 1.4402848 13
-2.6705699 2.4625401 1.4242539 13
-2.669848 2.5176392 1.4184668 13
-2.6934004 2.6199985 1.4571824 14
-2.6677694 2.7217498 1.4433825 13.5
-2.6718645 3.3838286 1.4855082 13
-2.6871326 3.8429375 1.4856344 14
-2.6368403 4.2616911 1.449356 13
-2.6954036 5.8418508 1.4112065 13
-2.6649048 2.0724518 1.5429975 14
-2.6551847 2.1566482 1.5637523 14
-2.6689777 2.2811277 1.5871429 14
-2.6782184 2.310343 1.535452 15
-2.6418023 2.4277442 1.5894091 13
-2.6739612 2.5469041 1.5627182 13
-2.6556156 2.6456521 1.5855339 14
-2.653708 2.7214601 1.5617254 15
-2.6396382 2.1456673 1.6344379 14.5
-2.6950355 2.2155378 1.6399851 14
-2.6664803 2.3831866 1.6356153 14.5
-2.6809444 2.4623246 1.6810685 14.5
-2.6786902 2.5224283 1.6173847 14
-2.6972008 -3.7755744 1.7632302 14
-2.6859927 2.142379 1.7150093 14
-2.6860919 2.2628486 1.7356304 14
-2.6633034 2.3195081 1.7303091 14
-2.6336541 2.5385194 1.7547693 15
-2.6761053 2.657223 1.7551739 14.333333
-2.6258485 4.0895925 1.7429821 13
-2.6778147 5.1994705 1.7102671 14
-2.6809871 2.1861598 1.8978645 15
-2.6461196 2.2823339 1.8407323 15
-2.6639452 2.3546443 1.8564897 14.5
-2.6477947 2.5057824 1.8490636 15
-2.6919022 2.6888301 1.8165523 15
-2.6936214 3.4204147 1.8499495 15
-2.6721184 4.0221062 1.863959 15
-2.6858466 6.4927478 1.8644466 15
-2.6842263 2.1829636 1.9235425 15
-2.6761169 2.2541165 1.960326 15
-2.6979444 2.3811812 1.9133786 14
-2.667048 2.4520535 1.9299697 15
-2.6576355 2.5525458 1.9536121 15
-2.6959045 2.6537535 1.9265751 15
-2.6563559 5.3751035 1.9194911 15
-2.6369443 6.1535044 1.9576529 14
-2.6750038 6.5264297 1.9421749 13.5
-2.6577029 2.169081 2.0171146 15
-2.6995373 2.398751 2.1270962 15
-2.6401224 4.6088853 2.18784 15
-2.6480453 2.6006978 2.2987583 15
-2.6931558 3.3714464 2.2772241 15
-2.6580577 6.4318981 2.2278235 15
-2.6621907 -1.5601267 2.4427648 15
-2.5728495 -1.9819142 -0.083451658 7
-2.5108385 3.9677942 0.075016744 7.5
-2.5913444 4.9432116 0.095308803 8
-2.5926418 5.002243 0.062330596 7
-2.5115597 -1.7075565 0.17660129 9
-2.5321667 -0.26937208 0.16448735 12
-2.5380807 2.1641636 0.12109047 10
-2.5484874 2.2584031 0.16554159 12
-2.5548332 3.2703822 0.16268747 9
-2.5893247 4.9484386 0.16356048 8
-2.5049219 -3.663506 0.22677685 9
-2.5299129 -1.7229275 0.29508674 12
-2.5343213 2.1850812 0.29004925 10.5
-2.5159476 2.2323318 0.2357523 14.5
-2.5723236 3.2277987 0.2530787 10
-2.5115075 -1.8716089 0.37340456 10
-2.5477817 -1.7743578 0.31934419 7
-2.5827141 -1.6402335 0.33097106 12
-2.50876 2.18822 0.39453989 11
-2.5406859 2.2282197 0.31685525 9.5
-2.5782051 2.4305706 0.38755006 13
-2.5139153 2.6438293 0.34982201 11
-2.5575142 3.2224512 0.36283478 11
-2.552922 4.8908057 0.30322775 9
-2.5138271 4.9374256 0.36365077 9.5
-2.5561273 -1.8557152 0.43592134 12.5
-2.5772715 -1.6142932 0.41659713 13
-2.5068557 -1.5485796 0.41234601 15
-2.5720639 -0.63068712 0.45879105 9
-2.523586 2.1748075 0.44329467 12.5
-2.5300109 2.2283711 0.45039842 11.5
-2.5939169 2.3858056 0.45851585 12.5
-2.5647769 2.5763903 0.40898898 10
-2.5274808 4.9603753 0.49672508 10
-2.5481825 -1.8669943 0.56994849 12.666667
-2.592145 2.0641627 0.52408636 12
-2.5493681 2.1832535 0.50211042 10
-2.5296435 2.244066 0.54390532 11.571428
-2.5962071 4.9290347 0.54813695 11
-2.5325038 -1.9545006 0.61450225 13
-2.5465431 -1.8104408 0.68844336 11
-2.5747914 -1.6576712 0.65866321 13
-2.5716987 2.2410493 0.62022597 13
-2.5665431 2.3288965 0.67779738 13
-2.5632901 4.5921021 0.68035573 12
-2.5406485 4.8403139 0.67816269 10
-2.5937874 -1.6920406 0.72846413 14
-2.5243387 2.2028327 0.7949698 12
-2.5374975 4.5961838 0.74931377 11.75
-2.551805 4.6603088 0.75445449 10.857142
-2.5984385 -3.5845726 0.83269775 11
-2.58937 -1.7570416 0.80835021 10
-2.5389564 2.1704092 0.86565125 10
-2.5526474 4.5935774 0.80412215 12
-2.5349398 4.6559377 0.83824182 12
-2.5609214 4.7291541 0.88486218 11.5
-2.5332727 4.8552446 0.84532034 12
-2.5513508 2.4550214 0.92322522 12
-2.5814939 4.1451826 0.9881807 12
-2.5005167 4.6332006 0.93649536 12
-2.5369446 5.0898113 1.5741277 13
-2.5746276 -3.6848133 1.6390285 15
-2.54249 -3.7160904 1.7519825 15
-2.5855067 -3.6024966 1.8899106 15
-2.5870147 -3.5887041 1.8472542 15
-2.5539999 5.0479584 2.1081171 15
-2.5435739 4.113905 2.2624857 15
-2.5306687 4.7039475 2.2924457 15
-2.5651989 -3.7785139 2.5550239 14
-2.4057634 -3.6245928 -0.063348718 8
-2.4483399 -2.0825019 -0.088943414 7
-2.4297695 -0.41203827 0.053266603 9
-2.4932766 2.2137425 0.043555483 8
-2.4296656 4.1056767 0.075087875 7
-2.405623 4.938056 0.065067053 8
-2.4968035 -3.6363699 0.16790667 7
-2.4054899 -1.9240721 0.13094299 9
-2.4284582 2.1922908 0.19793858 10.5
-2.4155736 3.2600477 0.1552303 9
-2.467793 3.9712269 0.10976268 7
-2.4774299 4.0949388 0.18879452 9
-2.4475808 4.923377 0.11968527 8
-2.4042642 5.5268521 0.1860528 8
-2.4379103 -2.099788 0.22405866 9
-2.4722483 -1.9757804 0.26343003 11
-2.4985125 -1.7464629 0.24936926 11
-2.4201217 2.1850209 0.27051577 10
-2.4478533 2.232928 0.26347244 11
-2.4045026 2.4516916 0.27792448 13
-2.418788 2.6106088 0.28678042 10
-2.4414043 3.2326758 0.28134021 9.5
-2.4120061 4.970973 0.20271361 7
-2.409075 5.0131574 0.20540231 7
-2.4186594 5.3038025 0.25733805 8
-2.4385204 5.6545491 0.26533112 9.5
-2.4090095 -1.9332273 0.38504219 12
-2.4914153 -1.8532859 0.39810467 12
-2.4378757 -1.7914922 0.38050658 11
-2.4776077 -1.6023465 0.35505554 10
-2.4724379 2.1790776 0.38606369 11
-2.4353309 2.6226649 0.32727599 10
-2.4544137 3.2477851 0.33771437 10.333333
-2.4158201 4.9663343 0.37112874 8.666667
-2.4211919 5.0693207 0.34305689 9
-2.4030423 5.166389 0.32193968 9
-2.4131591 5.2494917 0.35733074 9.666667
-2.469764 5.3246932 0.34114406 8
-2.4640193 -1.9665231 0.41744083 10
-2.438087 -1.812644 0.45978811 11
-2.4439721 -1.7835974 0.43606883 11
-2.4713571 -0.80630147 0.44797465 8
-2.4480071 2.1786003 0.40117767 11
-2.4951894 2.2346928 0.4656792 11
-2.414465 3.179909 0.4616853 12
-2.4357212 4.9679923 0.46694052 10
-2.4807954 2.2519829 0.59336406 12
-2.4965839 2.3287423 0.52235276 12
-2.4810412 4.959518 0.51260334 10
-2.4272509 -2.0837748 0.65869993 15
-2.4617276 -1.83173 0.629466 9
-2.4444003 4.9584136 0.67665809 11
-2.4362688 -2.1664112 0.7080825 10
-2.4556971 4.6436305 0.72744197 12.666667
-2.4890022 4.8690329 0.7032612 12
-2.4827995 4.9435606 0.73206913 10
-2.4503279 4.6649661 0.85364944 13.666667
-2.469249 -3.6504691 0.99931109 13
-2.4734142 4.6594162 0.9146468 12
-2.4088414 6.4194746 1.7813855 14
-2.3882911 2.1769581 0.084705569 9
-2.3109391 2.2278156 0.075162962 8
-2.3170249 2.6100564 0.074165404 9
-2.3608973 -1.9923613 0.12494674 9
-2.320559 -0.89822441 0.11254779 9
-2.3700216 2.1665485 0.16671222 10
-2.3175974 2.2356613 0.16173801 9.416667
-2.3053892 2.3439763 0.14095905 8.5
-2.3038304 2.4300327 0.17536616 9
-2.3050501 2.5441082 0.12562433 9
-2.3326566 2.6256597 0.1603445 7.1999998
-2.3565338 4.9544511 0.18557978 8.75
-2.3530335 5.031786 0.13954157 8.25
-2.3674898 5.3932333 0.15579455 8
-2.3579109 5.4272299 0.15674268 8
-2.3583934 5.5524793 0.16670913 8
-2.3968551 5.6502571 0.17436749 9
-2.3082712 5.9219298 0.13066441 8
-2.3792653 -2.1737623 0.22165382 9
-2.3398402 2.1748686 0.23162211 10.25
-2.3323684 2.2151747 0.23678087 10.333333
-2.318254 2.3698151 0.25869846 9
-2.3293612 2.4576349 0.29186639 8
-2.3279455 2.5634389 0.24061236 8.75
-2.3368397 2.6157691 0.22780144 9.5
-2.3460865 3.2396963 0.22589985 10
-2.3727002 4.9809074 0.26363516 9.166667
-2.3781612 5.0334783 0.25016579 8.625
-2.3698471 5.2596183 0.27650219 9.5
-2.3996987 5.3972859 0.27523994 9
-2.3690238 5.4093499 0.29575661 9
-2.3993843 5.5880351 0.28736287 10
-2.3703279 5.6214366 0.27916342 11
-2.3401883 5.7888951 0.21287003 9
-2.3216348 2.181787 0.3297298 10
-2.3472991 2.220787 0.31985363 12.5
-2.3080294 2.4674048 0.32778859 12.5
-2.3721859 2.5226011 0.31225434 8
-2.3458743 3.2678003 0.37388998 11
-2.3685532 4.9705749 0.36833468 10
-2.3635566 5.0299993 0.36655423 9.3999996
-2.3842189 5.430409 0.37891021 9
-2.3539627 -1.8673162 0.45459598 11
-2.3983757 -0.88638508 0.43613869 9
-2.3299689 3.142971 0.45021614 14
-2.3726859 4.9863567 0.44917819 10.75
-2.3545272 5.0230217 0.46852738 10.375
-2.3534846 5.1384993 0.4061093 10
-2.3601782 5.3724766 0.45136565 10.5
-2.3484492 5.4757676 0.42764246 12.5
-2.3447759 5.5223169 0.42949393 9
-2.3582146 -1.0275197 0.50701219 10
-2.3645329 4.9952102 0.54642659 10
-2.345516 5.0608044 0.5250833 10.666667
-2.3738871 5.1363339 0.55380785 11
-2.3589323 5.2362757 0.58893758 11
-2.3520405 5.4444847 0.51984149 10
-2.359792 5.5514312 0.56885362 11
-2.3883655 5.6251521 0.50037104 10.5
-2.3957975 4.9610438 0.61638194 11
-2.3488126 5.0583153 0.62955189 11
-2.3486691 -1.9650974 0.70033145 12
-2.3615477 5.0105104 0.71720028 11
-2.3224123 6.4951677 0.82059288 10
-2.3059499 -3.6374021 1.0848601 14
-2.3835957 6.5292306 1.8154222 14
-2.3108914 6.6319671 1.9831185 13
-2.3341105 4.546473 2.2668276 15
-2.340281 4.9327059 2.2427137 15
-2.3359637 5.068368 2.2315807 14
-2.3430111 4.7365303 2.31704 15
-2.2922182 -3.6157598 -0.047087356 7
-2.2813821 2.3578775 0.071942352 8.5
-2.2765517 2.4934037 0.055509467 8
-2.2775257 2.5183949 0.051863905 8.25
-2.2514355 3.2332749 0.067959875 9.5
-2.2834089 2.2384672 0.13756725 8
-2.2844322 2.3611767 0.14753285 9.25
-2.2822807 2.4703267 0.16719173 8.8999996
-2.2867718 2.5494888 0.15633473 9.3000002
-2.2682014 4.072073 0.12964709 7
-2.2519667 -1.1342523 0.27913332 10.25
-2.2842755 -0.96843803 0.25422192 11
-2.2900519 2.1900051 0.25529987 15
-2.2919211 2.2327237 0.26772293 9.625
-2.2808406 2.3534615 0.25735533 9.8000002
-2.2743652 2.4478931 0.25186101 10.375
-2.2353387 2.5433636 0.22194508 10
-2.2872696 2.6346102 0.21908256 9.666667
-2.2694662 3.25385 0.26932913 9.3999996
-2.292871 2.4588146 0.31422821 9
-2.2359424 3.2374394 0.3126426 9.5
-2.2486432 3.160074 0.47020954 10.5
-2.2863965 5.0874376 0.43067604 9
-2.2771842 -1.0370252 0.52754349 10
-2.2960167 5.0219431 0.54054463 11
-2.2093365 -3.6686628 0.88610625 11
-2.2193701 -3.6687799 0.95232815 12
-2.2949049 -3.6207294 1.2371258 14
-2.2182293 4.0355864 2.2417865 15
-2.2411935 5.1627393 2.2844889 15
-2.1087663 3.1990309 0.11906435 9
-2.1600568 3.2544658 0.17210175 9
-2.1356034 4.1523714 0.17007318 8
-2.1856844 3.1612236 0.2532571 9
-2.1483536 3.2494366 0.23994492 9.1111107
-2.140012 3.183094 0.35566142 10
-2.1433189 3.237431 0.31731749 9.333333
-2.11778 3.0861132 0.43813553 10
-2.1329982 4.6572704 2.255935 15
-2.1945801 4.7830439 2.2561865 15
-2.0532126 -3.6131284 -0.13872911 7
-2.0140476 -2.9540167 -0.086060539 6
-2.0278974 -0.91673887 0.0033843527 8
-2.0752497 3.219249 0.075882487 8
-2.0549104 3.1691921 0.14257266 10
-2.0100224 -2.8802314 0.24479951 9
-2.0148714 -2.7770853 0.27023536 12.5
-2.0454004 3.1725059 0.28023323 10.333333
-2.0534651 3.2541864 0.24926864 9
-2.0388794 3.178889 0.30052507 8.5
-2.0923853 3.2287018 0.3384732 10
-2.0436625 3.1863432 0.43723974 10.5
-2.0274591 6.4987583 0.72138125 10
-2.0128908 6.2951698 0.89041579 11
-2.0846956 -0.90145922 1.2506087 13
-2.0950851 6.5364027 1.3533154 14
-2.0151191 6.4964986 1.4836708 14
-1.9367363 0.62818688 -0.04461363 5
-1.9555596 -2.9463556 0.085639618 8
-1.9786764 3.2760074 0.093287885 7
-1.9707685 -2.894304 0.13878402 9
-1.9368011 2.2145972 0.15024084 11
-1.949972 3.2410097 0.15361294 8.3000002
-1.97162 3.088943 0.28945753 8
-1.9731827 3.1728494 0.23664355 10
-1.9669722 3.2352486 0.26291221 10
-1.9224552 3.349313 0.23745181 10
-1.9554019 -3.0638165 0.35004386 14
-1.9644077 3.1739535 0.33890826 10.25
-1.9573488 3.2365797 0.35124025 10.954545
-1.9464623 6.473989 0.35194311 9
-1.9725204 3.1750357 0.42717764 11
-1.930389 3.2279012 0.42713815 11.8
-1.9480511 6.5200429 0.4787088 10
-1.9841537 3.1434791 0.50228095 11
-1.9524202 6.5007505 0.81996346 12
-1.9340284 6.4974494 0.93312758 11
-1.9193827 6.5164356 0.98888999 11
-1.9039842 6.4958239 1.1626458 12
-1.9168816 6.3818092 1.2402264 12
-1.9552112 6.2068162 1.4230933 12
-1.9353011 6.5250564 1.576697 14
-1.9558866 6.5417147 1.660946 14
-1.9572177 6.5325131 1.8674214 15
-1.9751768 6.4757481 1.9525 15
-1.9922489 6.4548154 2.2830529 15
-1.8574933 0.37952775 -0.091020651 7
-1.8306419 -2.9341683 0.052230362 7
-1.8587239 2.4637079 0.003202552 8
-1.888328 3.6100056 0.091288485 8
-1.8495668 6.0046182 0.96246469 11
-1.8381157 6.3374023 0.94017434 11
-1.8517327 6.5391555 0.9703266 12
-1.8916804 6.3488426 1.087114 13
-1.8366414 6.4756403 1.0039942 11
-1.8372492 6.4309001 1.1214 12
-1.8379498 6.5305805 1.238019 14
-1.8230259 6.3785763 1.4726342 13
-1.8593731 6.4251313 1.4777451 15
-1.8625938 6.5118608 1.564768 13.5
-1.8001556 6.4121823 1.6891382 13
-1.8820546 6.3145485 1.7925705 14
-1.8327789 6.2136359 1.9613386 15
-1.8931963 6.4835544 1.9342371 13
-1.853749 6.3541141 2.0587614 14.5
-1.822685 6.1503439 2.1862586 15
-1.850134 6.3768225 2.2279358 15
-1.7849077 2.2147229 -0.043791223 7
-1.7639858 -2.9521017 0.26290318 13
-1.7355102 -2.9618542 0.48577914 10
-1.7943339 6.3802047 0.89054054 12
-1.7277027 -3.5902653 1.0201814 13
-1.7402309 6.3828573 1.0742724 14
-1.798218 6.4413376 1.0618558 12
-1.7287818 6.3940797 1.1677194 11.5
-1.7823074 6.434803 1.1387564 12
-1.7657145 6.3963847 1.2308924 12
-1.7631239 6.4923177 1.2378117 14
-1.7214732 6.3955107 1.3969581 12
-1.735212 6.4149213 1.3660947 12.5
-1.7524574 6.2681651 1.4543862 13
-1.7672961 6.3892651 1.4791754 15
-1.7022084 6.3759279 1.69719 14
-1.7369404 6.3922715 1.7042444 15
-1.7849224 6.4174819 1.8279079 15
-1.7427331 6.3741822 1.9175925 15
-1.7074893 6.4068694 1.9483447 14
-1.7423475 6.3968706 2.0086923 14
-1.7832549 6.4147296 2.0503345 15
-1.6024088 -2.9333005 -0.08879444 6
-1.6288965 2.1301091 -0.022160064 8
-1.6755894 -2.6358716 0.051212978 9
-1.6826491 -1.1294581 0.06657704 10
-1.641404 -3.3018987 0.26213923 12
-1.6156107 -3.3525243 0.30677813 7
-1.6891706 -3.0749564 0.38471106 10
-1.6334455 -0.32152584 0.33724284 12
-1.6738479 -2.9592688 0.45446619 10.5
-1.6360381 -1.2146722 0.40687069 11.5
-1.6506808 -0.48105446 0.43617505 13
-1.659984 6.3882513 0.47175589 9
-1.632241 -0.46615839 0.72269338 14
-1.6261219 6.4037066 0.7373026 10
-1.624445 6.4252729 0.87784147 13
-1.6808631 -0.90041029 0.98993117 14
-1.6775485 6.3775229 0.95997375 11.5
-1.6494881 6.4226842 0.98997098 14
-1.660635 6.3807945 1.070366 12
-1.6789634 6.416769 1.0654914 12
-1.6729902 6.3759513 1.1554134 12.25
-1.624547 6.4041381 1.1532596 11.75
-1.637722 6.3748269 1.2376513 11.8
-1.6407086 6.36094 1.3397719 12.25
-1.636862 6.4086413 1.3871428 12.666667
-1.6065912 6.3824711 1.4858758 14
-1.6731371 6.3473825 1.5371625 13.25
-1.6343111 6.4201202 1.5461507 15
-1.6009747 6.3909478 1.695182 14
-1.6154537 6.4427581 1.6464118 13
-1.6517416 6.3769374 1.7329078 14.3
-1.6725875 6.409143 1.7318068 14
-1.624393 6.390594 1.8085202 14
-1.6303157 6.377183 1.973366 15
-1.6605408 6.4080548 1.9501042 15
-1.6928545 6.2812085 2.0748417 15
-1.6702055 6.3878546 2.0881872 14
-1.6138842 6.4130163 2.0589938 14
-1.6892099 6.3450236 2.1312687 15
-1.6255528 5.8846822 2.259515 14
-1.5938059 -2.8495085 -0.1211647 7
-1.5707982 -2.9619644 -0.037827022 8
-1.5687413 -0.95707768 -0.061268322 7
-1.5591614 -3.1887615 0.072840184 10
-1.5170488 2.5012841 0.041226711 8
-1.567906 -3.5113745 0.14747424 10
-1.5538961 -2.6417811 0.11709701 9
-1.5958322 -3.4613676 0.24954282 11
-1.5626572 -2.1466103 0.23255238 10
-1.501837 -1.8863403 0.23096438 11
-1.5453628 -0.8859455 0.20725536 9
-1.5329837 -0.083690055 0.2643896 13
-1.5071324 0.0045209629 0.23217365 9
-1.5576028 -2.9722738 0.37729254 11.75
-1.5100878 -2.743892 0.30300441 12
-1.5065947 -1.831072 0.39452618 11.5
-1.5224903 -1.0356457 0.34244937 13
-1.5281105 -0.29629949 0.33065012 12
-1.5367464 -0.028126018 0.34685832 14.333333
-1.529516 0.0058390368 0.30446684 13.5
-1.5527364 -2.2376821 0.48485053 11
-1.5888023 -2.0999584 0.40133226 13
-1.5138944 -1.8120692 0.45493975 15
-1.5389251 -0.66233176 0.41896158 13
-1.5569962 -3.097923 0.51816297 14
-1.5275599 -2.8220763 0.58621526 8
-1.5032165 -0.87731844 0.55151868 15
-1.5505017 -0.0067706145 0.53632474 13
-1.5390755 -1.2292938 0.67871445 12
-1.5486575 -0.93429953 0.67310756 13
-1.5239329 -0.0059738434 0.69815904 12.5
-1.5056435 4.3208089 0.60048467 15
-1.5101854 -1.3610879 0.77814859 12.5
-1.5226991 -1.2409875 0.72302002 15
-1.5845132 -0.014215963 0.70601606 14
-1.5821587 -0.52194375 0.85982639 13
-1.5358294 6.3941398 0.81480646 10
-1.5266079 6.4030423 0.89537936 11
-1.5255965 -0.50674337 0.96580637 14
-1.5913036 -0.011395914 0.91121554 14.5
-1.5185751 6.4277782 0.94572896 10.666667
-1.5006484 -2.6730347 1.0506816 14
-1.5206653 -0.46553239 1.0199589 13
-1.5033586 6.3821054 1.0570046 10
-1.536242 -0.88231748 1.1129054 14
-1.5275242 6.3925376 1.1583633 11.666667
-1.5022542 6.3850565 1.2753564 13
-1.5428772 -1.7780576 1.3966837 15
-1.5203618 -1.3544291 1.3841552 13
-1.5410867 -0.20727295 1.3929312 14
-1.5593079 6.3856606 1.3640565 13
-1.5139041 -1.4893882 1.4450167 13
-1.5405395 6.3917842 1.4558744 13.2
-1.526495 6.4002404 1.4325386 11
-1.5145082 -1.5362803 1.5735222 15
-1.5341127 6.3719234 1.5552057 12.333333
-1.5688118 6.4437428 1.5592932 14
-1.5842918 6.5024228 1.5210049 13
-1.5070121 -1.6199412 1.6550801 14
-1.5762531 -1.3095173 1.675106 14
-1.5350103 6.3818474 1.65996 14
-1.5384616 -1.3061571 1.7249074 15
-1.5711088 6.3732591 1.7649138 14
-1.5652767 6.3773403 1.8289871 15
-1.5233834 6.4049716 1.876182 12
-1.5548475 6.3813558 1.9401681 15
-1.5510243 6.404079 2.0422904 14
-1.5764494 -1.0888844 2.1208346 15
-1.5259968 4.9185371 2.1467261 15
-1.529313 6.3976378 2.1074631 15
-1.5203677 6.4196229 2.1095481 14
-1.5161357 -3.64184 2.5563169 14
-1.4053488 -3.3657615 0.070683196 8
-1.4249991 -3.2598848 0.060201839 8.25
-1.4580486 2.6995182 0.035901334 8
-1.4379665 -3.4710076 0.14220978 9
-1.4287081 -3.2926593 0.17108124 9
-1.4101354 -2.9346192 0.15625077 8.5
-1.4077202 -2.7394786 0.19027989 10
-1.4526528 -1.807739 0.14963686 8.5
-1.4688098 -1.0295005 0.13794717 9
-1.424334 -3.4422314 0.21829496 9.5
-1.4000927 -3.0012767 0.25593117 10
-1.4433898 -2.4135745 0.27497372 9.75
-1.4189619 -2.2442679 0.29734266 11
-1.4667646 -1.9541266 0.23812407 10
-1.4576988 -1.119017 0.22145984 10
-1.435357 -1.0709884 0.25531587 12.666667
-1.4438056 -0.44925225 0.21140651 11
-1.4211789 -3.4563093 0.32157364 11.5
-1.4178891 -3.3685474 0.35503641 12.25
-1.436373 -3.0140975 0.35082862 10
-1.4598643 -2.9650807 0.37309965 11
-1.456514 -2.8741846 0.35504615 11
-1.4697984 -2.508481 0.3909784 10
-1.4169945 -2.4114158 0.32721221 12.75
-1.4473338 -2.3028924 0.3227632 11
-1.436501 -2.2486577 0.33341074 11.5
-1.466658 -2.1699555 0.36099702 11.4
-1.4470621 -2.0317736 0.3242169 12
-1.450127 -1.8258938 0.33158019 13
-1.4614605 -0.90496618 0.3079479 13
-1.4869449 -0.65490538 0.37953207 13.5
-1.4611042 -0.010898399 0.32384056 10
-1.4173503 6.4024591 0.35894093 9
-1.4398704 -3.4679081 0.49456546 13
-1.4634614 -3.3789444 0.45156965 15
-1.4506532 -3.2318726 0.44574621 8
-1.4210013 -2.5520241 0.47177947 12.5
-1.434533 -2.4157553 0.42668155 13
-1.4117184 -2.2410905 0.46534151 10
-1.4710165 -2.1462071 0.42825177 11.833333
-1.4942285 -2.0140543 0.43346137 14
-1.4714495 -0.90195388 0.48283249 14
-1.4839708 -0.65242147 0.44888613 15
-1.4150629 -0.47959015 0.42713696 15
-1.4664017 -0.034807246 0.41941005 10.5
-1.475366 -3.2650177 0.53883374 8.5
-1.4022906 -2.6058073 0.50653994 12
-1.4353176 -2.5167475 0.51233447 11
-1.4549619 -2.4300492 0.57574946 14
-1.4180505 -2.22154 0.54142416 13
-1.4546187 -1.2066488 0.53406316 14
-1.4150602 -0.94206196 0.53119463 14
-1.4210271 -0.50571102 0.58856356 14
-1.4219358 4.2730465 0.55314517 13
-1.420059 -3.4446046 0.62699336 11.5
-1.4531242 -3.2446618 0.6451838 10
-1.4453007 -1.9284809 0.60492891 15
-1.4835964 -0.0010192822 0.68656152 15
-1.4687339 4.2968965 0.61419463 11
-1.475479 4.3100605 0.62590694 14
-1.4116802 -3.4679208 0.71080238 15
-1.4242704 -3.3289127 0.72465622 11
-1.4052693 -3.2935722 0.78809065 11
-1.43426 -2.4444096 0.71505737 13
-1.4202538 -1.4269705 0.71757221 15
-1.4957039 -1.3694602 0.78621393 15
-1.4304783 -0.7716887 0.73250157 11
-1.4864206 -0.17763081 0.70124334 9
-1.4686391 -3.4236085 0.8110764 13
-1.4652438 -1.4978104 0.82438922 14
-1.4546669 -0.55306518 0.84530598 11.666667
-1.4616768 -0.48859435 0.84418416 14
-1.4996179 6.4109163 0.86234164 10
-1.4745805 -3.436476 0.94291991 14.5
-1.4744251 -2.6303043 0.92622524 12
-1.4461156 -2.5357769 0.95655406 13
-1.403066 -2.4498205 0.96079063 12
-1.4454087 -3.4791112 1.0338416 15
-1.4137971 -2.5135779 1.0834057 12
-1.4526575 -1.5463073 1.0735967 15
-1.4740788 -0.025452435 1.0330591 15
-1.4238605 6.3540893 1.0344285 11
-1.4272695 6.4227371 1.0896046 11
-1.4365991 -2.6936212 1.1466119 12
-1.4254247 -2.5889783 1.1258879 12
-1.4037014 -2.4807637 1.1377964 15
-1.4457173 -1.3047111 1.1220955 12
-1.4151937 -0.90866148 1.1492718 12
-1.4412117 -0.17891546 1.1129749 13
-1.4860345 -0.046188615 1.1969949 13
-1.4939744 6.395947 1.148675 13
-1.4377152 6.4296207 1.1699841 12.25
-1.4476705 -2.4385865 1.2803613 11
-1.4652908 -2.2996252 1.2985744 12
-1.4503765 -2.1975257 1.2424233 15
-1.4667331 -1.7619228 1.2439325 14
-1.4561026 -1.6635978 1.277814 12
-1.4304776 -1.5396721 1.2710211 13
-1.4881535 -1.4025424 1.2228856 12
-1.4435391 -1.2672787 1.2132056 13
-1.4020177 6.4302549 1.2836553 12
-1.4949206 -3.4880359 1.3811957 14
-1.4477023 -2.6853557 1.3580343 13
-1.4611584 -2.3667395 1.3559315 15
-1.4738271 -2.1503036 1.3942119 15
-1.4660066 -1.5141047 1.3246219 13
-1.443333 -1.2302248 1.3600144 14
-1.4668665 6.3890042 1.3468137 13
-1.4332985 6.4113016 1.3388287 12
-1.4402702 -3.5165825 1.4325176 13
-1.4247401 -1.8275621 1.4064313 13
-1.4637296 -1.657388 1.4041271 15
-1.4592543 -1.5721149 1.4582133 13
-1.47443 -1.4264034 1.4161814 14
-1.4138715 -1.3066777 1.4110121 15
-1.4836795 -1.2901189 1.4514543 13
-1.4521918 6.3518772 1.436142 13
-1.4087085 -2.5006809 1.5096993 15
-1.4445761 -1.2239152 1.570245 13
-1.4445132 6.3838181 1.5365589 13.5
-1.4587218 6.4180908 1.5483321 13.5
-1.4926519 -1.6586413 1.648594 14
-1.46942 6.3766084 1.6264808 13.5
-1.4668461 -1.7001766 1.7116095 15
-1.4823743 6.3677545 1.7067608 15
-1.417464 6.4044924 1.7433251 15
-1.4689881 6.5116086 1.7200193 14
-1.4464539 6.370595 1.8171064 14.666667
-1.4224868 6.4153376 1.83586 13
-1.4108722 6.3878407 1.9793092 14
-1.4146116 6.4046402 1.9931931 15
-1.4876262 6.3828592 2.077512 15
-1.4327644 6.4285154 2.141166 14
-1.4637038 5.6143789 2.2608538 14
-1.3899474 -3.2308338 -0.016958958 8
-1.3482289 -3.4788063 0.064316399 8
-1.3586063 -3.3370275 0.04008761 8
-1.3742088 -2.0158501 0.079219103 7
-1.3628212 2.8502736 0.016865758 7
-1.3383031 -3.4762025 0.17237324 7.75
-1.3827431 -3.1343269 0.13443476 9
-1.3848251 -3.0136521 0.1462861 9
-1.394437 -2.9073453 0.13042589 9
-1.3838485 -2.372025 0.17033429 8
-1.3401805 -1.6936822 0.11236226 9
-1.3850663 -3.5009604 0.22781456 9.75
-1.3216653 -3.4866846 0.295145 9
-1.3838993 -3.0365934 0.29158837 10
-1.3989336 -2.96439 0.24594755 9
-1.3687137 -2.4246588 0.24419034 9.5
-1.3952036 -2.2517726 0.26478082 10
-1.3908131 -1.0758311 0.28161782 12
-1.3780496 -3.3846922 0.3937721 11
-1.330651 -2.7197607 0.35476881 9
-1.3954238 -2.4421825 0.33825567 14
-1.3599681 -2.1446846 0.34001163 12
-1.3762097 -1.825408 0.34654033 10
-1.3068981 4.486629 0.37664944 11
-1.3016535 5.1794887 0.39020386 10
-1.339816 -3.4243717 0.42385226 9
-1.3083465 -3.1222446 0.40185925 10
-1.3785822 -2.8841932 0.45111862 14
-1.351385 -2.6519914 0.44203141 15
-1.398389 -2.4284661 0.46669421 13
-1.3951029 -2.1646621 0.48402703 14
-1.3474984 -1.2501475 0.41258922 15
-1.370593 4.4689078 0.462235 11
-1.3303714 -3.4686966 0.54852176 10
-1.3800112 -3.3150837 0.59658027 10.5
-1.3924592 -2.6214612 0.50382155 12
-1.3642471 -2.4335902 0.56896651 13
-1.3791387 -1.2836668 0.50402743 14
-1.3652818 4.2942114 0.57651198 12.5
-1.3054576 5.1899281 0.51941586 10
-1.3278857 5.2331014 0.58403927 10
-1.3991102 -3.516974 0.66058517 10
-1.3866769 -2.7403846 0.64888561 14
-1.3300201 4.2758598 0.66035289 11
-1.3881501 -3.4637706 0.70750761 13.5
-1.3933663 -3.3702977 0.74356753 12
-1.3775662 -3.5142562 0.85553986 13
-1.3886569 -3.4744 0.88794559 12
-1.3487492 -3.4829705 0.90251505 14
-1.3655233 -2.546695 0.94873726 12.5
-1.393682 -0.94718927 0.93432492 12
-1.3662211 -3.4793081 1.0403579 15
-1.3793641 -2.445466 1.0235044 15
-1.3658174 6.4315295 1.081501 10
-1.3922441 -2.3218267 1.139711 13.5
-1.398477 -1.857304 1.1427172 11
-1.3816619 -0.93686837 1.121374 13
-1.345669 6.4208775 1.1562164 12.5
-1.3846076 -2.6874883 1.260762 11
-1.3945892 -1.6873085 1.2872252 15
-1.3981467 6.4092431 1.2086278 13
-1.3548993 -3.4757471 1.3116623 13
-1.3899833 -2.702955 1.331266 13
-1.3250183 6.4104724 1.3774998 13
-1.3855786 -3.4825163 1.4441881 13
-1.3644499 -1.866925 1.4009775 15
-1.3943017 -1.2138407 1.4190083 15
-1.3619776 6.4237161 1.4659399 12.5
-1.3818107 6.3882346 1.5043659 14
-1.3080373 6.4086275 1.7593815 13
-1.3874173 -2.4244044 1.811929 15
-1.3600053 6.3785653 1.8403423 14.5
-1.33103 6.4311419 1.8513031 12
-1.3261685 6.3855562 1.9985453 15
-1.3889889 -3.4906232 2.0277343 14
-1.3096672 6.3031335 2.1029735 14
-1.3698976 6.2967892 2.335825 15
-1.3212848 0.36388016 3.2279992 15
-1.2338393 -3.5197575 -0.13173953 7
-1.2290435 -3.5285001 -0.0968486 8
-1.2022967 6.3737607 -0.04562597 7
-1.2613232 -3.4818065 0.15592001 8.333333
-1.2671736 -3.4854534 0.23947835 8.5
-1.2466761 5.1672339 0.26049957 10.5
-1.2126148 -3.4931753 0.32573068 10
-1.2842454 -3.4753449 0.45490271 13
-1.2339431 5.234179 0.47289023 10
-1.2069458 6.4596987 0.42580226 7
-1.2448522 -3.4881191 0.54421091 11.2
-1.2269517 -3.3880944 0.53117979 13
-1.2618268 4.296979 0.55704015 10
-1.255393 4.3265595 0.58195412 14
-1.2605184 4.6792808 0.54608303 10
-1.2460562 5.1306229 0.54713267 10
-1.2913628 -3.47738 0.63933456 9.666667
-1.2630008 4.288826 0.63956434 11
-1.2065605 4.3026733 0.6591664 11
-1.2307758 5.2546778 0.61773485 10
-1.2783231 6.4434786 0.63501298 9
-1.2083949 -3.5372086 0.78319848 13.5
-1.2266756 -3.4851687 0.75478965 12.4
-1.2506483 6.3583603 0.86895049 12
-1.2861092 -3.4927354 0.93090433 14
-1.2025281 6.3658028 0.90022528 12
-1.2224951 -3.4816294 1.0837693 15
-1.2542546 6.3587899 1.1600412 13.5
-1.2037095 6.3717899 1.2037567 12
-1.2830311 6.4015865 1.2713511 14
-1.25951 6.4301348 1.3628314 14.5
-1.2320549 -1.9828676 1.4252017 14
-1.2264763 6.3717651 1.4612231 13.5
-1.2353927 6.4222088 1.4930338 14
-1.2522664 6.3695588 1.5352401 14.5
-1.2457283 6.1107965 1.6550756 14
-1.235965 6.3903747 1.6436169 14
-1.2897289 6.4136271 1.6172698 13.5
-1.2610456 6.5954065 1.6997882 14
-1.2810535 6.3551202 1.7453494 15
-1.2228123 6.3806982 1.8796262 15
-1.274528 6.4151587 1.8296224 15
-1.2780231 6.5189276 1.8861487 14
-1.2561821 6.5015125 2.0407565 14
-1.2981622 -3.6127069 2.3255267 15
-1.2871444 5.9036894 2.3045344 15
-1.1129489 -3.5094221 -0.020816019 8
-1.117992 -3.5004478 0.073428847 8
-1.1728425 -3.4303539 0.029656153 8
-1.1757433 -3.4775944 0.1478526 8.666667
-1.1814655 4.2398834 0.12869953 9
-1.151243 -3.4699681 0.27304524 9.666667
-1.1973236 4.2274041 0.22195624 9
-1.1778934 5.1984215 0.28237653 10
-1.1275079 -3.5303845 0.37980792 10.25
-1.1479266 -3.4722157 0.35025889 10.928572
-1.1751773 -3.3779845 0.33416587 13.5
-1.1792673 4.2268729 0.30785596 9
-1.1223423 -3.5384991 0.46893498 10.333333
-1.1392007 -3.4682813 0.43549305 11.1875
-1.1219573 -3.5330803 0.54887325 11
-1.1270716 -3.4783897 0.5397402 11.7
-1.1741315 4.2852516 0.53511828 13
-1.1074772 -3.4838972 0.67414051 11
-1.1757981 -3.4763999 0.7711966 13.5
-1.1980045 6.3537512 0.74958146 10
-1.1205961 -3.517601 0.8113206 12.5
-1.1607096 6.3667121 0.95429683 11.333333
-1.1492307 6.3722081 1.0489689 13
-1.1005653 6.5009189 1.0135347 12
-1.1024185 -3.3286502 1.1937041 15
-1.1244534 6.373107 1.1594168 13
-1.1500022 6.3813529 1.2721566 13.5
-1.1293545 6.446939 1.2204828 12
-1.1495264 6.3935084 1.4171342 13
-1.1794738 6.429749 1.4067917 14
-1.1393902 6.4245973 1.5967183 13
-1.1775564 6.3576803 1.6633221 14.5
-1.1943139 6.3593893 1.7617966 15
-1.1737757 6.4057078 1.7206094 15
-1.1794951 6.3823452 1.9351932 15
-1.1815318 6.317944 2.2902265 15
-1.1925595 6.0369992 2.3279665 15
-1.0891744 -3.5070674 -0.028992247 7
-1.0905238 -3.4624825 -0.030261379 6
-1.0250936 -3.6125934 0.037278265 8
-1.0422437 -3.5566375 0.019516546 8.333333
-1.0440629 -3.6042693 0.1282132 9
-1.0375352 -3.5782633 0.1692517 8.6875
-1.0229187 -3.475404 0.13301958 7
-1.0359997 -3.6082485 0.23591663 9
-1.0444978 -3.5621948 0.24782172 9.5
-1.0607593 4.1628265 0.29134867 10.333333
-1.0753682 4.2612777 0.27731898 10
-1.0777664 6.4490824 0.21567887 7
-1.0496831 -3.5674529 0.33857995 10.4
-1.0784565 -3.4880979 0.32433286 11
-1.0062993 4.1309447 0.32141852 11
-1.0894474 4.7526307 0.31147656 11
-1.0765196 -3.6024718 0.42152971 13
-1.0638515 -3.5640311 0.45929882 10
-1.0802826 -3.4827044 0.44289559 13
-1.0459782 4.6432071 0.40105474 14
-1.0513339 -3.6225448 0.59238386 14
-1.047878 -3.5710702 0.5446133 10.4
-1.0847789 -3.4721956 0.5390166 12.666667
-1.0261415 -3.6135864 0.65916324 11.333333
-1.0614196 -3.5820086 0.6562016 11.277778
-1.0950626 -3.4824913 0.61052006 13.5
-1.0838168 4.552742 0.64204466 11
-1.0096774 -3.6505623 0.72711033 12
-1.0642413 -3.5573578 0.74613345 12.5
-1.0757684 -3.4783101 0.7795741 11
-1.0595523 -3.5745142 0.85559028 12.333333
-1.0980223 -3.4883194 0.84173566 14
-1.040264 -3.5684197 0.96066302 14
-1.086314 -3.4917653 0.91874981 14
-1.0188758 -3.6246333 1.0818398 13
-1.0164948 -3.5980833 1.1833603 14
-1.08474 6.4309483 1.1808182 12
-1.0259191 -3.6428139 1.206723 11
-1.0599837 -3.5721366 1.2621963 14
-1.083305 6.3628392 1.2885948 14
-1.0324743 6.4005761 1.2591771 13
-1.0170256 -3.5846403 1.3489995 12.333333
-1.0483567 6.37883 1.3748587 14
-1.0781885 6.4200497 1.3793972 13
-1.0528542 -2.8797321 1.456773 14
-1.0446434 6.0668225 1.4492475 13
-1.0764445 -2.7153051 1.5483569 13
-1.0563033 6.421123 1.5639935 14
-1.0707842 6.4195838 1.6725212 14
-1.070384 6.4206371 1.8418503 14
-1.0830164 6.3747592 1.9359798 15
-1.0876008 6.3919792 2.0340607 13
-1.0433095 6.4223242 2.159142 14.5
-1.0364393 -3.591325 2.2584176 15
-1.0579141 6.4759798 2.2125795 15
-0.95300835 -3.603075 -0.031592879 8
-0.97390115 -3.5831652 -0.041551504 7.5
-0.97729099 -3.6104796 0.00073592673 7
-0.94836426 -3.586453 0.056230389 7.5
-0.95071429 3.2834256 0.010214558 8
-0.95973492 -3.6093817 0.15202114 8.8000002
-0.93960303 -3.5735936 0.157115 8.1999998
-0.95895284 -3.6130998 0.20821911 8
-0.94672954 -3.5894365 0.2180694 8.5
-0.91709149 5.3556695 0.26724273 9
-0.93225479 -3.600641 0.31363058 9
-0.96755612 -3.5856571 0.37088957 8.5
-0.92550224 5.2217259 0.34119883 10
-0.94561243 6.429688 0.365796 8
-0.98897761 -3.6048224 0.45033011 14
-0.95103592 -3.5876913 0.46887791 11.416667
-0.97584742 5.2505727 0.41553676 12
-0.93041277 -3.6108239 0.52886152 9
-0.94275737 -3.5863292 0.54995334 11.5
-0.92012948 5.3359728 0.54235792 9
-0.96238017 -3.6148307 0.66405404 11
-0.96610373 -3.5898471 0.64526629 11.428572
-0.99966013 -3.6027544 0.74285918 13
-0.93752062 -3.5923448 0.7465319 11.5
-0.95922303 -3.6078041 0.83879918 12.666667
-0.96405691 -3.5853555 0.83832383 13.5
-0.91968125 -3.588279 1.052645 15
-0.99489695 6.4062943 1.0536563 11
-0.97442305 -3.5974722 1.1544869 11
-0.95146239 6.4212718 1.1510566 13
-0.95687824 -3.5940769 1.3624897 13
-0.96657306 -2.9207556 1.3944328 15
-0.92694223 -3.6171734 1.4499824 14
-0.98980337 -2.7361879 1.4790016 13
-0.9788478 -2.7360575 1.6602969 13
-0.94398803 6.4657149 1.6207786 13.5
-0.99711406 -2.6997001 1.7273142 14
-0.97951555 6.3863788 1.7756461 14
-0.94798219 6.5412164 1.8959173 15
-0.95500225 6.3930917 2.0993273 15
-0.9385277 6.4536028 2.263577 14
-0.87490594 -3.5862331 -0.084370501 7
-0.89953053 -3.5920436 0.089697212 9
-0.85755104 -3.5868742 0.14251535 8.5
-0.88170034 -3.6127133 0.21717454 9
-0.86889154 -3.5820832 0.25775018 8.333333
-0.83077866 4.2519574 0.28178251 13
-0.80828309 6.4353757 0.24499179 8
-0.88683748 -3.6083362 0.37447208 10
-0.86068392 -3.5812812 0.37426698 9
-0.83779776 -3.586179 0.48135591 12
-0.89409864 -3.6062989 0.5236305 9
-0.86187226 -3.5895007 0.57062757 9
-0.8326351 4.3016787 0.56091446 14
-0.87997085 -3.575942 0.63780046 12.5
-0.88343805 -3.6092887 0.75086778 12.5
-0.8571282 -3.5864391 0.77151787 12
-0.85141641 -3.5794938 0.8266831 11.5
-0.80512387 -3.6049054 0.9300521 13
-0.84009999 -3.5910003 0.94602799 14
-0.80362153 -2.8681808 0.97218466 14
-0.81709391 6.4358759 0.92584479 11
-0.80882174 6.3593864 1.0211238 13
-0.87334156 -3.5851202 1.2414049 12
-0.86928165 6.36025 1.2502182 15
-0.86602503 6.4079556 1.2179471 13
-0.89034206 -3.6156449 1.3911899 13
-0.88756442 -3.5975893 1.3871155 12
-0.85209894 -3.5947914 1.4412189 13.5
-0.83097392 -2.8852034 1.48481 13
-0.86785936 -2.8509448 1.5211847 12.5
-0.86373311 6.376184 1.5700569 15
-0.80917859 -2.8531661 1.6113039 15
-0.84574676 -2.7832294 1.6580924 14
-0.81169349 6.353415 1.6652561 14
-0.88336009 -2.7649429 1.7735428 14
-0.8272509 6.4289041 1.7692209 14
-0.84879339 6.2232814 1.8996233 15
-0.82051468 6.4376683 1.8462132 14.5
-0.84520459 6.4345498 1.9736958 13
-0.83702487 6.398757 2.2738774 14
-0.85217685 6.5159264 2.2825418 15
-0.77186888 -3.5786257 -0.03508601 8
-0.71699238 -3.4802492 -0.089553319 7
-0.76427138 0.13719803 -0.043752421 7
-0.7494117 -3.5874252 0.014179836 6
-0.70401824 -3.4984 0.17704323 9.5
-0.76647979 6.4075541 0.12014708 8
-0.71762288 -3.6089823 0.20716868 9
-0.71901619 6.3237085 0.28386903 8
-0.7844137 -3.56915 0.34984514 10
-0.74823093 4.205554 0.34091163 10
-0.72743964 6.3686328 0.39166582 9.5
-0.76223934 -3.595535 0.46624458 10
-0.74624693 -2.9274666 0.4868283 15
-0.71996671 4.3637805 0.42660552 11
-0.74225938 6.3715854 0.45426193 9
-0.73813796 -3.5609975 0.55906951 9
-0.75846553 -3.5809472 0.65839976 10
-0.79608864 -2.8887358 0.65842545 9
-0.73216391 -2.9093945 0.73943782 14
-0.77864176 6.3665433 0.77713001 10
-0.70003104 -3.5896356 0.8978582 14
-0.75083292 -3.0409143 0.80199444 10
-0.76694292 -2.9202793 0.85575914 14.5
-0.73175472 -2.8817546 0.86217916 11
-0.74674833 -3.5731416 0.99525422 13
-0.70213479 -3.005178 0.90533662 15
-0.73909569 -2.9035959 0.94486201 15
-0.73978728 6.3682632 0.97492254 10.333333
-0.710361 6.4046283 0.90666229 10
-0.72610468 -3.5794339 1.0763872 15
-0.73853219 -2.876687 1.0116043 14.5
-0.7220158 6.4148068 1.0451795 11.5
-0.7531547 6.3586369 1.1274858 13
-0.75182813 6.3786979 1.2147518 12
-0.78764498 6.226368 1.3683487 13
-0.75115144 6.3666687 1.3365281 14
-0.77666628 6.3686562 1.4240406 12.75
-0.79431462 -2.8096213 1.5158802 15
-0.79436094 -2.7903187 1.594551 14
-0.71429157 6.3659234 1.5332948 14
-0.719073 6.4021578 1.504503 15
-0.78312659 -2.92417 1.6003112 15
-0.75404477 -2.8187706 1.6331651 15
-0.76292121 6.3867211 1.6742769 14
-0.76085937 -3.039958 1.7103399 15
-0.78919286 -2.9549675 1.7428875 14.5
-0.74718916 6.3739662 1.7534684 14.25
-0.70906478 6.3046999 2.0767143 15
-0.72924739 6.481555 2.0128787 15
-0.78512543 6.3818192 2.1198411 14
-0.71881121 6.3621197 2.2769847 14
-0.61597478 -3.5752506 -0.091737248 6
-0.68374151 -3.5904417 0.063112848 7
-0.61036336 -3.5751922 0.12136489 8
-0.65121919 -3.5907021 0.2963666 9
-0.63551503 4.3723588 0.26458198 11
-0.64878398 -3.5412319 0.31683666 10
-0.61822611 4.3737469 0.31252804 11
-0.65720147 6.3475108 0.31057653 8
-0.66485727 -3.5230515 0.4683286 12
-0.60525566 4.3259978 0.48615342 12
-0.66964352 6.3378243 0.46122912 8
-0.64501828 4.3110514 0.55483818 13
-0.64017624 6.3698664 0.5768342 9.5
-0.6677736 -3.5528297 0.6163702 12.5
-0.68527889 -2.8711729 0.69255167 12
-0.62294555 6.3552523 0.66656005 10
-0.67486197 -3.5514286 0.73803878 12
-0.64267427 -3.0451934 0.76577282 14
-0.67242998 -2.9052234 0.75376636 11.5
-0.65437204 -2.8839059 0.7526927 12.5
-0.62124044 6.3709807 0.75622004 10
-0.6420126 -3.5760357 0.82249802 10
-0.64292675 -2.8752346 0.84424162 13
-0.66899204 6.3852744 0.86530697 10.333333
-0.69013649 -3.5853355 0.9304449 14
-0.60329491 -3.1950881 0.9465664 14
-0.68323642 -3.0295475 0.92309272 14
-0.66483426 -2.9614875 0.98038971 14.5
-0.67992342 -2.8840563 0.94560701 12.25
-0.61426705 6.3716316 0.92083973 11
-0.66990989 -2.9286587 1.0221771 15
-0.66759992 -2.8805764 1.0361314 13.666667
-0.64591551 6.3681865 1.0609989 11
-0.66598022 6.5251446 1.0670927 12
-0.63316977 -2.9121211 1.1758813 15
-0.63491547 6.3532605 1.1530173 12.1875
-0.60078377 6.4091568 1.1939797 11
-0.67627448 -3.6287317 1.2848154 13
-0.67711353 -3.5883329 1.2702942 15
-0.63138938 6.363409 1.2341709 12.607142
-0.69421363 6.4828053 1.2717346 12
-0.65647566 -3.5944026 1.3402243 13
-0.65457213 6.3578486 1.3459786 12.875
-0.64578444 6.4797053 1.387482 14
-0.64168948 6.3640375 1.4567386 12.888889
-0.69921738 6.4049067 1.4823948 12
-0.64764327 -3.6011932 1.5366374 13
-0.63416904 6.3603601 1.5504454 13.9
-0.64735526 6.3656316 1.6405519 13.722222
-0.69125092 6.4200182 1.6961359 13
-0.6486004 6.3614082 1.7489785 14.75
-0.65407938 6.3531384 1.8303399 15
-0.61331797 6.3871727 1.9968364 15
-0.63418382 6.3969545 2.1330674 15
-0.63292325 6.395854 2.2323172 15
-0.60476136 -1.6232086 3.0668366 14
-0.55328673 -3.565027 -0.04712807 7
-0.55842602 -3.5420165 0.057231404 7.5
-0.53894037 -3.5662119 0.15168983 9.25
-0.58715278 6.3427038 0.13977519 9
-0.57983881 -3.5858262 0.22898883 10.5
-0.52674103 6.3645315 0.23726489 8.333333
-0.52775431 -3.5828571 0.36879608 10
-0.50554633 4.2975292 0.33979502 14.5
-0.5099839 4.3034658 0.35907871 10
-0.56964159 4.4332509 0.33904722 13.5
-0.57084954 6.3111401 0.3665663 8.5
-0.51692003 -3.5812154 0.47345233 11.333333
-0.55318934 4.2912407 0.45075127 12.333333
-0.56730813 4.332108 0.43964648 13.375
-0.52914965 5.1719923 0.44942492 13.5
-0.56730396 6.3614345 0.47332388 8.5
-0.57215828 -3.6198463 0.58880562 10
-0.56218505 -3.5732565 0.55790406 10.333333
-0.56022966 6.3113556 0.55393475 10
-0.55501026 -3.5959878 0.66463012 11.5
-0.56433463 4.2744131 0.66747159 15
-0.58132064 4.3137155 0.64983052 12
-0.58953452 -3.5912056 0.71496731 13
-0.57631499 6.3430281 0.74018455 10
-0.54488075 -3.572072 0.85427439 14
-0.55343437 -3.0494118 0.80051273 14
-0.59516448 -2.9282176 0.89645076 15
-0.59566247 6.3744564 0.8810758 11
-0.55027354 -3.5851347 0.97142762 15
-0.56705439 6.3524804 0.97196406 11
-0.53553325 -3.5636075 1.0327851 15
-0.58310795 6.3652477 1.0473498 11.555555
-0.56500423 6.3615499 1.1252977 12.2
-0.55412179 6.4364719 1.1434951 12.333333
-0.57060981 6.3694458 1.2660793 13
-0.54597819 6.4055734 1.2425551 12.25
-0.55080348 6.3593111 1.3502142 13.428572
-0.53157699 6.4201818 1.3544796 13
-0.56385386 6.3555036 1.4565681 13.6875
-0.56281424 6.3660879 1.5349052 13.5625
-0.5375998 6.4394236 1.5326751 13.5
-0.57376599 6.3608379 1.643537 14.166667
-0.50521398 6.4158158 1.6335875 14
-0.56361604 6.3606153 1.735135 14.333333
-0.56333739 6.3780022 1.8711524 14.75
-0.55768406 6.4551492 1.8270975 14.5
-0.59513539 6.3832059 1.9533737 15
-0.5528059 6.4272008 1.9993558 14
-0.50867051 6.3804989 2.0197062 15
-0.58248937 6.4213142 2.2660766 15
-0.41108248 -3.6701081 -0.026159713 8
-0.45060176 0.89770961 -0.037296347 7
-0.42386007 -3.5829394 0.17499578 9
-0.48493433 6.3938937 0.18655609 7
-0.46347955 -3.5524688 0.29676422 9
-0.45571014 4.3667092 0.28843436 11
-0.43026927 4.4555244 0.25077364 10
-0.41381237 -3.5865812 0.32217869 13.5
-0.46779361 4.2938299 0.32240254 11
-0.42496485 4.3320761 0.34285873 11.214286
-0.4468745 6.4115214 0.39590332 9
-0.47593868 -3.5293472 0.45709634 9
-0.43895143 4.2984257 0.46992886 11
-0.44552886 4.3092937 0.44866279 10.666667
-0.44979012 -3.5820386 0.56591487 11.4
-0.44752008 4.2710142 0.57451558 11
-0.49180174 4.3111615 0.53032517 10
-0.45252964 5.2434707 0.5175091 10
-0.46103722 4.2648158 0.63905054 13
-0.4884676 6.3910465 0.65648705 11
-0.42152604 6.4112816 0.60791683 9
-0.48855019 -3.5355539 0.7544691 11
-0.46912953 4.2543788 0.73268902 12
-0.43033373 6.4346123 0.86363041 10.5
-0.45519975 6.29987 0.91919327 10
-0.44740713 6.4485674 1.0439936 12
-0.49327618 -3.5572176 1.1209441 15
-0.40614483 -3.5653915 1.2242651 13
-0.46602461 6.3774199 1.2437472 12.333333
-0.46543682 6.3758516 1.3444866 13.5
-0.48211205 6.4214439 1.3415345 13
-0.4777208 6.3555822 1.4880126 14
-0.49307469 6.3566699 1.5153415 15
-0.44526494 6.4436703 1.5455198 14.333333
-0.41938001 6.3966417 1.6526006 15
-0.47253919 6.4805326 1.7930927 14
-0.47317091 6.4109473 1.8735019 14
-0.45031896 6.4193912 1.9084517 14
-0.43133947 -3.5501292 2.1313539 15
-0.40486816 -3.4850097 2.3680365 15
-0.47324803 -3.3561559 2.5302286 15
-0.33240479 -1.0220654 -0.010196014 7
-0.37983087 -3.5172784 0.071935304 9
-0.31311002 -3.5371549 0.12203164 8.666667
-0.34182867 -3.5700033 0.24583459 8
-0.37304792 4.3041911 0.28833318 12
-0.36327958 4.4648309 0.2671971 11
-0.32589373 4.8935657 0.29989362 11
-0.3928777 6.3906064 0.27805763 7
-0.35394481 -3.6250417 0.38381845 10
-0.38383374 -3.5805576 0.38147664 9
-0.34450495 4.3401599 0.35462275 11.318182
-0.301691 4.4873452 0.30512682 13
-0.31649807 -3.5725625 0.4113245 11
-0.32607016 4.3587327 0.48380557 11.75
-0.3461639 6.4547443 0.48244157 9
-0.34286413 4.283699 0.56132799 10.5
-0.3479217 4.3002067 0.50551748 11
-0.35815695 -3.6129544 0.68815374 15
-0.35469595 4.2803617 0.64964539 11.166667
-0.32254472 4.3258328 0.64185482 12.5
-0.37667298 6.4506273 0.62406874 9
-0.35330799 -3.5685492 0.734613 12
-0.38465452 6.4094787 1.0830309 12
-0.34796742 -3.7079134 1.1062994 12
-0.35242185 -3.5785367 1.1460153 14.666667
-0.39918351 -3.5901954 1.2527565 13
-0.39209214 6.3803587 1.281258 12.5
-0.34001327 6.463306 1.2557298 12
-0.32848203 6.3190403 1.3413014 13
-0.37607437 6.4221382 1.3028489 12
-0.32530543 6.4471169 1.4491862 14
-0.3779403 -3.5544131 1.5242053 14
-0.3373698 6.5186043 1.5356213 14
-0.37395468 6.390233 1.7837182 14
-0.31583771 -3.5785737 1.8677349 15
-0.35595757 6.4325719 1.9382329 14
-0.32729086 -3.5688446 2.0409119 14
-0.36293057 6.4487805 2.0338869 15
-0.35978943 -3.4873638 2.2105572 15
-0.20494948 6.5341024 -0.10615304 7
-0.20508203 -3.5272524 -0.066247068 7
-0.26259625 -3.5718229 0.13688463 9
-0.24309963 -3.5356503 0.24327154 10
-0.26084363 4.3440127 0.27097633 9.5
-0.27640769 4.4534307 0.29742548 11
-0.20810001 -3.5731277 0.36969227 11
-0.25000322 4.3637838 0.34492919 12.7
-0.26363841 4.4292908 0.34500697 12.75
-0.2918722 -3.601404 0.49427727 9
-0.26303062 -3.5601161 0.42304459 10
-0.25520951 4.3520103 0.4374609 12.8
-0.26230779 6.460619 0.45328072 9.666667
-0.27435514 4.3155203 0.55779272 13.666667
-0.23817921 6.4600015 0.53836721 10.5
-0.23064403 -3.5568871 0.72925836 10.75
-0.25744283 -3.6078737 0.80565494 13.5
-0.21480374 -3.5723033 0.97327691 14.5
-0.29980609 -3.5700457 1.0565085 12
-0.26527461 6.4661212 1.0086122 15
-0.2868703 6.4322286 1.132375 11
-0.2046282 6.429605 1.2350569 13
-0.23901576 -3.5674822 1.3934611 13
-0.28209886 6.4100733 1.3258141 12
-0.28615946 -3.5800421 1.4834381 13
-0.25974697 6.3945646 1.4004581 14
-0.26005882 -3.6882763 1.5718637 14
-0.27797696 -3.5840685 1.5597829 13.5
-0.22415555 6.4883437 1.6173744 15
-0.22689345 -3.5767317 1.7320626 13.5
-0.27203411 6.4421096 1.753567 15
-0.27393284 -3.5621545 1.9380984 14.5
-0.23723578 6.3977652 2.1534734 15
-0.20141852 6.3174605 2.2476089 14
-0.26652619 -3.4799747 2.3104422 15
-0.14833237 -3.5817921 0.098619767 11
-0.15770654 -3.5611246 0.16619559 7.5
-0.19356823 4.0716286 0.18346475 8
-0.11957195 -3.556694 0.24599567 9.666667
-0.11196204 6.4897246 0.27257526 9
-0.11299732 -3.5799274 0.45109674 10
-0.1369164 -3.5740495 0.54454714 12
-0.11276268 4.3554206 0.56110489 10.666667
-0.11537413 4.4379945 0.57397419 11
-0.13581215 4.9106536 0.53262323 13
-0.16235945 -3.5902367 0.60170412 11
-0.18352424 4.3304076 0.62204099 12
-0.14396821 6.4318676 0.61231786 10
-0.18936306 -3.6018722 0.7662819 11
-0.18310404 -3.5748882 0.71324742 12.5
-0.12343244 -3.5732477 0.84081131 11.25
-0.1577121 6.4791036 0.81347996 10
-0.122113 -3.5933552 0.99922961 15
-0.14788015 6.4430146 0.9548378 11
-0.15070382 -3.5694726 1.0563301 12.833333
-0.19537765 6.4536676 1.0341672 12
-0.11120173 6.3470683 1.2341262 13
-0.14194438 6.4098163 1.2390317 13
-0.16055305 6.4247508 1.3749385 14
-0.11752182 -3.5837667 1.4079385 13
-0.15408504 6.477972 1.4426752 14
-0.11055996 -3.6107635 1.5339173 14
-0.12370459 6.4700379 1.5115575 13.5
-0.15280637 -3.582624 1.687181 14
-0.19674595 6.4093313 1.6726763 14
-0.15750246 6.4211397 1.7426072 14
-0.10608898 -3.5924709 1.8734072 14
-0.18961406 6.4519858 1.8917742 14
-0.1873804 6.5615468 1.867855 15
-0.17072815 -3.6009843 1.928311 14
-0.12719083 -3.5772538 1.9820107 15
-0.18899739 -3.5701396 2.0622125 15
-0.15484197 -3.4498098 2.3935676 15
-0.049126957 -3.5088913 -0.064227805 7
-0.029586431 1.9523602 -0.036697522 6
-0.07800258 -3.5904977 0.099149004 9
-0.055588249 -3.5487158 0.14583136 8.5
-0.080857038 -3.6146097 0.22653826 8
-0.031402376 -3.6025198 0.37951478 9
-0.056865942 -3.5702045 0.38266376 12.333333
-0.0060250852 4.342875 0.32134613 9
-0.0396575 -3.5637116 0.44962072 10.666667
-0.0054323971 6.4271464 0.42686599 10
-0.065004967 -3.5754349 0.56942147 11.625
-0.027255807 4.4063301 0.56474084 11
-0.047454726 4.5862255 0.54697841 15
-0.044134181 6.4358811 0.56934923 10.333333
-0.052135851 -3.5567477 0.67946929 12.666667
-0.028588094 -3.5812812 0.74677372 14
-0.065874338 -3.5601451 0.8641777 12.5
-0.065731645 -3.5699689 0.92027128 11.75
-0.039117478 6.3933296 1.0496881 13
-0.026098151 6.3935366 1.1822031 14
-0.0030519457 6.3884549 1.2197894 12
-0.093904927 6.4713969 1.2249056 12
-0.092358761 -3.616065 1.3187015 13
-0.088311762 -3.5736318 1.3259119 13
-0.050495189 6.4857502 1.4670841 13
-0.070611894 -3.6035426 1.5719792 13
-0.071730562 -3.5434444 1.5804733 13
-0.072134882 6.4590626 1.5471961 15
-0.080892034 -3.5611994 1.6394461 15
-0.054893415 6.4363518 1.6412175 14
-0.077328116 6.4385152 1.7285565 14
-0.094301544 -3.6392531 1.9693118 15
-0.017508682 -3.577755 1.9293728 14
-0.023467915 6.4252911 1.9157202 15
-0.076476872 -3.6166027 2.0448279 15
-0.059019577 -3.5661736 2.165061 14.5
-0.090052649 6.2995152 2.1891174 15
-0.02235839 6.4135737 2.1347764 14
0.032528333 -3.5755451 -0.12951125 6
0.035334468 -1.3805821 -0.044362042 7
0.014822482 6.4845886 -0.02159499 7
0.069646835 -3.5348725 0.16195679 8.666667
0.09791214 -3.5384688 0.21812986 8
0.092105821 -3.5585532 0.30323708 12.5
0.046123441 6.4347081 0.3333016 10
0.051124569 -3.55039 0.54976892 11.6
0.042096592 4.3959827 0.55592769 12
0.043415945 4.9714766 0.59737635 14
0.074267834 6.440218 0.55895364 9
0.059932422 -3.5751472 0.6432631 11.5
0.018229596 4.4106064 0.63498318 9
0.043463126 6.4413033 0.61798298 9
0.038364373 -3.5595722 0.75932115 12.25
0.048878528 -3.5579336 0.86991483 13.333333
0.038073178 6.3923445 0.81276196 11
0.061508957 6.4254308 0.8515321 11
0.087306671 -3.5605237 0.92800647 13.5
0.039792567 6.4503236 0.9147504 10.5
0.073020324 -3.6006827 1.000995 15
0.070092708 -3.5621362 1.0533469 11.5
0.07521867 6.4380126 1.0820117 11
0.095179617 -3.5764232 1.1671883 13
0.055964369 6.3847756 1.1539173 12
0.072478816 6.3724294 1.2235036 13
0.071351893 -3.5546517 1.3631396 15
0.07289701 6.4486814 1.3372817 13
0.056541186 -3.5744557 1.4507933 13.75
0.050619785 6.3950143 1.4803565 15
0.081274204 6.4263282 1.4442481 13.5
0.031149631 -3.5652239 1.5678099 15
0.066694811 6.4260459 1.5212277 14
0.068200327 -3.5768492 1.6099749 14
0.0025164809 6.4094229 1.6377835 14
0.053005457 -3.5689924 1.796842 14
0.044346392 6.4162931 1.743086 15
0.084691368 -3.6307547 1.8476429 14
0.069338121 6.5151277 1.8584244 14.5
0.046700738 6.3999124 1.9589113 14
0.073769905 6.5132132 1.9021713 15
0.0021739185 -3.5706975 2.1428533 14
0.12302619 -3.557117 -0.043503743 6
0.14703068 -3.8287334 0.069041967 9
0.13800883 -3.3916147 0.079055287 7
0.11529066 -3.5652959 0.14309241 8.333333
0.10801315 4.2762766 0.27519324 9
0.16706228 4.4885731 0.272466 11
0.14267738 4.608108 0.27768582 13
0.19299932 -3.6139519 0.38859618 11
0.17046687 -3.5372355 0.34974068 9.5
0.14884315 4.3811913 0.3692458 12.833333
0.17062761 4.4229178 0.32868406 13.375
0.15197116 6.4437428 0.38027412 9.5
0.13848402 -3.571507 0.47573882 10.666667
0.13517228 4.3885012 0.44889578 13.75
0.11887036 6.4258499 0.45941713 9
0.13012537 -3.5661948 0.55741489 11
0.15215988 4.3632913 0.51882601 12.75
0.15893678 6.4403563 0.53888524 9.6000004
0.12135766 -3.5658224 0.67121184 9.333333
0.13991125 6.4138546 0.66632295 10
0.18703997 -3.6628785 0.79547507 13
0.1734893 6.4806628 0.74183369 9
0.14785236 -3.5567782 0.85420936 12.2
0.16356328 6.4580836 0.84280396 10.333333
0.17726104 -3.5639098 0.95097983 11
0.18841974 6.4512753 0.958538 11
0.15111639 -3.5515826 1.0624183 13
0.17122076 6.4201918 1.0308092 12.333333
0.12851334 -3.5662808 1.1641873 11
0.15179142 6.3098874 1.1930462 12
0.1208548 6.4445395 1.1188157 14
0.16648355 -3.5751832 1.2844751 13
0.14271377 6.3515325 1.2743629 12
0.157539 6.4382648 1.2653453 12.5
0.1834815 6.5259428 1.2239823 12
0.19022432 -3.5659447 1.3299612 13
0.12857649 6.3993187 1.393308 11
0.16746742 6.445487 1.3384671 14.071428
0.10231606 6.8754501 1.3213186 12
0.18157189 6.3944302 1.499328 13
0.13643987 6.4360204 1.4690359 13.2
0.15923733 6.5053415 1.4817232 13
0.14262295 -3.6156771 1.5732645 15
0.13465844 -3.5914083 1.5344783 13
0.15354864 6.4418659 1.5548357 13.7
0.16288081 -3.5793474 1.6818627 14
0.15925366 6.4412675 1.6463286 14
0.16116941 6.4352646 1.757087 14.2
0.1341192 -3.5700352 1.8498957 15
0.14415506 6.4258103 1.8525288 14.666667
0.1794672 6.504468 2.156436 15
0.17133176 6.3462663 2.2411771 14
0.26592353 -3.5888288 -0.11011136 6
0.25087503 -0.57705563 -0.029493596 5
0.23767427 -3.5568216 0.10668091 8
0.2656863 4.3114586 0.11894172 8
0.23723523 -3.546963 0.23673457 11
0.26040605 4.3671002 0.29064327 14
0.22400472 6.4294267 0.20290904 9
0.27675033 -3.5279121 0.35380077 10
0.25792617 4.3594947 0.34617555 11.833333
0.24956435 -3.6110387 0.40532899 11
0.20566311 4.3980594 0.47062734 14.5
0.23091358 6.3669934 0.40823758 9
0.25139058 6.4532385 0.48431033 9.75
0.24258775 -3.5757005 0.58252251 14
0.22677279 4.3386035 0.53648663 9.5
0.2405469 6.450707 0.57053989 11
0.25403586 -3.5674155 0.64078319 9.666667
0.29853922 4.2899203 0.66424572 15
0.23294312 4.313817 0.6463185 12
0.29949248 6.469727 0.61780554 11
0.24882124 6.4181619 0.72449225 10
0.25336173 -3.5616782 0.87161458 12.5
0.21570687 6.4561472 0.86858082 10.833333
0.22549532 -3.5684812 0.95656204 12.75
0.22290525 6.441637 0.95945919 11
0.2926814 -3.5659208 1.0379986 15
0.26324049 6.466001 1.0784719 12
0.21594918 -3.5495675 1.1207173 14
0.22267939 6.43993 1.1573833 13.25
0.21699291 -3.5718663 1.2376328 13
0.25243443 6.4392333 1.2503904 12.8
0.22875158 -3.5781419 1.3141354 12
0.2249656 6.4389801 1.3260921 14
0.24765965 6.2976341 1.4648913 14
0.26894942 6.3200855 1.4940395 14
0.25990444 6.4434719 1.4412658 13.571428
0.27751142 6.6133037 1.4000163 14
0.26362765 -3.5703995 1.5820345 13
0.28294593 6.3816171 1.5694649 15
0.24951144 6.4351377 1.5425894 13.6
0.2679584 -3.5753095 1.6260849 15
0.25531092 6.4691172 1.6730093 13.333333
0.23850158 -3.5731688 1.7785863 14
0.29600099 6.4487166 1.7645712 14
0.24367566 -3.5679476 1.8260187 14
0.25805137 6.4322119 1.9941841 15
0.20850384 6.4427395 2.020427 14.5
0.21483687 6.4972196 2.1338422 15
0.21844099 -3.4792585 2.3501997 15
0.31520051 0.35533476 -0.043363642 6
0.39100122 1.2998419 -0.056701995 7
0.33842209 1.4659168 -0.089666426 5
0.35007331 -3.5362618 0.021274989 7.1666665
0.36142689 -3.5455389 0.13633317 10
0.37743601 6.139751 0.11520252 8
0.36094347 4.341804 0.27491075 15
0.37842837 4.4650226 0.27212235 11.5
0.37538016 6.1361117 0.26420224 8.25
0.31558627 6.3291378 0.23227921 8
0.35037526 6.4157634 0.28298303 8
0.34539554 -3.5383785 0.33597559 10.9
0.34371412 4.3303843 0.35772294 12.25
0.30411449 4.4244175 0.3374204 10.5
0.34585711 6.4712014 0.37352362 8.5
0.36204079 -3.5663698 0.4403826 11.666667
0.34998977 4.3495569 0.45549923 10.75
0.33534586 6.3836265 0.44648036 10
0.30315959 6.4595995 0.44428939 8.5
0.37904879 -3.5670841 0.5256021 10
0.35609993 4.3340273 0.54640603 11
0.36164999 -3.5627122 0.65418988 12.75
0.3782309 4.3508997 0.64128119 12
0.314356 -3.7964153 0.77880836 14
0.36441323 -3.5391228 0.74092495 10
0.32923108 6.4603744 0.77541208 10
0.31749794 -3.5833521 0.82589644 11
0.35570109 6.4903994 0.99026883 10.5
0.38746431 -3.5922468 1.064875 15
0.36537626 6.4799404 1.0790921 11.666667
0.38941598 -3.5753927 1.1295621 13.75
0.32198232 6.4720492 1.1206036 12
0.38156885 -3.5513458 1.2539566 14
0.32565337 6.4423146 1.2546816 13
0.3302421 6.4343143 1.3290588 13.25
0.31843555 6.4501758 1.4562435 13
0.37972057 -3.6037788 1.5420887 14
0.35789785 6.334341 1.5502602 15
0.39470366 6.4250832 1.5649165 15
0.3792952 6.5442019 1.554333 14
0.38359138 6.4238343 1.6438602 14
0.38123387 6.5297771 1.6635337 14
0.36690152 -3.573503 1.7680373 14.5
0.3592867 6.4676661 1.7684655 15
0.32541594 6.4553971 1.8364489 14.5
0.39703131 -3.526257 2.1591032 15
0.37125602 0.15797089 2.770422 14
0.35104379 -1.0158788 2.8057008 15
0.36900339 0.72216052 2.804117 14
0.43783784 5.2236238 -0.18322772 7
0.42434382 -3.5353181 0.097629726 8
0.44706175 6.1348023 0.030750889 6
0.47421542 -3.5450742 0.17246403 8.666667
0.43409804 6.0891953 0.15971661 8
0.47866634 6.1132226 0.1615451 8
0.47459972 -3.5405538 0.23185211 10
0.42924547 4.3846426 0.29225346 13.5
0.42564827 4.5313377 0.29589006 11.5
0.43340674 6.0979228 0.25126237 10
0.44787857 6.1105909 0.22445083 8.5
0.45047358 -3.5453537 0.33378109 10.666667
0.44498998 4.3799534 0.35549381 11.9
0.45982966 4.4153018 0.34391665 10.5
0.41761115 4.5114269 0.33173615 7
0.4590154 6.1330876 0.32807374 8.25
0.48083907 6.210218 0.30876285 9
0.4423914 6.4309587 0.36626315 9
0.44625023 -3.5326974 0.46751383 12.5
0.43796426 -3.4669974 0.48969752 12
0.43735161 4.3612084 0.43264183 11.285714
0.46892494 4.4155331 0.43620369 10.666667
0.49305001 6.2503037 0.42423579 9
0.4930509 6.4862103 0.46447533 9
0.4164519 6.5401821 0.47163919 9
0.46167067 -3.555763 0.56887072 12
0.42328197 4.3518014 0.56409729 10.666667
0.46488887 4.4338741 0.55383152 13
0.45275733 6.5331182 0.56901139 10
0.4473455 -3.5477648 0.62419868 12.166667
0.42783746 4.2905207 0.65741479 15
0.45179331 4.3136511 0.63289875 11
0.40373141 6.4840264 0.66683686 9
0.46295673 6.5191994 0.67474502 10
0.44792089 -3.5712409 0.74477899 13.5
0.48102775 6.4478865 0.78167373 11.5
0.4219425 6.519897 0.75484616 9.666667
0.43698391 -3.5783262 0.83709013 14.5
0.43274605 6.5092535 0.80855381 12
0.43227383 6.546247 0.92938924 10
0.46091014 6.4966416 1.0359329 12
0.47287449 6.5178061 1.0060716 12
0.47855261 6.4640932 1.138308 12
0.45021808 6.4573026 1.2524151 14.75
0.40511256 -3.5880547 1.3552762 14
0.49799854 6.391871 1.3957129 12
0.45285925 6.4815121 1.361663 15
0.47896162 6.475677 1.6429137 14
0.49992767 -3.5864177 1.7928107 15
0.43625444 6.4803815 1.7418439 14
0.49646652 -3.5607932 1.8944446 14
0.46168277 6.4394865 1.9915757 15
0.44610712 -3.5678749 2.1772373 15
0.42365956 -3.5123394 2.2518594 15
0.45519644 0.46142775 2.8287048 13
0.41312689 -0.16543274 2.9275646 15
0.42517549 -0.10452514 3.0133288 15
0.56014991 -3.8575501 0.19596644 11
0.53575075 -3.4943268 0.18758081 9
0.55941129 6.1424584 0.15654616 7.8333335
0.59990698 -3.7509706 0.22890972 9
0.58120698 -3.5507677 0.21577942 8
0.51430374 4.394062 0.24325402 11
0.52624953 6.1113729 0.2416258 8
0.53946668 -3.5464816 0.34718761 10.666667
0.52881485 4.3930764 0.36567265 10.625
0.51982856 4.4113164 0.34637874 11
0.55788851 6.1340046 0.32840472 8
0.56595874 6.3750005 0.35531899 9
0.51911896 6.4427481 0.39226657 9
0.55812269 6.52771 0.32700419 9
0.57807708 -3.5794487 0.43160278 12
0.51670116 4.4421177 0.45396096 14.5
0.57562435 6.4988027 0.44807538 10
0.59331506 6.5122037 0.40416896 9
0.59650874 -3.6006899 0.55279875 10
0.54424948 -3.5443134 0.52453709 12.333333
0.53987348 6.4710412 0.54804558 10
0.5643307 6.5377221 0.50860125 11
0.56460232 -3.5654311 0.64814389 14.5
0.52413499 4.3541098 0.64187151 11.5
0.53386146 -3.5677156 0.72987956 13
0.5763219 6.4561987 0.77437043 11.5
0.57280022 -3.569591 0.84103978 13.75
0.56720698 -3.5487878 0.95499635 13.333333
0.54781961 6.4619174 0.94633901 11.5
0.5505619 6.4644737 1.0531175 13
0.59247768 -3.6075971 1.1033832 13
0.58225507 -3.5325849 1.1609596 13
0.57590973 6.3939395 1.1544894 12
0.52629799 6.4823093 1.1506218 12
0.53425884 -3.560817 1.244912 12
0.54106081 6.4632449 1.2732606 12
0.57663506 6.4613986 1.3044113 12
0.56888032 -3.5745423 1.4448197 15
0.59317374 6.4654236 1.4311497 14
0.51108354 -3.600234 1.5591834 15
0.57689148 6.4516134 1.5751843 13
0.57830411 -3.568099 1.716964 14.5
0.57117152 6.4590893 1.7469413 14.333333
0.51106519 6.5687246 1.8444388 15
0.55327541 6.5087676 2.1085138 15
0.6864174 1.5269467 -0.052712515 5
0.62725163 -3.5454705 0.072783813 7.5
0.69843954 -3.4071033 0.064213283 8
0.6999445 6.0890522 0.092741594 8
0.67936033 6.1137381 0.051241063 7
0.63260913 -3.7352829 0.10546581 8
0.63924319 -3.5549023 0.21985476 9.75
0.67623514 -3.574276 0.37483761 9.5
0.68990028 4.6702604 0.306483 12
0.62887079 6.4650989 0.31073749 10
0.63478923 -3.5592241 0.4334313 11.25
0.66189349 -3.525151 0.53756028 11
0.63637733 4.5002418 0.53647894 15
0.65115976 4.9712496 0.55466461 15
0.69000846 5.0693798 0.53938478 13
0.62958157 6.4577451 0.54707563 10.75
0.66635531 6.5420108 0.53607851 9.8999996
0.60943162 -3.6027961 0.68385887 14
0.67156619 -3.5606613 0.69749546 10
0.6224618 6.4552994 0.65417832 11.25
0.65515387 -3.5740893 0.79591304 14
0.63327289 6.4472046 0.72123545 11
0.64471591 -3.5605674 0.84565061 13
0.64142883 -3.5495429 0.91471863 12
0.61563802 6.4567432 0.90082711 12
0.64971995 6.4158597 1.107345 12.5
0.61896127 6.4439969 1.2919511 13
0.62924021 6.4669571 1.3165424 13
0.69839436 6.470974 1.5524583 14
0.60917044 6.57689 1.530852 14
0.68840742 6.4439039 1.6407702 15
0.6815989 6.4466362 1.7332271 13
0.66328186 6.5288777 1.7339271 14.5
0.61023712 6.5147266 1.8690935 15
0.62667698 -3.6332374 1.9852161 15
0.68323952 -3.5715661 2.0026076 15
0.71239352 1.4552611 -0.10287844 5
0.72080249 -3.5186355 -0.018508367 7
0.76740837 -3.5439334 0.052045159 7
0.78670931 6.1054144 0.090111688 7.5
0.74806452 -3.5369875 0.16010344 8.5
0.75616693 -3.5541608 0.23943682 9
0.79568207 4.4675918 0.26506633 13
0.79662979 5.0418973 0.21707332 11
0.77204663 -3.6267509 0.42374384 13
0.74733686 -3.5318184 0.4247075 11.5
0.73390085 6.5182042 0.40785909 10
0.77775925 -3.5580425 0.58567309 9
0.76689386 6.5562735 0.57788628 10
0.74534202 -3.5262477 0.66321367 12
0.72280079 4.3575964 0.65064514 12
0.71503574 -3.5721753 0.8390004 12
0.79008543 6.4715743 0.80289561 12
0.72487366 6.8051186 0.80521339 10
0.71792054 -3.5514252 1.106227 12
0.73865622 6.4030046 1.2073817 14
0.74293125 -3.6080887 1.3287297 15
0.76498061 6.4363637 1.3860605 13.666667
0.75480866 -3.5813017 1.4614521 14
0.70623243 6.4454622 1.4191871 13
0.72173703 -3.5580065 1.5942717 14
0.74675673 6.4456353 1.5433546 13.666667
0.76800573 6.5247216 1.5167383 15
0.78665203 -3.5218685 1.600896 15
0.74868262 6.4459071 1.6007588 13
0.73620367 -3.5615351 1.7756506 15
0.74766845 6.4023037 1.8624408 15
0.75506568 6.4494848 1.9121369 14
0.78034437 -3.5802095 2.2461669 15
0.8044216 -3.8522291 0.077078916 9
0.87079495 6.1108131 0.041567795 8
0.87237173 -3.5399916 0.12817179 9
0.84441644 6.1474562 0.14001802 8
0.88420618 4.3794446 0.28030685 9
0.8587845 6.4018483 0.26394039 8
0.86185354 -3.5505774 0.3531698 9.666667
0.89178461 4.4181018 0.30746284 13
0.85391933 4.73843 0.32461524 14
0.87243402 -3.5263417 0.48784354 11
0.82048118 4.4577909 0.4040449 12
0.84357619 4.7594886 0.46676508 14.5
0.83246815 -3.603616 0.52547061 9
0.84615374 -3.5442631 0.55829787 13
0.83140582 4.7618775 0.5871191 10
0.85385197 4.3608079 0.63273031 13
0.83310992 6.4976301 0.87510711 13
0.88997203 6.5270405 0.86274862 11
0.84581828 -3.5638294 0.95230371 14
0.8016544 -3.5451479 1.0927002 12
0.83049482 6.4594288 1.0668384 12
0.86985618 6.5174661 1.0245657 15
0.87566739 6.4407816 1.1567494 15
0.83219159 -3.5434806 1.2700759 14
0.84365141 6.4484367 1.2668746 12
0.86480117 6.5126781 1.2767433 12
0.82518297 6.774982 1.2075018 12
0.84679389 -3.5870826 1.4163477 14
0.85915476 -3.5799494 1.580932 14.5
0.81670088 6.4525037 1.5344541 14
0.84111416 -3.573931 1.681487 14.5
0.80497223 6.4695554 1.6803519 15
0.82767898 6.4306326 1.8517421 15
0.85055017 6.5651608 2.0518348 15
0.96177095 -3.5728533 0.05537612 9
0.99656957 6.5570631 0.043618049 8
0.96831399 -3.5221698 0.15003896 8
0.93477875 6.1178203 0.2184713 9
0.96283531 6.2600303 0.26732758 8.5
0.95837021 -3.6698005 0.34744355 12
0.93232745 -3.5455713 0.35383263 10.3
0.94076753 4.44169 0.321872 12.666667
0.93680316 6.4329906 0.38486159 10
0.93045461 6.540915 0.38580006 9
0.97554135 -3.5315032 0.44031039 12.5
0.99702901 -3.4642162 0.4771938 9
0.92080116 -3.5577686 0.54266673 9
0.99124706 4.3620129 0.58517414 12
0.9458499 4.7618475 0.54559112 15
0.91099733 -3.5396614 0.63310403 12.666667
0.93034029 4.37184 0.63562912 11.5
0.90991253 6.5176229 0.66094625 12
0.96239138 -3.5554454 0.77747029 15
0.97718239 -3.5522487 0.85155803 14.5
0.98619324 -3.53456 0.95270842 14
0.9281171 6.5317073 0.96070164 12
0.93516803 -3.5346279 1.0453657 12.5
0.98105747 -3.6007562 1.176026 13
0.99147844 -3.5639925 1.1758764 13
0.99600351 -3.585429 1.3373731 15
0.91193688 6.5499415 1.3418909 13
0.99384773 6.4586158 1.5111742 14
0.94732094 6.460341 1.667944 14
0.90139669 -3.5655413 1.7620879 14
0.96669894 6.445682 1.7503139 15
0.91943336 -3.5626912 1.8428564 15
0.99054563 6.4487424 1.8259155 15
0.92132372 6.4628749 1.9088528 15
0.90188873 6.4912524 2.1439993 14
0.96562642 6.3930984 2.2781916 14
1.0618697 -3.5366068 -0.023792028 7
1.0239894 2.4445946 -0.041422397 7
1.0201892 6.2946072 -0.056135755 7
1.0616562 -3.5465536 0.040934827 7.5
1.0622323 -3.5378346 0.12611188 9
1.0187206 6.2202749 0.19806305 8
1.0262897 6.5695667 0.15324149 8
1.0588609 -3.5358386 0.25817856 10
1.0621505 4.5217705 0.29562435 12
1.0455699 6.1680446 0.21790974 8
1.0227536 6.3236284 0.29458302 10
1.0323054 6.477632 0.27565995 8
1.0663943 -3.5402985 0.36852914 10.75
1.084151 4.6521869 0.32256892 11
1.0432297 4.7002144 0.31152868 12
1.0384302 6.4649835 0.3323521 9.75
1.0793099 6.5014663 0.34031996 10
1.0049199 -3.6187453 0.44609651 14
1.0411913 -3.5512116 0.46546295 11.428572
1.0012203 6.4657979 0.47304729 10.5
1.0345119 -3.5476363 0.53501886 11.333333
1.0211053 4.3706708 0.5717302 11
1.0366505 6.5466399 0.51601148 11
1.0333515 -3.6440146 0.64545345 15
1.0808305 -3.5447292 0.65154189 14
1.0259012 -3.4789553 0.6606977 11
1.0779947 -3.5612917 0.73659062 13
1.0552614 -3.5511868 0.85741299 15
1.0128236 -3.5478299 0.97380739 14
1.0510006 -3.5548387 1.0545759 11
1.0796828 -3.547668 1.1935565 13
1.0451589 6.5330868 1.2874013 11
1.0558379 -3.5770802 1.3516169 13.5
1.0361457 6.4813848 1.4078519 13
1.0359219 -3.5830495 1.5694456 14
1.0659978 -3.5578716 1.726805 15
1.0663726 6.5070124 1.7719495 13
1.1132033 1.4384549 -0.21011032 7
1.1507046 -3.5317698 0.14703624 9
1.120388 -3.4689164 0.2909618 8
1.1433449 -3.5425327 0.38865885 11
1.1004879 -3.3994436 0.38433495 9
1.1941525 4.5291533 0.35381657 14
1.1924285 6.4682317 0.36775044 10.5
1.14952 -3.5455122 0.44351345 11.5
1.1714755 4.5095944 0.41036937 15
1.138515 -3.5306852 0.55162907 13.5
1.1908711 -3.4729962 0.55552018 10
1.1273115 4.4588909 0.55479556 11
1.1659892 4.7666674 0.5096041 10
1.151163 -3.5382128 0.64580965 12
1.1351082 -3.5443406 0.86887157 14
1.1404643 -3.5592484 1.0658129 13
1.1943755 -3.3300598 1.0460187 12
1.1418531 6.4652238 1.0474745 11.5
1.1116794 -3.5659642 1.3763533 13
1.1492395 -3.606369 1.4024911 15
1.1272447 -3.5421593 1.5326071 14.5
1.2873915 6.6412945 -0.10797127 6
1.2471472 1.0330633 -0.075919136 6
1.2008089 6.4831548 0.18133135 8
1.2802631 -3.718277 0.29479146 11
1.2703487 -3.5330153 0.39169389 13
1.2046459 4.5181136 0.33239329 13.5
1.2429664 6.4653888 0.35497937 10.5
1.2926656 6.5566964 0.30086446 8
1.258015 -3.5396533 0.46686265 11
1.2353725 -3.5450985 0.59477949 15
1.2227129 4.5577674 0.50335258 11
1.2637696 6.5214071 0.55204076 10.5
1.2269391 -3.5663688 0.62441844 14
1.2283154 4.3675513 0.67955947 14
1.2628508 6.4804015 0.62454772 9
1.2354362 -3.5525513 0.72293264 11
1.2861205 6.5134172 0.75639385 10
1.2502422 -3.5492699 0.85376555 14
1.280076 6.4864759 0.87541211 11
1.203088 -3.4690015 0.95661587 13
1.2549139 6.4987974 0.91180748 11
1.2440834 6.5037017 0.98525316 12
1.2615526 5.9350791 1.0238473 12
1.2172093 -3.5309649 1.1020486 14
1.2882998 5.7101722 1.1075387 13
1.2580328 -3.5618818 1.2427003 13.5
1.258352 6.477149 1.2707713 12
1.2719836 -3.5721865 1.35057 13.5
1.2261196 6.4987221 1.5969038 14
1.2682176 -3.5677066 1.7082916 13
1.2821064 6.5041003 1.7856586 15
1.3583418 -3.5304968 0.061734062 7.5
1.38469 4.0476484 0.025516875 7
1.3855959 -3.6236393 0.11892485 8.5
1.3586272 -3.5395551 0.15275809 10.25
1.3352463 5.8208003 0.11403386 8
1.3352022 -3.612514 0.25570861 12
1.3773654 5.7964025 0.20615405 8
1.3903879 -3.5448399 0.3711181 9
1.3510108 -3.5400262 0.46187404 11.833333
1.3417952 4.4334888 0.5744862 13
1.3094405 4.9422865 0.56532425 15
1.3889037 5.2088766 0.59715581 12
1.3287399 6.4675207 0.56687409 12
1.3028555 6.5143509 0.58361489 9
1.345454 -3.5667024 0.65600222 12.5
1.3690947 4.4108319 0.64353931 11
1.3950411 5.0173903 0.65873969 13
1.3447669 6.533988 0.82029134 14
1.3263187 6.4609241 0.96425599 12
1.339002 -3.5646327 1.072386 11
1.3089632 -3.4534192 1.0872437 14
1.3488163 -3.5447352 1.1944768 14
1.335778 6.469079 1.1208766 12
1.3367417 -3.558327 1.2252373 12
1.318699 6.4941082 1.2169607 12
1.348601 5.7306504 1.3654969 14
1.3995686 6.4831991 1.3009586 13
1.3792543 -3.5530934 1.4504918 13.25
1.3324143 6.5225821 1.4536955 12.5
1.3328731 6.4730921 1.6025325 13
1.3277698 -3.6144068 1.8091537 14
1.354273 -3.5685291 1.805002 14
1.3933641 -3.5830252 2.025744 15
1.3175224 -3.5625465 2.2926569 15
1.4862279 -3.5162735 -0.065759666 7
1.4976895 -3.4024396 -0.026406165 7
1.4079235 0.56035584 -0.0079853805 6
1.4686074 2.1281586 -0.029593945 6
1.4883552 -3.6437182 0.16929768 8
1.4141666 -3.5044475 0.17187944 11
1.4975073 5.8641591 0.19459069 9
1.455007 -3.5395441 0.29227486 9.25
1.4505496 -3.4749644 0.25666243 9.5
1.4818004 -3.5702586 0.30390912 8
1.4942895 5.9299874 0.30847353 9
1.4173278 6.4789495 0.32635346 10
1.4809133 5.8178935 0.44294462 9
1.4018188 6.5010653 0.47930846 9
1.4292392 -3.5459003 0.53975976 12.666667
1.4292932 4.4404602 0.55215597 12
1.4359434 4.5185642 0.55733353 11
1.4026276 4.7569404 0.58708757 13
1.4108645 5.0362816 0.5940854 11
1.408981 5.1353707 0.56649089 15
1.4906092 5.7520618 0.51594269 10
1.45091 -3.5396931 0.63593251 11.25
1.4095242 4.3992434 0.68774718 15
1.4436501 4.4111471 0.64387012 11
1.4233838 4.5149527 0.61059558 11
1.4101416 4.9165835 0.66073775 14
1.4143213 5.1311808 0.62952822 13
1.4433695 5.757504 0.64994562 11
1.4619716 -3.5675263 0.76002634 11
1.4062898 5.8874187 0.79932731 14
1.4055754 -3.5346684 0.82113516 13
1.4307432 5.7825127 0.86234057 12
1.479843 6.4285059 0.99491799 10
1.47911 -3.511606 1.0452117 12
1.4440542 6.4841833 1.0283728 12.333333
1.4774822 6.5022621 1.0569954 13
1.4554284 6.4801888 1.1476985 12
1.4232981 -3.5867765 1.2294811 13
1.4900372 -3.588613 1.3366331 13
1.4903963 6.4682837 1.3959669 13
1.4854873 5.8675318 1.4558744 14
1.4537036 -3.5424936 1.5893121 13
1.4596208 6.4577956 1.5251422 15
1.4288538 6.5073233 1.592186 15
1.476878 5.8697186 1.6381383 15
1.4748788 6.4846306 1.7385117 14.333333
1.4730434 6.5393071 1.8187009 14
1.4935478 6.4513936 2.2295485 15
1.5455154 -3.3843749 -0.23152895 7
1.5391898 -3.3629189 -0.064292446 7
1.5012795 0.4207418 -0.045488376 6
1.5331372 -3.4228816 0.05240209 7.5
1.5870916 5.8402739 0.066351287 7
1.5264261 6.4861579 0.084813863 8
1.5799713 -3.5548971 0.18730092 9
1.5920663 -1.204493 0.16193347 10
1.5554787 -1.1955694 0.13825703 9.5
1.5804774 -1.0947268 0.15212384 8
1.5452107 5.8507977 0.1608329 8.625
1.5435036 -3.6263332 0.226088 11
1.5460278 -3.5369711 0.26219809 9.333333
1.5779166 -3.4660542 0.2037933 9
1.5796826 -1.2083253 0.21595633 9.5
1.5535244 -1.167588 0.21272713 9
1.5839505 5.8348956 0.2494019 8.5
1.582778 -3.5425079 0.33459541 9.666667
1.5994408 -1.3083158 0.39114931 14
1.5938541 -1.2964311 0.31736174 11.5
1.5669401 5.7942328 0.34858379 8.5
1.5616164 5.828362 0.35938093 9.666667
1.5358911 6.0502453 0.37072262 10.5
1.5353492 -3.6383889 0.40737113 12
1.547954 -3.5286872 0.42967254 10.166667
1.5806773 5.8527346 0.43855307 10.166667
1.5544485 -3.6555219 0.58412147 14
1.5444618 -3.5481961 0.54319698 11.625
1.5356727 5.7998133 0.51533657 9
1.5721681 5.8450828 0.54367596 10.1875
1.5313822 5.9026279 0.54693621 10
1.5084106 6.5035453 0.53190893 10
1.5550058 -3.557677 0.6586147 11.333333
1.5819196 5.8295116 0.64538461 10.125
1.5046409 6.4726334 0.63693297 12
1.560076 -3.5510237 0.72308135 10.5
1.5740981 5.8420563 0.7562784 11
1.5290066 6.46593 0.75793654 14
1.5337933 -3.5307248 0.81130993 11
1.5768044 5.8478127 0.83984327 12.142858
1.5266346 -3.5702934 0.96372622 12.625
1.5326428 5.735507 0.92338467 13
1.5860682 5.8342834 0.96890348 12.166667
1.5646166 6.4686146 0.93588555 11
1.5505373 -3.5380335 1.0602841 12.75
1.5152731 5.7874613 1.0390583 13
1.5745515 5.8318987 1.0506366 12.541667
1.5336474 -3.5296304 1.1806889 14
1.5676547 5.794867 1.185102 12
1.5740659 5.8453331 1.1437722 12.928572
1.5560004 6.4791932 1.1721258 14
1.5474263 -3.56883 1.2609419 12.5
1.5719479 5.8478661 1.2460114 12.833333
1.5572138 -3.5402844 1.3158678 13
1.5698506 5.8418646 1.3431484 13.909091
1.5559547 5.9157248 1.3354059 13
1.5762503 -3.5802574 1.4562744 14
1.5792654 5.8342128 1.4404643 13.25
1.576046 5.903882 1.426744 15
1.5379618 6.4536695 1.437431 12.5
1.5668224 5.8497362 1.5497634 13.909091
1.5555859 6.0610809 1.5448208 13.5
1.5426322 6.4349594 1.5862563 14
1.5746495 5.8299694 1.6431216 14.4375
1.5453739 5.9483418 1.6440622 14.5
1.5183314 6.4683633 1.6492174 13.5
1.5555701 5.8486476 1.7760876 14.5
1.5964403 -3.5385053 1.8401251 14
1.5960301 5.8386121 1.8444573 15
1.5316226 5.3547897 2.2829993 15
1.6979553 -3.3582857 -0.052530359 8
1.6606035 -1.3641037 -0.037861656 6
1.6546263 -1.2671484 -0.025200177 6.6666665
1.6336112 -1.1411712 -0.023263326 7
1.6640419 -1.0265584 -0.066779979 7
1.6654449 -1.2498035 0.075853251 8
1.6854374 5.8370228 0.028288718 7
1.6496454 -3.6630661 0.17750539 10
1.6241633 -3.5252481 0.1793298 8.625
1.6060327 -3.4707115 0.13173014 8
1.6464152 -3.2989309 0.1828514 10
1.6526099 -1.3387026 0.19997764 13
1.6063839 -1.1430378 0.18403709 10
1.6463814 -1.0607748 0.19191055 11
1.6100229 5.7930589 0.11107116 7.5
1.6506749 5.8360734 0.17203179 8
1.6588439 -3.5470617 0.23518214 8.25
1.6623549 -1.044692 0.22871123 13
1.633435 5.8335514 0.25612372 8.6111107
1.6674755 -3.5206745 0.34398359 9.625
1.6579113 -1.2251067 0.36059374 11.5
1.6611292 -1.1982799 0.34960088 12.5
1.6295723 5.8356671 0.345485 9.7222223
1.6681731 -3.539089 0.44640937 10.833333
1.6697341 -3.4540842 0.46934161 12
1.6770227 -1.2479494 0.42175412 15
1.6235718 5.7911925 0.49219739 10
1.6313633 5.8286862 0.45138711 10.029411
1.6430979 -3.547642 0.54678553 11.555555
1.6853296 -1.1335433 0.54115909 12
1.6239101 5.8321681 0.56337601 10.9
1.655203 -3.5451884 0.63257033 11.4
1.6761177 -3.4569569 0.69405866 13.25
1.6304408 5.7955198 0.6491819 9.75
1.6333492 5.8315091 0.6483596 11.055555
1.6582235 -3.5257156 0.76976049 12.333333
1.6585048 -3.4238927 0.77835149 13
1.637441 5.8307986 0.76221359 11.5
1.6581812 -3.5349534 0.8527956 12.25
1.6361436 5.7914667 0.80811042 10
1.6389571 5.8254962 0.85066152 11.738095
1.6744082 -3.5467701 0.93086314 13
1.6879342 -3.4535394 0.95243454 13.75
1.6431859 5.829577 0.93511206 11.972222
1.6520801 -3.554424 1.0699772 13.666667
1.6835911 5.7901874 1.0952463 13
1.6401873 5.8306532 1.0474784 11.9375
1.6428729 5.9014297 1.0033253 12
1.6428608 -3.5330446 1.1584419 14
1.6955882 5.7599773 1.1814119 12
1.6332409 5.8346109 1.151848 12.571428
1.6155491 6.2374778 1.1055191 12
1.651925 -3.5627322 1.2627171 13.333333
1.6267668 5.8279266 1.259562 13
1.6266943 -3.5624774 1.3511381 13
1.681857 5.7893562 1.3722581 15
1.6339403 5.830492 1.3274215 13.5
1.6401885 6.4218936 1.3831229 14
1.6027946 -3.6219037 1.4976304 15
1.6034274 -3.5572898 1.4460274 14.25
1.6611513 -3.4634299 1.4737791 14
1.6648817 5.7817507 1.4624342 14.5
1.6475818 5.8259816 1.4487302 13.736842
1.6556653 5.9081779 1.4429613 13
1.6020703 6.432786 1.4616172 14
1.642992 5.7705154 1.5734704 14
1.6546986 5.826261 1.5593076 13.888889
1.6499156 6.1859169 1.5120516 15
1.6257409 -3.5430264 1.6356869 13
1.6489834 5.7944245 1.6591271 15
1.6284646 5.8298798 1.6587386 14.777778
1.6428372 5.8272591 1.7308805 15
1.6705098 6.4097214 1.775385 15
1.6569949 5.8343592 1.854378 14.857142
1.6205175 6.5215707 2.0138619 15
1.6981838 0.27492142 2.3331237 13
1.714429 -1.0017751 -0.10115217 7
1.7465819 -3.5314496 0.068579912 8
1.718733 -3.4073496 0.0089341765 7
1.7124399 -1.2367435 0.04666964 8
1.7019215 -1.0188646 0.023421016 7
1.7522663 5.8685598 0.064559296 8
1.758685 -3.5392261 0.17209087 8.375
1.7828125 -3.4184651 0.16065712 9.666667
1.7425728 5.8404188 0.1087027 8
1.7135015 -3.5381956 0.26976919 10.5
1.7736152 -3.4187531 0.26464486 9
1.7860277 -3.3872626 0.25797802 9
1.7820039 -1.2494991 0.27034569 10.5
1.7866528 -1.1653666 0.24194595 9.666667
1.7693835 -1.0605918 0.25620028 11.25
1.7465386 5.83496 0.23945215 9.0714283
1.7634789 -3.5175841 0.36158642 9.666667
1.7639643 -3.4383757 0.35674945 10.166667
1.7518973 -1.2401931 0.34439018 12
1.7581192 -1.1556597 0.35394534 11.136364
1.7779921 -1.0663016 0.35324085 12.583333
1.7141328 5.7959018 0.34979269 8
1.7333535 5.8412771 0.34093976 9.666667
1.7625043 5.9360852 0.36811179 9
1.7438825 -3.5306869 0.44710144 9.666667
1.7731889 -3.4144127 0.4491719 11.5
1.7351587 -1.2356566 0.43277749 12.909091
1.7508143 -1.1390923 0.45507944 12.944445
1.7609375 -1.0740597 0.43905669 13
1.7397707 5.8317118 0.46496889 10.916667
1.7363142 -3.534399 0.55248517 12
1.7646279 -3.4335902 0.54133189 10.777778
1.7516934 -1.1695266 0.5239678 12.125
1.7276471 -1.0994067 0.51360303 10
1.7551513 5.823164 0.54539067 9.5
1.7198526 -3.5235798 0.66631383 11.25
1.7871399 -3.4222064 0.65953428 11.25
1.7606984 5.8284688 0.63226497 10
1.7675344 5.9303603 0.62394756 10
1.7492713 -3.5255377 0.73141056 11
1.7903614 -3.4208891 0.78393102 12.666667
1.7822489 -1.2135789 0.70729816 15
1.7400812 5.8229775 0.74006557 11.333333
1.714113 -3.5372133 0.86716777 13
1.7808822 -3.4220874 0.86538798 12.9
1.7739017 -3.423403 0.93882996 14.1
1.759876 5.8391652 0.92188454 11
1.7349371 -3.5268924 1.035127 14.666667
1.7621068 -3.4788136 1.0506862 13
1.7776821 -3.3976688 1.0208195 14
1.7411047 5.8371801 1.0185401 13.75
1.7506562 -3.5427237 1.1449037 14.5
1.7541181 5.7571087 1.1459374 12
1.7484763 5.838479 1.1758872 12
1.7588251 -3.4610476 1.2263283 15
1.7845767 -3.3942118 1.2197804 15
1.7130445 5.8008132 1.2151945 12.5
1.7353575 5.8431382 1.3428786 13.5
1.7603188 -3.4539204 1.4480171 14
1.7107319 5.8477688 1.4651247 14
1.7630019 -3.4448681 1.5455884 15
1.7642367 5.8219371 1.5349406 14.5
1.7728968 -3.4657478 1.6029305 15
1.7519246 5.8754435 1.6645732 14.5
1.7655685 -3.4594376 1.7663727 14.5
1.7980319 5.7936273 1.7198702 15
1.7233534 5.8759022 1.8295449 15
1.7692243 -3.4298685 1.9237554 15
1.7534935 -1.5650852 2.2919314 15
1.7905742 6.3270307 2.2693963 14
1.787123 0.3272498 2.3606362 15
1.7774369 1.1860589 2.4026127 13
1.8136255 -1.4672414 -0.055773146 6
1.8617095 -3.3805027 0.014922123 8
1.8849406 -0.86820352 0.091517299 8
1.8397917 -3.4206636 0.1562548 8.6000004
1.8108425 -1.1281427 0.15298055 7
1.8160821 -1.029893 0.13039638 8
1.8876598 -0.84778374 0.13759619 9
1.8208815 5.8027029 0.16346103 7
1.8411148 -3.4242628 0.26641306 9.125
1.8393239 -3.3808215 0.25652677 12.75
1.8246596 -1.3270733 0.22030011 9
1.8298371 -1.2323556 0.25555244 10.5
1.8137833 -1.1341127 0.2629461 10.5
1.8201828 -1.0661411 0.2588779 10.166667
1.8562051 5.7868114 0.2575725 8.5
1.8578272 5.8362279 0.24020045 9.166667
1.8456277 -3.4275928 0.35882404 10.2
1.8550053 -3.3890042 0.36633909 10.75
1.8237807 -1.3027935 0.34489599 11
1.8436198 -1.2575368 0.35220045 13.6
1.8240478 -1.1171378 0.35767832 10.75
1.8163881 -1.0795269 0.35111257 11.25
1.8291202 -0.98172683 0.31225845 12.75
1.8427076 -0.83664477 0.34021407 10
1.8948884 5.8319664 0.31572303 8
1.8544238 -3.4195223 0.44972593 10.25
1.8263872 -1.239844 0.47767457 12
1.8546884 -1.1383061 0.46398288 11.333333
1.8485702 5.8263116 0.47557098 11.166667
1.8285553 -3.4191184 0.56558537 12.277778
1.8599446 -1.2384706 0.54955375 11.571428
1.8641958 -1.1488609 0.55252188 12.2
1.8684285 -1.0865145 0.57793349 14.25
1.8424093 5.8197308 0.53987199 11.5
1.8498859 -3.4254661 0.64092708 11
1.8559574 -3.3807099 0.61551315 11
1.8760581 -1.579241 0.69044894 8
1.8580931 -1.2450583 0.64670897 13.272727
1.8636994 -1.1531562 0.64263099 13.333333
1.8841704 5.7997475 0.63827616 11
1.836627 5.818399 0.6304056 10
1.8086659 -3.5596762 0.7413519 12
1.8302733 -3.4183207 0.75326169 12.1
1.8485801 -3.3889966 0.7639398 12
1.838159 5.8180628 0.73351586 11.5
1.8304139 -3.4142356 0.8661266 12.333333
1.8835484 -3.398226 0.84394139 11
1.8434532 5.789865 0.87197614 14
1.8323164 5.8180814 0.85194409 14
1.8751075 -3.4222393 0.94795567 14.166667
1.8220154 5.8319511 0.94876283 11
1.8472022 -3.424978 1.0309685 12.4375
1.8460704 5.82831 1.0607243 13.5
1.8726104 -3.4417009 1.1492816 12.8
1.8331106 -3.3783438 1.1816972 13
1.8333462 5.8003368 1.1305411 12
1.8582054 -3.4174116 1.2481228 12.5
1.8670473 5.7867346 1.2849703 12
1.825936 -3.4132624 1.3757565 13
1.8913292 -3.3956227 1.3088661 15
1.8652847 -3.4620891 1.4621111 13.625
1.8601328 5.8384452 1.4724836 12.25
1.8314341 -3.431082 1.5367789 15
1.8395118 5.8270617 1.5683881 14
1.8559009 -3.4441605 1.6186844 14.75
1.8073615 5.7929287 1.6550385 15
1.8946291 5.8056755 1.6030018 15
1.8489041 -3.4615359 1.757491 14.5
1.8222256 5.8647203 1.7904341 13
1.848531 -3.4344144 1.8221948 15
1.8059556 -3.4425786 1.9479805 15
1.8544196 -3.4565322 2.0501876 15
1.9972793 -1.0600256 -0.29741871 5
1.9645683 -3.4040465 0.064916804 7
1.9279338 -0.90527713 0.038567338 9
1.9181726 -0.86860055 0.053138841 9.5
1.986044 5.8634243 0.099860236 6
1.9712728 -3.604068 0.11329673 9
1.9688653 -3.4171305 0.15777445 8.083333
1.9664482 -3.3993771 0.13876317 8
1.9341965 -3.2894566 0.15429866 8
1.9426978 -1.3681507 0.15390521 9
1.907181 -1.2882854 0.15263222 12
1.932235 -1.0816637 0.1760684 8
1.9369524 -3.4228117 0.2570726 10.25
1.9898291 -3.3887036 0.21464792 9
1.9859776 -0.96240997 0.2692686 9.5
1.9607054 5.8257327 0.24672142 8.875
1.9031966 5.920887 0.22397369 8
1.9834486 -3.529438 0.37217486 12.5
1.9466584 -3.4208548 0.33616579 10.1
1.9792757 -3.3837819 0.35043234 9.2222223
1.9382199 -1.1678216 0.37256524 9.5
1.9443585 -1.067312 0.31094676 11
1.9732795 -0.93878233 0.37172449 10.25
1.9730836 -0.83158833 0.35199252 11
1.983867 -0.68303001 0.36891896 11
1.9695817 5.8245773 0.36593351 9
1.9459354 -3.4112449 0.444116 10
1.92277 -3.3807123 0.44453529 9
1.9416463 -1.1538653 0.47429448 11.2
1.9444146 -1.0378822 0.4801122 11.833333
1.9866333 -0.89926142 0.479314 15
1.9889262 -0.63945037 0.42929476 15
1.9575962 -3.4298749 0.54175317 10.416667
1.918322 -3.3812413 0.5573402 11
1.9388472 -1.211009 0.55391163 9
1.9047067 -1.1635109 0.54679799 12.25
1.950148 -1.0886556 0.59169877 13
1.9926682 -0.68886507 0.56309623 14
1.980921 5.7791228 0.52444994 9
1.995144 5.815732 0.55349237 13
1.983496 -3.4151843 0.67672616 10.75
1.9383534 -1.2481078 0.6499458 13.5
1.9213107 -1.1497773 0.65134823 13
1.993772 -1.0395714 0.62418181 14
1.9374586 5.7767992 0.61878341 10
1.9499289 5.8152213 0.64295393 9.5
1.9423326 -3.449842 0.76845038 11.5
1.9385815 -3.3805869 0.75227231 10.5
1.9097046 -1.2487783 0.72107339 10.5
1.9370667 -1.1642177 0.7300998 13.75
1.9688148 -1.0796696 0.73709822 13.5
1.9459516 -3.4276488 0.85252744 11.625
1.9758945 -3.3940816 0.8384878 11.166667
1.9721044 -1.196281 0.82269919 15
1.9585376 -3.4361017 0.90985715 12
1.9540851 -3.3743613 0.94896823 13
1.9295715 5.8167748 0.96024829 11
1.9525911 -3.4344132 1.0225198 13.5
1.9494715 -3.3851104 1.0597323 12.75
1.9324939 -3.4250779 1.1297309 14
1.9948288 -0.60210168 1.1887991 15
1.9809757 -3.4132135 1.2608554 13.5
1.9438188 5.8352532 1.254896 13
1.9762141 -3.4347727 1.3438939 13
1.9022137 -1.5438588 1.3402309 15
1.9441198 5.7956905 1.3796902 11
1.9092728 5.8164301 1.307546 14
1.9401368 -3.4444625 1.4219846 14
1.9285035 -0.88914645 1.4443973 15
1.9811302 5.854188 1.4309944 13
1.9713417 -3.4144745 1.5150713 14
1.9355074 5.7627678 1.5059609 15
1.9622735 5.8345947 1.5255033 14
1.970351 -3.388922 1.6836108 15
1.9712732 5.7789125 1.6008166 15
1.918018 5.8135066 1.6701195 15
1.9157797 -3.4354992 1.7513218 14
1.9295033 -3.450047 1.8610247 15
1.9395 5.8597674 1.8875663 15
2.0565116 -1.4941634 -0.23201612 6
2.0680528 -0.7935636 -0.27196479 6
2.0782588 -0.63801324 -0.15940018 6.6666665
2.0666578 -3.3921616 -0.033550613 6.5
2.0932615 -0.59416932 -0.029476553 7
2.0223722 1.0754473 -0.043529499 6
2.0690355 -0.82848758 0.027426817 7
2.0115213 5.8418236 0.096302174 8
2.0949297 -3.4037371 0.13284403 8
2.0709646 -3.3881409 0.17350987 8
2.0145271 -1.3544179 0.12190364 8
2.0753429 -1.2478099 0.14342043 8
2.0783913 -1.139303 0.15448077 8.75
2.0743067 -1.0720145 0.17494982 7
2.0988507 -0.93691814 0.18848194 9
2.0358465 -0.82594281 0.14506795 9.75
2.0825875 -0.62705171 0.18323041 8.6999998
2.0475688 -3.4118545 0.23867272 8.681818
2.015435 -3.3976259 0.26854253 9
2.0980697 -1.5263115 0.24286166 11
2.0086889 -1.4089739 0.2044642 9
2.0961039 -1.3950666 0.26729387 12
2.0782297 -1.2478033 0.26945716 10.5
2.0821342 -1.1353909 0.25549686 9.666667
2.0777268 -1.059253 0.26791823 9.7857141
2.082994 -0.96846044 0.26538613 10.916667
2.0813169 -0.82433188 0.23164169 9.666667
2.0968759 -0.7080965 0.21240011 9
2.094573 -0.63344848 0.23206623 9.875
2.0882931 -0.58724898 0.24808778 9.166667
2.0604825 5.8383827 0.23012659 8.75
2.0496087 -3.414664 0.35175416 10.666667
2.0369208 -3.3838167 0.35076898 8.75
2.0761092 -1.2628899 0.33067825 11.833333
2.0639729 -1.1203794 0.33887082 12
2.0768597 -1.0438628 0.34754848 11.614583
2.0853477 -0.95716155 0.32762578 12.5
2.0918913 -0.89111084 0.33434486 15
2.0967917 -0.75404358 0.37633321 10.75
2.0787694 -0.63715076 0.34872937 11.147058
2.0893753 -0.58263177 0.35721242 12.5
2.0054202 5.7763667 0.31636214 9
2.0766532 5.8153391 0.33366621 9.5
2.0848658 -3.5063264 0.47667941 13
2.0506554 -3.4302316 0.48016798 11.5
2.036515 -3.3983679 0.41318604 9
2.0952852 -1.2532903 0.44793478 15
2.0655775 -1.1752766 0.42854539 14
2.0747995 -1.0420521 0.44704658 11.954545
2.0883842 -0.94589955 0.45383999 10.666667
2.0707035 -0.76189101 0.43376017 10
2.0860093 -0.6240021 0.46410573 12.45
2.0926628 -0.57187861 0.4319596 9.5
2.0222056 5.7835417 0.48689377 11
2.0270071 5.8429909 0.43772799 9
2.0490055 -3.4296763 0.55617779 10.25
2.0740635 -3.3859706 0.53610831 10.5
2.0897567 -1.5555249 0.55801493 9
2.0954347 -1.3182994 0.50835472 14.5
2.0598335 -1.1095512 0.52103674 13.5
2.0684988 -1.041811 0.52886176 12.78125
2.088413 -0.98612845 0.56206006 14
2.087301 -0.63248646 0.54426074 12.615385
2.0903816 -0.58715951 0.54715723 11.642858
2.0994344 5.7988515 0.50709194 10
2.0563884 5.8229699 0.54661441 10.142858
2.0843382 -3.5613766 0.63184118 14
2.0580559 -3.4299369 0.64415789 12
2.0271604 -3.3914433 0.62721854 11
2.0740933 -1.586581 0.68369579 12
2.0159864 -1.3806925 0.67443168 9
2.0754998 -1.1353658 0.66100407 15
2.0897002 -1.0292153 0.65214735 14.25
2.0865848 -0.95735949 0.6385749 13
2.0680034 -0.72585523 0.64435774 11
2.0862372 -0.63424253 0.63804537 13.583333
2.092993 -0.57157063 0.64900249 12
2.0690849 5.7928782 0.66068441 12
2.0490446 5.8188877 0.64586091 12
2.0660872 6.0416756 0.6428172 11
2.0416503 -3.4124534 0.74966711 11.75
2.0265803 -3.3241687 0.75602371 11.5
2.0835757 -1.5470567 0.72873926 11.5
2.0901952 -1.4520099 0.77947974 14
2.0860019 -1.2410433 0.79246527 14
2.0340624 -1.1351515 0.73265707 13.5
2.080667 -1.0397426 0.75269383 13.6
2.0507731 -0.85233355 0.72217768 13
2.0762923 -0.63976622 0.74789637 12.9
2.0745814 -0.59199667 0.74871469 12.857142
2.0542421 5.8270168 0.74320436 11.875
2.0439103 -3.4190624 0.85678929 13.0625
2.0182524 -3.3817997 0.85213035 12.333333
2.0755599 -1.7562978 0.80994332 9
2.0929377 -1.5367862 0.8563543 13
2.0905116 -1.4025543 0.84495527 15
2.0451157 -1.2478076 0.85350102 13
2.0840533 -1.1925473 0.87072605 13.5
2.085932 -1.0321523 0.86358142 15
2.0786874 -0.9403044 0.81746209 10
2.080446 -0.83776867 0.84449083 11
2.0780833 -0.78968376 0.86510563 12
2.0753446 -0.64434022 0.84374815 13.722222
2.0957112 -0.57438099 0.82715064 15
2.0736878 5.7995577 0.82893968 10
2.0625899 5.8167267 0.87972224 11.857142
2.0527303 -3.4207056 0.95109791 13
2.0730865 -1.5516713 0.95322949 13
2.0750537 -1.4151614 0.93922013 14.666667
2.080143 -1.2507544 0.94939739 12.833333
2.0817826 -1.1257288 0.93714029 10
2.0395339 -1.0429306 0.94929761 11.5
2.0846899 -0.81398255 0.96403748 12
2.0820398 -0.76252878 0.93859714 10.333333
2.0808132 -0.62875837 0.94133747 13.5
2.0819566 -0.58329588 0.9419508 13.75
2.0504029 5.8252573 0.95113903 13.071428
2.0595217 -3.432904 1.0177861 14
2.0131249 -3.3779922 1.0484631 12.5
2.0669744 -1.6632481 1.0792547 13.5
2.0714951 -1.5612299 1.0938952 14
2.0769901 -1.4855782 1.0344615 12
2.0743415 -1.3908079 1.0464686 15
2.0632367 -1.2956319 1.0917768 15
2.0900702 -0.78747231 1.0395852 11
2.0719421 -0.63692558 1.0387924 13.333333
2.0331645 -0.59903151 1.0120142 15
2.0811338 5.7929258 1.0221455 13
2.0830636 5.8588843 1.0530307 11
2.0203991 -3.416739 1.1410576 14
2.0508199 -3.3869035 1.1359308 13.25
2.0983036 -1.4220196 1.1301154 12.5
2.0889995 -1.255384 1.1704633 12
2.0818167 -1.1420151 1.1531248 13.5
2.0749545 -0.92384088 1.1858927 15
2.0801473 -0.64616883 1.1409068 14.285714
2.0577753 5.8257947 1.1794544 12
2.0643651 -3.4273827 1.2623595 13.75
2.0767119 -1.3105717 1.2935992 15
2.0863078 -1.2367971 1.2157727 14
2.0421383 -1.1591156 1.2387619 15
2.0395076 -0.74935001 1.2740855 15
2.0791123 -0.66252309 1.2645918 13.5
2.0760686 5.8160172 1.2813395 14
2.0756032 -3.4344037 1.3395101 13.25
2.0649126 -3.399205 1.3331676 15
2.0774562 -1.2300091 1.301064 15
2.0912068 -1.0544484 1.3686981 13
2.033159 -0.75577343 1.3280202 12
2.0732079 -0.63184536 1.3503685 15
2.0757837 5.8232136 1.3723141 13.666667
2.082288 -1.5698068 1.4327548 15
2.0716136 -1.2485297 1.4382187 14.5
2.0883017 -1.1695163 1.4310105 13
2.0856245 -0.75284934 1.4389061 12.666667
2.0886459 5.8406324 1.4475535 14
2.0477483 -3.4476843 1.5814003 15
2.0862203 -1.6692475 1.509185 12
2.0795386 -1.4281806 1.5549157 13
2.0948958 -1.3617308 1.5015521 13
2.0605569 -0.73149848 1.5469065 14
2.0876584 -0.65010363 1.5703332 14
2.0656602 5.7960434 1.5412549 14
2.096 -1.4748368 1.6898923 14
2.0545309 5.8259945 1.6694269 15
2.0913906 -1.5495856 1.7433186 15
2.0714993 -0.87536454 1.7073613 13
2.0989199 -0.66252619 1.7437259 15
2.0194614 5.830586 1.7924485 15
2.0864973 -0.87417173 1.8766993 14
2.0850534 -0.75440371 1.8062216 15
2.0859385 -0.63671207 1.8650584 14
2.0853674 -0.65163928 2.0331383 15
2.0748467 -0.92428064 2.1349847 14
2.0589235 1.2362185 2.3400044 15
2.1155133 -0.62858593 -0.19460762 6
2.1373632 -1.6064638 -0.060983006 6
2.1752744 -0.59332621 -0.082547233 6
2.1994359 2.1196222 -0.062272504 5
2.178134 5.8224535 -0.030397661 8
2.1349351 -3.4182231 0.074732721 7.3333335
2.1180282 -0.9164238 0.058171488 8.5
2.1458931 -0.63549399 0.061741501 7.6666665
2.1803472 -0.5327794 0.072832674 7
2.1767998 5.9131641 0.039473839 7
2.1040707 -3.4242799 0.14215416 8.333333
2.1491141 -3.3744054 0.15604264 8.6000004
2.1596279 -1.4564966 0.19012278 12
2.1181309 -1.2707298 0.19653688 9
2.1142502 -1.0568931 0.18921882 8
2.1270428 -0.98277718 0.15051959 8.5
2.1098163 -0.81328297 0.13920461 9
2.1444221 -0.61629677 0.14732291 8.166667
2.135494 -0.5642128 0.15385565 8.75
2.1409795 5.8124499 0.1422846 9
2.1028445 6.0864973 0.16113424 7
2.1254463 -3.4133275 0.27227011 9.375
2.1434648 -1.6364707 0.24647526 11.5
2.1062319 -1.5497531 0.21930395 9.5
2.12428 -1.3011633 0.24255596 9
2.1685925 -0.95144862 0.24067317 11.5
2.1139424 -0.74003559 0.2521295 9.5
2.1156957 -0.616777 0.24483921 9.8000002
2.14851 -0.57721812 0.2674588 9.9230766
2.1850278 5.7445993 0.22756207 9
2.1289632 5.8225331 0.26315209 9.75
2.1533282 -3.4089515 0.35302603 9.1999998
2.1675234 -1.6584669 0.32207602 13
2.1273234 -1.5742862 0.36362293 10.25
2.156414 -1.4332533 0.32467386 14
2.1081953 -1.3426558 0.3208836 12
2.1254525 -1.1603093 0.3214767 11.5
2.1178515 -1.0355183 0.33132938 11
2.1100721 -0.9590264 0.39295134 9.5
2.1949856 -0.88254124 0.32636192 14
2.1706371 -0.76803756 0.37771368 8
2.132777 -0.61771095 0.33892363 11.305556
2.1353128 -0.57916158 0.35062253 10.958333
2.1509786 5.8275805 0.35188514 9.333333
2.1725364 5.9082093 0.31668371 9
2.1549172 -3.4113832 0.44756678 11.125
2.1399193 -3.3991971 0.44537249 15
2.1140685 -1.6008943 0.45771551 12
2.1321707 -1.5693367 0.44521704 12
2.1079695 -1.3301107 0.45369396 12.75
2.1037705 -1.2929882 0.47175795 11
2.1211166 -1.0363612 0.46706927 15
2.1067245 -0.94705504 0.49613756 13.25
2.1373298 -0.85641813 0.4342255 11.5
2.1118357 -0.72665811 0.43785635 10.75
2.1149721 -0.61675912 0.42566663 11
2.1299069 -0.58760786 0.44845051 11.733334
2.1229694 5.7725143 0.4717468 9
2.1429455 5.8245745 0.44194987 9.7142859
2.1596067 5.9096007 0.4501901 11
2.1509275 -3.4218426 0.55339926 10.333333
2.1537898 -3.3941605 0.54292041 10.8
2.1173558 -1.6120594 0.55655974 14.75
2.1181774 -1.538648 0.56905985 12.5
2.1478114 -1.4763792 0.54997188 9
2.1134236 -1.3524125 0.57508439 13
2.1097045 -1.2740421 0.5120039 14
2.1096761 -1.0103023 0.55428731 12
2.1124134 -0.98595917 0.56725276 11.833333
2.1124313 -0.85732019 0.54927635 11
2.1776121 -0.75747949 0.58132321 8
2.1232057 -0.61966717 0.53147435 12.125
2.1377981 -0.58234572 0.54162955 11.725
2.1120036 5.7704601 0.59838235 11
2.1381218 5.8292513 0.55918813 10.208333
2.175247 5.9162006 0.57228339 12
2.1514955 -3.4210136 0.66098225 13.5
2.141078 -3.3937097 0.68653846 12
2.1312454 -1.6353774 0.61101931 13
2.112865 -1.5568019 0.63226354 14
2.1149232 -1.4544256 0.67480201 14
2.1051919 -1.0088123 0.6439957 15
2.111691 -0.98676276 0.69823557 15
2.1143217 -0.72777551 0.65434861 12
2.117799 -0.61913449 0.66250229 13.25
2.1334748 -0.58999604 0.65018362 12.285714
2.1486373 5.8200469 0.63889903 11.423077
2.1497014 -3.4100821 0.73098779 11.666667
2.183418 -3.3890452 0.75424469 11.5
2.1327629 -1.5522733 0.76075119 14.833333
2.128896 -1.4943702 0.75421029 13.5
2.1359129 -1.1486758 0.75532091 10
2.1154928 -0.96522373 0.74418718 14
2.1159754 -0.80305272 0.74214989 8
2.1025538 -0.7050693 0.71631622 9
2.1397109 -0.61132926 0.74086457 12.666667
2.1619842 -0.58373398 0.75540972 12.611111
2.1305871 5.7976999 0.75302124 11
2.1482365 5.8277783 0.74367607 12.076923
2.1501172 -3.4077938 0.85739779 13.375
2.1273029 -1.5171863 0.82398087 12.5
2.1469746 -1.4368303 0.85842544 12.333333
2.1062002 -1.3337914 0.80536216 15
2.1017115 -1.246576 0.84475833 14
2.1139228 -0.91221535 0.83161885 14.5
2.1360159 -0.73755264 0.89659333 11
2.1183677 -0.61591256 0.87100798 12.875
2.1378379 -0.58412129 0.84351927 13.5
2.1231241 5.8318033 0.85585117 11.833333
2.1289172 -3.4118533 0.94006658 13.642858
2.117794 -1.5481205 0.95813048 12.666667
2.1339707 -1.4301753 0.97572786 11
2.1046526 -1.3764479 0.94277757 11.75
2.1073124 -1.2154289 0.91496944 11
2.15288 -1.0709337 0.9142648 11
2.151366 -0.62332541 0.93271035 13.4375
2.1478474 -0.5822947 0.96453714 14.055555
2.1460149 5.7828827 0.95159751 15
2.1613443 5.8306999 0.95328873 13
2.120131 -3.5360861 1.0116631 14
2.1505153 -3.4297745 1.0439441 14.333333
2.172756 -3.3991735 1.0722915 14
2.1344111 -1.451689 1.0371561 12.5
2.1094041 -1.3476907 1.0845345 14
2.1259947 -1.2015954 1.0691024 13
2.1046588 -1.1047108 1.0476494 14
2.1219668 -0.89551681 1.0157773 11
2.1296849 -0.60630435 1.0289935 13.875
2.1397669 -0.57689309 1.0540048 13.333333
2.1688952 -0.42750293 1.024051 11
2.1671703 5.7926602 1.0069635 13.5
2.1403141 5.8319478 1.0475855 13
2.1598883 5.9625363 1.0810276 14
2.171185 -3.4171791 1.1659673 15
2.1162746 -1.4121509 1.1058885 13
2.1233871 -1.3919179 1.1704707 14
2.129818 -1.2602905 1.1332142 13.666667
2.1023989 -1.1990453 1.1305585 14
2.1347134 -0.94765055 1.1636281 12.833333
2.1001694 -0.8127749 1.1722564 10
2.1784449 -0.79527056 1.165114 11
2.1156323 -0.62783319 1.1702198 12.75
2.1164041 -0.58384633 1.140079 14.2
2.1478705 5.7863307 1.1331053 15
2.1008687 -3.3888185 1.2698344 15
2.1084592 -1.5248187 1.2252109 13
2.1294127 -1.3656508 1.2452866 12
2.1358125 -1.2736501 1.2433183 13.5
2.1016099 -1.1503193 1.213016 14
2.1918738 -0.7186479 1.2928045 13
2.1393828 -0.6127972 1.2475953 13.5
2.1602397 -0.58783442 1.2132186 15
2.165149 5.7785673 1.2344769 14.333333
2.1483674 5.8554897 1.2447981 12.916667
2.1076317 -1.1491103 1.3624934 12
2.1255815 -0.83287096 1.3360753 10
2.1389828 -0.74380809 1.3344526 12
2.1426606 5.7853365 1.3160813 14
2.1637318 5.8470383 1.3481272 13.666667
2.1315258 -1.5716445 1.4492389 15
2.1140232 -1.4290177 1.4367061 14
2.1444027 -1.3863699 1.4421471 13
2.1116815 -0.84841114 1.4349282 12
2.1860926 -0.6016354 1.4645355 15
2.1147201 -0.54385644 1.4480193 13.333333
2.1693063 5.7852573 1.4636395 13.5
2.1572104 5.8155942 1.4769219 14
2.1158102 -0.87540889 1.5279229 12
2.1558807 -0.62956923 1.5924653 13
2.1586111 5.7946739 1.5684321 14
2.1379409 5.8172832 1.5553528 14.6
2.1881616 -3.576134 1.6187773 14
2.1600678 -0.69738144 1.6704302 12
2.1312101 -0.58525723 1.6623795 12
2.1794546 5.8288765 1.643141 15
2.196213 6.142992 1.6009549 14
2.1331334 -1.0285227 1.7939956 13
2.1708102 -0.70852363 1.7468131 13.5
2.1847303 -0.60631675 1.7311413 15
2.1722724 5.8510613 1.7491946 15
2.1127257 -1.5293599 1.8705223 15
2.1034677 -1.0600007 1.8784988 15
2.1961093 -0.69997901 1.8336442 15
2.1166542 -0.48210478 1.8033522 14
2.1276612 -1.3892727 1.9772527 15
2.1011364 -0.80789244 1.9764622 15
2.1628921 -0.57851982 1.9707038 15
2.1817508 5.816565 1.9851416 15
2.1278393 -0.84943414 2.0589924 14
2.1005814 -0.65537739 2.0631149 15
2.1157117 -0.60453838 2.2006695 15
2.2327127 5.8389125 0.044623092 7
2.2952719 -3.5285084 0.112402 8
2.2184365 -3.4604931 0.19161239 11.333333
2.2309129 -0.85117537 0.15687567 11
2.2413256 -0.72967482 0.16258198 10
2.2486031 -0.55994368 0.18103038 10
2.2526772 5.8172641 0.18534632 8
2.2573025 -3.5432026 0.26212296 9
2.2556591 -3.4324446 0.25598741 12.666667
2.2663064 -1.4024228 0.22851472 11.5
2.216754 -0.84510767 0.28323168 13.25
2.2177577 -0.60083425 0.25993952 8
2.2451291 -0.52102232 0.28642744 10.5
2.2026563 -0.38820782 0.23990765 9
2.2362988 5.7996559 0.26508901 9
2.2798779 5.8606648 0.26721475 9
2.2372153 -3.5205879 0.35057607 13
2.2896056 -3.4826052 0.34833401 12
2.2214131 -3.3653688 0.31748569 12.5
2.2315829 -1.5841659 0.31168339 13.5
2.2347841 -0.73233247 0.32808149 9
2.2640011 -0.60829234 0.32613346 9
2.2105165 -0.5872789 0.32928947 10
2.2878084 -0.35833916 0.3759065 10
2.2163413 5.7835326 0.32412612 8.5
2.2497067 5.8263154 0.37790814 10
2.2566166 5.9646592 0.33714363 9
2.2693989 -3.6656489 0.46052599 12
2.2903984 -3.51477 0.46329501 14
2.2312491 -3.4502769 0.43605441 14.458334
2.2020245 -3.3929164 0.44988728 14
2.2667615 -0.75624627 0.41099289 12
2.267947 -0.60173368 0.4619047 11
2.2113516 -0.58631295 0.48708388 11.5
2.2336733 5.85179 0.43983313 10.5
2.2962198 5.9126596 0.46382105 10
2.2260301 -3.508898 0.53482306 15
2.2337921 -0.7794857 0.55605125 9
2.2085674 -0.6393953 0.5891307 14
2.238965 -0.56243187 0.56967998 11.6
2.2338743 5.8597808 0.54953706 11
2.2474041 -0.60233295 0.64408475 13.5
2.2281826 -0.57836634 0.66470087 13.5
2.2837937 5.8362894 0.62922084 8
2.2065432 -3.3891721 0.76780188 12
2.2733407 -0.60758489 0.76198179 12
2.2393322 -0.56400299 0.73682863 12.25
2.2107794 5.7936134 0.74380654 13
2.2070167 5.8692818 0.77041012 14
2.2292178 5.9168215 0.79111272 14
2.2431345 -3.5370984 0.85359603 12.5
2.2080629 -3.4753964 0.8451438 12.5
2.2268627 -1.1812402 0.89524108 11
2.2476282 -0.64135349 0.83104008 13
2.2532351 -0.5804165 0.84582096 13
2.2909703 -0.46631247 0.85604358 10
2.2577274 5.8510075 0.85172534 13.25
2.2653444 5.9380589 0.84455776 11
2.2227695 -3.5183446 0.95626503 13
2.2622745 -0.62796611 0.93685806 14
2.2352116 5.8294864 0.95338798 13.25
2.2293463 5.9546103 0.97865105 14.5
2.2811019 -0.61970693 1.021534 15
2.2861068 -0.58595878 1.0166614 15
2.213366 5.8482218 1.0487328 12
2.2176895 6.0168376 1.0672944 12
2.2236052 -3.6094527 1.1278447 14
2.2285829 -3.3900218 1.1469295 15
2.2422471 -0.61764127 1.1227133 12
2.275429 -3.5116186 1.2380747 15
2.2764742 -3.2728646 1.2324128 14
2.2288992 -0.62267846 1.2403816 14.666667
2.2461336 5.8681965 1.2624669 13.25
2.2381289 -3.5929315 1.3449821 14
2.2791154 -0.7510739 1.3047453 11
2.2806516 -0.56056756 1.305988 14
2.2430634 5.8528271 1.3562529 13.4
2.2658696 -3.3686266 1.4930302 14
2.2204578 -0.5755645 1.4453863 13.666667
2.273294 5.7845716 1.44653 14
2.23667 5.8509912 1.4847615 13.5
2.2954206 -0.57865083 1.5063469 13
2.260659 5.8532357 1.5498822 13.75
2.2479331 6.1674905 1.5503647 14
2.2100537 -0.65962511 1.660712 15
2.2441432 5.7695899 1.6497459 15
2.2619603 5.8641849 1.6802381 14.5
2.2799628 6.1364326 1.6194915 14
2.253382 5.8516264 1.7817776 15
2.2936625 6.1418228 1.7967409 15
2.2388022 -0.58740658 1.862169 15
2.2293537 -0.49270782 1.8279737 15
2.2618823 5.859149 1.8841521 15
2.2443798 6.1036143 1.8139861 15
2.2404382 -0.83997768 2.0130503 14
2.2205565 -0.54972309 2.0082517 14
2.2040036 -3.426542 2.2794225 15
2.2540138 3.8820972 2.2943969 15
2.2359085 5.5420246 2.3228414 15
2.3579962 -3.5245621 -0.070401669 6
2.3358703 1.0328486 -0.038539663 6
2.3516364 1.6758553 -0.055034261 6
2.3811781 -3.5914752 0.09545102 8
2.3544037 -3.4923475 0.091692843 9
2.345206 -1.5308367 0.098956019 11
2.3697202 -1.4014351 0.096560612 8
2.3328679 -1.310335 0.099296726 10
2.383184 -0.64383942 0.081475027 8
2.3301244 -3.5166526 0.17587414 9
2.3353086 -3.4854016 0.24090317 12
2.3806992 -1.3358288 0.23726983 14
2.3686919 -0.82107902 0.25554758 13.5
2.3754735 -0.63541389 0.20027772 9
2.3855631 -0.58302706 0.28244999 14.5
2.300086 -3.4568334 0.32775921 12.5
2.3197896 -1.5543551 0.30284604 9
2.3354964 -1.480641 0.34390223 15
2.3632574 -0.64042592 0.36245495 12.25
2.330009 -0.58403879 0.34295288 11.666667
2.3365269 5.7091441 0.3126958 8
2.3096409 5.8572154 0.34565514 10
2.3410459 -3.6042354 0.40443978 13
2.3273432 -3.5126235 0.45066947 11
2.3614597 -0.6240412 0.42643073 11
2.3453963 -0.57960206 0.4451333 12.166667
2.3519201 5.8598256 0.47453666 9.666667
2.3540361 -3.5088489 0.51012212 10
2.3198516 -0.6361829 0.52926958 13
2.3071511 5.8730059 0.54941058 10.666667
2.3681676 5.9398298 0.59819698 10
2.3735898 -3.5263364 0.69681859 11
2.3905554 -3.4822345 0.65883565 10
2.3053944 -0.63673937 0.60082841 14
2.3226397 -0.59893787 0.61058742 15
2.3125839 5.8379278 0.65678966 12
2.3075829 5.9202814 0.69948345 11
2.3755374 -3.5151978 0.71106642 10.5
2.3165877 -3.4927382 0.77315211 10
2.3200176 -0.59084469 0.71222079 12.333333
2.3320956 5.7876248 0.77552503 14
2.3414938 5.8621469 0.75325686 13
2.3941703 5.9605513 0.78001899 12
2.3372078 -3.5111814 0.82065332 12
2.3391213 5.8617692 0.8710227 11.5
2.3533392 5.9171648 0.8609426 11.333333
2.391032 -3.520714 0.90286082 13
2.3180528 -0.61442083 0.93099827 14
2.3113368 -0.57194221 0.98147118 15
2.3326433 5.9298263 0.96471858 15
2.3025808 -0.8149296 1.0912538 9
2.3194261 5.9157705 1.0030904 14
2.3252711 -3.5458295 1.1888181 14
2.3439932 5.834228 1.1331853 12.75
2.3204122 5.947144 1.1438709 15
2.3904369 -3.5159256 1.2219518 15
2.34498 -0.62622857 1.2476776 15
2.3233497 -0.55401033 1.2162657 13
2.3528564 5.830071 1.2378188 12.5
2.3245187 -3.5380726 1.3780663 12
2.3491621 5.8994832 1.3246288 14
2.341898 6.2488952 1.3769939 13
2.3662956 -3.526773 1.4620352 14.5
2.3310862 6.1215115 1.4437462 15
2.3216815 6.134563 1.5497879 14
2.3225551 6.1507502 1.6316445 14.333333
2.3465064 -3.5156782 1.7056395 15
2.3317313 5.8630819 1.7988657 15
2.3963408 6.1476417 1.7349027 15
2.3541303 5.8119049 1.8839576 15
2.3939991 6.1133895 1.8896548 15
2.4748898 5.874155 -0.0072332346 8
2.4750559 -3.4949794 0.083155625 8.5
2.4297185 -0.89945704 0.079390362 9.5
2.4586496 -0.74319983 0.072143346 7
2.4524477 -1.5342021 0.19692165 13
2.4808781 -0.88577884 0.13194875 11
2.4768384 -0.58478934 0.14866439 9
2.4300432 -3.5291402 0.24334294 10.333333
2.4535344 -3.4779215 0.22815989 12
2.4460099 -0.85728472 0.21453401 13
2.4354351 -0.62091273 0.27325752 11.333333
2.4460826 5.8700042 0.21446221 9
2.4414556 -3.515903 0.34721988 10.333333
2.4506907 -3.4910324 0.35414726 9
2.4777818 -0.78378761 0.3827073 15
2.4737487 -0.61010438 0.35082582 14
2.4444067 -0.5717932 0.35228461 11.4
2.43714 5.8768821 0.37428892 11
2.4467187 -3.5104244 0.45824286 11.5
2.402293 -3.4429579 0.41559184 14
2.4805813 -0.57857865 0.40546095 10
2.4636481 5.8512759 0.44594595 12
2.4735425 -3.5011451 0.50160807 10
2.4977949 -0.65037405 0.509857 14
2.4618642 -0.53421253 0.57871395 12.5
2.4759009 5.8860879 0.53274786 10
2.4531038 -3.525914 0.62388033 11
2.4159479 -0.62583733 0.64046276 15
2.4364703 -0.5839963 0.63860756 11.5
2.4040442 5.8783631 0.65529901 9.5
2.49108 -0.6156866 0.75993323 15
2.4325716 5.8776126 0.72860062 10.666667
2.4061537 5.9204774 0.71957046 9
2.4402108 -3.5156002 0.84614992 11.666667
2.4633794 -3.4920995 0.8704648 12
2.4457154 5.8569059 0.82840782 10.75
2.4935968 5.8860393 0.91873491 12.5
2.4628594 -3.5582476 1.0419132 13
2.4486916 5.8636589 1.0489861 12
2.4802301 5.9091253 1.0228672 14
2.4579022 5.8241 1.1590577 13.166667
2.461622 -0.64337474 1.2855493 12
2.490602 5.8472385 1.2648265 13
2.4924414 5.9780397 1.2942234 13
2.4916592 5.8422756 1.3120807 12
2.4420218 6.1471357 1.5575696 13.5
2.44787 5.8414412 1.6472626 14
2.4284661 6.1406798 1.6597199 14.25
2.4736636 6.2066984 1.6763542 13
2.4651787 5.9077225 1.777393 13
2.4422407 6.1492181 1.7409542 14.75
2.474555 6.1478615 1.8194695 14.666667
2.4490855 3.4600017 2.2585723 15
2.4422967 0.47685984 2.3580406 15
2.4731131 4.8286247 2.3233085 15
2.5463955 -0.76502281 -0.018015686 7
2.5117407 -1.5125358 0.043282796 9
2.5418823 -1.3880659 0.099582344 8.5
2.50297 -3.5545022 0.17052795 8
2.5578825 -3.4826972 0.1437417 9.125
2.5194049 -0.8726092 0.13477987 10.5
2.5170391 -0.56914222 0.10458813 8
2.5152411 5.8852935 0.17897549 9
2.5084064 5.914257 0.16379157 9
2.5841515 -3.4927814 0.28548861 9
2.5378253 -1.4156941 0.25163043 11
2.5892911 -1.3741251 0.28005061 13.5
2.5425928 -0.87825841 0.24991618 14
2.5456519 -0.61400557 0.29317716 12.75
2.5509787 -0.58552581 0.26651314 12.166667
2.5597329 5.8449421 0.25525448 8.666667
2.5313902 5.9038701 0.29008979 9
2.5420096 -3.509882 0.30244979 9
2.5442715 -3.4941907 0.3623777 9.5
2.5867038 -1.5885026 0.36691475 14
2.5592499 -0.60899395 0.38795462 14
2.5161147 -0.58562791 0.36394036 10
2.5666621 5.8573203 0.37514782 10
2.5924807 5.9234614 0.32196513 9
2.5266805 6.0651236 0.32831052 8
2.5606542 -3.5434501 0.43134108 11.333333
2.5843689 -3.4836218 0.44632244 9.75
2.5668986 -0.62895912 0.45243928 13.166667
2.5546536 -0.55916196 0.47378072 11
2.5683892 5.8507652 0.49079567 9
2.5346854 -0.56737322 0.57825589 13
2.5364377 5.8576717 0.54819047 10.3
2.5540593 5.9259191 0.56444192 11.5
2.5723472 -3.5165615 0.6511507 11
2.5754795 -0.52709609 0.65180683 12.5
2.5471361 5.8554878 0.64128518 11.25
2.5070512 -3.6009598 0.74728841 15
2.5641012 -3.5066419 0.71863407 11.75
2.5723662 -0.64326239 0.7035259 13
2.5704856 5.8582544 0.76100785 12.1
2.5886159 -3.5187049 0.85420626 11.5
2.570142 -0.55556023 0.8286283 12.5
2.5436072 5.86622 0.85106426 11
2.5891249 5.9248786 0.87202549 12.25
2.5698428 -3.5155921 0.93040669 13
2.540123 -3.4872897 0.93747878 13
2.5496483 5.8719249 0.95428514 11.5
2.5838752 5.9117913 0.94507712 12.2
2.5905032 -3.5092072 1.091455 14
2.527946 -3.473227 1.0297438 12
2.5884316 -0.58478689 1.0865661 13
2.5238519 5.7960038 1.0814785 12
2.5405653 5.8354077 1.0633948 11.763158
2.5538836 -3.5210609 1.1604855 14
2.5491211 5.8296499 1.1532968 13.333333
2.5348907 -3.4964678 1.2845352 12
2.555294 5.8378477 1.2364268 13.166667
2.5468421 -3.537291 1.3491418 15
2.5116391 -3.527895 1.4232173 15
2.5637364 6.1327248 1.4930165 13
2.540622 6.1219239 1.6649523 14
2.5138152 6.2254763 1.6526121 15
2.598243 6.0622811 1.7932136 15
2.5954475 6.1575527 1.7641459 14
2.5701852 6.0924854 1.8272702 15
2.5366311 6.1348934 1.8100383 15
2.640012 -3.4704492 -0.17713135 7
2.6662712 -0.50047404 -0.055135299 7
2.6796122 0.96420097 -0.013336467 7
2.6876407 2.5668287 -0.0024783928 7
2.6817153 -3.5011184 0.074522823 8
2.6733387 -3.4772089 0.088790484 7
2.6139638 -0.82206911 0.096600309 9
2.6048467 5.7367892 0.076844662 8
2.6551862 -3.4808133 0.18060148 9.25
2.6456206 -1.3116785 0.15974535 13
2.6135781 -0.84682423 0.16002217 11
2.6409056 5.8663993 0.15020971 8.5
2.6277411 -3.5499251 0.25692767 9
2.6482842 -3.4949267 0.24176033 8.5
2.6210229 -0.85073495 0.20994821 12.5
2.6235709 -0.60128582 0.29101157 10
2.6250317 -0.33552328 0.25803214 9
2.6439962 5.8488908 0.24120331 8.666667
2.6234479 5.9281282 0.20926966 8
2.6690311 -3.4801426 0.36608246 8.875
2.6639018 -0.61120701 0.34087744 14.5
2.6764846 -0.58626616 0.36077538 10
2.6526363 5.8453736 0.32990059 10.083333
2.6677821 -3.5229082 0.45598295 12.5
2.6272426 -3.4933851 0.44248107 9.666667
2.6710916 -0.63924563 0.48941109 13
2.6776009 -0.59532392 0.42413771 11.5
2.653053 5.8502951 0.44153944 10.666667
2.6350236 -3.5074286 0.50037706 10
2.6656642 -3.4900303 0.55797017 10.333333
2.6185558 -1.5666052 0.59765828 13
2.6741548 -0.59999967 0.55862945 10
2.6626396 5.8470974 0.53852063 11
2.6109636 -3.5079098 0.6530242 9.666667
2.6216738 -0.59090126 0.65049249 12
2.6427569 5.8433142 0.64348191 12.6
2.6182456 5.9009256 0.69105029 10
2.6544154 -3.5171347 0.75798529 12
2.6796839 -3.4751053 0.74154735 11
2.6454782 -0.60641974 0.76720464 13
2.6510959 -0.58357227 0.73695505 14
2.6336427 5.8657265 0.7543962 10.8
2.6265712 5.9467659 0.77165782 11
2.6512189 -3.4848068 0.80818266 11.5
2.6375303 5.8660731 0.8661992 12.333333
2.658288 5.924469 0.8439911 11.6
2.6829293 6.0305667 0.8762446 13
2.6727271 -3.4997702 0.92821044 13
2.6455412 5.8634763 0.94368339 11.769231
2.6469386 5.9388666 0.96235073 12.428572
2.6467686 -3.6284223 1.0315397 13
2.6454945 -3.5254703 1.0469084 14
2.6601059 -3.4985087 1.0084203 13
2.6558256 -0.62610847 1.0555202 14
2.6268342 5.7936368 1.0501655 11
2.6378732 5.856636 1.0537651 12.75
2.607722 5.9236917 1.0382051 15
2.6363893 6.3616271 1.0883535 15
2.6110404 -3.5242231 1.1761712 13
2.6397953 -3.4965167 1.1408387 14
2.6120341 -0.61261886 1.1112098 15
2.6570661 5.8543272 1.15898 12.166667
2.6451869 5.9226294 1.1617388 12.5
2.6564975 6.4307742 1.1250895 14
2.6064663 -0.57563615 1.2461325 14
2.6604712 5.7825923 1.2070026 13
2.6390069 5.8574958 1.2097455 12.666667
2.6372945 5.9284911 1.2473511 14
2.6908858 6.4558244 1.2200689 13
2.6875229 -3.5036967 1.3414539 14
2.6289203 5.8333049 1.364179 13.333333
2.6217103 5.9084778 1.3659294 15
2.6469717 6.3983331 1.3474177 15
2.6704094 -3.501564 1.4496973 14
2.6332743 6.0249705 1.4780334 13
2.6469131 6.0296636 1.5338563 15
2.6055675 6.1147623 1.5970501 14
2.6378555 -3.5599585 1.6669034 14
2.6474435 -3.4828303 1.6858299 14
2.648937 5.8883147 1.6665897 14.5
2.6849074 6.0795336 1.7659694 15
2.6458232 5.8487811 1.856727 15
2.6093819 5.847919 1.9294004 15
2.6554532 3.8221533 2.2862446 15
2.6777084 1.7759687 2.3005457 15
2.7354918 5.6637368 -0.25994694 8
2.7366812 5.8151579 -0.016029054 6
2.7049487 -3.5336466 0.032137834 7
2.7787447 5.8335004 0.056842733 8
2.7634642 -3.5341861 0.17787485 9.25
2.760185 -3.4963152 0.16576289 8
2.7894347 -1.3989069 0.11029385 8
2.7096665 -0.74485946 0.1783354 9
2.7304404 -0.64620465 0.19878888 10
2.780194 5.8788853 0.17198233 8
2.7765958 -3.5056715 0.21363068 9
2.7577751 -3.4674578 0.24268489 10.25
2.733402 -0.82199562 0.2544339 13
2.738091 -0.60171473 0.28014162 12
2.7537949 -0.590388 0.25230086 15
2.7267845 5.8781505 0.2648212 8.25
2.7694781 -3.5258698 0.34432608 11.5
2.7417934 -3.4890265 0.3035188 9
2.7263269 -1.5695908 0.38405442 15
2.7264495 -0.61826789 0.3427754 12
2.7786741 -0.57177615 0.35395998 12.5
2.752876 5.8511324 0.36066979 8.666667
2.7660809 -3.5056155 0.42210653 15
2.7879293 -3.4817481 0.41630319 9.5
2.7602496 -0.61986524 0.43769014 13.5
2.7172308 -0.57318163 0.42993382 9.5
2.7556989 5.817677 0.44617975 8
2.7088034 5.9756489 0.47332582 10
2.7536392 -3.5404615 0.5578196 11.666667
2.7294507 -0.60566849 0.5382309 12.7
2.7730553 -0.58466893 0.52597207 11
2.7231698 5.8589115 0.54371893 9
2.7187307 -3.5162787 0.61532938 10
2.7931025 -3.4871895 0.65337878 10.5
2.7674687 -0.61291605 0.60101318 15
2.7392588 -0.57949626 0.67630255 12
2.7349277 -0.49959165 0.6674087 13
2.7741804 -3.4739962 0.7868126 12
2.7349885 -0.62337965 0.74931437 12.75
2.7650163 5.8313575 0.73644233 10.333333
2.788825 5.9228954 0.73468369 10
2.7671261 5.7955971 0.89337218 10
2.708715 5.8624792 0.84022826 9
2.7300558 5.9154277 0.87079746 11
2.7339914 -0.61396569 0.96050936 13
2.7023795 -0.59958732 0.97998977 14
2.7206814 -3.2301497 1.0130039 15
2.7766838 -0.60245931 1.0069542 14
2.7943013 -0.51063395 1.0827717 15
2.7883551 5.7763247 1.0907353 12
2.7250266 5.8568916 1.0606972 12
2.7237024 6.4699192 1.0833738 13
2.7392499 -3.5249431 1.1234388 13.666667
2.7816803 -0.61398023 1.1268977 15
2.7513802 5.8398533 1.1073682 13
2.7094975 5.9099874 1.1270688 12
2.7299705 6.441906 1.1151537 14
2.7476668 -3.5110273 1.2375638 14.666667
2.7159705 -3.4930906 1.2301112 14
2.7152231 5.8060875 1.204671 12
2.7177467 5.9009538 1.2400129 13
2.7351944 6.4360833 1.2368535 14
2.7609708 -3.5508864 1.3156523 14
2.737257 6.4336896 1.3202826 15
2.7214265 5.95752 1.4306642 13
2.7753384 6.0418167 1.4321703 15
2.7547679 6.4221754 1.4265621 13.5
2.7761579 6.0364895 1.535013 14
2.7186718 -3.5254326 1.759256 15
2.7232344 5.8781133 1.7277838 14
2.7418122 6.0672908 1.8022939 15
2.743557 5.8932109 1.911317 15
2.8137171 -3.4762578 -0.055339009 7
2.8387833 0.87331748 -0.018156467 6
2.800612 -3.501631 0.07283394 7
2.8777905 -3.4599409 0.054969277 7
2.8344584 5.8493214 0.085111059 8
2.8398783 -3.4979122 0.14974725 8
2.8669617 -0.77213424 0.17214844 9
2.8999732 -0.63695699 0.178836 9
2.8032036 -0.59429628 0.17348599 9
2.8357842 5.8319416 0.14557721 8.5
2.8661075 -3.4718161 0.26376143 9.166667
2.8677742 -0.77242565 0.25723499 14
2.8339252 -0.5631355 0.2855185 10
2.8102143 5.8955407 0.28535977 10
2.8912499 5.959908 0.24583602 8
2.829798 -3.5355353 0.33689436 14
2.8876777 -3.4946895 0.35157505 9
2.8165765 -1.3595639 0.31066191 13
2.8667884 -0.61217511 0.36195251 14.25
2.8298283 -0.59657788 0.36674392 11.25
2.84326 5.8465838 0.35000116 10.5
2.8190739 5.9503131 0.30668849 8
2.8537948 -3.5231016 0.46946973 10
2.8561747 -3.4805 0.46844077 10
2.8077114 -0.61167353 0.46525007 13
2.8438308 -0.58011842 0.45862332 12
2.843612 5.8492732 0.46657896 9.8000002
2.8386681 -0.60579604 0.51474154 15
2.8628807 -0.56281668 0.54784417 11.333333
2.8309534 -3.4880037 0.65771019 10.666667
2.8596363 -0.6022082 0.6749 12
2.846792 -0.57572675 0.60819805 11.5
2.8111873 5.8545551 0.64665765 11.5
2.8409438 5.9050589 0.64920127 12
2.8454866 -3.475965 0.72157252 11
2.8351247 -0.63726217 0.77000397 13
2.8019888 -0.59029669 0.75245255 14
2.8249788 5.8623075 0.7763167 12
2.8387108 5.9247003 0.78715634 11
2.8396721 -3.5102711 0.99195689 13
2.8263881 -3.4906402 0.94001216 12.5
2.8134933 -0.54361773 0.91508627 15
2.8069429 6.4347253 0.99384362 13
2.8260915 -3.5106716 1.0531083 14
2.8058424 -3.4920142 1.0888019 14
2.8308187 -0.58248973 1.081128 15
2.8752604 6.4532361 1.0792503 11
2.8653638 -3.4802091 1.1691574 14
2.868566 -0.5907523 1.1250981 15
2.8459129 -3.5361578 1.26336 14.5
2.8472655 -0.5855903 1.223996 15
2.818073 6.4655085 1.2343957 12
2.8527949 -3.5016677 1.3426722 13.5
2.8061609 -3.4979739 1.3206798 15
2.8523257 -3.516005 1.4520967 14
2.8364615 -3.4941816 1.499877 14
2.8262813 6.0586281 1.4756889 13.5
2.8326769 6.4182405 1.4587266 14
2.8788841 6.0554128 1.5859028 15
2.8618011 -3.5288646 1.6859809 15
2.8988297 6.0891175 1.6297165 14
2.8282459 5.8590608 1.8844595 15
2.9787962 -3.4332619 -0.0025168073 7.5
2.9594867 -0.54806811 -0.048461337 7
2.9160206 1.0664443 -0.034777433 5
2.9885542 1.2317483 -0.028732577 6
2.9665601 -0.86622119 0.081731908 8.5
2.9237168 -3.4954021 0.11039702 9.5
2.9283936 -0.93008298 0.1271757 10
2.9750535 5.8536606 0.14418577 8.5
2.9648898 -3.5235519 0.27309117 10
2.9469318 -3.4389138 0.27246708 12.583334
2.9351389 -1.3575888 0.26349849 12
2.9122994 -0.80896395 0.22491935 15
2.9805782 -0.77268529 0.26197144 11
2.9383152 -0.60318601 0.24011989 10
2.9433243 -0.58495462 0.275305 9.5
2.9541662 5.8403044 0.23411277 8.333333
2.9146299 -3.5306945 0.32428047 13
2.9541411 -1.3591124 0.34040552 14
2.9179406 -0.70135742 0.32624683 12
2.942945 -0.60543084 0.32908449 10.5
2.9610932 -0.56093329 0.33802733 11.4
2.9974899 5.8678517 0.39725181 11
2.9663517 5.9336047 0.35078844 9
2.9021382 6.0223608 0.38266003 9
2.9063716 -0.63812661 0.42540994 12
2.9572818 -0.58468437 0.45087317 12.4
2.9545033 5.8342566 0.41012079 10
2.9894083 5.9187889 0.49828061 11
2.933301 5.8659115 0.52480912 9.666667
2.9723442 5.9061995 0.56753689 9
2.9640608 -3.5165172 0.67041707 12.5
2.9721296 -0.6340965 0.68845475 14
2.9497473 5.8528228 0.65229678 11.333333
2.9517918 -3.4893489 0.76663852 12
2.9078126 -0.57957262 0.76815987 12
2.9198165 5.8518157 0.70217872 10
2.9618499 -0.59349585 0.8827498 13
2.9327986 -3.513212 0.95093805 14
2.9287944 -3.489418 0.95567113 13
2.9247773 -3.3501723 0.94719577 13
2.9801586 -0.60182345 0.98773509 14
2.9389684 -0.58976281 0.96340579 12
2.9947989 -3.4956565 1.0706121 12
2.9055171 6.4602838 1.0188607 13
2.9401381 -0.57561958 1.1808808 14
2.9110932 6.4433379 1.199983 14
2.935441 -3.4995642 1.2506741 13
2.9132428 -0.59736705 1.277265 14
2.9126379 -3.5323052 1.4705591 15
2.9598069 6.0569973 1.4946262 15
2.9997091 6.4245701 1.4318119 13
2.9303129 -0.64054739 1.5470333 15
2.9772305 6.0521259 1.5475678 13.5
2.9957526 6.1189909 1.5599513 14
2.9762123 5.8821559 1.6900952 15
2.9085193 6.0146685 1.634949 14
2.9357486 6.0679641 1.7321936 14
2.9707172 5.8723464 1.8756682 15
2.9164157 0.65209895 2.1933436 14
2.937813 3.660557 2.2757773 15
2.9894753 5.4597507 2.2852478 14
2.971204 2.2150106 2.393856 14
3.0363946 1.8103609 -0.016260931 6
3.0603542 2.7537942 -0.013916648 5
3.0352516 3.8022928 -0.013213453 5
3.0261297 -3.5170548 0.076733746 7.5
3.0522368 -3.412339 0.043532029 8
3.0473065 -0.7196843 0.041868456 7.5
3.0873759 -0.62808925 0.028209936 8
3.0785282 -3.4645202 0.15286812 7
3.0418773 -0.78877282 0.13635631 10.5
3.0408237 -0.59261781 0.14664297 9
3.0529799 5.8570676 0.19826815 9
3.0574107 -3.5099845 0.24474984 8
3.0262487 -3.4803767 0.25433114 10
3.078764 -0.78384227 0.2310359 12.5
3.0448947 5.8549452 0.29870966 10
3.0616381 -3.5296264 0.35569695 13.833333
3.0964735 -3.434186 0.34225929 15
3.0673864 -0.82662523 0.39133677 14
3.0413809 -0.59618759 0.34287432 11
3.0938773 5.9117689 0.33102897 9
3.0494642 -3.6276631 0.43544054 12
3.0465677 -3.4712217 0.49320066 9
3.0230396 -0.64508134 0.47411931 11
3.0703712 -0.57630229 0.44285539 11
3.0548444 5.8664489 0.44682872 11
3.0365841 5.9341483 0.44695362 10
3.0814428 -3.5069845 0.53565252 11
3.0863996 -3.4967043 0.50524622 10
3.0352499 -0.57044911 0.54770225 13.125
3.047147 5.8728728 0.56331062 9
3.0183363 5.9066687 0.56188148 12
3.0375342 -3.6058819 0.67020696 14
3.0841801 -3.4743998 0.6328494 11
3.0009902 5.8497667 0.6157499 12.5
3.0407188 -3.4813006 0.74911857 12
3.0400085 -0.56828201 0.76956296 12.333333
3.0331595 5.8731184 0.72955978 10
3.0859563 -3.3796012 0.88749564 11
3.0972667 -0.63387609 0.91168755 13
3.0735245 -0.59668159 0.91481149 12
3.0605254 -3.4838793 1.0580002 12
3.0501475 -0.60285574 1.0162427 13
3.0304122 6.4940262 1.0504609 13
3.048629 -3.5214474 1.1765137 15
3.0324142 -3.4923723 1.139805 14
3.0784247 6.4683242 1.1629199 13
3.0952458 -3.4795525 1.2401912 15
3.0492914 -0.58705336 1.2104169 15
3.0105929 -3.5126021 1.3317037 15
3.0987442 6.1728859 1.3522611 14
3.0635295 -3.5050626 1.4013736 14
3.0499482 6.0387125 1.4395194 13
3.050159 6.4859958 1.4123387 15
3.021471 -3.5639513 1.5300084 15
3.0922775 -3.4738109 1.5088091 15
3.0614283 6.0530872 1.5616578 14.5
3.0537419 6.050952 1.6234412 13.666667
3.0677993 6.1404057 1.6518939 15
3.0525274 6.0571594 1.7719331 14
3.0560126 5.968318 1.8598028 15
3.0673404 5.8415742 1.9338744 15
3.0724738 6.5930696 2.2433085 15
3.0822656 3.3945124 2.3149006 15
3.1947429 -3.4546297 -0.054745566 7
3.1582601 -0.81867129 0.052626554 8.5
3.1857297 -0.29929972 0.092192307 7
3.1117442 -0.83907849 0.1525583 11
3.1211984 -0.54858804 0.15740691 9
3.1175623 5.855145 0.18688649 9
3.1571763 5.9224205 0.14504263 8
3.1954966 -3.5254319 0.24564838 13
3.1649609 -0.80436224 0.2511414 13.833333
3.1450214 5.7972345 0.27503005 8
3.1838331 5.9162574 0.26149666 10
3.1141367 -3.7301095 0.30859697 13
3.1254888 -3.5147705 0.3323341 14.25
3.1261635 -3.448525 0.34906235 11
3.1224635 -1.5510062 0.37594676 14.5
3.1572404 -0.7580229 0.35074341 13
3.1005957 -0.60548657 0.39184681 13
3.1454217 -0.56987149 0.35070807 11.666667
3.1451797 5.8664412 0.35324219 9.5
3.1702476 5.9214492 0.32888108 9
3.1465776 -3.4670806 0.41930023 15
3.1649237 -1.5173963 0.44704223 15
3.1714284 -0.64066625 0.43973333 10
3.1534686 -0.59129912 0.45092076 12.333333
3.1532729 5.8800178 0.42684689 10
3.134074 -3.441721 0.56453598 10.5
3.189168 -0.61432719 0.50270808 14
3.1753342 -0.59295565 0.51273483 10.5
3.1508899 5.8575683 0.5602873 9.833333
3.1967425 -0.56420308 0.67638463 12.5
3.1573408 5.8627162 0.6648525 9.666667
3.1425054 -3.4611058 0.75115764 11.5
3.1507559 -0.55222362 0.74794948 13.5
3.1407642 5.8581963 0.73549718 12.25
3.1089232 -3.4781711 0.86173499 13
3.1881635 -0.55344903 0.81617618 14
3.1864913 6.193625 0.85996109 15
3.1570475 6.3967247 0.86791551 12
3.1664422 -0.63849539 0.9239949 12
3.1493878 6.1990557 0.90635884 13
3.1569593 6.4316959 0.97954983 10
3.1086419 -3.4862671 1.0414416 14
3.1368904 -0.58374012 1.0255457 14.125
3.1403298 6.4532838 1.0312721 14
3.1735322 -3.4806144 1.121938 14
3.1120491 -0.59128243 1.210765 15
3.106806 -3.504771 1.3252562 15
3.1589203 -3.4778132 1.3516388 15
3.1881781 6.0558491 1.3920249 15
3.1492479 6.0709748 1.4549365 13.166667
3.1284809 6.1349211 1.497707 14
3.1213505 6.4124875 1.4127651 12
3.1343813 6.0454874 1.6645795 14
3.1487732 6.055491 1.7662758 14.25
3.1470439 5.8633127 1.8856379 14.666667
3.1480329 5.9096627 1.8567071 13
3.125946 6.0739889 1.8077993 15
3.2926488 -0.2954219 -0.0024766328 7
3.2060623 5.8385592 -0.027461143 7
3.2630854 -3.4302993 0.035472199 8.5
3.2417898 -0.92473185 0.045102522 8
3.2487195 -0.81167859 0.073405124 9
3.2672119 5.9339809 0.083804384 9
3.2655406 -3.6044333 0.12571242 9
3.2193229 -0.81024706 0.14450037 9.5
3.2749336 -0.5438149 0.19318524 10
3.2948732 5.7438159 0.15482311 9
3.2408769 5.8604641 0.10905062 9
3.2151458 -3.7379339 0.28267527 12
3.2803988 -0.81434512 0.25382569 14
3.262785 -0.7939018 0.23647612 12
3.2225871 5.8565359 0.28710201 10
3.2216179 5.9283981 0.2763814 9
3.2792754 -0.58714044 0.37308949 12.5
3.2570372 5.8727221 0.32762471 10
3.2409339 5.9044371 0.35872868 9
3.2944713 -0.83608305 0.41391897 15
3.2392581 -0.57117796 0.44692522 12.333333
3.263814 5.7516193 0.49647254 10
3.250339 5.8657327 0.45418575 11.166667
3.2360404 -0.61726141 0.54343557 13
3.2757938 -0.5805425 0.54713821 12.5
3.2920773 5.8598456 0.58916962 9
3.2800725 5.9024553 0.58285946 10
3.2384222 -0.59021628 0.62765092 13
3.2600157 5.8701911 0.67204624 11
3.2860038 5.9224186 0.60607463 11
3.2339468 -0.56859463 0.73541218 12
3.2649972 5.8675418 0.73833573 10.333333
3.2056239 -0.57598299 0.85685909 13
3.2619724 -0.61620778 0.95334053 13.5
3.2490592 -0.56522411 0.93305492 14
3.2444956 -0.60323167 1.0639143 14
3.2918487 -0.58828604 1.0133214 14
3.2865014 6.4287429 1.0642982 12
3.2671721 -0.63068354 1.1881284 15
3.2397957 6.3843737 1.1207297 14
3.213331 6.4333453 1.145787 14
3.2298439 6.4899197 1.2725132 15
3.2803991 6.5049076 1.2910879 14
3.22667 -0.54849881 1.4927082 15
3.2315891 6.0721188 1.5432725 13
3.2568917 6.0345893 1.78747 15
3.279233 5.8406549 1.8972244 15
3.2327037 6.0461216 1.8390199 14.666667
3.203136 5.831183 1.9812523 15
3.2359505 5.0807724 2.2326417 15
3.2500699 1.1100888 2.3046284 14
3.2588623 4.1167274 2.3221846 14
3.3924224 -3.412051 0.011211464 8
3.3061755 0.36725584 0.013501286 6
3.3437006 4.6767106 0.094886735 7
3.3951681 5.8915114 0.11833221 6
3.3263524 -1.57274 0.23683503 15
3.3707106 -0.84467185 0.21504462 11
3.3492329 -0.5956732 0.2686269 12
3.3973391 4.9530025 0.2900753 9
3.3112767 5.8328137 0.29125327 9
3.3683934 -0.7600497 0.35220861 14
3.3686593 -0.62140447 0.33359817 11
3.3482158 -0.58179539 0.34040511 12.3
3.35636 5.8665776 0.30097014 9
3.3896503 -0.60954177 0.46218419 13
3.3406205 -0.56436723 0.42400292 10.25
3.380383 4.9431276 0.42329654 11
3.334451 5.8891082 0.41955936 11
3.350672 -0.5589481 0.58450174 11.5
3.37322 5.8607278 0.55189824 10
3.3144424 -0.56817955 0.6193794 11.5
3.3023846 5.8381486 0.60209399 10
3.3688262 -0.56658757 0.78909534 13
3.3586655 5.8603969 0.75344044 12.333333
3.3440783 -0.58739972 0.85380292 12.75
3.3161063 -0.52728313 0.96568525 14
3.3471375 6.3601627 0.93861079 11.333333
3.3832138 6.4244103 0.92695123 11.5
3.3370099 -0.57289964 1.0173364 14
3.3808112 6.3857021 1.0350533 12.333333
3.3455708 6.4459801 1.0570004 11.4
3.3486886 6.4343824 1.136959 12.5
3.3383505 -0.60408324 1.2861919 13
3.3165834 6.4622474 1.2069516 13
3.3920314 -0.58130187 1.3077471 15
3.3066754 6.2747102 1.3491201 11
3.3525448 6.4622102 1.3815044 15
3.3319256 6.068161 1.4360499 14
3.3403461 6.0789838 1.6287268 15
3.3426602 6.0663738 1.7206147 13.666667
3.357327 5.8754239 1.8797561 15
3.3870161 5.8661199 1.9019856 15
3.3258626 1.0611304 2.2794652 12
3.3256698 6.0666165 2.2257667 14
3.475734 -3.4451098 0.019930411 9
3.4442489 -0.77976465 0.13989015 9
3.4895453 5.8605099 0.12201052 8
3.4026787 -3.4730654 0.27963752 13
3.4663682 -0.80317891 0.24060035 14
3.46047 -0.75745529 0.2571089 12.166667
3.4206696 4.7270517 0.21467344 8
3.4938669 5.7516732 0.27731892 9
3.4687505 5.8723073 0.21275428 9
3.430582 -3.487011 0.33824497 12
3.4523785 -1.4955901 0.36342338 15
3.4703951 -0.56831974 0.32944936 13.833334
3.4577875 4.6488452 0.37116393 10.5
3.4204841 4.7032037 0.3084341 12
3.4322734 4.9344354 0.37542808 12
3.4759381 5.8773599 0.36897972 9.5
3.4823 5.9558811 0.362986 8
3.428721 -3.4752309 0.46506429 15
3.4466057 -1.5763407 0.42074892 15
3.4615586 -0.54066217 0.48840493 10.5
3.4586852 4.9290972 0.45481598 15
3.4050922 -0.56708378 0.57571387 10
3.4547515 5.8560061 0.56007004 10
3.4972816 5.8733234 0.63011938 11
3.4951284 -0.5703249 0.89660883 15
3.436347 -0.54517806 0.97077441 14
3.4180298 6.3679104 0.95303792 11.666667
3.479815 6.4241843 0.98950696 11
3.4471235 6.3884163 1.0725638 12
3.4917908 6.4050398 1.0007215 11
3.4286613 6.559443 1.0905342 11
3.416455 -0.60624141 1.1295953 14
3.4220843 -0.58180636 1.1307653 14
3.4843805 6.3790541 1.1066283 14
3.4319518 6.461288 1.1147243 12
3.4535835 -0.60175395 1.2776706 15
3.4810307 6.4615893 1.2342652 12.5
3.4512861 6.6222582 1.3169971 15
3.4368672 6.054225 1.4671534 14
3.4620616 6.0599227 1.5273728 13.333333
3.4693415 6.2385101 1.5761148 15
3.462724 5.9866829 1.6763383 14
3.4839861 6.06042 1.6300238 14
3.4484491 6.1212668 1.6320701 14
3.4805017 5.9684005 1.7597163 13.5
3.454139 5.9504628 1.8488119 15
3.4991097 6.0360851 1.8170021 14
3.4811091 5.8883271 1.9501055 15
3.4765487 6.4959736 2.2210896 15
3.5541415 -1.531176 -0.041417304 6
3.5135651 -3.5456579 0.064921893 10
3.5907962 -1.4405576 0.094512224 9
3.5015824 5.6348372 0.0049074525 9
3.5321453 -3.3470912 0.12358753 11
3.5777473 -0.80632025 0.14098811 10
3.5507028 5.8641157 0.15407583 8
3.5130231 -1.5983261 0.24308518 13
3.5579643 -0.83306211 0.22151202 13.75
3.5425966 -0.58618748 0.25104487 9
3.5191622 5.8767457 0.28828847 10
3.5328965 -0.82549733 0.31077462 13
3.5496771 -0.57323116 0.33188477 10.7
3.5550611 5.8932815 0.31952393 9.5
3.501523 6.0178804 0.3758823 9.5
3.5397778 -0.58392596 0.45204026 11.25
3.5073864 5.7679434 0.41809279 10
3.5783637 5.8621526 0.41745606 11
3.5449409 -0.58174688 0.54083997 13.666667
3.5904629 5.8721113 0.55783969 9.25
3.5550771 -0.58530879 0.64199406 13
3.5559478 5.8733625 0.63071239 10.5
3.5751538 -0.60159701 0.74277759 10
3.5409873 -0.56009501 0.7426641 12
3.5366344 5.867856 0.70873523 12.5
3.5444815 6.034914 0.78240943 10
3.5547466 -0.56093299 0.85239905 13.75
3.5559433 6.2634468 0.83422184 10
3.5642743 6.3256683 0.84644401 10.5
3.5174594 -0.57779622 0.9066928 13
3.5903442 6.2953887 0.91591758 11
3.5091777 6.3362842 0.90579653 11
3.5409086 6.4619126 0.98196608 12
3.5337987 6.4418511 1.0598761 12
3.5380571 -0.58162552 1.1911361 15
3.567693 6.4389687 1.2522289 12
3.552381 6.037847 1.3781949 12.5
3.5460575 6.4431634 1.3546013 12
3.5672765 6.0758324 1.4952309 13
3.5981944 6.1855769 1.4905695 13
3.5938981 6.3876896 1.4642009 14
3.5838044 6.4599652 1.4373136 14
3.5137246 6.0311394 1.5441546 13.5
3.5901124 6.1153088 1.6812543 14
3.524761 6.0740867 1.7011259 15
3.5183184 6.1267676 1.7853115 15
3.5011706 5.8337913 1.8017731 12
3.5863938 6.0925784 1.8232179 15
3.5370293 5.8686528 1.9453688 14.5
3.6294184 2.439425 -0.0031919915 7
3.6485112 5.9384437 0.03028469 8
3.6869543 -0.88771278 0.16643558 10
3.6752455 5.8642459 0.17355432 9
3.6482308 5.9646106 0.17258039 8.5
3.6634676 -0.8454895 0.24343307 12.25
3.6494749 -0.78814209 0.25897461 13.5
3.6567307 -0.60933012 0.20987543 7
3.6163321 5.8648219 0.24099207 9
3.6290913 -0.57199544 0.34420711 11.25
3.6843927 5.9026761 0.35971454 9
3.6459935 -0.54069477 0.48958737 13
3.6730568 5.8896866 0.46619734 10.5
3.6784189 -0.58791143 0.54062653 14
3.6669924 5.9397159 0.54486132 10.75
3.6761224 -0.55956739 0.61489123 11.5
3.6412792 5.867589 0.64008844 14
3.6189086 -0.57932115 0.73680574 12.333333
3.6708477 5.8670735 0.73308426 10
3.6348615 5.9963145 0.77294701 10
3.613498 -0.58189684 0.85555661 13
3.6042454 6.0403194 0.81323224 11
3.6577406 6.1621175 0.80311966 10
3.6393359 -0.54536027 0.94636816 13.5
3.666291 6.4749908 0.98397809 12.333333
3.6349871 -0.57897431 1.0326099 13
3.6889596 6.4631162 1.0438071 11
3.6641583 -0.55561608 1.1295574 15
3.6347172 6.3460317 1.2609022 12
3.6863661 6.4521761 1.2301719 12
3.682194 6.5069561 1.3071802 14
3.6661427 6.3801036 1.4844728 13
3.6911652 6.4354272 1.4829606 12
3.6655788 6.0795007 1.5470581 14
3.6238065 5.9731164 1.6839875 14
3.6642003 5.9794712 1.7099425 14
3.6375942 -0.7674365 1.8041532 15
3.6798797 5.8734021 1.8854192 14
3.6089976 5.9663348 1.8510916 15
3.6395516 6.0498171 1.8577702 14.333333
3.6068163 6.12707 1.8682963 15
3.6586788 1.5237155 2.3220904 15
3.7858412 -1.5499661 0.19686972 13
3.771523 -0.83994299 0.13583919 9.833333
3.7756503 -0.79748589 0.14174537 10
3.7864432 4.7505655 0.15725765 10
3.7467887 5.8647423 0.17598708 9
3.718895 5.9557834 0.11400135 8
3.7428236 -1.5605857 0.23347925 13
3.7454019 -0.80640721 0.25087935 13
3.7188647 -0.69070089 0.23103862 9
3.7758965 -0.5870375 0.27730301 10
3.737673 4.6878891 0.24753568 9
3.7543466 4.7183919 0.256661 11.5
3.7742791 5.8737049 0.24680892 8.333333
3.7055748 -1.4514909 0.32612595 13
3.7093685 -0.51482397 0.32337758 12.5
3.7669618 4.6787643 0.33590066 11
3.752593 4.817596 0.393583 8
3.729908 5.9130921 0.32081053 8
3.7005012 -1.5012177 0.4722029 13
3.7477448 -0.57450777 0.46486878 13.3
3.7590156 4.9836521 0.40932685 13
3.7888341 5.8720832 0.41150421 10
3.7749603 5.9266982 0.41986179 9
3.7522655 -0.58072519 0.55993193 11
3.7825162 5.8922787 0.59111822 12
3.7101901 -0.54491073 0.65367359 12.333333
3.7222605 5.848834 0.67783725 9
3.7171128 5.9276032 0.69029009 11
3.7922711 -0.53707922 0.79033136 14
3.7595899 5.8806095 0.74890608 12.75
3.7290838 6.055624 0.89839929 13
3.7476797 -0.60956562 0.99240923 13
3.7315974 -0.59309894 1.0521848 13
3.7598038 6.4386082 1.0498741 13.5
3.7414427 6.5036154 1.0674274 12
3.7405136 -0.46598837 1.2697543 15
3.7284484 -0.60450351 1.3321296 15
3.7342482 6.0752573 1.4337692 13.5
3.779067 6.2391338 1.4068809 13
3.7014787 5.9748402 1.5120357 14
3.7267327 6.0662355 1.5619438 15
3.7710617 6.0417805 1.6704615 13.5
3.7925406 6.0473876 1.7603952 14.5
3.7973397 6.0991516 1.8207376 14
3.7470024 3.226347 2.1684787 14
3.776726 1.3974017 2.269814 15
3.7921131 3.3932738 2.2471213 13
3.8195534 2.0138245 -0.086832799 8
3.8856001 -0.84285963 0.08748807 8.5
3.8433082 -0.54919434 0.15845834 9.5
3.8872323 -0.83223277 0.29815921 12
3.8579772 -0.54643017 0.21786869 9.5
3.8600721 5.7414541 0.29988527 9
3.8205929 5.8636794 0.28552037 10
3.8640907 -0.54986322 0.347229 12.3
3.8806715 5.8805242 0.30616727 10
3.8594894 -0.56657892 0.45898587 10.833333
3.8071122 4.6807227 0.47211662 15
3.8207598 5.8867621 0.4465445 9
3.8251197 -1.4983597 0.55939835 14
3.8891048 -0.54302478 0.53575224 12
3.8229184 -0.5509128 0.69413239 10.5
3.8829281 5.8248286 0.63830853 11
3.869194 5.9248118 0.68660563 9
3.8909087 -0.55003905 0.7187742 13.5
3.8536732 5.8801889 0.72635835 9.5
3.8641126 5.9672837 0.71374369 9
3.8753912 -0.63532895 0.84619248 12.5
3.8146415 -0.58076668 0.89394808 13
3.8570409 -0.58588874 0.99901128 14
3.8277709 -0.5689562 1.0378275 13
3.83637 -0.64653707 1.1885809 15
3.8598907 6.3900542 1.1411082 14
3.8097444 6.4276471 1.1056608 10
3.8097231 -0.57987916 1.2516583 13.5
3.8836813 6.4586697 1.2187982 12
3.8522863 6.3564148 1.3863282 12
3.8527601 6.1517692 1.4089395 12
3.8022838 6.204329 1.461234 14
3.8970897 6.0459814 1.5474372 14
3.8838472 6.0442181 1.6262708 13
3.8307331 6.1498303 1.6870528 15
3.8584249 -0.62733871 1.7698516 15
3.8867941 5.8530874 1.9264334 14
3.8054357 5.9075294 1.9325298 15
3.8471003 0.86389315 2.3065495 14
3.8927639 3.3445609 2.3306541 14
3.9350758 1.1754429 -0.012951149 5
3.902698 -0.8251735 0.12625113 10
3.9440751 -0.7951597 0.1561424 9.666667
3.9383268 5.9185319 0.15004843 8
3.9803507 -1.5504704 0.21765296 13
3.9684365 4.734519 0.24900612 9
3.9999864 -1.5519427 0.31548205 15
3.9227018 -1.4978366 0.39810523 12
3.9445114 -0.65564722 0.31326184 10
3.9601157 -0.54947406 0.35188854 12.25
3.9408748 4.5596213 0.39542824 8
3.9635646 -1.4705236 0.43186516 14
3.9519548 -0.57220131 0.46682072 11.333333
3.9525228 -0.5725075 0.58034587 11.166667
3.9425035 5.8611093 0.54663616 12
3.9864671 -0.54131973 0.64469177 13
3.9387741 5.8647857 0.66304141 10
3.9555097 -0.57349128 0.74492139 13
3.9895637 5.9996023 0.78177679 10
3.9399984 -0.55862069 0.87927073 12
3.9294672 6.0094895 0.86362988 14
3.9338396 -0.58810657 0.94768637 11
3.9090295 -0.60922962 1.0382259 14
3.937201 6.4653506 1.0546565 11
3.950171 6.4687166 1.1780061 12
3.976125 6.5207944 1.1688205 11
3.9203963 6.2377553 1.2971075 11
3.9496698 6.4354215 1.2380488 14
3.9552584 6.4188905 1.3370571 12
3.9223654 6.5153213 1.3281815 14
3.9165792 6.0671082 1.438385 13
3.9471495 6.1494193 1.4263541 14.5
3.9560513 6.3349848 1.417753 13
3.9529819 6.0550623 1.5646874 13.5
3.9356351 6.1085386 1.5492295 13
3.9612269 6.0595384 1.6690272 14
3.9845769 5.9206977 1.8976738 14
3.9922252 6.3240485 1.8215197 13
3.9132745 5.8011489 1.9314691 14
3.9352162 6.0616603 1.9285142 14
3.9520814 5.8520079 2.0160785 15
3.9645796 1.8435065 2.2728126 14
3.9997132 6.4858999 2.2368076 15
3.9410512 1.8659633 2.3035085 14
3.9382713 3.6639631 2.3261364 14
3.9354382 4.6990418 2.3375578 15
4.0926752 5.1166725 0.015034762 8
4.0108204 -1.5829767 0.17993426 11
4.0200253 -1.4668959 0.12437368 9
4.016396 -1.5485553 0.29935801 14
4.0182948 -0.85786396 0.25920829 11
4.0209341 -0.51892555 0.29081193 10
4.0876603 4.7895255 0.29797307 8
4.0005622 -1.4324466 0.33586282 12
4.003046 -0.56385589 0.3348144 11
4.069015 4.398315 0.32935727 9
4.0450768 4.7189264 0.34526825 13
4.0305815 5.8371511 0.35205698 9
4.0535288 -1.4721078 0.41273478 14.5
4.0281663 -0.75085944 0.40359432 15
4.0126114 -0.56401038 0.44836205 9
4.0777435 4.7332768 0.4572323 9
4.0852919 5.9382491 0.40637928 10
4.047617 -0.57005274 0.55538827 11.25
4.045526 5.8792205 0.57691306 9
4.0222611 -0.55713165 0.67323965 11.666667
4.0858402 4.7493086 0.62073141 14
4.0372877 5.8612437 0.65217936 10
4.0722523 -0.51264763 0.72669178 15
4.069953 4.8224754 0.79286319 10
4.0171843 5.865921 0.71737832 10
4.0397096 5.9468803 0.7137087 10.5
4.0665722 -0.51158988 0.811423 13
4.0738397 5.8517971 0.8021419 10
4.0630546 -0.54909897 0.90307975 13
4.0204325 -0.48772037 0.98032165 13
4.0165091 6.3594499 1.0322984 10
4.0116782 6.4443278 1.0945054 11
4.0105371 6.4993291 1.1568635 14
4.0762186 -0.58426964 1.3264942 13.5
4.0472693 -0.58719516 1.4146686 15
4.0304384 -0.59591329 1.513036 15
4.0240641 6.068542 1.6201304 13
4.0419946 6.0799794 1.7481488 14
4.0092554 5.9338374 1.8915844 15
4.0828271 6.0801134 1.8413996 15
4.0534368 5.8759136 1.9331524 14.6
4.073689 5.908833 1.9084892 15
4.0410562 4.3741918 2.2695944 15
4.0466447 -0.13199988 2.3085225 13
4.1540751 4.7793012 -0.18791245 6
4.1654243 -0.52220601 0.058814041 9
4.1724582 4.4962406 0.083090775 9
4.1654019 5.2280455 0.082002513 9
4.1553178 -0.80124581 0.14458731 9
4.1678739 4.4420462 0.16624984 10.5
4.1702852 4.6353388 0.16934565 10
4.1831512 4.8978982 0.15945004 8
4.1330423 5.4750071 0.15261611 9
4.1398754 5.8665857 0.12573043 9
4.1406593 -1.5475723 0.23584566 13
4.1178374 -1.4702415 0.22412503 9
4.1949363 -0.84940922 0.23967056 13.5
4.1200032 -0.7631796 0.22666492 12
4.1357937 -0.51760006 0.25464663 10
4.1746869 4.4929347 0.25795588 10.5
4.199779 5.0057964 0.26953161 10
4.189405 5.1012225 0.20369466 9
4.1059737 5.9457517 0.25925586 10
4.1695952 -1.5753851 0.37881172 13
4.1588421 -0.54150361 0.3414661 11.166667
4.1728187 4.4790611 0.33574608 12
4.1103001 4.7562146 0.31804419 9.5
4.1708298 4.8450856 0.33991516 9
4.1865368 5.8887515 0.32523239 9
4.1699624 -0.57626283 0.4491668 9.5
4.1910424 4.3878655 0.44684759 12.5
4.1730113 4.4583688 0.40849447 12.5
4.150846 4.5475159 0.41776505 11
4.1554127 5.0564351 0.4945111 9
4.1572661 5.8631077 0.41183862 11
4.1100669 -0.55486721 0.57926941 11
4.1338711 4.502924 0.52982074 14
4.188168 5.2538552 0.57655257 14
4.1899247 5.85009 0.5561288 9
4.1307135 -0.53293979 0.62462306 11
4.1237674 5.8492875 0.67794448 9.666667
4.1484489 -0.56657135 0.72466463 11
4.155611 5.8589182 0.7664398 15
4.1496344 -0.57394063 0.82577753 12
4.1646042 4.7451172 0.82504624 10
4.1101532 -0.63847941 0.93632841 13.5
4.1025658 -0.58200872 0.97216165 12
4.1012321 6.4881277 0.95178753 10
4.1257758 -0.5047456 1.0011206 14
4.1195555 6.7793794 1.0041512 12
4.1342082 -0.54037374 1.1326469 14
4.1633167 6.4741859 1.1736484 11
4.1690521 -0.59672552 1.2007687 14
4.108357 -0.55793589 1.3192744 15
4.1038609 6.066092 1.4356383 13
4.1858201 6.1900954 1.4264282 15
4.1998434 6.2299857 1.4922143 14
4.1012063 6.0571985 1.5817481 13
4.159081 6.0659094 1.6920997 14
4.1494317 5.9503388 1.7588574 13.5
4.1614943 5.8928633 1.8437643 14
4.1751761 5.9158926 1.876079 14.5
4.2267909 5.032733 -0.11383542 7
4.2792397 4.4797029 -0.074828014 7
4.2508588 4.7464786 -0.010249695 9
4.2803659 4.4272609 0.00064543891 7
4.2326665 5.2236457 0.092126936 8
4.2140079 -0.77439141 0.19021486 10
4.2122321 -0.57235795 0.18955964 9
4.2732124 4.3803325 0.16398567 8
4.2328434 4.4272938 0.12614059 8.5
4.2337384 4.5470676 0.16559562 9
4.2316074 5.0153265 0.11942975 9
4.2434964 5.2616076 0.16473649 9
4.2237101 5.358047 0.19010875 8
4.2178183 -0.51452219 0.27624029 9
4.267941 4.3714557 0.26510307 10.4
4.2312074 4.4711065 0.26529646 9.6000004
4.2185078 4.5232382 0.27947554 10.333333
4.2325644 4.6990018 0.23544335 8
4.2268167 4.7232709 0.26466894 8
4.2413945 4.9885898 0.27249637 11
4.2468843 5.4188962 0.28950387 10
4.2587929 -1.5408514 0.31573763 14
4.2203841 -0.76096922 0.37860897 13.5
4.2130179 -0.55055624 0.3327632 9.25
4.2496328 4.3810186 0.36577874 12.153846
4.2360249 4.4172773 0.33830163 11.928572
4.2449698 4.52985 0.35391763 13.25
4.2352962 4.6620831 0.33684951 11.416667
4.2283964 4.7013211 0.35577598 12
4.2232213 4.8543077 0.34806085 13.25
4.232873 4.9723496 0.31879273 9.5
4.2714486 5.0394874 0.33469012 10
4.2384372 5.2745147 0.34828639 11
4.2240567 5.4653788 0.36515015 12
4.2221112 5.5155892 0.31900072 10.5
4.2416363 5.8514733 0.37890416 10
4.2517571 5.9115992 0.31417498 8
4.2229638 -0.53880733 0.43346128 11.5
4.2266316 -0.48060307 0.46120617 11
4.2555423 4.3721433 0.44994539 11.75
4.209002 4.4627123 0.41875121 12
4.2415953 4.5269203 0.43934751 10.333333
4.2414136 4.6883821 0.43952903 13
4.2358718 4.7539649 0.45333877 8.5
4.2119904 4.9330468 0.43940955 12
4.2417121 5.3100648 0.42053434 12
4.2544432 -0.53551787 0.57935768 13
4.2560277 4.3748517 0.5385471 11
4.2496858 4.4260058 0.54783148 10.777778
4.2959337 4.5398307 0.59288889 9
4.2571664 4.7563577 0.55969125 11.166667
4.2060785 -0.50568938 0.62240708 15
4.2846413 4.3754673 0.60706961 13
4.2359891 4.4726524 0.62227333 12
4.2770534 4.5425344 0.64682889 11
4.2529898 4.6023641 0.66385782 8
4.2597852 4.7162442 0.61673415 10
4.2777452 4.8240623 0.68487024 10.5
4.2474737 5.8218484 0.66101581 10
4.2557511 -0.55271351 0.75691146 13
4.2622299 -0.45403028 0.72247159 12
4.2573867 4.5342078 0.75182945 12.333333
4.2308469 5.8769097 0.74010432 10
4.2430668 -0.55447441 0.87271744 13
4.2831025 4.569591 0.85944217 11
4.274354 4.6436615 0.86472034 12.4
4.2837172 4.7560577 0.86140496 10.5
4.2235613 -0.51255155 0.91358775 13
4.2883725 4.7731581 0.9175716 9
4.242424 -0.58089042 1.0580581 12
4.2814302 6.461658 1.1606632 12
4.2431483 -0.55400211 1.2705446 14.333333
4.2624373 6.4573627 1.2501501 13.5
4.2667518 6.5334954 1.2076215 12
4.2917423 -0.57917219 1.3879801 15
4.2677879 6.5625725 1.3029162 15
4.2878752 5.9618254 1.487228 13
4.2090282 6.1031098 1.4852263 13
4.2377062 6.4568329 1.4446553 12.5
4.2899318 6.541378 1.4013274 13
4.2542586 -0.58863485 1.5150244 14
4.2731156 6.081737 1.5436953 13
4.2913346 6.154161 1.5943615 13
4.260879 6.1043034 1.6869996 14
4.2516398 6.0618997 1.7612385 14
4.2371349 6.1536565 1.7219959 14
4.234592 5.8750892 1.8814039 14.5
4.2583537 5.8884525 1.909304 15
4.2248325 6.0636978 1.9531237 15
4.2583361 -0.035982806 2.1869812 14
4.2388639 2.6161695 2.1908388 15
4.2638311 6.4286704 2.3681049 15
4.3673177 4.2066746 -0.071774475 7
4.3555384 4.1835489 0.043053593 7
4.3352962 -0.81103039 0.14231755 10
4.3138866 -0.7856319 0.13847476 9
4.35431 4.1498795 0.18022645 11
4.3700142 4.219698 0.16361158 8.5
4.3055882 4.3549681 0.1161987 8
4.3875418 4.4284973 0.1931486 10
4.3411908 -0.83855832 0.23514764 13
4.380981 -0.66234219 0.27916327 12
4.3701978 -0.54502189 0.24766183 11
4.3789563 4.0956755 0.27396134 14
4.3895845 4.1382585 0.26579911 9.75
4.3731074 4.2673173 0.23549056 8
4.3502913 4.3664265 0.25431144 10.083333
4.381968 4.4261651 0.26408523 12
4.3083405 -1.5394778 0.33586097 14.5
4.3602419 -0.80437356 0.35542902 14.5
4.3767319 -0.74311495 0.35266519 13.5
4.3065839 -0.62919921 0.39770898 9
4.3662124 -0.538791 0.36177275 12.333333
4.3851123 4.0809073 0.34471568 11
4.3905644 4.136363 0.34649441 9.625
4.3909602 4.3751998 0.35934052 11
4.3987012 4.4160652 0.36933798 15
4.3389301 -0.55693763 0.43705252 11.25
4.3306336 -0.46663108 0.41863549 14
4.3819842 4.0848584 0.43804809 10
4.3820801 4.1473718 0.42777464 9.25
4.3613939 4.2251816 0.43876046 9.5
4.3506021 4.3714828 0.46109271 12
4.379178 -1.4634012 0.58421212 15
4.3632517 -0.57144082 0.54993176 10
4.3786101 -0.48413843 0.59456819 14
4.3639336 4.3538432 0.56460124 11.75
4.30266 4.4243417 0.59301406 10
4.3184233 4.525012 0.55575246 9
4.306426 4.6715956 0.56274706 9
4.3361931 4.7575564 0.59854543 10
4.3280425 -0.54816419 0.65953606 12
4.3440332 4.3914428 0.68017232 14
4.3264012 4.4754472 0.65007246 11.428572
4.3295684 4.5573506 0.65862262 9.8571424
4.3270702 4.6452293 0.67693239 9.5
4.3383961 4.7887115 0.66687548 10
4.3529654 4.8333054 0.62570989 12
4.3370671 5.9322872 0.69104564 10
4.3447313 4.480269 0.76496047 10.75
4.3367743 4.5444026 0.75456405 10.961538
4.3269782 4.6486053 0.75915003 10.8
4.3482094 4.8325539 0.72973627 11
4.3551035 5.8851724 0.73633707 10
4.3836508 -0.55198002 0.85713428 14.25
4.3491869 4.4839783 0.83757877 11
4.3286862 4.5274215 0.82242471 11.25
4.3412881 -0.55218983 0.97267729 13.5
4.3758435 6.4386277 0.93870145 10
4.3986926 -0.53258264 1.1873426 15
4.3881807 -0.43270189 1.2111962 14
4.3480635 6.4667068 1.238595 11.333333
4.3589149 6.6252995 1.2144074 11
4.3479009 6.4733462 1.321312 11
4.3191538 6.5062752 1.4314357 15
4.3195515 6.6797342 1.4623185 15
4.3122048 -0.61181408 1.5872992 15
4.3510857 6.0907383 1.6440897 14
4.3570609 6.1208134 1.6443459 14
4.3398857 6.0450106 1.7560006 14
4.3789563 5.7668991 2.0305142 15
4.367763 0.54911971 2.2963006 13
4.4731321 4.1667018 -0.23226452 8
4.449482 4.1125064 -0.19330823 7
4.4496679 4.0783033 -0.024677666 8.5
4.4209943 -0.88401639 0.053996161 9
4.442039 3.1746085 0.010640195 7
4.4709034 4.0875874 0.058755171 7
4.4881577 4.2028332 0.059178028 9
4.442246 -0.52232248 0.1251765 9
4.4364314 4.2538381 0.13590224 7.8333335
4.4133096 -1.5838488 0.26885957 12
4.4673114 -0.55665749 0.22750612 9
4.43541 4.0845604 0.26440603 8.666667
4.4350224 4.1340222 0.27421966 10.5
4.4094763 4.3105626 0.23308747 9.5
4.4873481 -0.71449339 0.34615424 11
4.4689007 -0.53681457 0.34193099 10.666667
4.448823 4.0861735 0.35625184 10.454545
4.4173532 4.1389871 0.3531861 10.766666
4.4289441 4.2311234 0.35215479 12
4.4170995 4.3702159 0.36035439 12.9
4.4097519 4.4017348 0.39347491 11.5
4.4219184 -1.4814864 0.406656 11
4.487267 -0.66935194 0.45633048 13
4.439137 -0.56740588 0.44951475 12.333333
4.4387007 4.0836883 0.45580548 10.909091
4.4233918 4.1342707 0.44675457 11.423077
4.4201093 4.3616004 0.42855024 13.6
4.4349642 -0.53823078 0.52920717 14.75
4.4310803 -0.49718568 0.56412435 11
4.4753723 3.735162 0.52571297 9
4.4148183 4.0736446 0.52934861 10.5
4.4445014 4.1345401 0.52136487 10.5
4.473701 4.2356634 0.51154071 8
4.4290085 4.3926945 0.56915063 9
4.4892464 -0.56486231 0.66099942 11
4.4414639 4.3869772 0.61420739 13
4.4902663 4.4763908 0.63177198 10
4.4197702 4.5968089 0.67419744 9
4.4755554 -0.49676391 0.73586738 14
4.4043269 4.5357037 0.75881475 10
4.4678388 -0.56646055 0.87904978 12.333333
4.4016047 4.4363441 0.89758331 11
4.4709754 -0.51103806 0.9023934 14
4.4835682 6.1120954 0.99771881 13
4.4040275 6.4628873 0.93912369 11
4.455174 -0.57098436 1.0622683 13
4.4716926 6.4679089 1.0777633 11
4.4236202 -0.55770552 1.14855 14
4.4634066 6.4696631 1.183844 11
4.4691892 6.5193615 1.1700966 10
4.4402838 -0.55642241 1.2932626 15
4.4159608 6.450026 1.2561668 11.5
4.4815755 -0.60084033 1.4359144 15
4.4637904 6.1037617 1.4238448 13
4.4895921 -0.57297093 1.5908327 15
4.4708786 6.0764065 1.5149058 12
4.4788055 6.3488059 1.5730493 14
4.4543209 6.070178 1.676471 13.25
4.4988928 6.1034565 1.6592464 15
4.4524903 6.0771284 1.7366326 13.5
4.4431915 6.1393285 1.7537252 14
4.4517064 6.0872817 1.8598434 14.25
4.4402385 6.1528635 1.8154137 15
4.478261 5.9196811 1.913094 15
4.4374356 6.0844989 1.9111288 13
4.4123979 5.7673597 2.0302358 15
4.4247327 0.47983584 2.225801 13
4.4417009 4.4748116 2.2088184 14
4.4476414 2.5125363 2.3003712 13
4.5838327 4.3398857 0.081874162 8
4.546185 -1.5541154 0.16199714 10
4.5145807 -0.58289647 0.16759367 8
4.5390892 4.17943 0.13625321 9
4.552299 4.3459463 0.17053938 8
4.5966501 -1.5458499 0.29239246 13
4.5490875 -0.86916184 0.2182743 12
4.5034118 -0.78358895 0.20124219 9
4.5713272 -0.55075014 0.26584923 10
4.5501747 -0.480241 0.23394257 9
4.5344272 4.0901904 0.26046699 8
4.5963044 4.16327 0.23680928 10
4.5478144 4.2639117 0.25031042 11
4.5724378 -1.5398884 0.34121317 13.75
4.5951715 -0.74155527 0.32030347 11
4.5376072 -0.54112285 0.36264923 12.166667
4.5485535 3.9402287 0.35318741 10.333333
4.5225515 4.0660925 0.34617421 8.666667
4.5034533 4.1065865 0.36496744 10
4.5549679 4.3828893 0.38766122 14.5
4.542695 -0.73499179 0.41812846 14
4.5776749 -0.57426792 0.49335453 14
4.5271792 4.0628381 0.42316774 9.5
4.5153599 -0.55272019 0.55886656 12
4.540113 4.0996399 0.50346226 11
4.531354 -0.56669509 0.62417406 10
4.5686879 -0.46568421 0.68608338 15
4.5212679 4.4488711 0.67307484 9.5
4.5743599 -0.5347333 0.71455574 14
4.5394645 -0.48596597 0.72107875 15
4.5610881 4.4383793 0.74408972 11
4.5631814 -0.54710275 0.87213123 13.333333
4.5919938 5.8906078 0.86601079 10
4.5817361 -0.56292236 0.97272569 15
4.5701518 5.9164424 0.92718554 11.5
4.525156 6.5372996 0.98848277 10
4.527524 -0.55848694 1.0622797 13
4.5920305 -0.38979751 1.2080436 14
4.5461521 6.4732275 1.2276696 12.166667
4.5267634 6.4681768 1.3727057 13.5
4.5444818 6.4398437 1.4324729 13
4.5471201 6.521842 1.4284892 13
4.5397706 6.079515 1.5479928 13.5
4.5190811 6.1230922 1.5663538 14
4.5919037 6.0750279 1.6634911 12.5
4.5445504 6.1232162 1.6228051 13.5
4.5404944 6.0780263 1.7207482 13
4.5091758 6.0848622 1.8010681 15
4.5587215 1.3567815 2.2686749 11
4.5432582 4.6798244 2.3461092 14
4.5198689 5.9538469 2.3086183 15
4.646029 4.0016074 -0.013443528 7
4.6178665 4.203918 -0.061927088 8
4.6269445 -3.6190202 0.19203714 10
4.6851454 -3.4397118 0.11968063 9
4.6883087 -3.3262086 0.17934021 7
4.6460671 -0.73439926 0.14206149 8.5
4.6574273 4.0578332 0.17388514 10.5
4.6201882 4.1746969 0.17157219 10
4.6686335 -3.4052572 0.28923872 12.5
4.6102972 -1.5409479 0.21593514 12
4.6864557 -0.55051792 0.25920323 9
4.6233268 4.0544448 0.28623155 10
4.6425691 4.1206007 0.28943342 10.833333
4.604291 -3.6822901 0.39972368 11
4.6507969 -0.53831202 0.3498787 11.714286
4.6486449 4.1495833 0.34595767 11.333333
4.692286 -3.3469396 0.45550627 11.5
4.685236 -3.2992346 0.48934692 13
4.6680551 -1.4528722 0.4162465 12
4.660604 -0.55098826 0.43897822 12.333333
4.6323023 -0.49565992 0.47202128 12.5
4.6701121 4.1323657 0.4385913 13.2
4.6425776 -0.55188358 0.53377169 13
4.6637802 4.1316433 0.53260458 13
4.6935592 -3.4246814 0.68684667 12
4.6711726 -0.56519836 0.65004021 13
4.6283565 4.4291916 0.64814365 9.5
4.6740808 5.8686676 0.65281922 9
4.6937652 -3.3539734 0.83344644 11
4.6324806 -0.54200166 0.84451026 11.5
4.6451316 5.8980327 0.89881456 10
4.6183 5.9903479 0.93398148 15
4.69767 6.0017605 0.93554747 10
4.6619024 -0.57967645 1.0323334 13
4.6489978 5.9702725 1.0632188 12
4.6536307 6.1147408 1.0308288 10
4.6546288 -0.56306046 1.1450912 13
4.695365 5.8806596 1.1178081 14
4.6425748 5.968503 1.1316708 13
4.6972952 6.0441289 1.1781961 15
4.649775 6.4621878 1.1521585 12.125
4.6232901 6.1241584 1.2004961 14.5
4.6566815 6.4514747 1.2727538 13.333333
4.6196613 6.524271 1.2102824 11
4.6592412 4.7576456 1.3485802 12
4.6854534 6.0055037 1.3615997 15
4.6898842 6.3910675 1.3922501 11
4.6446042 6.4633021 1.3474656 12.214286
4.6645441 -0.5768609 1.4320984 15
4.6201134 6.088789 1.4700851 13
4.6450624 6.44415 1.4478523 13.125
4.62394 6.5156708 1.431294 13
4.6532812 6.1096444 1.5939769 14
4.6613379 4.9989214 1.64505 13
4.6654325 6.0941968 1.6522372 13.5
4.6495438 6.1138916 1.6411813 14.333333
4.6433325 6.0661798 1.7298899 14.5
4.6886344 6.1188836 1.7532276 14
4.6913838 6.0643606 1.8000804 13
4.6766934 5.9322662 1.9988201 13
4.6243019 6.5157828 2.1331813 15
4.6220312 0.69219285 2.2729948 14
4.6247506 5.1874523 2.3272367 15
4.6718106 5.2214603 2.3309736 15
4.6905828 5.7392726 2.3040392 15
4.7747464 4.1010628 -0.062517405 7
4.7707982 1.7491186 0.022609098 7
4.7517233 -0.71337247 0.16231224 8
4.7346897 -0.51559669 0.11757039 8
4.7721305 4.0794816 0.13870667 8
4.776062 4.1587238 0.14943911 8
4.7898259 -0.53379577 0.23032762 9
4.7501478 4.0738997 0.28476971 10.222222
4.7968602 4.119833 0.24421395 9.5
4.7037373 -3.3378816 0.36896834 10.666667
4.727459 -0.77624279 0.31506136 12
4.7452135 -0.55406517 0.33848342 11.875
4.7603364 -0.41784617 0.39112926 13
4.7715173 4.0796227 0.36502075 9.8000002
4.7349596 4.1162453 0.36034006 12.7
4.7230864 -3.2917397 0.47517589 11
4.7645664 -0.55311304 0.4733763 12.666667
4.783577 4.0826092 0.4276858 9.666667
4.7284856 4.1104164 0.44053715 12.875
4.7282152 -0.52713346 0.54093015 12.5
4.7361803 -0.47034952 0.56497931 14
4.7518053 4.0770535 0.51032203 9
4.7578287 4.1454854 0.57935262 12.5
4.7097034 4.2008004 0.54717839 9
4.7328568 -0.5685147 0.62493455 11
4.7647142 4.4677205 0.66936332 12
4.7318945 4.4937015 0.70100516 13
4.752347 5.8940506 0.78386253 13
4.708446 -3.3435194 0.8523913 14
4.7119751 -0.54750878 0.81490165 15
4.7075195 5.9936991 0.86990064 12
4.7233119 -0.55204451 0.91958791 13.5
4.7326708 5.9422331 1.0605357 10.5
4.70118 6.048317 1.039889 11
4.7911167 6.2753425 1.010118 12
4.7389455 6.4410186 1.0739188 11
4.7717557 -0.55941695 1.1423609 14.5
4.7829537 5.8946996 1.1119292 14
4.7133546 5.9222398 1.1531446 13
4.7134914 6.3747644 1.1281362 12
4.7293701 6.4421091 1.1299105 11
4.7467852 5.8818836 1.2428708 12
4.7258034 6.2596855 1.2900318 10
4.7268863 6.3824596 1.2173164 10
4.7121453 6.4540715 1.2614577 11.5
4.7133737 6.3884163 1.3200063 15
4.7294307 6.4350905 1.3528465 12.285714
4.7234831 5.9771366 1.4387993 11
4.7279768 6.3692617 1.4467952 11.5
4.7410684 6.431541 1.4432399 12.5
4.787396 5.8712049 1.6920056 15
4.705946 6.0797925 1.7816272 14
4.7880459 5.9260259 1.8138545 14
4.7076635 6.10572 1.8503928 15
4.7323332 5.9054489 1.9006518 14
4.7034483 2.0542789 2.1807549 15
4.7194977 2.7674518 2.3093946 15
4.7113261 4.3290706 2.3498225 15
4.8323855 -0.58651626 0.10909425 8
4.829145 -3.4038556 0.28510129 7
4.8895931 -0.6680696 0.28946984 10
4.8601599 -0.52142817 0.26574326 10.666667
4.8706446 3.9514394 0.24450862 7
4.8299313 4.074049 0.28425702 10.5
4.8373394 4.1076393 0.22868249 8.5
4.8509717 -0.74389023 0.31772801 11
4.8371592 -0.53331715 0.37798887 12.666667
4.8825636 -0.4870894 0.35481423 11
4.8374963 4.0920596 0.37931594 11.7
4.8401623 4.1178551 0.34064779 11.5
4.8784046 -0.53216594 0.45804754 13
4.8149052 4.088798 0.41525984 10.75
4.8382621 4.1185842 0.43992025 13.5
4.8536968 -0.53059697 0.5325191 13.375
4.8325362 4.0891771 0.56995815 13.5
4.8387499 -0.54090309 0.73234695 14
4.890727 5.8581018 0.73456061 11
4.8274751 -0.5658077 0.8283329 12.333333
4.8043423 -0.48077086 0.87269258 13
4.8081455 -0.55284059 0.98045504 15
4.889535 4.7299104 0.92190909 10
4.8644543 5.8412633 0.93333936 12
4.8076329 6.4197474 0.92435902 11
4.8055525 4.8621011 1.0586807 11
4.8214855 5.857398 1.0981621 13
4.8652096 5.1756368 1.1044571 11
4.806386 5.8801064 1.1303706 11
4.8902254 6.105238 1.1186001 10
4.8097901 6.2897201 1.1859847 11
4.8139906 -0.58010393 1.2055541 12
4.8997297 5.5673304 1.3914484 10
4.8297338 -0.57625699 1.4462882 15
4.8651381 5.8576946 1.4898545 13
4.8802009 5.0561757 1.7218052 11
4.8884254 5.8070183 1.7078919 14
4.8084998 5.9724197 1.7719578 13
4.8741488 4.6617861 1.8109044 12
4.8714347 4.8863101 1.8390753 13
4.8848276 4.3510313 2.0722017 15
4.8559437 3.2394395 2.1881838 15
4.8218727 1.3187292 2.2612164 11
4.8850021 1.7607346 2.2788267 13
4.8383751 1.1052243 2.3106818 14
4.8641596 1.546326 2.3318379 15
4.8886547 3.543133 2.319025 15
4.9464178 -0.47449028 0.087916389 10
4.9043961 0.50948364 0.05882274 7
4.9019065 -5.1372647 0.19436058 9
4.9896116 -3.5421948 0.29079542 12
4.9287314 -0.56005979 0.28949577 10
4.9492145 -0.4849593 0.26849979 10.75
4.9297862 -4.93607 0.33336499 10
4.9266033 -4.3485332 0.31618708 10
4.9943748 -3.4037986 0.37642708 11
4.9579983 -0.53736883 0.3594608 12.7
4.9670491 -0.48101357 0.34367052 9
4.9115491 -0.54433113 0.44425339 11.666667
4.9598408 -0.49218822 0.45872122 11.5
4.995317 -4.011714 0.50573128 14
4.9704528 -3.4377136 0.5393486 12.5
4.9515238 -0.54308665 0.56333876 12
4.9398212 -0.48970196 0.55348343 13.5
4.9371591 -0.54292279 0.6898126 13
4.9534841 -0.48558488 0.66685939 12.833333
4.9291935 -0.78978342 0.74372172 15
4.9467993 -0.49423197 0.70374447 15
4.9755425 4.5533385 0.73273551 10.333333
4.9284878 -3.4934127 0.81595713 15
4.9552326 4.4318309 0.88935959 13
4.9675322 4.5210395 0.88812131 11
4.9297647 5.844388 0.85319841 12
4.9510932 -0.5588448 0.96910101 14
4.9889483 4.4546084 0.93118542 10
4.9505706 4.5155816 0.97743583 9
4.9910464 4.9071202 0.99890959 10
4.9640455 5.8746343 0.98795855 11
4.9684229 -0.51956254 1.0482798 15
4.9789977 4.3988419 1.0787067 15
4.9918151 4.4077468 1.0085056 15
4.9607987 4.6528597 1.0439544 13
4.9424224 4.8885622 1.0776092 15
4.9678035 4.9786897 1.0532973 13.5
4.9156389 6.0091872 1.0195572 10
4.9582524 -0.5521425 1.159611 15
4.9668274 4.5272365 1.1339993 12
4.9930015 4.6424365 1.1099643 11
4.9915795 4.7551069 1.1346127 12
4.9898567 4.8257456 1.1790072 13
4.9197855 5.3949847 1.1585547 14
4.9382453 5.4770451 1.1994338 12
4.9838853 5.8053622 1.13823 11
4.9653268 4.45222 1.2297925 14
4.9678802 4.541894 1.2382269 12
4.9829006 4.6702347 1.2623018 12.666667
4.9669805 4.7647572 1.2496279 13
4.9883122 4.8368964 1.21067 12
4.9009466 4.9832897 1.2841669 10
4.9993668 5.0827751 1.2595997 11
4.9338355 5.4236946 1.2591521 13.5
4.9947829 5.7688179 1.2250212 10.5
4.9977565 4.372654 1.3327562 14
4.9621525 4.5456171 1.3735088 13
4.97544 4.6500678 1.3515482 12
4.9972143 4.7693806 1.3317221 13
4.9570856 5.8278108 1.365108 14
4.9869695 -3.49825 1.4228835 13
4.9776807 4.4271946 1.4438567 14
4.9917831 4.5528736 1.4255431 13
4.9606018 4.6739616 1.4883256 14
4.9740801 4.7149696 1.4800155 14
4.9781132 5.78158 1.4492205 13
4.9804878 5.8495965 1.4926846 13.5
4.9112267 6.2907748 1.4455035 12
4.916996 4.5679035 1.5697491 11
4.9850173 4.8430424 1.5937819 13
4.9413567 4.9254656 1.5095149 12
4.9877272 5.0941234 1.5489715 13
4.9680777 5.768961 1.5538774 13.5
4.9463143 5.8379207 1.5493712 12
4.9597392 4.3850155 1.6162771 15
4.9914813 4.4593368 1.6449347 12
4.993216 4.6551442 1.6287428 14
4.9576111 4.8954978 1.6312871 13
4.973897 4.9824162 1.6036184 15
4.993381 5.0106115 1.6693358 15
4.9455118 5.4431305 1.6352557 12
4.9811616 5.7956634 1.6433076 12.5
4.955946 5.8091993 1.6453565 13
4.9979043 4.7517447 1.714252 14.5
4.9975529 4.9127369 1.7549809 15
4.9358363 5.6380186 1.7404122 14
4.925334 4.8219929 1.821059 15
4.9683642 5.7850323 1.8505987 14
4.9236064 5.8417592 1.8397796 13.5
4.9716601 3.376157 1.9066929 15
4.9877267 3.5403035 2.2838116 15
4.951035 5.5168653 2.2761302 15
4.9584079 5.370378 2.3241782 14
5.0492682 -4.7805762 0.19066092 9
5.0625334 -4.355423 0.16988584 11
5.0616946 -4.1863093 0.11669746 7
5.0021911 -3.9054892 0.19459425 9
5.0777874 -3.861975 0.1963125 8
5.0450878 -3.3617172 0.16920462 8
5.07651 -5.0270438 0.27904728 10
5.0820193 -4.9654937 0.26098505 10.5
5.0672016 -4.4296913 0.2186909 10
5.0589347 -4.3432279 0.23953737 12
5.0839324 -4.2116661 0.26534554 8
5.0197177 -4.1983504 0.26146647 11
5.0297451 -3.6412375 0.26178366 9
5.0076814 -3.3428364 0.2742213 8
5.0196786 3.1309772 0.22457151 8
5.0453234 -4.9368529 0.39406478 11
5.0942693 -4.861259 0.3115347 9
5.0251584 -4.4938102 0.34866035 11
5.0410089 -4.1470866 0.30986705 13
5.0406842 -4.0347733 0.36281651 11
5.012475 -3.9639416 0.35957196 12
5.0083275 -3.7564907 0.31005529 13
5.0084815 -3.4410625 0.37123802 10.5
5.0074282 -3.377614 0.35527471 10
5.0489945 -3.2855835 0.38395703 11
5.0579796 -0.53225112 0.36336452 12.5
5.0757794 -5.1318002 0.45634842 11.5
5.091435 -4.9546375 0.44790584 11.5
5.0752625 -4.83812 0.41893145 11.5
5.0801711 -4.24651 0.43511328 11
5.0271034 -4.147728 0.46158591 13
5.0227127 -4.0377564 0.47163287 14
5.0475717 -3.3493664 0.45807868 9
5.0143142 -0.80310649 0.41067222 13
5.0367451 -0.521424 0.40738502 13.25
5.0820155 -5.1318216 0.59276742 13
5.0949597 -4.9957223 0.50366294 13.5
5.083982 -4.4650559 0.52585524 13.5
5.0753117 -4.1467104 0.53874522 13
5.0040083 -3.80353 0.52602941 9
5.0733261 -3.3117814 0.5870719 14
5.0120196 -0.48092166 0.50545084 13
5.0348215 4.3843889 0.59603286 9
5.0578632 -4.9335279 0.65250182 12
5.0732808 -4.8619494 0.62919444 13
5.0247474 -4.466424 0.66685903 14
5.0258999 -4.1209683 0.61046135 14
5.0115318 -4.0155597 0.61800903 15
5.0115333 -0.81377828 0.65127432 14
5.0195374 -0.54011017 0.6522727 13
5.004261 4.5002251 0.62636536 10
5.0944257 -5.0968246 0.73042059 15
5.034595 -4.9349432 0.75201356 13
5.0730219 -4.8228798 0.72870076 14
5.0752134 -4.2236071 0.75466555 14.5
5.0303841 -4.1586094 0.72418052 15
5.0582638 -3.9642076 0.70334572 12.5
5.0041666 -3.3462584 0.71314371 10
5.0877771 -0.50502867 0.74425125 14
5.0971537 4.1488256 0.77476466 10
5.0409274 4.3650937 0.7729308 11
5.015871 4.4429836 0.71833706 10
5.0815768 -5.141398 0.85187769 15
5.0627313 -4.7287636 0.87930667 15
5.0897708 -4.1337872 0.85999966 13
5.0779848 -4.0210543 0.88245368 15
5.0215044 -0.53844184 0.84110594 13
5.0698805 4.1338606 0.86186361 11
5.0440736 4.3707194 0.85371894 10.5
5.010098 4.5526361 0.86749303 13
5.010252 -3.8235784 0.92259032 11
5.0915532 -2.7924712 0.99912113 11
5.0338521 -0.51989144 0.93407422 14
5.0480423 -0.49699804 0.93004024 15
5.0213957 4.3940473 0.93255842 10
5.0080872 4.4728823 0.96624315 12
5.0110207 4.5524879 0.9421736 10.666667
5.0425839 4.6729851 0.92378539 11
5.002986 4.7395234 0.9027968 13.5
5.0529923 4.8629313 0.96812809 9
5.0942769 5.6677508 0.96044403 9
5.0478272 5.7661633 0.93148577 12
5.0834098 3.2663755 1.0798469 12
5.0709643 4.3554254 1.0390332 12
5.0320287 4.4465723 1.0219533 11
5.0101933 4.6590548 1.0460111 11.333333
5.0162616 4.7524629 1.0792234 12
5.0085392 4.8103509 1.0385138 11
5.0221009 4.9212689 1.0877879 12
5.0810065 5.2742996 1.0099823 10.5
5.0687532 5.7504992 1.0223874 13
5.0647335 -4.8889732 1.1466216 12
5.0065007 -0.56729287 1.1284773 14
5.0352316 4.3646545 1.1418278 11.333333
5.0143719 4.5262508 1.1611209 11.666667
5.0261879 4.6955423 1.1204598 12
5.012382 4.7239499 1.1633083 11.5
5.0922585 4.9330263 1.1369275 12
5.0642629 5.645247 1.1256093 10.5
5.0696821 5.7171445 1.1465151 10.75
5.0136151 5.8089213 1.1255021 11
5.0856738 4.2499599 1.2923245 11
5.0310512 4.3525863 1.201978 13.5
5.0067391 4.5241618 1.2561946 12
5.0430007 4.6485801 1.2390795 12.5
5.0200973 4.7803531 1.2328699 11
5.0077424 4.8370528 1.2889206 12
5.0758381 4.9164348 1.2204275 12
5.0857038 5.6678834 1.2260942 12.5
5.0478907 5.7351694 1.260421 12.4
5.0093741 5.8002057 1.2842447 13
5.0251007 4.2610989 1.3692355 15
5.0199089 4.3771572 1.3709222 11.5
5.0164309 4.4409676 1.3800566 13.5
5.0276232 4.7191753 1.3326638 12.25
5.0010085 4.8989282 1.3564267 13
5.0321484 5.3330564 1.3843582 11
5.0622725 5.6635065 1.3615539 12.571428
5.0336232 5.7481251 1.3645262 12.333333
5.0339851 5.8071313 1.3305696 12
5.0602403 4.0531535 1.494187 12
5.0503244 4.3663993 1.4618684 11.5
5.0022726 4.4077549 1.4914273 15
5.0029712 4.5329628 1.4571116 14
5.0172224 4.704844 1.4609978 13
5.013936 4.8379202 1.4258528 13
5.0175972 5.0069823 1.4555849 13
5.0936289 5.3921075 1.4269534 14
5.0427561 5.5483646 1.4228154 12
5.0624456 5.6669874 1.4388648 12.25
5.0446258 5.7371378 1.4622347 13
5.0659919 -3.8207257 1.5990607 14
5.043911 -3.7608738 1.5085015 13
5.0972204 -2.1478145 1.5880271 14
5.0719018 3.3464584 1.5049683 14
5.059412 4.3829842 1.5658932 14
5.0050726 4.6561713 1.5004245 13
5.0190954 4.7453337 1.5362078 13.5
5.0368805 4.8220577 1.5696212 14
5.0459127 5.2561278 1.5407672 10
5.0702901 5.6705341 1.5432844 14
5.0452609 5.74262 1.5487567 13
5.0607471 -4.1506324 1.6238545 14
5.0808887 4.3635964 1.6278373 14
5.0006557 4.4857068 1.6749996 14
5.0039291 4.7480345 1.6668921 14
5.0293622 4.9665074 1.6157286 13
5.0384808 5.0205884 1.6198987 13
5.0572419 5.3179598 1.639863 15
5.0139041 5.4703555 1.6401504 13
5.0552297 5.6935773 1.6332955 13.5
5.0411086 5.7367229 1.6491952 13.222222
5.0551105 4.3375268 1.7614613 12
5.0057759 4.5231137 1.7269254 15
5.0486932 4.6207628 1.7777067 15
5.0236335 5.5700574 1.7046937 13
5.057981 5.6425414 1.7817857 14
5.0258827 5.7772183 1.731325 13
5.0960493 3.9757545 1.828553 13
5.097043 4.3772664 1.8363546 15
5.0985403 4.4717479 1.8533075 15
5.0140996 4.5271306 1.8392428 12
5.013824 4.796133 1.8237503 13.5
5.0489902 5.5653806 1.8930622 15
5.0499277 5.7328677 1.8803456 14
5.0913262 4.2697959 1.9178722 14
5.0832262 4.3690248 1.905398 14
5.0169315 5.7510014 1.9504653 14
5.0813065 3.8353825 2.194576 15
5.0856819 2.2013166 2.2806334 15
5.0046129 1.5653455 2.3013833 14
5.0538878 5.3012643 2.3916476 15
5.0043902 6.4441557 2.3608122 15
5.0214272 6.4152293 2.5087013 15
5.1785378 -2.4177532 -0.11497183 7
5.1359749 3.2462511 -0.0035467034 7
5.134429 -4.7199216 0.015690148 7
5.130208 -1.516788 0.09638793 9
5.1824269 3.2915492 0.067422561 8
5.1347051 4.1006103 0.097750455 9
5.1191926 -4.4609761 0.19626053 9
5.1688066 -1.4441824 0.11999563 9
5.1910563 3.160285 0.16050021 8
5.1394792 3.2486558 0.18428552 10
5.1703343 -4.958396 0.20245354 8
5.1376505 -4.5204682 0.26165798 8
5.114193 -4.1893172 0.26718521 9
5.1440687 -1.3724265 0.28304186 11
5.1222339 -0.6900571 0.2901853 10
5.1663117 3.0757999 0.2761158 8.5
5.1790004 3.1588931 0.25616172 10.75
5.1899452 3.2243514 0.26103637 10
5.1623225 3.6984761 0.26766717 10
5.178009 4.0128865 0.2676785 10.75
5.1066189 -5.1837244 0.37597921 12
5.1558805 -5.0633378 0.31277531 9
5.1352701 -4.9376712 0.3456195 10
5.1393523 -4.5309896 0.31351954 10
5.1246762 -3.3668947 0.36695275 11
5.1760154 -3.2074728 0.35424018 10
5.1926837 -2.9953823 0.39009342 11
5.133018 -1.9788015 0.32809582 12
5.1435866 -0.74368083 0.3315365 12
5.1483936 -0.5394938 0.35370126 12.5
5.1561546 -0.48520994 0.34048828 10.666667
5.1397305 -0.38417393 0.30501717 12
5.1844578 3.1513038 0.3413907 10.526316
5.1805482 3.2176511 0.31845289 13.5
5.1671743 3.6971266 0.33273122 11.5
5.1708131 3.7387521 0.34440881 12.6875
5.1737576 4.0353131 0.36182594 12.375
5.1641083 -5.0407786 0.48686868 11
5.1126685 -4.8902054 0.40507045 11
5.108254 -4.723083 0.4542104 12
5.1015344 -4.2660499 0.4470689 11
5.1853576 -3.3398409 0.41154426 11.5
5.1759601 -2.7595942 0.41961032 11
5.155026 -2.5894952 0.46643275 12
5.1763759 -2.1869733 0.47058079 12
5.1545892 -0.52434564 0.43800524 12.5
5.1261506 -0.49964961 0.43071717 13.5
5.1808138 3.1498842 0.44883487 10.925926
5.190454 3.2003553 0.46242177 14.5
5.1716118 3.7420712 0.46320844 14
5.1849341 4.0210624 0.48103195 12.875
5.1274977 -4.8496838 0.55203533 11.25
5.1115489 -4.7470665 0.55451679 13
5.1014557 -4.1252193 0.56933278 9
5.1046133 -3.3342931 0.58925706 13.333333
5.1619749 -2.5361989 0.5711447 12
5.1615591 -2.0849404 0.59765434 14
5.170711 -1.9666196 0.50333858 12
5.1493759 -1.2826753 0.56460106 11.5
5.1393123 -0.53562713 0.52242202 14
5.1851754 3.08886 0.55316597 10.833333
5.1884747 3.1441431 0.55714148 11.884615
5.1743245 3.2354982 0.52814585 9
5.1661448 3.7471747 0.54212683 12.833333
5.1774879 3.9976194 0.5357163 14
5.1893706 4.0240016 0.52014893 10.5
5.1165614 -5.1647997 0.69860721 13
5.1395473 -4.7005396 0.65236974 9
5.1331115 -3.2871876 0.67948693 12
5.1232033 -3.1011112 0.60014665 14
5.1943779 -2.8687868 0.64122826 12.25
5.1843219 -2.7291045 0.67622524 12
5.1444259 -2.6856253 0.62773263 15
5.1737366 -2.1503732 0.69102067 12
5.1529703 -2.0436764 0.65760934 15
5.1202812 -1.7578193 0.65965813 15
5.1494694 -1.2900662 0.67558795 13.5
5.1772032 3.0920837 0.63208187 11.5
5.1901441 3.1569071 0.65190428 11.1
5.1502867 3.2066181 0.62859637 11
5.1893578 3.7340417 0.64473629 11.375
5.1695004 4.0505285 0.6142565 12.5
5.1245575 4.3255124 0.68236864 12
5.1904783 -4.8040891 0.78999937 14
5.1164851 -4.7367201 0.77455837 14
5.1208644 -4.2761497 0.74524856 9
5.1930342 -3.1781726 0.73631579 12
5.150815 -1.4438472 0.75080192 15
5.1834803 3.0790381 0.73582697 13
5.1797705 3.1536944 0.73978621 11.681818
5.1938982 3.2253852 0.75395226 12
5.1713924 3.7181408 0.73294437 14.25
5.1807356 4.0506134 0.72450286 11.5
5.123754 4.1398706 0.75625181 11.4
5.116859 4.3459072 0.75230592 15
5.1556954 4.4119267 0.7257579 13
5.1180682 -5.0901189 0.89759821 15
5.105916 -4.8163714 0.8908723 15
5.1828613 3.1486952 0.84289098 11.777778
5.1551614 3.2330449 0.82952303 10
5.1183577 3.876476 0.88456845 11
5.1730919 3.951551 0.86626118 11
5.149466 4.0899172 0.82838023 12
5.1349092 4.128768 0.83511478 12.333333
5.1890368 4.2110004 0.89141369 10
5.1227965 -3.5485048 0.951756 12.5
5.1921654 -3.0681436 0.931611 11
5.1443419 -1.7834363 0.99556649 14
5.177187 3.0737634 0.93219608 14
5.1822605 3.1531146 0.95071888 12.318182
5.196816 3.2365415 0.97576219 11
5.1676931 3.754966 0.92837214 13
5.1706595 3.9532959 0.95205146 12
5.1602168 4.0417762 0.96265668 11.5
5.1082158 4.142602 0.91322929 10
5.1095629 4.3750887 0.91544586 14
5.1358237 4.4235368 0.93010879 10
5.1948771 3.0737042 1.0940938 13.5
5.1851692 3.1554995 1.0395899 13.05
5.193243 3.2227325 1.0039883 11
5.1576076 3.422843 1.019816 9
5.1867957 3.7072508 1.0809553 12
5.1513591 3.8645866 1.0132936 9
5.1152773 4.7241826 1.0174346 10
5.1893229 5.5911694 1.0147802 12
5.1074562 5.6455083 1.0159134 14
5.1930614 3.08549 1.1081858 15
5.1887121 3.1526904 1.1405364 13.928572
5.1728191 3.2693193 1.1774709 13.5
5.1517534 4.2641377 1.193812 9
5.1088424 5.6716781 1.1095424 15
5.1892238 -3.0657246 1.2869182 15
5.1852932 3.0929735 1.25365 14
5.1806664 3.1552784 1.2513782 12.5
5.1919518 3.240932 1.2462413 13.333333
5.1289506 5.6460853 1.2674918 13
5.1178212 -3.768481 1.3188746 15
5.1789198 3.1570375 1.3307135 14
5.1831193 3.696357 1.340634 13
5.1751652 4.0547447 1.3845613 15
5.1395192 5.6440496 1.321888 12.5
5.1865168 3.1611426 1.4494802 14.071428
5.1867352 3.2153254 1.4223996 13
5.1993704 3.7031281 1.4780468 14
5.1662779 4.0683012 1.4608735 12
5.105485 4.5408287 1.4021596 13
5.1677508 5.5744963 1.478097 11
5.1907201 3.144021 1.5822594 14.833333
5.195303 3.2116225 1.5546345 13
5.1580734 4.0503759 1.5543001 13.5
5.1197333 5.6527781 1.5696224 13
5.1866021 3.1518757 1.693589 15
5.1754827 3.2241364 1.6366025 13
5.1046267 5.7028923 1.6083589 13
5.1749587 3.113132 1.7131844 14
5.1368003 3.3473499 1.7286068 11
5.1713986 3.6009989 1.7607037 11
5.1821957 4.0937872 1.7216952 13
5.1194201 3.173351 1.802431 13
5.1715894 3.3244152 1.8779175 14
5.1537781 3.4499421 1.8552343 14
5.1954417 3.701834 1.8807397 15
5.1541009 4.2544408 1.8390471 12
5.1760449 4.3475409 1.8345082 15
5.1087322 5.7057137 1.8675181 14
5.1914654 4.1529694 1.9497809 15
5.1707301 4.2724829 1.9207239 15
5.1606627 4.4493117 1.9313071 15
5.1546426 5.0783482 1.9665058 15
5.106039 5.4543562 1.9233849 15
5.1641726 5.5469356 1.948549 15
5.1396523 5.6196146 1.9529213 13.333333
5.1645451 4.3720465 2.0696464 15
5.1710138 1.6402185 2.2943573 14
5.1971779 2.9576094 2.3449175 15
5.2397842 3.1646821 -0.13168275 7.5
5.2373042 3.2748582 -0.16527346 8
5.2507267 3.3615983 -0.13527745 6
5.2939906 3.1015193 -0.094069175 7
5.2436495 -0.50206631 0.046479717 9
5.2643609 3.0941906 0.011153784 8
5.245501 3.1540756 0.065910272 8.333333
5.2191739 -3.1944156 0.19345503 9
5.2321377 -3.0052173 0.17380732 8
5.2402034 -2.985291 0.18282729 8
5.2205782 3.1549711 0.15997389 8
5.2581081 3.2596521 0.14164919 7
5.2008705 4.0675955 0.17944314 8
5.2032204 -3.3016417 0.24998614 11
5.2195387 -3.1675436 0.25086632 7
5.2475142 -2.7836945 0.25761977 9
5.2322493 -0.53830737 0.22531459 8.5
5.2270098 -0.48706248 0.24352555 11
5.2322636 3.0879405 0.23347461 8
5.2106571 3.1260355 0.25892344 8.5
5.2553411 3.4438603 0.25732306 15
5.2472134 3.7244556 0.24200699 12.75
5.22016 4.0182853 0.27445862 10.375
5.2096925 -3.2698631 0.35103866 11.5
5.2241416 -3.1857479 0.38246238 9.5
5.245615 -2.8046598 0.37702832 10
5.2201972 -0.56392038 0.36011738 11
5.2253819 3.0990722 0.36679155 9.666667
5.2079482 3.1543896 0.35698009 9.333333
5.2068033 3.2179749 0.36417645 10.5
5.2647505 3.4440475 0.33472949 12
5.2285542 3.7165697 0.3456479 10.5
5.2454333 4.0584464 0.30884606 11
5.2606554 4.5872335 0.3298271 9.5
5.225471 4.6190524 0.30495322 9
5.2009449 -3.2906568 0.47891757 12
5.2083268 -3.1761587 0.4941518 11.5
5.2145095 -1.8147749 0.44293702 13
5.2564611 -0.53458583 0.46187884 13
5.2121754 3.0610495 0.42653304 8.25
5.2175999 3.1361072 0.43867233 9.090909
5.2233438 3.2294838 0.44830438 11.4
5.2180333 3.7112689 0.4265334 10.5
5.2202735 4.0092235 0.41625932 12
5.225265 -3.3612585 0.52927446 13.5
5.2071786 -3.2801611 0.53248554 15
5.2130914 -3.1355934 0.54302371 11
5.2179971 -3.0428369 0.51093709 14
5.2639971 -0.53444606 0.57334524 12.5
5.2299495 -0.40573066 0.57461852 11
5.2736464 2.6846287 0.52628815 9
5.2906194 2.9502115 0.56092268 8
5.2206817 3.0914595 0.53850293 11
5.214582 3.1439657 0.55116028 9.5714283
5.210331 3.2087402 0.54109293 9.5
5.2407856 3.7037985 0.52890122 13.5
5.2481589 3.9702766 0.53276849 13
5.2228498 4.018302 0.53786051 10
5.2960787 -6.5712376 0.68584782 12
5.2247353 -3.3665271 0.62777936 15
5.221097 -3.2751312 0.66187704 13
5.205308 -3.0389211 0.62721151 14
5.2646599 -2.7886028 0.69919431 14
5.2016344 -2.4070621 0.63281709 12
5.2162075 -2.3343682 0.67534703 11
5.2366824 -1.8073862 0.68092197 10
5.2116303 -1.6845186 0.68642867 13
5.2239504 -0.49231973 0.60295123 15
5.2298336 3.0848165 0.64294928 11.25
5.2216163 3.1382003 0.65005571 10.444445
5.2456117 3.3150618 0.68865377 9
5.2298851 3.6894076 0.68606508 10.5
5.2216606 3.7346923 0.65049589 10
5.2376227 3.9910128 0.62140232 13
5.237525 4.0109882 0.62719297 12
5.2327538 -3.0889099 0.76733941 14
5.2102447 -2.8869636 0.72801179 12.5
5.2335715 -2.3622193 0.74270707 11
5.2422829 -1.8259193 0.76886219 14
5.2967811 2.9228609 0.78678763 9
5.2445517 3.0839684 0.74450725 10.875
5.2212825 3.1367939 0.75623572 10.875
5.2189035 3.2299337 0.75632787 9.5
5.2891579 3.6579049 0.7555415 10
5.2254543 3.7623529 0.76058626 12
5.2585335 3.9803739 0.70665926 10
5.2470236 4.0535736 0.78403533 11
5.2749257 4.142715 0.78610152 11
5.2379789 4.6242213 0.75450414 15
5.2507887 -2.0808802 0.8680169 15
5.2575464 -0.54093033 0.84978628 15
5.2548933 2.912266 0.88469732 11
5.2158766 3.0901859 0.82863927 12
5.2162457 3.1346862 0.84781677 12
5.2913666 3.2840242 0.82106632 11
5.2170153 3.6789501 0.85320878 14
5.2464657 4.0129046 0.84210014 11.25
5.2695961 4.1147823 0.81928891 15
5.2954335 -7.3056331 0.91809332 13
5.2156305 -3.2595189 0.92690045 11
5.2507353 -1.7922336 0.90093994 11
5.2355638 3.0716639 0.93631715 12.555555
5.2094712 3.1646891 0.93096942 11.5
5.226089 3.2462673 0.95201623 12
5.2016683 3.7284946 0.94466358 10
5.2573729 3.8286717 0.95079803 11
5.2388659 4.0891695 0.90034723 10
5.2155395 4.1104741 0.93470234 11
5.2654033 4.2578502 0.94874024 10
5.2304473 3.083688 1.0739508 11.5
5.2324491 3.1616936 1.0423944 12.75
5.241406 3.2699404 1.0810344 11
5.2051349 3.6847324 1.0097692 11
5.2250538 3.7020886 1.0356361 11
5.2229271 3.988811 1.0232341 11.5
5.2945361 -6.478992 1.1453867 14
5.2616506 -2.81147 1.1943226 15
5.2489967 -2.3091714 1.1420757 15
5.2456512 -1.8790728 1.158971 12
5.2903285 -0.5122003 1.1273786 15
5.2447138 3.0409164 1.1165713 12.25
5.2053018 3.1362207 1.1384898 12.625
5.2781234 3.2542675 1.135843 10
5.2166944 3.6815088 1.1453614 12
5.2215714 3.714628 1.1578264 11.666667
5.2179255 4.0088129 1.1784363 14
5.2572517 -2.6944418 1.2043691 12
5.2145061 -2.4352095 1.2302439 13
5.2126379 -1.985898 1.2290175 14
5.2656484 2.956877 1.2392634 12
5.2160869 3.0565002 1.2431089 13
5.2148271 3.1371255 1.2544103 13
5.260272 3.6432011 1.2557909 11.5
5.2239389 3.9283428 1.262679 13
5.2075558 4.0345297 1.25448 13.5
5.2151947 3.146534 1.3547173 12.5
5.2076058 3.2210398 1.3215551 14
5.2925992 3.3485296 1.3773171 12
5.239902 3.6896923 1.3714646 14
5.2443757 3.9499485 1.3886961 13
5.2017965 -3.0912895 1.4211142 14
5.2673817 -2.7391338 1.4059669 13
5.2254939 3.0928812 1.4102935 14.333333
5.2139988 3.1221604 1.4374832 13.3
5.2354951 3.4073436 1.4909859 14
5.2681503 3.6587207 1.4244747 13
5.2100391 3.7032237 1.4535166 14
5.2036901 5.5790944 1.4895793 12.5
5.2327929 3.059401 1.5827014 13.5
5.2400327 3.1498976 1.545493 13.666667
5.2097292 3.2068729 1.5300728 15
5.2884612 3.6528533 1.5503787 15
5.264739 4.0244436 1.5257089 13.5
5.2361288 -3.2055385 1.6417359 14
5.294435 3.0964594 1.6750442 12
5.2287006 3.1322834 1.651123 14.583333
5.2658772 3.6676145 1.6249861 15
5.2213778 3.7368767 1.6883619 15
5.2130084 3.1470921 1.7535599 13.5
5.2124982 3.2920551 1.7576188 14
5.206933 3.9542489 1.7253337 15
5.21211 3.0621171 1.811348 14.5
5.2165709 3.1484735 1.8273505 15
5.2205544 3.2505627 1.8392504 14
5.2026463 2.7744634 1.9059938 14
5.2296324 3.0691602 1.9012299 15
5.238523 3.2415273 1.9013586 13
5.2614741 3.4209707 1.9110684 13.5
5.2357283 3.6742711 1.9082258 15
5.2254767 4.2648525 1.9414276 14.5
5.2139559 5.076961 1.9909849 12
5.2457128 5.3795781 1.9403681 11
5.2654238 5.328021 2.0682034 14
5.2924027 2.3179824 2.1825888 15
5.2490435 0.60076892 2.2772186 15
5.2900019 3.0494998 2.2599902 13
5.2537975 4.5583549 2.2643104 12
5.2162251 6.3998456 2.2744107 14
5.241497 3.7917955 2.3178737 12
5.2429738 5.7810593 2.3865881 15
5.3593569 3.2198617 -0.23774803 5
5.3751211 2.9168303 -0.17222916 5
5.369472 -6.3094411 0.00053729786 9
5.3699055 2.020406 0.076103881 7
5.3971148 4.1117029 0.07754752 8
5.3296838 -6.4183507 0.10731117 10
5.3716688 -6.2658429 0.19340655 8.5
5.3730059 -0.83869225 0.16752075 8
5.333674 2.461412 0.19313242 8
5.3314037 2.5130365 0.14970951 7
5.3186173 2.8122764 0.121915 6
5.30755 3.9823875 0.11874722 8
5.3664422 -0.65520155 0.2660383 11
5.3452268 2.4096422 0.29038808 8
5.3478174 3.1448312 0.27100554 10.333333
5.3774295 3.5232904 0.24412382 13
5.3850131 4.6710496 0.2579354 11.5
5.3211427 -7.2283969 0.30326188 10
5.3003325 -6.4407811 0.35551375 9
5.3470311 -0.55099487 0.37018046 10.5
5.3962002 1.6336541 0.36457166 9
5.3692212 3.0577037 0.3394883 10
5.3491874 3.1538291 0.35280114 8
5.3140087 3.4905972 0.34466147 14
5.3245234 3.5859027 0.32488295 14
5.3811941 3.6102893 0.37220374 11
5.3603263 3.7157135 0.35506779 13
5.3965344 3.9431088 0.33017296 9
5.336163 -6.3252378 0.45658189 10.5
5.3108993 -0.51524907 0.44270119 14
5.3455772 2.7063427 0.4578543 7
5.3068361 2.8911045 0.49107194 7
5.3638029 -7.2207632 0.53942186 10
5.326344 -6.7439771 0.57035875 12
5.3084269 -6.5430799 0.55422843 11
5.3147182 -6.3608274 0.55238521 11
5.3617358 -0.53988504 0.58800435 11.666667
5.3000007 3.0832276 0.56950492 10
5.3875403 3.1411417 0.52963364 11.75
5.376153 3.2073264 0.55296135 9
5.3200388 3.7141423 0.57126683 15
5.391789 4.0696859 0.55741274 9
5.3589039 -0.55035734 0.64574647 13.5
5.3109078 2.8192899 0.67513108 8
5.3655224 3.0817025 0.65332621 12
5.3603678 3.1330967 0.66196913 10.5
5.3691177 3.2026339 0.63907415 8
5.3520861 3.9997661 0.60120457 13
5.3823018 4.0701175 0.60973829 9
5.3818574 4.6420918 0.61396062 13
5.3877487 -6.4225469 0.77220052 11
5.3791122 -6.3155489 0.73116064 12
5.3863163 -6.2949142 0.76366299 12
5.3725128 -0.48982731 0.79726666 14
5.3074775 2.8188639 0.74934667 9
5.3647947 2.9040108 0.77721959 10
5.3910327 3.090282 0.77649242 14.5
5.3541846 3.660434 0.71031666 12
5.333539 3.8617485 0.73674881 11
5.3773422 3.9970846 0.73406529 10
5.3848019 4.003665 0.79654658 10
5.3355198 4.1937323 0.74658853 15
5.3988771 3.0954578 0.82599014 12
5.3943162 3.1111352 0.87101001 11
5.3690081 3.3718174 0.8869127 9
5.3645606 -7.1280179 0.95649546 12
5.3180699 -6.7120743 0.95700043 15
5.3083968 -6.3778086 0.98439544 14
5.3979912 -0.54523557 0.95587337 12
5.3839803 3.0189004 0.9901644 11
5.3240027 3.1139235 0.96888703 13.5
5.3744674 3.3997278 1.0502956 11
5.3982558 3.9501982 1.0782468 11
5.3112946 4.5200596 1.039687 11
5.3441539 -6.4394135 1.1257915 14
5.3373623 1.7596481 1.1978846 13
5.3410602 3.3550258 1.1372843 11
5.3577099 2.7323053 1.2148919 12
5.3061442 3.6880195 1.2396501 12
5.3609433 4.2121029 1.244862 12
5.3885531 1.4418441 1.3600037 11
5.33183 3.1459682 1.341531 12.5
5.354672 3.2036135 1.3214041 14
5.3848734 -0.37765214 1.4623151 15
5.3083882 2.7982876 1.496466 10
5.3754411 2.9804168 1.4064274 15
5.3543835 3.1818056 1.4409124 14
5.3274031 3.2454538 1.4096256 11
5.3864708 1.7605866 1.5448296 13
5.355854 2.6580734 1.6543789 10
5.3475037 2.7191846 1.6955975 13
5.397656 1.7089118 1.7299731 15
5.3982558 0.61987233 1.8147161 12
5.3792949 1.6530093 1.8556947 12
5.3014493 3.2110903 1.8681735 14
5.3712773 4.027802 1.8622385 13
5.3563509 3.6948421 2.0774364 12
5.3962035 3.1156096 2.1550479 15
5.3142781 3.2460146 2.1010966 15
5.3725696 5.7454925 2.1493778 14
5.3596067 2.26689 2.2250648 14
5.3641663 2.4573612 2.219126 15
5.3736048 2.5562241 2.2833385 13
5.3816667 3.7090724 2.3677611 13
5.3936672 3.9170406 2.3419793 15
5.3500109 5.6779342 2.3819909 15
5.4858985 2.7648916 -0.33268914 5
5.4733949 1.3146439 -0.28573421 6
5.4721632 2.9771831 -0.12452369 6
5.4734993 -0.49526414 -0.07315629 8
5.4341421 0.67751497 -0.024094604 7
5.4996672 1.0656401 -0.045311145 7
5.4236641 2.9639082 -0.050647885 6
5.4037147 3.3691344 -0.052112933 7
5.4342642 -0.48924348 0.017174577 9
5.4888945 1.7719842 0.087958917 9
5.4476819 2.2151451 0.024104802 8
5.4642372 2.9040096 0.029769953 7.5
5.4150486 3.1543281 0.028280679 7.5
5.4245214 3.5234671 0.050347626 8
5.4584875 -0.53657919 0.15403789 9
5.4234757 -0.49541527 0.13005629 8
5.4685102 0.15120319 0.10888422 8.5
5.4375787 0.65541434 0.18099231 8
5.4864912 1.4062008 0.12195192 8
5.4952679 2.4063139 0.17754714 8
5.4958653 2.5961592 0.18786626 13
5.4905291 2.6590667 0.19941214 8
5.4801702 2.9782121 0.17496681 9.5
5.4522204 3.0548768 0.18244585 10
5.4252033 3.1534197 0.19765194 10.5
5.4492989 3.6577804 0.15382463 9
5.4330902 4.2040529 0.16050874 9
5.4251661 4.6201324 0.19272511 10
5.4416871 -0.71424353 0.22793218 7
5.4557333 -0.52251786 0.23047803 9.333333
5.4984927 -0.45696273 0.24859329 10
5.4822545 0.032821722 0.22898582 11
5.4837179 0.57233459 0.23438331 11.5
5.4684863 0.63174665 0.2594541 10
5.4776635 0.97993046 0.27953023 10.5
5.4410806 1.0568333 0.26647991 8
5.4824872 1.2827828 0.23091283 8
5.4241948 1.3057793 0.2474225 9
5.4928155 1.4098139 0.20532577 9
5.4842129 1.5446937 0.29784966 9
5.4868383 1.623258 0.27749375 11
5.4264712 1.7987505 0.26239228 8.5
5.4989028 1.9634324 0.23482728 11
5.4880166 2.1440971 0.2594921 10.75
5.4477086 2.2310767 0.27079651 12
5.4943395 2.3891995 0.23652039 9
5.4832101 2.4588349 0.25118244 11.5
5.4903421 2.7521048 0.24226679 9
5.4877911 2.8432636 0.25887316 8.5
5.4846797 2.952487 0.25848705 10.333333
5.486721 3.0469038 0.25641596 9.5
5.4351487 3.1527197 0.25734621 9
5.4398766 3.2718029 0.26924622 13.5
5.440484 3.3690643 0.24726567 10.625
5.448781 3.4848244 0.25813651 10.5
5.4462075 3.6622648 0.27575347 11.125
5.4476399 3.7119532 0.23135191 10
5.4423833 3.9634924 0.26805055 13
5.4205766 4.0403066 0.24069598 12
5.4406052 4.2748365 0.2716794 10.333333
5.4436436 4.3318453 0.26364034 10.833333
5.450088 4.4174809 0.22366579 11
5.4173741 4.5087857 0.29397401 11.5
5.4665713 -0.52044833 0.3565037 10.8
5.4650044 0.25127706 0.37588477 11.5
5.4654684 0.41773054 0.37983251 8
5.4862418 0.96425802 0.32940951 8
5.4957108 1.2107633 0.39032087 8
5.4654717 1.4653866 0.34173036 9.5
5.4905505 1.5760005 0.34954938 8
5.497261 1.6413777 0.31379908 9.5
5.4744048 2.1487091 0.35644171 9.666667
5.4689999 2.2598531 0.36353251 9.666667
5.492619 2.3178823 0.36274329 10.5
5.4932203 2.4151058 0.3155022 8
5.488986 2.6058698 0.39358366 11
5.4921288 2.7453527 0.37343121 8
5.4830732 2.8776159 0.37696394 10
5.4866271 2.9472272 0.34349233 9.375
5.4721012 3.0396883 0.35697338 10.727273
5.4534612 3.1743801 0.31850517 11.5
5.4461169 3.2838366 0.34240842 13.333333
5.4571085 3.3920183 0.37903261 12
5.4401517 3.423584 0.38325727 10.5
5.4606204 3.5713036 0.37924463 12
5.4448037 3.6558042 0.30476931 13.5
5.466907 3.7293339 0.36098963 15
5.4447265 3.9471109 0.34218329 11.7
5.4172192 4.0158925 0.34812945 11
5.4369211 4.3283768 0.34651798 11.666667
5.4518418 4.4024477 0.37908563 12
5.4691567 -6.335577 0.48622531 10
5.483336 -0.50937212 0.46343443 12
5.4826608 -0.49221864 0.42662662 12.5
5.4884572 0.078213505 0.42294106 11
5.4882321 0.12616883 0.43744048 11
5.4278059 0.70547813 0.48411253 8
5.4698396 0.92016834 0.41888753 11
5.4957137 1.1300102 0.43229371 11
5.4589663 1.4649291 0.40216494 11
5.4957409 1.5239249 0.41011027 11
5.4730554 1.629975 0.46521643 12
5.4215751 1.7894731 0.47613975 10
5.4926028 1.8122605 0.49457127 12
5.4901242 1.9331381 0.41107085 10.5
5.4963021 2.1801016 0.44804147 11
5.4975233 2.3199544 0.42015055 11
5.4741611 2.4508181 0.4582895 10.166667
5.481369 2.5933194 0.44326943 14
5.4955201 2.6437459 0.4254308 11
5.4898944 2.7901177 0.44916019 10.666667
5.4895267 2.851603 0.4275237 9.125
5.487607 2.9753168 0.44898909 9.8000002
5.4493842 3.0483882 0.45082015 10.416667
5.4388261 3.1168871 0.47321102 12
5.469563 3.3423507 0.40377688 15
5.4581933 3.4260581 0.4613528 12
5.4579434 3.5774419 0.46254957 10.75
5.4449153 3.6680968 0.43229917 12.388889
5.4260359 3.7180469 0.47814447 13
5.4587288 3.8316519 0.44757003 13
5.4462161 3.9602261 0.46122235 12.5
5.4216971 4.0244541 0.46834114 15
5.475769 4.1365166 0.47652179 9
5.4092336 4.3025503 0.41233632 15
5.44455 4.533174 0.40401456 10
5.4613504 -0.53883082 0.56664056 13.25
5.4496007 -0.4885864 0.51160896 10.5
5.4896641 -0.22971457 0.5662238 13.5
5.4467239 0.62261802 0.52884662 10
5.4840136 0.88649571 0.544294 11.5
5.4603448 1.0550246 0.54729927 9.5
5.4861555 1.2571659 0.56957388 12
5.471766 1.4741759 0.52946073 13
5.4974284 1.5121963 0.54327416 13.5
5.474515 1.6888082 0.55400074 12
5.489635 1.753759 0.5268417 11.5
5.4915557 1.8812342 0.5036692 11
5.4552712 1.9909031 0.56980813 12
5.455688 2.0981209 0.52932858 12
5.4893708 2.1007018 0.5365606 10
5.4763308 2.2506335 0.5941869 13
5.4989929 2.3835523 0.56922442 10
5.4851627 2.4750803 0.55308539 11
5.4669299 2.5676062 0.54272902 10.75
5.4942579 2.6297517 0.54031926 8.333333
5.4725399 2.715471 0.55406219 15
5.483901 2.8630056 0.54223311 9.5
5.4729519 2.9731047 0.57592034 7
5.4685388 3.0426722 0.55516952 11.714286
5.4255304 3.1530278 0.55026489 8
5.4578323 3.2675419 0.51510167 11
5.4105062 3.4207873 0.53688514 9
5.4819632 3.5333347 0.54625714 10.333333
5.457396 3.6487427 0.54768419 12.666667
5.4496951 3.8575704 0.53280711 14.5
5.4416227 3.939692 0.54632211 12.666667
5.4689455 -0.52812451 0.65431738 12.125
5.4966955 -0.49310741 0.60842055 12.5
5.4592137 0.12612508 0.60498387 10
5.487648 0.22710225 0.69360667 12
5.4959483 0.32999849 0.63115931 11
5.4993072 0.42394388 0.6346826 12
5.4902534 0.66250306 0.67559892 9
5.4868002 0.91158253 0.67273152 15
5.4811621 1.021027 0.6291737 12
5.4943509 1.1747832 0.60679865 13
5.4913664 1.2699122 0.6892662 14
5.4795442 1.4514302 0.64782888 13
5.4462647 1.604448 0.65205634 11.5
5.4814067 1.8408278 0.62091869 12.75
5.4634266 2.0496759 0.65989447 12.5
5.4715571 2.1512301 0.62184155 12.5
5.4837084 2.3593898 0.66342807 12.5
5.4763803 2.4807732 0.63269264 12.25
5.4926214 2.5226047 0.66887921 12.333333
5.4734001 2.7269747 0.64332098 11.5
5.4992261 2.8614974 0.60276616 11
5.4777246 2.9572005 0.63544357 15
5.4751611 3.0500722 0.64866817 12.25
5.4637885 3.1113999 0.63509989 12.25
5.4850659 3.3733439 0.65568322 10
5.4419851 3.6718223 0.64455003 15
5.461421 3.7198617 0.6367538 10
5.4676657 3.9658186 0.68122971 9
5.4248085 4.0109463 0.6493935 9
5.4345608 4.2812552 0.68679041 14
5.4293575 -6.2980442 0.75111383 12
5.4644074 -0.56357396 0.76816744 11.833333
5.4896312 -0.45965734 0.7912659 15
5.4802575 0.47154766 0.75644487 13
5.4683089 0.68728983 0.77671897 11
5.4636312 0.96888578 0.74799675 12.333333
5.4593978 1.0450928 0.71846908 12.5
5.4723873 1.1040515 0.72903997 13
5.4847236 1.3941445 0.74190927 15
5.4560342 1.5728705 0.70990032 13
5.4849038 1.731279 0.7460112 14
5.4713182 1.8517604 0.73788172 12.5
5.4740391 2.1757677 0.74243969 14
5.4508581 2.3287418 0.78790641 13
5.4206762 2.4393101 0.78507137 10
5.4789686 2.5388181 0.72261029 13.5
5.4870291 2.7874689 0.76763386 10
5.491693 2.8452902 0.74127495 10.625
5.4799862 3.0624628 0.75747877 11.785714
5.4717216 3.1175885 0.71172869 14.75
5.4433398 3.4942575 0.76895136 11
5.445343 3.5701022 0.76110721 12
5.4775481 3.6178513 0.78606999 10
5.4714737 3.7041936 0.71882403 15
5.4706783 3.9501598 0.77638781 10.5
5.4733157 -0.53168988 0.82729775 12.5
5.4968958 -0.48528799 0.83073717 13
5.4908161 -0.32344702 0.86966497 15
5.4998717 0.083472081 0.81480271 15
5.478796 0.1081158 0.85006374 12
5.4634991 0.25161454 0.87416506 12
5.4790401 0.94545549 0.83411247 15
5.497695 1.0653199 0.83064479 15
5.4956818 1.3167892 0.80306721 12
5.482213 1.4113797 0.80896389 14
5.4787474 1.5741732 0.86947095 14
5.4673057 1.6912262 0.87064272 13
5.4843788 1.7991767 0.86815047 15
5.4864378 1.8733612 0.82952899 13.5
5.4587808 1.9634852 0.81675339 15
5.4705644 2.0212452 0.80172503 13
5.4911165 2.1719532 0.83056873 11.25
5.4741592 2.2161498 0.82513964 15
5.472928 2.3279703 0.88309002 15
5.4486747 2.5395079 0.89004296 14
5.4994502 2.6067476 0.87863934 11
5.4828644 2.9577527 0.84892499 11.875
5.4821262 3.0586333 0.8277247 11.75
5.4332457 3.1164713 0.87089914 10.5
5.4771004 3.200824 0.85276592 8
5.4475632 3.5918579 0.80712694 9.5
5.4643927 3.610467 0.88633537 10
5.446702 3.8619931 0.87096554 13
5.4324665 3.9746268 0.84945691 11
5.4291754 4.0637712 0.85327941 8
5.4836283 -0.53609729 0.93242896 13
5.4699426 0.27757102 0.95140308 13
5.4996362 0.3364659 0.93734831 15
5.4980669 0.53364736 0.95179021 13
5.4276156 1.0651377 0.98033065 13
5.4534831 1.1618668 0.97705793 13.5
5.4840074 1.4820961 0.95440882 12.5
5.4700351 1.6391588 0.93727988 15
5.4926906 1.83894 0.94873744 13
5.4546294 1.94008 0.9535014 12.8
5.4592352 2.0697012 0.99261975 14
5.4628429 2.1638515 0.93184358 12
5.4579239 2.4598434 0.90180379 12
5.4675241 2.6231365 0.94170654 12.333333
5.4966359 2.7922251 0.92513436 11
5.4642434 2.8767688 0.99263185 13
5.4953504 2.9336529 0.91515899 12.333333
5.4935627 3.0156045 0.9354524 13
5.4817309 3.1224158 0.90680349 13.5
5.4709229 3.5718668 0.90205634 11
5.4299231 3.7217414 0.94153404 10
5.4299445 3.9569023 0.93566012 11
5.4325123 4.3545914 0.93461365 10
5.4642572 -0.54240775 1.0632044 14
5.4984622 -0.48910528 1.0346153 14.5
5.4892778 0.19045638 1.0714936 14
5.4526277 0.66080838 1.0148818 13
5.4793463 1.1263882 1.0724449 11
5.497519 1.8597 1.0093727 11
5.493916 1.9850909 1.0898426 14
5.4646449 2.1617928 1.0714368 14.5
5.4763703 2.2479582 1.0731722 13.5
5.4728007 2.3553243 1.0557424 14
5.4996538 2.4529474 1.0071203 13
5.4273448 2.6629114 1.0226507 15
5.493969 2.8245428 1.0598512 11
5.4603391 2.9731536 1.0077761 10.75
5.4346371 3.0267925 1.0778639 11
5.4368043 3.2400908 1.0820667 13
5.4618669 3.4412236 1.0363454 12.666667
5.4501796 3.717099 1.0580559 15
5.4929538 -0.55279976 1.1324649 13
5.4461575 -0.004766982 1.1259999 13
5.4537048 0.42643344 1.1277487 13
5.4666762 0.50999069 1.128523 12
5.4558787 0.68928844 1.1320561 14
5.4718604 0.91397732 1.193424 15
5.4889579 1.4445925 1.189778 10
5.4721327 1.6276932 1.1167506 14.5
5.4410491 2.0048804 1.1658615 11.5
5.494957 2.1797123 1.163334 13
5.4985633 2.2139168 1.1049583 13
5.4972944 2.3229213 1.1324432 14
5.4969726 2.4529645 1.1208516 14
5.4846249 2.8341444 1.1636456 13
5.4898572 2.9859805 1.1445949 13.5
5.4643965 3.0040178 1.1184267 14.5
5.4313397 3.1961119 1.1496419 14
5.4206624 3.2598825 1.1293156 9
5.4715719 3.5328865 1.1627278 12
5.4451666 3.9668891 1.1894671 12.5
5.4865294 -0.51285106 1.2170666 14
5.4391751 0.43545133 1.2138754 14
5.4600258 0.57679892 1.2674254 15
5.4636812 0.66006804 1.2950522 15
5.4933987 0.86641318 1.2830136 15
5.4973602 1.0041318 1.2945658 13
5.46593 1.5462492 1.2475867 15
5.480978 1.7771798 1.285868 11
5.4912243 1.8792017 1.2032651 12.75
5.4971642 2.0184209 1.2174225 11
5.4932818 2.1613281 1.219263 13.5
5.4941244 2.352819 1.2575085 13
5.495822 2.5382483 1.2889932 12
5.4852405 2.9333723 1.244337 13.25
5.4503236 3.0047035 1.2651261 12
5.4890332 3.1443455 1.2544793 15
5.4548244 3.464112 1.230165 13
5.4618826 3.511178 1.2969161 11
5.4601178 3.6125445 1.2252966 12
5.4486032 3.9361031 1.2240434 14
5.4650216 4.3376312 1.2175143 13
5.4722619 -0.55531925 1.3862852 14.5
5.49259 0.087480053 1.3351249 12
5.4705434 0.56269616 1.3465326 13
5.4881396 1.3492795 1.3655747 13
5.452939 1.6697551 1.3310357 14
5.458252 1.7542404 1.3743321 14
5.4945221 2.0676298 1.3967128 15
5.4637251 2.1369593 1.3069124 14
5.489912 2.2541468 1.3663645 13.5
5.4929457 2.6506548 1.3175991 12.5
5.4873419 2.7578323 1.3970753 12
5.4776855 2.8405473 1.3452955 13
5.4818482 3.0913641 1.3254017 15
5.472271 3.138731 1.3470403 11
5.4933243 3.3475871 1.3926835 10
5.4764028 3.4527867 1.3482046 13
5.4462504 3.5660462 1.3611914 12.5
5.4453931 3.6345787 1.3258839 13.833333
5.468503 -0.55498821 1.465546 14.5
5.4708061 0.065022238 1.4442106 15
5.4851818 0.11627062 1.4021025 14
5.49896 0.203684 1.4816756 14
5.4644499 0.35537565 1.4342412 14
5.4513431 0.99150854 1.4953661 15
5.4374022 1.1757691 1.4254998 15
5.4922233 1.786827 1.4994742 15
5.4630575 1.9400816 1.481918 13
5.488656 2.0466866 1.4676383 13
5.4215899 2.2680154 1.4803056 15
5.4591303 2.3960273 1.4438275 10
5.4972901 2.4180543 1.4953955 15
5.4658127 2.5566356 1.452103 14.333333
5.4953561 2.6439245 1.4779488 15
5.4589667 3.0510287 1.4329802 14
5.4833884 3.4838901 1.4571476 15
5.4803581 3.7073259 1.4010549 13
5.4532127 3.8876135 1.4543772 14
5.4208889 4.431623 1.4340655 11
5.4683099 -0.56398952 1.5613717 14.666667
5.4913077 0.25458321 1.5842811 15
5.4865932 0.37756756 1.5523328 13
5.4711733 0.64318115 1.5486732 14
5.4593539 1.2680578 1.5733662 13
5.4899969 1.7150152 1.501617 11
5.4477272 1.8095268 1.5164623 12
5.4635711 2.2875829 1.5156143 15
5.4586473 2.551496 1.5206288 14
5.4784279 3.1441038 1.539242 13
5.4817867 3.3409805 1.5729954 15
5.4660053 3.6168528 1.5688612 13.5
5.426002 4.1778021 1.5080516 15
5.4780459 0.094343133 1.625111 13
5.4454112 1.3285905 1.697436 15
5.4927058 2.0208571 1.6290398 14
5.441422 2.1097171 1.6578267 13
5.4958963 2.2386577 1.6344106 15
5.4779692 2.4710131 1.6579561 15
5.450491 3.0948656 1.680491 15
5.4835997 3.1508031 1.6787907 14.5
5.4684882 3.3339627 1.6945903 11
5.4356322 3.7814858 1.6544971 14
5.4118204 -0.66791153 1.7945602 15
5.4733586 -0.55454367 1.7565812 15
5.4941244 0.78905809 1.7342421 15
5.4854989 1.3399581 1.7312788 15
5.4852176 1.8987588 1.7345566 15
5.4616971 3.4819303 1.7869366 12
5.4789548 3.5315022 1.7745541 15
5.4940577 -0.57374781 1.834167 15
5.4855666 0.11803634 1.8514456 14
5.4247851 1.2789123 1.8189082 15
5.4823995 1.6626015 1.8717048 12
5.4939413 1.9566038 1.8053882 15
5.4399557 2.3239768 1.8605224 14
5.4662218 2.6512671 1.8616456 14.5
5.4846492 -0.56637841 1.9233394 14
5.4582095 2.8541367 1.9066361 12
5.4645576 3.0667732 1.9759192 12
5.455276 3.1143491 1.9717152 12
5.4790621 0.61556721 2.0687788 15
5.4449935 1.0575579 2.0424776 15
5.4113297 1.4387627 2.0744164 13
5.4766521 1.5042666 2.0862269 15
5.4682703 2.8180521 2.0567067 14.5
5.4048252 3.0590725 2.0261202 14.5
5.4231424 3.2630231 2.0299437 13
5.4496384 3.3624098 2.0147886 12
5.4674201 -0.6098268 2.1707127 15
5.4545507 0.30831733 2.180603 14
5.4326305 2.5725262 2.1278517 15
5.465827 4.0680642 2.175174 14
5.4945183 1.4266397 2.2772479 15
5.471128 4.4916773 2.2652769 14
5.4033175 4.7933321 2.200351 12
5.4603171 4.8554006 2.2411966 15
5.452354 3.3928165 2.3220294 15
5.4479923 4.7614532 2.3246331 15
5.4489708 6.0376787 2.3498611 15
5.4046764 6.1447592 2.3435018 15
5.5170507 0.17407815 -0.33031467 6
5.5489254 2.815661 -0.36859536 7
5.5529084 0.63755023 -0.27891752 6
5.558948 0.73416013 -0.23074755 6
5.5923491 0.91675639 -0.28699088 5
5.5328808 -0.089091368 -0.14022331 6
5.5519271 0.18358703 -0.11818982 7
5.542943 0.32826203 -0.18623406 6
5.5283828 0.56929433 -0.19906591 7
5.5497069 0.67026055 -0.17693593 8
5.5286942 1.078069 -0.163129 6
5.5851641 1.3923604 -0.15790324 6
5.5048504 1.4505514 -0.16810651 6
5.5073996 1.9268327 -0.12238134 7
5.5832028 2.6732843 -0.15128739 7
5.5838637 2.714988 -0.19274184 6
5.5880585 -0.60987002 -0.04689667 9
5.5008769 -0.52843195 -0.050256748 8.5
5.5589881 -0.39055419 -0.093834139 6
5.5840335 0.083543509 -0.084884703 6
5.5478725 0.79054332 -0.091992564 6
5.5744524 1.3928343 -0.010199375 8
5.5229983 1.7661996 -0.050840832 7
5.5724773 2.70153 -0.041687623 7
5.557415 -0.44623739 0.057504617 8.5
5.5598783 -0.049168225 0.092959113 8
5.5321927 0.14748392 0.024451464 7
5.5455208 0.40242946 0.099083155 9
5.5641632 0.50687057 0.0085955989 6
5.5466938 0.87331063 0.038749509 7.5
5.5453892 1.2773303 0.055399951 7
5.5309982 2.0128806 0.078969888 7
5.5038404 2.6834075 0.023301484 7
5.5323157 2.8580196 0.07348951 7.3333335
5.5450773 2.9304614 0.064466715 7
5.543551 3.3608959 0.063510388 6
5.5294585 -0.68524283 0.17542538 9
5.5471764 -0.55582267 0.13045758 8
5.535255 -0.47674707 0.17705211 8.7777777
5.541882 -0.081503041 0.19551989 9
5.5167203 0.16882493 0.18846534 9
5.5540681 0.25589526 0.14831267 8.666667
5.5406246 0.44489214 0.1464923 8.5
5.5442319 0.55660033 0.16627395 9.666667
5.5562897 0.62791705 0.17868252 9
5.5492182 0.76199305 0.17658743 9
5.5119534 0.84030336 0.14979209 9
5.5416169 0.97809947 0.15535383 8.333333
5.5411239 1.0952609 0.14276308 9
5.5319571 1.1055859 0.18933912 10.5
5.5965419 1.2563344 0.1877372 8
5.5303659 1.333164 0.17073531 8
5.5289984 1.4315495 0.15633287 8.5
5.5106187 1.5821699 0.17155188 8
5.5199289 1.6281786 0.15469344 9
5.5313015 1.7510543 0.16876435 8.5
5.527051 1.9565754 0.17230377 7.5
5.5290966 2.04387 0.12391274 8
5.518661 2.1111608 0.18600552 9
5.5131555 2.2817214 0.17968836 7
5.5068955 2.4347246 0.19140013 10
5.5144873 2.696224 0.14440027 7
5.5317397 2.7505829 0.15840772 6
5.5827475 2.8809083 0.16036887 9
5.5324125 2.9414554 0.17786077 8.6000004
5.5449176 -0.5268625 0.25060403 9.125
5.5561576 -0.47616926 0.24817367 9.454545
5.565104 -0.34325951 0.23370275 8
5.5783219 -0.21814382 0.26610094 8
5.5810328 -0.14266197 0.23297131 9
5.5552659 -0.02426382 0.20937823 9
5.5337253 0.04445444 0.24560159 9.166667
5.5386176 0.18838246 0.27544165 7.5
5.5423317 0.25864893 0.26334032 10
5.5420165 0.33207116 0.25457197 10
5.543458 0.47642848 0.23221271 9
5.5262527 0.56518877 0.25290895 8
5.5497394 0.66128695 0.26566523 10
5.5291777 0.74573779 0.25682986 10
5.5428677 0.85601127 0.25916302 10
5.5370088 0.9523192 0.24766323 10.2
5.5393701 1.0056354 0.25852934 11
5.5385556 1.1533909 0.2835162 10.25
5.534205 1.2934409 0.25024217 8.5
5.5225368 1.3600627 0.23788153 9.75
5.5155802 1.421643 0.2501111 10.5
5.533689 1.5219666 0.26979253 11
5.5238619 1.8344345 0.24272422 9.3571424
5.5366716 1.9223886 0.2980971 10
5.5262094 2.0394077 0.26224294 8.875
5.5394034 2.1556818 0.28283781 8.5
5.5029402 2.206912 0.26031902 10
5.5084605 2.3556113 0.2377466 8
5.5143566 2.453547 0.29094583 11
5.5039277 2.551862 0.26238102 10
5.5155497 2.6507323 0.24064855 7.6666665
5.5145402 2.7476575 0.23261139 8
5.5104923 2.840205 0.26478726 9.3999996
5.5089431 3.0445473 0.26092064 8
5.5675693 4.3006988 0.23817682 11
5.542243 -0.63223076 0.34968308 10.25
5.5480323 -0.51978153 0.34789327 10.727273
5.5437312 -0.46887004 0.35031649 10.184211
5.5457125 -0.34207219 0.34450525 10.666667
5.5826545 -0.29171941 0.39273581 10
5.5587716 -0.18521158 0.33492219 11
5.5625839 0.035023935 0.31286073 10
5.5527396 0.15116179 0.36125085 9.5
5.5201249 0.28911427 0.37186009 12
5.5396352 0.33828482 0.31287879 9.8000002
5.551374 0.45765308 0.35269168 11.25
5.5375204 0.54372269 0.3325786 10.5
5.5382352 0.64574748 0.35485706 10.5
5.545238 0.74666619 0.34378365 9.833333
5.531219 0.84996921 0.33887359 10
5.5458431 0.94927567 0.34477064 11.2
5.5425396 1.05076 0.34572169 10.642858
5.5188193 1.1493675 0.37468737 12.333333
5.5185561 1.2475835 0.36243516 11.125
5.518177 1.3495971 0.33988398 10.166667
5.5188313 1.4611491 0.36435428 11.666667
5.5255938 1.5776469 0.33417106 10.5
5.5126286 1.6514043 0.36565229 10.666667
5.5237947 1.7522306 0.35306013 9.25
5.5257559 1.8543652 0.34540153 8.8000002
5.5134416 1.9744717 0.35750073 11.75
5.5253024 2.0587313 0.33631009 8
5.5071979 2.155611 0.38944834 13.5
5.5135031 2.250145 0.34630388 9.625
5.5071526 2.3535843 0.35641137 9
5.5010777 2.4831352 0.39599302 10
5.5123887 2.7534485 0.35522196 8.25
5.5224514 2.8312829 0.35473275 8.666667
5.5513949 2.9418461 0.35799268 8.666667
5.5140657 3.0181227 0.38565722 11.8
5.5406547 -0.51705295 0.44386005 11.192307
5.5568695 -0.47017461 0.4534187 11.125
5.5587039 -0.35482043 0.45976195 13
5.5382743 -0.013363265 0.40939096 11
5.5700469 0.050959621 0.42940062 9
5.5379 0.13670757 0.43393111 10
5.5437703 0.25251815 0.43105567 11.1
5.5485744 0.35647529 0.44762689 10.5
5.5208874 0.45206892 0.4553656 12.5
5.53824 0.56036568 0.42006096 11
5.5443034 0.60789645 0.4683623 11
5.5254803 0.74712461 0.45727664 12.5
5.5699801 0.81274086 0.45883352 9
5.5241852 0.94487584 0.45250055 11
5.5276399 1.0677518 0.46003199 11
5.538095 1.1464994 0.46231714 12
5.5243626 1.2405722 0.48576215 11.1
5.5179944 1.3574175 0.43686929 13
5.5165405 1.4176708 0.42363185 11
5.5089169 1.5640184 0.46088037 13.333333
5.5129213 1.6384953 0.49759603 15
5.5242748 1.7309513 0.43203297 10.916667
5.5139918 1.8416445 0.46771562 12.5
5.5161867 1.9399433 0.47483286 12.666667
5.52105 2.0582974 0.47035611 12
5.5122128 2.1552424 0.45187095 10.333333
5.5144539 2.2510636 0.44171348 9.916667
5.5146012 2.361464 0.4459421 10
5.5130329 2.434974 0.43637514 11
5.5203595 2.5817785 0.40187162 9
5.5074334 2.653194 0.44764152 13
5.5094147 2.7501369 0.43965217 8.5
5.5119777 2.8483367 0.47319075 10
5.5200768 2.9666033 0.45298707 9.75
5.506783 3.0298083 0.49594122 10.5
5.5440722 4.3135419 0.41685233 13
5.529253 -0.52210587 0.55202156 11.875
5.5438671 -0.47192886 0.55826652 12.333333
5.5360556 -0.36919773 0.55275977 12.166667
5.5564733 -0.23349504 0.50570899 9
5.5796347 -0.19361268 0.59522325 11
5.5401964 0.042052466 0.55451423 13.5
5.5542288 0.16009936 0.58279335 11.6
5.5486102 0.2357028 0.51942772 12.833333
5.5367198 0.31458044 0.54490632 13
5.5518894 0.4481135 0.5748499 11
5.5397477 0.56015086 0.54104793 12
5.5340319 0.63925135 0.5521124 14
5.5433798 0.73899126 0.54363197 11.25
5.5286531 0.85270876 0.5071305 13
5.5207992 0.95697504 0.55245185 13.5
5.5351076 1.145532 0.55586165 14
5.5357985 1.2156373 0.53655463 9
5.5237813 1.3275362 0.55420613 14
5.5283375 1.4720895 0.55995333 12
5.5158687 1.5572067 0.55287999 11
5.5068569 1.6258053 0.51417619 12.333333
5.5255957 1.7753189 0.54569608 11.5
5.511611 1.859109 0.55546671 8
5.5174899 1.9148195 0.53078556 13
5.5388112 2.1552751 0.56300879 9
5.5118275 2.2157269 0.53550553 13.25
5.548871 2.3240516 0.55819774 13
5.5301547 2.4198592 0.5165267 10
5.5069227 2.5318739 0.52818871 13.5
5.5339003 2.7345114 0.55941325 9
5.5213666 2.8148062 0.56320316 9.25
5.5102973 2.9759462 0.55286235 10.333333
5.5115538 3.0282619 0.54088259 11.833333
5.5400352 -0.51599902 0.64711267 11.9375
5.5545812 -0.47932845 0.63377857 12.2
5.5645008 -0.18148793 0.664496 11
5.5528984 0.067981794 0.65621167 12.25
5.5498781 0.1308423 0.60423845 12
5.531436 0.2637434 0.66063744 11.666667
5.5343208 0.54178816 0.64919615 11
5.5351229 0.68759638 0.67210734 12.5
5.5420017 0.71606982 0.60827708 11.25
5.5358305 0.86628163 0.65520406 12.625
5.5244474 0.99103057 0.64361113 14.5
5.5338202 1.0465013 0.62154353 13
5.545001 1.1421821 0.64195573 13
5.5268898 1.2804097 0.61416709 13
5.5140576 1.3442849 0.66230875 13.333333
5.5348482 1.441092 0.66228282 11.333333
5.5173521 1.5374012 0.64222741 13.625
5.5065513 1.7731047 0.68661267 15
5.5536947 2.1489723 0.65178561 12.333333
5.5165811 2.2532279 0.66623628 13.166667
5.5186195 2.3386569 0.65791965 10.5
5.5099449 2.4520152 0.65841162 13.5
5.5126672 2.7354484 0.64473021 11
5.545229 2.8240819 0.63579202 9.8000002
5.5122147 2.9638262 0.64723498 10.875
5.5055933 3.054069 0.65136868 15
5.5357504 -0.52743924 0.75289667 12.333333
5.5450511 -0.4625735 0.74651504 13.071428
5.5650668 -0.01405283 0.74722826 15
5.5373888 0.067803383 0.76181388 11.5
5.5493541 0.12620652 0.75249624 13.666667
5.5423403 0.22317962 0.75130528 12
5.5472536 0.35378894 0.76608127 14
5.5222998 0.44884846 0.75903434 11.5
5.5341086 0.52809358 0.76220417 12.6
5.5037789 0.76016408 0.76380247 14
5.5206523 0.82759053 0.76723444 12.75
5.5374146 0.93796456 0.72546017 13.5
5.5318613 1.1540537 0.72697431 13
5.5151715 1.2301139 0.72845292 12.333333
5.5402579 1.3294796 0.72742039 12.4
5.528584 1.4380212 0.73761415 12.333333
5.5249515 1.5631027 0.75068146 12.333333
5.5191298 1.6629099 0.78443712 13.5
5.5255561 1.7574521 0.758991 12.5
5.5116386 1.8939682 0.77695155 11
5.5054231 1.9758294 0.75172573 11.5
5.508934 2.0900011 0.77065516 13
5.5226431 2.276819 0.76646495 12
5.5090146 2.3532963 0.78088963 13.666667
5.5091176 2.4628351 0.74537516 11.666667
5.5287199 2.5836084 0.74557775 11
5.5185876 2.6182027 0.78245372 14
5.5135317 2.7507892 0.75454921 9.8000002
5.5067077 2.8531318 0.74115914 10.7
5.5271711 2.9646084 0.7488094 11.357142
5.5130663 3.0332665 0.7340489 10.875
5.5418673 -0.52443123 0.85518938 13
5.5547385 -0.46262139 0.83106792 13.25
5.5542579 -0.38000578 0.85453582 11.5
5.5335236 -0.14235133 0.86454546 14
5.5564194 0.07610447 0.89636469 12
5.5514736 0.15740892 0.87458611 15
5.547368 0.25848091 0.87109381 12.5
5.5242434 0.34926152 0.85184354 12.875
5.5301781 0.43736696 0.81717944 13
5.53826 0.5201003 0.8430565 13
5.5389676 0.65009326 0.8570224 14
5.5076056 0.72480094 0.87722218 10
5.5363398 0.81741363 0.87277693 15
5.5351915 0.94660234 0.84812647 12
5.54601 1.069371 0.89866018 12
5.5348434 1.1517384 0.83818901 12
5.5228853 1.2049607 0.86846817 12.5
5.5190639 1.3545066 0.85243207 13.25
5.520443 1.5179409 0.89097399 15
5.5294566 1.6216308 0.8821106 14
5.5245438 1.7814301 0.87380606 9
5.5047498 1.8910348 0.85453784 14
5.5321555 1.9444724 0.83541417 13.666667
5.5724468 2.0363555 0.84034616 9
5.552227 2.1836884 0.86505979 9.5
5.5127025 2.428287 0.88264143 12.6
5.5201087 2.524895 0.84758723 13
5.5172558 2.6519501 0.84539151 12
5.5162878 2.7593441 0.84472942 10.333333
5.5284915 2.8669844 0.84943867 10
5.5450644 2.9358971 0.8457123 11.6
5.5136337 3.0632315 0.86974019 11.375
5.5141506 3.1153512 0.83006716 12
5.5040636 3.5194752 0.88907504 12
5.5258341 -0.53436267 0.97065097 13.444445
5.5439811 -0.45981002 0.95190889 13.25
5.5697694 -0.37107998 0.96837205 12
5.5436845 -0.038383801 0.97907943 12
5.5259361 0.019934423 0.96517175 14
5.5328259 0.25456783 0.97513694 13.5
5.5402808 0.35266346 0.9428035 11.5
5.5283098 0.40238619 0.90292627 14
5.5250535 0.5596385 0.9134571 13
5.5309849 0.64957827 0.96287173 13.5
5.532979 0.73669988 0.93376821 13
5.5418868 0.9664548 0.96036583 12
5.533287 1.1373523 0.93774784 13
5.5307055 1.2676452 0.95390499 15
5.5345068 1.3301421 0.95393676 12
5.5112672 1.4460225 0.90780413 15
5.5370274 1.5818157 0.92908609 13.5
5.5414443 1.7400066 0.97543335 11
5.5281773 1.8678001 0.94943416 13.333333
5.5258331 1.9726535 0.96714306 11
5.5230937 2.1683953 0.96010208 12
5.5325322 2.2250154 0.95238024 12
5.5123544 2.4402802 0.9528318 12.333333
5.5520949 2.5666239 0.97792727 15
5.5562553 2.628855 0.95260143 11.333333
5.5084038 2.7201438 0.95241827 11
5.5136142 2.8457401 0.94735152 11.5
5.5144734 2.9656925 0.95144087 11
5.5257969 3.0428257 0.9551394 12.333333
5.5161481 -0.53690839 1.0736808 14
5.550406 -0.4576506 1.0371994 14.25
5.5696678 -0.33837369 1.0585166 12.5
5.5413542 -0.20440798 1.0414798 11
5.5017338 -0.17163073 1.0346795 15
5.5611434 -0.053863604 1.0640862 11.6
5.5531983 0.087886758 1.084088 15
5.5534477 0.1536973 1.0636457 11.333333
5.5427666 0.26564926 1.0583836 13.333333
5.5321527 0.36873707 1.0914661 12.5
5.5510736 0.49644434 1.0827975 15
5.5349617 0.57024527 1.0584185 13.666667
5.5226145 0.683496 1.0947708 11
5.5270996 0.74752271 1.0620598 12.75
5.5282764 0.97134155 1.0480372 12.75
5.5693235 1.1959956 1.0931958 10
5.5469174 1.2380277 1.0147839 12
5.5161166 1.3154844 1.0844492 13
5.5163217 1.5302799 1.0966724 13
5.5093856 1.6155427 1.0462359 15
5.5043964 1.7413685 1.0016301 12
5.5206466 1.8453467 1.0696545 13.25
5.5453777 1.9011631 1.0600382 13
5.5281243 2.0930037 1.0992748 12
5.5119767 2.2568352 1.064224 14.5
5.523881 2.396199 1.0599117 12
5.500021 2.4489274 1.0354605 12
5.5155377 2.5393753 1.035984 13
5.5182338 2.6010318 1.059978 11
5.5179439 2.756052 1.0753318 12
5.5315423 2.8582902 1.0102295 11
5.5199165 2.9385839 1.0488544 12.25
5.5218682 3.0239587 1.0741754 12
5.5037727 3.1265852 1.0290214 12
5.5314908 -0.52092999 1.1415004 13.388889
5.5456882 -0.46170053 1.1401169 13.4
5.5429754 -0.21371433 1.1057142 12
5.5173235 -0.041697863 1.125634 15
5.5564709 0.048707161 1.1480193 12.666667
5.5446105 0.14646885 1.1030589 13
5.5159874 0.29894453 1.1437407 14
5.5356607 0.42214787 1.1776972 13.333333
5.5447693 0.53971583 1.1598474 12.5
5.5395527 0.75354284 1.1642743 12.666667
5.573041 0.83873874 1.1474594 14.5
5.5272727 0.92862427 1.1542896 12.571428
5.5368714 1.0462488 1.152076 13
5.5437241 1.1476231 1.1688602 11.333333
5.527348 1.2495128 1.1373235 12.75
5.5285158 1.3957394 1.1931264 13
5.5415354 1.4679435 1.1521978 11.4
5.5270247 1.5267271 1.1401237 13
5.5260549 1.7117342 1.1351894 12
5.5003886 1.8957711 1.1493461 12
5.5236568 1.9610325 1.1602989 12
5.5318165 2.021673 1.1840262 13
5.5294518 2.1237495 1.1710081 13
5.5029359 2.2338023 1.1632128 15
5.5103383 2.4286814 1.1231074 12
5.5414281 2.6245172 1.1436608 12
5.5185938 2.7558584 1.1273235 12
5.5140634 2.9514236 1.1449516 13
5.5239372 3.1418734 1.1603085 11.5
5.5395775 -0.529163 1.257213 14
5.5402083 -0.47861016 1.2565523 14.5
5.5342684 0.068476513 1.2891339 15
5.537838 0.24249549 1.2692393 14.5
5.5307007 0.34876251 1.2526479 13
5.5393744 0.56972927 1.23818 12.333333
5.5333657 0.68524027 1.2548637 12.5
5.5400639 0.8505469 1.2370692 12.666667
5.5618396 0.98474044 1.2439986 11
5.5590558 1.0957295 1.2844837 10
5.5289893 1.1006172 1.2935797 13
5.5255704 1.2272364 1.2490816 14.333333
5.524065 1.5404007 1.2902046 14
5.5125985 1.6731135 1.2330997 13.666667
5.5085011 1.8237514 1.2824926 14.5
5.5394125 1.9180869 1.2088594 14.5
5.5193267 2.0572402 1.2028608 13
5.5102243 2.130039 1.2248954 13
5.5251727 2.2336688 1.2692826 12
5.5186219 2.3529463 1.2266947 13
5.511456 2.5601456 1.2578743 12.666667
5.5342412 2.7584653 1.2283087 12
5.5250831 2.8286052 1.2315245 12.75
5.5288391 2.9049809 1.2605994 12
5.519712 3.0746572 1.2529145 13.4
5.5112491 3.1630547 1.207127 11
5.5414639 3.2480285 1.2790318 9.5
5.5005064 3.5654383 1.2948108 13
5.5017591 3.6240351 1.286283 12
5.5308919 -0.52369314 1.3246013 14.75
5.5415716 -0.44492662 1.3481493 13
5.5631781 -0.12530345 1.3420135 15
5.5305128 -0.085396133 1.3084109 15
5.5506859 0.14339747 1.3387446 14.25
5.5462279 0.26333725 1.3386192 14.333333
5.5520086 0.4312354 1.3793074 14
5.5218172 0.51654255 1.3292779 12
5.5423474 0.61450064 1.3460774 12.666667
5.5310907 0.74293232 1.3175505 14
5.5296779 0.84718978 1.3331689 14.333333
5.5618281 0.94961995 1.3313061 12.333333
5.5192814 1.0693738 1.3713037 12
5.544735 1.2658975 1.3037933 15
5.5196567 1.3426398 1.358948 13.666667
5.5372157 1.4624946 1.3527739 14
5.5377083 1.5444396 1.3632302 13.25
5.5562243 1.6491015 1.3147875 13
5.5230427 1.8650289 1.3340405 13.5
5.5519414 1.9287136 1.3636228 14
5.5182595 2.0679607 1.3460679 13
5.5499392 2.6274629 1.3504051 11.5
5.511282 2.8534198 1.3527901 13
5.5024729 2.9669409 1.398906 13
5.520956 3.0562351 1.3439237 12
5.5302877 -0.54655439 1.4690332 13.625
5.545898 -0.44715151 1.4685518 14.75
5.5123653 -0.20797485 1.4403759 13
5.5533032 -0.04393366 1.4029671 14
5.5468006 0.089946531 1.4569724 14
5.5384226 0.14734511 1.4739406 14
5.5241218 0.27333957 1.429812 15
5.5302277 0.64402533 1.4219978 14
5.5017967 0.79059792 1.462618 14
5.5240493 0.83648688 1.4631736 15
5.5199618 0.95973575 1.4764104 14
5.511961 1.236107 1.453779 15
5.5581751 1.4739503 1.4794579 14
5.5146437 1.56185 1.404649 13.5
5.5265217 1.7425761 1.4542363 13
5.5477529 1.859394 1.4033477 15
5.5441289 1.9532394 1.4254394 14
5.5424027 2.0438316 1.4844749 13
5.5249815 2.1083009 1.4361118 14
5.5053835 2.3527305 1.4169471 14
5.5151081 2.4617708 1.4512461 13.666667
5.5164251 2.57446 1.4414279 14.5
5.5074697 2.6444895 1.4228913 14
5.514061 2.7764409 1.4566125 13
5.5085168 2.8444443 1.4361337 14
5.5565963 2.9334977 1.4122125 14
5.5230112 3.0437524 1.4395081 13.25
5.5119872 3.13468 1.4393766 13
5.5067644 4.3261218 1.4297975 11
5.5371337 -0.53250307 1.5620775 15
5.5419135 -0.47152624 1.5503758 13
5.5565572 -0.33432636 1.5421826 14
5.540051 -0.28192639 1.5166367 13
5.5198584 0.022167768 1.5018636 14
5.5619397 0.15135303 1.5213171 15
5.569519 0.38297054 1.5013901 15
5.584403 0.46061599 1.5162022 15
5.5199318 0.52027911 1.5870339 14.5
5.5502229 0.64620864 1.5320328 14.75
5.5336466 0.85655707 1.5404644 13.5
5.5378246 0.96523637 1.5759454 12.666667
5.5399303 1.0405833 1.5632756 14
5.5434422 1.1499608 1.5555329 14.333333
5.5307388 1.3510681 1.5196167 14
5.53791 1.4335414 1.5717684 15
5.5354595 1.5224507 1.5655533 15
5.5330734 1.6107188 1.5670791 12
5.5142145 1.7245457 1.5787443 14
5.530292 1.8838454 1.5376699 13.666667
5.5096741 2.1359618 1.5905821 15
5.5287852 2.2792642 1.5755482 14
5.5057321 2.3238175 1.5746332 15
5.5020609 2.4021652 1.5027893 13
5.5099559 2.5488093 1.5381267 14.333333
5.5115142 2.7604723 1.5092442 14
5.5043106 2.8411257 1.5482318 14.5
5.5526247 2.9250977 1.5653023 14
5.5270395 3.0584791 1.5338926 12.25
5.5231538 3.1525686 1.5804417 12
5.5151863 4.1933708 1.5469115 13
5.5064769 -0.5654878 1.6452926 14
5.5333929 -0.45583653 1.6081202 14
5.5676007 -0.070756264 1.6437378 14
5.5373573 0.20592915 1.6981684 14
5.5548239 0.44913828 1.6499788 12.8
5.563519 0.56182283 1.6329544 15
5.5765676 0.81727958 1.6279285 12.5
5.5675025 0.98300219 1.6882794 14
5.515058 1.486429 1.6224966 12
5.5255742 1.5359317 1.6117628 15
5.5210161 1.6251695 1.6661197 14
5.5265079 1.8657237 1.625967 15
5.5431361 1.9275213 1.6403683 14.5
5.5253668 2.0651457 1.6464236 15
5.540874 2.1570246 1.6576041 15
5.5050721 2.2077477 1.6971071 12
5.5226393 2.3210618 1.6404555 15
5.5181437 2.5669389 1.6200976 14
5.525948 2.6512649 1.6430894 13
5.5256076 2.7780173 1.649296 14
5.5227504 -0.52810383 1.7136515 15
5.5488367 -0.3481839 1.7719854 14
5.5664716 -0.17181687 1.7583921 15
5.5624094 0.037394051 1.799193 11
5.5006652 0.10339116 1.7449204 15
5.5696759 0.48829806 1.7029843 11
5.5349827 0.53288925 1.7778382 13
5.5589638 0.74749613 1.7771982 13
5.5599551 0.87809759 1.7371236 12
5.5241137 0.90288794 1.7053471 14
5.560308 1.2063135 1.7085482 13
5.5178857 1.4250505 1.7637529 15
5.5412359 1.7485163 1.7389921 14
5.5365362 1.8941492 1.7012442 14
5.5358138 1.9258001 1.7407881 15
5.553997 2.1186719 1.7981303 15
5.5506577 2.4471235 1.7224623 13
5.5228176 2.6472704 1.7139325 15
5.5347772 2.8967066 1.7359613 13
5.5199342 2.9568439 1.777804 14.5
5.5218725 3.0532956 1.7391729 14.333333
5.5569625 -0.50510424 1.8499205 14.5
5.5532489 0.048199374 1.8433933 15
5.543685 0.25320834 1.8952363 15
5.5203533 0.8093698 1.8027307 14
5.558557 1.1740453 1.8139645 12
5.5168886 1.2728398 1.8610202 15
5.5391083 1.4271873 1.8415055 12.5
5.5103354 1.5650536 1.8667972 13.5
5.5842619 1.7066406 1.8408591 11
5.5313888 1.8715661 1.8663704 14
5.5016108 2.0227833 1.8808177 15
5.5409422 2.163029 1.8473439 12.5
5.5146089 2.4772851 1.8272159 15
5.539144 2.758857 1.8796563 11
5.5284839 2.8263924 1.8485169 15
5.528266 2.9477692 1.8626195 14.5
5.5156574 3.4644539 1.8872137 15
5.5472608 -0.29387361 1.9384435 15
5.5674157 0.27587384 1.9347128 13
5.5689178 0.64121109 1.9348022 15
5.5688791 0.88003415 1.9861763 14
5.5333633 1.1600561 1.939061 15
5.5144191 1.237619 1.9333863 14
5.5644302 1.3579959 1.9263368 13.5
5.5047259 1.4994253 1.9090005 12
5.5392241 1.8592726 1.9482419 15
5.5302806 3.0176353 1.9405355 13
5.5703111 4.702836 1.9693247 12
5.5779519 0.61683774 2.0795159 12
5.5313673 0.70598257 2.0287068 13
5.5933619 1.2540026 2.0014908 10
5.5573215 1.6552552 2.0809476 13
5.5517259 1.9288179 2.0289235 13
5.5341158 2.427269 2.0962977 12
5.5570855 2.8326757 2.0014734 14
5.5074797 1.0445708 2.1749461 13
5.5871854 1.9661448 2.1725817 12
5.5387068 3.4035251 2.164921 15
5.5293589 3.5508308 2.1113024 12
5.5443997 5.2183723 2.1816216 15
5.5165658 -0.56926405 2.2387025 15
5.52389 2.3672838 2.2721448 14
5.5268383 3.3823366 2.2463758 14
5.5798354 4.3072553 2.2929404 15
5.5550504 5.0271282 2.2852821 15
5.5106206 5.1768813 2.2356412 15
5.5316505 5.5652313 2.2684813 14
5.538919 5.7017593 2.3780375 13
5.5298152 6.3236008 2.3579803 15
5.6103878 -0.67297864 -0.33829337 5
5.6760116 0.96899056 -0.35483199 6
5.6206336 1.600906 -0.38241205 7
5.6278 1.2148838 -0.25322527 5
5.6137047 1.0001134 -0.10236049 6
5.6094899 2.2758493 -0.12099581 6
5.6001267 2.4441299 -0.13865 5
5.609406 2.57231 0.054419369 6
5.6254058 2.7095318 0.079828449 6
5.6438813 -6.2617531 0.13023973 7
5.6156163 -0.38356671 0.11583644 8
5.6099229 0.27935082 0.18988672 7
5.6820383 2.6496277 0.15034758 8
5.6879358 3.2678406 0.1699149 10
5.6988759 3.4598296 0.17427436 10
5.6680322 3.5103085 0.19613245 9
5.6186843 -0.4340952 0.26497814 9
5.617136 -0.37550062 0.21896353 9
5.6626744 -0.10356475 0.25658095 9
5.6019635 -0.007505374 0.24012877 10
5.6945796 0.76549232 0.21944453 8
5.6850853 0.83042902 0.2167614 9
5.6443024 1.161159 0.27304921 8
5.665534 2.1972888 0.29857665 9
5.6386166 2.5809877 0.21360147 6
5.672698 2.7265589 0.26800025 9
5.6632142 3.2156737 0.22968224 10
5.6493278 -0.43023276 0.36180466 10
5.6681023 -0.33068395 0.35581374 12
5.6506143 1.0155501 0.33669019 10
5.6766353 1.263256 0.32368889 9
5.671001 1.3367765 0.37119403 9
5.6934295 2.2846873 0.31934753 10
5.650126 -0.42561695 0.47314227 11
5.6124339 0.4303776 0.45537421 15
5.6082292 1.0261344 0.45221391 7
5.6439266 1.1201574 0.43357775 10
5.6773715 1.2193532 0.49700478 10
5.6534495 2.0716279 0.48189378 10
5.6058245 2.6025605 0.49624142 7
5.6272922 4.2860599 0.46203142 14
5.6150093 -0.0012800934 0.57569438 13
5.6189084 0.49594861 0.5830338 11
5.6503162 1.0716563 0.58651948 7
5.6078978 2.3006136 0.50873208 7
5.6350956 -0.34003207 0.65276015 15
5.607482 -0.0041054231 0.64838904 14
5.6104374 0.1339899 0.60104001 13
5.6111817 0.45472428 0.68637097 11
5.607357 2.4885507 0.6290381 8
5.6229491 -0.40313444 0.73308188 13.75
5.6036472 0.13234541 0.78534377 9
5.6067834 2.596544 0.77467752 8
5.6405959 -0.31533122 0.90926999 12
5.6289086 1.6498117 0.95236284 8
5.6159277 1.0011071 1.0057918 13
5.6289349 2.3606491 1.0563464 8
5.6092639 2.892282 1.0544387 12
5.6104784 0.73854268 1.1072848 9
5.6694732 1.2708513 1.111793 8
5.6218023 2.8144271 1.1811666 9
5.6064634 0.6336897 1.2256759 9
5.6074672 1.2325735 1.2888799 14
5.6175795 2.5809166 1.253041 10
5.615428 2.6880896 1.2606781 8
5.6814413 1.6333193 1.3606859 9
5.6435294 -0.35677522 1.4926531 14
5.6852736 -0.19818875 1.4546107 14
5.6054001 2.3881626 1.4925541 13
5.6469641 2.5495834 1.4879148 9
5.6042776 0.90949219 1.598457 10
5.6382689 1.1115471 1.6238776 10
5.6044564 1.2963706 1.656311 10
5.6164341 1.314748 1.6522356 10
5.6066222 1.8456858 1.6873307 10
5.6195502 2.7265279 1.6011263 11
5.6053543 1.0030588 1.8711187 11
5.6083937 1.5771247 1.835444 11
5.6218233 2.4580991 1.8012973 11
5.6357951 2.6606712 1.8849033 10
5.6013536 2.4365683 1.9377035 15
5.6365204 2.6401432 1.9400475 11
5.6027369 1.2047343 2.1429214 12
5.6204848 2.8195622 2.1709881 12
5.7205815 -0.21928538 0.19386114 8
5.7138305 0.43209323 0.14880133 8
5.7768769 1.1231384 0.18224117 9
5.7909369 1.6609306 0.17257419 9
5.7310572 2.0706117 0.17029975 9
5.7471519 2.3089945 0.17298405 8
5.7910175 2.7843845 0.12023877 9
5.7558761 -0.53654391 0.25441173 9.25
5.7089548 -0.30261013 0.2075946 10
5.7107425 0.027311379 0.24814795 9
5.7868915 1.0609407 0.29115194 10
5.7743068 1.1008805 0.25266379 10
5.719234 1.7834977 0.27127841 9
5.7493877 2.1226406 0.29630166 10
5.7911339 1.8351992 0.30476886 11
5.7568789 2.4484487 0.77901721 11
5.8613005 1.1193081 0.1210519 8
5.8399291 1.4037302 0.16787374 10
5.8143291 2.0211792 0.13974543 9
5.8155808 0.862212 0.23017909 9
5.8113923 2.4573441 0.265533 9.5
5.8259225 0.82403934 0.37073588 11
