# .PCD v0.7 - Point Cloud Data file format
VERSION 0.7
FIELDS x y z intensity
SIZE 4 4 4 4
TYPE F F F F
COUNT 1 1 1 1
WIDTH 8307
HEIGHT 1
VIEWPOINT 0 0 0 1 0 0 0
POINTS 8307
DATA ascii
-1.8099263 2.8768995 0.16089387 209.75
-1.8419137 3.0360689 0.15249839 211.75
-1.8183903 2.8985026 0.2537241 210.36363
-1.8042946 2.9062052 0.32353732 209.33333
-1.709843 2.6431184 0.088739127 203.35715
-1.7377865 2.6258285 0.15005465 207
-1.7258631 2.7251866 0.13176459 205.75
-1.7773944 2.8533216 0.10944017 205.5
-1.7496288 2.6381879 0.21360119 207.58333
-1.7503082 2.7498081 0.23088859 209.25
-1.7418032 2.6601374 0.35066468 205.20834
-1.7668858 2.7775376 0.35929722 207.22726
-1.7878821 2.9059646 0.35754177 208.5
-1.6031811 5.4794393 0.54356474 129
-1.5542462 2.5829339 0.047928821 191
-1.5473 2.6634021 0.060510412 190.5
-1.5244786 2.7404785 0.071007162 190.5
-1.528345 2.5566576 0.18744509 134
-1.5158614 2.6840355 0.20884547 131.5
-1.5136555 2.8371975 0.23234773 128
-1.513149 5.3400197 0.47795027 118
-1.5319901 5.5869198 0.5868333 137
-1.5903425 6.6581821 1.0661654 191.5
-1.5315917 6.7207017 1.0773751 191
-1.4306061 2.3440101 -0.030717505 113
-1.4788852 2.4022846 -0.020893356 112
-1.44804 2.1805258 0.080213413 140
-1.4049357 2.3763244 0.09410619 140.66667
-1.4576488 2.5694776 0.048250318 186.25
-1.4463705 2.6347671 0.054792665 185.375
-1.4602658 2.712738 0.06576658 186.60001
-1.4521087 2.8114879 0.080938466 188
-1.4178343 2.9289587 0.098762125 189.8
-1.4688445 2.2968259 0.10540069 139.66667
-1.4796336 2.4453874 0.13911691 134.16667
-1.4450848 2.5309992 0.17204916 138
-1.4260197 2.644675 0.19294341 138.25
-1.4200141 2.9793017 0.10345443 190
-1.4321384 2.7888319 0.21675529 133.33333
-1.4401588 2.9559059 0.25430626 119.5
-1.4592427 5.4544849 0.52181351 126
-1.4185472 5.5387154 0.55637461 133.5
-1.4728953 5.6708336 0.62684542 143.16666
-1.4415479 5.6067162 0.72480321 190
-1.4144396 5.7455654 0.77480185 189.58334
-1.4232529 5.8873186 0.80747414 190
-1.4568037 6.5816474 1.0382124 187.125
-1.4730017 6.6531615 1.065191 190
-1.4236767 6.7727675 1.1034092 191
-1.3066264 1.6409841 -0.25045753 154
-1.351957 1.7819625 -0.22176601 146
-1.3518735 1.7023529 -0.11150195 188.69231
-1.3458227 1.8072455 -0.10995754 174.375
-1.3319046 1.9142429 -0.18501475 137.66667
-1.3426907 2.0631883 -0.16996512 128
-1.3114657 1.5588886 -0.042907599 195.13637
-1.3377607 1.6469725 -0.016225263 197.875
-1.3717548 1.8241901 -0.062483128 197.8
-1.3613498 1.9380615 -0.032210719 192.39999
-1.3709031 2.2719755 -0.04144828 111
-1.3088908 2.4311178 -0.016822126 113
-1.3190849 1.5286283 0.043988436 194.58333
-1.3330578 1.6149614 0.046915095 195.625
-1.367577 1.7166687 0.025762977 198.06667
-1.3883371 1.8368005 0.0026015949 202.90909
-1.3018898 1.9977496 0.046026859 155
-1.3440801 2.0870485 0.064963676 150
-1.3484857 2.1815212 0.069313779 147.875
-1.360199 2.2730746 0.07530909 147.625
-1.3162429 2.3750021 0.088295482 145.75
-1.300784 2.6045191 0.041067217 175.75
-1.3981762 2.7228894 0.06636411 184.75
-1.375543 2.8168497 0.085450895 185.83333
-1.3191355 2.901381 0.096016273 185.375
-1.3629802 2.2920141 0.10223111 142.25
-1.3618106 2.4594328 0.13838373 143.01666
-1.3391885 2.5509665 0.17254615 143.8
-1.3257871 2.7257023 0.19602215 143
-1.3198617 2.9944854 0.11120288 188.39999
-1.3001666 3.3875587 0.17887695 155
-1.3274825 3.6217043 0.19238628 185.89999
-1.3661339 2.7495317 0.20250827 140
-1.3407336 2.8791966 0.23057133 128.8
-1.322053 3.7514379 0.20575221 181
-1.3403603 5.3865638 0.48439547 125.5
-1.3051746 5.4960852 0.52832633 135
-1.3624773 5.6484795 0.60813898 148
-1.3501915 5.7630911 0.66049868 148.16666
-1.3754711 5.815608 0.68785781 151
-1.3543079 5.6493731 0.7339164 186.24176
-1.3381965 5.7706051 0.77661788 186.23077
-1.329306 5.8645892 0.71027446 150.875
-1.3016112 5.9240093 0.73513806 158.66667
-1.3077974 5.8742781 0.80703115 187.375
-1.373964 5.9904985 0.83696645 191.66667
-1.3352935 6.5296679 0.99593478 177.55556
-1.3784895 6.6447506 1.0538874 185.12186
-1.3283381 6.7970381 1.1196713 189.5
-1.2798722 1.51605 -0.26549989 162
-1.2572808 1.7600311 -0.22104563 144.66666
-1.2552705 1.4615347 -0.16184655 185.86409
-1.2638919 1.5896884 -0.1298562 178.1875
-1.2326101 1.6744959 -0.13474144 157.625
-1.2625535 1.7598779 -0.12316367 152
-1.2409191 1.8804773 -0.19125021 141.66666
-1.2457395 2.0140724 -0.17166588 135
-1.2310307 2.1564481 -0.14834683 127
-1.2965741 2.2003055 -0.14749412 124
-1.2794602 1.4531739 -0.069294527 193
-1.2736331 1.8709295 -0.099620357 149
-1.216892 2.2865553 -0.043989431 128
-1.2548118 2.3461149 -0.027581668 121
-1.2912862 2.4034638 -0.02498332 115
-1.2583792 2.7878718 -0.0045917821 174
-1.2706546 1.447493 0.041928172 193.11765
-1.292413 1.8897407 0.020236341 209
-1.2457297 1.913676 0.023577044 158
-1.2812889 2.0453191 0.031720664 156
-1.2504333 2.1534801 0.060531083 159.77142
-1.2511646 2.2799954 0.078292161 158.96667
-1.2221198 2.3736405 0.082853019 160.8
-1.2923511 2.5437515 0.031333588 176.33333
-1.2456268 2.7445025 0.06140605 172.5
-1.2328423 2.8871183 0.048225041 179.5
-1.2901433 2.3858802 0.13055842 148.5
-1.2438816 2.4800189 0.12914056 147.9375
-1.2064691 2.5748971 0.16968989 148.5
-1.2521038 2.6823368 0.18591855 148.8
-1.2273847 2.9901714 0.10648053 185.375
-1.2739419 3.0747457 0.11776574 189
-1.2123513 3.1570811 0.13610411 189
-1.2440497 3.2357016 0.14053911 183
-1.2823725 3.3366647 0.16011702 170
-1.2671168 3.6940439 0.19960135 185.39999
-1.2286841 2.7931843 0.20869775 147
-1.252628 3.8329988 0.21652256 178
-1.2250042 3.8560333 0.37735379 207.07143
-1.2021947 3.8517942 0.44708911 206.60001
-1.2802707 5.5647116 0.56388569 143
-1.2666522 5.6082439 0.5803268 146.33333
-1.2560819 5.6477404 0.65650415 164.375
-1.2230837 5.7338576 0.63977605 150
-1.2558885 5.694653 0.72741562 179.75
-1.2315867 5.780653 0.75778913 180.95653
-1.2191091 5.871788 0.74906874 169.31458
-1.269879 5.9813876 0.736422 171.25
-1.2383534 6.0430508 0.75524998 173.66667
-1.2505699 5.9527593 0.82715255 188.07143
-1.2986016 6.0712309 0.85770744 191.60001
-1.2733803 6.1193833 0.87825269 189
-1.2106596 6.4850993 0.9465521 164.1282
-1.2191626 6.5282702 0.95090842 176.21951
-1.2799129 6.6376619 1.0405232 180.57143
-1.2980169 6.7283549 1.0925857 186.63637
-1.2114882 6.7559867 1.1005231 186
-1.2454507 6.8273396 1.1293536 190.33333
-1.1013145 0.97331589 -0.31685376 199.33333
-1.1164316 1.1462629 -0.31616488 156
-1.1325463 1.0000356 -0.24033281 215.66667
-1.1454393 1.5198036 -0.25850424 156.5
-1.1696718 1.6272818 -0.24619527 148.5
-1.1180553 1.7275339 -0.22218399 151
-1.136 1.4551525 -0.18833753 171.20834
-1.146823 1.5501723 -0.17361684 178.4938
-1.1416053 1.6575298 -0.1423966 160.75
-1.1587051 1.7761317 -0.11658166 151.11111
-1.1130143 1.8332957 -0.19722474 149.39999
-1.1387658 1.9593178 -0.1797386 145.75
-1.1341372 2.0901234 -0.16862926 139.5
-1.1878152 2.1267867 -0.15839382 134
-1.1218781 1.9621313 -0.0060915439 164.5
-1.1089462 2.1847591 -0.059838012 143.66667
-1.1628724 2.2016692 -0.056438681 138.5
-1.1256639 2.3851213 -0.025805986 120.66666
-1.1391534 2.4526093 -0.044064932 167
-1.1516042 2.5721555 -0.038742863 191.5
-1.1640875 2.6651776 -0.025347829 190.33333
-1.1642358 2.7615876 -0.011490644 188
-1.1498245 1.7864615 0.049840875 207
-1.1297987 1.9222909 0.018898729 168
-1.1684146 2.0408936 0.027332578 163.41666
-1.1338286 2.1363807 0.045930903 173.33334
-1.1400723 2.237457 0.07263355 172.2619
-1.1266254 2.3378446 0.069640331 173.2
-1.1014574 2.4427793 0.091678955 172.11111
-1.1028337 2.6179895 0.037954789 168
-1.1083459 2.7001729 0.053292155 169.66667
-1.1431022 2.8473234 0.066851594 175.55
-1.1049037 2.9487786 0.02004841 188
-1.1361561 3.0973215 0.040106863 170
-1.1992544 2.3698452 0.12004963 155.5
-1.1493798 2.4383347 0.11859554 158.8
-1.126282 2.608062 0.16608578 150.28572
-1.1394044 2.7545438 0.16515839 153.8889
-1.1262181 2.9666524 0.17978209 180
-1.1676869 3.0571654 0.15594603 188.5
-1.1268327 3.4600966 0.16382179 181.11111
-1.1879478 3.5363517 0.18385023 187.54546
-1.1570071 3.6347163 0.19549069 189.125
-1.1633066 3.0829182 0.24332212 158
-1.1458405 3.7614534 0.2058159 184.76666
-1.1604354 3.8397419 0.22810219 182.125
-1.1797029 3.9357295 0.25126469 199.75
-1.1238832 3.8912988 0.35568288 205.77499
-1.1436011 3.7325344 0.41891465 151
-1.1489433 3.8482358 0.54785627 202.94444
-1.1566525 5.6449833 0.68494666 171.60727
-1.1973864 5.8027697 0.67743289 148.14285
-1.1251523 5.7585588 0.72887951 174.13954
-1.1224797 5.8564034 0.76960856 177.95833
-1.1542907 5.9474735 0.72847092 164.83173
-1.1660728 6.1275353 0.78310037 154.2
-1.1083777 5.9431996 0.80391747 181.4762
-1.1889952 6.0408101 0.84859246 189.14285
-1.1801809 6.1566143 0.84119916 167
-1.1190963 6.2112947 0.85917348 163.53967
-1.1361432 6.4632201 0.94100499 156.00714
-1.1539634 6.5824246 0.99127489 169.93878
-1.1967833 6.6758246 1.0529118 179.42857
-1.1248164 6.7764597 1.1071944 185.66667
-1.1387913 6.853086 1.1390527 189.57143
-1.0121976 0.56798488 -0.30177951 202
-1.0363599 0.67496693 -0.31152284 201.66667
-1.0145481 1.0747947 -0.32329234 151.33333
-1.0692409 1.1136026 -0.31603768 148
-1.0223984 0.57338721 -0.22491509 208.44444
-1.0441853 0.68384016 -0.21796769 207.81818
-1.0602101 1.2596419 -0.29416445 141.75
-1.0991498 1.3221698 -0.28404689 157
-1.0248593 1.4363927 -0.26694819 169
-1.0443872 1.5454289 -0.25178856 161.25
-1.0603563 1.6164756 -0.24164352 157
-1.0112441 1.7493296 -0.21271771 156.68333
-1.0176902 0.58546638 -0.12957409 207.81818
-1.0402611 0.69597697 -0.11270354 207.33333
-1.0407937 1.4560751 -0.18899891 164.3
-1.0405846 1.5022881 -0.1839947 173.66667
-1.0510992 1.6099803 -0.16165318 170.39999
-1.071462 1.727066 -0.13727361 163.53571
-1.0063637 1.8919436 -0.18541712 149.25
-1.052474 1.9525462 -0.18273121 148.33333
-1.0467138 2.0317857 -0.16783503 147
-1.021337 0.59371126 -0.045460824 206.125
-1.033843 0.64964944 -0.030962845 204.5
-1.0415628 0.70436639 -0.033858068 205.25
-1.0477203 1.9620209 -0.04720204 167.29167
-1.0654422 2.051995 -0.064935997 157.65556
-1.0367308 2.1363676 -0.024938889 157.89999
-1.0274231 2.2192075 -0.048396941 144.52777
-1.0805939 2.3181379 -0.062520728 163.5
-1.0096836 2.5023603 -0.043516036 190.66667
-1.0348604 2.6331959 -0.021581316 190.60001
-1.0120003 2.720654 -0.012903428 189.57143
-1.004789 1.6814231 0.08023867 201
-1.0663043 1.7259811 0.067516319 204
-1.0413886 1.8338785 0.00029402951 168
-1.0096672 1.948091 0.020685652 176.5
-1.0362546 2.0333967 0.020844603 174.91667
-1.0560168 2.120801 0.037467483 178.41414
-1.0325985 2.2261684 0.060375452 178.65779
-1.0484262 2.3233435 0.080341414 176.58223
-1.0309459 2.4305148 0.062806308 175.7
-1.0839744 2.5636125 0.037800957 163
-1.0509388 2.6842306 0.080869772 137.42857
-1.0319363 2.7420921 0.068781778 175.66667
-1.0376779 2.8306198 0.0469198 177.57143
-1.034564 2.9346602 0.090122558 177.54546
-1.0616243 3.3576465 0.089929886 159
-1.0481482 2.4639332 0.13613956 166.14285
-1.0028863 2.5238342 0.14457314 163.42857
-1.0083287 2.6143329 0.17058153 152.22223
-1.0574152 2.7373681 0.14783368 135.26608
-1.0646377 2.8034654 0.14564466 159
-1.0825599 2.9156539 0.10328577 155.83333
-1.0886286 3.0402043 0.12931128 184.5
-1.034662 3.169148 0.13044478 189.2
-1.0419539 3.3541522 0.14807405 176.48552
-1.0611358 3.4411781 0.1619909 168.83334
-1.0514741 3.5527043 0.17903392 168.92543
-1.0020112 2.6954017 0.20278293 149.5
-1.0490421 2.8549643 0.23522967 153.12454
-1.0848527 2.9077394 0.27895087 153
-1.0499535 3.6840091 0.20308989 187.57143
-1.0387222 3.8874853 0.24091816 187
-1.0761528 3.9548433 0.25681099 200.08929
-1.0405345 3.6293087 0.38534629 167.8
-1.021648 3.9318223 0.35698929 204.95454
-1.0853336 3.6748974 0.40326667 159.33333
-1.0003946 3.7481108 0.40880781 155.66667
-1.0736387 3.8194065 0.43270785 146.75
-1.0651814 3.9356484 0.46206275 171.66667
-1.0630339 3.8833497 0.54865676 201.625
-1.0584346 5.4737396 0.50776589 134
-1.053097 5.5427022 0.55049938 142.125
-1.0498278 5.6493063 0.58950251 153.8
-1.0405818 5.6286473 0.65727866 160.12143
-1.0378399 5.7581882 0.67475879 157.11627
-1.0066901 5.8662143 0.6836307 150.80769
-1.0217717 5.7314911 0.75837344 125
-1.0708761 5.8273649 0.75156027 150.3746
-1.0356817 5.9482746 0.75996453 167.5619
-1.0607138 6.0419459 0.75474048 156
-1.0510674 6.1435194 0.79202563 147.67917
-1.0635917 5.8584242 0.85490769 131.5
-1.0959197 6.0452995 0.8421194 187.2
-1.0917165 6.1265731 0.8688581 189.5
-1.0554788 6.2348356 0.85791159 165.60938
-1.0276687 6.3472705 0.86318547 156.5
-1.0520892 6.448257 0.87584144 189.5
-1.0568796 6.3070855 0.92133522 177
-1.0466416 6.4487562 0.91997147 159.96335
-1.0501878 6.518291 0.94510037 169.96429
-1.0617944 6.613153 1.0019256 170.22414
-1.0972607 6.7013144 1.0598156 178.75999
-1.0255731 6.849369 1.1284598 188.05
-0.91597474 0.27960634 -0.39349696 199.63637
-0.94758594 0.38615993 -0.37315223 202.35001
-0.94907546 0.48897845 -0.36825737 182.88635
-0.94214708 0.58369547 -0.35576391 163.33333
-0.94622332 0.68757731 -0.33648959 158.25
-0.96490639 0.89806318 -0.34944758 174.39999
-0.97449684 1.0458307 -0.33282012 160
-0.96049577 1.1648 -0.30484188 150.5
-0.90083277 0.19401437 -0.22517219 207.16667
-0.91821533 0.27078173 -0.24498135 206.53976
-0.95340151 0.39612412 -0.27382863 207.5
-0.99037647 0.50586993 -0.25087789 206.29166
-0.94621855 1.2347709 -0.29019889 156.5
-0.94717276 1.3710378 -0.25710177 160.875
-0.99849701 1.459483 -0.26699004 124
-0.94011146 1.5000911 -0.25455004 173.66667
-0.95537096 1.6056551 -0.24083671 169
-0.92498994 0.33939743 -0.19617949 205.83334
-0.95459592 0.40439537 -0.19751468 204
-0.94029891 1.4556684 -0.19122823 162.44231
-0.92819703 1.5441257 -0.17039692 159.36667
-0.95643955 1.6170717 -0.15346691 167.625
-0.92385435 1.7376597 -0.17033096 165.02777
-0.93028927 1.8511696 -0.15998651 160.38333
-0.94457525 1.9629827 -0.17517932 152
-0.92766166 2.0715361 -0.14106797 149.8
-0.98078173 1.8663156 -0.042024754 166.33333
-0.96083921 1.944242 -0.067016304 158.87878
-0.94520217 2.0286508 -0.045441341 166.3625
-0.95022273 2.1265841 -0.063333064 153.14584
-0.94688141 2.2422307 -0.057808746 161.23611
-0.93652081 2.341579 -0.06436561 190.14584
-0.95752156 2.4355829 -0.051070675 187.88889
-0.99040627 2.5818436 -0.029503273 188.625
-0.92595512 2.6673238 -0.015391096 184.86667
-0.97848541 2.7879102 -0.0013829225 188.42857
-0.94231749 1.7577642 0.051105037 127
-0.94578016 1.9363534 0.020629844 175.10001
-0.93890542 2.0317948 0.021273561 172.57738
-0.95607609 2.1303649 0.037090618 173.3371
-0.93376392 2.2154064 0.026138732 162.61111
-0.90987712 2.3332424 0.046492387 157.05263
-0.9331525 2.4680035 0.024404146 160.10785
-0.98721403 2.5684369 0.022343328 167.60001
-0.93790817 2.6715584 0.044612683 170.75
-0.93633616 2.7395308 0.058414765 164.82805
-0.947496 2.8790023 0.048439134 170.58334
-0.94022328 2.962234 0.0605257 170.39467
-0.93118036 3.0407197 0.067950562 163.04938
-0.94960076 3.1863077 0.059223849 180
-0.97105664 3.3139055 0.08080063 175
-0.90509742 2.5433538 0.12949002 172.5
-0.91829449 2.6269901 0.1739374 158.05
-0.98537356 3.0606809 0.12625374 179.21428
-0.96323746 3.1209533 0.13605149 181.27272
-0.94983441 3.210464 0.13340247 190.66667
-0.91532338 3.3505921 0.12531501 162.18982
-0.96951312 3.4810052 0.15767819 175.03999
-0.9182477 3.6326365 0.18102126 180.41667
-0.95164198 2.6779881 0.23447883 151
-0.9658345 2.8558619 0.21165569 188.42308
-0.93677545 3.0971806 0.23925398 180.58333
-0.95440978 3.7514908 0.21225895 187.03204
-0.93770349 3.9555628 0.24845472 194.61429
-0.96353614 3.5537467 0.3677561 180.5
-0.93031567 3.7019396 0.39447823 166.375
-0.91446102 3.9671679 0.35492322 205.68182
-0.94917148 3.8429284 0.42772827 150.27499
-0.9898079 3.9341228 0.46542826 204.08333
-0.92663085 4.0413117 0.46682623 138.33333
-0.9249419 5.348259 0.44638315 125
-0.93389887 5.4394097 0.48225936 130.33333
-0.96357822 3.91852 0.53138202 200.5
-0.94300354 5.5444465 0.53550076 142.25
-0.95463663 5.6722383 0.59496957 153.2
-0.95680684 5.6255503 0.64505899 161.06757
-0.95079243 5.7592812 0.67207736 154.62579
-0.90723193 5.8854795 0.68484974 150.07692
-0.92536962 5.8337655 0.72079664 169.02174
-0.93128365 5.9406195 0.73571545 170.58829
-0.97060853 6.0855651 0.75576687 161
-0.95174551 6.022974 0.81327319 182.01666
-0.94301432 6.1567111 0.83474767 167.44714
-0.94616348 6.2608662 0.8605932 171.5153
-0.97746986 6.3528605 0.85051191 174.43311
-0.95215803 6.4476895 0.8751623 186.40152
-0.96101314 6.3443151 0.92756635 175.875
-0.93546551 6.49154 0.93873465 156.09091
-0.96167469 6.5675478 0.94907141 174.75838
-0.95915353 6.6320605 1.011484 173.10638
-0.99955267 6.7325454 1.0698373 180.33333
-0.94661504 6.8689761 1.1349024 189.25
-0.90810663 7.4121971 1.2845654 106
-0.87786859 0.17572236 -0.40936142 198.90909
-0.82902718 0.30211523 -0.42937461 155
-0.8254323 0.46231258 -0.40611854 153.8
-0.80860037 0.43052331 -0.37465069 164.5
-0.84080982 0.5180999 -0.36532432 166.60001
-0.85795879 0.61038363 -0.35081145 166.2
-0.86220461 0.70185155 -0.33658898 166.2
-0.85510963 0.84032154 -0.35510942 184.60001
-0.87409979 0.97595263 -0.33553153 177.625
-0.82827878 1.0840735 -0.31687912 168.33333
-0.85806537 1.1224265 -0.30716637 160.1111
-0.87132418 0.076179646 -0.25090265 207.22726
-0.88057363 0.19181694 -0.29853791 205.54546
-0.82977021 1.2735944 -0.28632489 155.13333
-0.85509622 1.3680087 -0.25143737 164.66667
-0.83970994 1.4852564 -0.26051512 136.14815
-0.84846562 1.5946175 -0.23986712 179.5
-0.8549493 1.6909368 -0.21678485 174.08975
-0.88069469 0.087781698 -0.15570275 203
-0.82319391 1.4610803 -0.18024866 160.4342
-0.81932569 1.538054 -0.17489913 165.04639
-0.82944721 1.6291695 -0.16278563 163.72282
-0.83394986 1.7686821 -0.15654506 168.56746
-0.84589821 1.8538582 -0.1545032 164.72501
-0.84127611 1.9957104 -0.16182688 152.375
-0.89025527 2.0401566 -0.12686726 149
-0.83691204 1.5361845 -0.075297453 124.24
-0.84823424 1.6092511 -0.034868956 127.84615
-0.84519947 1.8612884 -0.06665501 166.55
-0.86446929 1.9323839 -0.060290076 160.72223
-0.84189188 2.0511472 -0.062270366 156.425
-0.87125111 2.1232104 -0.03280751 160.14285
-0.8382743 2.2419934 -0.044692785 154.11072
-0.85828578 2.3971345 -0.052016985 184.92857
-0.83921087 2.4330549 -0.029349029 153.3611
-0.89920205 2.5336571 -0.033291068 183.88235
-0.85951316 2.6091423 -0.029854042 180
-0.89323819 2.752619 -0.0026885066 183.71428
-0.86169696 1.6139621 0.075802408 127.45454
-0.86126453 1.9808161 0.032495037 167.5
-0.85169965 2.0402393 0.033846118 160.5238
-0.82793128 2.1377337 0.033808965 150.63257
-0.84286124 2.2324519 0.0395183 152.15308
-0.84207737 2.3459046 0.05079551 153.97363
-0.85204768 2.5390162 0.0080773244 164.62857
-0.82845038 2.7658613 0.049260378 171.87216
-0.86206168 2.8401446 0.011323666 184.63637
-0.84658426 2.9386048 0.05346797 174.51309
-0.84422863 3.0517416 0.052482355 175.30798
-0.84219807 3.1077969 0.089014418 159.53609
-0.86247307 3.2340968 0.066164725 182.75
-0.81451076 3.3502629 0.078382149 182
-0.89393914 2.439286 0.10299139 175.07143
-0.83130759 2.5338173 0.12724893 174.36363
-0.84058243 2.7513003 0.18281293 189.07143
-0.85061014 3.0324953 0.10269931 183.07143
-0.86719745 3.1589525 0.1242587 189.54762
-0.83726227 3.2492244 0.11000463 153.7381
-0.84741569 3.3048816 0.14186391 181
-0.83773011 3.4145718 0.14939474 165.75
-0.89207494 3.5312042 0.16420552 173.58333
-0.81514513 3.6555519 0.18109763 180.08333
-0.8682515 2.6006317 0.26738843 149
-0.86391073 2.9168389 0.22040302 182.38889
-0.81125158 3.0069923 0.228337 175.5
-0.82933885 3.7496383 0.20377946 186.85715
-0.85639304 3.8530293 0.20990257 186.60001
-0.8325327 3.9688516 0.27102813 194.60001
-0.84274328 4.0296173 0.26072142 208.16667
-0.85520464 3.4438825 0.32755253 168.70834
-0.83571851 3.5502119 0.34540156 179.83333
-0.88003457 3.6232502 0.3757433 179.41176
-0.80439228 3.9896672 0.36561027 205.39999
-0.80432671 4.0001101 0.36947793 205
-0.82312733 3.7834115 0.40642628 160.60001
-0.86132491 3.879354 0.43007734 146
-0.86363232 3.9611497 0.46027043 188.13541
-0.81900489 4.1405764 0.48296162 142.25
-0.87164503 5.0554075 0.4649609 187.12334
-0.86249506 5.1457543 0.47104952 180.35715
-0.82415229 5.2473621 0.49786466 174.26315
-0.805197 5.451252 0.48158187 130.66667
-0.8047021 4.1834855 0.58932984 214.33333
-0.82928717 5.0233707 0.56606174 188.42105
-0.89734167 5.2703395 0.5145157 166.66667
-0.84454238 5.3817062 0.54483712 149.83664
-0.87326103 5.4603577 0.57614076 152.64789
-0.8275733 5.5468349 0.52997893 140.33333
-0.85469848 5.6622396 0.58348888 150.91666
-0.80085045 4.9784713 0.65101403 187.2
-0.88117838 5.5678921 0.61526263 154
-0.88800889 5.7590332 0.66760397 152.65475
-0.81275171 5.9089932 0.69476199 149.72
-0.84562087 5.9866743 0.71681923 165.25
-0.81591666 6.0444617 0.70837796 157
-0.88344014 6.109458 0.76492649 161.08109
-0.86728841 6.1519122 0.85818887 187.1875
-0.83817494 6.2542448 0.84967357 163.8136
-0.8695426 6.338973 0.82873404 188.25
-0.88835406 6.487812 0.88401705 182.54546
-0.81840551 6.2283926 0.91079503 154.33334
-0.85883218 6.3883724 0.92666548 172.25
-0.81263059 6.5567846 0.901887 177
-0.86477005 6.6186452 0.9619922 174.77591
-0.86266369 6.6586251 1.0267677 176.57143
-0.89692867 6.7423363 1.0741347 181.85001
-0.82183975 6.8605342 1.1211038 188
-0.88835281 6.9131804 1.1436263 190
-0.81122828 7.2464247 1.2605407 110
-0.8258943 7.1487269 1.3880907 15
-0.84435451 7.1350613 1.4383053 15
-0.7142843 0.011735127 -0.45950755 160.5
-0.71917009 0.14181177 -0.41333717 192.42857
-0.75860769 0.22613861 -0.4364157 160.5
-0.78034323 0.34205329 -0.42436266 154.75
-0.75646663 0.13614154 -0.31675932 193.72728
-0.75817752 0.35192177 -0.3902193 162
-0.73889989 0.41682091 -0.37971005 167.57143
-0.73004425 0.51161671 -0.37903944 167.07143
-0.73789102 0.62037688 -0.34214014 174.90909
-0.74595749 0.74745309 -0.34323907 181.64285
-0.76097596 0.81685561 -0.34873998 187.5
-0.79684347 0.92145795 -0.34319565 187
-0.7479673 1.0250037 -0.31990263 174.14999
-0.7222892 1.1345812 -0.30687875 171.33333
-0.72039205 0.05261353 -0.24520309 199.29166
-0.71499228 0.8804729 -0.25490877 190.83334
-0.73008686 0.98234415 -0.27458492 177.125
-0.76207381 1.0821446 -0.25859582 182.125
-0.77440035 1.1894433 -0.26457772 179.25
-0.71208102 1.2101289 -0.27812681 177.09091
-0.73876923 1.3632408 -0.2569409 163.47334
-0.79946482 1.4998209 -0.24755968 181.33333
-0.73216957 0.066717386 -0.13407029 193.5
-0.76440763 1.4666337 -0.1881485 186.33333
-0.75579149 1.5670012 -0.178673 155.42857
-0.72900087 1.6303017 -0.16094626 168.7157
-0.77339935 1.7547449 -0.13010491 181.14285
-0.75686157 1.836303 -0.16388388 171.91666
-0.7366792 1.9044263 -0.17837299 160.91667
-0.75275272 1.8074967 -0.0640499 164.33333
-0.74424249 1.9417355 -0.080472708 160.70667
-0.76694191 2.0211856 -0.059118215 158.04202
-0.74778366 2.1275918 -0.040974889 159.80113
-0.73367542 2.2358015 -0.030746695 153.34479
-0.78914905 2.3547177 -0.060884938 182.5625
-0.74182081 2.4238186 -0.026279954 170.41667
-0.75638646 2.5322771 -0.043259334 175.91666
-0.77545983 2.6662419 -0.022728555 176.5
-0.7573486 2.7703724 -0.0073713376 175.5
-0.76869941 2.0734622 0.033123419 149.95
-0.75969338 2.2663603 0.066241033 146.5
-0.73064518 2.3446274 0.044140182 147.59108
-0.71964526 2.5285344 0.0073892889 166.83333
-0.79007876 2.6271758 0.027048524 174.375
-0.71601844 2.7463927 0.037401434 178.47826
-0.73266304 2.8697796 0.027125005 175.33888
-0.76188236 2.9526234 0.037816666 175.76453
-0.74224716 3.0602894 0.052029759 178.72476
-0.776658 3.1393025 0.071089186 173.28409
-0.74202847 3.2521124 0.069067717 190.5
-0.7443977 2.4399135 0.11493973 150.64285
-0.73992682 2.5173624 0.13014442 151
-0.74929553 2.6784627 0.16244493 191
-0.73668933 2.760958 0.18239041 185.45454
-0.78843045 2.8321154 0.19907796 183.60001
-0.78647113 3.1378224 0.12250382 188.91667
-0.74677432 3.2886746 0.1347063 183
-0.74462795 3.3568299 0.15432622 149.85823
-0.75823945 3.4556196 0.14926927 162.67741
-0.78960395 3.5705128 0.16725302 174.48
-0.72056389 3.693038 0.19075011 181.75
-0.7908476 2.5286574 0.29598224 138
-0.78343278 2.9765687 0.22255853 175.60001
-0.70414406 3.1313684 0.21422544 162.75
-0.74463809 3.2373035 0.23548307 167
-0.74482065 3.7843947 0.21445192 187.16667
-0.73992974 3.8692615 0.22190803 184
-0.72712243 3.9824162 0.25069758 185.2
-0.71772146 4.072782 0.27119187 202.33333
-0.70833546 2.4541078 0.35108957 133.39999
-0.76800561 2.5702684 0.34395853 129
-0.78142601 3.3690031 0.30104589 148.39999
-0.74659771 3.4309604 0.31193537 152.01082
-0.76758277 3.649951 0.3677327 178.125
-0.71644622 3.7317822 0.39303929 166.77777
-0.74625653 3.8494005 0.41768616 151.66667
-0.74909157 3.9627352 0.44890743 173.95
-0.79436457 4.0413542 0.46012974 142.66667
-0.73734426 5.0897808 0.48795551 188.10001
-0.72525191 5.1297355 0.46685934 181.64706
-0.71547943 5.2549767 0.48899788 175.33333
-0.78970659 5.385397 0.45209613 123
-0.72984934 5.0380454 0.56901097 185.90909
-0.70880848 5.3825164 0.54943514 152.2
-0.78408611 5.4489694 0.56900132 151.60493
-0.73506421 5.5505314 0.56428945 147.1875
-0.75354034 5.6679459 0.58474451 151.75
-0.73003727 4.9855938 0.6379202 186.63637
-0.71866226 5.6152349 0.61749619 153
-0.77846307 5.7325559 0.61633551 155.66667
-0.79105157 5.8300552 0.67419213 149.66667
-0.72083277 5.9465666 0.70765871 149.28572
-0.74596953 6.0394373 0.73464835 165.92
-0.77987164 6.1529174 0.76395983 171.5
-0.72338927 6.2682347 0.79671824 188
-0.7453388 6.2057095 0.81364691 156.2
-0.75296527 6.342329 0.82463896 184.67308
-0.7600432 6.4613619 0.8662824 179.51923
-0.75186414 6.0793471 0.95652348 121.16667
-0.79383218 6.1378016 0.91947627 123.77435
-0.71801823 6.6656489 0.93220574 165.16667
-0.76685864 6.7212472 0.96389991 159.8125
-0.76033527 6.7628384 1.0730603 185.16151
-0.75790244 6.924191 1.1335146 188.5
-0.79125834 7.1862459 1.2818716 117
-0.7051273 7.1306028 1.3085057 129
-0.6682601 0.049932767 -0.45831993 171.75
-0.61568838 0.15002638 -0.4439556 168.64999
-0.64727587 0.2701396 -0.43047491 164.91666
-0.63724601 0.35044849 -0.41195804 172.09091
-0.68434674 0.43022254 -0.40309027 164.75
-0.60751343 -0.33666986 -0.34763119 123
-0.63499117 0.32706836 -0.38903549 167.33333
-0.62314814 0.45921275 -0.38348728 174.5
-0.65456736 0.51980531 -0.37268281 171.07143
-0.64576262 0.61840409 -0.34088898 176.2
-0.64597851 0.72337258 -0.35003489 178.80302
-0.66480124 0.83021927 -0.34160036 185.77777
-0.65457302 0.92621881 -0.32913625 188
-0.68009484 1.047369 -0.32465395 189
-0.60455197 1.1469262 -0.30667496 180.39999
-0.64788777 0.87430114 -0.26391569 191.66667
-0.67766994 0.95568085 -0.2443279 186.84616
-0.65799594 1.0438093 -0.25584257 183.91849
-0.66264164 1.1374389 -0.26505598 178.91667
-0.64470571 1.2631397 -0.25047943 169.11447
-0.63938904 1.3338047 -0.23263282 163.35913
-0.66263092 1.4248693 -0.22055319 156.69643
-0.65591216 1.5115709 -0.24569242 158.57143
-0.68305194 1.6249589 -0.23258698 173
-0.69133419 1.7131447 -0.21966268 175.46153
-0.64722127 1.8255223 -0.20450543 175.14285
-0.63936311 0.037553299 -0.14215985 185.8125
-0.6004827 0.73173469 -0.17332429 123
-0.68895888 0.80745083 -0.17142466 115
-0.648417 1.3864688 -0.19912949 187.71428
-0.64215082 1.4619602 -0.18082301 175.33333
-0.65058601 1.5795869 -0.1722953 175.21887
-0.66246468 1.6700034 -0.15389806 167.75
-0.66322726 1.8695273 -0.11424213 174.39999
-0.6152156 1.9952135 -0.11118945 185.5
-0.60971057 1.7951697 -0.074783295 164.5
-0.66121525 1.8561506 -0.055233695 155.83333
-0.65656155 1.929785 -0.064175166 160.78206
-0.6594342 2.0520034 -0.065028712 156.11572
-0.66913319 2.1384864 -0.041228965 160.35498
-0.62443376 2.2558692 -0.023343302 169.14323
-0.67243177 2.3640759 -0.015960103 169.70992
-0.61155641 2.4668176 -0.0076682284 157.66667
-0.60070968 1.7987978 0.0075982963 140
-0.63488412 2.2926979 0.00082190824 161.31932
-0.61749113 2.46066 0.0014263976 161.875
-0.63372576 2.5540142 0.0065763318 168.83333
-0.68621212 2.6563106 0.028375721 178.72728
-0.62279594 2.7481606 0.045082536 164.55556
-0.63985813 2.8748865 0.031792819 175.07143
-0.66470778 2.9535532 0.035532027 170.20087
-0.63044631 3.0417378 0.059646055 160.28738
-0.6454615 3.1640553 0.061735254 184.71429
-0.67470068 3.2597554 0.068888254 188
-0.66533512 3.3560791 0.079115197 190
-0.66332692 2.2699165 0.12744068 127.2
-0.67957312 2.364011 0.1664567 123.57027
-0.64127463 2.6724999 0.15633115 188.8
-0.66181982 2.7981725 0.18410382 181.88889
-0.63773167 2.8997135 0.19711028 175.66667
-0.62105763 2.9403327 0.17419817 165.5
-0.65480673 3.051724 0.19567506 163.33333
-0.6440382 3.3475716 0.12411804 158.10695
-0.68685836 3.4878397 0.15679027 152.75
-0.65385777 3.5692205 0.16882117 160.18056
-0.62320369 3.7048635 0.19244136 183.60001
-0.68932694 2.4464734 0.22088031 130
-0.69319862 2.9096248 0.20335235 175.71428
-0.64332044 3.258965 0.25851867 162.84999
-0.65543181 3.3639948 0.24287745 126.15839
-0.65788436 3.8057973 0.21634732 186.66667
-0.6734097 3.9115174 0.21949492 184.33333
-0.60986537 4.0417757 0.24177901 178.60001
-0.61094671 3.458138 0.39909834 191
-0.696585 3.5282197 0.32975763 172.66667
-0.66365057 3.674597 0.36458626 179.47058
-0.68559206 4.010047 0.37309888 205.45454
-0.6342327 3.7815816 0.40083519 158.22223
-0.65697354 3.8956487 0.42238253 151.60001
-0.6616739 3.9847341 0.4472141 203
-0.66908693 4.0056462 0.44637635 148.2
-0.682616 4.1202374 0.46791476 146.25
-0.63313156 5.1310496 0.48800915 184.75
-0.60926276 5.2445779 0.47830471 172.75
-0.67384571 5.461472 0.48264447 125.25
-0.67594498 4.2235112 0.55903196 197.33334
-0.6158784 5.0737596 0.55522519 185.90475
-0.69573611 5.4378905 0.58847487 143.4375
-0.63509464 5.550611 0.5843212 153.20312
-0.63145477 5.6449203 0.56849706 142.29166
-0.64378613 5.0163765 0.61317086 186.47501
-0.63317686 5.387414 0.67393482 126.37302
-0.66481352 5.604836 0.60902178 146.66667
-0.67334175 5.7657013 0.62696213 151.75
-0.69424105 5.8452644 0.67626262 149.88889
-0.65574324 5.9683924 0.72347653 145.28572
-0.65580225 6.1237512 0.78228736 161.2
-0.641698 6.4560671 0.85335481 176.27272
-0.64319021 6.0465117 0.90163237 133
-0.64468884 6.6054463 0.90687764 164.07408
-0.64594883 6.7440457 0.96022022 158.58084
-0.60444361 6.3976159 1.0534118 135
-0.64546061 6.8737006 1.0987453 186
-0.60162067 7.0501909 1.0669594 147.44444
-0.62809515 6.8920188 1.1125436 185
-0.61107975 7.0028071 1.1902697 132
-0.60031396 7.0455861 1.4011722 197
-0.51773828 0.17978403 -0.43123338 175.57143
-0.52759433 0.26619875 -0.41762456 173.18803
-0.53630346 0.34525394 -0.41418156 179.88461
-0.53394008 -0.28622997 -0.33693466 132
-0.53555506 0.086648345 -0.31555116 187.2
-0.56041199 0.31261101 -0.39142635 170.5
-0.53704506 0.42453289 -0.35954085 172.77777
-0.51860082 0.52323902 -0.37235653 172.13889
-0.53903043 0.65097022 -0.35985056 168.20326
-0.54719967 0.74238896 -0.34446511 167.13849
-0.56123382 0.85664088 -0.34552321 182.11765
-0.56145859 0.94612312 -0.32283321 186.22223
-0.5572508 1.0371617 -0.31245747 188.75
-0.56419438 0.073982924 -0.24442722 183.20001
-0.55539954 0.88860792 -0.25015017 190.8
-0.5644241 0.96020788 -0.23961614 186.78572
-0.57971793 1.0529243 -0.23908633 180.04167
-0.56889015 1.1517699 -0.23967224 183.25618
-0.52766287 1.2624601 -0.2493055 162.98495
-0.52617431 1.3360677 -0.23339142 165.52193
-0.56832117 1.4115585 -0.22868946 164.8125
-0.55975217 1.5255089 -0.23767751 147.28572
-0.56324512 1.6318626 -0.21738137 142.7
-0.57698482 1.7150886 -0.20089158 155
-0.54681396 -0.17374504 -0.18092172 132.5
-0.50322878 0.26540619 -0.17718382 147
-0.50253785 0.64814985 -0.17626186 136.33333
-0.52684319 0.91446066 -0.17230073 134
-0.54128361 1.3830541 -0.19674809 169.42857
-0.56198418 1.492218 -0.17533664 176
-0.5069465 1.5667589 -0.14660881 162.69231
-0.54045111 1.6486933 -0.15642332 181.32143
-0.54044908 1.7188754 -0.15289624 165.83334
-0.59089082 1.8051375 -0.12255164 188.60001
-0.54711813 1.9284641 -0.11680273 182.79166
-0.52489704 1.8073572 -0.054489747 156
-0.59485567 1.997962 -0.031202776 152.5
-0.55973393 2.0723629 -0.057439994 154.89285
-0.55012327 2.1585462 -0.058730394 164.89682
-0.55883521 2.2495968 -0.024878141 170.56648
-0.51367074 2.3561764 -0.015569709 183.33333
-0.58349544 2.4213867 -0.011226886 168.25
-0.5128777 2.5075405 -0.0013409099 155.8
-0.56330687 2.7744269 -0.0063030003 184.66667
-0.53343028 1.7430212 0.043618713 126.33334
-0.52908808 2.2476466 0.053337526 158
-0.5549674 2.3674197 0.008550969 155.01666
-0.54871482 2.5744905 0.039710324 159.51482
-0.56041414 2.6802382 0.048552103 170.7009
-0.51724553 2.7646027 0.05426167 177.00293
-0.5707227 2.8703802 0.025153914 178.51471
-0.51915354 2.9372959 0.015878323 176.72728
-0.52523518 3.0235782 0.031821549 175.17647
-0.50957835 3.1185112 0.046510845 175.33333
-0.58995479 3.2539771 0.069475852 184.41667
-0.54776496 2.6382921 0.14173561 190
-0.58682871 2.7448804 0.16955648 184.25
-0.56290495 2.8771946 0.19010323 175.7
-0.50877112 2.9928329 0.18531562 159.375
-0.56378376 3.4235606 0.13198814 165.625
-0.56724244 3.6410706 0.17705376 181.04166
-0.5603599 3.0702338 0.20199233 159.25
-0.58885866 3.1708424 0.24030229 158.5985
-0.53957152 3.2431448 0.23329489 157.45834
-0.53110147 3.3406389 0.27950585 153.32541
-0.56484032 3.4157209 0.28274563 142.875
-0.52940929 3.6261752 0.27373111 170
-0.50943649 3.7476397 0.20038123 185.66667
-0.56673503 3.8199136 0.20580916 187.2
-0.55086619 3.9458411 0.21729314 176.58334
-0.52090394 4.0448546 0.26074326 186
-0.58319664 4.1117663 0.28547573 208.85715
-0.55437142 3.4259639 0.37147856 150.6875
-0.58551472 3.543844 0.321457 167.16666
-0.53111625 3.6393752 0.36504436 189.85715
-0.56929982 3.7153716 0.37923852 165.28572
-0.5610112 4.0731678 0.36878642 205.27777
-0.56070757 3.8530085 0.40762669 150.39999
-0.5584659 3.9198546 0.4240118 151.66667
-0.55638421 4.0474772 0.44705018 150.25
-0.55508518 4.1452279 0.46358278 145
-0.55209249 4.2179666 0.4834798 144.75
-0.53617996 5.1612582 0.4952186 186.38461
-0.52897543 5.2296405 0.47870201 162.21428
-0.52986842 4.2579975 0.57153958 214
-0.52084857 5.1058373 0.57540864 186.96875
-0.59513324 5.3515425 0.55175734 167.88889
-0.56374538 5.5210676 0.50734872 124
-0.53846318 5.6969738 0.58317316 141.5
-0.56526428 5.0487185 0.6221711 184.75
-0.5808199 5.7855597 0.62752718 148
-0.54743248 5.8525944 0.66940534 147.625
-0.55736381 5.3379383 0.72983569 128.18182
-0.55155039 6.052073 0.75176609 154.41667
-0.57774603 6.1611261 0.76325601 177.91283
-0.55723476 6.2631655 0.79248583 186.625
-0.52303624 5.9999604 0.81228632 138
-0.54246342 6.3730221 0.82029891 180.16667
-0.58082241 6.5575953 0.89080662 166.76471
-0.5606243 6.3270688 0.96531695 158
-0.55572897 6.6355081 0.92620081 155.61333
-0.52342319 6.7058291 0.93448144 157.73334
-0.57243311 6.4665213 1.0688461 131.16667
-0.54669946 6.5438957 1.0235261 126.43338
-0.54738671 6.9961796 1.0497216 150.01334
-0.54971689 7.1149049 1.0847996 167
-0.54205894 7.1744218 1.2414079 132.52499
-0.57961202 6.9496155 1.3598008 135.33333
-0.59629291 7.0360446 1.3890523 204
-0.55077028 7.1562634 1.3208867 134.95
-0.47847313 -0.55739146 -0.60221952 105
-0.42469734 -0.37566915 -0.56868517 106
-0.44688061 0.01905434 -0.59322137 157
-0.45449203 0.14982323 -0.59620571 135.25
-0.46206638 0.28864875 -0.58260876 131
-0.40509456 0.41175792 -0.56248039 125
-0.45331085 -0.10235398 -0.4438073 155.5
-0.42262417 -0.055430759 -0.43949223 159.05556
-0.44290471 0.046831384 -0.43847063 182.44376
-0.47642112 0.17086726 -0.44673696 170.5
-0.42016166 0.23121916 -0.41452512 173.55556
-0.42254433 0.30528221 -0.4250766 181.33333
-0.45891926 0.44152784 -0.40528077 171
-0.47369009 -0.24517332 -0.32943806 143
-0.4713572 -0.10789416 -0.3855018 140.60001
-0.44287574 -0.093754947 -0.35864359 133.2
-0.4781701 0.043831699 -0.31918013 189.8125
-0.42713892 0.33551028 -0.37368634 173.22223
-0.43408352 0.44291043 -0.35362285 166.75
-0.44511107 0.5296315 -0.35168937 156.95454
-0.4213936 0.63175946 -0.37109101 159.53954
-0.46346557 0.75899255 -0.3514294 160.47058
-0.46896037 0.86783361 -0.34723571 178.64285
-0.45853698 0.94100642 -0.35752454 161.34616
-0.41083199 1.1819886 -0.30723169 188.33333
-0.44917533 -0.062146209 -0.24128237 135.55556
-0.48045263 0.056743763 -0.20894964 186.39999
-0.40081879 0.7996434 -0.20361187 144
-0.46726012 0.8754065 -0.23044762 161.66666
-0.46539742 0.977862 -0.24065423 187.44444
-0.48760933 1.0678314 -0.23738797 181.13043
-0.47096977 1.1815383 -0.23447448 178.45001
-0.4513903 1.2260991 -0.26813588 179.83334
-0.41882014 1.3584415 -0.21671718 171.78845
-0.4567858 1.4306803 -0.20607202 174.45
-0.40955722 1.5910958 -0.2164312 181
-0.43161088 1.6540717 -0.21575898 155.66666
-0.47965539 -0.4108524 -0.18274832 140
-0.46022579 -0.13203393 -0.163031 143.25
-0.4535667 -0.038358267 -0.15457791 185.31667
-0.48888004 0.07263913 -0.11686699 185.23077
-0.44319245 0.1252474 -0.18440703 190
-0.45342338 0.34982932 -0.17001356 148
-0.43582684 0.56515318 -0.17812665 157
-0.42560494 0.61817884 -0.17916618 169
-0.45014328 0.76535571 -0.17766915 154.5
-0.46528381 0.82465744 -0.18523696 132.75
-0.44534957 0.91132683 -0.17260152 139
-0.43741748 1.3587128 -0.19898912 168.25
-0.42579281 1.460222 -0.16902736 164.63637
-0.45175365 1.5553895 -0.15822595 149.76894
-0.4676418 1.6630521 -0.14223869 154.06747
-0.43830049 1.7623001 -0.13063206 186.26666
-0.46980476 1.8369044 -0.15337403 160.38889
-0.43674526 1.938426 -0.11986828 183.13335
-0.43324357 -0.11849553 -0.0426814 124
-0.40119895 -0.095668167 -0.061163019 154.42857
-0.41901347 0.13720956 -0.065488093 173.14285
-0.41256961 1.722211 -0.020564115 148
-0.45578322 2.0651011 -0.074627735 162
-0.47362927 2.1487365 -0.064723715 161.55682
-0.45644009 2.2399004 -0.039178848 178.89999
-0.43276975 2.3367395 -0.026012653 156.45834
-0.44257316 2.4388206 -0.0086881006 163.22916
-0.48219824 1.6409197 0.00068676221 162
-0.46295094 2.1214173 0.007574955 179
-0.42001551 2.3727672 0.024192264 150.32307
-0.43785676 2.4591069 0.016673177 171.60715
-0.45853403 2.5451846 0.034088712 161.0397
-0.45040458 2.6350598 0.040007744 169.74429
-0.40778422 2.7744398 0.047945574 164.25
-0.45815474 2.8208458 0.069998391 176.79166
-0.4742249 2.9285121 0.032032043 174.5
-0.48197517 3.1969888 0.054289408 176.33333
-0.42181501 2.3545845 0.11713129 158
-0.47528869 2.7476857 0.16469388 183.86365
-0.45452389 2.8703573 0.15523914 174.33333
-0.47601023 2.9446681 0.15209751 174.79167
-0.44000095 3.0386508 0.16473538 172.4375
-0.48029757 3.1540885 0.16140331 178.2
-0.46785438 3.2618878 0.18024099 156.75
-0.45497495 3.3754179 0.19757041 137.66667
-0.45031095 3.4818361 0.1397049 177
-0.44663557 3.5500133 0.19862846 175.5
-0.47605541 3.1293416 0.20238812 152.7037
-0.43258658 3.2470629 0.20977409 151.83333
-0.43964177 3.3363996 0.27351785 150.42857
-0.4439089 3.4723499 0.21324475 125
-0.48030436 3.7751775 0.21432745 175.5
-0.4460147 4.1392226 0.26506412 211.75
-0.44420928 3.4193726 0.30895478 148.57143
-0.46106932 3.5879467 0.32590252 174.75
-0.4374904 3.6899991 0.36431384 160.84616
-0.48269179 3.7711477 0.39074534 155.11111
-0.47094643 3.9406848 0.36930194 209
-0.45150185 4.053637 0.32479462 209.66666
-0.45605847 3.3757343 0.41772684 130.12
-0.40370339 3.5173218 0.40900579 139
-0.46372375 3.9044504 0.41128844 150.66667
-0.44464079 4.0308566 0.43484363 149.39999
-0.42154816 4.1804357 0.46459022 140.60001
-0.45674771 5.1811357 0.49367636 187.66667
-0.43363327 5.161582 0.57441896 189.57143
-0.45152661 5.3492489 0.50552034 161.92308
-0.49989173 5.4080825 0.52262712 172.58333
-0.43842864 5.533833 0.52417308 138.27272
-0.45845845 5.6078339 0.56295925 149.96667
-0.46675938 5.7263651 0.56780744 142
-0.41130343 5.3247228 0.60996294 168
-0.43531621 5.4061098 0.63781857 167.33333
-0.44492698 5.7487793 0.60655355 136.75
-0.46896896 5.8634939 0.62301415 148
-0.46967885 5.9465137 0.65218419 158.66667
-0.47080696 6.018959 0.68111765 169.5
-0.46282101 6.0600443 0.76856869 140.575
-0.47230291 6.1039085 0.71623707 180.39999
-0.44051161 6.2443867 0.77949363 187.04166
-0.49380252 6.3381443 0.81042343 183
-0.45304465 6.4410005 0.84479576 176.2077
-0.43151492 6.5683045 0.88858175 162.13333
-0.45495769 6.6765876 0.96584898 139.26027
-0.40999418 6.7336268 0.94320375 155.68889
-0.48065293 6.8707519 0.99008179 153.33749
-0.44774583 6.9324918 1.0148274 161.37907
-0.45818618 7.0368142 1.0553246 151.65833
-0.43541726 7.1094136 1.0943609 155.88235
-0.40468028 7.2374849 1.2435018 150.60001
-0.42332414 7.2146072 1.3819236 157.07692
-0.41884041 7.2070546 1.477821 164.77777
-0.33988628 -0.65511012 -0.63369024 195.5
-0.36554638 -0.50479013 -0.62311238 138.60001
-0.34457022 -0.49172357 -0.60347408 148.25
-0.36163735 -0.35810286 -0.61595237 153
-0.37632376 -0.23012654 -0.61037642 155.8
-0.3869071 0.017925227 -0.61120093 134.66667
-0.32320839 -0.62856901 -0.554111 138.75
-0.31214967 0.12753148 -0.58717674 143
-0.39147356 0.2684316 -0.57877296 133.66667
-0.34229559 0.38529482 -0.56134158 132
-0.3490065 0.53505844 -0.54290879 124
-0.33622989 -0.10125334 -0.45716035 168.25
-0.34958032 -0.034267366 -0.44866329 169.83334
-0.32929921 0.062166754 -0.44579157 174.59821
-0.34375131 0.14719075 -0.43380508 171.34546
-0.36312285 0.26505098 -0.4243103 169.81818
-0.39607918 0.37234083 -0.4087697 160.27586
-0.32787025 0.41251624 -0.40776572 142.18182
-0.38753307 -0.18667904 -0.3197971 166.5
-0.3413575 0.24175268 -0.39893693 169.66667
-0.33425248 0.34438172 -0.37227806 169.625
-0.32980567 0.44251418 -0.35968065 157.95653
-0.33685541 0.54812956 -0.38050032 152.69102
-0.3452937 0.65184945 -0.36584508 158.47882
-0.3363519 0.77210206 -0.33922151 156.04936
-0.36656201 0.86838937 -0.36785695 164.5
-0.34542587 0.99542779 -0.32737175 181.33333
-0.37701452 1.0858504 -0.30963477 186.85715
-0.3203344 1.1576058 -0.31289181 158.58334
-0.34378067 0.25483888 -0.20263547 149.75
-0.3235653 0.68388504 -0.20339385 135
-0.32781118 0.73101097 -0.20630714 156
-0.32849964 0.81641853 -0.24906692 163.375
-0.37255493 0.94391268 -0.25253549 190.05
-0.3904832 1.0939478 -0.22573833 183.14285
-0.38499632 1.1759633 -0.22696316 179.05
-0.35168445 1.2763138 -0.23980537 177.40332
-0.34086952 1.3639568 -0.23654281 169.2375
-0.37863755 1.4654837 -0.24412555 171.22223
-0.31536096 1.5364914 -0.23017351 155.7
-0.30962536 1.6141464 -0.21344726 178
-0.381286 -0.35027689 -0.14910099 143.5
-0.34445614 -0.24250452 -0.18617497 148.66667
-0.33701554 -0.12514551 -0.15640461 167.08461
-0.34588709 -0.042541496 -0.17536801 148.56548
-0.3389217 0.050064292 -0.18186 160.72223
-0.34726065 0.12953088 -0.15692745 169.86189
-0.37704581 0.24051261 -0.18052788 169.33334
-0.39632136 0.32178977 -0.17144541 148.16667
-0.37862706 0.4966301 -0.18158206 182.5
-0.33356833 0.53547508 -0.18295707 161.41667
-0.34864655 0.65109003 -0.17798392 175.875
-0.35801953 0.72951752 -0.19315048 151.25
-0.34275639 0.85223109 -0.178876 153.05864
-0.3590132 0.9199993 -0.17965813 133.5
-0.36075124 1.0441117 -0.19890463 160.54546
-0.33039269 1.2231069 -0.18423359 127
-0.3210319 1.3789575 -0.19646698 175.73914
-0.34484214 1.4699482 -0.15868381 151.48334
-0.34129667 1.5526886 -0.17397624 161.35785
-0.35363644 1.6409765 -0.15471038 163.82007
-0.3466748 1.7497896 -0.15418175 171.93799
-0.33467686 1.8630421 -0.13318622 183.33334
-0.39985394 1.9997956 -0.10046105 176.39999
-0.31622863 -0.30269936 -0.05955952 131
-0.38814172 -0.11201044 -0.074094139 180.5
-0.35300264 1.3891932 -0.087489516 147
-0.37915695 1.6352212 -0.065987341 144.5
-0.31987163 2.0434256 -0.087952591 170.93076
-0.3237969 2.1293998 -0.070175976 161.625
-0.33222559 2.2195897 -0.053758435 152.08334
-0.32911322 2.3387413 -0.037450805 162.78094
-0.36151877 2.4455214 -0.004574894 163.82539
-0.3279143 1.5888929 0.047578581 146.73215
-0.33481914 1.6631861 0.0020613498 129
-0.32735473 2.0516346 0.010105732 175.55
-0.32482484 2.1469784 0.068867728 127.08696
-0.3238731 2.3365226 0.0049740393 166.71333
-0.35822788 2.4591346 0.059094932 168.84286
-0.36404705 2.5530598 0.030661616 171.13713
-0.36284482 2.643712 0.022754494 150.5
-0.34607437 2.784873 0.068895653 165.83459
-0.35613206 2.8704655 0.057070311 168.27272
-0.3576453 3.0521905 0.037271868 160.22487
-0.33276579 2.1826491 0.11981926 133.375
-0.33924374 2.2630651 0.14557917 151.25
-0.36171892 2.4341722 0.12553069 129.06818
-0.33668983 2.5383971 0.18072224 135.03751
-0.32368413 2.6664162 0.136825 190
-0.36833864 2.7560108 0.16126609 184.66667
-0.34280691 2.8512354 0.12455734 169.81071
-0.352198 2.9468563 0.15823093 165.57024
-0.32644764 3.0343437 0.16195507 172.125
-0.3722924 3.1468821 0.17371331 160.72778
-0.36556485 3.254441 0.18655077 154.25
-0.32698396 3.3631074 0.18986462 134.66667
-0.33875373 3.4417148 0.1574734 190.83334
-0.36904958 3.5617924 0.16266364 187.55
-0.34778798 3.6717815 0.18052432 188.89583
-0.36671147 3.7482517 0.19342361 191.10001
-0.30535609 3.8206825 0.12949054 188
-0.3117463 3.9465227 0.15384842 189.75
-0.33240885 2.5671513 0.25866798 126.92857
-0.30582634 2.6136808 0.21173215 148.26666
-0.31371322 3.0189023 0.25380856 128
-0.31278673 3.4198797 0.20384297 123
-0.32734326 3.8725827 0.21231955 188.66667
-0.30196732 3.9676478 0.2237291 180
-0.32875592 3.5449574 0.31454533 170.77777
-0.34727207 3.6425667 0.37436143 153.21429
-0.36569989 3.7449431 0.38700321 154
-0.38792819 3.8148458 0.39553645 153.75
-0.39315569 3.4516695 0.43290126 130.66667
-0.33322734 3.8892384 0.40366691 153.66667
-0.34680536 3.9637408 0.4161571 150
-0.31998095 4.0584126 0.43174294 144
-0.39390305 4.31879 0.51535571 201.16667
-0.37859577 5.2309737 0.58378977 181.57143
-0.3447887 5.3950634 0.52169198 154.38141
-0.37784216 5.4848957 0.54949409 153.88235
-0.34693044 5.6355219 0.56449032 131.97794
-0.3146401 5.7625771 0.57705581 143.5
-0.33359945 5.3476133 0.62411034 156.03334
-0.33520284 5.43608 0.64800692 161.57143
-0.30723643 5.6277885 0.61474538 120
-0.32895312 5.8518605 0.61482286 147.5
-0.33914697 5.9225321 0.63951647 155
-0.35587901 6.0310707 0.68239081 168
-0.35559666 6.0665855 0.72048527 160.5
-0.37432778 6.1475449 0.73067242 180.5
-0.3261562 6.2226558 0.76592278 186.66667
-0.36078584 6.3626242 0.81895876 182.55556
-0.36557043 6.4901628 0.85836381 174.5
-0.30067459 6.5568066 0.87249106 171.38461
-0.37293181 6.6513338 0.9227035 163.05952
-0.3625696 6.9594359 1.020067 154.89473
-0.36334622 7.0807505 1.0803781 152.7451
-0.35926756 7.1377621 1.2552067 138.25926
-0.33461651 7.0714884 1.3958117 133
-0.3610149 7.1727238 1.3259244 134
-0.20317455 -0.57143837 -0.66533262 133
-0.28178847 -0.46892938 -0.66120172 133
-0.26714525 -0.2069765 -0.61808032 142
-0.22797291 -0.19853222 -0.61790276 147
-0.28993976 0.014553449 -0.60126245 145.5
-0.2672537 0.068235621 -0.5959481 148.75
-0.23347537 0.11589245 -0.59033591 149
-0.28512841 0.23785737 -0.57202756 145.5
-0.24002613 0.3415204 -0.55565429 142.25
-0.29118773 0.50197929 -0.54361856 131.33333
-0.26334834 0.63985324 -0.52414799 122.66666
-0.23805983 0.80197394 -0.50509238 115
-0.22596134 -0.10445786 -0.45232895 169
-0.22589046 -0.052111145 -0.44504482 169.13461
-0.2578491 0.039858997 -0.4502404 180.875
-0.25275946 0.13681617 -0.42482641 171.6425
-0.26290736 0.24995795 -0.42180553 160.93582
-0.24485658 0.33019829 -0.41044858 164.85507
-0.27505258 0.53418022 -0.40700215 155
-0.22367951 -0.57317477 -0.33122793 143
-0.28116122 -0.11445408 -0.30781385 183.66667
-0.22072597 0.23692454 -0.39748842 170.125
-0.22966729 0.34629965 -0.36926079 165.38461
-0.22503959 0.4714615 -0.37970829 155.02499
-0.24236873 0.54729247 -0.36289448 156.79546
-0.24722801 0.66866952 -0.37026805 159.02782
-0.25663757 0.76079607 -0.35487536 164.14398
-0.23306322 0.82840192 -0.35669824 164.73106
-0.26376724 0.94903439 -0.35769755 167.64287
-0.28904268 1.0502623 -0.31745023 183.71429
-0.26333708 1.1492395 -0.31885871 164.16666
-0.20320064 -0.058483023 -0.2834605 186.5
-0.22889534 0.023765489 -0.24846765 167.5
-0.2194991 0.2857742 -0.201564 189
-0.23586066 0.50564581 -0.2061529 183
-0.24696539 0.65351659 -0.20340221 174
-0.25750491 0.84812105 -0.20117705 157
-0.24637984 0.93268895 -0.26578456 192.5
-0.25253093 1.0561873 -0.27203754 168.68628
-0.29746431 1.1949241 -0.21735471 182.45454
-0.27743122 1.2785511 -0.26051822 173.54761
-0.24721257 1.3418312 -0.22075681 183.88095
-0.23013894 1.4383465 -0.23069504 172.095
-0.23938085 1.5255272 -0.22811449 173.6111
-0.21078902 1.616478 -0.22285996 143
-0.2331899 1.7462572 -0.21453273 116.25
-0.24173148 -0.37035593 -0.18031909 152.1111
-0.25222155 -0.23403125 -0.17980702 158
-0.26315945 -0.15392122 -0.18740979 166.04465
-0.22202085 -0.0410758 -0.17096299 168.3
-0.25268039 0.062066354 -0.19361451 148.39999
-0.23565516 0.12389675 -0.17813672 164.62848
-0.25060144 0.24311015 -0.18504804 166.9969
-0.28748849 0.37505889 -0.15059736 179.8
-0.24818164 0.4430902 -0.17440131 169.04445
-0.27126315 0.53351116 -0.18655014 170.01666
-0.24774757 0.63945657 -0.18721716 169.5625
-0.2504397 0.74447954 -0.17896433 164.375
-0.26230326 0.85195917 -0.18695435 154.22221
-0.25182006 0.93640852 -0.17384334 145
-0.27120665 1.1523216 -0.19297312 139.625
-0.21833692 1.3686332 -0.1955287 176.02274
-0.23532987 1.4488555 -0.1545005 147.6412
-0.24649648 1.5210663 -0.17946632 161.80849
-0.26016575 1.6448709 -0.17842856 165.51237
-0.22247793 1.7682772 -0.1399584 182.5
-0.25063908 1.8658966 -0.11715529 170.91666
-0.25203624 1.9172009 -0.10970329 173.89999
-0.20084184 -0.23433279 -0.044153072 132
-0.23169184 -0.14567822 -0.070059694 162.55556
-0.26237607 -0.092168398 -0.077739365 170.22223
-0.2647661 0.12255561 -0.081321627 183.375
-0.26391998 1.5883121 -0.0674797 123.55
-0.21759704 1.8362622 -0.026244683 189
-0.26910093 1.9331061 -0.0091391364 182.54166
-0.28130674 2.0193205 -0.089174628 156
-0.24214889 2.1291227 -0.073062189 166.40001
-0.22408985 2.244715 -0.043582141 166.70995
-0.24547404 2.3308418 -0.042837251 166.41667
-0.23100336 2.458894 -0.0080732927 150.08334
-0.20312177 2.8898993 -0.013522929 162
-0.24599469 2.0152218 0.00018159542 179.71428
-0.25286555 2.1131709 0.014638771 175.90475
-0.20444588 2.3627605 0.0073182196 173.17392
-0.29536772 2.4598103 0.0010867816 174.69231
-0.26918921 2.5522804 0.022186693 155.66667
-0.27274328 2.6777806 0.04690991 161.825
-0.23840812 2.7532578 0.064928778 161.6907
-0.24945851 2.9949684 0.054376811 126.3
-0.27976173 3.0128708 0.058885809 132.78947
-0.24548973 3.1424432 0.028603701 160.75
-0.20641629 3.4494154 0.073622547 190.60001
-0.21703953 3.5465336 0.095078915 190.33333
-0.25727046 2.5303206 0.13051978 183.11111
-0.26577899 2.7759254 0.15542847 186
-0.23971784 2.8671329 0.11730956 173.83929
-0.2575112 2.9530442 0.12445295 188.28572
-0.20148695 3.0594871 0.13198465 185
-0.26483384 3.1645324 0.17027093 160.5
-0.22912632 3.258251 0.18589096 137.8
-0.24808644 3.4550073 0.16523808 186.27084
-0.28548837 3.5830972 0.17886789 188.77777
-0.26060787 3.6296966 0.13511437 189.2
-0.25405285 3.736403 0.16711159 184.65001
-0.21262445 3.8318508 0.1460516 189
-0.26444244 3.961726 0.16265137 190.60001
-0.28570041 3.0973353 0.23634838 130
-0.24094987 3.4803529 0.29410762 170.33333
-0.2313914 3.8063705 0.20768529 189.83333
-0.27780429 3.9213469 0.21258804 188.8
-0.21222126 4.0071874 0.22733851 186.60001
-0.2332461 4.114738 0.24035017 177.5
-0.20045774 3.4560788 0.30865034 165.66667
-0.21174146 3.5431261 0.3276749 166.75
-0.24624135 3.6336837 0.33813325 156.08087
-0.29241762 3.8175335 0.39210415 157
-0.29460803 3.4684336 0.49483007 122
-0.24166453 3.5495188 0.47135481 139
-0.23290406 3.958056 0.41124159 147.8
-0.2870127 4.1673503 0.45737091 132.39999
-0.24659477 4.3071742 0.48326662 130
-0.27254614 5.2453008 0.47388545 188.25
-0.24644621 5.2205315 0.5477547 196
-0.27708706 5.4950008 0.55063784 152.28572
-0.26890206 5.5648646 0.57708931 150.85715
-0.29450887 5.2444782 0.61983401 183
-0.20780002 5.3813176 0.61382788 157.25
-0.24201371 5.4624624 0.63665408 154.80769
-0.23365551 5.5997391 0.69204658 159
-0.26860428 5.6192327 0.6395902 145.66667
-0.21169654 5.9613614 0.64844459 161.5
-0.24097683 6.0540285 0.6896261 170.5
-0.298163 5.1849146 0.70855528 193.92857
-0.2341961 5.9848652 0.70093727 135.66667
-0.26855049 6.0040679 0.70513189 139
-0.271274 6.1544127 0.72940069 179.39999
-0.2681272 6.2946835 0.79263818 187.88889
-0.22110362 5.1809006 0.8413834 187.98215
-0.22987084 6.2470074 0.81906062 185.41666
-0.27868372 6.3429961 0.84812564 177
-0.25746703 6.4427423 0.84174752 180.70454
-0.2183096 6.9942927 1.0470496 149.5
-0.2533794 7.059114 1.0751312 150.41684
-0.29526654 7.1269379 1.1127316 148.75
-0.22937706 7.1836667 1.2601756 182
-0.25208393 7.1316123 1.3031001 132
-0.18771799 -0.73168391 -0.68367314 125.5
-0.11889253 -0.66898233 -0.66915619 133
-0.14121254 -0.39683673 -0.64022297 142.33333
-0.18821895 -0.29907119 -0.62866998 143.25
-0.12852037 -0.17649253 -0.60433424 149.66667
-0.16585304 0.010335749 -0.59077215 150.39999
-0.13519534 0.14611654 -0.5710721 154.075
-0.19185628 0.21127576 -0.56787699 153.25
-0.15444861 0.30551222 -0.55432737 152.5
-0.16357537 0.42839745 -0.54270458 147.58334
-0.19163184 0.5869692 -0.52902097 136.66667
-0.1105131 0.67907828 -0.51134497 135
-0.16723196 0.73218924 -0.50460422 124.5
-0.14168823 -0.052477475 -0.45650291 175.56429
-0.1404652 0.040601633 -0.43261984 176.7361
-0.1404791 0.13479464 -0.41898277 165.75761
-0.17544293 0.21832576 -0.42702079 169.61365
-0.14311957 0.34706846 -0.42031765 161.46774
-0.14799494 0.44320917 -0.4083395 156.1328
-0.12072124 0.24568146 -0.39879787 172.25
-0.13004364 0.35337159 -0.37130266 166.14285
-0.11799996 0.44848749 -0.38008735 159.40634
-0.12727506 0.53789961 -0.37489039 156.88214
-0.11509433 0.6372782 -0.37955114 157
-0.14446305 0.73630518 -0.353827 161.08655
-0.15890296 0.85408527 -0.34508932 171.1913
-0.15003784 0.96262789 -0.32487065 170.07852
-0.17729372 1.0437917 -0.31243566 182.40741
-0.1693477 1.172708 -0.33532202 157
-0.17258136 -0.2946952 -0.29978135 175.85715
-0.12133708 -0.16258854 -0.20615669 184
-0.124934 0.063915096 -0.2723124 181.33334
-0.15844296 0.56884766 -0.20096014 183
-0.12408593 0.98459703 -0.22614916 150
-0.16767183 1.0281667 -0.27387267 177.09091
-0.17069082 1.1505049 -0.26599631 183.73653
-0.15315817 1.2557831 -0.25907865 183.36218
-0.14803325 1.3546338 -0.24039809 166.68982
-0.15924861 1.4261526 -0.22973286 121
-0.15623333 1.5254536 -0.20986125 173.75
-0.14372487 1.6473436 -0.21016659 169.8
-0.13772294 -0.3379274 -0.17412242 166.30682
-0.128959 -0.2377246 -0.1838735 166.22726
-0.16505857 -0.13792671 -0.18296008 164.43294
-0.16236806 -0.079749599 -0.18173406 161.30157
-0.17118229 0.066343367 -0.19375129 164.98215
-0.15970646 0.14442059 -0.19414869 172.83334
-0.13964587 0.23504572 -0.18162261 174.2755
-0.16009118 0.35807022 -0.16858582 174.56
-0.16172037 0.43114451 -0.18880673 178.71667
-0.14774516 0.54222822 -0.17994697 178.10834
-0.15664628 0.65092385 -0.18440618 174.05
-0.14667746 0.74239612 -0.18459974 164.75
-0.13617027 0.84557575 -0.1780387 159.59523
-0.1501293 0.93907493 -0.18137315 146.88097
-0.16030614 1.0131177 -0.19882187 153.2
-0.12105422 1.1717395 -0.18814334 146.5
-0.16096662 1.2309589 -0.17570519 139.5
-0.10383379 1.3904191 -0.18674137 188.42857
-0.14607982 1.4219416 -0.18762515 166.14815
-0.11954284 1.5374943 -0.15242876 149.00555
-0.15682034 1.6419357 -0.15614049 165.65611
-0.19448091 1.8323569 -0.11686596 187
-0.11589788 2.1404736 -0.10142726 179
-0.12909928 -0.15232866 -0.048534695 154.33334
-0.10810273 0.22894908 -0.040308665 156
-0.1900138 0.31671673 -0.013199638 146
-0.14517333 1.5636743 -0.018310005 140.07143
-0.19727106 1.7880112 -0.022545565 172.75
-0.17180407 1.8363924 -0.020813107 183.60001
-0.1346958 1.9404551 -0.017793905 187.66667
-0.12982832 2.0719752 -0.059378423 149.58852
-0.14165032 2.2572098 -0.056402259 179.85455
-0.12661552 2.3187792 -0.032160211 165.44643
-0.1761556 2.4456296 -0.0083430586 163
-0.10874715 2.5272655 -0.0054971981 135.5
-0.12049587 2.7559042 -0.032218948 162
-0.16456231 2.8235619 -0.024502739 167
-0.12941986 -0.18632324 0.016343532 131
-0.14701197 1.603652 0.038466912 160.57143
-0.15132624 2.0348969 0.0024384758 183.4375
-0.13398506 2.1133447 0.01060581 181.39999
-0.17796431 2.243027 0.033209451 176.16667
-0.13862738 2.3415833 0.024900319 177.62807
-0.18690164 2.4633043 0.056392726 175.86864
-0.15449916 2.5682254 0.024583355 185.91667
-0.15288898 2.6439373 0.033108044 157.6111
-0.18795423 2.7438345 0.046558172 146.35001
-0.10186054 2.8915944 0.0015470901 164
-0.16409288 2.9315825 0.011373973 156.33333
-0.14798982 3.0249357 0.015888311 158.91666
-0.13584638 3.1567819 0.045958426 158.47144
-0.13637261 3.2676384 0.035636082 192
-0.1783691 3.3318982 0.049392574 191.5
-0.1119126 3.4571278 0.086129576 187
-0.13806905 3.541481 0.097858079 186.58333
-0.1942821 2.7599068 0.17098637 145.90625
-0.18230599 2.8729074 0.12172839 162.5
-0.16888663 2.9343498 0.1139173 189
-0.1242355 3.0337718 0.1241145 181.39999
-0.15366249 3.1495011 0.14768931 164
-0.12488832 3.2366974 0.17125258 156.3889
-0.14364024 3.439151 0.15103073 180.35715
-0.16262886 3.517195 0.16225655 181.21428
-0.15089406 3.6347189 0.15981868 182.87909
-0.15553316 3.7366335 0.16277958 184.42857
-0.13894267 3.8609917 0.17250031 173.875
-0.16467093 3.9256961 0.16368102 188.25
-0.16272438 2.7685287 0.21517678 127.33334
-0.13033289 3.1376743 0.22551022 161.08334
-0.15811031 3.2489166 0.26325235 165.5
-0.14561686 3.3644891 0.28947407 163.25
-0.11742393 3.5268168 0.23904294 161.5
-0.11816067 3.6231794 0.24327435 174
-0.11152063 3.7727754 0.26859817 184.83333
-0.13195601 3.8358104 0.24259911 187.27777
-0.13250248 3.9557207 0.25788307 186.675
-0.13827719 4.0602269 0.2358299 185.60001
-0.18875971 4.1404934 0.24881972 176.33333
-0.11798734 4.2404685 0.27353832 186.75
-0.11049091 3.4740014 0.31159222 166
-0.15403929 3.5432539 0.32102799 160.625
-0.1523568 3.644093 0.35795155 164.36667
-0.10252947 4.1161637 0.31016913 175
-0.17863658 3.654295 0.42166829 133
-0.18462124 4.0709701 0.42827174 135
-0.14725238 4.1538334 0.44779041 124.33334
-0.11169462 4.2365541 0.46090496 123
-0.18527815 5.396204 0.49638215 158
-0.14996073 5.4500299 0.56355375 155.95564
-0.16747096 5.5626345 0.55669546 155.5
-0.12837037 4.208643 0.60155815 205.16667
-0.16654237 5.2424555 0.63965207 183.04881
-0.14947765 5.4993782 0.62157005 154.76471
-0.19160238 5.624444 0.63223982 153
-0.18680732 5.8682103 0.62251967 146
-0.17416009 5.9276395 0.65332079 138.75
-0.16648138 5.1833696 0.76280099 184.08334
-0.12221449 6.1361918 0.73997962 177.21428
-0.19009618 6.2198315 0.75315386 181.39999
-0.13349691 6.308434 0.79043251 186
-0.12577473 5.1814222 0.83716595 179
-0.13787377 6.2439394 0.80896688 189.625
-0.1896967 6.3812389 0.83232528 181.5
-0.16891833 5.1700664 0.90511853 183.58333
-0.1434316 7.0475607 1.0752715 158.35294
-0.10772309 7.2481222 1.0601902 82.928574
-0.12329098 7.1613426 1.1373497 135.60001
-0.1425844 7.2302051 1.1285595 112
-0.13056208 7.1621385 1.2278417 136.5625
-0.17500222 7.142714 1.326224 181.27692
-0.15769312 7.107338 1.4183344 185.05882
-0.013569757 -0.74502969 -0.67387402 133
-0.077133596 -0.53041482 -0.65023422 141.33333
-0.00029856997 -0.43164784 -0.63239396 149
-0.070848681 -0.33294493 -0.62433219 145.5
-0.06128066 -0.25360438 -0.61324418 146.5
-0.012172132 -0.15054353 -0.58483607 150.28572
-0.045976631 0.045041859 -0.56703246 151.5119
-0.007871544 0.1571366 -0.54634452 153.28572
-0.077537581 0.27253723 -0.54968226 158.75
-0.037428025 0.3720277 -0.53598702 156
-0.09880577 0.51614511 -0.52749014 148.8
-0.035662301 0.60569906 -0.51174176 148.25
-0.078102849 -0.10217775 -0.45265424 170.5
-0.036253061 -0.062885866 -0.46092975 176.3
-0.031936198 0.046986945 -0.43028739 175.79631
-0.045640092 0.1531563 -0.42143095 165.94226
-0.080867514 0.24913886 -0.42177758 162.5229
-0.056495626 0.38720259 -0.41854805 163.50595
-0.026228918 0.4010134 -0.40641245 148.23529
-0.092208982 -0.37561569 -0.31004623 172
-0.09246736 -0.28411773 -0.3044863 180
-0.048008062 0.25639111 -0.39865732 167.33333
-0.073196329 0.34247866 -0.37431067 170.39999
-0.074783385 0.56553054 -0.38089329 155.41176
-0.073621497 0.65623254 -0.35563639 142.68333
-0.052513994 0.71707129 -0.34872973 157.08417
-0.066521592 0.82162046 -0.33490819 167.1879
-0.064772457 0.93264079 -0.32739627 172.24991
-0.077852979 1.0611633 -0.3293806 182.83334
-0.052904222 1.1472375 -0.316255 185.75
-0.075735144 1.2362432 -0.32180142 166
-0.066430084 -0.17332803 -0.28562179 188
-0.022072492 -0.068803467 -0.20630288 178
-0.03926266 0.066299133 -0.20484787 177.25
-0.022415671 0.14152552 -0.23883437 177.14999
-0.019531948 0.42457852 -0.2935164 124
-0.057732634 0.76002127 -0.23637046 128.67574
-0.019807626 0.84212464 -0.2328921 159.25
-0.070059158 0.92641681 -0.26477686 132.91667
-0.087098598 1.0482719 -0.27421847 176.74324
-0.055469912 1.1422585 -0.24970388 176.96667
-0.044841293 1.2467027 -0.2659128 172.76442
-0.048839394 1.3351976 -0.23918982 170.59401
-0.058626477 1.4455255 -0.23552769 161.59523
-0.085477985 1.5348802 -0.2410832 151.66667
-0.084109724 1.6436344 -0.22649045 132.66667
-0.082381889 1.7600222 -0.21268797 117
-0.050843276 -0.44638979 -0.19647346 165.25
-0.04887446 -0.35391352 -0.19785163 174.10001
-0.073738776 -0.2459044 -0.15673108 160.76666
-0.070664443 -0.13745034 -0.16039383 147.84616
-0.063649558 -0.031315163 -0.19811763 178
-0.063926913 0.067791842 -0.19803654 177.39999
-0.047167294 0.16363336 -0.1727159 166.125
-0.019376911 0.23302749 -0.18849647 172.27083
-0.058728117 0.35280743 -0.17946084 175.53778
-0.059015971 0.44260064 -0.17866373 179.55672
-0.05254459 0.54547417 -0.17684846 180.64444
-0.057068814 0.63750136 -0.18041307 169.67857
-0.049135074 0.74015826 -0.16850239 164.2375
-0.064535946 0.82655787 -0.15763599 163.98958
-0.03530401 0.94522518 -0.16620098 144.05898
-0.032700524 1.0330029 -0.14991328 136.7971
-0.045753255 1.1281481 -0.15474135 150.33334
-0.011063823 1.2376975 -0.17216463 139.33333
-0.099349596 1.3175356 -0.1988699 189.5
-0.060539488 1.4243723 -0.1622781 180.0074
-0.0138091 1.5517308 -0.15742572 163.03296
-0.041574411 1.6701022 -0.15456019 165.7204
-0.053553451 1.7274083 -0.1666559 175.61906
-0.030788353 1.8414005 -0.16388611 181.23396
-0.031134212 1.9070727 -0.11647687 191
-0.032725256 -0.23969023 -0.069882333 156
-0.037207227 -0.15961546 -0.077203512 141.04166
-0.073343202 0.1757025 -0.029712178 137.63235
-0.036243416 0.2426739 -0.069478147 151
-0.0361774 0.30150625 -0.041240361 156
-0.062822238 0.82595962 -0.092494294 139
-0.039966945 1.0654738 -0.087255463 125.5
-0.047330011 1.1278682 -0.075876795 143.9375
-0.046380244 1.4489011 -0.085101128 165
-0.083367541 1.7755851 -0.054874621 192
-0.072245188 1.9555922 -0.015569934 190.33333
-0.050651945 2.0613685 -0.048482198 166.18788
-0.016423203 2.2638171 -0.043907121 181.125
-0.035248563 2.3437304 -0.068140015 182.66667
-0.045324009 2.4392347 -0.014279392 145.11667
-0.01897319 2.7545581 -0.030777216 167.66667
-0.04762952 2.8494565 -0.011294737 164
-0.095042109 -0.14496949 0.029691137 133.125
-0.054614983 0.17153889 0.030922249 125.01875
-0.096996747 0.23918186 0.027955957 138
-0.068964943 2.1376581 0.050874345 146.45238
-0.036496978 2.2226644 0.024043752 176.10001
-0.033298206 2.3406119 0.0301772 185.38889
-0.059357956 2.4338424 0.033225045 183.77142
-0.061218709 2.55109 0.054476045 186.20842
-0.064945854 2.6544228 0.050962199 173.15909
-0.039356418 2.7456787 0.05937269 178.22223
-0.050310906 2.9326501 0.020997783 158.18889
-0.001170669 3.0629661 0.025458457 152.20689
-0.042350136 3.1558945 0.042310964 163.97977
-0.063080788 3.2623806 0.043705106 191.25
-0.083875865 3.3664651 0.067715093 189.09091
-0.019929696 3.4852221 0.081776872 181.29167
-0.051641889 3.5763779 0.095083222 180.34782
-0.029629808 2.1831253 0.15386146 127.8
-0.010926565 2.2450812 0.17268272 131
-0.053920314 2.9301405 0.14619216 159
-0.058887813 3.0672257 0.16073754 169.5
-0.035786465 3.1624091 0.13782585 139.63333
-0.077155754 3.2939801 0.16790837 131
-0.02772551 3.3673909 0.1854739 142.5
-0.03425796 3.4335639 0.1658852 143.86539
-0.038041387 3.5737689 0.15984249 174.26428
-0.039445233 3.6720476 0.1439051 177.49472
-0.063313007 3.7629402 0.15831421 179.62146
-0.027750621 3.8644803 0.14171247 177.66667
-0.054030739 3.1895223 0.24282755 164.66667
-0.06806761 3.2776704 0.26961368 165.375
-0.063242637 3.4361978 0.20661458 157.3
-0.03282832 3.5647101 0.27197939 167.66667
-0.09219341 3.6701128 0.24530669 178.11111
-0.02800533 3.7847006 0.25725442 185.10001
-0.058717776 3.8658805 0.24431257 186.36429
-0.049930479 3.9252112 0.24961135 189.25
-0.024872113 4.0446858 0.26127699 185.5
-0.078126281 4.1469841 0.24958034 185
-0.011724001 4.2735085 0.27355114 184.39999
-0.02909926 4.3420095 0.29463395 208.71428
-0.071164109 3.4554262 0.33243272 129.06522
-0.04242963 3.5529606 0.31837192 154.24098
-0.048869014 3.6479938 0.33859318 160.22223
-0.046443082 3.7680228 0.37161189 148.7
-0.044316147 3.8512683 0.38515809 142.5
-0.098905295 4.1983209 0.32377791 172.5
-0.088294432 4.2554355 0.39403737 208.27272
-0.094016902 4.3099475 0.34217846 164
-0.044799514 4.0581679 0.43311977 120.5
-0.051375445 4.2418318 0.49112341 207.36363
-0.05294133 5.3591104 0.4656755 144.75
-0.013931875 5.4545593 0.49762136 142.33333
-0.019093366 4.2221551 0.56338733 204.875
-0.078446724 5.2682877 0.56629777 181
-0.091895349 5.3065505 0.59079713 166.325
-0.078291595 5.4391317 0.54899997 153.91666
-0.080163307 5.559649 0.54225534 151.25
-0.034398995 5.2281775 0.69117558 177.3158
-0.048104614 5.8971558 0.65230274 132
-0.077793092 5.9287982 0.65120375 137
-0.098835707 6.0245018 0.67170829 162
-0.059010599 5.2241826 0.74412334 177.75233
-0.060227633 5.9315777 0.71965688 175.375
-0.048393831 6.05303 0.75139832 181.6881
-0.023876471 6.1552467 0.75037372 178
-0.061268765 6.2381353 0.77837586 184.25
-0.025759079 5.1720076 0.88104707 174.14999
-0.05498052 6.3269649 0.81007588 188
-0.078699872 6.4487929 0.84267402 172
-0.087444372 5.1837301 0.90181071 178.93333
-0.038942654 7.1022077 1.091827 169.625
-0.052389488 7.1806073 1.1338509 128.25
-0.041051909 7.2838073 1.1562532 190.375
-0.060550775 7.1829934 1.2312614 111.5
-0.015366198 7.1766915 1.3486189 194.28572
-0.010384846 7.1461649 1.4288584 193.41667
0.069381863 -0.64653665 -0.65397865 141.5
0.032754559 -0.53200293 -0.64164168 144.5
0.052467957 -0.3423056 -0.61345887 153.125
0.033841621 -0.2679061 -0.60280687 152.42857
0.075875908 -0.17732506 -0.58584964 159.85715
0.025757622 0.020383328 -0.56415582 153.09375
0.068190098 0.13646188 -0.55068469 155.25
0.035359614 0.26293933 -0.53288764 154.06667
0.078577638 0.37882802 -0.51799196 154.16667
0.0064415731 0.47605291 -0.52396542 154.83333
0.02954643 0.54079413 -0.50955242 157.66667
0.061414726 -0.078348063 -0.46525177 177.13333
0.037286066 0.025459833 -0.44342983 179.09741
0.058124032 0.13929982 -0.4355118 168.98322
0.035860028 0.23961043 -0.43000239 164.27777
0.043925066 0.31920603 -0.42111567 158.2449
0.068202086 0.4342508 -0.4201594 165.6875
0.038420271 0.55649072 -0.3796986 162.83118
0.051083334 0.64579481 -0.34916955 151.55104
0.061175335 0.75706571 -0.37015828 174.35172
0.025538115 0.88584393 -0.32748303 162.74489
0.046635352 0.95338827 -0.31699926 169.76088
0.050331458 1.0442417 -0.32533869 187.81516
0.011379372 1.1061085 -0.31194851 188
0.063945085 -0.35531345 -0.20254566 179
0.052956175 -0.22957434 -0.28455922 186.16666
0.0024899475 -0.16703747 -0.28413767 186.71428
0.05349344 -0.050766408 -0.2695272 181
0.045305964 0.030110911 -0.25783712 176.20625
0.051675417 0.77502871 -0.20847227 173.05357
0.054115701 0.90222353 -0.26027447 157
0.05304822 1.0650967 -0.28287792 162.67337
0.065638088 1.1600535 -0.26654899 167.89088
0.046117391 1.2471367 -0.24547577 175.20345
0.04210062 1.3483502 -0.22720002 177.52431
0.072501212 1.4477767 -0.23136163 167.66888
0.065493084 1.5449357 -0.217141 149.23566
0.030064262 1.6221349 -0.20834416 175.17392
0.043246005 -0.53510189 -0.19718964 161.6111
0.049307093 -0.43084195 -0.19750397 174.03334
0.035057824 -0.37874922 -0.19858979 178.83334
0.045966331 -0.2549215 -0.18362941 165.8125
0.05457253 -0.14372487 -0.14862134 149.17332
0.0395675 -0.039015636 -0.17517427 157.86807
0.051041823 0.062361542 -0.19134052 154.31609
0.042213675 0.13694838 -0.17935094 152.9198
0.034858275 0.23887193 -0.18496791 171.20714
0.0546267 0.35814384 -0.18630695 175.46913
0.054108981 0.45458081 -0.17831023 176.43987
0.036707237 0.54545921 -0.17349069 175.16429
0.033206973 0.65365821 -0.17753373 173.50002
0.05226513 0.75024873 -0.17749573 173.12776
0.048086934 0.8443985 -0.16993284 184.70557
0.063801199 0.96858692 -0.1699518 145.95
0.071179487 1.0478184 -0.18414807 153.8
0.029042445 1.14539 -0.17826538 145
0.057246637 1.2347473 -0.13096786 167
0.054834411 1.3895628 -0.19731481 182.25
0.08255066 1.5339684 -0.17540379 175.81119
0.061448801 1.6366652 -0.15749773 168.89423
0.057408139 1.7596478 -0.16730082 181.97858
0.046425276 1.8663298 -0.12854454 189.57143
0.054061219 1.9694995 -0.13318987 189.04443
0.095368557 2.0148404 -0.1501783 188.75
0.0040713246 -0.21578538 -0.090452872 170
0.047759313 -0.15154836 -0.043550543 138.59694
0.091436535 0.085698105 -0.051803794 155
0.06040499 0.15961979 -0.056084875 133.97075
0.055707637 0.22508709 -0.048800711 151
0.033381402 1.8857009 -0.04383944 195
0.013656627 2.0612998 -0.0083011137 191
0.018617615 2.1909366 -0.079168662 156.75
0.067307904 2.2514734 -0.055621646 171.07143
0.064049616 2.329355 -0.034855172 155.54167
0.044793621 2.4155071 -0.05503644 179.75
0.062191438 2.5509419 -0.019911775 153.5
0.068163149 2.6452994 -0.016825281 171.25
0.065882869 2.7614088 -0.017114498 160.28888
0.063573487 2.8409626 -0.004596089 153.8891
0.044721372 -0.14579253 0.017864859 139.45634
0.082260936 0.17369603 0.023819931 130.41667
0.061173514 0.22673205 0.022363026 138.5
0.037918665 2.1988227 0.018063063 189.16667
0.060754821 2.2660317 0.035078909 189.07143
0.05020177 2.3452291 0.047381055 188.3125
0.035283092 2.4293849 0.047608878 179.62495
0.042073216 2.5576398 0.033522904 187.97334
0.0094413804 2.6415644 0.026767353 167.83333
0.057502519 2.7825704 0.037800591 167.43333
0.076599739 2.8753681 0.060177337 140
0.061304744 2.9738843 0.020362293 147.59167
0.046242055 3.0875988 0.017165942 164.63637
0.068634883 3.1882498 0.034688707 172.54546
0.019088415 3.2714109 0.075001471 176.16666
0.046788387 3.3603795 0.082380839 172.58478
0.091924086 3.5150993 0.076944649 174.97562
0.052554548 3.6021349 0.09042412 173.5
0.058947165 2.2594819 0.13139109 157
0.024775928 2.4444509 0.11989234 180.81818
0.095551893 2.7128136 0.10349378 186
0.046227306 2.8946109 0.15787995 159
0.0055149742 2.9968591 0.18344313 163.2
0.063758358 3.0602593 0.12462429 155.75
0.016071245 3.1978133 0.14590402 144
0.071753398 3.2538078 0.1592804 151.65334
0.07366284 3.3349543 0.17045452 147.56364
0.085978083 3.5181322 0.14006619 162
0.029759504 3.6970487 0.10709151 172.54347
0.042979181 3.7888463 0.15855676 174.69305
0.095615894 3.8045478 0.11185138 165.61111
0.055690363 3.1121311 0.21460304 169.10001
0.06069313 3.2423685 0.25494465 144.66666
0.029248901 3.3085458 0.26386243 153.72
0.005340735 3.4053519 0.28452182 149.11111
0.077788241 3.5561392 0.2888051 149.50748
0.074942991 3.6146302 0.23308821 175.375
0.020156316 3.7203553 0.26428285 183
0.041867357 3.8664482 0.2330424 184.24107
0.044994339 3.980906 0.25151867 187.11905
0.066334695 4.0739431 0.2454751 189.2
0.015263946 4.172195 0.24642551 185.75
0.089178182 4.3481565 0.28712738 198.01666
0.018750761 3.465266 0.35599163 123.33334
0.0495984 3.539187 0.34625772 162.83334
0.060031984 3.672194 0.33280048 151.60001
0.071665071 3.8238227 0.36602834 136.75
0.024570538 4.2792344 0.39468274 208.09091
0.058273561 4.2682252 0.48903069 206.81818
0.097203612 5.3129916 0.44771823 204.5
0.099465571 5.4370432 0.47503632 128.25
0.084695973 4.2516274 0.55424744 204.33333
0.042219784 5.3382196 0.56392837 162.61528
0.021593407 5.555191 0.52827221 139
0.034367636 5.2566018 0.64077342 174.98106
0.093023419 5.6373835 0.62882322 154.39999
0.061524164 5.7482715 0.65391076 162.5
0.043538705 5.8575087 0.65191394 150.85715
0.030305019 6.0609245 0.68028021 159
0.053835239 5.2274041 0.78800213 169.34375
0.015461384 5.9673624 0.71915209 173.12
0.082683586 6.0977545 0.74428529 181.8
0.055094346 6.1784086 0.77557635 186.57143
0.050565831 6.244864 0.79057848 190
0.049983237 5.2012382 0.8719365 169.8
0.038738966 6.3629017 0.80800998 186.5
0.033105884 6.4504933 0.82852501 177
0.026884634 6.5754833 0.86216795 160
0.032822121 7.1255584 1.0872681 168
0.061433353 7.2276239 1.026986 140.18127
0.027133606 7.2641988 1.1285931 93.75
0.087231636 7.3091288 1.1806639 184.88235
0.1554518 -0.54511368 -0.63552654 155.66667
0.17956312 -0.44636333 -0.61873949 167.33333
0.14470112 -0.27321598 -0.60358208 174.35715
0.13418363 -0.29373497 -0.50337726 133
0.14724079 -0.10908543 -0.55115366 156.39999
0.1627607 0.11116064 -0.55943555 174
0.10912975 0.22987843 -0.53518689 154.78572
0.17315972 0.35132769 -0.51384723 155.40404
0.11576584 0.45479861 -0.50618201 154.2
0.17038327 -0.21010792 -0.48957795 141.5
0.18802105 -0.12376005 -0.49770677 191
0.16139598 -0.038844485 -0.46343535 179.27142
0.13498138 0.050905682 -0.44465065 177.8
0.15362568 0.16494448 -0.43284559 170.40155
0.12624481 0.25569806 -0.43125933 163.72742
0.14273377 0.33999199 -0.42015806 161.25833
0.17225218 0.43509737 -0.42491648 156.11871
0.10858141 -0.11485974 -0.37317264 151
0.12427142 0.5383898 -0.38167027 166
0.15868558 0.631715 -0.35746869 162
0.18083449 0.75559926 -0.35998985 159.99506
0.14456207 0.84194648 -0.32547039 165.60782
0.16067421 0.95311993 -0.33264002 177.71495
0.12514994 1.019067 -0.31175041 153.42857
0.10205886 1.1209553 -0.30380365 190
0.15046288 -0.52305102 -0.20110786 169.42857
0.12624845 -0.43256852 -0.20319605 185.16667
0.13038482 -0.2729117 -0.23119175 170
0.15015759 -0.14337113 -0.26961169 184.47864
0.17423153 -0.028105224 -0.26470855 176.57143
0.18999594 0.068066947 -0.20229895 145.94444
0.16636336 0.14605378 -0.22550918 157.8591
0.1743883 0.22926098 -0.25125092 161.64285
0.12350169 0.66635638 -0.22935189 175.85715
0.18633182 0.79243857 -0.21069355 181
0.1462491 0.94947004 -0.27777293 175.375
0.14851257 1.075554 -0.27044183 167.875
0.15586133 1.1366496 -0.26657519 161.6713
0.15071605 1.2612188 -0.25233385 167.2085
0.14603207 1.3540032 -0.23633261 163.35832
0.14219023 1.4606246 -0.23134495 167.83333
0.16388193 1.5677229 -0.21516089 150.32143
0.13199684 1.6481763 -0.20092438 164
0.1489314 -0.57562613 -0.19766782 167.40001
0.13816988 -0.46734083 -0.19626471 180.49405
0.13822736 -0.35765809 -0.198027 172.42223
0.1268011 -0.24833906 -0.19778749 173.6875
0.13505477 -0.13737589 -0.14640877 145.83919
0.15785162 -0.039663337 -0.195085 154.65822
0.14429806 0.061348669 -0.19428854 154.72832
0.14120455 0.15238106 -0.17389381 152.68764
0.15041594 0.24332833 -0.1825954 165.82687
0.16114397 0.36074358 -0.1895145 175.21689
0.1481092 0.46905199 -0.18104456 178.24599
0.12891673 0.55643868 -0.16705626 176.69762
0.14538372 0.65623599 -0.16798568 178.51111
0.16436189 0.75352609 -0.17106202 173.75
0.15870667 0.85775453 -0.16730165 193.55714
0.15708847 0.94785917 -0.16689724 163.67334
0.17118801 1.0327225 -0.1675206 158.60001
0.13514757 1.1537321 -0.17371935 160.25
0.1255475 1.2494107 -0.16919634 142.66667
0.14872785 1.4903996 -0.18666156 176
0.18140569 1.5599124 -0.1634929 177.66667
0.15090102 1.6497091 -0.17462173 184.39684
0.13353343 1.7376925 -0.18556583 184
0.16143446 1.829904 -0.16000558 188.14647
0.17027736 1.9403363 -0.14395607 190.60416
0.12446335 2.0720122 -0.12537561 184.16666
0.19601448 2.1273649 -0.14150612 188
0.13920178 -0.12888955 -0.076680869 132.5177
0.14786839 -0.088056676 -0.048400901 124.5
0.14930165 0.16442961 -0.062239576 132.11555
0.10935672 0.23011187 -0.095235735 163
0.17333913 0.84962857 -0.089640513 174.33333
0.13189286 2.1473358 -0.091944106 162.5
0.15901136 2.2549319 -0.052773926 164.15625
0.15147616 2.3482652 -0.039520178 165.30832
0.15799694 2.4447145 -0.033461306 172.17778
0.14840439 2.5495534 -0.017685052 137.3
0.15009284 2.7081211 -0.02289667 168.09167
0.15087837 2.8391647 -0.0078296373 159.44666
0.18536383 2.9861145 -0.00022239056 155.22223
0.11199037 0.1999708 0.049326707 134
0.18425649 2.1847024 0.0036601704 186.5
0.18644838 2.4499841 0.051225014 186
0.1507901 2.5698719 0.046550445 188.5
0.15464215 2.6205378 0.056202099 183
0.15185526 2.7379689 0.029562008 163.25
0.16198741 2.8574035 0.037918571 158.61905
0.14387335 2.9556255 0.0041812458 158.70604
0.13282298 3.0616095 0.051193658 158.75
0.12858748 3.2312932 0.047466669 180.81667
0.14197412 3.3256278 0.068367712 172.10715
0.13831484 3.4293168 0.064077929 177.11974
0.18014148 3.5341053 0.065750696 166.81818
0.1745261 3.64293 0.085096851 161.87038
0.19033882 2.782903 0.11106811 181
0.12840961 2.8527029 0.14263873 161
0.10826889 2.9265869 0.1584204 164.25
0.15264925 3.0294414 0.18426073 171.34286
0.15388858 3.1594455 0.13392557 136
0.15542181 3.3161309 0.16185232 139
0.15132166 3.445416 0.142857 158.09166
0.13470635 3.517647 0.13872893 161.8421
0.14767505 3.6431172 0.15748455 160.05318
0.16958199 3.7215214 0.13673931 164.00809
0.1445459 3.8296092 0.19422816 174.19231
0.16588803 3.1428175 0.21313123 164.64706
0.13641906 3.2246222 0.22576784 155.17392
0.13250348 3.3324189 0.24567057 147.74359
0.1090302 3.4293649 0.25920942 149.1129
0.1639394 3.5720196 0.24585098 159.80489
0.13473924 3.6370857 0.23270333 176.66667
0.10466155 3.7484124 0.26592711 185
0.14466728 3.8587008 0.25303259 189.5
0.15834466 3.9562595 0.23702762 182.85416
0.11435674 4.0145154 0.23703843 186.30769
0.15677819 4.1214862 0.2676855 179.83334
0.1224319 4.2056408 0.24763471 183.5
0.14642785 3.5432634 0.3626202 142.73077
0.1458959 3.6338789 0.31988567 169
0.14035197 3.7348967 0.34391537 137.75
0.14004993 3.8582306 0.34570181 144
0.15003112 3.9063437 0.3345238 163
0.19509315 4.058413 0.35723534 167.66667
0.1984974 4.1551337 0.37613922 166
0.17129248 4.2466283 0.30183259 161.5
0.1608019 4.3079123 0.35238078 179.27274
0.10477459 3.4944251 0.41464111 130
0.14933722 4.2884111 0.4778395 206.125
0.18024556 5.4231901 0.46366671 122
0.19105916 4.29318 0.50692743 204.66667
0.11396874 5.3017335 0.57866204 173
0.1647809 5.5483088 0.5103454 122.66667
0.12904237 5.2876172 0.68916506 170.86363
0.16383578 5.8378239 0.6631707 166.14062
0.14808542 5.2556901 0.78186542 165.82143
0.11227909 6.0044041 0.71611547 175.5625
0.15088265 6.1553836 0.75080144 161.16667
0.14107005 6.2339067 0.77369094 189.11111
0.13991885 6.3772602 0.79922074 183
0.13384613 5.2317176 0.85611284 166.32353
0.14837526 6.474978 0.82373649 173.5
0.1555054 6.5860014 0.84590006 163
0.10459609 7.2752299 1.0256913 137.89999
0.17242102 7.3466806 1.1796029 179.85001
0.12989759 7.3353801 1.2339259 181
0.26785412 -0.41191804 -0.60903823 178.5
0.21480884 -0.36732057 -0.60740262 180.2
0.24089622 0.24970785 -0.53776324 173.91666
0.28015274 -0.22777085 -0.48370796 145.33333
0.21218067 -0.11540607 -0.47693792 152
0.25910765 -0.047275279 -0.46835515 160.88889
0.25396776 0.050357223 -0.44890568 172.63928
0.24302495 0.17400442 -0.41740492 171.60001
0.23994172 0.24428076 -0.42512986 170.05759
0.22596401 0.31020361 -0.43978208 163.1132
0.27984175 0.41925991 -0.4334392 158.81818
0.28722119 0.51950669 -0.4272747 155.04167
0.24041612 -0.048201703 -0.34382901 123.33334
0.25851548 0.57874429 -0.35137194 165.31871
0.2425459 0.65316069 -0.36845085 165.24722
0.24272108 0.75201249 -0.35866979 158.56891
0.25500157 0.85760653 -0.33646557 173.32835
0.25221521 0.97836024 -0.33540019 180.76111
0.24168703 1.0466719 -0.31755361 168.10226
0.26440892 1.1561977 -0.31683996 188.96667
0.21896568 -0.80076218 -0.20659964 146
0.22187811 -0.70402324 -0.20615949 160.5
0.22351697 -0.60625213 -0.20006453 172.5
0.23336084 -0.52384949 -0.2026954 177.68333
0.21938144 -0.44882503 -0.20063542 181.45454
0.21239823 -0.32658878 -0.20488459 176.77777
0.22129963 -0.23702803 -0.23902999 169.67142
0.22304651 -0.13424225 -0.2008438 153.5934
0.25262836 -0.04483423 -0.21791133 163.20789
0.25587767 0.057678763 -0.2010797 154.03468
0.25443718 0.11736381 -0.25613523 165.5
0.22972187 0.23715262 -0.2290369 153.8
0.20579115 0.6878739 -0.22218065 175.06667
0.28538135 0.81255579 -0.20155361 181.61539
0.26461601 0.95719486 -0.29140314 180.65297
0.23640104 1.0389038 -0.27839518 171.96875
0.2581251 1.172636 -0.26405758 169.80278
0.24426819 1.2464305 -0.2484435 170.23
0.22732569 1.3698797 -0.24510007 165.39102
0.24428372 1.4590718 -0.22723688 152.06494
0.22407065 1.5614362 -0.21429105 148.6248
0.20357975 1.664284 -0.20763448 120
0.26054269 -0.70361334 -0.19921805 158
0.2604039 -0.60715491 -0.19420078 168.5
0.25251839 -0.54167151 -0.19320063 175.3
0.24312794 -0.46245253 -0.19552185 179.58888
0.23820601 -0.34444258 -0.19710745 169.62848
0.26439583 -0.22253153 -0.19754699 151.43333
0.25638133 -0.13301824 -0.1876087 154.14778
0.24464609 -0.053484067 -0.18516837 149.00644
0.24176101 0.055247072 -0.19601454 155.83194
0.24266468 0.15809229 -0.1581991 144.78017
0.26228562 0.24135636 -0.18543462 149.33217
0.2605961 0.36973542 -0.18690059 172.97862
0.23473158 0.47741556 -0.18487051 178.85455
0.24257016 0.56500584 -0.15941571 181.84282
0.24812704 0.65465224 -0.15982325 182.98334
0.26199985 0.76360637 -0.16180773 170.02261
0.26670834 0.84441644 -0.16618223 178.23671
0.26427305 0.96027422 -0.15894914 160
0.28014514 1.0630049 -0.17656124 161.60001
0.26634437 1.1551117 -0.16688366 150.25
0.25735271 1.2396728 -0.16682336 144
0.25717971 1.4478408 -0.18907526 165.75
0.247889 1.516081 -0.18770523 184.75
0.23913945 1.6563436 -0.18530242 182.57976
0.23321359 1.7450126 -0.1701625 189.0873
0.2643702 1.8565887 -0.15627673 190.75
0.28540131 1.9431765 -0.14721504 187.83334
0.23677659 2.0450101 -0.12987942 182.25
0.22694974 2.1276848 -0.12028881 176.5
0.27098107 2.21259 -0.12730365 178
0.20851521 0.15496302 -0.095496625 123.66666
0.28177568 0.8765403 -0.090987116 189
0.26942015 2.1627908 -0.09267851 157.33333
0.26993966 2.2146742 -0.063405186 158
0.25237778 2.3591797 -0.024392147 181.46297
0.25222602 2.4251716 -0.026197232 171.1111
0.27930522 2.5083897 -0.037277453 153.5
0.24050501 2.6507752 -0.024901519 168.25999
0.25805533 2.7855606 -0.011812017 179.57143
0.27775139 2.849052 -0.0099504655 172.2
0.24498542 2.9220095 -0.0060514417 150
0.28349897 0.85765946 0.040965226 212.30769
0.26171115 0.91464579 0.097917907 234
0.20286295 2.2745161 0.023441635 186.5
0.29487926 2.4801624 0.052156113 173
0.2855576 2.5894878 0.072657675 172
0.23410934 2.6839674 0.095093384 174
0.28408718 2.7458456 0.0014282883 153
0.23917843 2.897326 0.028377986 155.33333
0.26775756 2.9250302 0.059853844 173.5
0.24672481 3.0188346 0.047124822 176.57693
0.22932704 3.1469102 0.053722616 159.90105
0.25109786 3.2795453 0.081738971 159.41176
0.26690829 3.5778694 0.081841908 165.88635
0.25657469 3.6559494 0.090473086 171.9527
0.29932508 3.715471 0.097436368 156
0.20756312 2.7724161 0.12220912 154.5
0.25606766 2.8545899 0.12833419 163.60001
0.23709796 2.9653623 0.16340443 172.66666
0.26891524 3.0699384 0.1859538 174.77777
0.26775065 3.140054 0.15558781 165.8913
0.26397988 3.2394845 0.16870417 133.83334
0.25565189 3.3790848 0.11715423 156.63889
0.26065075 3.4616702 0.14005859 160.425
0.22746693 3.5497086 0.1658974 168
0.2635425 3.6887774 0.16114835 145
0.25166616 3.7328484 0.10200984 159.56378
0.24437822 3.8505158 0.16357584 182
0.26441073 3.9399726 0.13550712 185
0.25591788 4.0388775 0.15039666 176.25
0.24580944 4.1442165 0.16280468 169
0.23433396 3.2608685 0.23644581 149.54231
0.20954162 3.3409033 0.22194567 150.25
0.2523351 3.4623249 0.2422252 153.73901
0.26634228 3.5350311 0.25233153 162
0.24882494 3.6559381 0.22936691 175.19444
0.21083485 3.9587862 0.21343538 181
0.22782998 4.0579839 0.25741091 178.83334
0.25669903 4.108532 0.27550477 169
0.2034923 4.2343502 0.25569704 180.75
0.20109265 4.3496857 0.27529219 186
0.2637493 3.6931808 0.31372604 155
0.24859923 3.7865303 0.32727176 142
0.26587918 3.8669055 0.32597613 163.8
0.21780689 3.9655778 0.34273922 167.83333
0.26810905 4.179915 0.38081366 170.14285
0.23579384 4.2402487 0.39573476 165
0.22799042 4.3684874 0.3590633 177.04546
0.20635803 4.4117317 0.30569616 208.66667
0.27029637 4.3417196 0.4832595 205.42857
0.21016142 5.3271036 0.57943344 172
0.26247293 5.325593 0.65862149 169.51515
0.25942367 5.758513 0.65949875 153.4416
0.24192713 5.2624187 0.77127051 164.68965
0.24730968 6.037818 0.70968497 164.82292
0.27634308 6.1364117 0.73469043 171.5
0.22725116 6.2621479 0.76859117 180.27777
0.23276068 6.3440461 0.78450298 183.5
0.23577446 5.235002 0.83340508 165.18182
0.25370905 6.3877587 0.80113631 186
0.26458451 6.476706 0.81068456 174
0.28019679 6.553648 0.8252005 166
0.2090573 7.2399855 0.99437845 175.5
0.24288222 7.2857218 1.0047994 175.5
0.28410551 7.3685412 1.1761791 176.2
0.25857466 7.3572888 1.2567519 177.69287
0.39351517 -0.23747352 -0.58396184 152.5
0.30511937 -0.12030237 -0.54339594 155
0.39333591 0.018286137 -0.55159777 149
0.38592622 -0.23017618 -0.47428238 145.75
0.30247402 -0.15113416 -0.47443753 152.5
0.34034297 -0.067074671 -0.46946788 155.29047
0.35429761 0.045206722 -0.45133081 175.15279
0.34011978 0.1355672 -0.45007679 176.95262
0.3456727 0.24765582 -0.43170309 167.42055
0.34528548 0.34628722 -0.44272551 157.52222
0.34392956 0.56610638 -0.41561568 148.78572
0.35645074 0.55182862 -0.35294169 167.31818
0.33203536 0.66752303 -0.36017609 156.60495
0.34364361 0.76323098 -0.3406052 166.13654
0.34988385 0.86833799 -0.30911094 178.72223
0.35130516 0.9527936 -0.33891147 176.3
0.3407765 1.0887356 -0.3170884 185.33334
0.36530516 1.1786419 -0.30498359 187.06667
0.32563201 -0.81602573 -0.20714027 144
0.31792945 -0.73950332 -0.20666975 155.66667
0.30763525 -0.64368266 -0.20325808 167
0.31903896 -0.56390721 -0.20121761 168
0.31017187 -0.33674017 -0.20206518 175.1875
0.32340777 -0.24861524 -0.27188084 188
0.34066218 -0.15119869 -0.21231396 164.24821
0.32230309 -0.038521286 -0.20056143 162.4178
0.38881567 0.05758214 -0.20194499 155.37767
0.37169874 0.10330765 -0.20154178 155.36363
0.38864544 0.34681916 -0.23243594 153
0.34827861 0.66223782 -0.2292061 150.97501
0.34970936 0.76877958 -0.23994759 128.06061
0.3644661 0.86750442 -0.22867672 128.25
0.35870358 0.95645458 -0.29402691 180.65118
0.34776786 1.0459416 -0.28799111 166.23959
0.33162791 1.1306014 -0.27191958 172.84445
0.33969629 1.2599875 -0.27055317 172.9722
0.34788147 1.3595133 -0.24645248 169.23001
0.35911652 1.429388 -0.23062152 177.10188
0.33295289 1.5283759 -0.22573344 159.4697
0.35974476 1.626449 -0.20713529 179.54546
0.30749047 1.7498899 -0.21475162 157
0.33474252 -0.71056074 -0.19696076 160.25
0.34017262 -0.6111936 -0.19257946 172
0.33919546 -0.55649596 -0.19697787 183.62492
0.33688876 -0.45561481 -0.19584417 179.76201
0.34989774 -0.32815197 -0.19408128 165.42992
0.34412721 -0.24758954 -0.19628759 150.53311
0.33755305 -0.14218041 -0.19602376 151.16391
0.34756055 -0.047880847 -0.19561101 155.82784
0.35951814 0.032099042 -0.19424973 158.54953
0.35398445 0.16174945 -0.18941338 158.06303
0.35694185 0.2503792 -0.18295087 152.8477
0.33890575 0.36792248 -0.18951087 167.84593
0.33248502 0.46278992 -0.17305467 178.48093
0.3513535 0.55090231 -0.161219 181.29765
0.35183051 0.66797274 -0.15607145 179.14667
0.35019299 0.76318514 -0.14964345 160.16667
0.35076281 0.85681039 -0.15152213 194.13472
0.37909305 0.94891381 -0.18182482 177.05357
0.37744704 1.0900676 -0.16674767 172.42857
0.37212086 1.1475835 -0.1491438 154
0.3275927 1.5831555 -0.1868937 190.28333
0.34128511 1.6590889 -0.18254188 190.75
0.35671395 1.7644813 -0.17186588 186.78204
0.37450701 1.8958066 -0.15544249 184
0.31429866 1.9868331 -0.11615135 180.14285
0.37043723 2.1225517 -0.11892222 171.25
0.31780919 2.2658386 -0.11837436 166.5
0.32595044 0.84548712 -0.036124613 211.80302
0.38533702 0.90592968 -0.01537128 228.75
0.34465873 2.3458977 -0.060884397 136.75
0.37330666 2.4843571 -0.031208221 171
0.32541102 2.5379558 -0.050095096 172.66667
0.35076645 2.6432083 -0.032565091 167.96666
0.35078931 2.7569427 -0.024614597 178.41109
0.3671844 2.868628 -0.006629366 165.16666
0.33139789 2.9178793 -0.008881663 147
0.32699654 0.8477574 0.031298373 219.14285
0.34163687 0.91508311 0.064653479 203.375
0.30503559 2.5747871 0.011132104 177.5
0.34209928 2.6220055 0.029383704 157
0.34940875 2.7490492 0.096539982 164
0.35424799 2.8390365 0.031187464 160
0.33805975 2.9529643 0.032715622 170.07115
0.35874277 3.0554605 0.05813767 179.13889
0.32226947 3.1803048 0.038134031 159.54167
0.34834996 3.2395492 0.068738304 139.80208
0.33917302 3.3447034 0.049224235 156.5
0.33431116 3.4476106 0.061838906 168.39999
0.37449437 3.5846529 0.089630216 175.42105
0.32751653 0.91844237 0.11858086 170.83334
0.37013733 3.1649463 0.13816266 173
0.33192056 3.2260032 0.13033454 166.28889
0.34098619 3.3440576 0.12573968 166.46429
0.38360995 3.4733396 0.12637661 151.66666
0.32450464 3.5554531 0.16166079 168.02856
0.3577143 3.6549997 0.14972068 171.18056
0.31361589 3.7646587 0.14844751 158.81818
0.35286969 3.8526859 0.12965363 169.5
0.37506017 3.9575369 0.13804704 161.2
0.37088373 4.0643973 0.15314467 175.25
0.37831932 4.209116 0.17508288 165
0.32000718 3.2627726 0.22361521 144.125
0.31516516 3.3504632 0.2402899 135.41998
0.35647902 3.5388269 0.24806057 153.16714
0.34902072 3.6748023 0.27894264 155.72726
0.34703481 3.7178271 0.20783484 188.16667
0.39328817 3.8987415 0.24532643 155
0.31367061 4.2322874 0.29022187 151.25
0.30354726 3.257349 0.3407492 163.64285
0.37035838 3.8486454 0.32067361 155.53511
0.31290013 3.9908888 0.35242322 168.625
0.32365274 4.0717001 0.36415976 170.25
0.36144516 4.1308646 0.37479913 171
0.35914007 4.330761 0.30227736 135.33333
0.34635866 5.9758916 0.68217093 177
0.32977328 5.2884068 0.76514584 164.85454
0.34123054 5.7952404 0.76131999 134.99243
0.33689451 5.814837 0.72113705 146
0.39162564 6.0653677 0.71236086 157
0.36525258 6.1768818 0.73184568 187.88889
0.31261468 6.2600117 0.75976443 180.5
0.34637102 6.352582 0.77869916 181.25
0.3821514 6.4684529 0.79485881 167.5
0.34214109 6.4593482 0.81770086 191.5
0.32876185 6.5284343 0.83749259 187
0.35078871 6.6613903 0.85353684 166.75
0.34211221 6.5888638 1.0195038 160
0.38667217 6.6793413 1.0755988 154
0.31052583 7.3391147 1.0142183 175.375
0.38184837 7.4169054 1.1878145 174.47223
0.34968749 7.3321695 1.2901947 174
0.3733713 7.4094448 1.2722535 174.3793
0.41973674 -0.060451049 -0.53152061 139.66667
0.44705534 0.11331078 -0.53654915 151.96667
0.49098462 -0.22391537 -0.47220775 152.66667
0.40464449 -0.11290594 -0.46337306 160.39999
0.45647314 -0.018392667 -0.46103397 179.39999
0.45371923 0.078439638 -0.46016604 184.90475
0.42734933 0.14492311 -0.43960813 171.71288
0.42275557 0.24714133 -0.437621 164.25505
0.44493172 0.3165119 -0.42484647 148.98282
0.46062401 0.41762835 -0.41150174 151.0238
0.44480559 0.57775247 -0.37876132 163.97432
0.44141346 0.65502119 -0.34595019 169.23804
0.45854956 0.72210336 -0.36666876 144.53061
0.44423112 0.85280704 -0.32221848 166.69258
0.44969469 0.97266173 -0.31861317 181.46667
0.45812577 1.0560294 -0.32383633 179.75238
0.48974872 1.1581898 -0.30378979 188.55556
0.4594692 1.2173644 -0.30032009 190
0.45707637 -0.75065976 -0.20513886 148.7
0.42987576 -0.6732806 -0.20617093 179.44444
0.49611098 -0.2009453 -0.20194232 169.15384
0.44070747 -0.15182413 -0.21923701 171.30396
0.4773052 -0.05053775 -0.20185782 160.29106
0.44121984 0.037811827 -0.20150171 157.78302
0.43377638 0.1658971 -0.21980865 150.5
0.43954977 0.37193227 -0.22598353 160.28572
0.49181172 0.40036911 -0.22294612 163
0.42178506 0.62166107 -0.20864522 149.84616
0.40756002 0.75723451 -0.26491237 131.10001
0.49061191 0.83549196 -0.29632226 170
0.43958819 0.9346543 -0.2703937 160.66795
0.42615283 1.0455047 -0.29166511 168.25
0.4462952 1.1188053 -0.27890205 167.54666
0.43177694 1.2592748 -0.27130592 173.47
0.44861758 1.3371595 -0.25566781 159.3125
0.45371938 1.4472411 -0.23465951 166.98001
0.42663512 1.548252 -0.22208394 181.05049
0.49185485 1.6350754 -0.23628327 174
0.44970068 1.762253 -0.21661706 162.5
0.41338992 -0.81053305 -0.19536537 146
0.40788826 -0.70912051 -0.19011699 159
0.45608523 -0.6546064 -0.19613115 162.5625
0.43224609 -0.55637962 -0.19516149 181.79948
0.43816867 -0.44582391 -0.19213696 178.61693
0.42914101 -0.33354604 -0.18955036 164.46584
0.44362095 -0.25294745 -0.19153687 156.44522
0.45066631 -0.138651 -0.19227202 158.16835
0.45462564 -0.047389831 -0.19445901 159.28873
0.4371241 0.055970751 -0.19070905 158.14354
0.45088917 0.15279038 -0.18657003 158.67676
0.45725119 0.24297367 -0.1803983 161.94987
0.44268736 0.34864128 -0.17091109 170.9357
0.45153877 0.43991607 -0.1602418 179.60748
0.44768363 0.53775018 -0.16039234 181.47913
0.45483825 0.62709248 -0.14750345 186.39999
0.4439424 0.75098145 -0.16037136 174.52249
0.44281915 0.8635661 -0.15122615 186.625
0.41431659 0.92198163 -0.14867292 155.71429
0.47331551 1.0030947 -0.18030624 173
0.48323458 1.1095093 -0.15939415 159.85715
0.45031863 1.6621916 -0.18632662 182.78571
0.40996662 1.7405342 -0.17644756 183.5641
0.46533844 1.8344098 -0.16140755 166.74167
0.45800966 1.9620485 -0.14620638 172.33334
0.45861441 2.0399284 -0.12533708 156.375
0.46868673 2.2381904 -0.11863839 154.75
0.41335049 2.3742144 -0.10163631 145.66667
0.42160004 2.1652024 -0.091851383 151
0.46785873 2.4368412 -0.087763309 134
0.44665247 2.5442507 -0.056228705 161.3889
0.43404496 2.6571672 -0.041827075 171.625
0.43329448 2.7445095 -0.011507002 158.625
0.46440488 2.8508472 -0.0067591742 170
0.42142677 2.5407648 0.00082637806 174.5
0.49374565 2.7308774 0.0270303 149
0.46249053 2.8416014 0.03147034 149
0.43487692 2.9789522 0.052096814 156
0.44562724 3.059011 0.059346173 173.39999
0.42411843 3.1480656 0.064359717 155
0.46530578 3.2660527 0.058170214 153.625
0.45020506 3.3543296 0.072591171 158.49612
0.43114504 3.4548306 0.062539704 167.5
0.46785226 3.5947688 0.089517035 176.35294
0.48789781 3.6445901 0.092301086 150.66667
0.45448127 3.1962588 0.14658399 172.5
0.44717368 3.2259321 0.12005435 171.88887
0.42387837 3.3670878 0.13140789 166.21796
0.45946357 3.4369314 0.13414286 160.9131
0.43949455 3.5466304 0.16135648 174.2738
0.47490722 3.6497586 0.14085503 170.75
0.43442318 3.7111974 0.11271353 184.11111
0.43146586 3.8446062 0.12431428 159.12827
0.46290645 3.9182894 0.13454318 186.2
0.47151908 4.0595627 0.15498073 175.63889
0.49644005 4.1042213 0.15762512 170.5
0.41413945 3.29936 0.23172641 149.33333
0.45467982 3.3436592 0.24868818 146.44412
0.44493601 3.4257028 0.2204259 165.66882
0.46742466 3.5266795 0.23878551 154
0.45310915 3.6538186 0.25897586 163.70766
0.44204599 3.7451262 0.25454965 161.97993
0.45363843 3.8202868 0.29624158 157.10536
0.44477326 3.9682508 0.24006528 158.75
0.46162316 3.6647735 0.33672848 148.98643
0.44449022 3.9156485 0.32246238 163.74643
0.46343973 4.0208559 0.34472996 168.89565
0.49468341 4.118526 0.35912099 187
0.46178481 5.890635 0.64847481 177.85715
0.43706742 6.0086432 0.69100618 180.85715
0.46157402 5.82726 0.7952047 150.71428
0.41217443 6.0815959 0.7060194 184.3
0.45406035 6.1711416 0.71804625 188.5
0.42923063 6.2312284 0.75128949 173
0.44982079 6.3360453 0.76781493 181.16667
0.48777723 6.418541 0.77257836 171
0.44134909 5.8152633 0.8520363 147.43333
0.43748194 6.4770737 0.81355762 188.11111
0.41643557 6.5699768 0.82807559 173.88889
0.46831274 6.6738043 0.84650445 160.10001
0.4864184 6.7789311 0.90090752 150.5
0.4305791 7.3727717 1.0204988 168.5
0.42272803 6.755918 1.1377459 147.875
0.44446585 7.4269938 1.1726116 165.91667
0.44799319 7.4273133 1.2824109 173
0.43140468 7.4127855 1.3390285 173.33333
0.55508763 -0.43543297 -0.55767673 164.5
0.59238344 -0.34341997 -0.53549236 174
0.52826494 0.26119548 -0.53466749 119
0.56434828 0.38865921 -0.51260167 124.5
0.5458222 -0.1453412 -0.45611104 159.41666
0.57342649 -0.067463867 -0.44224975 167.60001
0.53843439 0.045783665 -0.44226602 179.71716
0.54154325 0.1652181 -0.41708696 166.44444
0.57205337 0.27015978 -0.40768757 150.74001
0.51801217 0.3991634 -0.40777054 152.24039
0.52852041 0.62044019 -0.40829432 143.12827
0.55692166 0.48402148 -0.39607003 160.26967
0.5421285 0.55348784 -0.35483953 153.69896
0.59116107 0.65033835 -0.36142462 157.68968
0.55684543 0.7537151 -0.3579689 172.05051
0.56213892 0.84702587 -0.3376686 170.86574
0.53273052 0.94105095 -0.32223874 175.20857
0.55937189 1.0530037 -0.31161675 168.79524
0.55953741 1.1256641 -0.31827983 177.75
0.53440434 1.2719929 -0.33023643 128
0.55727428 1.4127742 -0.30635864 132
0.54047334 -0.75849724 -0.20559897 166.91667
0.54975569 -0.65998149 -0.20348209 166.63214
0.58941656 -0.073288664 -0.22134854 170.02499
0.59279329 0.45778677 -0.20404324 152.16667
0.55406272 0.52263713 -0.20524055 154.07692
0.52640694 0.92412376 -0.29811531 158.55556
0.53222221 1.0269872 -0.28837857 173.2
0.55782932 1.1511368 -0.28269872 173.03372
0.5542267 1.2481123 -0.27363434 169.68571
0.51844376 1.3511529 -0.25478613 161.9861
0.56069815 1.4319082 -0.27320924 190
0.51899308 1.528208 -0.22666067 194.8
0.57135171 1.6102929 -0.20476347 163
0.58954519 1.7385175 -0.22252458 163
0.52060914 -0.81467193 -0.19140185 147
0.51377124 -0.76881063 -0.19569181 153.33333
0.56892306 -0.63023818 -0.19650261 168.47501
0.52419156 -0.53658998 -0.1915922 179.43999
0.5296185 -0.43369392 -0.18734248 177.0587
0.54167604 -0.35788298 -0.18339176 170.55653
0.52973127 -0.25018966 -0.18445224 161.74181
0.56062657 -0.15447097 -0.18422297 159.0699
0.53702158 -0.045217935 -0.18888739 159.07645
0.53534865 0.0517173 -0.18864399 156.15929
0.54302835 0.13687368 -0.18326931 157.87712
0.55678606 0.25108418 -0.17211539 162.85004
0.56061631 0.34851268 -0.15911026 174.3036
0.55356288 0.44679606 -0.15413512 179.39948
0.54393417 0.54943824 -0.14640586 184.95206
0.54910868 0.65450734 -0.14994198 169.48889
0.55164385 0.72424155 -0.16159201 175.65575
0.5488525 0.82610726 -0.15941587 176.23215
0.52922821 0.90558136 -0.13905594 199.60001
0.55441809 1.0317305 -0.18197213 157.55556
0.5319047 1.6567237 -0.1942375 172.45
0.51932198 1.7464343 -0.17639351 169.75
0.55157888 1.8306675 -0.17064378 160.39999
0.56050801 1.9437683 -0.14981416 159.6389
0.5778808 2.1561744 -0.12302089 155
0.56707406 2.6211913 -0.044869989 150.5
0.5527513 2.737947 -0.026235232 156.5
0.55639124 2.8389258 -0.0095283277 157.2
0.54262042 2.6611533 0.022131747 141.16666
0.56019771 2.7544508 0.016753556 143.5
0.55921799 2.8394811 0.044007227 157
0.53727317 2.9359102 0.027428553 158.27777
0.52538025 3.0264626 0.050140753 149.69444
0.56251186 3.1252027 0.069737129 164.16666
0.53879488 3.2292597 0.045915257 157.0916
0.55034894 3.3641067 0.075289637 157.33458
0.59145266 3.5496089 0.08369533 176.66667
0.54955661 3.627569 0.094667695 161.99306
0.54935968 3.1940401 0.11379432 182.375
0.51486659 3.2943516 0.13598193 148.60001
0.59772354 3.3725548 0.12783146 143.78572
0.54822242 3.4522583 0.14870641 189
0.53756648 3.5192699 0.14533783 166.5
0.55771607 3.6659224 0.16419201 144.16667
0.55222636 3.7297099 0.10851682 161.95238
0.54319888 3.8423722 0.13655081 157.90012
0.56437284 3.9246395 0.13395108 183.60001
0.57108629 4.0553002 0.1574792 174.60001
0.53899235 4.1793165 0.18263181 173
0.51436359 4.2199349 0.18585542 164.41071
0.55694765 3.3615675 0.25621888 138.33333
0.54577214 3.4785686 0.22491674 158.97223
0.5485568 3.5489082 0.23483832 156.16667
0.55963457 3.6593316 0.26643133 159.19299
0.5505144 3.8828406 0.26736832 148.10237
0.51726216 4.0617776 0.24047461 146.5
0.56741315 4.1220226 0.24879746 134
0.54647177 4.3268366 0.21149005 153.35001
0.56769127 4.4358535 0.24872142 185.54546
0.54207152 3.3227351 0.35700259 137.5
0.51356483 3.793107 0.30199146 152
0.54625309 3.9256539 0.3168315 168.72786
0.5880022 4.0153503 0.33954301 183.69231
0.58057606 4.1206455 0.35598534 185.14285
0.51878667 4.2279544 0.37225434 182.66667
0.55814105 4.3513145 0.37106553 185.98215
0.56574053 3.689867 0.40051585 133.13889
0.5715394 4.367867 0.40715227 181
0.57199401 4.4631906 0.40386882 167
0.59006101 4.5306182 0.41990745 165
0.5825175 3.7294738 0.52030969 162.73685
0.55656636 5.7650785 0.61291981 190.5
0.54061043 5.8698688 0.63281155 185.27275
0.56218904 5.9263535 0.66569495 181.58824
0.5779767 6.059155 0.67463392 189.41667
0.54233539 6.1222019 0.69899917 187.66666
0.53912848 6.0532284 0.71212572 174.25
0.53779364 6.253397 0.73994118 180.25
0.56494129 6.3535633 0.75062245 182.375
0.54357398 6.5286636 0.79106444 158
0.52555329 5.9414792 0.80639499 158
0.55650198 6.4889603 0.81596667 187.375
0.51147419 6.5619812 0.83660012 184.375
0.58763987 6.6633396 0.83327943 158.25
0.55086064 6.7930121 0.9083817 139
0.53509116 6.8769712 0.90646058 162.9375
0.59357351 7.0888042 0.94486713 152
0.52318674 7.1700678 0.96409327 152.2
0.53416306 6.877264 1.0147426 122.30769
0.54691756 7.3309908 1.0078025 134.8
0.51046026 7.2734575 1.2924682 130.33333
0.50418645 7.2857609 1.3125578 146.25
0.68534452 -0.45722505 -0.56225401 161.66667
0.64598894 -0.25342765 -0.55206859 145.55
0.66144747 -0.17874999 -0.50465953 187.5
0.64863271 -0.043065153 -0.54272044 150.70889
0.64128655 0.025122866 -0.55006015 123.25
0.61378354 0.14309736 -0.53853452 123.5
0.62798131 0.26963392 -0.52435637 130.83333
0.65284681 0.38616416 -0.5072847 137.5
0.68618685 -0.11584144 -0.48666421 188.66667
0.66341817 -0.09761446 -0.44165504 161
0.68256992 0.012853129 -0.41701892 170.5
0.63006073 0.13799393 -0.40654758 171.14285
0.67250091 0.22312611 -0.40225878 111
0.61506075 0.35452437 -0.40867811 152.78787
0.67203254 0.22729184 -0.39212421 156.67999
0.6979869 0.32537973 -0.3843517 150.53659
0.64873278 0.47374016 -0.3868416 152.45587
0.63339925 0.54499078 -0.34243825 184
0.65255392 0.63905275 -0.34521362 161.88258
0.62216276 0.74063963 -0.33823091 173.96667
0.67174608 0.84915894 -0.33775714 176.98889
0.6290518 0.9259131 -0.3256523 173.87073
0.66263419 1.017242 -0.3220526 152.5
0.66809952 1.1306987 -0.31216368 155.69231
0.63938367 1.2601242 -0.32941318 142.33333
0.65829247 1.388116 -0.30561265 148.75
0.65199047 -0.70278931 -0.2017301 154.25
0.6362946 -0.60571516 -0.20215018 162.33334
0.62536395 -0.012529059 -0.23493658 183
0.65688509 0.57920545 -0.23693652 124.84723
0.66308892 0.83952653 -0.20910929 166
0.63853174 0.98015755 -0.2930204 169.625
0.65014601 1.0524716 -0.29024869 179.92857
0.62717855 1.1496667 -0.28529209 165.125
0.63337761 1.270858 -0.28649697 184.4375
0.6548748 1.3539537 -0.270437 169
0.61190742 1.4364852 -0.24688265 162
0.64059091 1.5273373 -0.24943396 171.57936
0.62914127 1.6504405 -0.21861117 162.75
0.63587022 -0.73686677 -0.19366297 169.58333
0.65555632 -0.64942378 -0.19414558 173.21666
0.63246179 -0.54505229 -0.19416364 167.04443
0.63206989 -0.45551601 -0.18333095 179.78386
0.62255543 -0.34871349 -0.17719935 177.19907
0.64041144 -0.25493968 -0.171122 169.82204
0.64931482 -0.15635341 -0.16850586 160.78835
0.64635354 -0.047004078 -0.17230456 162.69756
0.65079713 0.048883189 -0.16988592 165.70496
0.62986475 0.14775312 -0.16928267 160.77939
0.65140158 0.23276606 -0.15778343 170.05765
0.65267915 0.348187 -0.15060672 176.89699
0.65021545 0.44280878 -0.14147125 184.27869
0.65008193 0.53937167 -0.15226494 176.18677
0.65816212 0.63931251 -0.14948751 172.9034
0.66210699 0.73499739 -0.14712478 173.6611
0.65418637 0.82280976 -0.15928885 177.925
0.66912377 0.95643663 -0.16941932 165.16666
0.60805708 1.719902 -0.18798576 157
0.6449427 1.8564193 -0.16061845 171.42857
0.61767066 1.9629331 -0.14743981 144.66667
0.68959302 2.0193164 -0.13122137 173.39999
0.62967116 2.6242905 -0.017625416 130
0.62468171 2.7193842 -0.026244767 145.66667
0.64040709 2.8284295 -0.0099224867 148.66667
0.67794156 2.0407143 0.040467806 185.1111
0.65273345 2.7696333 0.028745184 122
0.64852363 2.8786039 0.047196321 165.5
0.64367419 2.9331546 0.033151604 147.25
0.62857205 3.0492165 0.046902385 150.70834
0.65204018 3.1664915 0.073363349 165.67949
0.64122146 3.2857263 0.058904856 160.375
0.61255497 3.3313005 0.062781364 157.75
0.65885448 3.5222454 0.079918846 177.66667
0.68263894 3.6088398 0.090551116 191.33333
0.64124167 3.2384756 0.13544431 161.2
0.62736678 3.3658946 0.14574236 171.12221
0.67003089 3.4626226 0.12111284 164.39684
0.64577508 3.5773582 0.14594424 150.16667
0.65108091 3.6222966 0.15171957 143.61905
0.64766365 3.7377958 0.14557712 172.25
0.63010877 3.8237374 0.12692304 190.5
0.69179159 3.9580562 0.13732843 180
0.63800627 4.0538321 0.15938738 168.54166
0.63868725 4.1536589 0.17892821 161.75
0.66566628 4.234921 0.1780614 151.25
0.64414293 3.3575366 0.25205484 145.77084
0.68641454 3.4013627 0.24271101 162.33333
0.63649851 3.6288078 0.24455166 163.21428
0.61933482 3.7226796 0.26728445 166.69231
0.67799842 3.8893425 0.20709416 167.66667
0.66474688 3.990593 0.22176722 164.66667
0.66561556 4.0274816 0.22227378 129
0.66994447 4.1685925 0.24820809 153.05556
0.66412473 4.2708921 0.22505847 142.73334
0.66980785 4.3712368 0.21994826 151.42857
0.69342279 4.4594398 0.26594412 192.36363
0.6558066 3.2437217 0.30356762 143
0.6236859 3.887974 0.3342106 148.83333
0.68316841 3.9760134 0.33666679 181.07692
0.66916263 4.0514669 0.34476623 186.66667
0.68134177 4.1354871 0.35032272 184.5
0.62198329 4.2375927 0.36664081 177.8
0.65948617 4.3366346 0.38140243 173.5
0.66830999 3.7492223 0.44902012 138.25
0.63529187 3.8358448 0.43028843 165
0.62552452 3.6969643 0.50963604 128
0.6042462 3.8086722 0.52525467 222
0.66733354 5.6478443 0.59153807 187.57143
0.63614529 5.7279062 0.60825789 186.84616
0.65157312 5.8374519 0.62335581 185.3
0.66606641 5.9309196 0.65246975 182.5625
0.6666013 6.0188885 0.65710235 183.69231
0.66162986 6.1478162 0.68313986 184.95
0.65435249 6.2322469 0.69119573 189.53333
0.63943583 5.8762617 0.76292598 161.30769
0.66453427 6.1558876 0.72519314 167.5
0.64277458 6.2451186 0.72409576 177
0.67204082 6.3217888 0.73372877 186.875
0.64526039 6.4312186 0.71721965 187.25
0.64721739 6.4480524 0.80518019 189.66667
0.62675953 6.5564461 0.83100635 184.48334
0.63216054 6.6992831 0.82389987 128
0.6610201 6.7180495 0.86069769 174.47058
0.64146715 6.8313894 0.89751625 159.10001
0.62218362 6.9472651 0.9529162 140.17708
0.60196596 7.0304623 0.92988241 155.83333
0.62552732 6.8965631 1.0194782 119.36364
0.63846797 7.1059842 1.0140363 137.33333
0.63346416 7.242249 1.0468117 154.5
0.61337268 7.3472109 1.0061885 148.28572
0.76280022 -0.53365368 -0.61410868 125
0.71126235 -0.35684526 -0.54098159 175.25
0.72830212 -0.23538189 -0.54674411 146.60001
0.7255246 -0.065267384 -0.54424 151.27777
0.73398447 0.056763008 -0.52983838 149.83333
0.7288723 0.16720475 -0.52455992 140.5
0.75752968 0.28028262 -0.5091362 147.5
0.75998849 -0.16185135 -0.49407205 189.25
0.75898957 -0.052223988 -0.44809663 173.75769
0.75703406 0.084694281 -0.44122225 154.41667
0.7789551 0.15790127 -0.44154555 146
0.7155385 0.29415977 -0.45196822 183
0.73425668 0.38259697 -0.49672025 146.75
0.73747742 0.44004795 -0.43111083 158
0.74783373 0.18587822 -0.38159361 169.07692
0.75239038 0.26930848 -0.38046366 137.88095
0.77344441 0.32333687 -0.38441634 128.2
0.75042582 0.43797329 -0.36963105 165.89362
0.74161303 0.53047347 -0.35024753 138.19791
0.75065136 0.68468738 -0.34323189 173.98334
0.75357556 0.76995474 -0.35143951 175.21906
0.73761564 0.85232031 -0.33202651 178.27777
0.71410775 0.94245708 -0.32159653 175.32198
0.76607424 1.073247 -0.32005429 144
0.78434867 1.1274009 -0.31711927 174.77777
0.75964254 1.2470133 -0.32980317 163
0.72783577 1.3710239 -0.30481428 159
0.76492983 1.5288994 -0.31908387 133
0.7024802 -0.54456931 -0.20095433 160
0.71806002 0.58544964 -0.28611925 132.8
0.75705248 0.99784636 -0.27931514 184
0.73797035 1.0345905 -0.29154247 178.51666
0.76261842 1.1366661 -0.27884054 188.80556
0.73387015 1.254455 -0.28478345 179.09821
0.72397369 1.3533871 -0.25597799 175.37036
0.73760653 1.4633905 -0.26766881 160.5
0.72636819 1.5391496 -0.24976534 176.125
0.71551245 1.7014279 -0.20814051 128.39999
0.75257576 -0.65311199 -0.19268665 169.3
0.73952204 -0.56085908 -0.18929583 176.28999
0.71814656 -0.46050036 -0.18566841 175.09196
0.74626535 -0.35538089 -0.17872146 173.93704
0.74742258 -0.23610424 -0.16423626 171.61548
0.75603825 -0.1498455 -0.15824433 173.37343
0.75810689 -0.047554277 -0.15549152 172.08102
0.76097059 0.048039161 -0.15394202 169.55341
0.74331206 0.15375648 -0.15272772 170.51344
0.74531966 0.25590691 -0.14715479 174.36359
0.75309873 0.34628156 -0.14216156 181.29675
0.74505329 0.44301373 -0.14017712 183.35649
0.7631461 0.54765606 -0.14170139 179.20238
0.74008089 0.64280337 -0.14383788 172.79762
0.77722073 0.83910596 -0.17068316 167
0.73774898 0.93694842 -0.16694012 162
0.74607342 1.5878274 -0.14049712 179.39999
0.76709974 1.6319728 -0.19699828 182.52856
0.75558019 1.7821218 -0.1763434 199
0.71993756 2.8162727 -0.022773067 153
0.77151346 1.5568259 0.013948382 179
0.76003337 1.7019049 0.075752348 219.16666
0.73937589 2.7490768 0.026618838 139
0.79865891 2.860209 0.043917753 143.5
0.75434017 2.940135 0.022776103 141.91667
0.73973739 3.047514 0.059367735 153.00557
0.75533462 3.1745911 0.077148885 145.20834
0.78536183 3.2924318 0.045175996 177.25
0.75102979 3.3494263 0.070214219 159.41666
0.73754865 3.4198844 0.060402598 184
0.76276195 3.5466146 0.088998556 180.84697
0.7223236 3.2544119 0.13626231 145.75
0.70551485 3.3777885 0.11536057 166
0.76206672 3.4574199 0.13318598 150.34119
0.74833727 3.5518587 0.14430422 151.94499
0.76614732 3.6696639 0.11989734 170.65475
0.736579 3.7605207 0.14607449 170.30302
0.73451871 3.8667409 0.13401359 181.84
0.7657693 3.9579246 0.15439895 168.4875
0.74681568 4.0916166 0.17716523 155.1875
0.76312035 3.5398619 0.24310692 159.73865
0.79227072 3.6795559 0.24931341 177.66667
0.74858123 3.7714052 0.26097837 161.1622
0.71157199 3.8057561 0.20037392 165.8
0.75278008 3.9249883 0.26670605 146.86667
0.72217858 4.0297556 0.23249662 168.39999
0.7536478 4.1744361 0.22569014 161.31429
0.74613893 4.2483921 0.25652528 167.85715
0.74175042 4.3516717 0.27271086 162.58334
0.77622408 4.4438901 0.26280501 155.425
0.76284993 3.4483366 0.36525625 158.65973
0.74699754 3.8417363 0.32593742 177
0.7116946 4.1960564 0.3539125 179
0.75387758 4.2731767 0.36640319 175.5
0.70172787 4.4244618 0.3543514 197.55556
0.78283191 3.4396815 0.41627961 161.125
0.70254743 4.4479003 0.40017903 161
0.7361185 4.53233 0.41654447 155.5
0.78220296 4.5105777 0.56616241 203.33333
0.79452491 4.5071592 0.6183905 202.66667
0.73074603 5.6842146 0.60103023 184
0.72448766 5.7431741 0.60752249 182.77777
0.76798999 5.8765535 0.61982167 182.25
0.79201913 5.9556475 0.63554615 176.35294
0.73960978 6.0440831 0.65825391 180.8
0.73251915 6.1419549 0.6778509 183.29411
0.78568566 6.1968937 0.72422105 169
0.7610538 6.2388034 0.72406757 168.875
0.75016707 6.3633223 0.73528183 174.75
0.77370936 6.4831409 0.72404027 184.33333
0.71101838 6.5483909 0.77607751 133
0.73430324 6.6157384 0.76877803 149.5
0.73197532 6.4530077 0.80346185 189
0.71621031 6.5336709 0.82471085 186.85715
0.74674171 6.6397309 0.84253037 181.5
0.76383722 6.7630348 0.86915708 175.96774
0.7568621 6.8282948 0.88820457 167.2
0.71594656 6.9453921 0.95214051 150.77499
0.73139811 7.3021135 0.98722553 157
0.74301553 7.0817366 1.0040718 172.75
0.75097066 7.1917281 1.0539169 153
0.73791653 7.3603272 1.0084951 151.33334
0.75791997 7.4804196 1.1071478 209.16667
0.88782042 -0.61865032 -0.61452889 129
0.86167425 -0.43067664 -0.59337968 128.66667
0.82123333 -0.38359123 -0.5462535 173.75
0.84319693 -0.26526475 -0.53034568 180.56445
0.83429408 -0.16432092 -0.52801561 173.79411
0.85544568 -0.043552894 -0.52613461 159.69487
0.86429948 0.062187899 -0.51132971 167.12746
0.82114655 0.18649778 -0.51302117 152
0.84336472 -0.16913313 -0.49152142 189.75
0.85241145 -0.098898746 -0.47955355 186.5
0.85763246 0.049316373 -0.44091296 161.79259
0.84552342 0.17129755 -0.44526955 149.08621
0.86314994 0.23226309 -0.47628528 173.51476
0.85362619 0.32649347 -0.45250094 175.53171
0.83188909 0.44749925 -0.4352515 165.09775
0.83566564 0.15756527 -0.38347411 168
0.89035499 0.25322428 -0.38031596 152.84848
0.837924 0.37601244 -0.36342695 147.4375
0.86492705 0.42391384 -0.35774738 149.34848
0.8404969 0.73936749 -0.3497535 167.64999
0.84091091 0.89294052 -0.35791171 159
0.85732251 0.92773706 -0.32795721 164.5
0.88752478 1.0906234 -0.32100773 175.82759
0.85845834 1.3305193 -0.32495418 161.79166
0.82852125 1.4374366 -0.32595733 183.8
0.89307171 1.5576694 -0.30235976 133
0.86115873 0.85748637 -0.28862843 163.33333
0.86829334 0.9106074 -0.26968902 157.57143
0.81070387 1.0014848 -0.28898671 176
0.82426202 1.195948 -0.28143123 189
0.859119 1.2416534 -0.28319889 173.10478
0.81973904 1.3564913 -0.25078428 182.80556
0.87085897 1.4538494 -0.28825343 176
0.82944036 1.5059208 -0.25916278 187.25
0.81852651 1.6074313 -0.24426481 173.5
0.83979678 1.7028022 -0.21946739 163
0.80771226 -0.54784679 -0.18329984 168.58333
0.84466118 -0.46439642 -0.17995355 176.7625
0.8262592 -0.35032928 -0.17259911 173.57857
0.83245194 -0.25444919 -0.16345054 175.58017
0.84978366 -0.14808057 -0.15814814 164.96295
0.85634506 -0.048604883 -0.14738114 172.17636
0.84579235 0.042902987 -0.1438278 172.68355
0.83866364 0.14425196 -0.14385986 172.99858
0.83384323 0.24453695 -0.14542979 174.25005
0.84227675 0.33472028 -0.14001267 176.66296
0.85427552 0.44677502 -0.13971002 180.05667
0.84528315 0.52705348 -0.13987824 176.0625
0.8445462 0.63399351 -0.15144476 173.44048
0.83986056 0.72990519 -0.16564596 167.58334
0.87601131 0.89467525 -0.12276793 164
0.89349234 0.90418804 -0.16678546 163.22223
0.85830784 0.88550121 -0.080335334 157.57143
0.87011671 1.4518764 0.018256757 52.5
0.82457489 1.7255275 0.050742432 149.77777
0.88507342 2.9319425 0.049043741 146
0.83870977 3.0762596 0.0549617 140.125
0.82488829 3.1014802 0.075356536 148.33333
0.83488989 3.2189369 0.054797363 146.66667
0.85740095 3.3518293 0.079679973 144.07072
0.83856541 3.4367855 0.069065399 183.7619
0.85461676 3.3733757 0.15866925 172.19711
0.88520938 3.4492736 0.15020511 161.28571
0.86130226 3.5468311 0.13606475 146.25612
0.85390782 3.6560705 0.13354622 171.78447
0.85728627 3.7390847 0.13296168 185.09091
0.85138637 3.826906 0.12901853 174.9639
0.84700942 3.9446404 0.16789018 148.75926
0.86711705 4.0386591 0.16472664 170.64285
0.84293318 4.1652236 0.18200901 162.66667
0.84194678 4.2681408 0.18343104 137
0.842709 3.460104 0.21307093 170.63333
0.86443692 3.6738207 0.23068751 162
0.85837114 3.7524328 0.24694411 171.78334
0.81730258 3.8679576 0.26684079 169.71225
0.83637774 3.9836705 0.26686817 163.11667
0.84162593 4.0303278 0.27213573 167.83334
0.8316164 4.1792512 0.20080003 149.66667
0.85252833 4.2533236 0.2365804 163.1875
0.8668713 4.4337668 0.28855899 166.2
0.85370839 4.5042648 0.28112742 198.88889
0.87489963 3.961185 0.30949038 187.04166
0.8538202 4.1045356 0.31588331 163.125
0.84604055 4.2097392 0.3354494 156
0.81742734 4.3937573 0.38054428 160.33333
0.85799056 4.471518 0.37744376 168.22223
0.85011601 4.5459232 0.32189751 170.66667
0.85170758 4.5556664 0.41330162 202
0.88456488 4.5429029 0.53914523 201.30769
0.80419183 4.4989634 0.62884748 201.375
0.82443821 5.7910957 0.60646695 175.33333
0.86068738 5.9283118 0.60831171 179
0.83082306 6.0468683 0.65118986 175.47726
0.81034315 6.1806736 0.67485368 180
0.83516836 6.2788935 0.69686216 184.22321
0.88282454 6.2868242 0.74674726 171.33333
0.82441324 6.3839521 0.70839882 188
0.82558197 6.4428706 0.77375078 168
0.8773874 6.5248742 0.75177848 119
0.82297659 6.5618343 0.82678634 187.15384
0.87861711 6.7389517 0.86469001 181.01111
0.84584242 6.8756251 0.89157474 175.34483
0.87062132 6.9727397 0.93228036 178.38094
0.81213307 7.0664577 0.99512827 181
0.87567216 7.2722154 1.0395621 185.5
0.83935529 7.434216 1.0707943 181
0.94877893 -0.53723997 -0.59989846 130
0.95206523 -0.36424363 -0.54278523 171.76042
0.9541226 -0.25455174 -0.53299844 170.20889
0.9508006 -0.15529667 -0.50512391 185.66666
0.9455297 0.034657545 -0.51162374 154.57143
0.92778474 -0.10841976 -0.48205009 187.85715
0.97744542 -0.014351982 -0.47917953 182.19643
0.94470912 0.13108219 -0.45045671 159.98178
0.96937484 0.25272956 -0.47317755 165.92857
0.96352899 0.34660664 -0.45506948 175.68182
0.94073904 0.43263155 -0.42495289 161.42639
0.96425825 0.57638484 -0.4112595 158.77777
0.98424488 0.19770475 -0.39759865 138.66667
0.97747302 0.25302246 -0.37355369 156
0.94847149 0.35332423 -0.35896617 161.97025
0.93753469 0.45526856 -0.35851094 153.30357
0.93654346 0.7516923 -0.34345496 155.61429
0.93139875 0.83998311 -0.36920214 153
0.91764414 1.0399897 -0.33597657 174.33333
0.95233846 1.1119378 -0.32637277 178
0.94600171 1.2423352 -0.33556211 166
0.9705053 1.3460391 -0.31668666 170.375
0.94024801 1.4676408 -0.31150082 191.83333
0.95604593 0.34536371 -0.28720593 143
0.9919787 0.42941335 -0.22556525 152.5
0.99532574 0.72914368 -0.21053836 164.75
0.99335772 0.81030875 -0.29781735 151.625
0.90069598 0.91252816 -0.20502786 159.375
0.98104465 1.1786669 -0.29836503 183.09091
0.90742296 1.2887706 -0.22962901 186
0.93890226 1.3455631 -0.2428017 187.67143
0.9534108 1.4480308 -0.27700943 187.625
0.9306668 1.5618688 -0.26260951 176.41667
0.94569665 1.6584097 -0.22553375 159.66667
0.92219186 -0.33826351 -0.1740943 169.9375
0.96718723 -0.24597709 -0.16838145 172.3889
0.95118946 -0.157867 -0.15786518 177
0.95757294 -0.052404605 -0.14627877 176.41667
0.95107025 0.04469002 -0.14181174 176.39584
0.94470006 0.14500144 -0.13721472 179.71666
0.95149618 0.24069127 -0.14062025 178.95
0.93033057 0.34171033 -0.13933325 179.31516
0.94525975 0.43360189 -0.14231296 179.6111
0.97178435 0.7129727 -0.18774214 155.625
0.95717883 1.4371524 -0.17123024 171.96155
0.91497517 1.527856 -0.187683 160
0.92053664 1.7378516 -0.16405497 211
0.94169402 1.3676724 -0.034795251 189.11667
0.90982229 1.3885117 0.011170289 76
0.93860394 2.7076004 0.017038114 173.5
0.99374908 2.8417342 0.035516135 136.5
0.91143358 2.9104395 0.047431171 144
0.95958418 3.0163007 0.062461089 144.125
0.95430797 3.2097793 0.037565824 185.5238
0.95321578 3.3281972 0.058059357 186.85715
0.94600439 3.4574847 0.074536555 175.83333
0.93642336 3.5442021 0.084681891 186.44444
0.9194532 3.3575819 0.12887162 163.26666
0.98807806 3.4568141 0.14783877 157.26154
0.95522738 3.5502093 0.17864238 152.14
0.95712113 3.6427841 0.13938291 159.8735
0.93956351 3.7428572 0.12236398 171.83575
0.91829395 3.8652482 0.14645548 168.98633
0.96979731 3.9667399 0.1597127 170.8869
0.96719134 4.0898137 0.17527121 186.75
0.965756 4.1634097 0.17722425 152
0.97090316 4.2297378 0.1914795 151.5
0.9456082 3.6291056 0.22439073 174.78372
0.94609874 3.7373621 0.25009552 167.15874
0.92953926 3.8557668 0.25619769 167.46974
0.94008613 3.9307916 0.26562753 161.42664
0.94701803 4.0211101 0.23415509 154.55173
0.95244884 4.133286 0.24877428 166.75745
0.97037065 4.2322912 0.26204169 177.3125
0.92847484 4.3413978 0.25215927 164.58571
0.95968086 4.4460707 0.27557778 166.15555
0.99286324 3.4864237 0.3285813 164.41667
0.97130877 4.0372434 0.31141812 176.625
0.95125175 4.1196485 0.32275611 169
0.91409701 4.211082 0.33133036 163
0.92812371 4.3200216 0.35471842 158.66667
0.93389672 4.4560165 0.34533682 166
0.95855409 4.5729465 0.3147369 171.47501
0.91100049 4.6316099 0.34441429 196
0.9948234 3.939393 0.42634085 133.11765
0.92998129 4.5695868 0.43215367 180.59444
0.9973129 4.6501212 0.49939689 208.33333
0.9750967 4.5896187 0.54986763 199.83333
0.94693071 4.5614109 0.61836076 198.85715
0.95417643 5.9625182 0.60998023 157
0.91203344 6.1601391 0.66686445 174.60715
0.97658986 6.3508253 0.76349139 174.5
0.93545163 6.4536061 0.78796774 187.325
0.94164979 6.5968323 0.76221287 113
0.92871797 6.607379 0.83499163 188.28572
0.95239186 6.8133297 0.8817293 182.40909
0.94031423 6.906374 0.89416009 179
0.93909168 6.9468145 0.97424954 187.33333
0.93589246 7.0359039 0.98923278 187.33333
0.96897113 7.0895166 1.0908718 152
0.95521444 7.1136456 1.0390576 183.5
0.9529447 7.2313328 1.0306326 189.25
0.92060459 7.377738 1.0570984 186.25
0.99072903 7.4670095 1.0736769 186.5
0.92516685 7.4911809 1.1534947 206.09091
1.0262612 -0.6776073 -0.60986269 130
1.0716085 -0.59947032 -0.59961545 130.75
1.030318 -0.44872257 -0.56523097 164.75
1.0555129 -0.35430393 -0.5305118 183.25
1.025023 -0.25276127 -0.52538729 176.56668
1.0830483 -0.19788831 -0.53415698 151.60001
1.0639992 0.0067788269 -0.5011481 151.39999
1.0495631 -0.1191287 -0.48724967 187.93333
1.0499089 -0.040738758 -0.45109418 160.82143
1.0469333 0.060080234 -0.44974849 162.44417
1.047688 0.17366804 -0.46060231 171.65308
1.0543245 0.26427367 -0.45893654 178.61392
1.0674117 0.35665858 -0.45173621 167.71339
1.058497 0.47373587 -0.42070279 171.59486
1.0208814 0.58281237 -0.40240818 156.41026
1.0208458 0.2916294 -0.36108774 165.66667
1.0454695 0.33722061 -0.36495101 157.33334
1.0512527 0.42013729 -0.35619313 153.375
1.0083461 0.53706914 -0.33305672 151.66666
1.0298308 0.65960711 -0.39052767 153.75
1.0415363 0.76725715 -0.34266555 147.11111
1.0482998 0.87862682 -0.33727515 160
1.0615469 1.1636211 -0.34962034 174.27733
1.043784 1.21328 -0.3232936 188.39999
1.0421393 1.3118401 -0.31591111 173.375
1.0792005 1.4149802 -0.31286088 166
1.0531203 0.46303621 -0.25362349 138.42308
1.0816457 0.63125569 -0.29229859 149.125
1.0613288 0.85074979 -0.28738663 160.89555
1.0434839 1.2459925 -0.25947526 182.58334
1.0755478 1.3754658 -0.24159609 187.66071
1.0331649 1.4731702 -0.2687943 186.875
1.0476788 1.5500447 -0.26966518 170.65477
1.0407126 1.742635 -0.22189435 145.25
1.0601599 1.4260979 -0.19024773 190.83333
1.0262028 1.6562532 -0.054106325 172.59848
1.0651532 2.9490373 0.049342964 139
1.076039 3.2137942 0.073615201 180.15384
1.0310429 3.3445446 0.059652939 189.85715
1.0219288 3.4639404 0.061926685 161.48718
1.0382648 3.5635381 0.088423103 164.3875
1.0866437 3.6537023 0.077166617 168.0788
1.0743465 3.1999335 0.14362915 170.39999
1.0268835 3.3522444 0.12956303 165.75
1.075389 3.5148757 0.15959775 159.3759
1.0448637 3.6355011 0.15082325 152.80704
1.0508375 3.748071 0.13807754 160.75961
1.0251808 3.8466599 0.15092349 162.31708
1.0813104 3.9370043 0.15127784 147.66667
1.0694703 4.0696898 0.16902286 161.5
1.0707563 4.2032886 0.18775962 181
1.0099349 3.4935293 0.27233928 167.5
1.0442152 3.6732137 0.23226047 190
1.0431623 3.7513812 0.23955141 162.26186
1.0431596 3.8722982 0.26520312 159.40909
1.041155 3.9636135 0.27235708 163.41104
1.0419449 4.060842 0.23072277 152.28572
1.0577911 4.271575 0.24655703 177.82727
1.0362592 4.3571877 0.2557078 158.34375
1.097553 4.4247746 0.28678399 180.71428
1.0650024 4.551023 0.27957764 172.48334
1.0445774 4.0639749 0.31068528 169.86111
1.0588115 4.1581898 0.32265669 173.75757
1.0225585 4.2542014 0.34195933 177.2
1.0579386 4.37186 0.36739776 174.44643
1.0351881 4.4558539 0.33073261 177.83333
1.0656822 4.5191536 0.35132506 167.75
1.04722 4.6465435 0.34829372 189.73749
1.021782 3.979382 0.4095068 154.625
1.0825603 4.0135102 0.48624519 121
1.0861956 4.6643376 0.44866917 204.79762
1.0443623 4.6299181 0.5543642 204.65475
1.0558792 4.6264992 0.61821491 203.75
1.0578604 5.9102859 0.63865054 164
1.0120755 6.0281787 0.66732025 125
1.0312035 6.0293589 0.73311394 126.66667
1.0522863 6.4348249 0.77859867 173.33333
1.0375845 6.5349913 0.80572003 186.25
1.004629 6.6352839 0.8381049 190.2
1.0395722 6.7332668 0.86210018 189.14584
1.0587285 6.838717 0.88827902 187.22223
1.0169177 6.930963 0.93818653 183.27232
1.0269808 7.0136814 0.98407197 183.375
1.0369747 7.0814209 1.0358399 182.5
1.034234 7.1865511 1.0256327 189
1.021889 7.3066459 1.0415341 189.5
1.0528071 7.4095917 1.0633386 189.5
1.0390477 7.5659614 1.1331488 204.75
1.0157266 7.5512409 1.2067829 204.5
1.1998717 -0.64663738 -0.58785111 136
1.1491418 -0.46184304 -0.57215196 140.5
1.1516157 -0.35205287 -0.55610555 145.39999
1.1261798 -0.25335738 -0.51695305 183.93333
1.1992226 -0.19938774 -0.52746612 150.75
1.1614712 0.22440372 -0.50109577 141
1.1415817 -0.1490171 -0.49312246 190.55
1.1690429 -0.06680771 -0.46339351 163.65454
1.1431584 0.06306085 -0.46089786 161.49397
1.1701392 0.15875787 -0.44945315 185.5
1.158329 0.25376794 -0.44841781 175.05
1.1499693 0.36163226 -0.44283581 178.54666
1.1301204 0.45295405 -0.41924953 176.42709
1.1325498 0.54717433 -0.43063909 182.5
1.1476105 0.60010833 -0.41925073 161.89189
1.1931885 0.092267454 -0.33628488 129
1.1546218 0.13559695 -0.39748111 140.5
1.1352457 0.24067858 -0.37693366 147.5
1.1888316 0.36023962 -0.35676748 148.83333
1.1343126 0.44740903 -0.36871448 158.33334
1.1463103 0.54215628 -0.34788725 147.86174
1.1623263 0.62411827 -0.35369894 156.64388
1.1301388 0.75605953 -0.30187681 163.66667
1.1024667 0.8185994 -0.30759144 173.75
1.1670396 0.97035545 -0.39060888 151.66667
1.1605965 1.0315266 -0.37188941 167.54413
1.1668854 1.1725161 -0.34197628 180.78284
1.1254478 1.2471144 -0.31953123 181.53473
1.1493118 1.3472559 -0.31535959 163
1.1731164 1.4437519 -0.30163187 157.25
1.1091908 0.96136981 -0.26574913 164.375
1.149298 1.2481363 -0.22844873 175
1.1669492 1.3478066 -0.29252338 187.15277
1.1154242 1.4556104 -0.26141518 180.33333
1.157807 1.5296097 -0.27658969 191.3
1.1611803 1.6407765 -0.24778046 185.5
1.1601273 1.7886446 -0.22042695 175
1.1743336 1.7256465 -0.13959728 209
1.1234868 1.848048 -0.13497384 186.83334
1.1681606 0.78170097 -0.08780425 127
1.186205 2.8725789 0.038361695 122.5
1.1817235 3.1733634 0.087075807 122
1.1394126 3.340766 0.069522001 155.91667
1.1558784 3.451864 0.072339065 161.10001
1.1439489 3.5158956 0.071290493 161.31827
1.1993049 3.6224685 0.069935113 156.09616
1.1698118 3.7189991 0.083228335 168.7561
1.1871582 3.2733757 0.11579308 175
1.1421075 3.3550985 0.1418362 179.8125
1.1280732 3.4424727 0.13409831 156.97263
1.172739 3.5362046 0.17063166 165.17857
1.1467639 3.624248 0.15129764 149.57001
1.1396911 3.836117 0.14357331 157.69344
1.16082 3.94682 0.14645286 142.34332
1.1251409 4.0242386 0.17005654 156.51923
1.1543596 4.1386304 0.17299356 138.93333
1.1684242 4.2225199 0.1830419 181.75
1.1512642 4.316937 0.19874853 174.5
1.1486033 3.785497 0.23459475 149.38637
1.1260923 3.8717604 0.25860703 148.61905
1.1917316 3.9705944 0.27108675 162.2478
1.1455011 4.0226707 0.26884618 169.57576
1.1153842 4.136909 0.25902078 168.36505
1.1793634 4.2471523 0.26058272 172.43254
1.1476034 4.3635049 0.26457068 179.89285
1.155604 4.456099 0.25871414 139.875
1.1420646 3.7491298 0.35948932 144.07793
1.1550072 4.0925555 0.30878875 170.41666
1.1614418 4.1624269 0.32079354 167.53589
1.1539195 4.250556 0.34026021 169.74405
1.1633418 4.4392352 0.34991193 173.83936
1.153627 4.5523376 0.33535796 165.89999
1.1527309 4.6541891 0.34204459 183.06731
1.1426184 4.7146487 0.34373501 185.3
1.1329615 4.0817184 0.47293803 126
1.1268028 4.6711774 0.48495167 204.42856
1.1999284 4.7262583 0.40965819 210.60001
1.1466314 4.6623549 0.56659657 204.79761
1.1992462 5.2974052 0.56558186 200.75
1.1573031 4.661479 0.6293537 205
1.1937205 5.8398356 0.60086286 153
1.1063212 6.5269971 0.80230421 177
1.1191028 6.6433783 0.82783645 190
1.1865853 6.7333317 0.84583467 193.96667
1.1473987 6.8625088 0.88538879 193
1.1100724 6.9047127 0.89833897 189
1.1058584 6.9295855 0.9580617 179
1.1303334 7.0237641 0.98010445 180.28572
1.1159312 7.0688524 1.023023 178.54546
1.1314535 7.2152038 1.0267134 185.875
1.1393814 7.3000226 1.043444 187
1.1263998 7.4425879 1.0630159 187.70001
1.1571797 7.0028133 1.1184691 157
1.1554563 7.6115265 1.1407288 206
1.1369798 7.5796227 1.2266523 203.625
1.210163 -0.62446874 -0.58837789 132
1.2400767 -0.55335146 -0.5789516 134.75
1.2683545 -0.48452967 -0.56742853 141
1.2256277 -0.25625834 -0.5682736 149.21429
1.2628256 -0.17668019 -0.53294426 161.5
1.2347374 -0.026219988 -0.55717802 148.66667
1.2648226 -0.11198837 -0.49221736 174.46667
1.2436868 -0.01166176 -0.43187231 163.7
1.2300835 0.049757585 -0.47474882 181.0625
1.2549279 0.16850084 -0.44580272 187.51111
1.2450331 0.24173906 -0.43721145 185.95381
1.2236007 0.34688273 -0.44081727 176.68939
1.24833 0.46492943 -0.41838357 167.54761
1.2545226 0.54004204 -0.41958767 161.61627
1.2239736 0.60743421 -0.41664699 156.23334
1.227332 0.17333409 -0.38407353 142.66667
1.2246355 0.24891493 -0.37709805 144.75
1.2893375 0.34535208 -0.36730102 159.74167
1.241559 0.48091045 -0.32941917 155.88889
1.2639815 0.57623518 -0.35537538 169
1.2435336 0.69153559 -0.31814608 174.83333
1.2737508 0.85141617 -0.38595203 153.125
1.2266977 0.93600082 -0.37803629 149.45097
1.2918036 1.0526552 -0.34562194 161.67647
1.2664852 1.1730974 -0.33844978 178.75
1.240741 1.2528811 -0.31893632 178.66666
1.2754687 1.3872327 -0.30131197 165.16667
1.2752293 0.097837888 -0.27449086 141.5
1.2531885 0.83150238 -0.2374002 136.59525
1.2549675 0.95344055 -0.2663132 156.39999
1.2570329 1.3862014 -0.28358638 184.75
1.2445811 1.472473 -0.2818737 172.7
1.2514218 1.5451492 -0.25910971 174
1.2382526 1.6986064 -0.23496501 186
1.2309101 0.79279977 -0.19155018 124.5
1.2698382 0.8218869 -0.18224609 125
1.2950372 1.4765574 -0.19004795 185
1.2634797 1.5031781 -0.14005423 187.64706
1.2454838 1.4991716 -0.093094654 183
1.2361135 1.5561428 0.084754698 168.96429
1.208644 1.7082893 0.055598587 29
1.2961855 3.1356516 0.07042861 119
1.2462496 3.2886868 0.093661964 127.25
1.2438798 3.3379922 0.051152907 149.5
1.2639724 3.4496861 0.070670322 143.625
1.2665688 3.558022 0.073272958 145.57059
1.2642771 3.6562605 0.069639921 155.14285
1.2540721 3.7364824 0.085173815 167.5
1.2293015 1.5197715 0.12679136 214
1.2725636 3.2753589 0.11378927 179.25
1.232108 3.3590927 0.13884088 182.66071
1.2368555 3.4488215 0.14164117 158.24547
1.2579288 3.5415134 0.14901389 145.32639
1.2558655 3.6767256 0.15300415 133.77779
1.2495515 3.8352625 0.16035898 157.42627
1.2307426 3.9459 0.15241446 174.83118
1.2523131 4.0478783 0.16585492 150.27975
1.2692626 4.1372371 0.17021729 189.75
1.2618301 4.2404289 0.17914543 181.60001
1.2562646 4.3403969 0.19310018 172.33333
1.2617469 3.6571703 0.2160902 178.28572
1.2293569 3.7067304 0.23434334 167.52942
1.2451563 3.8331611 0.23139319 166.3869
1.2591257 3.9492691 0.24759689 170.55527
1.2439783 4.0387497 0.26084459 165.04457
1.2209157 4.1575637 0.25441968 147.0076
1.2562014 4.2989392 0.27949241 182.17647
1.2512894 4.3646379 0.2530978 178
1.2510002 4.4554844 0.21286818 163.66667
1.2381579 4.5392809 0.25235191 116
1.2116225 3.7444556 0.38053775 153.5
1.2605937 4.135663 0.30871215 167.37038
1.241195 4.2579856 0.32799122 163.96991
1.2618117 4.3293257 0.34196803 178.33334
1.2612309 4.4640579 0.33741114 174.81857
1.2617613 4.5862269 0.34639412 164.55
1.2529423 4.6752009 0.35844624 164
1.2255369 4.7073517 0.48168471 208.38095
1.2987778 5.0766654 0.48784363 181.125
1.2555754 4.687645 0.56732535 207
1.2489183 5.1776786 0.5053429 173
1.2174824 5.2565355 0.55034107 182.8
1.2895074 5.3476338 0.54819381 146.66667
1.2646775 5.4180846 0.55610031 143
1.2289318 5.2863345 0.66489065 203.18333
1.2860125 5.910882 0.60769856 150.66667
1.2752945 6.0002375 0.62295181 148.66667
1.2171243 5.3407388 0.73746991 202
1.220745 6.8761764 0.86948621 197
1.2013214 6.9212894 0.94314724 177
1.2214167 7.0069685 0.96132803 177.8
1.2283031 7.2083559 1.0160803 182.93333
1.2199292 7.3446841 1.045084 186.8125
1.2359546 7.5158901 1.0762526 185.25
1.2873763 6.9811673 1.1729884 144.83334
1.2543283 7.0170379 1.1313505 159.75
1.2625037 7.6360135 1.1470796 204.125
1.252151 7.6159081 1.2268044 204.64999
1.3355948 -0.66649586 -0.58066779 123.5
1.3655461 -0.56226498 -0.57036281 135.25
1.3151357 -0.43736434 -0.55165362 144.25
1.323105 -0.34930894 -0.54188418 147.39999
1.3586892 -0.26487675 -0.54817092 145.07619
1.3779044 -0.13989334 -0.50453109 170.33333
1.3689885 -0.056231111 -0.56278408 160.25
1.306003 0.052625056 -0.54284084 168
1.3911332 0.14710869 -0.52229542 185
1.3390112 -0.040033765 -0.45493746 162.87302
1.3412986 0.046992186 -0.44532031 169
1.3617417 0.15568857 -0.43818715 188.39444
1.357342 0.23977655 -0.4245021 185.52856
1.3530217 0.33097628 -0.4175514 180.9762
1.3442863 0.47183898 -0.42121169 168.32858
1.3369535 0.55658078 -0.40822735 163.05804
1.3574716 0.6581462 -0.40617195 159.02274
1.3254473 0.066539869 -0.39363742 134.33334
1.3086995 0.11767328 -0.34985104 127
1.3493381 0.2036622 -0.37344298 145
1.3708848 0.32504672 -0.35706368 152
1.3777299 0.43494081 -0.33253267 161.25
1.3296951 0.50868541 -0.32681245 168.41667
1.3969703 0.65017349 -0.3169955 176.25
1.3573873 0.77253187 -0.39407948 158.85582
1.3523716 0.87204057 -0.3768135 151.45
1.3200765 0.97196639 -0.36699346 149.33333
1.3824037 1.1389858 -0.3259131 172.25
1.3297886 1.2883557 -0.30829579 176.18983
1.3011872 0.89116669 -0.25572619 138
1.35862 0.93460143 -0.26500425 157.72501
1.347766 1.1511477 -0.24556699 168
1.3706516 1.3748199 -0.25076962 169.5
1.3501807 1.4601575 -0.27918741 167.83334
1.3406326 1.5334401 -0.25420257 186.875
1.3150233 1.6044487 -0.24083723 190.5
1.3184305 1.7483423 -0.22084628 191
1.3857012 1.4897099 -0.17960764 184
1.3800442 1.574671 -0.17188697 188.88889
1.3189781 1.6137869 -0.17087078 192
1.3612387 2.9519234 -0.051438089 175.60001
1.3586719 3.0470302 -0.032421622 181.44444
1.354629 3.1778359 -0.012449642 159.97864
1.3581204 3.2289462 -0.0054162974 144.10001
1.3723649 3.1111035 0.067036077 113
1.3667098 3.2659433 0.091699898 114
1.3535085 3.3271937 0.049765836 127.5
1.3470064 3.4350629 0.043834209 144.61404
1.3651414 3.5850577 0.099470787 117
1.3767872 3.6098526 0.093870446 116.5
1.3445302 3.338706 0.12510197 182.33334
1.3177974 3.4393799 0.1406063 152.1875
1.3742321 3.5476539 0.16411817 177.625
1.3051262 3.6767359 0.14604476 115
1.3528392 3.7497571 0.11605651 115
1.3538632 3.8455124 0.16508137 136.76666
1.33567 3.9698343 0.16246277 116.16667
1.3252339 4.1006079 0.18840867 115
1.3448111 3.6666875 0.22303621 183.66667
1.3424507 3.8433282 0.23161231 169.73944
1.3583473 3.9506419 0.24979478 167.23174
1.352224 4.0630322 0.2714867 171.10349
1.3311886 4.1631441 0.27068138 166.6803
1.3773226 4.2142797 0.27220494 177.625
1.3623531 4.3099856 0.27855912 183
1.343002 4.4156713 0.29766151 188.55556
1.3397219 3.7458551 0.34789559 153.5
1.3606068 3.9903593 0.35840735 121.86364
1.3763511 4.0757761 0.33418322 159
1.3479362 4.1761212 0.31202325 185.98125
1.3408637 4.2594981 0.32027668 183.44481
1.3604882 4.3538718 0.33912575 158.3275
1.3738674 4.4372916 0.3699894 138.5
1.366586 4.530467 0.3331829 170.60001
1.333209 4.6317925 0.37834734 144.75
1.3140304 4.7366118 0.37402079 177.05
1.3341304 4.7547331 0.44125056 208.95834
1.3927244 4.878963 0.43972865 159.75
1.3396538 4.9924664 0.47061521 181.42857
1.368102 4.7356305 0.5443083 206.75
1.3776159 5.1932292 0.50729162 169.77777
1.3137062 5.2704802 0.52795553 157.8
1.3708675 5.3916073 0.53733766 161.625
1.3572602 5.4775629 0.55246735 159.46667
1.3828565 5.8430915 0.63463515 132.59091
1.3235139 7.1517868 0.98786014 179.55556
1.3789461 6.9667311 1.0782809 121.56944
1.3299718 7.2948303 1.0311879 185.28572
1.3117677 7.3989191 1.0510104 188
1.3280202 7.5635333 1.0827414 187.25
1.3666 7.6867833 1.1437519 205.7
1.3591162 7.6410956 1.2472564 205.36363
1.3421036 7.6195931 1.3107914 203.25
1.4748986 -0.63812155 -0.5659526 130.25
1.4894645 -0.54370368 -0.55717653 136
1.4003948 -0.4312906 -0.54831725 142
1.4247942 -0.33978084 -0.53306782 149.60001
1.4539778 -0.2264947 -0.54932451 154.40909
1.4729288 -0.13915111 -0.53794092 170.29166
1.4408201 0.046675529 -0.54129225 178.5
1.491203 0.25794131 -0.50067282 188.60001
1.4364363 -0.0034798214 -0.48131543 175.5
1.4526397 0.078679457 -0.45358986 164.33333
1.4534 0.17466804 -0.4398618 188.77274
1.4503882 0.27203608 -0.43384907 175.93138
1.4504019 0.35011423 -0.42597586 183.23738
1.4955777 0.4138355 -0.41197878 174.34616
1.4296933 0.54565638 -0.40951815 162.82382
1.4455118 -6.4118227e-05 -0.39197105 130
1.4296582 0.078144222 -0.37182355 142.25
1.4459602 0.13073432 -0.35065919 131.18889
1.456777 0.22216833 -0.36403465 145
1.4747839 0.33418676 -0.34711576 151.14285
1.4729357 0.44470313 -0.32437426 155.27777
1.429656 0.52331597 -0.32356745 179.38461
1.4661714 0.81733036 -0.38007534 150.88524
1.4352537 0.95242441 -0.35895631 150.20955
1.4541755 1.1546466 -0.31451115 160.66666
1.461589 1.2204317 -0.30319405 177
1.4715755 0.65975666 -0.29235673 155.5975
1.4245237 0.84499753 -0.28062144 156.25
1.4371203 0.96215254 -0.25601417 156.03232
1.4476697 1.1396583 -0.24390717 134.18056
1.4455208 1.3503326 -0.24840483 174.60417
1.4785022 1.4251586 -0.28240001 166.61765
1.4320933 1.5107363 -0.25830376 183.41667
1.4221551 1.6463351 -0.23406175 189.78333
1.4039819 1.7898252 -0.21390843 189
1.4973617 1.4950345 -0.17123476 184.76923
1.4713271 1.6039503 -0.16045436 190.33333
1.4702146 3.0437572 -0.035201401 181.25
1.458618 2.9839921 0.080361575 174
1.4451119 3.0747879 0.078756645 145.625
1.4435942 3.1495821 0.077995092 179.5
1.4570547 3.2455032 0.095943019 180
1.4660318 3.3367784 0.029274052 126.25
1.4527273 3.4444098 0.051033996 132.65729
1.4688026 3.5722113 0.097453915 108
1.4515431 3.1233037 0.1056052 187
1.4928678 3.2568488 0.12383996 180.69231
1.4481378 3.3635685 0.12714793 185.39684
1.4331386 3.4578507 0.15143029 179.12222
1.4509385 3.5799415 0.15041701 155.34375
1.4402694 3.6300542 0.18992691 174.08334
1.4629194 3.6734388 0.21774125 164.30588
1.4588493 3.7306721 0.2129229 143.91667
1.4432107 3.8444722 0.24412675 159.91666
1.4438539 3.9379785 0.22161448 164.99878
1.4401186 4.0419264 0.27707008 188.29167
1.4308442 4.1072302 0.27968645 177.625
1.4800588 4.239593 0.27877399 180.8
1.4605894 4.3152337 0.28225002 184.125
1.4463341 4.4228139 0.29838446 188.125
1.405389 3.7435255 0.35299397 160.39999
1.43226 4.0505786 0.35762399 148.86957
1.4853356 4.1907978 0.30040866 180.66667
1.45003 4.251678 0.31580651 176.85237
1.4537971 4.3616824 0.33792207 163
1.4919198 4.5542312 0.34357506 148.83334
1.4084181 4.6373491 0.32353035 175.8
1.4280467 4.7490492 0.33832043 162.66667
1.4478122 4.8476472 0.35855639 153.75
1.4485615 4.8484745 0.42934504 145.5
1.4518927 4.9145904 0.44167113 166.04546
1.4166276 5.0335822 0.47141141 181.7
1.441559 5.1401515 0.48741236 165.0625
1.4284685 5.2589655 0.49824846 160
1.4566096 5.2504382 0.52390254 164.44444
1.4027991 5.3166366 0.53152913 176.5
1.4397659 5.4338803 0.53044957 173.77777
1.463632 5.5167046 0.55963898 157.25
1.4920543 5.7426901 0.57283807 177.83333
1.466194 6.1453605 0.64466548 177.125
1.4733167 5.3211226 0.77017957 129
1.4887148 5.825892 0.76078284 123.5
1.4268464 6.0289273 0.73540306 202
1.4611614 6.153441 0.76728117 197
1.4080575 6.5454998 0.76632094 192
1.4373628 6.66432 0.78283197 192.75
1.4437287 6.7684388 0.80239868 190.5
1.4280673 6.9565177 0.97727257 136.05
1.4151289 7.1979871 0.99404752 179.5
1.4219553 7.3224106 1.0278207 186
1.4306245 7.4403958 1.0562528 189.575
1.4319149 7.5799532 1.0825412 188
1.4939231 7.7354541 1.1570632 206.39999
1.4676374 7.6912112 1.2539613 205.54546
1.445775 7.6615229 1.3322219 203.85715
1.5031985 -0.43761107 -0.53938162 144
1.5183073 -0.3283996 -0.52395993 156.60001
1.5474156 -0.27198315 -0.59172666 144.25
1.5790975 -0.18916821 -0.58011526 157.33333
1.5693812 -0.015525799 -0.52525693 114
1.5589733 0.025323072 -0.5317297 150.21429
1.550113 0.15091993 -0.51325566 163.08333
1.5940952 0.21516056 -0.50449067 187.75
1.5928897 -0.20406672 -0.49880788 178.60001
1.5748737 -0.14373404 -0.49272954 182
1.5698184 -0.03910451 -0.47448549 170.3
1.544535 0.026661271 -0.453843 186
1.5214813 0.10096098 -0.44580755 188.60001
1.5756456 0.24996255 -0.411311 186.14285
1.5611012 0.31343901 -0.44989008 182.84265
1.5572542 0.44384912 -0.45173594 179.88889
1.5718668 0.090481438 -0.37573358 132
1.5634711 0.19013709 -0.36159599 141.5
1.5560505 0.28161496 -0.34948027 150.25
1.5738821 0.38385835 -0.33676401 162.375
1.5461608 0.44862673 -0.31945512 177.34921
1.5322051 0.54040116 -0.31143785 180.45238
1.5066986 0.66942209 -0.30439958 173.26666
1.5611928 0.85395545 -0.35462871 149.65854
1.5302243 0.9231416 -0.34184438 149.30952
1.5561924 1.0379791 -0.31576806 162.88095
1.5902048 1.1829566 -0.30361837 162
1.5093863 1.2016292 -0.31954789 159
1.5738914 0.65808898 -0.27793041 162.84616
1.5730264 0.74282569 -0.28166038 154.38426
1.5582515 0.8588022 -0.25519648 152.88141
1.5596792 0.96134847 -0.23472787 151.67346
1.5357708 1.0395039 -0.24615312 154.49495
1.5514486 1.1481378 -0.2788575 153.51704
1.5267771 1.2352587 -0.26367179 158.3
1.5372537 1.3489274 -0.28630725 163.8
1.5937923 1.4507352 -0.27457315 176.61539
1.5557964 1.5719362 -0.24430983 184.47321
1.541679 1.6663858 -0.23021854 189.8
1.5668433 1.3281522 -0.19780165 175.70833
1.5351585 1.4325833 -0.18226247 180.625
1.5695148 1.5738391 -0.1569389 190.0625
1.5387826 3.0573273 -0.034714345 182
1.5687696 2.9863815 0.075311154 173
1.5504712 3.0896747 0.097928628 185.25
1.5219043 3.2276537 0.093002141 186.5
1.5300171 3.437007 0.027806956 139.15384
1.5548444 3.5280814 0.042868141 150.14474
1.5155404 3.1820731 0.12662482 189.25
1.5918329 3.2812881 0.1417996 186.625
1.5425553 3.3590415 0.124105 181.01334
1.5510693 3.4570754 0.13919769 180.26308
1.502861 3.525326 0.15133706 189
1.559113 3.6461656 0.17506602 180.2
1.5708219 3.7708828 0.19683905 157.14285
1.5745319 3.6877298 0.24742307 140.19025
1.5442121 3.8541703 0.24313141 168.27678
1.533118 3.9520905 0.22301552 166.79524
1.5441023 4.0509009 0.27101934 171.39999
1.5326315 4.1374631 0.27265978 177.86946
1.5786606 4.2682385 0.2845419 184.875
1.5568904 4.3659906 0.28814945 187.875
1.5589644 4.44238 0.29721981 189.33333
1.5722252 3.8607206 0.31984532 126.51428
1.5323461 4.0466213 0.3497926 155.96666
1.5565437 4.2955813 0.32435724 150
1.5463793 4.441474 0.34691337 139.75
1.5271811 4.5833106 0.37564945 157.875
1.5437937 4.6542902 0.34466746 153.66667
1.5646746 4.7649188 0.33958453 164.25
1.5992875 4.8652916 0.36079824 148
1.5112778 4.0176539 0.43932909 129.39999
1.5828544 4.7884278 0.41983774 131
1.5399464 4.9571109 0.44581255 174
1.5358609 5.0678267 0.47999832 168.97501
1.5533359 5.1477818 0.49509758 176.27222
1.5839505 5.2565031 0.51737046 150.5
1.5363661 5.3364134 0.52291012 162.76666
1.5179706 5.4390225 0.54400742 156.375
1.5156041 5.5492001 0.54953521 174.75
1.5680048 5.6439095 0.56600833 183.5625
1.5816693 5.269804 0.63422501 203
1.5603784 5.336339 0.67920208 193.16667
1.5770301 5.787786 0.60192645 177.18182
1.5382489 5.8406157 0.60231531 176.42857
1.5313681 5.9622288 0.61252052 177.16667
1.5489553 6.0760288 0.63441306 176.86325
1.5684475 6.1739082 0.65735441 177
1.5535903 5.3374672 0.72617602 191.33333
1.5112475 5.8224411 0.77078056 131.27777
1.5448563 6.0246353 0.72861159 201
1.5614449 6.1424093 0.75576359 198
1.5454569 6.2468414 0.78967428 193.66667
1.5400066 6.4898562 0.76261604 187.44444
1.5114874 6.5756726 0.77077359 190
1.5784158 6.6658282 0.77986056 190.06667
1.528688 6.8023887 0.79619545 193
1.5165044 6.3172655 0.80873698 191
1.5339171 6.4104152 0.82402563 185.71428
1.556551 6.5380425 0.8318609 150.40001
1.5167516 6.896574 0.81144828 190
1.5688933 7.0008407 0.83014446 184
1.5747879 6.590961 0.90859997 159.5
1.5349302 7.2256527 0.99633479 178.75
1.5838884 6.6779599 1.0060982 121.5
1.5222609 7.3703532 1.0355473 187.38889
1.5538355 7.4752374 1.0578109 191.75
1.5347874 7.5866747 1.0797311 191
1.5832884 7.7440615 1.2614926 206.61667
1.5553501 7.710556 1.3546547 205
1.6055696 -0.55887455 -0.5500527 139
1.6044148 -0.46448305 -0.53217661 145
1.6061523 -0.34870225 -0.51904535 158.375
1.6938478 -0.24937123 -0.58606118 155
1.601613 -0.1283574 -0.56795543 172
1.6234388 -0.071373731 -0.56008285 176.5
1.6628859 0.034491539 -0.54012507 185.33333
1.6094129 0.13917443 -0.51699638 189.60001
1.6427857 -0.020789215 -0.46707124 174.58334
1.6446294 0.034476165 -0.44664109 179.75
1.6536052 0.12125646 -0.43444803 184.75
1.6456225 0.25152719 -0.46147567 174.04761
1.6619078 0.34241587 -0.46275312 160.83333
1.641135 0.40884486 -0.46457031 164.25
1.6359649 0.52435488 -0.42217588 165.38889
1.6602782 0.65880638 -0.41706899 172.75
1.6809714 0.1588098 -0.35173878 139.83334
1.6550349 0.23952134 -0.34390238 150
1.6429211 0.34098113 -0.32995746 163.84444
1.6956701 0.43109989 -0.32502294 169
1.6333952 0.53164399 -0.30798125 168.54286
1.6494982 0.67074579 -0.38158157 175.88889
1.656482 0.82818878 -0.3425813 171.3485
1.6532665 0.93262786 -0.3287307 174.57001
1.6484466 1.024644 -0.33369017 190
1.6770253 1.172591 -0.32060519 179.75
1.6357163 0.46432018 -0.2613937 150.81145
1.6500441 0.58209705 -0.27843225 176.70834
1.6570681 0.69671488 -0.25686029 166.94737
1.6355636 0.76827776 -0.27107462 153.34126
1.6746321 0.93367362 -0.23008618 164.80725
1.6724811 1.0569603 -0.25997558 164.38889
1.6737367 1.1854286 -0.29333642 168
1.6382521 1.2763768 -0.24585141 169.75
1.6383749 1.3571714 -0.24563879 155.75
1.6616505 1.4386616 -0.27599889 175
1.6512284 1.5319412 -0.25543955 180.42857
1.6549408 1.673902 -0.22803639 189.64999
1.6255715 1.0784769 -0.19627102 149.125
1.689558 1.1588762 -0.16312461 131
1.6857749 1.2553406 -0.19996952 176.03703
1.6712241 1.3561113 -0.18398851 179.92857
1.6249019 1.4462662 -0.16776794 184.05263
1.6568602 1.5385776 -0.17523727 167.125
1.6381215 1.6963526 -0.14056019 195
1.6126027 3.0714786 -0.031511277 177
1.6392075 3.1144702 -0.023266425 177.33333
1.6742116 3.0514858 0.05956069 158.25
1.6238676 3.1267724 0.07810384 168.89999
1.6272368 3.2754557 0.092555806 169
1.666141 3.4861355 0.085103974 149
1.6557599 3.2136953 0.11584315 190.75
1.6533047 3.3429611 0.13397078 184.45192
1.6512226 3.4426425 0.13079643 179.10605
1.6102628 3.5388744 0.15105343 180.55713
1.6425263 3.6373866 0.17859304 162.78751
1.6554152 3.721611 0.19337809 160.25
1.6989597 3.4345047 0.21456112 125.25
1.6389104 3.831821 0.2172561 165.76282
1.6811296 3.9836633 0.23511024 161.45834
1.6582958 4.0731292 0.23982581 164.45238
1.652476 4.144835 0.2648862 179.36665
1.6641184 4.2757754 0.2659449 177.64285
1.6577921 4.3897815 0.2757017 177.54166
1.6219869 4.4911284 0.29295051 187
1.6860459 3.6712389 0.34833145 134.81548
1.6597109 3.8692932 0.34951317 143.95238
1.6104478 4.1705041 0.33662879 155.58334
1.684847 4.2298436 0.30343959 134
1.6391633 4.3519173 0.32675505 131.83333
1.6532333 4.5569096 0.33686554 146.75
1.6622354 4.7224755 0.36560574 134.75
1.6379565 3.8315711 0.42181066 140.59523
1.647508 4.8752704 0.47595727 161.125
1.645882 4.9673634 0.4503727 175.71428
1.6196682 5.0871696 0.47535694 179.33333
1.6786889 5.1708107 0.49850905 161.125
1.6663358 4.7592444 0.547791 124.48413
1.6879325 4.8432651 0.52744609 159
1.6975434 5.0811005 0.50596517 187.5
1.6236153 5.1712184 0.50389653 173.66667
1.6870381 5.2857308 0.5207715 168.33334
1.6415563 5.3846517 0.53580409 163.60001
1.6196913 5.4930353 0.54885721 162.5
1.6154661 5.5643616 0.56700069 160.69444
1.6621152 5.6169119 0.57418251 160.71429
1.6667763 5.7221513 0.57648748 187.88335
1.6415682 5.3598428 0.66182119 167
1.6265 5.9533901 0.61586869 176.91919
1.6971353 6.0253854 0.63513887 179.5
1.6593348 6.1477909 0.65840924 178.35715
1.6520299 6.2607174 0.68145519 183.25
1.6162694 5.3978724 0.7148478 192.16666
1.6421791 5.8683429 0.71924645 144.09091
1.6611395 6.1558423 0.75547999 197.66667
1.6591618 6.2444754 0.78418577 193.66667
1.6615608 6.4475975 0.7334249 175.71428
1.6366235 6.5327225 0.75374776 182.39131
1.6953334 6.6389446 0.76406866 184.27777
1.6445018 6.7384968 0.78228205 189
1.632453 6.8321533 0.79344976 192.2
1.6251332 6.3256159 0.80645168 191
1.6308814 6.4012594 0.8189193 186.46153
1.6498358 6.5565934 0.83477932 164.89474
1.6202707 6.6593475 0.87615252 162.75
1.6148595 6.9240789 0.81012154 192.2
1.6629554 7.0468259 0.83277088 182.5
1.6600558 6.9631972 0.93248612 168
1.6279765 7.2207804 0.9924022 177.18182
1.6301836 7.3652263 1.0278888 187.875
1.6390735 7.4658546 1.0496444 191.33333
1.6150017 7.7365022 1.1524136 206.64999
1.6624821 7.706974 1.4077051 205
1.7162743 -0.1526411 -0.56757671 169.5
1.7366211 -0.06735047 -0.55366582 177.8
1.7376363 0.017675377 -0.53315198 151.2
1.7145319 0.12802187 -0.51025218 160.31429
1.7904201 0.26022154 -0.50004196 181.73685
1.7595221 0.030160924 -0.43419942 173.75
1.717158 0.24300647 -0.49045524 143.5
1.741192 0.37383935 -0.47143579 163.3869
1.7190408 0.45112252 -0.45493805 153.5
1.743154 0.56123674 -0.43101016 167.2
1.7334722 0.61014611 -0.43379194 164
1.7229605 0.74153447 -0.40845567 175.5
1.7959595 0.19173074 -0.35936815 139
1.7542126 0.27185354 -0.33359516 152.25
1.7360768 0.3540161 -0.33277985 161
1.7758116 0.42695519 -0.31235027 165.5
1.7469056 0.55327773 -0.35216716 156.24803
1.7282834 0.63235152 -0.37703589 176
1.7110585 0.73361599 -0.36094218 180.45454
1.7825227 0.83491516 -0.33844241 187.27272
1.7515842 0.93161708 -0.31859598 178.21429
1.7379286 1.0344814 -0.32424891 189.5
1.7444366 1.1371359 -0.32024035 159.5
1.7869439 1.2021166 -0.32240579 181.2
1.7997767 1.3255132 -0.30005714 170
1.7421775 0.49502394 -0.29196379 173.60001
1.7439654 0.63222355 -0.27879664 175.60001
1.7575939 0.72325045 -0.24140295 169.88889
1.7121991 0.81240344 -0.22607204 161.5
1.7574061 0.93927377 -0.23167185 176.75397
1.7525619 1.0355376 -0.25461674 168.54646
1.7321463 1.173418 -0.2087384 174.43243
1.7489145 1.2025937 -0.28955439 162.33333
1.7989155 1.3072635 -0.20663071 153.125
1.719144 1.4675657 -0.20059046 149
1.762702 1.5569278 -0.24546158 183.34375
1.752123 1.6837956 -0.22462708 190
1.7827865 1.7163681 -0.22572429 142
1.7428411 1.0145113 -0.18624392 161.7
1.716944 1.1171498 -0.17849866 161
1.7863526 1.2924964 -0.18226588 182
1.7482339 1.3892779 -0.16472797 185.21428
1.7680043 1.4651798 -0.16904476 175.93333
1.7559602 1.6524671 -0.13916434 193.75
1.791687 2.4138339 -0.1583636 155
1.7518153 3.0900145 -0.028396295 153.5
1.7310002 3.1572917 -0.016764358 164.5
1.7530113 3.2292616 -0.00080405839 166.66667
1.7816298 3.0391836 0.064298213 174
1.7601104 3.1675158 0.076830156 158.66666
1.7224234 3.2341316 0.076846384 149
1.7804393 3.4537351 0.066319972 147.75
1.7530279 3.565459 0.049059458 170.18182
1.7650384 3.3659885 0.10395319 142.33334
1.7712885 3.4560802 0.13734657 173.34723
1.7363018 3.550586 0.14881223 175.4657
1.7525522 3.6548891 0.1687374 164.05556
1.7265222 3.824913 0.18616791 168.35042
1.7609547 3.9007349 0.18980689 163.57143
1.7066269 3.4330389 0.22739486 141.1111
1.7022692 3.8708272 0.22531955 146.5
1.7406781 3.941669 0.21977258 157.73334
1.7736413 4.011281 0.23753648 149.14583
1.7547073 4.1310353 0.2524409 165.81061
1.7598462 4.2129631 0.24816579 169
1.7105787 4.3242583 0.25330073 170.5
1.7243649 4.531363 0.2834132 166.89999
1.7695339 4.6427641 0.27169824 183.04488
1.7639751 4.7347813 0.27116925 193.5
1.7541236 4.833919 0.27823439 195
1.7915289 3.6618752 0.31416842 159
1.7245944 3.8981452 0.32290778 157
1.7356211 4.2556453 0.30419153 124
1.7537186 4.6591897 0.35479951 161.875
1.7961165 4.7445889 0.30375585 178
1.7548525 4.8523011 0.35883814 137.5
1.7770663 5.0113587 0.30332059 198
1.7215072 3.6145842 0.41364616 156.89999
1.7342942 4.8274841 0.4989756 137
1.7885259 4.9249926 0.47996873 153.39999
1.7407485 5.0314822 0.47582009 167.92857
1.7623172 5.1351743 0.48733872 165.83334
1.7591239 5.2141156 0.49366647 173.375
1.7998848 5.3291812 0.4974975 175.33333
1.7846664 4.8247647 0.50385761 134
1.7800367 5.2601585 0.54875016 168.875
1.7323951 5.4649987 0.53811532 171.67778
1.7481178 5.5539737 0.56191444 168.66667
1.7537402 5.6691289 0.56925309 182.11113
1.7515607 5.7834358 0.58097255 195.05
1.7622747 5.8433156 0.59087992 192
1.7938815 4.7815714 0.62044573 121
1.7654206 5.9437413 0.61853057 185.0119
1.7724792 6.0418606 0.63768405 184.66667
1.7392468 6.1629167 0.67398214 176.35001
1.766673 6.3557444 0.68579173 176.02499
1.7026238 5.8654037 0.74465317 135
1.7486545 6.1739941 0.75030166 170.10001
1.7420697 6.2600889 0.78411108 195
1.7347475 6.3221331 0.79562664 192
1.7503054 6.4707589 0.72088498 171.74359
1.7259176 6.5600929 0.74363154 177.72223
1.7818403 6.6998749 0.75937575 183.8
1.740662 6.7867355 0.78410012 188.21428
1.7386878 6.8770409 0.79812402 191.66667
1.7471269 6.4267311 0.82169569 186.27272
1.7301372 6.5406036 0.84245223 179.82353
1.7138139 6.6181202 0.83692241 156
1.7460228 6.9747748 0.81208301 190.60001
1.7623427 7.0879993 0.83524984 179.5
1.741172 7.1587362 0.84861338 170
1.7237982 7.1936998 0.98293185 175.625
1.7408048 7.3200788 1.0151018 186.09091
1.7446281 7.4354448 1.0382383 191.55556
1.8273381 -0.24658132 -0.58518338 182
1.8371525 -0.13986212 -0.56294179 172.375
1.8509251 -0.0074927835 -0.54123855 184.2
1.8547183 0.08802101 -0.51526755 158.95834
1.8312944 0.1690298 -0.50347006 153.82222
1.8987503 0.26229197 -0.49533233 180.94737
1.8444504 0.33608294 -0.47997674 159.49545
1.8533429 0.44846782 -0.45555043 153.75
1.8440806 0.55350477 -0.43316683 159.67351
1.833606 0.64682496 -0.41839719 168.92592
1.8507005 0.34519577 -0.34023663 159.78809
1.8685517 0.45911977 -0.38798794 175.19231
1.8234479 0.54192221 -0.38086969 175.39999
1.8326957 0.65454829 -0.36326167 180.36363
1.8518406 0.7664367 -0.35176849 183.48096
1.8691857 0.84585911 -0.36134633 171.60834
1.8464075 0.99030083 -0.30955225 177.66666
1.8317255 1.0288174 -0.34251621 164.99306
1.8455166 1.2834034 -0.3072305 177.75
1.847322 1.3322642 -0.32556096 164.5
1.8313953 1.438004 -0.30966264 177
1.8521845 0.44312599 -0.29513982 153.5
1.8307444 0.52794826 -0.28277218 164.875
1.8942511 0.66629195 -0.2576932 163.625
1.8508627 0.75584108 -0.2660929 182.19444
1.8077781 0.84468466 -0.21718067 165.66667
1.8640423 0.95351958 -0.23992884 175.55556
1.8629181 1.0805526 -0.24161123 169.33333
1.8509145 1.2442446 -0.20942104 159.2381
1.8100399 1.6281229 -0.23503286 187.60001
1.8901025 1.9023257 -0.23559706 184
1.8610067 2.1045821 -0.2073608 178.5
1.8404709 1.0650681 -0.18405287 164
1.821229 1.1807475 -0.18571644 173.3158
1.8765656 1.3424172 -0.18128932 174.86363
1.8648419 1.4256685 -0.17308997 174.91666
1.8472445 1.5705062 -0.15617344 179.55556
1.8014827 1.6793516 -0.16745126 142
1.8670162 2.1010182 -0.10100976 141
1.8674177 2.2156782 -0.18854022 176
1.8831275 2.3397114 -0.17015147 168
1.8996016 2.4907663 -0.15238132 161
1.812093 3.1936581 -0.0080144256 155
1.8865298 3.2431355 -0.0018424807 151.5
1.8293209 2.9384534 0.040674288 163
1.8033845 3.2800014 0.0073956479 158.5
1.8573532 3.3295135 0.041072477 144.1508
1.8538316 3.4475346 0.056033939 150.40559
1.8398975 3.5809085 0.066742793 150.66667
1.8447341 3.3584824 0.11356127 177.53333
1.8484819 3.474153 0.13909785 157.82991
1.8453352 3.5253489 0.14913327 173.02499
1.8571643 3.6474192 0.17139746 152.55678
1.8292346 3.7328436 0.18099609 177.23334
1.8705857 4.2935977 0.15925363 156
1.8827889 4.3988509 0.17812507 178.2
1.8624579 3.5083458 0.29225799 180
1.842371 3.8733046 0.21063994 150.66667
1.846022 3.9119511 0.21826728 173.1389
1.8558251 4.0356646 0.22686198 179.70238
1.8791233 4.1496663 0.24711823 174.85161
1.8499324 4.2316275 0.26406878 170.53333
1.8112763 4.3322411 0.26569206 171.18182
1.8546892 4.4625659 0.24968398 176.98787
1.8572143 4.5525932 0.24707976 180.64999
1.876731 4.6609612 0.27868307 189.93333
1.8992056 4.7261634 0.27140868 186.7
1.8249183 4.8280215 0.28513297 193.22223
1.8263587 4.9164295 0.29688612 195
1.8020608 3.7797096 0.36094004 174
1.8790843 4.3759685 0.30847219 148
1.8567768 4.7395349 0.33689308 155
1.8854136 4.857038 0.32413831 183
1.8315578 5.0807343 0.3179979 199
1.8873404 4.8582649 0.40940845 175.5
1.8994448 4.9382648 0.49008319 163
1.8587141 5.0385365 0.48288238 180.5
1.8197335 5.1291022 0.48162672 181.77777
1.882643 5.2626605 0.49202108 175.5
1.8264811 4.833869 0.55458492 132.75
1.8720416 4.9005046 0.57181305 160.5
1.8516865 5.1313586 0.55347627 156
1.8175008 5.3646626 0.5176146 177
1.845957 5.4323945 0.52405864 175.3
1.8599122 5.5669222 0.550134 172.60001
1.8498082 5.641911 0.54518116 190.10417
1.8836499 5.7881355 0.57501978 191.7
1.8533177 5.8935609 0.59909511 186.41176
1.8697941 4.8090401 0.6014083 124
1.8575176 5.9745245 0.60931087 182.10001
1.8594105 6.0576119 0.62445134 178.61113
1.8583513 6.1648569 0.64724422 179.2
1.8549383 6.3599052 0.68168235 172.46429
1.8755391 6.4053431 0.69089633 168.76999
1.8517113 6.1849256 0.75544423 198
1.8603206 6.2286654 0.76695752 172.33334
1.8335543 6.3438396 0.79803801 192.90909
1.8357837 6.5483956 0.72296458 172.36438
1.8774418 6.7357836 0.75822461 183.55556
1.832719 6.8527136 0.79082751 188.56667
1.8211136 6.4345274 0.8256802 188.33333
1.8349779 6.5275021 0.83575606 182.84616
1.8212222 6.6394138 0.84794384 172.94231
1.8700732 6.7126765 0.86986446 177
1.8974453 6.9236603 0.8006047 190.25
1.8802266 7.0213404 0.81330526 186
1.8657784 7.117094 0.83497417 176.75
1.8476254 7.2264557 0.8535102 165.33333
1.9540126 -0.21133642 -0.57124949 192
1.9508367 -0.10961052 -0.55327594 175.60001
1.9483324 0.00011498022 -0.53692967 185
1.9619169 0.11771403 -0.50990635 157.2
1.9822148 0.19103217 -0.49776137 120.16666
1.9465418 0.25503278 -0.48743534 168.62627
1.9442562 0.36583304 -0.4736025 158.63333
1.9664172 0.40521127 -0.4632138 146
1.9478165 0.53988159 -0.44799021 163.08704
1.9577047 0.64087331 -0.42819706 171.33749
1.9436098 0.74472994 -0.40887529 163.71892
1.9828626 0.37660632 -0.38069671 181.5
1.9626243 0.47893387 -0.37032118 182
1.9427661 0.5696764 -0.35765043 183.11111
1.9032464 0.65268707 -0.34881622 184.42857
1.9809666 0.7734161 -0.32190463 188.24243
1.9329387 0.84708458 -0.38981625 162.45
1.9636464 0.93095613 -0.34885851 166.4735
1.9314063 1.05024 -0.34948191 151.46181
1.9512849 1.1520677 -0.32746074 165.64935
1.9660641 1.262925 -0.31793928 175.0202
1.9808271 1.416871 -0.3136552 186.5
1.9159712 0.65209031 -0.27235535 175.25
1.9543418 0.78579509 -0.25072265 175.31818
1.9387293 0.87689728 -0.24522498 177.45833
1.9863554 0.98798466 -0.27491707 188.16667
1.9139612 1.0046318 -0.24677455 177.5
1.93809 1.1676366 -0.21125077 171
1.9342321 1.5366412 -0.29396206 186.3
1.9149345 1.6557138 -0.27498889 185.5
1.9460362 1.8927819 -0.23746051 185.83333
1.9304117 1.9803947 -0.22501838 182
1.9918877 2.0439713 -0.21258701 184.83333
1.9359808 2.1759989 -0.2012818 183
1.9557838 1.2534218 -0.17294873 187.90714
1.9846916 1.3757263 -0.17735463 183.74243
1.9408109 1.4522331 -0.17015097 178.92857
1.9218582 1.5781627 -0.17192161 153.33333
1.9310851 1.6760231 -0.15701373 150.5
1.9949886 1.8476926 -0.12717485 164.66667
1.9376117 1.9611987 -0.11534926 149.79166
1.9684936 2.2718725 -0.18415253 181.2
1.9772773 2.4087107 -0.16494614 168.75
1.9581896 0.9877845 -0.036209632 156.66667
1.997049 1.0138773 -0.099493049 152.34375
1.9457018 1.1260234 -0.047403261 140.5
1.989313 2.1317024 -0.089625038 136
1.9522402 3.3077641 0.010232453 147
1.9314371 3.5219865 0.068247415 151.3
1.9139932 3.6261182 0.080895193 150.42857
1.9407071 3.3482754 0.10911698 170.39999
1.9296068 3.4485812 0.13627216 163.22285
1.9846897 3.5528703 0.15640838 154
1.9547758 3.6502934 0.16777296 149.7027
1.9699235 3.7542715 0.17955209 170.02472
1.9719738 3.8621962 0.19293132 160.5
1.9365734 4.0942907 0.12772655 154
1.9853303 4.1504855 0.13561888 191.33333
1.9096792 4.2369452 0.14690362 171.125
1.9844334 4.3650961 0.17997199 190
1.9514627 3.6027083 0.20742124 173
1.9688267 3.8756402 0.20391543 181.85715
1.9509286 3.9425693 0.2138214 166.33598
1.9445925 4.072032 0.22235715 175.33073
1.9660408 4.1867499 0.24571551 182.63335
1.9524388 4.2659883 0.2621454 181.51448
1.9416589 4.3629961 0.27917504 180.83882
1.97664 4.4684963 0.26147535 179.62744
1.9413424 4.5792718 0.2575407 189.7381
1.9876271 4.6270838 0.25091511 179.11111
1.9287614 4.8163681 0.28736869 188
1.9109446 4.9263597 0.2998845 192.18182
1.9336309 4.4631124 0.31099463 191.55556
1.9491054 4.5785236 0.33303174 191.66667
1.9221187 4.6660924 0.33895746 192
1.9501029 4.7458243 0.33970559 189.125
1.9324263 4.8235168 0.34350687 179.33333
1.9360003 5.0114841 0.31340778 194.25
1.9009956 5.1363192 0.32288292 198
1.9490896 5.1574121 0.47473991 170
1.9739077 5.2269998 0.4833169 175.88887
1.985518 5.3595648 0.49712491 164
1.9575562 4.9017715 0.57602745 145
1.9505193 5.0288801 0.50381249 176.57143
1.9449189 5.378758 0.52020872 176.39999
1.9542655 5.5285549 0.52104759 182.66667
1.953771 5.6355715 0.55189258 175.08333
1.9058937 5.7126398 0.55810928 194.5
1.9727901 5.8431263 0.58519852 186.85715
1.9522098 5.9167209 0.59449375 181.85715
1.998221 5.9785886 0.60969317 171.25
1.9517958 6.0483136 0.62186462 172.72845
1.9481593 6.193665 0.64557195 167.375
1.9437063 6.4543715 0.69483423 161.63889
1.9831307 6.1687565 0.74447614 150.5
1.9384518 6.226438 0.75930071 198.5
1.9279497 6.3267989 0.78718108 177.625
1.9294755 6.5083647 0.70232183 168.875
1.9137486 6.6455202 0.73996699 176.25
1.9586989 6.7742858 0.76157397 184.63637
1.9378635 6.841558 0.78219724 187.53847
1.9771641 6.9660783 0.79953229 186.5
1.9659935 6.4365587 0.81750584 192.60001
1.9293216 6.5307155 0.84215868 187.78572
1.936941 6.6242356 0.85349059 183.5
1.9219365 6.7184629 0.86462313 178.02084
1.9372063 6.806428 0.8948307 179
1.9743967 7.0561886 0.81560034 178.2
1.9728595 7.1426253 0.8350454 173.66667
1.9698111 7.2358313 0.85103869 168
2.0658522 -0.14074238 -0.55444312 166
2.0557427 -0.076007314 -0.54424292 173.25
2.0436566 0.030407785 -0.51832074 144.8
2.0211148 0.1214165 -0.5019508 187.5
2.0525646 0.23695059 -0.48452863 146.3492
2.0570395 0.33927861 -0.47057343 162.08
2.0436242 0.46303701 -0.45131543 165.07738
2.0326722 0.52258426 -0.45308653 168.35417
2.0285289 0.63352752 -0.42390093 169.09636
2.065918 0.35772079 -0.35897452 181.5
2.0475714 0.49446586 -0.35773259 185.89999
2.0524552 0.55742741 -0.33379328 186.3
2.00137 0.67420042 -0.33936498 189
2.0966375 0.74607521 -0.311046 178.2
2.0520999 0.83057767 -0.38161427 179
2.0757952 0.9527297 -0.36187863 159.46651
2.0435641 1.0484408 -0.33893099 150.25081
2.0185332 1.117244 -0.32920048 154.6087
2.0672469 1.2588197 -0.31939843 178.0139
2.0557861 1.3701348 -0.31952032 185.91667
2.0899467 1.5259633 -0.30072257 180.5
2.0376406 0.67334795 -0.27968577 187.375
2.0659451 0.83331627 -0.27625856 179.64584
2.0504987 0.92437226 -0.25388122 181
2.0647745 1.0568715 -0.24572656 172.49443
2.0808794 1.1183728 -0.25654945 188.60001
2.027842 1.2716486 -0.2072583 175
2.0517998 1.461376 -0.28467521 167.24074
2.0184774 1.641241 -0.27741453 182.58334
2.0476696 1.8199279 -0.24772911 180.32353
2.0373647 1.9589899 -0.22793633 183.69231
2.0545416 2.0988896 -0.20273778 186.83333
2.0657382 0.84343988 -0.19786213 169
2.034462 1.0641588 -0.15123746 141.13164
2.0576789 1.1565425 -0.19464678 156
2.0573523 1.4680719 -0.17426497 177.28571
2.0167809 1.5907937 -0.16347995 162.66667
2.045048 1.671164 -0.14951308 157
2.0444705 1.7430539 -0.14179875 164.375
2.0800307 1.8761822 -0.12241147 167.39999
2.051806 1.9561754 -0.11253389 156
2.0259795 2.0281749 -0.10267219 146.33333
2.008105 2.1830018 -0.1965116 188.25
2.0500357 2.331449 -0.17589514 180.25
2.0125935 1.0530456 -0.09707503 138.39999
2.009969 1.08741 0.016909378 131.5
2.0426824 3.2806654 0.0024465884 152
2.0662432 3.3373106 0.099008888 179.75
2.0477178 3.5625446 0.058474094 153.39999
2.0108485 3.6463933 0.076765023 151.75
2.047951 3.3666196 0.11153174 170.33333
2.0096812 3.4479327 0.12193173 137.53845
2.0748513 3.5872674 0.14389285 150.48572
2.0550084 3.6464913 0.15715331 171.46333
2.0471847 3.7310801 0.16152109 169.0625
2.083432 3.8160064 0.18599123 186.35257
2.0505667 3.9602349 0.18303132 193.125
2.0263133 4.0119996 0.1971487 175.2
2.0761817 4.1151762 0.13153285 190
2.0480464 4.245398 0.16244844 192
2.0560377 4.3266721 0.17978249 188.71428
2.0508816 3.8857729 0.20467514 189.33333
2.0568581 3.9477005 0.21834423 177.25
2.0097799 4.0996475 0.25233981 179.46153
2.0468571 4.1351061 0.23782568 185.08253
2.0436912 4.2457461 0.25992757 182.29768
2.0365548 4.3586383 0.27338633 181.42398
2.0979223 4.4351063 0.2020961 181.82353
2.0519016 4.5503497 0.26541901 178.00742
2.0148811 4.6224942 0.29740798 189.75
2.0392497 4.7306151 0.26476058 179.3
2.0521178 4.8169732 0.27914819 181.47726
2.0273662 4.4354014 0.31029677 187.45238
2.0376687 4.5769587 0.33458972 186.77777
2.0634246 4.6570706 0.32725421 195.325
2.0613458 4.7522864 0.36012575 191.33333
2.0591621 4.8545895 0.38332614 193.5
2.0166397 4.9045677 0.30069122 187.1875
2.0228755 5.0172668 0.3112776 192.3
2.0430808 5.1075864 0.32289869 195.33333
2.0243189 4.8740067 0.41776603 178.69231
2.0904155 4.9322481 0.42980725 176.53333
2.0957835 5.2960873 0.48673734 149.5
2.0375321 5.3300133 0.49525434 157
2.0475643 5.3314939 0.5054363 176.5
2.0193131 5.4895501 0.52989811 164.91666
2.0554931 5.554666 0.53222764 177.66666
2.0553887 5.6139627 0.54371583 170.33333
2.0217068 5.7337565 0.55981779 193.07692
2.0716636 5.8408079 0.58050209 186.4375
2.043818 5.9571161 0.59860367 178.2
2.0234616 6.0604286 0.61154294 172.46666
2.0577004 6.1420541 0.63806653 157.39464
2.0548191 6.2346516 0.65118617 155.5
2.026427 6.5087643 0.69817895 168
2.0312228 6.2567487 0.76297134 179.66666
2.0629036 6.3272772 0.78019667 199
2.0078273 6.6818786 0.73711157 177.6875
2.0486624 6.8511467 0.77705795 186.3875
2.0457187 6.4235992 0.80420494 171.58334
2.0672667 6.5327063 0.8321324 193.93333
2.0159955 6.6336126 0.86318767 187.875
2.0272481 6.7391624 0.87126881 181.42941
2.04863 6.8040404 0.89761633 186.28572
2.0668416 7.0075135 0.80289125 179.5
2.0828869 7.160923 0.83331341 174.39999
2.0966957 7.2969885 0.85886705 169.33333
2.1586921 -0.046466645 -0.53710014 173.5
2.1214275 0.068664379 -0.511127 149.16667
2.1113889 0.14857323 -0.4882721 189.39999
2.1412501 0.25832275 -0.47631875 156.33333
2.1815321 0.33550361 -0.46733016 157.10001
2.1376834 0.43183154 -0.45276788 160.26666
2.150744 0.55182493 -0.43875033 157.66667
2.1784568 -0.0066587403 -0.36515993 156
2.1932216 0.070283294 -0.36133581 166
2.1983597 0.11742719 -0.34779119 170
2.1929452 0.24280587 -0.33784494 156.66667
2.1780238 0.30810231 -0.37302637 191
2.168715 0.40167469 -0.36322659 190.2
2.1292138 0.50922102 -0.32796586 186.25
2.1048603 0.74630719 -0.39766255 177.60001
2.1309361 0.85799313 -0.37919253 168.22382
2.1692038 0.93982708 -0.35981515 163.76428
2.1290495 1.027477 -0.33684963 158.30769
2.1459718 1.1082733 -0.32921723 156.31862
2.1576476 1.2375585 -0.31134143 173.66667
2.1881561 1.3929198 -0.32410964 181
2.1454136 1.4441274 -0.31503806 180.66667
2.1492968 0.63783216 -0.27931207 187.57143
2.112427 0.73103821 -0.26555404 184.89999
2.1570892 0.85039371 -0.27073336 177.09329
2.1346085 0.92636782 -0.23242959 183
2.1544549 1.0504086 -0.23299432 159.87103
2.1386063 1.1528594 -0.22432707 164.0471
2.1194091 1.2003912 -0.24434945 190
2.1440644 1.3376503 -0.26914555 171.83838
2.1688581 1.5734512 -0.29746971 175.625
2.1324825 1.6716318 -0.28248972 175.76471
2.1335404 1.8561407 -0.2503382 176.43056
2.1802976 1.9373145 -0.23919523 175.34782
2.1530306 2.0588353 -0.21670982 181.12746
2.1763539 0.73095143 -0.12234458 133.33333
2.1487341 1.0875357 -0.15302701 126.47778
2.1457722 1.3271153 -0.19181766 171.60001
2.1777041 1.4540679 -0.16771737 181.44444
2.1592963 1.5636603 -0.14852186 165.72023
2.1161473 1.6431186 -0.1413265 166.25555
2.141984 1.7652011 -0.12885493 164.36072
2.1518672 1.945757 -0.10839491 161.60001
2.1494529 2.1616864 -0.1870365 186.76923
2.1060057 2.2449741 -0.18193313 187.8
2.1477032 0.74865842 -0.078770198 142.09091
2.1265414 2.0635331 -0.092421062 150.25
2.141577 3.3138595 0.09570954 169.89285
2.1518998 3.5710971 0.054807972 145.25
2.1073174 3.6662555 0.075389385 146
2.1859739 3.8922803 0.096317232 177
2.1208754 3.4489748 0.12348682 160.63571
2.1585317 3.5508223 0.12979646 167.29445
2.1760826 3.6738498 0.14780812 189.66667
2.1672318 3.7566125 0.15666282 167.40572
2.1447523 3.9584429 0.17143431 185.22223
2.1443126 4.041574 0.16074868 187.96667
2.179811 4.1144176 0.13937286 191
2.155302 4.2260017 0.17029794 182.75
2.1705863 4.3503656 0.18377179 181.50986
2.1946702 3.797714 0.28081039 189.66667
2.1600845 3.8515153 0.20689009 192.375
2.1420567 4.0592208 0.22317924 181.78787
2.1455114 4.1627827 0.23726541 179.49457
2.1556485 4.2561598 0.24863783 179.34677
2.14434 4.3447452 0.26959848 176.97408
2.1376905 4.4456849 0.27986988 174.9511
2.1486082 4.5476437 0.25188559 183.92236
2.1918321 4.8312502 0.27836132 176.5
2.1151996 4.9078064 0.29478958 183.27272
2.117485 4.5821443 0.31342316 170.11539
2.1578836 4.6647248 0.33112544 165.23529
2.1574922 4.7535338 0.37078786 186.375
2.1225784 4.9850273 0.31172091 187.90909
2.138608 5.0999527 0.3240782 193.16667
2.1551404 5.2372589 0.3417652 197.5
2.1660113 4.8246951 0.40297693 180.11905
2.1865706 4.9261866 0.42010587 176.25
2.1859965 5.0336089 0.43250632 179.60001
2.1375341 5.4372511 0.51619852 155.41667
2.1675115 5.5619617 0.53713232 160.39999
2.1415586 5.6900973 0.54260653 194.33333
2.1602921 5.7706718 0.5615145 190.83334
2.1871073 5.8812294 0.57811522 184.66667
2.1432333 5.9705439 0.59733719 177.27777
2.1043401 5.9889712 0.60780329 154.66667
2.1069596 6.0926175 0.61981142 170.2683
2.1737502 6.1543226 0.64935118 161.015
2.1010151 6.092164 0.72780985 156
2.1653795 6.1744165 0.73999578 141.34782
2.1793368 6.2202444 0.74717844 165
2.1137388 6.3318496 0.77536285 167.25
2.1886673 6.4253139 0.79143238 170.33333
2.1615961 6.6782656 0.72807217 178.22223
2.157629 6.8085861 0.7669903 184.83333
2.139441 6.9079132 0.78562587 185.25
2.1540926 6.4833183 0.81003368 187.60001
2.1473777 6.6336036 0.85835814 187.18518
2.1525192 6.7593384 0.87994885 188.42223
2.1808197 7.0568237 0.81846911 156.33334
2.1949065 7.1492734 0.82583845 175.5
2.1824157 6.8128762 0.90249372 163
2.2592089 -0.011271878 -0.52691579 173.33333
2.2216682 0.070358254 -0.51082397 183.5
2.2116821 0.15835741 -0.49249637 155.83334
2.259413 0.25088531 -0.47150347 169.33333
2.2714968 0.35196719 -0.45705417 164
2.2047782 0.49219802 -0.44403321 146
2.2582891 0.78355229 -0.40095842 152
2.2101495 0.18662706 -0.34008691 177.60001
2.2260242 0.29020661 -0.32348666 184.25
2.2067692 0.38754332 -0.31350803 168
2.2168131 0.48101291 -0.30123356 176
2.2276769 0.86191422 -0.38359118 165.5
2.2384844 0.97488683 -0.3604199 155.16177
2.2565212 1.0412652 -0.33476827 163.56641
2.2095478 1.1518769 -0.31665838 171.11111
2.2801125 1.2823489 -0.31776002 158.5
2.23634 1.4832568 -0.31284153 175.61111
2.253376 0.4531585 -0.28919202 185.88393
2.2462983 0.54059875 -0.29138118 184.75
2.2329686 0.6605401 -0.26808184 187.66667
2.2107487 0.7433989 -0.25970134 184.23077
2.2584212 0.87421769 -0.24172606 172.86072
2.2113378 0.96873564 -0.24644263 179.25
2.2588809 1.0553627 -0.22840951 166.02347
2.2553432 1.1423097 -0.22260533 171.60715
2.2762902 1.2501054 -0.21063203 173.83334
2.2809689 1.6511481 -0.28957644 165
2.2371256 1.739917 -0.27004564 163.5
2.2624636 1.8735429 -0.24765468 162
2.2575512 2.0119627 -0.2314159 173.39285
2.2445076 2.1272848 -0.20953926 179.90909
2.2600787 0.76232702 -0.13060682 124.65218
2.201401 0.82770026 -0.1631396 162
2.2583413 1.2908573 -0.19167045 147
2.2511315 1.3383849 -0.18547289 156.0238
2.2878981 1.4596224 -0.15875351 179
2.2487485 1.5475739 -0.14895207 159.81345
2.2472029 1.6664125 -0.12578613 164.5
2.2531521 1.737819 -0.13614839 150.54242
2.2487242 1.8144082 -0.11481969 164
2.2450125 1.9270459 -0.10523491 164.8
2.2137303 2.1524966 -0.19011609 185
2.2628851 1.7397118 -0.050621234 120.66666
2.2362618 2.0285535 -0.089514561 151.2
2.2202077 3.576221 0.058065955 137
2.2009673 3.6849585 0.078837603 135
2.2931588 3.8445027 0.091602951 171
2.2414467 3.3580785 0.10222507 176.60001
2.2046108 3.4229457 0.11195519 163.72728
2.2954113 3.5571718 0.16753331 164.22223
2.2556136 3.649698 0.1569581 162.60416
2.256978 3.7455173 0.16430403 183.73334
2.258085 3.8647423 0.1651191 184.46043
2.2406247 3.9597795 0.16465151 182.58759
2.2556612 4.0595222 0.15130836 188.625
2.226203 4.1836977 0.16459534 183.57143
2.2399795 4.2738976 0.1661195 183.54546
2.2841065 4.3743796 0.18850389 174.36
2.285357 4.497014 0.17931877 163.5
2.2902782 3.6396883 0.25585914 131
2.2345247 4.0525994 0.20908831 172.29721
2.244216 4.1697469 0.23004712 176.29492
2.2472713 4.2599368 0.24875906 174.65579
2.2407172 4.3608446 0.26954862 170.87334
2.2227733 4.4716153 0.26096225 178.91475
2.2514956 4.5679307 0.2503092 166.73718
2.237133 4.7118154 0.21846411 160.75
2.2507732 4.8607259 0.25800112 163.61667
2.2378657 4.5817971 0.30965096 174.5
2.2612207 4.6581521 0.31824669 174.10059
2.2142465 4.7407269 0.32363933 166.5
2.2157907 5.0163608 0.31530377 187.73334
2.2513785 5.147193 0.33205119 193
2.2480483 5.2905593 0.34728104 198.5
2.2689075 5.3160186 0.39017856 195.75
2.2660465 4.9697089 0.42123327 174.33333
2.2627087 5.0878983 0.43719995 174.5
2.2986345 5.1106048 0.4481065 170.5
2.2489722 5.5611362 0.53074074 143
2.2557013 5.6173549 0.51498824 198
2.2181039 5.7246466 0.55426979 194.33333
2.2947438 5.825511 0.57063758 190.71428
2.2610013 5.9567232 0.59184653 181.72768
2.2549124 6.1647882 0.65205282 170
2.2475677 6.1534414 0.73945051 141.375
2.2208664 6.2889032 0.76262063 165.66667
2.2457972 6.3296781 0.7688182 170
2.2883325 6.4000211 0.78480077 173.16667
2.2474232 6.7788157 0.75432128 183.60001
2.2555957 6.8489723 0.76692653 183.33333
2.2281997 6.9186106 0.78277791 180.8
2.297929 6.1579499 0.87902027 132.3
2.2552633 6.5173054 0.81671041 178.75
2.2147872 6.6475616 0.84814054 177.75385
2.2790413 7.038146 0.81400907 155.66667
2.2502367 7.1766634 0.84287542 156.75
2.2237773 7.2714987 0.84878325 170.66667
2.2458165 7.3598919 0.86916876 162
2.2393177 6.6944356 0.95356232 169
2.2905691 6.7318411 0.99180937 163
2.2611389 6.8411546 0.95104712 151
2.2688861 7.8453279 1.078297 204.5
2.2191887 7.9471393 1.1023202 200
2.3201115 0.087205872 -0.50343961 179.5
2.3797915 -0.34504634 -0.42689121 125.5
2.3964434 -0.24878938 -0.41695869 132.5
2.3490934 0.17102559 -0.4862155 179
2.3292139 0.26499662 -0.47497541 137
2.3803973 0.30666363 -0.46635816 143.25
2.3744586 0.42634559 -0.44884756 149.2
2.3269479 0.60896868 -0.42273378 151
2.3693414 0.70795411 -0.40349412 155
2.3154302 0.029785465 -0.35123754 160
2.3185723 0.14461777 -0.33647567 174.75
2.3244886 0.25721955 -0.32568038 170
2.3219604 0.37086767 -0.30570474 179.5
2.3420324 0.78976858 -0.39627215 153.5
2.340421 0.87524134 -0.3852407 152
2.3571539 0.94253945 -0.3556653 162
2.3545349 1.054686 -0.33813182 160.54167
2.3432839 1.1516653 -0.32501066 167.55556
2.3840277 1.2365037 -0.32849723 150
2.354733 1.3824793 -0.30980721 147.5
2.3316338 1.5720619 -0.30233967 164.66667
2.3555942 0.45801929 -0.27414092 186.39999
2.3322697 0.5117501 -0.28533033 183.66345
2.3495378 0.64865422 -0.26155138 181.18756
2.3383627 0.75812918 -0.2745052 166.33487
2.341023 0.85160285 -0.24843442 163.55135
2.3592541 0.95056546 -0.22721724 165.11371
2.3476315 1.0250062 -0.23055388 170.68738
2.3452852 1.1120253 -0.21721853 166.06638
2.3453321 1.2463115 -0.21309566 188.92308
2.3251553 1.3785357 -0.20026633 191
2.3280654 1.5693876 -0.28222769 137
2.3962672 1.6330422 -0.29042181 154.93333
2.3478482 1.7290016 -0.26709947 147.66634
2.3886776 1.8284529 -0.23818208 145.22223
2.3558834 1.9399976 -0.24294911 163.04562
2.3183923 2.0524378 -0.22735167 172.35715
2.3578703 0.79787469 -0.13541983 122.44118
2.3586886 0.83492953 -0.14254446 143.33333
2.3372407 1.3531185 -0.17204341 161.08301
2.3566585 1.475877 -0.13405238 180.17224
2.3765004 1.5601913 -0.13402365 170.13683
2.3365958 1.6486025 -0.1231489 164.78261
2.324888 1.7068573 -0.11952849 173.60001
2.3391044 1.8056489 -0.14278887 139.15625
2.3365712 1.9359671 -0.10197518 164.33333
2.3405778 2.0262656 -0.086298347 155.33333
2.3364339 3.5855889 0.055864822 150
2.3546572 3.7166705 0.075897783 147
2.3152282 3.4981139 0.1163388 175
2.3531482 3.5602503 0.16894634 163.2
2.3092911 3.7659636 0.14093739 177.25
2.3693843 3.8497994 0.15253936 179
2.3488109 3.9391272 0.14504527 184.22223
2.364387 4.037848 0.16864969 180.16629
2.3198984 4.160511 0.16028698 182.95834
2.3363545 4.2170315 0.16055261 184.38461
2.3602633 4.3295541 0.18007033 175.14285
2.3097384 4.4512219 0.18268229 165.22501
2.3055332 4.5503922 0.19354235 164.33333
2.3303397 3.660527 0.24869466 127.25757
2.3866355 3.9511971 0.20337102 165.60577
2.3268063 4.0712934 0.20768736 170.11905
2.3662155 4.1453514 0.21892889 168.39771
2.3289564 4.2294574 0.2369532 169.90564
2.3364213 4.3526444 0.26344317 188.3125
2.3452673 4.4358473 0.27390525 181.16667
2.3531871 4.5583129 0.21156843 166.63637
2.3331916 4.6392078 0.2173494 167.05608
2.3189051 4.794229 0.25567394 166.8
2.3979716 4.8775711 0.29921284 171.2
2.3492889 4.9336553 0.26433679 159.96875
2.3352933 4.6367249 0.33391005 159.83334
2.3223004 4.7071195 0.31430793 200.75
2.3171277 4.8522224 0.36455444 187.33333
2.3845022 4.9628768 0.30727586 174.89999
2.3464808 5.0490408 0.32684794 187.03333
2.3325405 5.1453791 0.34523982 191.6508
2.3393619 5.2467313 0.37196308 194.16667
2.3544004 5.0161948 0.42985401 168
2.3546648 5.1524987 0.44432837 164
2.3024304 5.2635975 0.48305342 147.66667
2.3639791 5.3516731 0.44787171 171.08334
2.3470967 5.6459532 0.51797223 199
2.3138525 5.7697477 0.55873102 193.33333
2.3707194 5.9476118 0.58535552 187
2.3310022 6.0536585 0.6068024 179.17647
2.3645484 6.1230798 0.61468482 177.39999
2.3915508 6.1004038 0.70627356 162.66667
2.3151574 6.2317233 0.7465952 167
2.3599973 6.3324594 0.76602191 170.60001
2.3926806 6.4060616 0.78089654 177.33333
2.3081267 6.8929815 0.77683598 176.66667
2.3509963 6.9734726 0.79348212 168.79166
2.3738885 7.0213408 0.79473448 179
2.3296094 6.1423955 0.834535 162
2.311197 6.6252842 0.82405424 181.7619
2.3270559 6.7411413 0.83936846 178.33334
2.3647127 6.8928599 0.89099926 162
2.378252 7.1102581 0.84342289 148
2.3352597 7.2045469 0.83376992 170.5
2.3794591 7.3231893 0.85422206 160.66667
2.3829355 6.7995543 1.0536528 149
2.3942761 7.5806594 1.0288835 193.14285
2.3963792 7.6938977 1.0389386 196.5
2.3321447 7.7137799 1.0505204 198.33333
2.3851581 7.8708854 1.0836463 203.5
2.34885 7.980082 1.1078057 202
2.4455259 0.35973835 -0.45368117 149
2.470511 0.4551428 -0.43788525 150.53333
2.4419966 0.64627576 -0.4092375 151
2.4353337 -0.13516356 -0.3954941 140.39999
2.4326363 -0.020987183 -0.38240466 146.8
2.4437766 0.068392761 -0.35124904 158.70834
2.4476519 0.17734052 -0.33918345 175.1875
2.4517069 0.27870655 -0.33055314 179.73334
2.4487262 0.30892229 -0.31215358 157
2.4310651 0.4274973 -0.30072039 173.25
2.4437296 0.74876416 -0.39532632 151.33333
2.490756 0.83420312 -0.38218534 152.41667
2.4465952 0.92139041 -0.3685202 152.30219
2.4928005 1.0034573 -0.34933394 154.25
2.4384699 1.145761 -0.33467916 157.625
2.4598973 1.3003502 -0.31929082 150
2.4420764 0.3909345 -0.28139046 189.29999
2.460706 0.47698739 -0.26482263 186.83333
2.4217956 0.54393756 -0.27879012 181.75294
2.4508109 0.64027339 -0.27045837 171.98215
2.4558644 0.74332637 -0.24093179 176.52647
2.4486306 0.84115547 -0.22615026 163.651
2.4534004 0.95014983 -0.21827076 161.74838
2.4090853 1.0252625 -0.23059641 173.75
2.490046 1.1402004 -0.21468301 183.07692
2.4451296 1.2355399 -0.20412916 188.5
2.4291346 1.465408 -0.29207036 147
2.4827411 1.5335233 -0.22047608 113
2.4464908 1.631338 -0.26977324 137
2.465034 1.7409669 -0.28969136 158.45853
2.4515748 1.8879422 -0.25441614 153.21428
2.4389729 0.81526947 -0.14046432 121.15
2.4366305 1.2645043 -0.16599998 186.45454
2.4415262 1.359524 -0.14833701 188.87036
2.4699354 1.4795293 -0.14057803 165.35902
2.4674883 1.5849233 -0.11602589 157.47728
2.4277542 1.6631085 -0.12044998 164.34314
2.4580638 1.7674245 -0.10839958 173.54999
2.4118609 1.8594204 -0.10505289 174.2
2.4389253 1.6744992 -0.097429395 175
2.4901206 1.887018 -0.098986603 167.66667
2.4315853 1.9605099 -0.092275687 159
2.4316349 3.5917773 0.06989909 154
2.4957123 3.6932523 0.16123132 187.60001
2.4213705 3.7088108 0.10485416 177
2.4401789 3.8057876 0.17477024 178.60001
2.4555421 3.9472406 0.15395848 177.0591
2.4438512 4.0443196 0.18642357 174.11696
2.4246452 4.1474271 0.15135404 185.71429
2.4606786 4.283289 0.17240115 177.66667
2.499387 4.385941 0.16134471 189.25
2.4085462 4.4266825 0.17834429 173.175
2.4246662 4.5529075 0.18726768 173.47501
2.4919965 3.9631734 0.20762937 168.63637
2.4405241 4.052052 0.20397009 169.43405
2.4770293 4.2175584 0.23650755 180.69231
2.4256799 4.3455977 0.25149298 174.04846
2.449568 4.4395785 0.27278247 153.79456
2.4165168 4.5260506 0.24771348 178.03793
2.4348435 4.6715651 0.2428778 177.05556
2.4183612 4.7591491 0.23188573 166.41666
2.4514072 4.8336864 0.25376409 166.52652
2.4449761 5.0378165 0.26917472 154.5
2.4316463 3.9868569 0.33207545 121.26806
2.4390173 4.7206631 0.30874336 200.25
2.4584582 4.8267407 0.32657686 190
2.4662035 4.9137826 0.30042297 170.63414
2.4056425 5.0608296 0.33037078 184.72223
2.4227431 5.1435738 0.3464039 190.01135
2.4692965 5.2443562 0.34491444 164.28571
2.4270105 5.3642497 0.39927185 195.60001
2.4602835 4.5565591 0.40618062 191.16667
2.4284821 4.6652837 0.41070041 191.5
2.4595251 4.7544618 0.41702533 192.125
2.4327955 4.8702798 0.41635683 193
2.4073136 4.9189372 0.41721633 178.5
2.4653871 5.0515742 0.42660016 173.97501
2.4222498 5.1977634 0.45663947 152.66667
2.4704056 5.2297225 0.46633449 142
2.4366779 5.386673 0.49352989 135
2.4454374 5.4170918 0.41378769 197
2.4345531 5.6898174 0.5256573 198.5
2.4211521 5.7831426 0.54437327 194.5
2.4464626 5.877831 0.56767285 192.11905
2.4486525 5.9892492 0.59498745 188.27272
2.4510467 6.0759373 0.61056334 184.63333
2.4170256 6.150382 0.75643736 173.16666
2.4311481 6.2301359 0.7278555 167
2.4562702 6.3159676 0.74933839 173.66667
2.4862351 6.4195285 0.77761811 184.25
2.498745 6.5806341 0.79744375 182.22728
2.4877009 6.8829865 0.78592443 172
2.4057922 6.5491066 0.80456442 183.76923
2.4130635 6.6999488 0.828641 177.8421
2.4249361 6.8080101 0.86112064 169.66667
2.4400406 6.9020886 0.87087387 164.5
2.4396293 7.053853 0.82548362 157.625
2.4386718 7.1473703 0.81295037 171
2.4741855 7.2137828 0.82666653 163
2.4312596 6.8738461 0.98901004 127.7907
2.4899316 7.3893199 0.97646183 179.55556
2.4041286 6.8229165 1.0898137 144.66667
2.471622 7.49511 1.0044764 187.26666
2.4506388 7.5511971 1.0249292 191.14285
2.4814088 7.6754241 1.0419955 195.33333
2.4251161 7.751143 1.0566231 198.5
2.4789391 7.9986615 1.110656 202
2.5166602 -0.30934793 -0.41551051 129
2.5211105 -0.21249992 -0.40697744 135
2.5637228 0.45612976 -0.42844379 148.875
2.5588109 0.54169244 -0.42033774 153.41667
2.5139871 0.67019945 -0.40605742 151.5
2.5252371 -0.05034253 -0.38235381 148.16667
2.5302572 0.11437037 -0.34154278 162.54166
2.5488701 0.20148428 -0.32927835 175.625
2.546829 0.34319285 -0.32217792 170.8125
2.5330758 0.4351913 -0.32695246 144
2.5576658 0.55203241 -0.30883846 158.5
2.5343242 1.1452463 -0.33381662 153.75
2.5597482 1.2196959 -0.32278329 154.55556
2.5563056 1.3370842 -0.30884898 151.25
2.5109468 0.29187676 -0.29924935 184.75
2.5802884 0.36809182 -0.27193904 187.83334
2.5381031 0.47960803 -0.27010334 180.79166
2.5401292 0.57979733 -0.25999695 184.36333
2.5558479 0.67722976 -0.26380831 173.5
2.5514712 0.7363565 -0.25297624 172.43333
2.5671356 0.81568331 -0.21733144 174.15384
2.5414717 0.94034451 -0.22147579 165.97058
2.5087469 1.0340035 -0.22936466 175
2.566232 1.1614273 -0.20060571 184.92308
2.5354159 1.2199926 -0.25282899 116.25
2.5649076 1.4485512 -0.26755935 140.77777
2.5375931 1.5168693 -0.24738427 130.5
2.5434408 1.7885989 -0.28659424 158.40527
2.5038583 0.84868741 -0.15262076 144
2.5778801 1.194249 -0.13731335 179.5
2.5350945 1.2643445 -0.16263089 186.81111
2.5214059 1.390177 -0.17427421 169.31818
2.5753925 1.4591155 -0.11475242 171.72916
2.5286129 1.5405133 -0.14302996 170.7
2.5643983 1.6691841 -0.16162992 135.2963
2.5761201 1.5276188 -0.099169821 190
2.598923 1.6422111 -0.088938028 183
2.5331106 1.7343034 -0.087016687 173
2.5830023 3.5916185 0.084016591 169.33333
2.5568695 3.5672524 0.1420202 194
2.5586965 3.6470799 0.15559563 190.9762
2.5424242 3.727217 0.13560149 182.64999
2.5431654 3.8576148 0.1563666 175.59036
2.5296206 3.9515262 0.14405139 171.55556
2.5348353 4.0522504 0.15350197 182.02278
2.5560167 4.1705256 0.16547504 182.74243
2.5707145 4.2489839 0.17424314 185.71428
2.5662937 4.3677545 0.15351364 187.16667
2.5320177 4.4373398 0.17902306 178.42223
2.5012732 4.5626373 0.18361817 178.25
2.5143952 4.6603246 0.19724849 174.39999
2.56476 3.9633086 0.21105233 157.36842
2.5149243 4.0651546 0.2059551 168.7
2.5465355 4.1537189 0.22083002 176.03383
2.5494206 4.2527747 0.23663591 177.17778
2.5647943 4.3508286 0.25267214 181.95454
2.5112951 4.4620376 0.25891817 171.14224
2.5135498 4.5561166 0.28814054 196
2.5544343 4.7503471 0.2123192 173.60001
2.5578821 4.8546114 0.26338097 169.08751
2.5850155 4.9510798 0.25007904 169
2.5270798 3.9636524 0.31972885 169.5
2.5711427 4.0127921 0.35447472 130.47916
2.5375752 4.3727965 0.33383274 126.82143
2.5571609 4.4292908 0.30696225 135.85294
2.5516946 4.679359 0.30470628 200.39999
2.5888934 4.7961988 0.3236047 186.66667
2.501508 5.0082331 0.31544274 175.78261
2.5543938 5.1516852 0.35906613 186.36819
2.5161481 5.2955642 0.39370584 193
2.5702982 4.5607471 0.40700051 186.19444
2.5275972 4.6818423 0.4156532 188.88889
2.5681117 4.8139949 0.41761839 188.10001
2.5350049 4.941545 0.41264954 170.92857
2.58601 5.0307493 0.42317346 191.5
2.5359852 5.1474609 0.43219224 174.83333
2.5956151 5.2518601 0.43763584 186
2.5489316 5.3513217 0.42304048 189.08334
2.5462244 5.4773617 0.4067753 197
2.5691588 5.3274255 0.5022797 161
2.5392601 5.4530687 0.53510946 156
2.5431836 5.5808206 0.57387584 156.66667
2.548003 5.9481626 0.57885236 192.75
2.5452313 6.0188818 0.59549767 190.33333
2.5503695 5.7110643 0.61268228 155.75
2.5692389 5.8521037 0.63496143 152
2.5826187 6.0218921 0.66213441 142
2.5558763 6.1293068 0.64687157 181.5
2.5419166 6.2192554 0.71002823 174
2.5578809 6.3193145 0.73151338 182.39999
2.5777874 6.4523001 0.76762599 187.92857
2.5538993 6.5341549 0.79038078 184.5625
2.5643766 6.8330903 0.77180988 175.66667
2.508384 6.6751142 0.8163864 177.11111
2.5288937 6.7951698 0.83904278 167.29033
2.5511007 7.1194906 0.83053517 159.5
2.5521121 7.2641487 0.85079741 150.75
2.5466619 7.3355036 0.85955322 145.66667
2.5224044 6.8836169 0.93138814 132.95555
2.5791938 7.2341275 0.93315071 168.82358
2.5692508 7.395381 0.97444385 178.14285
2.5704577 7.4868431 0.99354535 184.57143
2.5803266 7.5770011 1.0279804 191.60001
2.5252585 7.7644606 1.0545671 197.8
2.5035565 7.8797717 1.0775963 201.75
2.6396322 -0.25074798 -0.40145871 132.33333
2.6221957 0.50349408 -0.4261415 157
2.6299157 -0.15192522 -0.38862431 140.5
2.6202333 -0.050640129 -0.37623587 151.60001
2.6512818 0.05492188 -0.36020958 164.375
2.6369071 0.14124043 -0.34721205 175.64285
2.6556354 0.23519817 -0.34009367 179.42857
2.6343288 0.35848838 -0.33559671 139.25757
2.6740088 0.40533206 -0.33320954 122
2.6207466 1.1729627 -0.33019191 167.75
2.6455758 1.2458204 -0.31860021 167.09091
2.6599083 1.3299893 -0.30371401 158.625
2.6179135 -0.11690912 -0.29059783 109
2.6380062 -0.058181118 -0.27801421 113
2.6746566 0.041759793 -0.2679666 123.66667
2.6345224 0.23899618 -0.29485333 174.75
2.6944618 0.34357011 -0.26427132 183
2.6505315 0.46130154 -0.26619092 183.16666
2.6424522 0.52441663 -0.23802762 189
2.6587455 0.65567428 -0.23163375 149.16251
2.6803691 0.74893862 -0.20415497 181.5238
2.6030989 0.99081856 -0.2310212 174.83333
2.6094112 1.0785236 -0.2166737 179.5
2.6634037 1.2084366 -0.23367131 130.5
2.664016 1.7449714 -0.28133047 151.18117
2.6429758 1.8481327 -0.28319073 135.43411
2.6449592 1.9391347 -0.25952631 131.63889
2.6739831 2.026984 -0.25733474 135
2.661217 0.83855754 -0.19534042 178.47826
2.6086218 0.9626292 -0.19278315 172.29633
2.6429212 1.0099236 -0.17101577 143
2.6630828 1.1742615 -0.15525219 176.52501
2.6418204 1.2636309 -0.154128 183.72917
2.6559725 1.370446 -0.14849025 186.32559
2.641814 1.4384205 -0.17061904 138.72223
2.6889007 1.5251963 -0.12524125 156.59525
2.6489301 1.6180477 -0.14515954 146.36111
2.6592934 1.7464281 -0.13250382 146.875
2.6080077 1.813682 -0.10220171 165.77777
2.6362798 1.4572865 -0.090058193 187.16667
2.6627402 1.5762956 -0.057508249 163.5
2.6790483 1.6904455 -0.076323591 185
2.6210594 1.7955595 -0.069111727 174
2.6972837 1.0774199 0.085126765 156.39999
2.6117938 1.1313815 0.0027330266 167
2.6633637 3.5496924 0.13263352 196
2.6731858 3.6896524 0.15740792 191.75
2.6525414 3.756407 0.14177929 181.86365
2.6471324 3.8829117 0.13075987 180.75
2.6890733 3.9468632 0.15253417 178.71428
2.6650252 4.0464158 0.15829383 180.74625
2.6584158 4.1618781 0.16833803 186.81818
2.6458499 4.2502308 0.16821176 197.08334
2.6374226 4.3477964 0.13792916 184.25
2.6597292 4.4379063 0.15444624 183.78572
2.6469195 4.5319891 0.17529529 184.69643
2.627774 4.6314526 0.19628304 180
2.6089044 3.8667719 0.2005602 181.625
2.6627283 3.9806328 0.20755741 183.05556
2.6538789 4.070869 0.21579131 187.23077
2.6458457 4.1663985 0.24453239 192.2
2.6672027 4.2522511 0.26179364 182.37639
2.662044 4.3423724 0.24419121 175.78081
2.6843777 4.4956827 0.248391 196
2.6140816 4.5327578 0.28827018 196
2.6682262 4.6164265 0.28199381 197.375
2.6416023 4.76124 0.23681976 171.8327
2.6555204 4.8535275 0.24697286 171.60942
2.6982305 4.9596405 0.29474309 175.57576
2.6840069 5.1286159 0.28939614 153
2.6386151 4.0228376 0.37025079 154.94814
2.6657927 4.3386374 0.3422406 162.91467
2.622489 4.4721942 0.32607853 191
2.6519885 4.5640597 0.36851916 157.53935
2.6669636 4.6611404 0.35276341 185.28845
2.6918108 4.7583594 0.39098483 175.33333
2.6136415 4.8687696 0.34040642 171
2.6087945 4.9921899 0.30448148 174.94118
2.6342332 5.065383 0.3325769 181.45454
2.6570446 5.1482048 0.36039236 187.7
2.6537638 5.2505946 0.38095057 193
2.6379173 5.382556 0.39224726 196.8
2.6569464 4.0260286 0.41143245 156.46666
2.6092186 4.3297768 0.42321095 130
2.6264629 4.7199011 0.40656111 181.82353
2.6744509 4.8413801 0.40638232 182.3
2.6274242 4.9509077 0.4171001 188.5
2.6873412 5.0722103 0.4186298 189.25
2.6509752 5.152576 0.43822759 182.56667
2.6699698 5.2477393 0.45696974 176.5
2.651948 5.3580565 0.44176966 174.25
2.6630261 5.4850039 0.40993112 194
2.6503019 5.3226399 0.50294763 169
2.653477 5.4313083 0.53120631 161.66667
2.6530447 5.5448341 0.56458223 162.5
2.6295805 5.6738372 0.59609145 160.5
2.6425397 5.9783912 0.57088101 195
2.6537488 6.004612 0.58582419 193.75
2.6828086 6.1051612 0.58805889 188
2.650316 5.8006492 0.61649185 159
2.6695476 5.9494629 0.64868623 152.25
2.6653972 6.1712251 0.61462396 191.5
2.6522682 6.2458587 0.6559121 186.69444
2.6466265 6.3577824 0.65038759 191
2.640362 6.4555368 0.66157156 190.66666
2.6586223 6.5635142 0.67745179 192.25
2.6513588 6.6591377 0.6914646 195.16666
2.6705403 6.1474071 0.71203315 137.5
2.6542108 6.3059955 0.72091961 185.2
2.6829958 6.4480982 0.7590009 188.54808
2.6931365 6.5759249 0.78464782 183.44444
2.6623936 6.7739215 0.74262154 185.125
2.68944 6.9711862 0.79491514 179.60001
2.6169016 6.6808362 0.81056643 175.61539
2.615921 6.8112283 0.83670992 168.25926
2.6153576 7.050806 0.8117919 172.5
2.6621776 7.1600614 0.8547591 158
2.6245232 6.8832173 0.91117555 133.60001
2.654443 7.1940722 0.92032713 167.24562
2.6541684 7.2616997 0.93855214 170.08888
2.6729245 7.3812289 0.96905684 177.36363
2.6745105 7.4825559 0.9903791 184.27272
2.6727531 7.5387597 1.0213503 189.44444
2.6011267 7.6400208 1.0384569 194.66667
2.6250412 7.7515969 1.0482239 197.2
2.618556 7.8703961 1.0710019 202.33333
2.6147618 7.9563751 1.0833695 203
2.7088623 0.57344604 -0.42875525 175
2.7611775 -0.22111939 -0.39351398 132
2.7454877 -0.1503889 -0.3870444 142.41666
2.7146258 -0.018644586 -0.37070125 154.66667
2.7753181 0.18340605 -0.33439216 177.8
2.7444417 0.27115184 -0.32424784 180.13333
2.7241573 0.39578074 -0.30726445 157.95238
2.7182336 0.46460009 -0.31180465 141.42857
2.7628057 0.52128267 -0.31397349 144
2.7070727 0.68398589 -0.34549293 145.71428
2.7028606 1.0353751 -0.32184482 169
2.7214437 1.2672534 -0.31404743 176.57143
2.7263722 1.7024027 -0.32296145 110.5
2.7776408 -0.10417658 -0.26838413 115
2.7946985 -0.030112851 -0.26123893 122.33334
2.7054517 0.12508859 -0.26070133 134.33333
2.7405756 0.27020544 -0.25304794 159.5
2.7917244 0.37566033 -0.25550956 180
2.7630274 0.45690116 -0.24465023 185.71428
2.774282 0.55290729 -0.26323253 166.68518
2.762562 0.66234702 -0.25108361 162.0889
2.757287 0.93047303 -0.23339383 125.60632
2.7837512 1.1961741 -0.21071881 146.5
2.7699087 1.6386642 -0.29348797 144.81133
2.7901089 1.7715008 -0.27392489 145.25
2.7242017 1.8510875 -0.2586123 143.09091
2.7415507 1.9490619 -0.25662294 135.40833
2.7440681 2.0865443 -0.24108423 145.5
2.7762852 0.77097952 -0.18439588 187.11111
2.7343612 0.86819887 -0.17594518 182.73334
2.7217553 0.94177502 -0.16403514 151.82608
2.7515883 1.303764 -0.10902481 174.08696
2.7157972 1.4497781 -0.16134439 150.27274
2.7608309 1.5697113 -0.15620948 146.16667
2.7373729 1.6549397 -0.11060389 170.66667
2.7413359 1.7378482 -0.12371212 146.28334
2.7824969 1.4391704 -0.090274595 181.34782
2.7286 1.5575154 -0.050467644 152.65475
2.78723 1.6609207 -0.057869706 188.5
2.7617745 1.7244159 -0.051597591 181
2.7285621 1.8189269 -0.053458862 174
2.7813368 3.280586 -0.0015369572 203
2.7105703 1.0698216 0.095619678 137.75
2.7350221 3.5943899 0.089824401 167.5
2.7066355 3.6495769 0.094862878 172
2.7129824 3.6277339 0.14210416 194
2.7688234 3.7340274 0.16167682 192.89999
2.7549055 3.8235104 0.13844083 182.34375
2.7468255 3.9596083 0.17302668 179.80714
2.7577064 4.0899224 0.17276458 184.25
2.7554386 4.1496763 0.17402315 185.625
2.7622058 4.2108278 0.17532061 194.33333
2.7502248 4.3521104 0.16961029 189.69019
2.7628803 4.4085479 0.14373882 177.10527
2.7347884 4.6171036 0.18758257 182.64285
2.73599 3.8947537 0.22159299 188
2.7693708 4.0571113 0.22120354 176.95526
2.7627492 4.1423917 0.21867441 176.36797
2.752434 4.2502246 0.23948978 182.06181
2.7424273 4.3399539 0.24635608 185.71558
2.7547855 4.4488811 0.25644907 187.12415
2.7461028 4.5479927 0.27967462 186.66743
2.771143 4.6063533 0.28789407 193.33333
2.7494941 4.7448683 0.232756 174.02863
2.7350309 4.8148575 0.27156708 170.04762
2.7802343 4.9236932 0.26552144 174.90086
2.7355182 5.0155196 0.25895101 167
2.7087224 4.0711913 0.39740515 151.33333
2.7778234 4.2121978 0.30319148 176
2.7542558 4.3668151 0.34853503 166.5
2.753459 4.4595838 0.31686386 179.97348
2.7495661 4.5621953 0.33664319 182.5295
2.7306993 4.6649771 0.35273689 170.09314
2.7643967 4.7548766 0.35011172 176.28125
2.7608495 4.871665 0.35786268 166.5
2.7593913 5.0365529 0.36222735 183.09711
2.7379496 5.1114492 0.35160449 187.73334
2.7677338 5.2130685 0.37146631 192.2
2.7351079 5.3525815 0.38784119 195.60001
2.7121363 4.0700755 0.41082698 139.75
2.774869 4.3140616 0.43410107 131.73125
2.760406 4.5569253 0.45085856 128.66666
2.7187026 4.9614797 0.40998501 184.83333
2.7488439 5.0307584 0.41439268 186
2.7619433 5.1225262 0.43178943 185.69643
2.7381244 5.2134662 0.44899577 186.89999
2.7654545 5.3143377 0.45941439 183
2.7618225 5.4360857 0.42241928 184.85001
2.7780101 4.5604501 0.54115522 131.375
2.7455103 5.4138126 0.52009541 173.83333
2.7596591 5.5099139 0.55379534 169.60001
2.7243464 5.6292815 0.58477086 165.60001
2.7539864 5.7348533 0.59942555 167.25
2.7655149 5.8508492 0.57020313 196.25
2.7343967 5.9474239 0.57111883 192.75
2.7475798 6.0477786 0.58539128 190.33333
2.738296 5.8921795 0.63149917 162.5
2.7666264 6.0437579 0.67927307 154.41666
2.7513475 6.1656961 0.60643995 183.33333
2.7341042 6.2611203 0.63432503 186.91209
2.7272182 6.3631859 0.65253443 186.35715
2.7268088 6.4580727 0.66841924 188.33334
2.7367368 6.549077 0.68303871 190.33749
2.7616234 6.6504312 0.6910246 190.75
2.7655623 6.2490468 0.71670306 167.73334
2.7997861 6.3696756 0.72535759 192
2.7974651 6.5944104 0.78990883 184.125
2.7579427 6.669591 0.71730357 186.125
2.7031856 6.7419362 0.76209378 176.22223
2.7594078 6.8531399 0.75685823 188.5
2.799299 6.9025216 0.74469763 200
2.7185411 6.6941805 0.81062341 175.19231
2.717802 6.7760677 0.82157648 170.375
2.7236075 6.8967752 0.84778136 164.89999
2.7514522 6.9591799 0.85753751 165.5
2.7472196 7.0815415 0.87440652 164.80209
2.763104 7.2157593 0.84175271 173
2.711153 7.3085923 0.86474359 153
2.7464001 7.1657534 0.91066146 168.01942
2.7524266 7.2507691 0.92906868 172.07408
2.7629087 7.3543181 0.95803678 178.26086
2.7883976 7.4587302 0.97874635 185.25
2.7796931 7.5599942 1.0137725 191.33333
2.7522519 7.6303525 1.032293 194.89999
2.7219429 7.7533994 1.0473492 198.25
2.730587 7.8609858 1.0662504 201.5
2.8835344 0.71455294 -0.40392593 154
2.8253732 -0.041207951 -0.36640829 151.83334
2.8048429 0.083537765 -0.35270187 167.85715
2.8771746 0.22794138 -0.32084829 176.42857
2.8193338 0.33290961 -0.31872621 151.05882
2.86096 0.42557102 -0.31499884 143.5
2.8670759 0.77129358 -0.39196652 153.22501
2.857744 0.86110365 -0.36908963 144.5
2.8983088 0.9328956 -0.31603196 123.78947
2.8086617 0.026295019 -0.25964195 129
2.8332 0.14473535 -0.23742332 140.41666
2.8934717 0.22322756 -0.22429907 143.60001
2.8569572 0.32636958 -0.2140616 145.66667
2.8224812 0.43717992 -0.24318391 162.56038
2.8627307 0.55948025 -0.24134558 170.19032
2.8453434 0.63341558 -0.27596426 161.1375
2.8231421 0.94530445 -0.28671744 136
2.8287768 1.5622262 -0.29670587 157.20833
2.8434083 1.6906981 -0.27566752 143.10417
2.8320837 1.8156315 -0.27266389 132.15227
2.8491149 1.9360688 -0.24944355 143.28139
2.8438783 2.0494928 -0.23202506 148.75438
2.8209975 2.1516469 -0.22055355 153
2.882374 0.45943165 -0.18531185 152.22223
2.8489022 0.53590274 -0.18628007 158.63637
2.8470895 0.66144288 -0.19216032 182.57143
2.8619726 0.79777777 -0.17160691 190.42857
2.8380554 0.88507962 -0.16056317 187.60001
2.8614013 0.96444935 -0.14338873 189.07143
2.8739989 1.1861389 -0.19054025 156.83334
2.8486109 1.2188517 -0.11472611 166.20793
2.8442073 1.437764 -0.15886733 154.41667
2.8668973 1.5117583 -0.15718912 149.33333
2.8488531 1.648322 -0.14557377 153.16667
2.8312099 1.8408341 -0.12268713 131.75
2.8641305 2.1273875 -0.18120526 163.5
2.8341012 1.0829043 -0.031349309 120.35
2.8672044 1.1061846 -0.085660569 145.03636
2.8378565 1.3455644 -0.096905455 173.95653
2.8858869 1.4714643 -0.073067158 181
2.8210566 1.5679902 -0.058781616 188
2.8383563 1.7522773 -0.070695721 174.2
2.8365796 1.8169063 -0.037685353 178
2.8853085 2.9233041 -0.0061642583 191.33333
2.8665698 3.1914985 -0.014385234 200
2.8971083 2.9952371 0.0037257711 191.5
2.893918 3.2455802 0.037140723 195
2.8820114 3.6293697 0.096037023 165
2.8983614 1.5811292 0.10184653 137
2.8384898 3.6919603 0.10009918 170
2.8606191 3.7790878 0.16922662 195
2.8489439 3.8494461 0.15671152 187.65779
2.8602109 3.9422939 0.16801988 187.13063
2.8665674 4.0665698 0.16580059 188.27083
2.8461807 4.1434646 0.18526876 188.64374
2.8434076 4.2499356 0.18710577 191.7
2.8649471 4.3178935 0.15367889 181.37692
2.8165705 4.4076443 0.19424883 197
2.8206806 4.537221 0.16133992 178.17308
2.8283763 3.9608207 0.23185781 191.5
2.8325756 4.0531502 0.22327501 175.32079
2.848969 4.1338525 0.25134927 183.79688
2.8642993 4.250968 0.24176429 186.19518
2.8425255 4.3521695 0.25718704 181.60457
2.8546319 4.4482894 0.26105517 181.08318
2.8642719 4.5313802 0.26134294 185.4762
2.8263767 4.697473 0.29761925 181.33333
2.8401401 4.7460847 0.20816427 178.51099
2.8627503 4.8493428 0.28550828 179.44919
2.8240705 4.0486288 0.36858511 153.2014
2.8159962 4.1006908 0.31899539 175.57143
2.8510218 4.2835464 0.37284815 152.83333
2.8363988 4.3450098 0.33309001 165.3
2.8417437 4.551713 0.32057622 188.00557
2.8376305 4.6544127 0.33091035 186
2.8466866 4.7437077 0.32683539 183.88333
2.8490345 4.851707 0.36534452 178.78571
2.8494451 4.941926 0.38919517 182.57242
2.8191724 5.0244551 0.31879857 184.35715
2.851954 5.1463733 0.35609651 191
2.8240674 5.3216152 0.38190594 195.39999
2.8927844 4.2595005 0.42983326 160.71111
2.8104231 4.404181 0.47373244 148
2.8509901 4.5818272 0.43633136 154.75
2.8745241 4.6805353 0.4906047 182
2.8237936 5.0557032 0.41996017 191.60001
2.8391571 5.1438117 0.42694101 188.4375
2.8312752 5.2230101 0.44783646 189.8
2.8607569 5.3289666 0.45765457 184.91666
2.8650017 5.4349399 0.41702491 183.875
2.8252144 5.5576825 0.4411228 162.33333
2.8500576 5.3938684 0.51816064 184.75
2.829356 5.4870915 0.5437004 175.33333
2.8328667 5.5945883 0.5696792 171.66667
2.8441918 5.6776018 0.58444238 169.39999
2.8584435 5.8292131 0.56472683 195.8
2.8489499 5.9395928 0.57156765 190.42223
2.8538947 6.0670238 0.58388853 186.86263
2.861176 6.1178799 0.58286601 182
2.8409934 5.8066163 0.61203873 169.33333
2.846056 5.9580832 0.65116376 165.75
2.8843143 6.0971131 0.68672746 157.75
2.8285906 6.1653547 0.60700691 181.29474
2.8194039 6.2645822 0.6246224 181.01831
2.8182278 6.3620405 0.64176542 181.09665
2.8303151 6.4614096 0.66073549 182.90775
2.8433867 6.5528579 0.6805051 185.53125
2.8160496 6.6301517 0.68884963 188.66667
2.8353987 6.1646781 0.71348357 147
2.8519316 6.295907 0.70531744 187
2.8392506 6.4901824 0.76204115 190.12857
2.8341866 6.6565647 0.75290388 182.11768
2.8583 6.7465148 0.71453458 193.08929
2.8433344 6.8528104 0.75555819 184.55417
2.8019278 6.7518902 0.81819981 173.6842
2.8485901 6.8787074 0.84311831 157
2.8469908 7.0569029 0.85331023 175.61539
2.8194666 7.1145949 0.81955838 180
2.8641415 7.2691278 0.85222775 173
2.8366385 6.7146621 0.90189242 129
2.8362639 6.8002734 0.90141177 159
2.8364365 7.1528254 0.90383732 170.55263
2.8654532 7.2579265 0.93265581 177.75676
2.8676434 7.3559871 0.95732731 181.45454
2.8759105 7.4375081 0.97903085 187.15384
2.8829105 7.5434051 1.0009803 192.91667
2.8172054 7.7271852 1.034094 198.25
2.8462536 7.8580427 1.0520097 203
2.9455395 -0.048842072 -0.35861555 145
2.9558144 0.036816794 -0.34667796 154.55
2.9170051 0.11926135 -0.33855999 166
2.9590704 0.26492196 -0.30959588 171
2.9815149 0.34748313 -0.3192673 144.5
2.964704 0.9492662 -0.36347443 151
2.9319508 1.4370979 -0.31675836 172.66251
2.9554429 1.5356706 -0.30175403 174.2
2.9311411 -0.03496027 -0.24734418 120.75
2.9404948 0.06504105 -0.2352359 133.5
2.9475389 0.13981372 -0.22636312 137.33333
2.9608529 0.2888566 -0.2061515 145.2
2.9343791 0.34409156 -0.29220423 174.88889
2.9499137 0.45632249 -0.26645949 166.64584
2.9588647 0.56805134 -0.2670176 165.71429
2.9562666 0.63980281 -0.26167926 166.36667
2.9131341 0.71998513 -0.27258924 184
2.9437361 1.6357013 -0.28141385 164.6767
2.9355812 1.7457571 -0.25890115 152.45454
2.9581568 1.879442 -0.22685099 155.26315
2.9366002 1.9971807 -0.24852836 150.5
2.984334 2.0643084 -0.22835299 151
2.9734561 2.1487958 -0.20316888 148.71428
2.9397123 0.36710894 -0.19788375 146
2.9492671 0.536834 -0.18089207 168.60715
2.9087331 0.64304936 -0.19921646 188
2.9490855 0.7406584 -0.18052179 171.45834
2.9546738 0.80648553 -0.17284064 168.71429
2.9718604 0.92463231 -0.15061119 171.25
2.9963741 1.0934945 -0.11514121 149.0625
2.9826832 1.1741112 -0.16642576 156.66667
2.9643676 1.281899 -0.13764617 154.82692
2.9330938 1.3721764 -0.16308437 153.60001
2.9809082 1.4549638 -0.14660192 152.60001
2.9498155 1.5927817 -0.13429424 149.75
2.9456496 1.6734247 -0.13464321 173.8
2.9153059 1.771284 -0.12090592 150
2.9693797 2.0302479 -0.19784078 162.28572
2.9552317 2.1341269 -0.18672299 161.08334
2.9335883 2.2296779 -0.18272592 154.69048
2.9296324 1.1466334 -0.08696916 141.11627
2.9249101 1.375176 -0.083490968 174.96001
2.9525385 1.5126966 -0.051808823 183.5625
2.9457102 1.6172599 -0.045737006 170.84532
2.948406 1.7432928 -0.035818588 184.60001
2.9422729 1.9248291 -0.089664899 133
2.9992287 2.6676862 -0.033803515 187
2.9736385 2.7424912 -0.023938118 186.75
2.9592152 2.8284192 -0.013355045 187.10715
2.9921684 3.0537162 -0.023913883 191.5
2.9949293 3.1195939 -0.0088664908 194
2.9232905 1.5891052 0.063893378 139.85059
2.953476 3.0486226 0.017422773 189.57143
2.9681227 3.1130981 0.031767771 191
2.9501059 3.2460024 0.0016899356 198
2.982028 3.3926003 0.034850761 202
2.9101486 3.5870109 0.086918883 163
2.966047 3.6711471 0.065319017 190.30556
2.9760196 3.7742624 0.05334045 189.33333
2.9978662 3.8561246 0.053286187 182.78261
2.9361155 3.6741691 0.12170012 185
2.9555383 3.7702296 0.12397604 184
2.9330611 3.840291 0.14215153 192.90833
2.9469066 3.9576521 0.17057109 186.89835
2.9639337 4.0649538 0.17748953 186.11455
2.9449103 4.1287327 0.17953598 183.51312
2.9513323 4.2636299 0.14720628 174.48358
2.9480436 4.3710651 0.14119142 153.13174
2.9207876 4.4660878 0.13931027 169
2.9082508 4.5954404 0.17108914 177.54546
2.9219987 3.8886154 0.2028431 196
2.9566689 4.0711417 0.2142348 191.65477
2.9522643 4.1453934 0.21381678 184.79924
2.9577816 4.2431459 0.23719248 183.01004
2.9483116 4.3531566 0.23466049 184.25006
2.9376016 4.4502692 0.25440389 188.29498
2.9403615 4.5456352 0.26726028 180.76923
2.9514177 4.6475625 0.26606569 170.90001
2.915859 4.7543278 0.26310647 180.75
2.9779308 4.8569918 0.28606731 185.81818
2.9551263 4.9996395 0.26173657 157
2.9366126 5.0900869 0.26230919 168
2.980546 3.9992454 0.34726319 163.33333
2.9356799 4.0065961 0.39712191 141
2.9220412 4.5525799 0.32884645 173.42424
2.9252629 4.6368647 0.33506262 181.16785
2.9584298 4.7350569 0.33759969 181.71846
2.9438186 4.8387737 0.34255603 183.55415
2.9387095 4.945559 0.35837734 187.58545
2.9508452 5.0557284 0.36879602 184.02315
2.9701939 5.1438179 0.37076497 188.625
2.9127617 5.2731986 0.37270755 196
2.9792838 5.3650417 0.38517508 197.66667
2.9267666 4.0082011 0.40423256 134
2.9849582 4.8072863 0.45166677 190
2.9614482 5.0239568 0.41062152 189.075
2.9361589 5.1612453 0.42405936 188
2.9437206 5.2546887 0.43392041 186.71428
2.9453249 5.3438544 0.45301378 182.58333
2.9385746 5.4915242 0.42067337 180.125
2.9432395 5.6257186 0.44108185 161.16666
2.9417186 5.4040947 0.52037781 185.92308
2.9238021 5.5078125 0.55464703 181.16667
2.95805 5.6053262 0.57000887 179.57143
2.9565492 5.7638659 0.56493169 187.27777
2.9884274 5.8851142 0.55133843 185
2.9441969 5.9537377 0.57003027 188.81482
2.9380479 6.0778322 0.58012611 186.9303
2.9612081 6.1757212 0.58953273 174.66667
2.9542131 5.8414526 0.6293183 173.5
2.9364343 5.9886379 0.63419604 181.08929
2.9225986 6.0492725 0.61140287 185.85715
2.9585154 6.1524873 0.61139798 182.02461
2.9337008 6.2557707 0.62448722 183.05
2.9354596 6.3742981 0.64258742 181.64215
2.9353755 6.4660821 0.65633285 181.61678
2.9483824 6.5436468 0.6635586 180.15787
2.9595585 6.6333761 0.68693668 179.4762
2.9918616 6.1704135 0.70389402 154.5
2.9512475 6.2449241 0.72642428 146
2.9254854 6.3448663 0.7272523 172.86665
2.9840674 6.4574099 0.73880637 193.60001
2.9060607 6.5601921 0.77855253 188.44444
2.9345155 6.7666712 0.7380386 176.50481
2.9508135 6.8789573 0.76741666 176.75
2.9512124 6.9710188 0.79506296 178.79364
2.9923944 6.5852685 0.85046202 120
2.9531147 7.0471754 0.81299168 179.5
2.9157524 7.141789 0.82369721 179
2.9782648 7.2847395 0.8523519 171
2.9327042 6.6923976 0.92451948 132.5
2.9357016 7.157042 0.91495574 177.62791
2.9530578 7.2487454 0.93440843 181.6875
2.9644785 7.3350635 0.95514745 185.29411
2.9665673 7.4404936 0.98242879 190.77777
2.9863541 7.5310121 0.9987272 195
2.940269 7.6588588 1.0098965 197.25
2.917125 7.7254014 1.027328 200
3.0557666 0.17975675 -0.32073319 161.10001
3.0678337 0.28824136 -0.30193418 166
3.0449574 0.8423903 -0.38000506 158.33333
3.0312705 1.3414234 -0.33097109 163.5
3.0236821 1.4495503 -0.31023538 169
3.0687065 -0.011573023 -0.22917777 127.66666
3.0665019 0.094557047 -0.22235526 132.75
3.0612395 0.20477512 -0.20603371 140.66667
3.0327082 0.37791464 -0.28491157 170.39999
3.0753188 0.55291587 -0.26658979 172.29167
3.0199218 0.66861486 -0.25028685 173.875
3.0435476 0.84063417 -0.24006516 187.22676
3.0617158 1.2077905 -0.203399 170.5
3.065805 1.5495636 -0.29161409 166.70636
3.0669472 1.7149353 -0.25965124 167.8
3.0070441 1.8047937 -0.24020129 163.33333
3.0331867 1.9299197 -0.21483007 163.7
3.0577955 2.0946727 -0.20172277 162.8
3.057128 0.32337841 -0.19328292 146
3.0164683 0.42202511 -0.17727518 154.28572
3.0624697 0.52812767 -0.1717602 176.27272
3.0086462 0.64325488 -0.17301105 174.94737
3.0391371 0.79122925 -0.15727822 146.03125
3.0037372 0.8484121 -0.15456271 153.03448
3.0807416 0.90514594 -0.13721646 153.49533
3.0472877 1.0335406 -0.12629938 155.86667
3.0839019 1.1731451 -0.12557305 160.73149
3.0151103 1.20252 -0.10865457 157.05319
3.0325282 1.3504901 -0.14526778 153.41666
3.0980449 1.4144858 -0.12289709 154.625
3.0533593 1.5221821 -0.12499935 152
3.0438161 1.6520513 -0.10873044 148.16666
3.0944993 1.8884176 -0.10869912 176
3.0452149 2.1759315 -0.1921038 149.60001
3.0013087 2.2658823 -0.1856222 150.8
3.0685489 2.3392236 -0.17948459 171.5
3.058917 1.3488525 -0.075396821 174.81081
3.0510468 1.4522327 -0.059670795 180.29448
3.0461726 1.5598941 -0.038837913 187.2
3.0580051 1.7566547 -0.050021157 173.5
3.0064611 1.8541788 -0.091305397 139
3.0439069 1.918364 -0.02808116 183
3.0721445 2.0095582 -0.010370931 188
3.0961359 2.4967432 -0.051394116 172
3.0483372 3.0494387 -0.017446509 186.22649
3.0377541 2.950592 0.011033501 182.56494
3.0587432 3.0488901 0.031955421 184
3.0507243 3.1635401 0.022026405 190.3611
3.0604281 3.2817888 0.02548792 190.25
3.0952516 3.3776927 0.04484674 182.375
3.0873392 3.4287629 0.052731898 203
3.0344012 3.5508459 0.076584399 179
3.0575507 3.6476133 0.073628716 176.6111
3.080503 3.7660103 0.050940201 188.625
3.0898345 3.8344123 0.046158757 183.26086
3.0258875 3.9543631 0.058314104 176.82143
3.0587232 4.0747595 0.069716267 168.73334
3.0717077 4.123322 0.073123612 168.35715
3.0174985 3.7319205 0.11342473 181.35713
3.0354321 3.8443906 0.14368123 186.36667
3.0713747 3.9470072 0.17222264 192.85834
3.0653546 4.0539355 0.18057111 184.54855
3.0639787 4.1621518 0.16562852 178.58333
3.0472696 4.2714496 0.18445592 184.46428
3.028162 4.3410678 0.12031591 149
3.0113475 4.4353733 0.17424004 151.38889
3.0257432 4.6623521 0.1784008 176.14285
3.0785408 3.4271743 0.23589776 130
3.0632484 4.0715876 0.21339756 193.66666
3.0590453 4.1666365 0.23268709 185.56895
3.0554881 4.2685471 0.24895339 184.92857
3.0442805 4.3698564 0.26022574 180.53816
3.0500743 4.4623175 0.25741935 180.86249
3.026257 4.5525279 0.26538679 172.33333
3.0730486 4.6110406 0.28602502 172.07143
3.0407619 4.7628984 0.26015514 172.43333
3.071852 4.8505087 0.25780901 184.00893
3.0545127 4.9530177 0.28028074 146.33333
3.0484972 5.0138931 0.26470286 169
3.0580978 4.0458894 0.3238216 175.33334
3.0796952 4.1449881 0.30991447 182.375
3.0976346 4.2973485 0.31369212 179.35294
3.0538249 4.3507018 0.31264508 185.75
3.0385101 4.4788485 0.32175842 181.1111
3.0357037 4.5660534 0.31732109 182.88638
3.0426998 4.6549487 0.33720419 187.27779
3.0494673 4.7530155 0.34348178 195.63335
3.0482497 4.838541 0.33453286 181.58333
3.0505102 4.9330139 0.32837918 193.40001
3.033988 5.02946 0.36951613 185.53334
3.0786052 5.1286044 0.3699905 176.33334
3.0190511 5.2394371 0.36242372 197
3.0013666 5.389235 0.39812055 195
3.0445206 5.1165538 0.43851945 183.39999
3.0233819 5.2140436 0.45905107 182.52
3.0185726 5.3191824 0.47959089 181.875
3.0528083 5.4620218 0.40528712 187.33333
3.0055106 5.4087906 0.50818628 182.92308
3.0295067 5.5038576 0.53375918 182.375
3.0496898 5.6047854 0.564933 182.84616
3.0350769 5.747273 0.55775207 179.05556
3.0691822 5.8623486 0.55792844 191.5
3.0615695 5.956584 0.58310193 189.45535
3.0406449 6.0792999 0.58142 180.51785
3.0490129 5.7790966 0.6189158 173
3.0345397 5.8897038 0.63745016 176.66667
3.0466173 6.028811 0.64600962 174.67461
3.0744796 6.160161 0.61120266 178.27072
3.0755284 6.2583299 0.62101817 171.5
3.0944941 6.3709497 0.64253849 172.2
3.010289 6.4708195 0.65775484 179.57143
3.0013707 6.5632482 0.69939655 161.11627
3.060832 6.6053567 0.69564557 164.46001
3.0864477 6.2874098 0.73481387 145
3.0073822 6.412178 0.73280096 193
3.0317185 6.5566125 0.77814972 120
3.0448771 6.6643667 0.70780629 168.75
3.0697374 6.8369761 0.74990153 176.58333
3.0398924 6.9245925 0.77494371 178.85715
3.0114756 6.5721097 0.80505967 121
3.0515301 6.6491942 0.84050149 197
3.0788033 6.7306161 0.85261375 197
3.0591874 7.0692368 0.80784899 179.5
3.0058906 7.1821117 0.82798475 181
3.0591381 7.1678648 0.9249981 185
3.0388207 7.241899 0.94474179 185.77272
3.0691783 7.3482037 0.95506698 191.55556
3.0467741 7.4355512 0.97824848 193.83333
3.0917659 7.5478826 0.98757899 197
3.0337462 7.6501093 1.0107453 199.5
3.1297908 0.34544206 -0.312585 156.25
3.1569297 0.44285366 -0.30168825 165
3.139951 0.84425777 -0.3806265 162.45714
3.1708121 0.90267503 -0.37142512 162.28572
3.1322861 1.2421776 -0.34121633 141.8
3.1503868 1.341845 -0.33080861 148.96429
3.1700435 1.4537219 -0.31224015 155.39999
3.1328783 1.557068 -0.33236283 117.75
3.155287 1.6458946 -0.31708577 124.5
3.1702063 1.706597 -0.30470306 135.5
3.1964686 0.047557667 -0.21421039 126.75
3.1801689 0.15186092 -0.20634764 132.66667
3.1274829 0.31872964 -0.28999072 167
3.1181555 0.41644943 -0.27503276 167
3.1728799 0.52721345 -0.26788098 171.875
3.1541474 0.62695265 -0.25295761 175
3.1415434 0.74245036 -0.24577594 189.60001
3.1922626 0.83649397 -0.22878543 185.07692
3.1729867 0.96984267 -0.21515612 178.60001
3.1492705 1.0021125 -0.21532924 177.08333
3.1922772 1.5394038 -0.29861993 157.39999
3.1223412 1.6433308 -0.2759133 168.66667
3.1638367 1.7863301 -0.2681289 153.92857
3.1007557 1.860329 -0.23256637 165.66667
3.1309636 1.9493169 -0.22415206 164.66666
3.1483681 2.0098035 -0.20601821 147.11111
3.1401963 0.23512307 -0.19984825 139.5
3.1463196 0.35179853 -0.18393396 149.83333
3.1050599 0.46877438 -0.169416 165
3.1722083 0.5419991 -0.16195768 175
3.106715 0.67272556 -0.15950379 173.95
3.1800046 0.73692787 -0.13904023 161.13889
3.1305006 0.82564902 -0.13966109 149.875
3.1571014 0.95603406 -0.11930753 152.35715
3.1217129 1.0100492 -0.12102017 161.41072
3.1606684 1.3472673 -0.14528142 175.30952
3.166218 1.4457504 -0.13915585 178.8
3.1462657 1.5349501 -0.13296257 174.91666
3.1631138 1.6274089 -0.134611 176.94444
3.1377013 1.7428432 -0.12508765 186
3.1533635 1.8714383 -0.12345791 190
3.1702392 2.0990827 -0.10434171 144
3.1976788 2.1300962 -0.1986035 158.84616
3.1013238 2.2294018 -0.16837454 145.66667
3.1881888 2.3511927 -0.13584238 148
3.1130266 1.2782532 -0.091249399 169.33333
3.1571426 1.3510474 -0.048140384 146.18518
3.167141 1.4217192 -0.051173076 181.21381
3.1471765 1.5613484 -0.029335357 189.14999
3.1344726 1.6375434 -0.098344095 152.75
3.1175458 1.7316542 -0.053844891 169.16666
3.1639886 1.8196777 -0.054869559 176.5
3.149101 1.9274751 -0.060490262 170.27499
3.1598296 2.0420437 -0.046726089 181.5
3.1693044 2.3593497 -0.062602155 157.05
3.1375926 2.4424372 -0.056351826 164
3.1955075 2.6579394 -0.007370444 176
3.1158118 2.818296 -0.0089004859 175.5
3.1629341 2.9322553 -0.046806317 179.03125
3.1446877 3.0328569 -0.023038428 186.76923
3.1512833 2.0787477 0.0025361255 189
3.114125 2.8843396 0.0010138521 175.76923
3.1559629 2.9453192 0.011215527 174.59525
3.1407471 3.0731423 0.033022806 179
3.1645851 3.1714916 0.013791557 188.32143
3.1656728 3.2620864 0.037464336 183.54166
3.148283 3.3447347 0.039244115 190.45834
3.1275139 3.4930341 0.067619227 176.66667
3.1619735 3.5772634 0.08035548 186.2
3.1264272 3.6697354 0.062223114 192.89999
3.1570942 3.7231665 0.034513675 191.3
3.1869154 3.8275285 0.043464944 184.33333
3.1074734 3.9433222 0.053625695 176.54546
3.1210411 4.0662732 0.066563606 168.58571
3.1412604 4.1212797 0.072782882 167.48718
3.1625876 3.2460713 0.14049248 150
3.1311729 3.6287844 0.13575536 169.5
3.1573658 3.7699289 0.12342366 159.33333
3.1491623 3.8647175 0.14930913 187.45238
3.1670949 3.9427493 0.17095262 189.81862
3.153053 4.0358572 0.16474855 180.92601
3.1450028 4.1665692 0.18757315 173.14317
3.1499531 4.2982273 0.18841359 183.21739
3.1365793 4.4475389 0.13047974 163.41666
3.1431215 4.6734753 0.17306034 177
3.1476631 3.6251814 0.21447895 126.03571
3.152921 3.9835947 0.24289316 184.91666
3.1619489 4.0663991 0.2298518 191.80299
3.1369424 4.1659374 0.23366442 182.6138
3.1462061 4.2669606 0.25663042 188.02513
3.1439853 4.3640676 0.25229248 187.09813
3.1332474 4.4554048 0.26269418 183.9471
3.1350012 4.5790486 0.28593478 189.96875
3.1594756 4.6594548 0.29042581 177.16667
3.151943 4.7732401 0.24188128 184.28751
3.170409 4.8401523 0.2123559 173.85715
3.1775522 4.9036965 0.22420865 175.75
3.1369274 4.0451798 0.32823938 158
3.127007 4.1461749 0.31884763 174.10101
3.1353106 4.3919082 0.30554432 189
3.121913 4.4874444 0.31517521 188.29091
3.121526 4.5842767 0.33095303 190.09386
3.1368945 4.6512289 0.3447234 191.07222
3.1175127 4.7558088 0.3459588 193.54166
3.1485929 4.8571086 0.37401977 194.86667
3.1643491 4.9504762 0.36999694 188.24583
3.1519694 5.046103 0.3430855 196.16667
3.1141262 5.1470652 0.39902315 173
3.1612077 5.2191315 0.35869718 197.33334
3.1049225 5.3269572 0.37858039 194
3.1837704 5.4056778 0.39612174 182.33333
3.1295676 5.1434603 0.41537103 185.75
3.143194 5.2246494 0.45793989 173.54546
3.1217847 5.3173099 0.48026782 175.13043
3.1385233 5.6593819 0.49610811 176.33333
3.1178133 5.4144363 0.50530797 176.57143
3.1595352 5.5531464 0.54014164 178.2625
3.1649685 5.6891899 0.54447699 180.78125
3.1148598 5.7781005 0.5348208 191.5
3.1756186 5.8850656 0.56588233 190.21429
3.1391304 5.9694786 0.57989722 186.46429
3.1778653 6.0562778 0.58874816 181.56522
3.142942 5.7935619 0.61767894 172
3.1640255 5.8519931 0.61942118 185.04167
3.1550474 5.9742842 0.65542358 175.5
3.1329763 6.0838327 0.64520079 173.66666
3.178659 6.1347561 0.60299087 174.8548
3.1570885 6.247571 0.62177807 168.83925
3.1954589 6.3296127 0.62541437 169.14799
3.1484423 6.4363518 0.64897782 173.41882
3.1318357 6.1707411 0.70001912 156.5
3.1107774 6.2248669 0.71626806 147
3.1608815 6.6491137 0.70165241 164.56363
3.1291738 6.7033558 0.71318579 168.82143
3.1806352 6.8586831 0.74977642 176.73334
3.1355975 6.9589291 0.78150195 178.71428
3.1251905 6.5870237 0.83152801 192.83333
3.1382041 6.6669898 0.84193736 195
3.1530268 6.765933 0.86304247 197
3.1986887 6.8533301 0.88663548 199.5
3.1247008 6.9649415 0.88211542 140
3.1102443 7.1449738 0.81654024 178.5
3.1190813 6.9898796 0.90884012 163.77777
3.1559386 7.2347574 0.94565636 192.72728
3.1463389 7.3330479 0.9682008 194.39999
3.1778092 7.4416118 0.95649797 197.42857
3.1387644 7.5580959 0.9962936 199
3.2592428 0.25873241 -0.44766334 111.83333
3.2960591 0.46464974 -0.4042106 184.66667
3.2723894 0.51813704 -0.4165307 179.5
3.2671995 0.33521807 -0.30561361 157.66667
3.2603149 0.65864253 -0.39551309 174.3172
3.2744772 0.71360087 -0.3769471 141
3.2379107 0.81658053 -0.35870373 141
3.2185049 0.92596447 -0.3432321 140
3.2872417 1.0063854 -0.33682731 175.125
3.2391882 1.4168314 -0.32154551 147
3.2769482 1.5406525 -0.33265159 119
3.2833214 1.6034162 -0.31742644 131
3.2862124 0.48988727 -0.28107062 172.66667
3.2900712 0.57053727 -0.25417981 169.83334
3.2849615 0.66240817 -0.24184959 179.625
3.2626464 0.73941177 -0.23084016 181.75
3.2944887 0.83229423 -0.21444307 184.57858
3.2637589 0.96263856 -0.21185705 176.89473
3.2561636 1.6492146 -0.29044873 145.875
3.206799 1.7066523 -0.27031645 162.8
3.2107747 1.8239644 -0.26401097 151.58334
3.2564116 1.9409517 -0.24534713 146.26666
3.2419965 2.0525055 -0.2132917 152.33333
3.2778063 2.1812794 -0.20117182 173.625
3.2462118 0.24573027 -0.18552406 136.25
3.2487752 0.32264549 -0.1752279 147.25
3.2240219 0.40524927 -0.16833928 156.60001
3.2861052 0.55491102 -0.1366201 174.375
3.2487705 0.63630658 -0.14708106 178.52174
3.2587378 0.78645104 -0.11235207 157.96153
3.2198846 0.86865389 -0.12309097 149
3.2815964 0.95651764 -0.159134 175.88794
3.2497928 1.1633192 -0.18943107 165.5
3.2037101 1.2874508 -0.18046175 191
3.2247856 1.3605638 -0.17145349 188.22223
3.25124 1.4520309 -0.15816107 185.45
3.2335002 1.5474945 -0.14984891 185.5
3.2599657 1.6688122 -0.12586755 173.82858
3.2752712 1.7779907 -0.10897058 114
3.253767 1.8582096 -0.1115774 186.93333
3.2157998 1.9364778 -0.10892972 190.25
3.2444232 2.2478199 -0.18108726 174.60001
3.2533255 2.4507029 -0.14868094 145.40421
3.2946014 0.91765356 -0.095762298 147.76086
3.2831519 1.485937 -0.090210661 179.75
3.2534165 1.5716329 -0.054048751 180.60001
3.2500989 1.6458367 -0.051234558 176.875
3.2392628 1.7335749 -0.068162352 157.5
3.2487955 1.8400972 -0.054629941 170.02936
3.2605953 1.9362963 -0.061638158 160.72389
3.2454691 2.0517719 -0.064014204 138.4375
3.2047181 2.2111838 -0.022526596 140
3.2312756 2.3580577 -0.036023345 139.23611
3.2915456 2.9713259 -0.029063378 179.90475
3.2327023 3.0469718 -0.008181219 181.38889
3.2562532 1.1332428 0.072747424 119.9
3.2941949 1.7102047 0.048889026 128
3.2788641 2.061471 0.016404191 189.21429
3.2323997 2.3124509 0.073977157 141.14285
3.2194958 3.0314546 0.025169041 175
3.2598093 3.1565318 0.010729038 189.45454
3.233494 3.2224965 0.020202979 189
3.2439182 3.3533225 0.041662503 185.20723
3.2302327 3.4540329 0.058358043 174.66667
3.2561622 3.5478761 0.076388538 184.8
3.2622921 3.6355057 0.0096472315 194.5
3.2685623 3.7229786 0.062396482 178.86365
3.2830348 3.8384013 0.046324708 185.25
3.2505016 3.9323821 0.052067492 179.3
3.213737 4.0501175 0.058527999 170.20589
3.2256651 4.1592197 0.080194324 166.27478
3.2444322 3.6573064 0.10215388 190.75
3.2454665 3.7709115 0.12521788 192.37798
3.2566166 3.8229878 0.13337003 189.52757
3.271194 3.9337497 0.1721627 187.46805
3.2304647 4.0500689 0.1774416 165.97592
3.2550938 4.1704011 0.1835077 168.41936
3.2748075 4.217452 0.18541954 172.66667
3.2440658 4.3080325 0.19254495 183.64
3.2328484 4.6575022 0.16642323 177
3.2625499 4.7550569 0.19617634 174.2
3.25087 3.9935627 0.20630668 191.44444
3.2346463 4.0320849 0.23691896 190.77777
3.2547197 4.1489067 0.23925959 184.00749
3.2317216 4.2587476 0.24840686 179.47707
3.2408392 4.3603606 0.25074542 178.35522
3.2333624 4.4509659 0.25829345 181.70728
3.2436886 4.5400095 0.27560768 184.69952
3.2147222 4.669342 0.28662154 195
3.2462604 4.7435994 0.28852856 170.41667
3.2624512 4.8621874 0.24147764 179.81905
3.2366328 5.006988 0.23633149 174
3.2135971 4.3076138 0.30388528 178.90909
3.2266192 4.4921546 0.30905539 180.19061
3.2497728 4.5673718 0.32921299 178.82069
3.2297306 4.6601849 0.33735594 178.66716
3.2547286 4.7664042 0.35931098 191.61607
3.2531784 4.8370175 0.34998384 191.66112
3.2373385 4.9314055 0.36121401 191.55795
3.257302 5.0556135 0.3580834 180.08333
3.292721 5.1613145 0.35074481 188.60001
3.2568581 5.292685 0.37524551 185.33333
3.2864909 4.976706 0.42466176 188.57143
3.2028849 5.1401253 0.43158734 171.2
3.2267268 5.2484331 0.42914787 173.69231
3.271456 5.3280978 0.45004207 164.25757
3.2575874 5.4036379 0.49209088 165.11765
3.2642958 5.5856419 0.48220682 172
3.2878833 5.6818066 0.49691102 185.5
3.27368 5.4806495 0.51253587 168.14285
3.2377269 5.655427 0.56378448 177.87363
3.2228856 5.7492423 0.54914439 189.875
3.2365587 5.8255262 0.54982913 191.85715
3.275156 5.9360657 0.57462472 186.93637
3.2470739 6.0304193 0.58696818 180.10001
3.2788088 6.1440682 0.59317899 167.93182
3.2959132 6.2425284 0.59949493 168.71875
3.2531557 5.774929 0.60623068 177.35715
3.263447 5.8714342 0.62688702 180.01428
3.2390616 5.9471121 0.6415059 179.07936
3.2736709 6.1435304 0.60111964 174.97917
3.2324038 6.2475019 0.62599659 168.16049
3.2835679 6.3287582 0.6260289 167.27272
3.2572217 6.6684003 0.71897644 160.30769
3.2147412 6.7299891 0.71457547 170.125
3.2804503 6.8505936 0.7532202 177.08441
3.2317598 6.9652114 0.79136103 176.93333
3.220284 6.5327907 0.80941182 186.38889
3.2449391 6.6588049 0.83395112 162.07272
3.2588639 6.7523685 0.87106746 157.42857
3.2711706 6.8597426 0.87936974 185.27777
3.2031369 7.0688667 0.80739582 180.5
3.2024002 7.1994209 0.82650501 182.5
3.2767818 6.767159 0.93975621 132
3.254638 7.2418175 0.93017882 197
3.2394347 7.3196535 0.94653577 195
3.3282747 0.1154941 -0.47127447 112
3.3707764 0.34447035 -0.43207994 160
3.3667994 0.43247226 -0.41480473 188.09091
3.3426728 0.54206669 -0.40174934 181.66667
3.3338356 0.6244753 -0.39117208 158.47916
3.3542919 0.74532533 -0.37048233 164.27274
3.3521905 0.83981353 -0.35330451 159.0381
3.3139665 0.92929167 -0.3437891 161.05814
3.3870096 1.0657508 -0.31346843 182.69644
3.3949463 0.068700746 -0.25890681 149.5
3.3699267 0.63563061 -0.253043 187.13333
3.3161378 0.75748128 -0.23032954 188.71428
3.3963909 0.87065548 -0.21238415 182.89999
3.3703713 0.97250152 -0.20192999 175.88889
3.3015275 1.7728053 -0.28041491 140.2
3.3138659 1.8939521 -0.2511892 143.2
3.3665862 2.0181634 -0.21590093 155.625
3.3198283 2.1040986 -0.20369574 167.53847
3.3076794 0.12869482 -0.19334161 126.66666
3.3771789 0.26780209 -0.16455729 134.33333
3.3590944 0.34678745 -0.15825799 146.33334
3.313931 0.46355066 -0.1465185 163.42857
3.3519182 0.64078617 -0.12118865 177.32468
3.3838024 0.74112356 -0.10659896 175.71428
3.3723814 0.83978683 -0.14743455 173.30556
3.3800094 0.94517434 -0.17410673 189.75
3.3396375 1.0638678 -0.15953654 184.69281
3.3466742 1.1637318 -0.18295088 165.30937
3.34354 1.2113764 -0.14730528 175.21388
3.3619421 1.3551514 -0.14977014 166.15475
3.371557 1.4739007 -0.13465579 168.25
3.337379 1.5594915 -0.12879822 149.05556
3.345037 1.6523221 -0.11590067 137.9451
3.3481617 1.7600421 -0.11327866 159.94444
3.353621 2.2390542 -0.18516994 175.35715
3.3555191 2.3543599 -0.13745753 152.11111
3.336302 2.4579151 -0.14420997 152.8
3.3316972 2.5102139 -0.1317969 153.33333
3.3846023 2.6615226 -0.10042544 161
3.3856602 0.94056344 -0.076003514 153.42857
3.3523362 1.1584697 -0.044392139 140.64423
3.3717468 1.5334544 -0.068456911 183
3.3411613 1.63389 -0.061644915 174.625
3.3286691 1.7687293 -0.046531767 159
3.3558187 1.8480238 -0.046193544 164.7
3.3469579 1.9287597 -0.06388206 154.14664
3.3318958 2.065414 -0.068169355 186.92857
3.3175988 2.1488061 -0.025752874 178.5
3.3505723 2.4164135 -0.017120207 121.375
3.3493428 2.6882257 -0.011276381 168
3.3171442 2.740401 -0.085212864 158
3.3846939 3.0126719 -0.011792811 182.57143
3.3475244 3.6237757 -0.00096327957 197
3.3117275 1.1461427 0.0078995647 130.35001
3.3816047 1.7417338 0.051522233 159
3.340929 1.9838752 0.015662892 184.16667
3.3824818 2.0693288 0.026091611 184.9375
3.3328242 2.177114 0.033891611 191.5
3.3730826 2.3480515 0.052395795 194
3.3195012 3.0891836 0.0066071637 188.13333
3.3328342 3.1194911 0.0017928927 185
3.339592 3.2336612 0.034136318 191.26666
3.3615105 3.3448782 0.045157898 186.88252
3.3437064 3.4546695 0.053332031 174
3.351464 3.5212731 0.067750916 178
3.3671632 3.6255212 0.092560604 189
3.3729007 3.755168 0.065548867 178.78333
3.3850334 3.8949497 0.048025109 184.90475
3.3177874 4.0102415 0.055863444 177.125
3.3138299 4.1247354 0.072698236 171.3871
3.3512423 3.6562567 0.13604821 161
3.3488064 3.7222853 0.1162529 189.14075
3.3549836 3.851124 0.1472432 188.47708
3.3577077 3.9150107 0.16610053 181.33333
3.3468516 4.0336757 0.17398556 179.31464
3.3419175 4.1279311 0.18533979 171.1575
3.3460281 4.2141013 0.18375055 172.69708
3.3408494 4.3143201 0.19601552 185.04167
3.3324103 4.0434732 0.24188085 189.91666
3.3366027 4.1344991 0.23345956 183.13344
3.3414407 4.2347312 0.23778586 179.18373
3.330056 4.3610024 0.26557785 177.39317
3.3365018 4.457901 0.26651657 179.46579
3.3482022 4.5199356 0.28308156 178.07848
3.3566706 4.6458883 0.28082734 173.07143
3.3494344 4.8256249 0.29272574 181.45834
3.3361461 4.495955 0.30266777 177.46503
3.3504272 4.5665464 0.33462256 172.02933
3.339982 4.6659174 0.32875517 182.12091
3.3459609 4.7543674 0.33288258 184.31589
3.3550501 4.8409963 0.34359396 185.90938
3.3525362 4.9268203 0.34741145 191.36429
3.3800979 5.0383048 0.35948455 192.175
3.3368816 5.3523545 0.3926262 169
3.3312471 4.5678282 0.4392705 131.96666
3.3561351 4.9704247 0.41834319 189
3.3433518 5.0560193 0.43539518 192.75
3.3208706 5.1733937 0.44998166 196
3.3515778 5.2460575 0.45087278 177.76001
3.3412032 5.3168602 0.47658643 188.65686
3.3164127 5.4077392 0.49535128 165.18605
3.3658409 5.5653839 0.47582385 172.5
3.3788321 5.6634111 0.49661592 185.5
3.3486338 5.4752674 0.50918549 169.24167
3.3422348 5.6774273 0.56336427 184.58334
3.3498096 5.7573462 0.53856122 190.55556
3.3518293 5.8508649 0.57167768 190.45476
3.3517821 5.9550629 0.57438552 185.88889
3.3390861 6.0463562 0.58675313 177.78322
3.3804369 6.1649947 0.57940239 167.57672
3.3953836 5.9441948 0.6265043 176
3.3173165 6.022449 0.65023375 174
3.3662806 6.1858392 0.6061582 174.88333
3.3655751 6.2693219 0.61673093 168.16284
3.3620975 6.3698683 0.61920738 166.55873
3.3452954 6.4423442 0.63031787 168.53416
3.3919287 6.5208306 0.6323052 171
3.3632503 6.6335759 0.69379568 164.94737
3.3237586 6.455884 0.76804143 178.38597
3.3326657 6.5536757 0.76037735 171.39912
3.3418746 6.6928167 0.71712589 169.66667
3.3835974 6.8508258 0.74433511 179.25
3.322094 6.6242127 0.82704127 186.61111
3.3540108 6.7618895 0.85885799 192.7
3.3561385 6.9485159 0.85671914 182.8
3.3944919 7.1508093 0.81743127 180
3.3909774 7.0016546 0.90293729 199.5
3.4947827 0.086059608 -0.46840847 121
3.4362783 0.23835458 -0.4517751 165.1111
3.487896 0.32355395 -0.43472153 163.66666
3.4576581 0.44454402 -0.40959269 160.06667
3.4462628 0.54062974 -0.38978317 186.89999
3.4376864 0.66703779 -0.36373472 155.57895
3.4223025 0.73657423 -0.36878648 180.95653
3.4594293 0.85413682 -0.34163761 166.06548
3.4299102 0.94452357 -0.32936099 161.515
3.4802651 1.0530668 -0.3069391 187.27272
3.4190822 1.576243 -0.31080464 122.5
3.4189734 1.6223433 -0.30454335 131
3.4179642 0.14968684 -0.25134063 161
3.449142 0.27918416 -0.22666758 176.25
3.4371319 0.37736729 -0.24732435 174.125
3.4012353 0.50220519 -0.26841488 175.75
3.4546604 0.62345809 -0.23327076 174.5
3.4167533 0.74885559 -0.21451703 184.8
3.4896307 0.90078449 -0.20279983 182.19048
3.4744511 1.140777 -0.29646695 189.57143
3.4174621 1.7007321 -0.28935713 133
3.4497464 1.8190707 -0.26030707 140.66666
3.4116592 1.9211117 -0.24132706 148.66667
3.4598124 2.0683136 -0.20536426 170.23077
3.411319 0.19400121 -0.17250635 128
3.4588552 0.33973753 -0.14399397 143.25
3.4335446 0.43811649 -0.13439076 153
3.4315515 0.50208348 -0.12971275 163.71428
3.4325793 0.65183628 -0.10969315 173.28572
3.4847493 0.86311364 -0.18492864 190
3.4543879 0.97153699 -0.15741782 190.2
3.4517438 1.0264375 -0.16959673 180.72916
3.4158206 1.1325281 -0.16797803 174.72501
3.455879 1.2632619 -0.15730663 141.11029
3.4669557 1.3484868 -0.12976173 172.25
3.4205334 1.4421791 -0.1369821 166.52777
3.4220841 1.5501102 -0.11922954 144.56
3.4885747 1.6780292 -0.10893501 138.66667
3.4178853 1.8329579 -0.10703605 179
3.4516788 2.1414931 -0.1934295 179.48334
3.4456775 2.269536 -0.16750208 173.92308
3.4807427 2.3938279 -0.10943204 145.35715
3.4154782 2.4966631 -0.1231384 147.39999
3.4042797 2.6367767 -0.10174633 156.2
3.4915719 0.78818947 -0.082558788 174.375
3.4235201 0.87032187 -0.074815884 167.55
3.4531043 1.1478618 -0.070196249 126.25
3.4674537 1.5696317 -0.074657708 171.81989
3.4644158 1.6567655 -0.060544554 169.75555
3.4351449 1.7609736 -0.06297911 158.15277
3.4199586 1.8478109 -0.0388516 177.33224
3.4035945 1.9124991 -0.082473271 181.24286
3.4589148 2.0333877 -0.062193416 176.39285
3.4563639 2.1425533 -0.057634056 177.08333
3.4428947 2.3442049 -0.050240103 163
3.4182699 2.4289517 -0.016920146 123.25
3.4129994 2.6504612 -0.09879005 157
3.4358709 2.7370143 -0.078283474 161.125
3.4918091 2.8912067 -0.03665093 173.8
3.42607 2.93782 -0.027821261 178.17143
3.4550536 3.0409327 -0.0077706445 174
3.4395957 1.6863769 0.058798619 131.7
3.4624758 1.9503199 0.0099763665 176
3.4805706 2.0589635 0.02519873 179.64285
3.4218142 2.1727529 0.040470276 187.88889
3.448195 2.2381868 0.049124558 189.75
3.4637246 3.0562854 0.0078435093 186.77272
3.4437129 3.1623697 0.024300352 190.43452
3.4300041 3.2763958 0.038644444 192.16666
3.4573917 3.3353062 0.072146185 190.16667
3.4778292 3.4148636 0.067913733 174.13333
3.4643292 3.5334437 0.068199612 177.66666
3.4586329 3.6492901 0.04500632 191.83334
3.4697514 3.7909579 0.037283234 193.22223
3.4898221 3.8921857 0.053246025 190.54546
3.4118907 3.9972606 0.060977638 180.56522
3.4270406 4.0944405 0.069564618 177.64285
3.4527626 3.3342404 0.16104777 165.45454
3.4624574 3.4634333 0.19665614 172
3.4302666 3.6652863 0.1526169 175.6125
3.4185345 3.7607267 0.11638039 185
3.468482 3.86554 0.12185731 169.14999
3.4659109 3.9722126 0.17136064 175.39285
3.4448216 4.0322104 0.17073488 179.50595
3.4172266 4.1380243 0.18739952 168.48041
3.4179664 4.3049998 0.19433792 186.08333
3.4129014 3.5382545 0.27504775 129.71111
3.4439583 4.048871 0.25643551 144.43387
3.4460366 4.1337895 0.22509457 174.05402
3.4385312 4.2552657 0.24756476 184.73701
3.4670174 4.3522582 0.23986906 170.58221
3.4627178 4.4377265 0.25493929 173.57634
3.452244 4.5346675 0.26441482 173.99405
3.4309044 4.6465497 0.28236783 159.77023
3.4467402 4.8344092 0.29364008 171.36667
3.488728 4.4945464 0.32447854 177.19048
3.4055877 4.5887547 0.32293186 180.41743
3.4386694 4.6649404 0.34450984 174.22366
3.4500892 4.7515631 0.34172589 184.2169
3.4477208 4.8392797 0.33192271 168.825
3.4775789 4.9512711 0.35322931 188.46295
3.4396858 5.062654 0.34062684 178.35715
3.4445398 5.1269903 0.3515723 174.3889
3.4157109 5.2282972 0.37152115 174.16666
3.4479156 5.3262811 0.39045554 168.75
3.4550092 4.5580401 0.45336759 146.05629
3.4423108 4.615274 0.41401505 126.96154
3.4531879 4.9718351 0.40556741 190.25
3.4774315 5.0675349 0.41966704 194.25
3.4161243 5.1652937 0.44036615 196.8
3.4511454 5.2670598 0.46053916 199.75
3.4850724 5.3650312 0.48044279 196
3.4447064 5.4470787 0.45140556 168.5
3.4520605 4.5524669 0.52498013 127.35
3.4276059 5.5443306 0.52142113 186.5
3.4430161 5.6621604 0.55465692 190.33333
3.454293 5.755599 0.57864583 187.25
3.4008238 5.833343 0.53085792 187.16667
3.4468007 5.923902 0.56414205 188.41666
3.4257445 6.0338669 0.56731123 173.84616
3.4424818 6.1659575 0.58442438 164.28723
3.4510715 6.2339182 0.58956611 166.67857
3.488071 5.9038305 0.61013234 177
3.4247758 6.0437431 0.60123241 185.27274
3.4985352 6.1746349 0.67413443 138
3.4406812 6.2259383 0.61653304 176.57143
3.4634686 6.3646641 0.60417598 167.875
3.4431775 6.4677014 0.63727283 168.6875
3.4294281 6.5445089 0.66504127 173.5
3.4809494 6.613749 0.65268224 176
3.4468234 6.3524604 0.72681576 169
3.450877 6.4469132 0.77374244 140.89111
3.4828506 6.5557246 0.77811921 178
3.4350088 6.7602539 0.72101939 177.58824
3.4832907 6.8868628 0.7581597 182
3.4192419 6.9464622 0.77566624 179.83334
3.461144 6.4197125 0.85869563 121
3.4285815 6.6533842 0.82007504 184.47501
3.4547756 6.8026032 0.85968173 192.875
3.462507 6.9523439 0.88966924 197.875
3.4137688 7.0549555 0.8076818 175.5
3.4731534 7.154737 0.81007463 178.14999
3.4227512 7.2619157 0.83299726 177.33333
3.4591997 7.4100237 0.86449766 163
3.5664823 0.1962468 -0.44813704 133
3.5628672 0.39712429 -0.41618052 168.58334
3.5758698 0.45921087 -0.41365609 192.33333
3.5422602 0.5402568 -0.3884663 171
3.5312793 0.65155452 -0.36762479 188.875
3.528481 0.76257831 -0.34726164 187.46153
3.5290914 0.84839857 -0.33519784 162.57143
3.5488622 0.95560825 -0.31892186 176.42857
3.5715311 1.0615523 -0.3071748 191
3.5495269 1.1585881 -0.30107677 191.66667
3.5495243 1.220023 -0.30148029 191
3.5408883 0.098850235 -0.23459324 157.5
3.5589597 0.25809571 -0.21044591 173.75
3.5260224 0.41233462 -0.2707389 161
3.5106628 0.51678455 -0.25545165 174.25
3.5618825 0.65752918 -0.22222191 176.375
3.5594895 0.74617356 -0.20672585 190.25
3.5166605 0.93903881 -0.20567103 107
3.5460875 1.4782284 -0.24801411 113
3.542701 1.6459677 -0.25668806 123.125
3.5327125 1.7561265 -0.27033305 134.66667
3.5433724 1.8397509 -0.22672173 138.83334
3.5006404 1.9592575 -0.22826459 154.2
3.5822399 2.0088577 -0.21528924 163.2
3.5547321 0.38716245 -0.15893075 162.5
3.5383298 0.45759693 -0.12286394 148.16667
3.5292058 0.542548 -0.15470238 180.71606
3.5764148 0.61872023 -0.12879576 171.86667
3.5299981 0.74072719 -0.16776058 176.14444
3.5414665 0.85654867 -0.18565676 187.75
3.5707083 0.98054713 -0.17521843 161.19682
3.5487225 1.0590048 -0.15784863 182.09775
3.533685 1.1382906 -0.15795003 177.73999
3.5907252 1.2531375 -0.11910567 181.15643
3.5409029 1.3524526 -0.12979688 149.27026
3.5517848 1.4729675 -0.11581413 153.08334
3.5378084 1.5805829 -0.11062294 152.58333
3.580832 1.6654717 -0.10869323 156.34616
3.5595715 1.8461865 -0.10804883 118
3.5534258 2.1037996 -0.19513848 175.5
3.5843995 2.220315 -0.1739786 178.66667
3.5444736 2.3269262 -0.14876473 164.1579
3.5963647 2.4306386 -0.12960535 145.33333
3.5085487 0.70128006 -0.097188696 171.16667
3.549859 0.83839881 -0.069898091 171.66667
3.5220599 0.90528971 -0.062687971 173.33333
3.5272095 1.4404073 -0.059424665 165.83333
3.5905409 1.5766594 -0.052099608 177.03967
3.5601904 1.6594909 -0.05571495 168.82608
3.5447636 1.7475995 -0.070337534 149.58055
3.5350957 1.8373153 -0.03665451 172.61365
3.5266709 1.9555665 -0.055348396 146.50909
3.5615246 2.0307198 -0.046047166 160.43939
3.5573699 2.1425304 -0.033131044 151.83928
3.5427654 2.2393913 -0.031489905 151.94446
3.5929718 2.3163514 -0.0036209573 144.75
3.5074043 2.7488878 -0.07393185 160
3.5492258 2.8849719 -0.029849665 175.75
3.516449 2.982044 -0.013707156 182.66667
3.5522985 0.90579808 0.003553251 125.33334
3.5281692 1.7012767 0.0083954101 132.4762
3.520967 1.9636968 0.0093545569 174
3.5699208 2.0232792 0.026182029 175.82143
3.5558362 2.1350622 0.044488784 182.28571
3.5394125 2.2447829 0.05656584 189
3.5724771 2.3016248 0.062997296 190
3.5381334 2.4343717 0.0025546146 139.25
3.5486517 2.5654893 0.017443694 136.33333
3.5687914 2.7759416 0.052639067 120
3.5499201 2.9697778 0.039400492 168.87241
3.5813613 3.027432 0.028971691 179.38797
3.5602622 3.1158271 0.027839309 192
3.5787024 3.2619958 0.044891577 189.16666
3.5689492 3.3639104 0.050791871 177.72223
3.5668359 3.4532533 0.074189618 180.92308
3.5485981 3.5335202 0.069013812 176.66666
3.5337689 3.6551144 0.062424526 187.96666
3.5804768 3.7425134 0.011106097 196.39999
3.5910258 3.8640459 0.043226298 194.39999
3.5140603 3.9934258 0.059251029 186.64999
3.538003 4.0663757 0.063038245 184.64706
3.5634165 3.5360982 0.10824036 169
3.5916803 3.6357708 0.11975852 200.5
3.5627387 3.7337348 0.13635711 189.72778
3.5562198 3.8293896 0.15183336 187.13333
3.5527229 3.9570303 0.2577886 157.16667
3.5228071 4.0206428 0.27420306 129.19231
3.5624759 4.1474094 0.22920546 192.75
3.539371 4.2604346 0.2336278 178.7361
3.5054874 4.3302927 0.2480074 171.75948
3.5426958 4.4487329 0.27199242 172.4498
3.5512898 4.5403905 0.25798312 172.77142
3.5892665 4.8460197 0.293329 147.66667
3.5390725 3.9913707 0.33499122 132.63736
3.5931206 4.4951048 0.30613953 175
3.5284126 4.5821552 0.33549759 179.77321
3.5579441 4.6781616 0.33955806 180.31746
3.5507128 4.7455578 0.34196553 178.50475
3.5519345 4.8595018 0.34264705 186.64445
3.5715792 4.9757104 0.3523657 179.66666
3.5446584 5.0329418 0.37500277 182.75555
3.5557075 5.1397367 0.36750931 172
3.5470839 5.2749796 0.37937629 171.8
3.5872121 5.3916979 0.39557129 166
3.5872352 3.9633133 0.42986429 129.2
3.5553601 4.5384784 0.46092182 160
3.5378597 4.6447659 0.41747665 135.5
3.5754669 5.0579205 0.41225678 195
3.5434108 5.1512012 0.42801183 182.54959
3.5484896 5.2758265 0.44961622 179.25
3.5255604 5.4164281 0.48144549 171
3.5386865 4.6011248 0.54361212 155
3.5238841 5.5306468 0.51177037 184
3.5224068 5.6444759 0.54245979 190.25
3.5610204 5.7518415 0.57150346 186.58888
3.5779247 5.8932786 0.59898794 177.5
3.5567062 5.9501529 0.5545941 189.5
3.5665259 6.0393238 0.54773343 181.125
3.5249691 6.2742949 0.58298713 170.66667
3.5167518 6.3533773 0.59790218 170.07692
3.5355051 6.0486097 0.60555995 189.33333
3.5329909 6.1556339 0.63191855 161.9407
3.5684679 6.390873 0.64431751 182.5
3.5231273 6.4197211 0.61679751 167.75
3.5494955 6.5726199 0.66612053 172.94983
3.5645263 6.6327491 0.68024731 184.5
3.5533514 6.7198272 0.69843715 174.87878
3.5605268 6.1292586 0.74208206 143.01036
3.5166304 6.3652534 0.72560775 168
3.5444791 6.4302816 0.78673035 135.8125
3.5243025 6.5552478 0.78175271 169.52174
3.5451043 6.8395853 0.74173683 183.86665
3.5640066 6.9633532 0.77388698 183.8492
3.5990562 7.1211286 0.79853016 177.33333
3.5682471 6.4446511 0.81352174 130.625
3.5348032 6.7532082 0.84338319 189.58929
3.5580621 6.8993964 0.86975509 195.25
3.5832872 6.9530435 0.87873262 197.33333
3.542496 7.2622323 0.83192915 174
3.5389988 7.0681453 0.90768445 201.33333
3.6459064 0.06629239 -0.46017596 124
3.6799169 0.13565558 -0.45197737 135
3.6270108 0.28994432 -0.4280422 139
3.653928 0.33045861 -0.42422467 144.33333
3.6752741 0.42333263 -0.40708926 145.83333
3.6419027 0.52989239 -0.39420551 169.5
3.6428449 0.63541377 -0.3731578 170.27084
3.6064928 0.78271073 -0.34480631 171.56667
3.6001375 0.85872251 -0.3354848 190.25
3.676194 0.13076572 -0.20859948 163.75
3.6438012 0.47862831 -0.25791076 170
3.6176841 0.5608108 -0.24168228 177.75
3.6790242 0.68593287 -0.21297976 188.2
3.6348627 0.76520169 -0.22855921 163.5
3.6914012 0.81028241 -0.22499537 121
3.6601579 1.361369 -0.27020288 108
3.6112075 1.499827 -0.24376531 117.5
3.6761246 1.5208132 -0.23776521 125
3.6512029 1.6592941 -0.21354724 130.5
3.6608009 1.7444826 -0.26681805 128
3.6386428 1.8287835 -0.23177421 137
3.6505129 1.9492207 -0.22590753 150.10001
3.6583581 2.0557065 -0.20523551 168.25
3.6730874 0.26397043 -0.19048057 177
3.6704094 0.35914958 -0.17664808 183.25
3.6363113 0.4628031 -0.16212887 191
3.6577001 0.53641427 -0.12313785 169.2381
3.6545842 0.63191813 -0.13644662 182.375
3.6433001 0.76971442 -0.14377004 159.56667
3.6500773 0.84951532 -0.13906543 163.66667
3.6588609 0.94367117 -0.15780377 166.69144
3.6487453 1.0674512 -0.17059612 150
3.6538546 1.1281555 -0.15181898 165.15315
3.6321788 1.2217718 -0.15276088 174.75
3.6392415 1.3831379 -0.13780168 144.25
3.6392348 1.5343904 -0.11995639 160.85469
3.6502881 1.6117078 -0.10786521 151.83334
3.619138 2.1400621 -0.18624462 178.25
3.6631286 2.2678428 -0.15909669 179.2
3.654022 2.3745108 -0.13944951 158.61667
3.648567 0.69370651 -0.085704155 153
3.6439681 0.76597828 -0.073304392 160
3.6515827 0.8709951 -0.084843919 151.95557
3.6735892 0.96572661 -0.096580923 154.16666
3.6087143 1.1569482 -0.078680545 159.5
3.6639302 1.3238541 -0.097063176 181.90909
3.649044 1.4239022 -0.052134603 161.38245
3.657984 1.5676074 -0.048688337 178.18182
3.6364474 1.6765848 -0.038816758 156.96667
3.6367867 1.7431079 -0.070473127 157.48001
3.621043 1.8581401 -0.054082751 153.31473
3.6356797 1.9604654 -0.068332948 160.625
3.6528285 2.0764251 -0.039417282 144.175
3.6514559 2.1008239 -0.052194759 130
3.6884718 2.244288 -0.016417069 142.7
3.6326456 2.382916 -0.018310141 136
3.6202023 2.5031846 -0.0047261347 135.33333
3.6463108 2.8461947 -0.030786477 177.65942
3.6491914 2.9312053 -0.009851356 182.92
3.6699004 3.0201659 -0.064749785 197.16666
3.6613042 1.8558353 0.0005416387 160.66667
3.6519639 2.0378582 0.028486211 175.2
3.6331642 2.2073936 0.062226631 186.07692
3.6708286 2.3022532 0.070883751 189.85715
3.6458602 2.4480002 0.013631637 146.66667
3.6527276 2.5648007 0.025790898 143.75
3.6525817 2.6558719 0.026320588 140
3.6688673 2.7676127 0.037356552 164.33278
3.6530366 2.8876944 0.031431001 170.185
3.6672306 2.9855542 0.047015745 173.48148
3.6733687 3.0756586 0.050325993 185.71429
3.6427255 3.1643703 0.06814836 189.10556
3.6681519 3.2602577 0.046703357 190.60001
3.6840067 3.382679 0.061982702 182.33333
3.6700313 3.4339726 0.061153524 176.1875
3.6617787 3.5449173 0.083515227 185.11281
3.6226678 3.6487601 0.095330566 181.875
3.6565583 3.7696893 0.016277818 197.75
3.6993554 3.8486552 0.025710505 196.39999
3.6136594 3.9547901 0.052849319 192.2
3.6390235 4.0529656 0.068996802 191.33333
3.6790226 3.5716915 0.12120748 181
3.6452866 3.6336243 0.14030062 192
3.6442261 3.7614 0.156775 182.58888
3.6381414 3.8417051 0.17096876 192.07143
3.6809342 3.9186127 0.19056807 188
3.6775718 4.2877736 0.19865991 165
3.6758277 4.0213065 0.20078711 190.15909
3.6398017 4.1267753 0.22084014 193.875
3.6331353 4.208159 0.23804486 188.5
3.6367705 4.3484769 0.25694814 182.00282
3.6413841 4.4264917 0.25065917 167.70589
3.674557 4.5457797 0.27611539 169.76315
3.6524901 4.6583824 0.28054848 178.38075
3.6838834 4.7258134 0.2986027 190.85715
3.6554484 3.9337728 0.34381822 151.16667
3.6648495 4.4893665 0.30840477 193.375
3.6145554 4.6422482 0.31714413 183.27777
3.6535857 4.7405224 0.34795624 182.06906
3.6402245 4.8516455 0.34307301 177.65572
3.6696243 4.9367714 0.36429662 183.24393
3.6485965 5.0599499 0.34922707 169.72223
3.631943 5.1960721 0.36759952 172
3.6625173 5.2552056 0.38024351 171
3.6966307 5.327435 0.38449603 164
3.6195192 4.6246381 0.46132523 158.5
3.6534948 4.7776885 0.42365193 155
3.6559515 5.0331759 0.40211239 186.89474
3.6244628 5.1609035 0.42776924 169.46249
3.668951 5.2002978 0.4340955 198
3.6397021 5.338347 0.45817786 177.25
3.6271975 5.4406676 0.4436017 161.5
3.6177461 5.2857461 0.54347068 130.93895
3.6439154 5.3412771 0.54637384 145.24432
3.6207955 5.5272679 0.50494111 180.5
3.6248515 5.6533747 0.54049778 188.77777
3.6556747 5.7632847 0.57015753 185.66667
3.6766987 5.8923802 0.54965192 180.375
3.6659954 5.9605026 0.54901296 190.17856
3.653343 6.0602121 0.54679483 180.86111
3.6621127 6.1883001 0.56872714 181.21428
3.6567268 6.2694855 0.57875443 178.83334
3.6511462 6.364583 0.59579027 178.71213
3.6525586 6.0809884 0.6130442 182.34999
3.64236 6.1714048 0.61947697 172.05713
3.628691 6.2575397 0.64039892 196
3.694067 6.370307 0.66866839 194.5
3.6381004 6.4562349 0.63688278 185.127
3.6313915 6.5535388 0.67096907 178.26025
3.6426983 6.6312056 0.68644744 183.89285
3.6378651 6.7407837 0.69333786 183.85625
3.6744673 6.8183947 0.69109261 195
3.6281235 6.1218166 0.739308 158.58334
3.6400797 6.4335895 0.7386899 169.85376
3.6290655 6.5789862 0.76998812 174.30556
3.6491101 6.8361259 0.73852414 185.12218
3.6499922 6.9825087 0.76848137 184.39999
3.6416571 7.0725031 0.78404433 189.78889
3.6172216 6.4690781 0.83794856 145.5
3.6277425 6.7443867 0.8302542 188.97025
3.6712682 6.842236 0.85533744 193.57143
3.6982055 6.9530215 0.87044013 198
3.6404274 7.1975164 0.81471515 174.5
3.6502037 7.256886 0.82149678 188.83333
3.6141984 7.4468865 0.86800832 157
3.6513374 7.0844154 0.90465599 203
3.7851353 0.044999767 -0.45665321 124.66666
3.7482829 0.23579548 -0.43362519 142.83334
3.7799118 0.34389862 -0.41617152 147
3.7703681 0.42688203 -0.4041445 149.75
3.7523263 0.53278601 -0.37732181 153.66667
3.7347019 0.65985018 -0.36630186 163.66666
3.7946625 0.74506193 -0.33794862 169.33333
3.7438858 0.56110692 -0.23066418 141.5
3.7497027 0.68070602 -0.21272108 146.875
3.7615418 0.70670718 -0.20589817 114
3.7687404 1.257109 -0.28831911 118
3.7128265 1.3848603 -0.26073021 114
3.7524858 1.4031001 -0.25563332 120
3.7331419 1.5393008 -0.23268123 136
3.7430158 1.6782155 -0.21094109 147.66667
3.7527983 1.8465267 -0.24565466 137.125
3.7811096 2.0187466 -0.20895042 156
3.799232 0.1766994 -0.18094867 166
3.7825773 0.27555105 -0.1674446 175.5
3.7673686 0.38331899 -0.15816529 186
3.742619 0.49424517 -0.13189884 190
3.7326331 0.67282528 -0.14233249 159.91177
3.7353904 0.76620287 -0.15229636 181.68333
3.7229319 0.85738903 -0.17815198 162.21666
3.7650959 0.95861763 -0.16340554 169.79167
3.7570279 1.0416955 -0.13942051 188.375
3.7223201 1.1395868 -0.13421486 183.92778
3.7531559 1.2284266 -0.12501729 166.5
3.7743788 1.4657412 -0.11959872 142.66667
3.7316997 1.5993061 -0.12256576 127
3.7968428 1.6292211 -0.1131629 135
3.751116 1.8120023 -0.19798087 161
3.7265136 2.1614382 -0.17757446 173.39999
3.7231314 2.3282628 -0.1383476 176
3.7695329 2.5597866 -0.15925623 177
3.7155907 2.6429479 -0.14576896 176
3.7572351 2.7966273 -0.11403484 194.66667
3.7450523 1.0241108 -0.077881269 156.66666
3.7510929 1.1400654 -0.047692232 151.6875
3.7709723 1.2548395 -0.070518047 170.72414
3.7580144 1.3435529 -0.065343618 176.49074
3.733803 1.4677423 -0.058892939 173.47223
3.729301 1.5405486 -0.041228686 166.18739
3.778939 1.6520386 -0.082029127 150.375
3.7572856 1.7272537 -0.071514994 152.85715
3.7232437 1.8615338 -0.05583657 155.20634
3.7088423 1.9716216 -0.065842994 124
3.7650552 2.0184708 -0.045066863 140.22223
3.7496672 2.1397297 -0.023516463 145.70834
3.7388418 2.2925415 -0.020804066 141
3.7119932 2.4073563 -0.010317755 138
3.7881396 3.0511489 -0.042233907 193.71428
3.7466326 3.1417985 -0.047566 194.60001
3.7946041 1.4886746 0.07549946 139.52942
3.7780051 1.5591227 0.021593915 156.60001
3.7509384 1.6080052 0.0056331726 177.71428
3.78738 1.7824514 0.0011921006 156.7
3.7402561 1.8009036 0.0026488106 158.83333
3.7403762 2.069241 0.039747391 176.03726
3.7242048 2.1809111 0.060421757 182.7619
3.7516429 2.2725413 0.072676353 188.44444
3.7403693 2.3466268 0.041817889 170.39999
3.7600522 2.4420984 0.016396357 152
3.7399693 2.5433681 0.018787503 145.7
3.7467673 2.6498206 0.033707593 148.33334
3.7603004 2.7491572 0.046357542 180
3.7478807 2.8436325 0.04587435 183.66667
3.751106 2.9554319 0.0076711788 189.5625
3.7640796 3.0522304 0.077436969 180.08913
3.7490935 3.1602676 0.02936946 184.58333
3.7486827 3.2478812 0.062191583 193.69444
3.7714107 3.3494418 0.076209217 176.08333
3.7481992 3.4807513 0.074260205 177.42857
3.7693348 3.5420632 0.086880364 191.3125
3.7652776 3.8069463 0.013321255 200
3.7596984 3.9171305 0.030647278 197.33334
3.7051849 4.0319691 0.064276502 194.33333
3.7575576 1.3323714 0.12699449 137.5
3.7921946 1.4612192 0.10823155 130.90909
3.7374144 3.196964 0.11058153 185.69231
3.7191067 3.294476 0.13733676 191.55556
3.7864296 3.4086568 0.14979324 197
3.7892406 3.5164797 0.1193571 185
3.7681665 3.6347513 0.11483061 189.79292
3.7415531 3.721904 0.13821158 186.88148
3.7686327 3.856298 0.16328903 192.31891
3.7284439 3.984509 0.18271409 197
3.7872422 4.0153418 0.19662258 179.03572
3.7733934 3.7991173 0.20325056 178.625
3.7331798 3.877857 0.23063104 182.5
3.7694383 3.9126763 0.23087905 174.33333
3.7342386 4.0590506 0.21789673 185.20578
3.734525 4.16853 0.2287043 185.71111
3.7636261 4.2572041 0.24518663 152.38902
3.7422872 4.3498359 0.23330599 178.52754
3.7468946 4.4578156 0.2710512 160.99185
3.7582099 4.5324206 0.28339839 174.47221
3.7332742 4.6192918 0.28328231 179.6131
3.7578287 4.7190785 0.29304126 185.43333
3.7479291 4.8716469 0.29619098 129
3.7462237 4.4708114 0.32136244 125.35055
3.7152648 4.5600185 0.30466008 161.31905
3.7690451 4.6398177 0.32114577 182
3.7456541 4.7424064 0.32809392 185.63492
3.7554543 4.8173847 0.36177528 191.16597
3.738214 4.9450216 0.37866312 187.68921
3.7415137 5.0453258 0.35778049 183.85001
3.7572079 5.1983557 0.36984411 169.60001
3.7310264 5.3940477 0.39857137 157.75
3.7379549 4.6516457 0.43956727 157
3.7376187 4.7552762 0.46005666 143
3.7261436 5.0960851 0.41945037 177.44444
3.7368486 5.2539043 0.44017604 167.3528
3.7398593 5.3597646 0.48803341 164
3.7494297 5.4544744 0.45844963 164.66667
3.709048 5.5727296 0.51272202 179.66667
3.7515273 5.6841922 0.54098469 183.75
3.7581325 5.7846498 0.56740004 183.93333
3.7334337 5.8802772 0.51737779 192.83333
3.75983 5.9529734 0.55586362 187.49207
3.7570589 6.021842 0.58550328 192.07143
3.7333879 6.1587133 0.57505327 176.42657
3.7604935 6.2579279 0.57783389 182.7
3.7522211 6.3563108 0.59694052 181.45
3.7527924 6.1258802 0.65088505 178.82143
3.7389627 6.2505751 0.64374125 190.22223
3.7534435 6.3521724 0.62687725 167.49242
3.7550495 6.4674163 0.65566486 181.50008
3.7416992 6.5467539 0.6461401 178.90811
3.734514 6.6917095 0.6981442 177.39394
3.7455492 6.7678638 0.68267447 194.5
3.7268531 6.8846049 0.6846453 195.66667
3.7614846 6.920197 0.69305909 199
3.7378163 6.0401001 0.73226309 133.37723
3.7212851 6.5904284 0.74271053 187.78571
3.7325323 6.6371703 0.71216971 196
3.7546487 6.8418355 0.74045831 187.33334
3.7528288 6.9685388 0.76694512 193.2
3.7970283 7.070528 0.77767962 196.5
3.7182641 7.1099062 0.79129571 174.5
3.7164712 6.3583879 0.87089056 124.68421
3.7432353 6.4159632 0.86282533 175
3.7338715 6.6824098 0.80313975 186
3.7406137 6.7532434 0.8309992 190.16667
3.7718368 6.8301554 0.84289765 193.5
3.7552726 7.0732517 0.89265424 201
3.728868 7.1949139 0.80304307 200.25
3.7727077 7.2438097 0.81364721 182.33334
3.817482 0.14016569 -0.44607401 134.75
3.8872159 0.2312026 -0.40185025 155.2
3.8847158 0.34642786 -0.41000736 150
3.8589861 0.45854256 -0.38493684 156.28572
3.836843 0.57240164 -0.37630931 170.05769
3.8984082 0.18530142 -0.21938975 203.60001
3.8063433 0.37088218 -0.25092462 106
3.86362 0.42831656 -0.23712265 110
3.8185909 0.58034247 -0.21692553 113.5
3.8686254 0.61938953 -0.20403315 120
3.8026085 0.731134 -0.20011447 122.5
3.857512 0.83242869 -0.25353757 137.90218
3.8974066 1.1774099 -0.29733926 125.5
3.8516231 1.307142 -0.27128518 131.33333
3.8544331 1.4485425 -0.23721938 133.5
3.8245895 1.5695585 -0.22651738 153.25
3.8494091 1.6857424 -0.21026428 167.5
3.82634 1.9439404 -0.22024807 145
3.8849604 2.0445724 -0.20006976 152.5
3.8912528 0.31129977 -0.1467381 176.75
3.8580272 0.42290723 -0.13654669 188.75
3.8141267 0.55165929 -0.11521626 188.16071
3.8630712 0.76710606 -0.19205928 132.33333
3.8219442 0.8278808 -0.17056297 139.77333
3.8886178 0.92484927 -0.17129824 156.95833
3.8337979 1.0515697 -0.13294794 188.33333
3.8441474 1.1391721 -0.13469274 165.5
3.8828125 1.324422 -0.12734275 150.66667
3.800436 1.6363798 -0.10167272 158
3.856354 1.8188303 -0.19265544 173.5
3.8539147 2.1394329 -0.17776503 161.42857
3.8012557 2.2562449 -0.15236774 172
3.8740852 2.3431494 -0.12704279 123
3.8400681 2.661732 -0.13686898 189.66667
3.8608718 2.7648761 -0.11589079 188.375
3.872174 0.60691684 -0.096760772 187.42857
3.8659816 0.70644724 -0.087371767 182.5
3.8238358 0.84544933 -0.082478672 175.08749
3.8948784 0.9256584 -0.055208374 154.75926
3.8974178 1.0149422 -0.04899681 173.16667
3.8958445 1.2477888 -0.094624728 191.60001
3.8374486 1.3915116 -0.06836772 189.5
3.8290973 1.4760774 -0.058164556 188
3.8227413 1.5521398 -0.052148368 161.63921
3.8523288 1.6349908 -0.063830182 160.27243
3.836647 1.7428472 -0.067172654 150.71428
3.8271754 1.876047 -0.064205378 146.05556
3.8583133 1.9336411 -0.066207103 131.25
3.8330519 2.0225711 -0.042577449 152.33333
3.8319068 2.2121222 -0.023926403 145.5
3.8005352 2.3203747 -0.012743178 143.5
3.8739152 2.512814 -0.096278012 123
3.8385105 2.8767984 -0.076751955 183.11607
3.8614497 2.9706988 -0.059590977 188.7
3.8468468 3.1480315 -0.041671973 190.11667
3.8023505 3.2663393 -0.021111835 194.75
3.862644 1.7872379 0.0068347123 161
3.8044627 2.1631629 0.064781688 182.25
3.8413403 2.233134 0.031170223 164.30952
3.8233628 2.3239012 0.044104069 169.8
3.8101225 2.4370372 0.00072265055 148.2
3.8260562 2.5298042 0.021861417 155.125
3.8468869 2.6358147 0.024987379 169.47
3.8402231 2.7298877 0.039558828 167.50833
3.8505516 2.8360858 0.039730772 177.74075
3.8393393 2.9321482 0.053767931 189.20833
3.8572068 3.0367701 0.027738309 177.92134
3.856178 3.112977 0.041594189 192.33334
3.8439045 3.2488849 0.051275596 182.83749
3.8499594 3.3439465 0.067680739 182.0125
3.8857861 3.4933753 0.070481479 189.25
3.8451812 3.5972924 0.095418543 173.8
3.8895752 3.6133599 0.095730402 198.66667
3.8084881 3.9974821 0.037090588 197
3.8810754 1.9609563 0.10229836 149
3.844188 3.115432 0.10204607 187.2381
3.8389583 3.2247138 0.12914477 191.88889
3.8538499 3.3544078 0.13245066 189.5238
3.8708036 3.4166629 0.10861226 182
3.8558872 3.5225418 0.12142665 187
3.8420897 3.6511779 0.13393272 183.83333
3.8516629 3.7321892 0.15457545 192.23334
3.8549311 3.853802 0.16720989 193.25
3.8946664 3.9629891 0.17560813 183.26111
3.8603933 4.0470295 0.1732492 182.90833
3.843889 3.9730215 0.22297879 184.3889
3.8391411 4.0621247 0.23867844 188.87778
3.8783066 4.1720653 0.2340091 178.10715
3.8348222 4.263268 0.24920765 160.04716
3.8286812 4.3466473 0.23460232 168.95299
3.8286836 4.4425454 0.25834048 169.17175
3.8528588 4.5166306 0.26544458 175.29926
3.8488977 4.6248574 0.28237107 171.57405
3.8509586 4.7236309 0.29740727 172.83333
3.8499718 3.9512122 0.34028658 152.28572
3.8667924 4.2209215 0.33231655 140.01114
3.8357849 4.4768906 0.37216169 132.92896
3.8700657 4.5340047 0.31818867 163.52536
3.8235691 4.6772232 0.31833398 177.64285
3.8513944 4.7503066 0.32416388 180.52954
3.8490078 4.8548923 0.35758454 188.70172
3.8778605 4.9293246 0.3586804 180.59166
3.827534 5.0428071 0.35831103 178.52777
3.8605731 5.1248813 0.37300646 176.875
3.8673451 5.2324619 0.39403716 181
3.8366377 5.318141 0.38701612 162
3.8865082 4.2441993 0.40184164 167.57143
3.8871548 4.4691601 0.41135579 123.66666
3.8416815 4.9390006 0.42572841 190.25
3.8354375 5.0442986 0.42336327 184.64171
3.8341053 5.2504745 0.45064133 178.33762
3.8631146 5.3890724 0.44458222 165.25
3.8677239 5.4447303 0.48423061 177.75
3.8373358 5.7913547 0.4894453 198.66667
3.8470132 5.8748507 0.49627241 182
3.8152003 5.5625753 0.50258386 176
3.8479619 5.6597466 0.52709073 178
3.8608167 5.7495766 0.55113268 181.3
3.8605385 5.8630118 0.54705083 187.93652
3.8210702 5.9044805 0.56564844 188.5
3.8474913 6.0718203 0.57624972 182.3
3.8453801 6.1684237 0.55920714 186.47778
3.8488183 6.2483592 0.57446307 184.32539
3.8546286 6.3481231 0.59129465 179.13333
3.8853788 6.0688672 0.65781891 170
3.8952394 6.1469979 0.61455953 179.15384
3.8434112 6.2417097 0.64017111 183.5
3.8517511 6.3516512 0.64377296 186.64061
3.8648746 6.4613328 0.63308764 185.24615
3.8531663 6.564836 0.66633826 181.42256
3.8582726 6.744256 0.67010516 197.33333
3.8384819 6.8551722 0.67737871 198.39999
3.8356552 5.9804077 0.72941172 148.5
3.8438487 6.0011239 0.78152877 133
3.8822868 6.4914351 0.79969758 155
3.817328 6.5435238 0.75272185 187.91666
3.8355224 6.6559782 0.73704726 171.87178
3.8429472 6.7651672 0.720456 186.09525
3.8593554 6.8769026 0.75378728 191.5
3.8587487 6.9741812 0.76325172 194.66667
3.8491735 7.016283 0.70511794 203.5
3.8370337 7.1588926 0.79133534 199.66666
3.8499963 5.9401498 0.82023472 134.5
3.826515 6.0146885 0.82619536 123.33334
3.8923509 6.4755621 0.85564446 153.85715
3.8348143 6.7329116 0.81809491 190.7
3.8655005 6.8314071 0.83356464 194.66667
3.8168647 6.941267 0.8598907 197.33333
3.8675535 7.0591221 0.88352895 203
3.8971024 7.124053 0.89966857 200
3.8943853 7.2849765 0.81149858 193
3.8559957 7.3016267 0.83322775 161
3.9354396 0.098809421 -0.44781449 136
3.9384804 0.15411896 -0.40957797 150.60001
3.9610641 0.24310844 -0.41948694 144.39999
3.9811802 0.34723681 -0.4055689 154.16667
3.9682355 0.45901123 -0.38574666 167.08333
3.9459977 0.53487575 -0.37616763 177.71428
3.9329679 0.65901405 -0.36865497 175.25
3.9079425 0.79301089 -0.34673598 160
3.9478447 1.0354012 -0.31195325 140.66667
3.918833 0.19988868 -0.28845096 204.5
3.9367394 0.28151157 -0.24535362 110
3.9838622 0.34309179 -0.22974738 113
3.9664943 0.531551 -0.21182953 124.25
3.9548805 0.86943942 -0.26562107 127.52084
3.9636741 1.2307106 -0.28742459 138.66667
3.9254045 1.3526942 -0.26052359 144.5
3.9715419 1.4402676 -0.22828594 151.5
3.9454587 1.6091169 -0.21698649 177
3.9619482 2.0610669 -0.25299105 134
3.9929895 2.1250646 -0.23988996 143
3.9899509 0.35745513 -0.12365071 175.33333
3.950875 0.44101366 -0.1152214 184.75
3.9191804 0.51269001 -0.11096922 189
3.9095778 0.65160185 -0.18898296 123
3.970577 0.74040508 -0.17829481 123.66666
3.9435115 0.82372254 -0.17719351 150.33333
3.9441411 0.92089248 -0.15676297 165.3
3.9718459 1.052606 -0.15486212 148.71111
3.906137 1.1915154 -0.15784086 114
3.9254618 1.2389746 -0.14069936 141.13333
3.972158 1.3500906 -0.11441032 151.92708
3.9793098 1.7369759 -0.19609079 187.3
3.9769034 1.8264711 -0.18607968 188.5
3.9928625 1.9243786 -0.17073095 186
3.9071088 2.0115075 -0.19686785 146
3.9558117 2.1134591 -0.17933029 153.33333
3.9382169 2.2041907 -0.15663786 115
3.9415891 2.6817465 -0.13061491 184.95834
3.9102972 2.7876055 -0.11002357 186.16667
3.9621935 0.64736861 -0.075791925 189.27272
3.9333882 0.75521934 -0.079484865 152.95
3.9145241 0.83975697 -0.070401013 155.83334
3.9857442 0.95158738 -0.037835922 179.42105
3.9313302 1.0683241 -0.034852341 161.39655
3.9347174 1.1911314 -0.037921634 155.625
3.9438217 1.2830355 -0.042497002 162.88725
3.9249916 1.3811616 -0.06133043 182.84375
3.9872639 1.435582 -0.095506147 153
3.9235959 1.5500661 -0.066884279 163.98674
3.9668732 1.6505578 -0.06348861 143.08333
3.9440401 1.7363932 -0.06219716 169.06046
3.9342055 1.8772792 -0.059762474 172
3.9482036 1.9508449 -0.055687595 177.625
3.9412258 2.024586 -0.045117769 157.33333
3.9460673 2.1637003 -0.022213724 145.89999
3.9161386 2.2651262 -0.013073623 149.2
3.9086142 2.3552396 -0.0017342521 149
3.9954984 2.4864802 -0.0028128868 189.66667
3.958487 2.5707533 -0.057092726 156.81818
3.9796429 2.6134617 -0.076284431 186.7
3.9305918 2.9427874 -0.025249004 156.75757
3.9530151 3.0519495 -0.033357851 184.35715
3.9987266 3.1496377 -0.044603474 181.25
3.9104531 3.2239904 -0.023399791 189.66667
3.9899399 1.6920176 0.00064256199 147.93478
3.9188395 1.7830714 0.0079883663 151.61905
3.9537075 2.2384379 0.020311069 158.5
3.9235811 2.3173933 0.02504003 158
3.9156492 2.4530797 0.02350199 166.17036
3.9330914 2.5516849 0.010045449 178.31482
3.944263 2.6252162 0.035097584 182.0759
3.9570827 2.7517552 0.056095351 181.84094
3.9395256 2.847502 0.048349749 186.38889
3.9707465 2.954448 0.067668013 180.68788
3.9901834 3.0793326 0.012212293 150.5
3.9453564 3.1398914 0.028957924 170.125
3.9661257 3.2905843 0.03555632 168
3.9481118 3.3403888 0.077625662 177.875
3.9811049 3.4233403 0.064887784 167.8
3.9611564 3.5685756 0.088511787 171.3
3.9925969 3.6074483 0.091002233 199.33333
3.9057722 3.9658444 0.021496812 200.33333
3.9536197 2.9941201 0.10866766 196.5
3.9745657 3.0410564 0.10192382 191.46153
3.9548421 3.14627 0.11766177 192.71428
3.9160056 3.2212913 0.12965037 194
3.9532402 3.3480713 0.14980039 197
3.9661458 3.4307055 0.11647702 183.88889
3.9364913 3.537374 0.13564798 181.58334
3.9390302 3.6347029 0.13165791 185.59999
3.9449534 3.7524722 0.16368432 189.55556
3.9518292 3.8529584 0.15151399 191.91759
3.9574952 3.9678812 0.16712114 186.07013
3.94454 4.0694828 0.18713291 182.25
3.9267981 4.1425357 0.17847267 177
3.9914317 3.8512497 0.200409 194.66667
3.9374459 3.9607284 0.22706732 186.45834
3.9661932 4.0576162 0.22503126 184.25397
3.9457779 4.1519909 0.23753913 176.70891
3.9452474 4.2138987 0.26107928 172.44531
3.9408758 4.3499708 0.22904974 170
3.9447541 4.4628758 0.25345868 174.10373
3.966332 4.5611081 0.27422559 179.31458
3.9383931 4.6476984 0.28791285 172.7625
3.9616399 4.7371802 0.28333002 173.08334
3.9444873 4.1789999 0.36063978 146.07951
3.9190047 4.2085009 0.3709535 130.42725
3.9219792 4.5350995 0.32817942 169.6111
3.9569526 4.6408405 0.31090307 181.56482
3.9510643 4.7610326 0.34280118 184.30951
3.9550426 4.8382149 0.34139267 185.21889
3.9457524 4.9341168 0.36201945 187.33928
3.9491901 5.0445299 0.3706803 176.35272
3.9910421 5.1361766 0.36787966 173.16666
3.9463758 5.2371016 0.38575265 173.02499
3.9924409 5.3020582 0.38787681 152
3.949615 4.1734495 0.42557302 137.64008
3.9323518 4.201488 0.42257321 121
3.9275887 4.4848089 0.45629135 134.69833
3.984477 4.5546389 0.48510724 153.33333
3.9327424 4.7073846 0.40469241 146
3.9122446 4.8516235 0.41016859 186.55556
3.9300911 4.9691186 0.41514051 190.575
3.9191391 5.0854645 0.42576984 186.46838
3.9345498 5.1782618 0.42965254 187.25
3.9591601 5.2510042 0.42923364 175.58888
3.9530692 5.3514256 0.44237748 185.68889
3.9213574 5.4404559 0.41648918 141.33333
3.9383733 5.5420346 0.49260262 176
3.9244978 5.717114 0.47140095 199.5
3.9934249 5.8064532 0.49115631 191
3.9572408 4.4855542 0.5030607 135.5
3.9600098 5.4788828 0.51203847 187.5
3.940691 5.6328812 0.51362759 177.25
3.9537466 5.7487898 0.54149657 183.5
3.9341669 5.8377385 0.53852397 188.375
3.9070532 6.0593657 0.53509527 185.2
3.9418044 6.1497116 0.55355352 194.39999
3.9633 6.2367744 0.56570411 188.875
3.9265971 6.3544097 0.59389961 193.7
3.9016249 5.9472752 0.62228835 177
3.9261 6.2543006 0.63034934 179.38887
3.9717143 6.3534937 0.65029466 178.80127
3.9254484 6.4742565 0.63965899 183.52942
3.9573557 6.5403361 0.64846194 180.2
3.9362659 6.608273 0.63544589 183
3.938062 6.7520618 0.6748817 179.25
3.9820623 6.8321047 0.6664899 200.66667
3.9402633 6.9403162 0.69087893 201.5
3.9311099 5.8558784 0.74765092 163
3.9387636 6.4721365 0.72032404 175.83334
3.9264717 6.6522455 0.7491408 187.64999
3.9374576 6.7825246 0.72926903 190.16667
3.9606929 6.8504448 0.74313366 194
3.9665616 6.9630418 0.76132226 195.8
3.9101539 7.0656848 0.74658728 195.125
3.9712954 7.1494551 0.75697249 190.125
3.9385335 6.7238579 0.80560333 192.5
3.9779925 6.8426795 0.8248477 197
3.9158435 6.9183855 0.84781188 198.33333
3.9707007 7.006947 0.86857849 202
4.0616479 0.090579517 -0.44097403 133.33333
4.0662899 0.1942769 -0.42316133 143.5
4.071794 0.29044622 -0.41097796 153.8
4.0758705 0.37485987 -0.39750513 165
4.0719543 0.47278312 -0.37930018 176.44444
4.0537071 0.53791404 -0.37538019 180.27272
4.0214849 0.65887439 -0.3646183 173.92308
4.0616784 0.76415765 -0.34718737 141
4.0859313 0.88959295 -0.32627213 153
4.0807586 0.97912812 -0.31240875 156
4.0997739 1.0020719 -0.32280216 123
4.0506115 1.1429782 -0.30359474 138
4.0987334 0.25493038 -0.22974893 119.5
4.0639381 0.44653371 -0.20840549 125.6
4.0253119 0.58997327 -0.20189258 137.5
4.0040221 1.2637342 -0.28450665 150
4.0556951 1.3461245 -0.25627938 168.22223
4.0406542 1.4478306 -0.22071955 170
4.0498614 1.5790367 -0.20809072 187.58334
4.0110197 1.6372327 -0.20837493 191.125
4.0585384 2.260524 -0.21097268 174
4.0910444 0.66200668 -0.13993259 129.5
4.0738564 0.78105378 -0.12458753 139
4.0199842 0.87928188 -0.16262668 138.25
4.0287337 0.96746737 -0.15867671 138.5
4.0472631 1.0769351 -0.15444508 131
4.0439034 1.1708858 -0.14090136 138.125
4.032506 1.2602056 -0.12466603 165.39745
4.0669823 1.3459659 -0.10650675 160.5771
4.0334105 1.4295197 -0.10084821 155.84616
4.0463061 1.5274116 -0.178028 156
4.0850558 1.676316 -0.19586426 191
4.0913706 1.7560846 -0.18580842 189.1875
4.0805912 1.8658154 -0.17290218 186.25
4.022613 2.0725458 -0.17941876 108
4.0616765 2.1146472 -0.16808945 113
4.0034714 2.2609122 -0.1451534 121
4.0324459 2.4493346 -0.10524064 136
4.040658 2.5535071 -0.15340942 186.08334
4.0246172 2.630336 -0.12868266 176.71428
4.060564 2.7665701 -0.11525382 177.8
4.016603 2.8312981 -0.10512949 179.39999
4.0710092 0.42861086 -0.097229563 178.75
4.0473833 0.55243611 -0.084854312 188.38333
4.0620575 0.67817038 -0.054595452 191
4.0476155 0.75972915 -0.068049215 155.42424
4.0211797 0.85342318 -0.062000424 159.40625
4.0262651 0.96617454 -0.044756621 165.56876
4.0450821 1.0467949 -0.041650768 162.66667
4.0354047 1.1542801 -0.040921234 154.33333
4.0707197 1.2620156 -0.020072816 152.125
4.0527639 1.3622673 -0.025674514 167.54314
4.0235796 1.4673096 -0.058607444 166.39999
4.0733418 1.5410708 -0.060878295 162.19139
4.0404348 1.6281524 -0.085893311 168.07143
4.0621185 1.7488745 -0.06893298 155.48485
4.083868 1.8078016 -0.060633894 144.66666
4.0629129 1.9434329 -0.030666213 175.78571
4.0678535 2.022718 -0.037801802 188.66667
4.0462608 2.6515064 -0.042956498 142.75
4.0317998 3.1821737 -0.039408911 180.5
4.0864758 1.6665654 0.011713951 160.78947
4.0385714 1.7712309 0.022940917 146.03847
4.0898743 1.8559078 0.065098129 153.25
4.0181842 2.2518177 0.010713127 159
4.0074806 2.3553424 0.017007621 165.15625
4.0331893 2.4502845 0.034803864 168.16905
4.0460839 2.5609503 0.032758471 180.70445
4.0508037 2.6542828 0.045983195 179.70009
4.0451365 2.7527382 0.063579492 181.24445
4.002512 2.8622136 0.082463153 190.82541
4.0438919 2.9547338 0.073069312 176.11665
4.0286694 3.0154877 0.027352784 166.58334
4.0606346 3.1859665 0.052865908 166.75
4.0348268 3.2396901 0.067846954 176.86501
4.0977349 3.343255 0.052877072 158.5
4.0214634 3.4636884 0.06335146 173
4.0455709 3.5131691 0.081517629 167.39999
4.0960999 3.6215534 0.088900127 198.75
4.0691838 3.7743924 0.092752397 177
4.0440888 1.8749397 0.10381212 123.125
4.0805697 2.8898485 0.10890273 189.85715
4.0523534 2.9612782 0.14697428 139.44444
4.0428257 3.0459018 0.10848284 194.16667
4.0763092 3.1516833 0.12579872 192.7
4.0177107 3.2865708 0.13787511 197
4.0799885 3.3237498 0.10499326 183
4.0628266 3.4442322 0.10809679 176.125
4.0578327 3.5575607 0.13056205 189.875
4.0383492 3.6480696 0.1338367 174.45476
4.0479336 3.7566633 0.13524655 191.54167
4.0544505 3.8724082 0.14570487 187.08333
4.0532613 3.9486661 0.17164327 185.65302
4.0547447 4.0396433 0.1803093 184.97108
4.0435781 4.1077476 0.16729629 168
4.0391173 4.2358384 0.19356175 177.25
4.0168896 3.7841172 0.22577544 137
4.0424123 3.860611 0.20119146 188.05
4.0583105 3.9502289 0.21489248 186.25
4.0521865 4.0612841 0.22968498 186.58667
4.0447783 4.1594887 0.22359259 179.91388
4.0633888 4.2571225 0.22406672 171.31052
4.0369148 4.3580589 0.23598546 178.4738
4.0548158 4.4615951 0.25695789 178.98726
4.0391946 4.5502524 0.26964626 170.25
4.040616 4.648221 0.29078284 177.06429
4.0327673 4.1534758 0.32624274 157.77777
4.0358772 4.550365 0.36324993 163.5
4.0553241 4.6672864 0.31983191 172.60728
4.0375247 4.7529316 0.33223954 182.04736
4.050961 4.8450136 0.35240659 183.97333
4.0555439 4.9571552 0.36175174 185.15666
4.050355 5.0388832 0.37976339 181.35255
4.0671568 5.1916623 0.37069803 150
4.0052223 4.1831627 0.40856391 142
4.0294652 4.5535064 0.44153264 157.60001
4.0793662 4.6317534 0.45105878 147.87187
4.017817 4.9373879 0.41807458 187.33333
4.0234523 5.0505109 0.41673157 187.06471
4.0415606 5.1466002 0.4256357 184.55389
4.0681415 5.2392936 0.45476934 189.38095
4.0522566 5.3366609 0.43863279 177.14204
4.025528 5.4616623 0.45589545 183.16667
4.0783544 5.5638289 0.46249002 169.25
4.0316272 5.6259012 0.44960874 176.75
4.0604992 5.7620664 0.47359055 181
4.0426674 5.497138 0.51271766 191.60001
4.0035424 5.6308603 0.51020646 179.5
4.0609217 5.7126226 0.52879816 180.25
4.0323019 6.015976 0.51716828 171.5
4.0662847 6.1204977 0.53492206 189.66667
4.0458317 6.226469 0.55863053 197.25
4.026804 6.3360572 0.57375759 189.33334
4.0030808 6.4296789 0.58982825 182.33333
4.0489244 6.2437057 0.61836618 187.7
4.0525908 6.3504696 0.63817233 186.66666
4.0340023 6.4610224 0.63412571 187.58791
4.0643005 6.5231304 0.60761309 198
4.039453 6.6366177 0.62840509 187.8
4.0595312 6.7772899 0.66727817 158.25
4.0597587 6.8814731 0.67664164 187.75
4.0147805 7.0037427 0.69876677 185.5
4.0576954 6.4990058 0.75959796 173.33333
4.0361834 6.5086622 0.71069288 179.53334
4.0391231 6.674695 0.71603554 190.28572
4.022285 6.7585878 0.73342919 192.33333
4.0660195 6.8580637 0.73114336 194.5
4.0661082 6.9262142 0.74027556 197.25
4.0481067 7.0488367 0.75093943 191
4.0085402 6.7396245 0.80224413 194.5
4.0481696 6.8545513 0.82064927 198.66666
4.0794415 6.9729733 0.84835738 201.33333
4.041863 7.1287751 0.88963449 196
4.0289164 7.2434602 0.80816174 190.33333
4.1853185 0.11557689 -0.43441579 135.66667
4.1756587 0.21955006 -0.4158082 148.5
4.1689324 0.3053906 -0.40456975 160.75
4.162159 0.38711503 -0.39260423 169.60001
4.1544681 0.47681421 -0.37854755 179.71428
4.1484542 0.56151068 -0.36927176 180
4.1510015 0.68904519 -0.34914857 162.08286
4.1469774 0.75631201 -0.34307843 144.70834
4.1654105 1.0529803 -0.30846569 150.875
4.1490197 0.33990067 -0.21366093 124
4.1437488 1.0556687 -0.29084888 160
4.1626787 1.2568101 -0.2782543 169.575
4.1425076 1.3526487 -0.25235531 176.86983
4.124444 1.4832675 -0.21953291 183.0625
4.1876965 1.5780599 -0.20023419 189.36363
4.1871114 2.2951736 -0.20468955 179
4.1485558 0.55642557 -0.18340912 141.75
4.1687675 0.7352103 -0.15737391 150.83333
4.1409817 0.84963113 -0.14856553 139.84126
4.1533399 0.94677973 -0.14122449 146.45238
4.1643605 1.0295599 -0.12547502 151.46875
4.1272507 1.145799 -0.12720113 168.05554
4.1360192 1.2309991 -0.12476759 154.11111
4.1855955 1.3275303 -0.10891841 167
4.1345086 1.4206367 -0.1080143 173.66667
4.1374822 1.6425221 -0.18044636 180.80556
4.1806931 1.7521851 -0.18561119 186.375
4.1677308 1.8415058 -0.16937622 184.72223
4.1376066 1.9576056 -0.15401901 188.77777
4.1448231 2.077759 -0.13692272 189
4.1100378 2.1699336 -0.16017851 120
4.1925135 2.2619076 -0.14219807 134.5
4.1000619 2.3458283 -0.1945159 184
4.1720343 2.4378707 -0.13519651 167.35715
4.1725783 2.6069345 -0.12193342 181.16667
4.129128 2.7039928 -0.12544239 177.16667
4.1406808 0.5093841 -0.078578122 176
4.1648998 0.66221339 -0.047245927 189.2619
4.1135087 0.79485989 -0.027797081 190
4.1576419 0.86557835 -0.04446356 158.58333
4.1231699 0.95287341 -0.063807882 144.5
4.1506586 1.1330529 -0.04137947 151.83333
4.1659532 1.2329667 -0.025959058 152.25
4.1665134 1.3456315 -0.047612522 161.99107
4.1336508 1.4430088 -0.047268644 165.07651
4.1635756 1.5388827 -0.052467111 168.51234
4.1598659 1.6600823 -0.070429683 154.40741
4.1685109 1.7651191 -0.05792826 155.09811
4.1474671 1.8383725 -0.039843023 151.01704
4.1699486 1.9404267 -0.036947731 164.03107
4.1593127 2.5346353 -0.088194229 147.66667
4.1877985 2.6685853 -0.061415713 150
4.1646209 2.7611041 -0.043451563 146
4.1821623 2.9508357 -0.071674503 162.17392
4.1756005 3.0126688 -0.0019177713 137.25926
4.1245222 1.0287609 0.0061900564 187.22726
4.1291218 1.6473583 0.029209135 135.02136
4.1470289 1.7759349 0.034398984 162.95
4.142611 1.8799255 0.027800092 137.8631
4.1066499 2.1635294 0.053883865 145
4.1128931 2.3578396 0.037485603 161.39584
4.1433644 2.4919314 0.018797085 177.03571
4.1542706 2.5624523 0.0262863 177.57878
4.1798534 2.6849339 0.066771522 161.40279
4.1286645 2.7606676 0.058528688 164.58406
4.1230965 2.8495915 0.053604491 175.875
4.1513486 2.9592977 0.055756506 180.11223
4.1449618 3.0187755 0.058050346 184.52197
4.1592836 3.1392717 0.037438888 162.06667
4.1623173 3.2989428 0.046134647 156
4.132268 3.3116033 0.033912942 149
4.1461658 3.4504483 0.057771184 179.54167
4.1406984 3.557415 0.080742911 184.25
4.1168408 1.9948663 0.10304886 153
4.1881094 2.8656981 0.11527367 185
4.162601 2.9591632 0.13186222 186.60555
4.148417 3.0387163 0.13741186 179.59999
4.1310925 3.1402183 0.13233471 189.25
4.1585293 3.2601209 0.14470594 172.96553
4.193387 3.3439705 0.13779938 154.31667
4.1430106 3.4477487 0.10787725 171.70634
4.195322 3.5755746 0.1004726 160.5
4.1469364 3.6744244 0.15360661 180.86667
4.1549821 3.7311907 0.16464815 172.23846
4.1648955 3.8416061 0.139548 185.31349
4.1418886 3.9576557 0.16060057 184.90857
4.1526661 4.0472174 0.17987907 184.10696
4.1563473 4.1503072 0.18456711 168.16667
4.1507363 4.2370501 0.19380812 184.47501
4.1607637 3.1423521 0.21859771 156.66667
4.1552424 3.2144144 0.25978568 142.70915
4.123702 3.8979144 0.2172724 189.71428
4.1811647 3.9577255 0.20762384 178.80907
4.1490288 4.0539289 0.2233073 177.45398
4.1503472 4.153584 0.22898062 177.4883
4.1657968 4.250392 0.24480693 170.05197
4.1624365 4.3547468 0.23747906 180.02603
4.1712995 4.454627 0.2583546 177.00253
4.1436419 4.5563326 0.27420798 176.31465
4.1593065 4.6171432 0.28127903 182.39999
4.1371341 4.7069511 0.29333314 169.89999
4.1406469 4.5716839 0.30424079 187.55556
4.1490197 4.6536632 0.34087926 170.73453
4.1362691 4.7489409 0.31906033 180.7355
4.1209664 4.8248177 0.34820133 182.04692
4.1400747 4.9437943 0.3719506 186.28703
4.1350589 5.0337663 0.37182289 184.36011
4.1980023 5.1373281 0.38567403 182.52174
4.1421142 5.2597189 0.38289595 139.5
4.1891069 4.5087309 0.46059042 141
4.1721592 4.8812656 0.40446353 190
4.1127138 4.9069586 0.40053901 183.82353
4.1599078 5.0596895 0.43599704 189.5
4.155612 5.1408596 0.42675006 188.0238
4.1721892 5.2477574 0.43463761 185.02023
4.1529794 5.3475165 0.43896812 185.13333
4.1494637 5.4241023 0.45134145 174.2619
4.1636782 5.51372 0.42634293 154
4.1473198 5.7046914 0.46105155 166.33333
4.1866355 4.4988275 0.50088412 129
4.1338468 5.6400871 0.50302231 173.66667
4.1143703 6.038866 0.58986729 168.44444
4.1405578 6.103559 0.53162748 190
4.1368704 6.2186117 0.55064952 179.5
4.1317301 6.3292785 0.56875557 180
4.1331587 6.4381227 0.59045851 179.25
4.1255169 6.1707754 0.63321131 166
4.1541777 6.2192411 0.61470073 193.33333
4.1776981 6.3467345 0.64006758 192.66667
4.1379795 6.4621749 0.66459179 191.16667
4.1439104 6.5407362 0.61133552 190
4.1284194 6.6698837 0.6320774 176.33334
4.156013 6.8274417 0.67499799 152.83334
4.128603 6.9261723 0.68359184 169
4.1594033 6.4312472 0.78608227 142
4.1732411 6.7489252 0.72439402 197.2
4.1362433 6.8429699 0.74099427 196.25
4.1626496 6.9374843 0.74404639 199.5
4.1524591 7.0651169 0.73402375 180.5
4.1356859 7.1330614 0.75369924 176.33334
4.1585579 6.8929534 0.82256418 202.66667
4.1487136 7.055706 0.87092477 195
4.1525564 7.1837564 0.80590469 184
4.1935024 7.2325726 0.81536657 175
4.286818 0.21474324 -0.40993556 146
4.2570968 0.35415894 -0.39320445 166.125
4.2254744 0.49175814 -0.36957878 179
4.2082014 0.57929659 -0.36304229 180.5
4.2290254 0.95583254 -0.32822615 135
4.2707229 0.28125104 -0.20855929 122
4.2326941 1.0858501 -0.29304358 160
4.2220373 1.1610283 -0.29145291 159.33333
4.2669725 1.2542855 -0.26315656 176.80952
4.2538362 1.3837667 -0.23967414 184.64999
4.2247438 1.4574635 -0.22765742 187.1515
4.217483 0.1935793 -0.16636118 179
4.2242084 0.22221032 -0.14033003 167.5
4.2045288 0.43250152 -0.19920257 137
4.2380886 0.5419507 -0.17512722 144.91666
4.2290606 0.66155344 -0.15720585 148.8
4.2836828 0.74724621 -0.13384075 148.66667
4.2577724 0.90524626 -0.106479 151.60001
4.2456388 1.0787581 -0.11799514 167.14999
4.2502475 1.1580406 -0.12071628 158.8
4.2230477 1.260113 -0.10467461 160.25
4.2503462 1.4012755 -0.10363614 183
4.274982 1.5466725 -0.11505268 170.2
4.2581525 1.6121402 -0.18822202 187.30556
4.2609167 1.7446768 -0.18244922 184.69743
4.2324915 1.9454174 -0.14821272 185.48334
4.2039061 2.0457034 -0.13541634 187.85715
4.2296166 2.129267 -0.11775397 187.91666
4.262445 2.3388619 -0.12494051 146.33333
4.2283521 2.4337602 -0.15385604 174.19444
4.2232857 2.5259526 -0.15040308 183.93333
4.2879763 2.6247144 -0.13095254 177.5
4.2162848 0.73334372 -0.080408685 113.75
4.2637315 0.85702461 -0.039419759 162.10416
4.2447295 0.96138537 -0.080025084 145.11365
4.2247891 1.0608056 -0.047113176 146.25
4.2323232 1.1843483 -0.03018094 148.60001
4.26791 1.2852768 -0.053718768 162.25
4.2514167 1.3561515 -0.087676309 175
4.2463522 1.464826 -0.078004971 169.16667
4.2638268 1.563612 -0.071514048 179.9881
4.2683134 1.6507934 -0.059501201 168.36806
4.2677889 1.7426564 -0.047974937 161.23691
4.2253575 1.8526444 -0.04100354 165.23334
4.2807536 1.9538056 -0.034400661 165.79167
4.2275963 2.034277 -0.024211232 167.01428
4.2483368 2.4439535 -0.00071342796 175
4.2598219 2.5430188 -0.081993729 150
4.2965851 2.6261661 -0.068301 155
4.2631302 2.7148523 -0.05154283 162.46667
4.2462974 2.8506272 -0.074609026 166.72223
4.2247047 3.0516043 -0.035708018 148.32292
4.2551689 0.95480978 0.0014728883 188.33333
4.2366662 1.0352811 0.012056709 191
4.2162971 1.4184616 0.0047255028 161.60001
4.2555027 1.5011954 0.01544233 168.57143
4.238337 1.6271113 0.032782916 170.11696
4.2196264 1.7513349 0.040190566 174.73334
4.2084589 1.8826466 0.0050038262 126.53571
4.2183709 2.146328 0.0049713627 151.5
4.232646 2.2452903 0.0054325606 157.46666
4.2177367 2.3306353 0.0093730539 167.16667
4.2201772 2.435158 0.01843676 173.36842
4.256835 2.5320582 0.030210311 171.66667
4.2444687 2.6445909 0.05668544 165.47916
4.2415223 2.7518167 0.050184138 148.3524
4.2490263 2.8606515 0.041641533 176.59999
4.2869349 2.9670007 0.061977737 182.39999
4.2899275 3.0338922 0.058929909 187.53333
4.2630148 3.1318855 0.051648255 180.5
4.2532296 3.2352505 0.028207088 151.83333
4.2415209 3.3550694 0.044738233 160.33334
4.2388654 3.4630482 0.067812808 163.66667
4.2545996 3.5506775 0.082697697 178
4.2473955 3.6669242 0.09263999 198.5
4.2912478 1.9884983 0.18982598 140.5
4.2338338 2.2527006 0.18269095 134
4.2580271 2.4685233 0.1199708 149.5
4.2778769 2.8583446 0.11039448 168.7
4.2984147 2.9423554 0.13771899 185
4.2667789 3.063314 0.13372001 194.1111
4.2126422 3.1815059 0.1153061 199
4.2061505 3.286495 0.19991025 174
4.2447505 3.3608143 0.13750003 146.61111
4.2969522 3.4299715 0.17037022 151.53334
4.2707453 3.5573616 0.13965839 166.89473
4.2559562 3.6343303 0.14763255 177.11743
4.2451286 3.7385373 0.17097595 176.76471
4.2610073 3.8414783 0.14783616 188.08696
4.24158 3.927315 0.14949362 183.21288
4.2821174 4.0479064 0.18293275 182.1348
4.2354546 4.155457 0.18339851 179.85713
4.2488856 4.2459249 0.19545805 190
4.2938628 2.3046443 0.22026475 131
4.2580404 3.2407284 0.20264979 143.89999
4.2407188 3.3554358 0.25928989 149
4.2163091 3.8531935 0.2051298 189.3
4.2713666 3.9178479 0.20557678 168.76666
4.2668757 4.062573 0.22214915 172.04761
4.257391 4.1485624 0.22623609 178.73756
4.2429495 4.247571 0.25057846 171.71721
4.2619224 4.3441439 0.24404359 177.86336
4.253624 4.4627056 0.25723642 177.79433
4.2469273 4.5509472 0.27698773 179.71875
4.2716541 4.6380506 0.28487048 175.71307
4.2497458 4.7318292 0.29216108 155.33333
4.2537174 3.3604772 0.32291532 129.33333
4.2497621 4.1840539 0.39990053 158.8
4.2327094 4.2087283 0.34324998 167.33496
4.2531848 4.4887686 0.35997602 165.65953
4.2429161 4.5329456 0.33181128 170.45535
4.257401 4.6390791 0.32146677 178.83464
4.2361312 4.7519426 0.3369025 176.72163
4.2238154 4.8515401 0.32790357 173.77382
4.2366986 4.9409995 0.36096638 180.27583
4.2216487 5.0487676 0.37727806 184.42627
4.2658796 4.1754351 0.41783932 155
4.2334156 4.4903455 0.47465026 163.33333
4.2254891 4.501143 0.44390771 158.5
4.2478456 4.8409953 0.40052733 186.5
4.2467394 4.9673238 0.41239849 189.18518
4.2428207 5.070817 0.42149991 193.18889
4.2479229 5.1716251 0.42965949 189.23334
4.2633333 5.2716393 0.44084272 177.47778
4.2510624 5.3418212 0.42820469 163.34525
4.2805729 5.4940305 0.44997397 156
4.2370982 5.5374269 0.46713045 162
4.2402587 5.6432629 0.44537166 152
4.2686696 5.9410172 0.50004816 161
4.2728534 6.0729971 0.51687777 158.25
4.2748141 6.2007022 0.54157972 170
4.2562895 6.3335581 0.56213146 157.33333
4.2427139 6.456634 0.58465564 161.5
4.2892923 6.2976646 0.64240915 168.88889
4.2935734 6.3373637 0.62805027 196.25
4.216114 6.4735446 0.66242582 194
4.2193079 6.560081 0.60592234 176
4.2327504 6.6917663 0.63355488 168
4.2276373 6.7223372 0.64142758 149
4.2438436 6.5640054 0.71473682 186
4.2768469 6.806952 0.72917616 196.5
4.2530909 6.9263797 0.75549394 192.5
4.2820301 7.1251893 0.77748615 174.33333
4.2516479 6.9809828 0.84401166 193
4.3124876 0.82116497 -0.34829837 117.5
4.3570933 0.92322564 -0.32902077 136.25
4.3960695 1.0127374 -0.31029862 160
4.3948154 0.21623781 -0.20068035 126.5
4.3481421 1.0720866 -0.28935122 167.95834
4.3635917 1.1423815 -0.27988833 176.49722
4.3396087 1.2095598 -0.25689319 175.30556
4.3396764 1.3460264 -0.23876211 183.56667
4.3543172 1.4508976 -0.23085476 184.48334
4.3015137 1.5013046 -0.20505275 187.60001
4.3177919 1.9746921 -0.2012783 114
4.3034358 0.35628238 -0.19670327 132.66667
4.3457127 0.4568553 -0.17494176 141.60001
4.3088484 0.61164397 -0.15802853 149.33333
4.3947659 0.72877258 -0.11999774 150.66667
4.3724728 0.81980985 -0.11499345 155.2
4.3205976 0.93040967 -0.13652121 142.2
4.3308668 1.0225182 -0.12321495 152.25
4.3688936 1.1272347 -0.12815097 154
4.3548169 1.5358121 -0.18410052 185.11765
4.373179 1.6496109 -0.17708197 184.88936
4.3301034 1.7405647 -0.18421768 178.03366
4.3009338 1.8357753 -0.16910346 179.63637
4.3562741 1.9233294 -0.15506335 176.93333
4.3442869 2.0535064 -0.16410418 141.35713
4.3948197 2.1184089 -0.16685563 133
4.3454103 2.4308169 -0.10571609 152.66667
4.3558817 0.78294623 -0.067295209 115.5
4.318593 0.84478241 -0.059880923 124
4.3605537 1.0610864 -0.038586464 137.85417
4.3636742 1.1901723 -0.018659404 140.2
4.3699155 1.284181 -0.094969749 167
4.3441119 1.3843185 -0.080863975 173
4.3084745 1.4833163 -0.076588385 180.64285
4.3431215 1.5281283 -0.0763034 188.85715
4.3721457 1.628355 -0.059546474 184.20238
4.3648505 1.7402486 -0.047368754 162.9861
4.3636198 1.8449807 -0.033979047 164.79167
4.3335991 1.9054732 -0.019394338 165.22223
4.3070726 2.0441275 -0.016968019 166.78571
4.3166666 2.237962 -0.001979901 164.41667
4.3109164 2.4094048 -0.0015294803 167.5
4.3681231 2.5357451 -0.079844609 155.33333
4.3671775 2.6288056 -0.062554792 156.54546
4.3908014 2.7295737 -0.044822395 168
4.3434238 2.8543847 -0.066214301 167.64444
4.3622799 2.900403 -0.017779572 175
4.3415999 3.1226938 -0.0023297588 154
4.3228798 1.3572286 0.00037123353 149.83333
4.3469582 1.4497552 0.012241929 154
4.3727293 1.5345093 0.02365322 163.5
4.3255239 1.7475491 0.054886308 171.16666
4.3822322 1.9864687 0.075164996 133.39999
4.3986163 2.0269601 0.0073711597 148.86667
4.3286309 2.1603885 0.001809434 153.22223
4.3028026 2.3293667 0.0026342082 174.23529
4.3629694 2.5274606 0.027976019 153.25714
4.3564272 2.6315129 0.044442907 156.24713
4.3340797 2.7542162 0.053252399 154.4375
4.3574476 2.8815272 0.053093214 190.66667
4.3370047 2.9803045 0.070189111 194.45139
4.3854899 3.0406177 0.048103787 187.52777
4.3417478 3.2672341 0.030310893 166.66667
4.3473401 3.3737659 0.071041711 169.875
4.3021507 3.4363298 0.036797538 197
4.3514366 3.5574667 0.071779959 189.25
4.3138885 2.2843084 0.14110522 142
4.3302031 2.416507 0.17443368 125.58334
4.3499384 2.544641 0.18743172 127.79683
4.3477278 2.7873385 0.10160664 159.375
4.3714151 2.8291929 0.11088485 158.23529
4.3486595 2.9284925 0.13057935 181.5
4.3465228 3.1529729 0.10202024 181.85715
4.3477907 3.2419875 0.11183993 177.57639
4.3539419 3.3403764 0.11754398 177.18182
4.360332 3.4931211 0.13417429 168.76923
4.3479252 3.5423107 0.14242657 166.30556
4.3089533 3.6378653 0.14789841 179.83334
4.3396492 3.7636287 0.14434174 194.61111
4.3376403 3.8644023 0.1672751 182.74475
4.3521528 3.9495199 0.16340464 185.81889
4.3615041 4.067019 0.18532491 161.6875
4.3413844 4.1470904 0.18913998 167.95238
4.307179 4.2555928 0.19393449 187.5
4.3329458 3.9493933 0.21173331 164.52606
4.3615241 4.0574632 0.2322084 171.629
4.3790836 4.1325464 0.24217732 180.81389
4.3555408 4.2389398 0.23193966 166.20746
4.3429852 4.3619604 0.25757813 192.23889
4.3478169 4.4745827 0.26291114 175.3781
4.3349376 4.5544028 0.27289337 186.72916
4.333528 4.616559 0.28947401 161.72728
4.3438354 4.7417626 0.2978906 161.125
4.3691764 4.1509142 0.35365194 123.02976
4.3542132 4.233551 0.33270225 129.7485
4.3467832 4.5407147 0.35664177 159.20633
4.3645897 4.6481667 0.3200843 173.31995
4.3573728 4.7714787 0.33710551 183.56842
4.315124 4.8482537 0.34245217 176.25597
4.3489208 4.9647951 0.36560085 182.31482
4.3235273 5.0649886 0.38126528 181.51901
4.3138647 5.1633568 0.39701194 173.71875
4.3753028 4.8979154 0.40214524 187.85715
4.3266063 4.9662895 0.40658802 186
4.3450279 5.0548229 0.42627755 189.13335
4.3776507 5.1543746 0.42354301 179.2
4.3621211 5.2676501 0.43395287 173.69792
4.3259368 5.3532858 0.44356021 175
4.337791 5.9163451 0.48983163 149.5
4.329967 6.0585227 0.51899374 151.5
4.3462691 6.1923313 0.53822064 159.5
4.3512964 6.322999 0.56078434 158.5
4.3355756 6.453824 0.58460999 157.33333
4.3985171 6.1085443 0.66776341 126.25
4.3664875 6.2149372 0.6287517 156.625
4.3251619 6.3342962 0.65003711 169.44916
4.3137112 6.457274 0.6541748 196.23334
4.342092 6.5973716 0.69402587 184
4.36271 6.7397285 0.63402694 154
4.3801517 6.8629513 0.73854327 182.25
4.370491 7.005219 0.78083503 158
4.3109107 7.0406027 0.85322374 186
4.4612231 1.0760485 -0.28358534 177.48077
4.4718866 1.1254121 -0.26282698 180.67999
4.461031 1.2509432 -0.25319961 186.65277
4.4232159 1.3422068 -0.23259449 184.5
4.4478269 1.426574 -0.2205434 185.2
4.4321389 1.5731266 -0.21330428 177.30769
4.4230194 0.31372732 -0.1866048 130
4.4590206 0.44289306 -0.16341299 140.2
4.4856024 0.54229403 -0.14182071 144.66667
4.411212 0.61107016 -0.1440953 147.28572
4.4881024 0.75465924 -0.11137742 164.64285
4.4467874 0.86780757 -0.13311422 150.21429
4.4544811 0.94265288 -0.12670283 160.07692
4.4918423 1.0742422 -0.12548764 156
4.4075532 1.2267299 -0.11060122 176.5
4.4611549 1.6699404 -0.16024403 169.23685
4.4271212 2.0257881 -0.13428928 174.45834
4.4517512 2.2269752 -0.14605995 147.5
4.4683852 0.87989157 -0.051970758 119
4.4157324 0.94708312 -0.04590999 125.66666
4.4566097 1.0981975 -0.024743691 132.75
4.4958439 1.1469549 -0.07449118 146.28261
4.4217143 1.2809377 -0.001495739 135.5
4.4267492 1.341174 -0.087954246 174.5
4.4102602 1.4395946 -0.07025931 168.25
4.4138637 1.5179187 -0.06244351 165.75
4.408967 1.6325806 -0.063031428 144.7619
4.4383974 1.7355081 -0.055358794 158.54166
4.4619827 1.8522253 -0.036825422 159.21875
4.4497685 1.9486132 -0.013205872 158.67101
4.4699121 2.0482466 -0.0047129747 154.5
4.4414091 2.1512768 -0.0096261315 144.72223
4.4534655 2.2289038 -0.001899435 171.82353
4.4579964 2.3275256 -0.0019761666 138.5
4.439805 2.5319097 -0.077018917 154.57143
4.4743805 2.6186237 -0.062695786 162.26666
4.4452758 3.043611 -0.014173734 153
4.4672613 3.1236925 -0.04620846 168.71428
4.4177237 1.3507078 0.0059585436 141
4.4148083 1.4092171 0.014685476 145
4.4625435 1.5490582 0.032616589 149.05
4.4242973 1.6655539 0.04318786 162.10001
4.4542289 1.7511821 0.029079238 177.08888
4.4495401 1.8390453 0.030869953 190.75
4.4551854 1.9569678 0.038038895 188.5
4.4245696 2.0461488 0.048258044 180
4.4454017 2.1238732 0.037725005 173.82143
4.4887285 2.2153144 0.032680176 178.2
4.4822435 2.3850787 0.016598027 156
4.4602413 2.4633625 0.02471754 148.43858
4.4615927 2.5498049 0.051943395 151.69853
4.4507418 2.650712 0.050839975 157.24115
4.4239454 2.7260296 0.058667213 155.4375
4.4557533 2.8946555 0.039634146 176.45834
4.4513307 2.9815044 0.065492608 186.28096
4.4803696 3.0686169 0.077103458 182.68182
4.4362597 3.1634872 0.04279761 179.55
4.4086528 3.2648392 0.071113586 180
4.4442139 3.3443854 0.057751726 175
4.4381294 3.4392009 0.044705927 182.375
4.4347043 3.5270946 0.067477606 184.44444
4.4719548 2.9352438 0.15128809 182
4.4946742 3.1713529 0.10981439 181.53847
4.485466 3.2499459 0.11252944 179.33333
4.4680376 3.3455796 0.12112513 177.27272
4.404932 3.4738417 0.11181335 201
4.4471164 3.5254581 0.14346841 167.42188
4.447526 3.6574595 0.14969821 194.72501
4.443388 3.7557952 0.18026242 191.16666
4.4351578 3.8343313 0.1601367 185.86638
4.461606 3.9468243 0.15151271 191.75
4.4539843 4.03865 0.16955759 170.7
4.4137263 4.2408185 0.18837903 182.38571
4.4878397 3.1820195 0.23021138 183
4.4573836 3.2100844 0.27804768 146.5
4.4265914 3.889559 0.20377447 168.35715
4.4366946 3.9525599 0.21051206 177.17265
4.4834666 4.0572386 0.23358382 178.55342
4.4646955 4.1495657 0.24705628 181.50282
4.4730716 4.2571111 0.25792333 188.27922
4.4417171 4.3639007 0.24440904 182.02083
4.4451685 4.4613934 0.25533628 177.54381
4.4321914 4.5616145 0.27816153 191.14999
4.4330335 4.6331048 0.29223368 171.14999
4.4852433 4.054903 0.3788386 131.75752
4.4358168 4.1263447 0.35812929 154.25
4.4433885 4.5353866 0.31524327 171.89865
4.4619927 4.6291327 0.32272908 169.7838
4.4558268 4.7540898 0.33285862 172.11037
4.4284916 4.8594403 0.35474592 175.2379
4.4328346 4.9322867 0.36662358 169.9375
4.4564066 5.0447731 0.37744483 173.56482
4.4243288 5.1519494 0.38731796 166.4359
4.435636 4.1705556 0.43653619 136.5
4.4292111 4.9534941 0.41179249 189.66667
4.452435 5.0423193 0.42270952 187.60416
4.4647441 5.1455779 0.43901902 175.16667
4.4747391 5.2502289 0.41233531 168.19444
4.4101419 5.3293614 0.48489696 161
4.4364395 6.0234957 0.68496609 135.74615
4.4690409 6.2694993 0.63297606 169
4.422545 6.3813066 0.6512168 179.41666
4.4149647 6.4688582 0.6799109 177.52856
4.4421916 6.6272922 0.68577743 176.5
4.4373255 6.5269499 0.71429431 179.99457
4.4824452 6.629765 0.74536359 188
4.4676838 6.9075356 0.75356269 165.66667
4.4518018 7.0537219 0.81162047 128.5
4.5879278 1.0594735 -0.25495842 186.83333
4.5714831 1.1480253 -0.24626301 187
4.5494671 1.2436098 -0.2283227 187.85715
4.5363393 1.3420333 -0.22736064 186.73376
4.5426655 1.4646122 -0.21947417 182.35858
4.5630331 1.5122279 -0.20203456 193
4.5356612 0.23459244 -0.17476778 125.66666
4.5512948 0.32818523 -0.16610646 133.75
4.5667758 0.44543689 -0.14283036 141
4.5580192 0.55401868 -0.13449644 147.71428
4.5589032 0.66782397 -0.11184944 159.07144
4.5863085 0.75520492 -0.10665203 176.14285
4.5568442 0.87153387 -0.10521763 175.17647
4.5211587 1.1949617 -0.10578035 175
4.5011826 1.5492053 -0.1983635 191.66667
4.5915251 1.7445266 -0.17567053 162.52632
4.5546141 1.8319843 -0.16430512 164.13635
4.555522 1.9645683 -0.14207502 168.5
4.5931482 2.2997031 -0.13179694 157
4.5002141 2.3179719 -0.12548392 154.39999
4.5341573 1.0373627 -0.066339277 140.89215
4.5773754 1.1549737 -0.034899659 138.68182
4.5054178 1.2181761 -0.0065919952 129
4.5372214 1.446761 -0.070303887 188.4861
4.5564475 1.5439105 -0.052489515 184.41667
4.5527349 1.6732786 -0.03342022 177.44444
4.5225792 1.8499148 -0.027189299 161.5
4.5443554 1.9565008 -0.0099712098 163.78571
4.507328 2.0485187 -0.003016294 164.25
4.572917 2.4513526 -0.088322558 154.91666
4.5395555 2.9614563 -0.029757075 122
4.5640697 3.0193157 -0.040424109 157.45834
4.580502 3.290509 -0.0082805399 175.28572
4.5104065 3.3080893 -0.0045724278 175
4.5522099 1.3295935 0.014701194 132.70833
4.5319486 1.4673241 0.028910553 138.16666
4.5586362 1.5844948 0.022593869 157.41666
4.5564423 1.6853812 0.041696403 160.5
4.531888 1.7526462 0.053634822 165.43333
4.5605302 1.8825351 0.055405602 191.25
4.544076 1.9859942 0.057204776 189.25
4.5380464 2.0550749 0.024293926 172.4881
4.5715275 2.1589522 0.03885382 178.69565
4.5347781 2.2471566 0.052668478 182.09525
4.5612845 2.3569047 0.070684701 167.05952
4.5779362 2.4727962 0.07901942 189
4.5479331 2.5488458 0.080249779 155.4762
4.5362549 2.6602159 0.063486032 151.97302
4.5540318 2.7563798 0.064554855 146.25
4.5769329 2.8364477 0.095696591 156
4.5901647 2.9709055 0.050934263 188.19444
4.5972977 3.0720859 0.074799091 190.33333
4.541152 3.1561592 0.02805151 175.76111
4.548636 3.2678001 0.043529022 180.06667
4.5575891 3.3664742 0.011351545 180.97058
4.5347247 3.4420428 0.086297251 186.14285
4.5533175 3.5505285 0.065896049 183.90477
4.5490828 3.7363899 0.091963686 199
4.5013561 1.5958339 0.14317699 143
4.5232182 1.7475197 0.15383275 133.70999
4.5824366 2.2673047 0.17151991 130.24359
4.5978374 2.3587201 0.14817417 125
4.598207 2.4862387 0.10805717 125.59259
4.5925241 2.6023188 0.14933059 137
4.5804811 3.1284382 0.12862739 186.96297
4.5832486 3.2599838 0.12392181 180.83333
4.5443649 3.3669393 0.12459297 177.625
4.507122 3.5959213 0.1324129 197
4.5014305 3.6279056 0.13419735 196
4.527113 3.7749677 0.16905294 173.59259
4.515727 3.879519 0.16247995 184.25
4.5741134 3.9474268 0.14720188 194.03174
4.5244884 4.0216227 0.17907222 187
4.5957479 4.195848 0.1928564 177.5
4.5261736 4.2409592 0.18703718 174.09091
4.5175877 3.8681169 0.21076901 167.45871
4.5208983 3.9556849 0.21504195 176.45972
4.5822992 4.0529728 0.22736312 190.5
4.5509892 4.1479745 0.24712907 171.64465
4.5567031 4.2317147 0.20925291 180.06044
4.5377994 4.3295412 0.22413576 178.39999
4.5614047 4.4362817 0.24916603 178.07368
4.5409884 4.5360904 0.27361834 176.13202
4.5545492 4.6589298 0.29542929 171
4.5677762 3.9524255 0.33462474 175.5
4.5289407 4.0342813 0.33871871 169
4.5846725 4.2729673 0.3035154 192.14285
4.5497866 4.3597074 0.30087763 194.5
4.5584798 4.4853067 0.30410138 164
4.5443373 4.5536647 0.32882828 168.6272
4.5362864 4.6746078 0.34025875 184.83139
4.5479546 4.7606874 0.33693802 181.29512
4.5395732 4.8382244 0.34525385 180.3559
4.532269 4.9574866 0.36980429 172.84949
4.5503697 5.0298028 0.37570077 168.375
4.5026879 5.146194 0.38800895 165.45763
4.5186291 4.0304694 0.43805504 128.625
4.547812 4.9568796 0.41541636 189.35001
4.537415 5.0128016 0.41597247 178.66667
4.5522881 5.1222515 0.42549369 175.36665
4.5256839 5.2528181 0.43845543 167.03677
4.544107 5.3232403 0.44926602 163
4.5928206 5.9708624 0.58217704 179
4.5897026 6.2762985 0.64534175 177
4.5285931 6.3776903 0.65635777 171.35715
4.5016961 6.4675102 0.69835311 178.47368
4.5543561 6.5195026 0.66486979 170.25
4.544692 5.9032316 0.75908583 133
4.5832276 6.4851856 0.73048657 160.28
4.5587506 6.585433 0.76708537 144
4.5382099 6.6577353 0.72662103 150.27777
4.5503764 6.7367401 0.79272515 162
4.5690403 6.961328 0.76562774 145.5
4.5640106 6.7567062 0.80455595 160.66667
4.665174 1.0655162 -0.25366247 189.66667
4.6550279 1.1516347 -0.2450674 190.25
4.652442 1.2511936 -0.23395522 191.2
4.628068 1.3574897 -0.22221912 192
4.6042895 1.4375842 -0.21603917 194
4.6707053 0.24295868 -0.16385794 128
4.6721029 0.35219687 -0.14754842 133.5
4.6736326 0.48081928 -0.1280116 142.8
4.660933 0.5884977 -0.11302711 154.5
4.6151123 0.9687053 -0.12361924 151
4.6250935 1.0476831 -0.11681471 159
4.6598816 1.6865023 -0.18421018 161.88
4.6219182 1.7912186 -0.16720478 163.25
4.6457834 1.913865 -0.14422305 157
4.6875348 0.77894169 -0.093514569 178.08333
4.6623473 0.87890142 -0.088483743 173.10001
4.6181517 1.0484543 -0.075530343 147.14706
4.6382961 1.1703094 -0.099496275 176.5
4.6695662 1.2841343 -0.05874623 168.38889
4.640192 1.4425422 -0.039042506 179.05937
4.686594 1.5097598 -0.025029344 177.47917
4.6250601 1.614092 -0.044586912 180
4.6490116 1.7552732 -0.019712638 170.02083
4.6565118 1.8587623 -0.0020669682 174.58621
4.6226683 1.9373566 -0.0074222372 162.5
4.6363173 2.4036195 -0.089024976 151
4.644608 2.5019269 -0.084031805 155.53847
4.6675372 2.7422755 -0.011490935 155.68056
4.6408472 2.8913815 -0.044142965 123.5
4.6902008 2.9653904 -0.048698172 152.3
4.67626 3.1119359 -0.021860849 175.75
4.6453652 3.2089834 -0.023925485 174.89655
4.63592 1.3966432 0.0023085612 143.72223
4.6320581 1.4270679 0.028030401 129.5
4.6586738 1.5990083 0.019565007 174.67647
4.6151252 1.7528117 0.061201327 157.58609
4.6414847 1.8304255 0.04520065 156.31126
4.6472707 1.946532 0.03605717 182.86957
4.6533957 2.0545518 0.067215696 182.60667
4.660501 2.1740441 0.057392381 183.5
4.6311612 2.2571497 0.07524386 179.60001
4.6586733 2.3575664 0.05220345 156.99167
4.6705322 2.4597888 0.076590799 178.05554
4.6383429 2.5192866 0.073242664 179.14285
4.6556478 2.647999 0.085481651 161.0873
4.6221485 2.7718658 0.068975359 148.47917
4.6055884 2.8986008 0.067158461 139.66667
4.6890583 2.9869184 0.07977622 167.16667
4.6640382 3.0550346 0.081798993 184.5
4.6585011 3.2443457 0.032769069 186
4.6420436 3.3617582 0.036082961 181.70454
4.6449461 3.4467614 0.035046626 178.80307
4.6542616 3.5548139 0.066229485 181.47917
4.6550741 3.6404374 0.06154317 182.5
4.6258421 2.0927413 0.15460059 138
4.6840806 2.1545246 0.17279498 159
4.60355 2.411114 0.11070709 136.5614
4.6760998 2.6457617 0.14007156 121.6
4.6301804 2.9317458 0.11587141 176.125
4.6338415 3.0383959 0.13534141 184.75
4.6730728 3.1324379 0.15737365 191.11111
4.65979 3.2537935 0.13468988 176
4.697638 3.6689262 0.16714072 197.33333
4.61555 3.7930758 0.17626467 177.92308
4.6379457 3.8409352 0.19644088 185.72073
4.6800065 3.9303391 0.13636912 192
4.6498532 4.2735209 0.19390875 158.09091
4.6171813 4.3260245 0.19149819 165.5
4.6171317 2.2292492 0.26628989 135.89999
4.6130915 3.8792596 0.21648005 171.77499
4.6424541 3.9739771 0.22568902 182.44858
4.6487002 4.0562372 0.23373234 182.61243
4.6034946 4.1316233 0.22570919 191.5
4.6381421 4.2629328 0.21563418 178.25926
4.6452141 4.3586187 0.2392447 182
4.669786 4.43856 0.24260403 177.41319
4.6491947 4.5266676 0.27729422 168.6122
4.6190729 4.6383238 0.29559401 176.72
4.6632366 4.2520609 0.31237298 192
4.6570964 4.3536315 0.30992147 195.33333
4.6674428 4.4764957 0.33284608 186.44444
4.6064582 4.5371499 0.32881495 176.90173
4.6484365 4.6381545 0.32684463 182.03891
4.6614523 4.7495918 0.34779754 181.3849
4.6383953 4.8272696 0.34747767 179.99536
4.6514635 4.9335961 0.37684008 174.15714
4.6374068 5.057775 0.38758358 168.25
4.6043243 4.8703899 0.40306419 186.84616
4.6757202 4.9208736 0.41216722 188.8
4.641418 5.056674 0.42236602 178.625
4.6664128 5.1269846 0.44011113 173
4.6313453 5.2127442 0.43425918 164.56667
4.6696992 5.3244705 0.47992244 160.66667
4.6968026 5.9020534 0.57475871 154.25
4.6671867 6.0294471 0.5884636 180.66667
4.6417618 5.8508749 0.69972461 149
4.6302261 6.1469841 0.61208248 178.875
4.6372113 6.3635893 0.67771238 148.18385
4.6516199 6.269196 0.74217236 142
4.6683388 6.5594845 0.76652789 156.375
4.63381 6.7026639 0.79403043 159.2
4.6830797 6.1646299 0.89347416 142
4.794971 0.31333339 -0.14040284 133
4.7813902 0.42348331 -0.12407104 141.25
4.7697783 0.52141654 -0.11073038 148.75
4.7605219 0.60543394 -0.10107959 159.8
4.7606297 0.96560943 -0.11204071 153
4.7598295 1.0627961 -0.1038731 165
4.7703409 1.8802323 -0.14432578 154.8
4.7519188 0.34230426 -0.034250561 174.375
4.7105665 0.69175935 -0.093422778 173.53334
4.7741718 0.80141461 -0.087464735 178.60001
4.7516866 0.91955304 -0.070445217 163.09375
4.7215509 1.0194281 -0.068393067 150.88
4.7416139 1.1330968 -0.064462215 157.69305
4.718647 1.2389159 -0.055259276 169.2639
4.7596121 1.3378774 -0.019099159 162.76137
4.7333183 1.4258846 -0.033058442 174.3421
4.7823167 1.5474958 -0.031540006 185.09091
4.7575951 1.6641519 -0.027427718 176.5238
4.7648921 1.7503209 -0.026390079 168.25
4.7397881 1.9172128 -0.0021608721 160
4.7482815 2.9467576 -0.063583441 154.74857
4.7271371 3.0243433 -0.047019593 149.48766
4.7839098 3.1364655 -0.011153367 181.21429
4.7500958 3.2796085 -0.0037420066 182.53845
4.7298021 0.27860197 0.033600319 207.0625
4.7873306 1.5416782 0.024902381 174.20512
4.7614675 1.6437838 0.035847731 178.29411
4.7641335 1.7365322 0.018999713 182.67346
4.7338462 1.8661686 0.038595386 174.73016
4.7489996 1.96415 0.053461824 185.03464
4.7421055 2.0563157 0.040701702 165.16667
4.757287 2.12959 0.043384682 182.18889
4.7669587 2.2433567 0.05835304 183.62199
4.7436976 2.363893 0.058216065 154.03847
4.7432432 2.4430647 0.083005831 179.49167
4.7186117 2.5736933 0.084363014 177.10001
4.7545185 2.6441131 0.075479589 162.48901
4.7367544 2.7372565 0.074797429 143.51695
4.7336888 2.8709884 0.062854171 132.33333
4.7190514 3.1804793 0.016731426 184.75
4.7802992 3.2549939 0.033722978 180.875
4.7512398 3.3728154 0.035406228 183.0352
4.7517099 3.4583259 0.053256266 181.89999
4.7542477 3.540005 0.051385239 176.06151
4.7277679 3.618046 0.065345466 184.73334
4.7841177 3.7184634 0.079938307 163
4.7994871 2.6141841 0.10081124 174.5
4.7350574 2.8719435 0.10817917 173.66667
4.7054257 2.9167297 0.11807511 175.97058
4.7504935 3.0179102 0.14271854 186.15384
4.7461758 3.4852524 0.12433543 181.75
4.7539845 3.5723641 0.14449187 185.83334
4.7464261 3.776232 0.1704849 193.8
4.7668538 3.8741219 0.16623256 185.37036
4.7095876 3.9044497 0.19659321 186.64706
4.7078795 4.2967663 0.18327668 165.60001
4.7119422 4.3551593 0.19770283 166.09891
4.7092738 3.8967974 0.2305091 177
4.7986951 3.9850397 0.26560327 185.33333
4.7289042 4.0711122 0.25111625 183.91666
4.7084718 4.2972651 0.21927533 176.5
4.7431097 4.3383636 0.23555371 178.26666
4.7668705 4.4551835 0.24718851 171.18712
4.746387 4.5664387 0.27856112 181.60526
4.722271 4.6729684 0.29654872 175.70833
4.7379308 4.1772695 0.30838433 191.23016
4.7842226 4.2968869 0.32164955 195.75
4.764339 4.4552398 0.32607943 180.64166
4.7319798 4.5801473 0.34433943 182.0625
4.7651939 4.6455493 0.32679203 181.56555
4.7656331 4.7447004 0.35572949 181.36116
4.7370334 4.8467503 0.35858145 175.25999
4.7857962 4.9857235 0.37186506 163.33333
4.7277265 5.0036411 0.39716953 171.8
4.7522702 5.1148834 0.39619038 161
4.746119 4.8735185 0.40459657 186.39999
4.7547507 5.0556107 0.42274851 174.89999
4.7475095 5.1478634 0.44638643 167.875
4.7921796 5.2814016 0.46512163 159.75
4.7267475 5.3348207 0.44339111 167.49883
4.7468848 5.4459119 0.47114643 173.36484
4.7948337 5.5233102 0.50650185 180.375
4.7997766 5.6143379 0.53982931 165.2
4.7403283 5.8180618 0.58708745 129.94118
4.7512512 6.0370321 0.59739107 184.66667
4.7564845 6.1351547 0.61904919 185.375
4.7505832 6.2493677 0.64619642 181.92857
4.7537093 6.4374971 0.73080766 157.85715
4.7620721 6.589952 0.76226181 159.5
4.7155042 6.6628809 0.78594786 158
4.8817225 0.46441129 -0.10299173 142.66667
4.8599911 1.8493981 -0.14488854 163
4.8622189 0.5479908 -0.096956618 154.60001
4.8403754 0.63404846 -0.086494729 163.75
4.8586121 0.73426437 -0.068909459 176.375
4.8798857 0.83903074 -0.058736961 178.17392
4.8300524 0.94494522 -0.04762464 158.25
4.8017235 1.031961 -0.055605289 148.63637
4.8664913 1.2364765 -0.071064211 175
4.8193545 1.3425175 -0.0099568283 160.83928
4.8325653 1.4403266 -0.044172987 188.71429
4.8011751 1.7224244 -0.038905632 164
4.894732 2.1163318 -0.099213995 156.11111
4.8575521 2.7619426 -0.060099803 123
4.8627558 2.8696284 -0.047123313 147.375
4.8693442 2.9983847 -0.071596377 119
4.8514824 3.0520058 -0.035666596 160.49339
4.8715487 3.15539 -0.038615752 170
4.8690901 3.2515678 -0.0041665505 184.83334
4.851459 1.4523892 0.016494429 170.07236
4.8826513 1.5626324 0.045606993 177.86363
4.8467817 1.652469 0.059635907 181.40909
4.8545933 1.7490793 0.045592692 188.35001
4.8583846 1.8550365 0.063939847 189.58888
4.851377 1.9574443 0.060790714 186.60316
4.8777795 2.0134387 0.012850166 189.25
4.8738604 2.1532593 0.055861946 187.83334
4.8464346 2.2259827 0.067396723 191.66667
4.8302026 2.3419585 0.066940002 170.67226
4.8388796 2.4470863 0.081893072 165.91919
4.8446741 2.5567968 0.098510094 172.90833
4.8096037 2.6276021 0.09291216 171
4.8011761 2.729187 0.089786045 168.11111
4.8624787 3.1590481 0.013603161 179.72916
4.8147693 3.2928429 0.012001827 186.41667
4.8587475 3.3285344 0.019813534 183.79166
4.8275518 3.4393001 0.039342076 183.625
4.8053579 3.534225 0.053292874 177.60001
4.8712974 3.6373546 0.066763379 165.90001
4.8913665 2.6947033 0.1050128 166.33333
4.8975081 2.7310386 0.10575624 175.04167
4.8062577 2.8421652 0.11476375 175.19354
4.8532248 2.9349601 0.13357742 181.86842
4.8045235 3.1164551 0.16122209 193.36363
4.8581662 3.213129 0.16205379 197.25
4.8198228 3.4313097 0.14080992 172
4.85811 3.5570974 0.14798467 183.44444
4.8345513 3.6277699 0.12617837 197
4.8450637 3.7247615 0.17793803 186.03333
4.8367362 3.8615074 0.13796698 171.5
4.8504214 4.1910806 0.18822084 168.89999
4.8763866 4.247282 0.17546515 166.70653
4.886939 3.7775481 0.20866352 188.09091
4.8534284 3.92413 0.2230422 188.25
4.8476558 4.0395942 0.25309467 191.14285
4.8054552 4.1016173 0.29374871 190.28572
4.8369422 4.3544726 0.23836492 177.90909
4.8503761 4.4642944 0.24877447 167.80978
4.8271985 4.5625339 0.27864295 180.91666
4.8662357 4.2608867 0.31838182 196
4.8240027 4.4518738 0.32466477 178.25
4.8402901 4.5024471 0.33773991 179.41379
4.8516889 4.6245956 0.32584941 176.21213
4.8615246 4.725039 0.36186498 175.75
4.8338666 4.853837 0.36341116 172.75
4.8133445 4.9798265 0.38728181 173.5
4.8698106 5.022573 0.38899934 163.83334
4.8281846 4.8397059 0.40235826 176.8
4.852695 4.9415894 0.41531986 172.5
4.8579392 5.0705605 0.47307414 140.58333
4.8659844 5.1438608 0.42919743 157.09744
4.8590589 5.2501669 0.43511537 165.64117
4.8565359 5.3496413 0.45444676 171.13043
4.8656425 5.4403005 0.47453123 174.45407
4.8883953 5.5765119 0.53322238 158.80769
4.8212299 5.6537719 0.5836919 187.25
4.8426781 5.7193675 0.59327245 182.66667
4.8893852 5.9649839 0.57970667 96
4.8320956 5.6466479 0.64083219 85.888885
4.8182435 5.9526033 0.61732417 120.41666
4.8571191 6.0714045 0.60434085 186.45454
4.8316545 6.1798167 0.62932456 187.10001
4.8682208 6.2836709 0.65721631 188.5
4.8886108 5.4077497 0.74238896 134
4.8293209 5.5745606 0.72159165 133.5
4.8253183 5.8881202 0.75988352 66
4.8221149 5.9097891 0.71282214 72.666664
4.8831334 6.5773115 0.72251588 186
4.8510079 6.6758509 0.74907488 186
4.9072199 0.37465349 -0.12037197 135
4.9187655 1.8204138 -0.15189113 157.33333
4.9765797 2.0491781 -0.10805541 152.59091
4.960073 2.5987983 -0.10011974 108
4.9870181 0.4777987 -0.085812539 142.66667
4.954175 0.56487733 -0.080304034 156
4.9241724 0.64494187 -0.075645678 166.25
4.9581499 0.74793416 -0.050916009 172.2
4.9046593 1.0005777 -0.099632941 153
4.9485316 1.6333296 -0.0065304236 191.5
4.9652834 2.1880262 -0.068992808 154.22728
4.9044952 2.2232938 -0.062454402 153.5
4.9410653 2.3173671 -0.046350468 160.33333
4.973074 2.6698751 -0.086652502 116.75
4.991879 2.7704899 -0.071823448 127.33334
4.9787111 2.8503149 -0.078690715 171
4.9145179 2.9155924 -0.031038567 153.14999
4.9449711 3.0560281 -0.034052666 188.16667
4.9430122 3.1624289 -0.013794865 189.01135
4.9739079 3.2964158 -0.0082605872 180
4.931128 1.3815455 0.018079042 172.92308
4.9821196 1.5430622 0.063341185 182.03452
4.947803 1.6883813 0.082023919 187.5
4.9440308 1.7473489 0.048971113 190.5
4.9430256 1.854502 0.030202739 190.5
4.9426584 1.9259044 0.03957741 191
4.9304018 2.0636086 0.036685485 179.625
4.981576 2.1554594 0.046190049 170.70689
4.9332738 2.2612414 0.058024962 169.51666
4.9565258 2.3760333 0.087651789 169.8136
4.9062052 2.4573507 0.096068509 163
4.9257865 2.5732074 0.084890984 174.58333
4.9180765 2.6435905 0.093103684 174.33333
4.9484582 3.0555243 0.065239288 138
4.9386473 3.2554543 0.026217481 182.0789
4.926466 3.3605068 0.024396669 179.7899
4.9559417 3.453757 0.055989474 169.30092
4.9311218 3.5592029 0.061163351 169.33824
4.9103117 3.6563189 0.083099581 165.72974
4.9585848 3.7880235 0.084712446 148
4.9868822 3.8571072 0.086551674 181.35925
4.9819064 1.8658769 0.10221808 190.5
4.9666514 2.4777684 0.10055165 183.39999
4.9755821 2.5439243 0.10871647 177.35715
4.9224248 2.6542923 0.11445983 178.74603
4.9096608 2.835351 0.11997785 178.95653
4.9557352 3.025985 0.15891013 193.20454
4.9113312 3.1558378 0.14275938 174.70834
4.917861 3.4885294 0.10363414 173
4.9551315 3.6530831 0.13584864 187.75
4.9147429 3.8679142 0.12192366 165.2
4.931551 4.0579009 0.13151139 167.06696
4.954813 4.1544309 0.16387902 166.98636
4.9196925 4.2555022 0.17831931 166.3009
4.9280105 3.9521811 0.24800035 186.39285
4.9637456 4.3313503 0.23312655 186.36111
4.9495764 4.4401197 0.26335365 175.34721
4.9474459 4.5393085 0.29662198 190.23077
4.9539437 3.7830708 0.393226 161
4.9552345 4.1603308 0.30268356 195.425
4.9537072 4.2160397 0.31740373 197.5
4.9901314 4.3905864 0.31350714 170
4.9380097 4.5727839 0.32811624 163
4.9609847 4.6428056 0.34349597 189.33334
4.9318938 4.7540374 0.37214476 170.28268
4.9536996 4.8696628 0.37585157 158.125
4.9397674 4.9505072 0.37194964 170.75
4.9074178 5.0240278 0.38526294 151
4.9825864 3.8636076 0.44048223 137
4.9204893 4.8528657 0.40405884 195
4.9675756 4.9942532 0.42853072 164.33333
4.9418788 5.0862212 0.40781987 168.89999
4.9176745 5.1512222 0.43193102 164.7258
4.9642091 5.2714868 0.46070021 151.94698
4.9224172 5.3873553 0.46761021 164.38461
4.9579959 5.2863593 0.59164488 164.44444
4.925252 5.5886846 0.58985168 88.083328
4.9750476 6.0138187 0.58598644 176.39999
4.9759221 5.2690835 0.68206638 162
4.9197006 5.3310742 0.64764047 163.5851
4.9663486 6.1116261 0.61192757 176
4.9211855 6.2034245 0.63535357 184
4.9773045 6.3008361 0.65718395 176.8
4.9868913 5.2595301 0.74390376 159.35001
4.9305329 5.3239779 0.76697212 165.42857
4.9017935 5.9463749 0.78087521 36
4.918108 6.4825363 0.70280945 185.5
4.9406052 6.6096478 0.73297286 174.66667
4.9198818 5.5348492 0.8524394 142.5
5.0644298 1.7608738 -0.14265341 152.42953
5.0649939 1.8544475 -0.12802286 148.24324
5.0410414 1.95539 -0.12032197 152.5
5.0534735 0.57257622 -0.064547591 150.39999
5.0059323 0.66341817 -0.061342072 163.2
5.0544491 1.7515283 -0.012663349 150.5
5.0984197 2.0661614 -0.084575646 152.5
5.0304632 2.1279659 -0.07887955 153.79167
5.0083303 2.2666099 -0.049047899 158.72728
5.0770211 2.339489 -0.047498614 162.75
5.0082536 2.4191594 -0.041352455 166.33333
5.0517139 2.8604941 -0.06511651 153.20535
5.036119 2.9828694 -0.044543304 159.66667
5.0407887 3.0424409 -0.01200679 152
5.0318265 3.1009526 -0.035728022 191.5
5.0861683 3.2498403 -0.0010654404 172
5.0312347 3.4102433 -0.020293528 180
5.0319071 1.4144288 0.047305606 179.91667
5.0984392 1.5107274 0.079006523 186.41667
5.0522509 1.6480564 0.090582483 189.26666
5.0286546 1.8039718 0.096270196 191.33333
5.0208812 1.9821668 0.017053196 179.5
5.0574808 2.0795913 0.039706036 168.21053
5.0498614 2.266417 0.075705357 169.46577
5.0540981 2.3672385 0.088907145 187.93333
5.0302892 2.5458913 0.087513059 181.63637
5.0240154 2.6351867 0.098264135 180.91304
5.0666003 2.8566623 0.075041048 189
5.061974 3.1543579 0.023759386 172.25
5.059432 3.2449667 0.032106865 178.57692
5.0238228 3.3610644 0.064307414 181.36111
5.0452938 3.4467082 0.060826186 164.82738
5.0257297 3.5351989 0.040021162 179.82576
5.0309558 3.661783 0.047415957 192.875
5.0076056 3.7357709 0.067174003 189.41667
5.0870528 3.8510039 0.085699901 182.66667
5.0631337 1.4916821 0.10564384 173.5
5.0958161 2.3397446 0.10063409 159.33333
5.0335746 2.4494479 0.1033282 175.36508
5.0577688 2.5549791 0.10969742 176.64285
5.0436001 2.6175263 0.11587873 179.33334
5.0037136 2.7492607 0.11637529 181.28
5.049551 2.8308251 0.13859195 186.59167
5.0047202 2.9254367 0.1476431 187.89999
5.0104623 3.1429627 0.16441636 197.28572
5.0530343 3.3872154 0.15925945 137.72728
5.0656047 3.4422884 0.12041766 169.2963
5.049077 3.5238583 0.13740104 169
5.0474377 3.6572764 0.15440267 176.08334
5.0255795 3.783438 0.19243777 139.75
5.0053873 3.836446 0.17034259 136.76666
5.0524855 3.9302914 0.10114017 176.89999
5.0195236 4.0504885 0.13514891 169.28572
5.0643587 4.1418357 0.17219862 174.82391
5.078126 4.2597985 0.17279671 165.60001
5.0469246 4.3578501 0.19092216 165.89743
5.031055 3.6578648 0.26225895 151.09259
5.0437961 3.7407413 0.21771508 161.73636
5.0943151 3.8268559 0.24150787 191.33333
5.0359793 3.9669061 0.27374271 188.08888
5.0260754 4.046267 0.28404841 195.75
5.0545502 4.2531695 0.22242199 193.08334
5.0167041 4.3581996 0.23336543 187.03333
5.0455561 4.4241204 0.25539583 192.1875
5.0427165 4.5284629 0.29580608 190.625
5.0357308 3.9632919 0.39347684 126.11765
5.0182862 4.0371146 0.3483381 128.88889
5.019166 4.1159472 0.31421447 120.33334
5.0261083 4.5879512 0.33352652 157.01785
5.062149 4.613018 0.31312215 195
5.0412421 4.7380323 0.36546186 162.40277
5.0866151 4.8185911 0.37874907 163
5.0055919 4.9957089 0.37747568 167
5.0514498 5.0338678 0.38599518 173.18889
5.0383863 3.925966 0.44514421 123
5.0539231 4.7914844 0.40687913 191.39999
5.0289955 4.8896899 0.4131611 195
5.0447354 4.9442964 0.41206855 163.66666
5.0524611 5.089149 0.4263058 168.05556
5.0461421 5.1647515 0.45357999 114.08334
5.0285306 5.2004399 0.45684892 147.16129
5.0922813 5.0570626 0.55913126 133.5
5.051897 5.2940416 0.55966043 167.71428
5.09583 5.9833112 0.58050311 174.75
5.0858111 6.0633044 0.5973981 171.33333
5.0589828 6.1022401 0.60667604 169.5
5.0132608 6.2050009 0.63455617 172
5.0765991 6.3137684 0.66262096 168
5.0836287 5.2647457 0.76337159 184
5.0051627 6.5185819 0.71240944 170
5.1564608 1.7551298 -0.14305206 163.61365
5.1937613 1.8674108 -0.10817035 163.45
5.1262493 1.9323534 -0.1106599 151.11111
5.107832 2.5456474 -0.11579518 108.5
5.1729469 1.813154 -0.0028114743 156
5.1857562 2.0045867 -0.089776292 155
5.1380215 2.1649837 -0.064969942 160
5.1542435 2.3010716 -0.053081881 162.39999
5.114234 2.6755435 -0.089985758 118.75
5.1198478 2.7665677 -0.079483546 134.66667
5.1268287 2.9286532 -0.040651891 142.83333
5.1333199 3.0548849 -0.037962899 134.83334
5.110219 3.1567888 -0.038768202 149.5
5.1351099 3.4675999 -0.011904143 183
5.1259632 1.4257363 0.072588839 186.28572
5.1680021 1.5325567 0.087092251 190.25
5.1426458 1.6407589 0.093254246 191.33333
5.1082096 1.7525579 0.093793973 193
5.103827 1.8906446 0.0052249297 170.5
5.106627 2.1221476 0.074206598 154.88
5.1606226 2.248225 0.081730656 168.16666
5.163588 2.5132666 0.023487389 170
5.1499662 2.6337514 0.048740819 184
5.1846972 2.7203276 0.082590632 182.5
5.1621361 2.8084354 0.079433329 188.28572
5.1165228 2.9414966 0.096409075 185.16666
5.1602654 3.0560312 0.017109422 174.5
5.1465287 3.1530764 0.014632124 173.34717
5.1697574 3.2554688 0.034625888 180.85715
5.1282606 3.3116517 0.049900118 181.82936
5.1514702 3.4568028 0.041398115 166.95544
5.1329041 3.5590754 0.042165149 187.5
5.1560993 3.6902666 0.062369384 192.60001
5.1266136 3.7575877 0.08436659 183.25
5.1573157 1.4324578 0.1574192 168.70589
5.146924 2.4296844 0.10293451 177.2381
5.1333365 2.5199277 0.10693343 178.59999
5.1509581 2.6326139 0.11637706 187.60715
5.1183538 2.7333522 0.12970376 187.42857
5.1550994 2.931771 0.14779387 188.79166
5.1526642 3.0445211 0.1509645 192.8373
5.1822567 3.2388818 0.12288803 154.5
5.1665678 3.3828511 0.1480072 171
5.1510649 3.4246094 0.10566749 193.45454
5.1616993 3.5343764 0.16486458 183.89999
5.1156297 3.6330972 0.11398141 169.25
5.1765118 3.8647752 0.11537241 173.48383
5.1571999 3.9546065 0.12426949 174.28571
5.1331 4.065146 0.166008 175.96251
5.1627922 4.1988678 0.17008041 169.83871
5.1376977 4.2885413 0.19239776 168.45284
5.1420746 3.6635602 0.21073341 181.24342
5.1661963 3.765996 0.23455253 184.71211
5.1692672 3.8719594 0.24112079 184.5
5.1507511 3.9895275 0.28702134 167.71428
5.1472487 4.0308285 0.27029508 185.46297
5.1041369 4.1587462 0.20438728 186.88889
5.166194 4.2403922 0.22024754 192
5.1268516 4.375463 0.22207345 183.23999
5.1085277 4.5430617 0.29743299 192.2
5.1530995 3.9759169 0.31239709 165.375
5.164196 4.5756607 0.36292914 178.62224
5.1412559 4.6165609 0.30550069 194.5
5.1785393 4.7142396 0.39948881 187.5
5.1590142 4.8644376 0.38900092 162.5
5.1485662 4.9786835 0.38633966 187.66667
5.1266894 5.0741959 0.3974351 151
5.1215086 4.8566632 0.41620433 194.11111
5.179409 4.9204526 0.41764617 196.5
5.15905 5.0217972 0.40986669 173.47916
5.1503959 5.1406336 0.43065473 150.83334
5.1157851 5.2556858 0.47576252 167.16162
5.1866775 5.3052697 0.48225263 183
5.178278 5.0499148 0.53933442 157
5.1768818 6.087925 0.60510099 167.66667
5.1199393 6.2054996 0.63641763 167.75
5.1906404 6.3291574 0.66779965 160.5
5.2894378 1.6722285 -0.13943727 171.66667
5.2085819 1.7200718 -0.13504596 173.23529
5.2862639 1.8088409 -0.11840335 172.625
5.2749615 1.9472476 -0.10050897 166
5.2613287 2.5853317 -0.10808923 111
5.2980909 1.6717737 -0.015735971 124
5.2450418 1.7322161 -0.01101977 136
5.2410631 2.0824559 -0.080034941 160.33333
5.2431045 2.2397978 -0.062734134 161.5
5.2547231 2.6708741 -0.093680784 119.5
5.2485714 2.7559471 -0.081430614 131.33333
5.2250633 2.8554802 -0.035230443 159.03125
5.2381153 2.9519718 -0.025530187 156.08253
5.2815776 3.0615668 -0.014020865 146.66667
5.2825093 3.3404045 -0.0013854068 177
5.2852788 3.401432 -0.020683829 164
5.2091999 1.4585701 0.083123259 189.66667
5.2384367 2.1656578 0.080137163 165.41667
5.2873292 2.2484739 0.089010559 163
5.2288418 2.3330238 0.087885998 169.75
5.2486486 2.5431221 0.099241085 183.5
5.201386 3.0355935 0.019381573 176.05556
5.220099 3.1270757 0.03575914 179.23077
5.2491207 3.2096734 0.033932734 184.41666
5.2559114 3.3517742 0.042208988 184.32408
5.2347741 3.4778404 0.027861428 174.44673
5.2186041 3.5561249 0.042849232 178.02779
5.2584805 3.6509728 0.05238368 188.5
5.2224154 3.7476177 0.065465719 191.60001
5.2978859 1.4131001 0.15582004 174.39999
5.2168484 1.5685606 0.10055354 187
5.2454033 1.6316379 0.11437659 186
5.2129059 2.4362068 0.10278111 184
5.2160678 2.5331976 0.11746715 182.5
5.2869449 2.6635947 0.11524581 184.25
5.2539167 2.7545955 0.13149768 185.25
5.2327943 2.8472726 0.1330798 181.06667
5.2441168 2.9455273 0.14431547 180.16666
5.2678642 3.0753996 0.18208587 161
5.2571659 3.4371824 0.12167422 188.41667
5.2549624 3.507652 0.17415893 181.5
5.2479258 3.7441137 0.14303075 149.32051
5.2326946 3.8441129 0.1340351 179.23451
5.2500477 3.9482293 0.13068512 177.71428
5.2376289 4.0270624 0.14588094 178.78125
5.2498055 4.1219606 0.14480884 177.37302
5.2749295 4.22542 0.16834436 176.55882
5.2551718 4.3207922 0.1853801 175.21875
5.2354574 1.4647385 0.20522611 169
5.2732754 3.1391616 0.24263608 163
5.2354059 3.6453414 0.20833011 180.42017
5.2634964 3.7520595 0.23287398 179.62091
5.2757792 3.8574049 0.26312169 188.67308
5.2335439 4.1447301 0.20123456 186.57895
5.2284231 4.3440781 0.23118547 195.89999
5.2245913 4.400104 0.20073567 174.23334
5.2964768 1.4316226 0.30031586 145.14285
5.2877684 4.0813503 0.36598 136.33333
5.2088675 4.6461215 0.37744424 182.73334
5.2509942 4.9310651 0.37586349 192.1875
5.282681 5.0101972 0.39213076 192.16667
5.2804017 4.0656209 0.42389068 120.87247
5.2519813 4.6928768 0.40357038 188
5.272646 4.7709889 0.41033578 191.8
5.236969 4.8279781 0.41866708 194
5.2666516 4.9323621 0.41443923 175
5.2420449 5.2445211 0.46225315 190
5.2896481 5.3006444 0.46898198 193.375
5.2263179 5.9504485 0.57436585 164.33334
5.2401395 5.1600471 0.62242264 105.5
5.2568026 6.0759783 0.60886276 160.33333
5.2285242 6.2068791 0.63650233 162
5.3469763 1.7337241 -0.13297215 169.8
5.3370838 1.8785193 -0.1115294 168.5
5.3449616 2.0139201 -0.097926922 166.5
5.3386211 2.1271341 -0.079519257 161.75
5.3670292 2.7458246 -0.053338069 154.8512
5.3520446 2.8342791 -0.028808929 168.6111
5.3263631 2.9957747 -0.029727019 143
5.3806658 3.1546767 -0.040791448 123
5.3311777 3.2473547 -0.018891744 157.5
5.3136067 3.3368273 -0.034576654 151
5.3918157 3.4681921 -0.016686123 161.33333
5.339644 2.1474164 0.083072707 163.66667
5.3061714 2.26547 0.061667841 183
5.3054314 2.3065662 0.083798446 165
5.307168 2.474632 0.091613762 176
5.3841772 2.5696902 0.046022512 185
5.3567553 2.744741 0.081730872 187.5
5.3772683 2.8048034 0.096070647 185.45454
5.3258686 2.9288249 0.0033172881 181.5
5.320147 3.0187495 0.022171794 181.54546
5.3391118 3.1443775 0.01755593 176.41109
5.3334556 3.2562945 0.050583098 189.7417
5.3040771 3.3728728 0.020637408 177
5.3559799 3.4314852 0.059160341 188.625
5.3241096 3.5722873 0.026812678 182.57777
5.3236985 3.6502244 0.071544558 180.66667
5.3232341 3.7478037 0.095415138 183.5
5.3684797 1.4085205 0.17424238 138.53125
5.3304224 1.7411038 0.14026563 185.5
5.3854532 1.8014135 0.15466936 186
5.3854833 2.663913 0.11850429 169.75
5.3834562 2.7726324 0.13786878 171
5.3314734 2.8696735 0.12773645 178.45
5.308372 2.9549747 0.11086684 176
5.3560705 3.1648962 0.14337032 167.3125
5.3061638 3.2907188 0.13618819 155.5
5.3961053 3.4267101 0.16824873 170
5.3501968 3.5497844 0.18692589 181.33333
5.3463774 3.742511 0.11379147 170.5
5.3511977 3.8457961 0.12181345 177.23804
5.3557892 3.9453547 0.13298252 184.10278
5.3488293 4.0488515 0.16001315 183.78999
5.3907614 4.1485381 0.16205172 185.16667
5.380837 4.2474852 0.18491623 184.46153
5.3091488 1.4379102 0.26972157 149
5.3370986 2.970458 0.25024232 157.33333
5.3230443 3.0585828 0.28265113 140.11539
5.3123755 3.1556973 0.26785573 123.15151
5.3539586 3.6595824 0.21992584 180.67618
5.3200321 3.7341077 0.23452672 180.84705
5.3906698 3.8460324 0.26718196 171.50455
5.3526025 3.9511182 0.26643336 184.64999
5.3803911 4.1679411 0.20291585 190.75
5.344852 4.2636619 0.21581215 194.39999
5.325954 4.3431125 0.21109071 188.85715
5.3509297 4.4382157 0.22725189 184.27499
5.369381 2.9593139 0.32351515 143.52942
5.3769479 3.0129592 0.3126052 127
5.3344541 3.9522145 0.46127805 130.75
5.3429031 4.8952756 0.42480966 198.33333
5.3103375 4.9611745 0.40861747 150
5.3966117 5.358788 0.47309908 197
5.3562837 5.4459281 0.49859449 196.75
5.3116336 5.9285421 0.57128602 155.5
5.3287868 6.0670571 0.60829043 153
5.4993477 1.5679739 -0.14803915 153
5.4228401 1.6518083 -0.1438579 163.16667
5.4960322 1.7772762 -0.12812249 155
5.4274182 1.8219858 -0.12126022 165.11111
5.4036369 1.9477785 -0.10810722 163.66667
5.4059234 2.6305068 -0.10216333 112
5.4147782 1.5921646 -0.0041800085 137
5.4853773 2.6818576 -0.049984433 187.5
5.4875383 2.7759371 -0.027079843 189.33333
5.4919438 2.8376336 -0.064416997 131
5.4553299 2.9676075 -0.05258707 127.66666
5.4177227 3.0638461 -0.037559487 129.5
5.4885173 3.2363114 -0.0260958 141.5
5.4237728 3.3697124 -0.018142434 159
5.4883442 1.6728139 0.044755559 140
5.4629173 2.0245974 0.052893762 189.5
5.4515986 2.1116686 0.062975802 188.25
5.4285464 2.2446108 0.075795539 189.5625
5.4567108 2.337899 0.097822897 189
5.4059553 2.4495795 0.092272744 164.25
5.4759564 2.6374946 0.085916735 177
5.4895315 2.8539476 0.052855622 184.58749
5.4069328 2.9120474 0.0086048339 186.5
5.4230218 3.0573459 0.0328313 188.28571
5.4093418 3.1755307 0.059833184 191.16667
5.4511633 3.3364415 0.079030544 198
5.45226 3.5449619 0.030137656 170.625
5.4166994 3.6408165 0.066115364 175.2
5.4191771 3.7433197 0.091297448 183.14285
5.4870901 3.8578413 0.075911 194.66667
5.4830036 1.8679153 0.17282143 186.375
5.4036803 2.5606127 0.10664247 167
5.4996743 2.7473404 0.10326679 181.64706
5.4105096 2.9267499 0.10685341 177.5
5.4629378 3.1495008 0.14546067 165.42857
5.4322877 3.3294139 0.15458225 155
5.4896598 3.4800267 0.19104104 169.25
5.4434481 3.5838573 0.1980288 182.66667
5.4594903 3.8570762 0.11512475 186.375
5.4556308 3.9511003 0.1357082 187.57979
5.4308982 4.0690918 0.15598628 188.77777
5.4613619 4.1012044 0.19229974 189.75
5.4496551 3.6706955 0.22496258 180.01923
5.4249172 3.7667902 0.25264284 177.35648
5.4612317 3.8842592 0.27048436 184.08334
5.4439287 3.9657588 0.28439131 192.25
5.4363503 4.0806403 0.28097755 178.375
5.4651933 4.1440558 0.2931042 179.16667
5.441102 4.267345 0.20762621 191.95
5.4041424 4.3695984 0.21354489 186.92308
5.4908051 4.4666438 0.23691033 192.5
5.454215 3.8220298 0.37503859 170
5.4378786 3.9168482 0.42754108 134
5.4080415 5.2641611 0.45242995 196
5.4691992 5.4870892 0.50384128 196.75
5.5131435 1.6737608 -0.13696502 146
5.5712643 2.656472 -0.054334201 179.66667
5.5391936 2.7660549 -0.059040695 140.5238
5.5863605 2.9072299 -0.0047970032 186.5
5.594543 3.0865879 -0.059942376 109
5.5464492 3.1552477 -0.046103373 115.5
5.5477567 3.4667068 -0.012019779 148
5.5078874 1.9520673 0.05265101 189
5.5194039 2.0154243 0.059743464 187
5.5486126 2.1533623 0.08314734 184.83334
5.5141773 2.4222627 0.09273193 153
5.5575733 2.6829901 0.079620034 190.5
5.5300899 3.0280244 0.02291007 189
5.5555382 3.1203136 0.035979826 183.33333
5.5239668 3.2505271 0.062521137 194.66666
5.5012927 3.4209268 0.016718853 170
5.5474882 3.5308867 0.041240983 171.5
5.5281563 3.6753962 0.071230009 172.2
5.5635962 3.7632747 0.068613991 180.33334
5.5175161 3.8314965 0.075452 195.5
5.5709529 3.9158094 0.099502258 194
5.5565228 1.4553103 0.11626526 163.41667
5.5632319 1.8733063 0.18510239 185.375
5.5226188 1.9779097 0.19190347 190
5.5602274 2.3086717 0.10271452 183
5.5194335 2.5477002 0.10690139 154
5.5923986 2.8479815 0.11164104 182.83333
5.5341234 2.9356892 0.1171849 177.72728
5.5705652 3.1976264 0.16117771 165.57143
5.5675249 3.3459418 0.15832499 150.25
5.5971055 3.5344031 0.19433799 171
5.5530267 3.842967 0.13566892 183.92064
5.5501146 4.0543175 0.16292296 192.34375
5.508616 4.1788306 0.18768471 192.58334
5.565424 3.2432911 0.22378419 124.25
5.5429382 3.6334403 0.2249998 176.87373
5.5404205 3.7401819 0.24921393 181.3125
5.551333 3.8227127 0.26643857 182.98334
5.5678606 3.954283 0.28622183 186.94444
5.5366774 4.0186019 0.28556418 180.57143
5.5255589 4.3460288 0.2118658 192.7
5.5972795 4.4957709 0.23160803 195.39999
5.577529 4.1176233 0.30297217 183.5
5.5470386 5.0285363 0.43632203 158
5.5150185 5.2728791 0.45356235 196.25
5.5272241 5.3850574 0.48051208 197
5.654912 0.44836342 -0.023597201 132.20833
5.6612597 2.5901022 -0.06638027 168.25
5.6726146 2.7102177 -0.041902963 169.2
5.6902428 2.8170199 -0.020084949 168.5
5.6765795 2.9331267 -0.0031710523 173.5
5.6455917 3.2657552 -0.020545991 117
5.6107616 3.3883812 -0.038967311 137
5.6742926 0.64946288 0.010302073 147.625
5.6921496 0.832735 0.040680792 169.77777
5.6620665 1.5517339 0.093990296 133
5.6087842 1.6652926 0.023881095 180
5.6770725 1.7675062 0.048954293 188.33333
5.6090722 1.986905 0.087723292 181.72728
5.6512823 2.0953007 0.085018925 179.2
5.6673875 2.1731269 0.09270072 175.92308
5.6728282 2.598093 0.070682317 180.5
5.6379704 2.7050598 0.091523975 190
5.6426477 3.0313129 0.026228067 175.875
5.628458 3.1337895 0.036323812 175.5
5.6552553 3.4419653 0.017441111 159.75
5.6242752 3.6139314 0.05663389 169
5.6482868 3.728596 0.061302654 172.33333
5.6744094 3.8542733 0.082797348 185.5
5.6508179 1.4968748 0.1297784 158
5.6969123 1.6222664 0.14896841 130
5.6483183 1.7517126 0.16814323 176
5.6658292 1.8751078 0.19569151 184.18182
5.6641755 2.2677383 0.10513002 175.33333
5.6789317 2.3453555 0.11683838 174.625
5.6174459 2.7690225 0.10153744 187.16667
5.6873045 2.8508017 0.12878944 177.40973
5.639874 2.979176 0.13173176 177.14285
5.6996531 3.3843887 0.17240217 147.5
5.6577439 3.4456415 0.18153803 156.5
5.6401348 3.8733876 0.12888017 184.375
5.6521597 3.9711392 0.14152262 190.75
5.634057 4.01511 0.15199563 195
5.6439781 4.1528206 0.1620663 195.60001
5.6109715 4.2099094 0.17234848 194
5.6573014 4.3057556 0.19024265 195.39999
5.6516547 1.9613485 0.20366506 188.27272
5.63801 2.0182889 0.20954034 190.5
5.6547122 2.231389 0.24159344 177
5.6400027 3.1573222 0.25447962 145.74199
5.6556339 3.6476142 0.23178388 175
5.6336479 3.7306449 0.27394882 172.35715
5.6954269 3.8568826 0.28631631 190.14285
5.6526322 3.9584641 0.2891522 183.95834
5.6341791 4.0508037 0.2966966 178.81818
5.6364226 4.4056239 0.21056399 195.2
5.6591716 3.0607131 0.34324065 130.86905
5.6243658 5.2805314 0.45710108 189
5.7826328 0.46045083 -0.0062727053 133.33333
5.7630863 2.5369825 -0.075890325 155.5
5.7825937 2.6702344 -0.049125344 159
5.7927203 2.7972522 -0.030026201 162
5.7678843 2.9241829 -0.0030803948 163
5.7856855 3.3296461 -0.0020185607 115
5.7792506 0.55066973 0.0078044767 141.33333
5.7767658 0.63383079 0.018992243 148.25
5.7355056 0.7219913 0.025225854 159
5.7760272 0.84924102 0.054335635 177.8
5.7345023 0.9170534 0.054473393 181.7
5.7512522 1.0499661 0.069771953 173.7
5.7128696 1.3730485 0.0014125766 139
5.7462025 1.4682518 0.021553321 159
5.7091184 1.5894209 0.073819906 157.75
5.7152648 1.6580541 0.0946308 163.60001
5.7606616 1.748131 0.05931801 187.14285
5.7473011 1.8561217 0.072093636 182.52084
5.7494879 1.9903746 0.096272416 175.57143
5.7016187 2.5080347 0.057491306 154
5.7615647 2.6387591 0.08194834 177
5.7036028 2.9260781 0.0046977745 174
5.734621 3.3748343 0.0031836347 153
5.7247262 3.5514493 0.037913941 161.33333
5.7387028 3.6619542 0.024386866 154.33333
5.7057786 3.70117 0.073751383 166
5.7409859 3.8119068 0.083080977 169
5.7507467 1.4309598 0.12719969 160.66666
5.7614331 1.7328967 0.17700391 175.71794
5.7383995 2.0619628 0.10398997 174
5.7799888 2.1527634 0.15169518 157.5
5.7540011 2.7559049 0.1040915 188.25
5.7826166 2.8420842 0.12734225 184.07692
5.7697344 2.9177332 0.13909172 184.71428
5.7128348 3.0449083 0.15069038 176.77777
5.7158656 3.8455622 0.14517276 194
5.7564507 3.9523869 0.13118969 189.83334
5.7346954 4.0738688 0.140576 193
5.7580948 4.1871243 0.16197436 192.375
5.7607636 4.3024735 0.18731609 193.33333
5.7775216 1.8736798 0.20955881 184.5
5.7494936 1.9579557 0.23696159 153.16667
5.7722611 2.0343068 0.25494939 145.075
5.7354674 2.8163323 0.22991124 167.10001
5.7561173 3.0926783 0.21431197 180
5.7222395 3.789566 0.28239781 188.83333
5.7081785 3.8660948 0.26117262 171
5.7568998 3.980134 0.28414169 170.71428
5.7337708 4.4157472 0.20935602 194.75
5.7135196 4.5234737 0.23267394 193.25
5.7930422 2.0521402 0.32099074 127.16666
5.780097 3.0234849 0.32056904 157
5.7442527 3.9730084 0.30019686 190
5.7269144 4.0614338 0.30062482 171.60001
5.7257833 5.0086899 0.4049291 156
5.852469 3.5743685 -0.0010077828 135
5.8860984 0.5972904 0.030219479 142.33333
5.8723984 0.68848771 0.037972324 154.66667
5.8277402 0.77928537 0.048427843 169.16667
5.8753467 0.89243686 0.076321952 184.26666
5.8618512 0.96353984 0.073360682 181
5.835865 1.0816896 0.086640976 165.45833
5.8323803 1.3362501 0.0079873549 142
5.848938 1.4119678 0.020149307 156
5.841476 1.5321993 0.035834577 178.66667
5.8136158 1.6593015 0.054193348 188.75
5.8379588 1.7287992 0.068917409 186.39999
5.8821497 1.8532939 0.086071491 179.42856
5.8241501 1.9338012 0.084900968 177.13333
5.81142 2.5297818 0.066718847 157
5.8043728 3.4997623 0.027316827 156
5.8237209 3.6226616 0.030785225 146.66666
5.8402424 3.7685633 0.073792495 153.875
5.813921 1.3485721 0.12108683 165
5.8073645 1.7960701 0.19542055 179.625
5.8786645 2.0713725 0.10284869 163.33333
5.8641586 2.1469209 0.1208538 156.9796
5.8439188 2.2429268 0.13058572 157.89839
5.8206038 2.318475 0.12479632 167.5
5.8931193 2.7785289 0.11865743 184.5
5.8506379 2.8315439 0.12730865 189
5.8578959 3.0324619 0.16519809 184
5.844121 3.8761868 0.11571865 177.25
5.8199968 3.909718 0.10506099 171
5.8404856 4.0418005 0.13279606 176.83334
5.8835382 4.1648974 0.15832248 175
5.8801012 4.299253 0.18292521 181.25
5.8491387 0.83711278 0.25860325 184.51389
5.8317904 1.9672621 0.2258568 190.04166
5.8297591 2.1146705 0.23719576 159.68056
5.8723607 2.9697859 0.27412146 164
5.8693199 3.5891562 0.23258497 142
5.8317986 3.8490708 0.26175654 171.25
5.8188539 3.9276724 0.28592378 180.5
5.8655434 4.010273 0.29618609 168.2
5.8231959 4.4252863 0.20782411 186.5
5.8209205 0.79948545 0.34969443 191
5.9051938 0.49784237 0.010974817 140
5.9821353 0.63867188 0.064495146 144.60001
5.9553385 0.7551555 0.055795752 163.41666
5.9849148 0.90728176 0.08385025 179.375
5.9608684 1.0187315 0.092307344 179.2
5.9489594 1.2395555 0.010012467 125
5.9557295 1.3152823 0.022068786 142
5.9666324 1.4334576 0.03891864 161
5.9432354 1.5340289 0.045831777 182
5.9345717 1.6336068 0.068708807 189
5.96029 1.7501576 0.085728049 183.48285
5.9824529 1.8819063 0.097908542 175.93333
5.9898195 2.6579037 0.098871864 165
5.9120288 3.7104743 0.049605578 142
5.9464278 3.8521488 0.093469299 146
5.9232426 0.74051803 0.14168778 138
5.915339 1.1452167 0.10741438 156.25833
5.986299 1.2282449 0.13184863 153.97058
5.9919181 1.3169796 0.13732283 156.33333
5.933063 2.0402465 0.10666282 162.7619
5.9425249 2.1191339 0.12559652 157.69841
5.931725 2.2100685 0.12887578 157.61111
5.9008331 2.3103445 0.13645807 155.22223
5.9455528 2.9644697 0.15743299 188.91667
5.9466343 4.0090995 0.12600414 161
5.9488072 4.1550713 0.15320015 165
5.9999938 3.4769726 0.20665957 134
5.9475722 3.5237079 0.2126286 137.5
5.9914927 3.6707644 0.237756 150.66667
5.9185901 3.7216907 0.24215442 161.5
5.9529071 3.8485677 0.26761574 163.25
5.9933486 3.9640567 0.28985861 161.25
6.0989962 0.65825152 0.061287351 146
6.0724616 0.71858299 0.06428916 154.60001
6.033751 0.80588484 0.069359891 164.8
6.0769715 1.3812208 0.049508303 151.5
6.0746565 1.4705409 0.059075192 166.33333
6.0386219 1.5362229 0.063284673 180.58334
6.0665026 1.6766027 0.094089016 186.57143
6.0654583 1.7722195 0.09781494 181.2
6.0053897 2.6378112 0.097159177 158
6.0602632 0.95417595 0.10079113 179.11111
6.033596 1.0401245 0.11536212 180
6.0177789 1.1362132 0.12098441 166.18182
6.0795259 1.255583 0.15164351 157.07408
6.0401444 1.3501459 0.15782933 153.51282
6.0580168 1.4160391 0.16871093 151.36111
6.0629854 1.8712564 0.10793337 176.10001
6.0240927 2.0555093 0.12657653 159.02841
6.0394497 2.1706631 0.13355722 154.60001
6.0397658 2.3297527 0.15227193 152.7207
6.0529394 2.4488652 0.17550339 156.21109
6.0861945 2.8531682 0.1496878 174.8
6.0387454 1.6744893 0.22107351 153.8
6.0581651 2.590812 0.20696045 150.94444
6.075623 2.6851051 0.2406567 150.78572
6.0526748 2.7496247 0.25289947 159.64584
6.0050259 2.8005612 0.25581717 167.83333
6.0000787 2.9099698 0.25520268 167.33333
6.0735021 3.6130593 0.2338271 139
6.065237 3.7890642 0.26464477 149.33333
6.1700206 0.75438225 0.077079192 155.25
6.1116791 0.84614623 0.085101083 167
6.1070337 2.5086842 0.081546403 126
6.1920729 0.88915664 0.10039678 165
6.1460199 0.97189087 0.1129571 174
6.1344299 1.0667619 0.13191722 174.66667
6.1006231 1.1655717 0.14593518 170.35294
6.1665888 1.2786428 0.1798536 165.21428
6.134376 1.377207 0.18852881 154.56
6.1512814 2.3778393 0.17111219 154.9577
6.1244016 2.4616795 0.18210828 152.25862
6.1502743 2.5630267 0.21301754 149.45097
6.1736054 2.6674826 0.24919811 152.29167
6.1926184 2.7484601 0.27183375 163.55556
6.1036572 2.8753338 0.26901144 169.16667
6.1477995 3.7441876 0.26519397 138
6.1043615 3.9218719 0.28915772 151.66667
6.24227 0.8296746 0.096143052 157
6.2801924 0.95530581 0.11665307 164.11111
6.2173119 1.0967102 0.14153533 173.16667
6.2038045 1.1801941 0.15639679 174.375
6.2560649 1.3065729 0.18987109 168.42857
6.2256975 2.4683011 0.19568013 149.20454
6.2332687 1.3969476 0.20270245 165.77777
6.2349219 2.5451136 0.22799079 148.41463
6.2663817 2.63943 0.2604225 155.45454
6.2813034 2.7516394 0.28066036 163.22223
6.2498631 2.8505969 0.28066447 162.55
6.335588 1.001987 0.13046347 164
6.3427873 1.1458423 0.16066431 167.60001
6.3393173 1.2380455 0.17506564 171.09525
6.3480959 1.3463298 0.19413985 167.75
6.3171239 2.3480079 0.19640182 144.70833
6.3316875 1.4203293 0.20622452 165
6.3834257 2.3349617 0.21519369 153.94118
6.3115201 2.4315207 0.21588571 147.2449
6.335937 2.5339153 0.24511619 151.52
6.3568244 2.6134012 0.2705768 161.21428
6.376575 2.7130208 0.28418696 164.625
6.4663501 2.354727 0.24193586 172.53333
6.432107 2.4005215 0.24975708 164.35135
6.4276876 2.5017591 0.25578916 166.63158
6.4657307 2.646852 0.27705446 166.3125
6.497581 2.7657895 0.28814748 163.33333
6.4073582 2.8212273 0.28741652 161.33333
6.4536529 2.2903543 0.37488726 170.84286
6.4336362 2.3609018 0.33792284 171.75
6.4330902 2.3689475 0.40659156 161.5
6.5417218 2.5491045 0.26927388 169.35001
6.5787621 2.676264 0.28394228 164.75
6.5960979 2.2471702 0.43438992 178.16667
6.5686674 2.3580227 0.44578868 121.4375
6.6528831 2.5735331 0.27792048 159.2
6.6265182 2.241056 0.45406741 165.75
6.6833444 2.3289614 0.47631681 135
6.614923 2.4127672 0.45065886 112
6.7393804 2.2309277 0.49418512 171.2
6.7000546 2.4377162 0.45786881 120
6.7162557 2.2221086 0.51448333 153
6.8462629 2.2173872 0.54249609 151.33333
