# .PCD v0.7 - Point Cloud Data file format
VERSION 0.7
FIELDS x y z intensity
SIZE 4 4 4 4
TYPE F F F F
COUNT 1 1 1 1
WIDTH 6378
HEIGHT 1
VIEWPOINT 0 0 0 1 0 0 0
POINTS 6378
DATA ascii
-3.6229296 9.6919031 2.9880521 10
-3.3189621 8.7468233 2.6220646 10.5
-3.3116922 8.6884766 2.7728899 12
-3.3153894 8.5427809 3.0657456 14
-2.8368309 7.9257011 2.0144143 9
-2.7175753 7.3892374 1.8834246 9
-2.7318406 7.6676121 2.12134 10.5
-2.7374454 7.7346249 2.1277604 11.25
-2.7156296 7.8209066 2.2699196 13
-2.7464921 7.7273192 2.7015836 14
-2.6200225 7.1073322 0.83848876 7
-2.6371891 7.2619267 2.1997197 15
-2.6180804 7.3841338 2.1093717 13.5
-2.6301899 7.4738979 2.1919057 13
-2.699939 7.5027981 2.2471011 12
-2.6716237 7.5846329 2.4931948 14
-2.6442914 7.328794 2.5286236 14
-2.556453 7.1490927 1.1904222 7
-2.5366182 7.0913301 1.7327615 9.5
-2.5453062 7.3567104 1.7656494 11
-2.5218925 7.1355071 1.9279264 12
-2.5941739 7.2378459 2.532938 15
-2.4697273 6.3098545 1.2576236 7
-2.4226227 6.2202153 1.3669553 8
-2.4010046 6.1871853 1.5370843 9.5
-2.4577711 6.9492588 1.5468332 8
-2.4100451 6.9522023 1.759349 12
-2.4671817 7.0786123 1.8230309 13
-2.4557564 6.9357882 1.9834514 12
-2.4987938 7.2144837 2.1882653 15
-2.4215808 5.82865 2.8385885 15
-2.3456478 5.696516 0.94785923 6
-2.3750961 6.1517787 1.3363992 9
-2.3588047 6.1591411 1.472932 12
-2.3673563 6.2285852 1.4972854 13.5
-2.3767941 6.0638237 1.5796419 11
-2.3766329 6.194386 1.5844382 15
-2.3265417 6.5807519 1.5612648 12
-2.3990748 6.870542 1.5784866 9
-2.3732045 6.0783229 1.6680253 13.5
-2.3835239 6.1580358 1.7443596 12
-2.3470674 6.0445824 1.8529332 13
-2.3821354 6.9275503 1.8993227 15
-2.3525612 5.8743901 1.9765294 12
-2.3695104 6.7606425 2.2929454 15
-2.3060548 5.7835264 2.6291893 15
-2.2532153 5.8257651 1.2033192 9
-2.2439461 5.8270802 1.3483207 13
-2.2748251 6.2417116 1.3763475 10.25
-2.2060809 5.7745743 1.4698287 10
-2.2338133 5.8016844 1.4950684 10
-2.2043672 6.3013878 1.4945365 11
-2.2501681 5.8102255 1.5478902 14
-2.2887805 6.1250458 1.5865456 15
-2.2531984 6.5208387 1.5814396 12.5
-2.24209 6.6402903 1.5853914 13
-2.2319181 6.2292066 1.6703647 13
-2.2550821 5.757091 1.7076181 13
-2.2038841 6.4064655 1.7956533 12
-2.2533503 6.6616731 1.7123609 14.5
-2.2799039 5.7990317 1.8676504 14.5
-2.2012069 5.7065992 1.9355949 12
-2.2409728 6.2948294 2.0067043 14
-2.2033625 6.2669911 2.1238005 15
-2.2117231 5.7641006 2.3182516 14
-2.2315826 5.4942765 2.4658234 15
-2.2476211 6.2110777 2.5263827 15
-2.2034502 14.957442 4.7334032 8
-2.1040351 5.3547611 1.0613811 10
-2.1237893 6.2963386 1.4544203 13.5
-2.1653783 5.3937387 1.5901769 14.5
-2.1817334 5.5359683 1.5531867 12.5
-2.1753497 6.2975063 1.5202155 14
-2.1067224 5.1749058 1.7571875 12
-2.1306522 5.3189273 1.7641472 13.5
-2.1940246 5.6557865 1.7263142 11
-2.1145494 5.1610265 1.977867 13
-2.0029304 3.5847197 0.43554759 9
-2.0819089 5.3414292 1.3081137 9
-2.0191412 4.8612676 1.4896195 13
-2.0632153 5.0133467 1.4644939 13
-2.0267866 5.171855 1.5515785 11
-2.077507 5.3363085 1.5194461 10
-2.0925231 5.0338583 1.7597613 15
-2.050334 5.1586447 2.1125383 14
-2.0869715 5.1340637 2.3992429 15
-1.9506665 3.5149486 0.16659674 5
-1.9194173 2.6765523 0.25210235 4
-1.9285783 3.2806945 0.24552444 6
-1.9307559 3.647671 0.21383302 6
-1.9090376 3.4551983 0.45336211 9.25
-1.905283 3.3174531 0.52203637 9
-1.915159 3.4337475 0.57707912 10.5
-1.9468408 3.5345867 0.5461657 10.75
-1.9035323 3.6332128 0.5105356 9
-1.9035637 3.3861442 0.68450534 11.5
-1.907708 3.4893177 0.62175298 12
-1.9288534 3.6044481 0.67751801 9
-1.9265409 3.3652983 0.75882947 10
-1.9078364 3.4443309 0.70990592 14
-1.9420004 3.5383458 0.74610639 11.5
-1.9448142 3.6139262 0.75593477 11
-1.9071215 3.2987907 0.80909961 11
-1.9040685 3.377703 0.85599011 11.25
-1.9333824 3.4822023 0.8513335 13
-1.9216365 3.5666754 0.86724633 9.666667
-1.9217286 3.2173269 0.97525764 12
-1.9214832 3.3826678 0.95426893 13
-1.9448766 3.4678309 0.96296078 11
-1.9411238 3.5323036 0.92565775 12.125
-1.9190778 4.8637781 0.93857729 14
-1.9351854 3.2960768 1.0448562 13
-1.9119985 3.3472347 1.0344692 12
-1.9227872 3.431824 1.0615793 11.666667
-1.9321958 3.5652006 1.0233282 12.5
-1.9155982 4.9734974 1.0356371 10
-1.9017272 3.2986946 1.1430947 14
-1.9202696 3.3425128 1.1653134 13.333333
-1.9321996 3.4460921 1.1396604 12.75
-1.9279702 3.5100303 1.1543148 12.333333
-1.9487398 3.1209538 1.2937087 14
-1.9209303 3.1400363 1.3349159 13.5
-1.9443771 3.2229476 1.3903266 14
-1.9092711 3.3561778 1.3720522 14.25
-1.9523537 3.4641464 1.3478253 12.75
-1.910313 3.5297854 1.3475441 12
-1.9911109 4.9205174 1.3176689 12
-1.9392481 3.4402375 1.4475232 14.5
-1.9844835 4.7183867 1.4136175 13
-1.924053 6.4251676 1.4845482 11
-1.9724391 3.2082145 1.5866039 15
-1.9327856 3.374887 1.567282 12.5
-1.9323593 6.446517 1.5410696 12.25
-1.9117992 2.998858 1.6248167 14
-1.9267696 3.1765883 1.6798728 15
-1.9171838 3.4256628 1.6288303 14.5
-1.9419384 3.3570971 1.7305589 14.666667
-1.9078969 6.3826323 1.7563276 13
-1.9290211 3.2986364 1.9410138 15
-1.9430473 3.383816 1.9525398 15
-1.9360673 3.3833981 2.0064762 14
-1.9309527 3.2913454 2.2539072 15
-1.9623967 4.9040823 2.2503181 15
-1.8469472 3.1908002 0.016613238 7
-1.8255954 3.0467751 0.14272383 4
-1.8613493 3.3574872 0.19210622 7
-1.8435503 3.4270012 0.13163161 8.333333
-1.8207033 3.6473227 0.16282137 4
-1.8391542 2.3215184 0.21477315 5
-1.8370824 3.0737338 0.23922162 6.3333335
-1.8412429 3.4521074 0.26466119 8
-1.8365096 3.5558326 0.24272403 9
-1.8467716 3.6658893 0.2736527 8
-1.8681769 3.253757 0.36251402 8
-1.8710194 3.3491187 0.39225927 9.5
-1.8731048 3.4372177 0.35992423 8.6000004
-1.8642703 3.5828235 0.30994108 8
-1.8842907 3.6599677 0.37428585 8
-1.8651549 2.6375754 0.40539595 7
-1.8002951 2.9729445 0.4602772 9
-1.8377749 3.0601196 0.40546179 10
-1.8607262 3.2558715 0.49522728 10
-1.8692288 3.3550746 0.48068327 9.333333
-1.8791637 3.4460421 0.46149573 8.5
-1.8722249 3.5633347 0.49929899 9.5
-1.820014 3.0417087 0.56300414 12
-1.847376 3.2548997 0.57450974 10
-1.8779497 3.3496029 0.54705352 10.125
-1.8789642 3.4558802 0.52315795 10
-1.8888942 3.5005403 0.52007997 7
-1.803292 3.0939674 0.61668831 11
-1.8207608 3.1930599 0.64372468 12.5
-1.8685161 3.4346862 0.63662171 10.833333
-1.8671257 3.552366 0.64813131 10.5
-1.8960413 3.6495056 0.67382377 9
-1.8123337 2.8582544 0.76599467 10
-1.8433635 3.086482 0.73067987 14
-1.8147817 3.1231403 0.71194112 13.333333
-1.8751013 3.2321594 0.77660722 11
-1.8784422 3.3601928 0.76709569 12.875
-1.8465098 3.4461882 0.73549706 11.666667
-1.8477823 3.542532 0.78665781 14.75
-1.8478792 3.125097 0.87543386 11
-1.8375293 3.2136207 0.80986339 9
-1.8890527 3.3349192 0.84696865 14.5
-1.8612493 3.4598887 0.83897531 13.25
-1.8941152 3.5145926 0.85137546 12.5
-1.8343822 3.6466203 0.82723546 10
-1.8854194 4.7005405 0.8603124 11
-1.8941271 4.8890362 0.87017918 8
-1.8279296 3.057493 0.94963461 13
-1.8607523 3.1747661 0.96879649 12
-1.8760567 3.3802991 0.96159196 14.166667
-1.8684396 3.4219079 0.93786299 12.333333
-1.8964981 3.6007779 0.95581669 14.5
-1.8221732 3.0503502 1.0084283 11.5
-1.8089576 3.1346414 1.0699198 12
-1.8693329 3.340065 1.0299748 12.25
-1.8735209 3.4417477 1.0409909 14.5
-1.8955401 3.5490146 1.0831853 12.5
-1.8382283 3.0049987 1.150912 12
-1.8774649 3.3793321 1.1426758 15
-1.8556703 3.4610989 1.1777714 12.5
-1.8666924 3.5727241 1.1831274 15
-1.8627495 3.3594272 1.2231414 14
-1.8897125 3.4410658 1.2493004 13.333333
-1.8808144 3.536911 1.250929 14.5
-1.895025 4.5921078 1.271481 12
-1.8069037 2.9679732 1.3515494 14
-1.8421712 3.3459768 1.342939 14.333333
-1.8845347 6.3682241 1.3634765 9
-1.8904418 6.4286299 1.3209053 8
-1.8841224 3.2528396 1.4234892 13
-1.8346974 2.9487505 1.542274 12
-1.8844353 3.4651477 1.5242846 13
-1.8559017 4.694623 1.5730947 15
-1.894015 3.1389272 1.6022395 15
-1.8918567 3.2179453 1.6370707 15
-1.8949487 3.4465914 1.615472 14
-1.8922786 3.3285129 1.726166 15
-1.8770717 6.3025627 1.7352878 15
-1.8003182 2.9549034 1.8261297 15
-1.7499092 3.0756199 -0.15364696 7
-1.7024574 2.6354456 0.023440879 4
-1.7836454 3.1244488 0.023927391 3
-1.7626399 2.1594751 0.13306676 4
-1.7665145 2.9479718 0.14757983 6
-1.7122855 3.2831287 0.14438638 1
-1.7479388 1.8688034 0.28582117 8
-1.7427541 2.6155 0.27866301 8.5
-1.76258 2.9506602 0.25922149 6
-1.7517691 3.1031945 0.20368835 7
-1.7301733 3.5057974 0.28137377 10
-1.7227125 2.2495353 0.38396206 11
-1.7741009 2.3304017 0.36401501 7
-1.7404644 2.401016 0.39508247 10
-1.7501822 2.9783225 0.32077622 8.5
-1.7937459 3.0309243 0.35837284 9
-1.7699784 3.1111705 0.3564454 7
-1.7759405 2.8743331 0.43268135 11
-1.7176754 2.9538755 0.43471965 9.8000002
-1.7164968 3.5920334 0.40637022 8
-1.7277707 2.7761424 0.54301411 11
-1.7346203 2.8622539 0.57473463 10.333333
-1.7672135 2.9406316 0.58752501 11.5
-1.7879386 3.068064 0.54498166 13
-1.7383925 3.4775496 0.52969915 12
-1.799433 3.7273636 0.57131898 9
-1.7044644 2.8238962 0.61177266 13.5
-1.7581346 2.9246728 0.63703704 12.333333
-1.7919217 3.2473912 0.63647872 12
-1.74145 3.3355448 0.65194827 13.75
-1.7437713 2.8515542 0.70952666 10
-1.7518007 2.9444952 0.73843527 12.875
-1.799109 3.1665654 0.74214613 9
-1.7713773 3.5505188 0.72417819 14
-1.7336762 3.674901 0.71852338 9.5
-1.7952443 3.7013478 0.7922594 10
-1.725383 4.465168 0.73802078 10.25
-1.7856691 5.578156 0.73530984 3
-1.747784 2.7480888 0.87879133 14
-1.7105886 2.8276722 0.85252923 12.75
-1.7606021 2.9293072 0.83571893 14
-1.7384132 4.4265399 0.82838637 14.5
-1.7051018 2.7045171 0.95251 14
-1.7743958 2.9381986 0.95528853 15
-1.7968025 3.0962517 0.94448501 15
-1.7812459 3.1163239 0.9241426 11
-1.7705829 3.4390662 0.93741906 13
-1.7587548 3.5156808 0.96599704 14
-1.7119294 2.6756115 1.0867652 13
-1.7199726 2.7640352 1.0579633 12
-1.7377791 2.8469758 1.0224968 13
-1.7808219 3.1456494 1.077911 13
-1.7519469 2.7818999 1.1625464 12.5
-1.7505952 2.8592279 1.1435699 12
-1.7391341 2.9946077 1.1738011 15
-1.7602969 3.0564756 1.1495126 13
-1.7895279 3.1731136 1.1930906 15
-1.7182086 2.5637214 1.2874641 15
-1.7348336 2.7965708 1.3579406 12
-1.7406472 2.8403711 1.3408631 13
-1.7788094 2.9998324 1.3610667 15
-1.7438895 3.0278523 1.3154384 13
-1.7928326 3.1745338 1.3368353 14
-1.7242265 2.6526549 1.4451432 14
-1.7005371 2.7019553 1.483574 14
-1.7882645 3.0708339 1.4631031 15
-1.7007079 2.6392021 1.6596763 15
-1.7102283 2.5788689 1.7313921 14.5
-1.7619928 2.6758804 1.7239361 13
-1.7334454 3.504039 1.7169737 15
-1.7586994 2.3922145 1.8169794 15
-1.7670033 2.6595204 2.0103097 14
-1.6099265 1.9304934 -0.043259207 5
-1.6228665 2.903142 -0.075912356 8
-1.6239556 1.7381921 0.045532297 4
-1.6962126 1.8692534 0.054594941 3
-1.6726667 2.3938174 0.0025025595 5
-1.6634146 2.4201963 0.066998757 7
-1.6998932 2.5803301 0.034421146 6
-1.642444 2.6872292 0.048065014 0
-1.6770569 2.7431064 0.072019033 7
-1.6037084 2.8831985 0.084153555 0
-1.6684179 2.2755699 0.13881335 7.5
-1.6552383 2.3757205 0.10039528 6
-1.6857803 2.4037442 0.10577935 6
-1.6291764 2.7205441 0.18866101 9
-1.6844169 2.9597094 0.19423942 10
-1.6967989 1.7169942 0.2378701 8
-1.6596631 1.9176682 0.24621196 7
-1.6302706 2.5491719 0.28113198 8.5
-1.6513237 2.9317222 0.26976785 9
-1.69727 3.0794904 0.22944863 10
-1.6408167 2.3031034 0.31484178 10
-1.6132325 2.6721356 0.39639673 10
-1.6526554 2.7475095 0.36465222 9.75
-1.6669497 3.6246936 0.34360793 10
-1.6029583 2.4662118 0.47365531 12
-1.6444136 2.5631526 0.45743993 12.333334
-1.6660906 2.7662177 0.45613062 11.333333
-1.6938649 2.8494101 0.40571821 9
-1.6855646 3.4924531 0.40795872 9
-1.6204668 2.4323466 0.52585518 11.5
-1.6601379 2.517338 0.5139755 11.5
-1.673605 2.6377466 0.55369687 12
-1.6888292 3.5905554 0.58270168 11
-1.6173625 2.3464212 0.66134846 12.5
-1.6455429 2.5554283 0.65242434 12.5
-1.6244116 2.6416855 0.64771205 10.5
-1.679736 2.8597021 0.66353601 12.25
-1.6378003 2.9328835 0.61280435 14.5
-1.6728178 3.075536 0.603531 14
-1.6200343 4.4251232 0.66854531 10
-1.6637189 2.6261678 0.71811837 14.5
-1.6954885 2.7517996 0.74031526 11
-1.6742433 4.4813023 0.77955109 11
-1.6350352 2.4655426 0.84156162 13
-1.6340092 2.5515268 0.83213568 12
-1.648515 2.6936932 0.88009626 12
-1.6112524 3.472769 0.84314662 13.5
-1.6993315 4.4628458 0.81352103 12
-1.6238025 2.2811313 0.9847002 13
-1.6196294 2.4336226 0.91195065 13
-1.6462722 2.6683047 0.95238227 13.666667
-1.6779494 2.7361925 0.94152969 14
-1.6089218 3.6497686 0.93997353 11
-1.6642926 2.5450435 1.0628774 12.5
-1.633352 2.6222241 1.0500597 13.5
-1.689482 4.3312888 1.0791987 15
-1.6400682 2.4493282 1.181411 13
-1.6376724 2.6443748 1.1426781 15
-1.6342845 2.4505684 1.2466358 13
-1.6039099 3.4022429 1.210802 13
-1.6363281 2.3433373 1.3573111 14.5
-1.6596766 2.4343617 1.3997937 14
-1.6777537 2.8451111 1.3057494 14
-1.6437489 2.4399042 1.4772656 14
-1.691061 2.665679 1.4361528 15
-1.6420194 2.3547499 1.5518215 15
-1.6968549 2.6445124 1.5120518 14
-1.6374373 2.4136481 1.770131 14
-1.6831446 2.525192 1.8076209 14
-1.5041034 2.0039654 -0.11375821 4
-1.5868751 2.1923864 -0.122488 3
-1.587262 2.1533208 -0.048268177 5.5
-1.5976673 2.362169 -0.097766094 5
-1.5722231 1.598147 0.047023948 4.6666665
-1.574297 1.6458771 0.018382948 5
-1.5494539 1.7709676 0.099328369 8
-1.5834652 1.8931552 0.087424912 6
-1.522328 2.2522395 0.094823718 8
-1.5025836 2.3776505 0.098765306 3
-1.513911 2.652333 0.049746916 0
-1.5224532 1.4662812 0.1020661 8
-1.5422508 2.3308504 0.12376244 4.5
-1.5870119 2.5061293 0.18242677 7
-1.5829201 2.6320457 0.17306224 7
-1.5584062 3.1223309 0.11960249 0
-1.5770032 1.5259057 0.29416549 8
-1.5865742 1.6293441 0.2835829 10
-1.5721877 1.8228633 0.21925491 9
-1.5649557 1.9662417 0.22336359 9.5
-1.5620019 2.3091679 0.26091653 6
-1.545292 2.4335361 0.28067264 10.25
-1.5078993 2.1367207 0.39883342 11
-1.5294778 2.2515967 0.35848618 10
-1.5152715 2.3934343 0.33244392 9.5
-1.5092826 2.4579258 0.39267603 11
-1.573064 2.5466821 0.34233999 10.666667
-1.5985692 2.6413121 0.34282932 10
-1.5115447 3.7949646 0.3452048 6
-1.5469761 2.2678776 0.43009263 8.5
-1.5177122 2.3320901 0.43617606 13
-1.5524603 2.4624727 0.45285565 11.333333
-1.5902762 2.5484006 0.49473345 12.5
-1.5906584 2.603837 0.41167596 11.5
-1.5322191 3.7537737 0.43729845 8
-1.5106261 2.0800169 0.59268767 11
-1.5031422 2.1378684 0.58462411 13
-1.5649164 2.2509139 0.54506594 12
-1.5149378 2.3737113 0.54816514 11.5
-1.5592184 2.4822896 0.54407167 12
-1.5941693 2.5632048 0.57414174 14
-1.570403 3.6104968 0.57363379 10.5
-1.5291336 2.198633 0.69615453 12
-1.5656252 2.4551039 0.67432702 14
-1.5764788 3.5988829 0.63959581 11
-1.5117939 2.0466352 0.7205174 11
-1.5287955 2.2381639 0.76687181 11.5
-1.5539349 2.4487813 0.78035182 15
-1.5125154 3.7272387 0.72838712 11
-1.5446516 2.143955 0.86475915 12
-1.5751097 2.3924298 0.85267651 11.5
-1.5472124 3.682405 0.85163909 12
-1.5149549 2.0436552 0.97712934 14
-1.5245556 2.2108414 0.97821611 12.5
-1.5553936 2.3214228 0.95814496 13
-1.5221913 2.1522069 1.0587499 14
-1.5613451 2.2508459 1.0453649 12
-1.5728081 2.4083838 1.0399559 15
-1.5008126 1.5955325 1.1501969 13
-1.5125595 2.0529089 1.1692783 13
-1.5540813 2.1162927 1.1115834 15
-1.5597733 2.2572927 1.1232264 13
-1.5741068 2.3808951 1.1294879 15
-1.5006311 1.9899657 1.2261348 14
-1.5490422 2.0162802 1.2129657 14.5
-1.539452 2.1611013 1.2513231 15
-1.5654104 2.248862 1.2580659 15
-1.5945942 2.4229338 1.2313204 14
-1.5836433 6.8242297 1.2375245 5
-1.5420212 2.1418648 1.366824 14
-1.567057 2.2504325 1.3502439 15
-1.5734196 1.9054239 1.435057 14
-1.5234861 2.0545173 1.4630985 15
-1.5609751 2.1537571 1.4434887 14
-1.5863371 2.2639563 1.4275063 14
-1.5838529 2.393945 1.4971735 15
-1.5265685 2.075841 1.5138266 15
-1.5398653 2.0384586 1.6400899 14
-1.5611508 2.1686962 1.6253948 14
-1.5446444 1.925189 1.7553388 14
-1.5726315 2.1423454 1.8887844 15
-1.4348414 1.8011588 -0.22242273 2
-1.4841721 2.0524728 -0.13756721 6
-1.4937136 2.4583125 -0.14420994 7
-1.4765432 2.5723214 -0.042002313 3
-1.4279644 1.5486108 0.013536843 9
-1.4668212 1.6369451 0.044121441 7
-1.441116 2.2857547 0.099355489 10
-1.4900109 2.3683066 0.049977783 8
-1.4919547 2.4561107 0.061949231 9
-1.4120798 2.9677701 0.0050099944 2
-1.4852315 1.2027438 0.1409107 7
-1.4546087 1.5801047 0.14245854 8
-1.4368401 2.0491974 0.17357096 9.5
-1.4593203 2.2396617 0.14295888 8.833333
-1.4277521 2.0430672 0.24358681 10.625
-1.4120795 2.1525571 0.24364252 10
-1.4814867 2.2496119 0.25327274 9.5
-1.4615347 3.6120329 0.24854971 9
-1.421723 1.9847084 0.36617786 10.625
-1.4842782 2.2336445 0.33422995 10
-1.4126331 1.7241875 0.45826787 9
-1.4203827 1.8844515 0.4888728 13
-1.423254 2.0359008 0.46600154 13
-1.4521815 2.1246414 0.4391436 13
-1.4791611 2.2491658 0.44728887 13
-1.4474036 1.966449 0.51085705 12
-1.49942 3.5619829 0.55515575 10
-1.4434266 3.7738307 0.50754774 10
-1.4267128 4.032589 0.58954078 6
-1.4025793 1.7516769 0.67430794 14
-1.4493889 1.860842 0.64648336 12.333333
-1.4133424 2.0258212 0.648974 13.5
-1.4878515 2.2768812 0.65728521 14
-1.4733808 3.6642952 0.68270528 14
-1.4239208 1.8434414 0.75150144 13
-1.4412433 1.943607 0.72895306 12.5
-1.4800627 2.2534859 0.7030192 15
-1.426898 3.6308095 0.73900032 12
-1.4110682 3.7610977 0.77379197 9
-1.4228275 4.4688482 0.73420769 11
-1.4371177 1.732993 0.84063667 12
-1.4132935 1.8925527 0.80859268 12
-1.4140201 1.942435 0.86813515 14.5
-1.4981639 2.0214915 0.8736819 12
-1.4455868 2.1203763 0.86960417 14
-1.4731789 5.8701954 0.80971467 2
-1.409739 6.2752428 0.81970316 0
-1.4226536 1.7596912 0.96072799 13
-1.4807144 1.8387567 0.95036119 13
-1.4718095 3.509527 0.9604212 14
-1.4315408 1.8309363 1.0227814 15
-1.423594 1.9935547 1.0260284 13
-1.4990447 3.7254107 1.0081251 12
-1.414838 1.6545892 1.12293 14.5
-1.4769553 1.953539 1.1456182 13
-1.413371 3.6579323 1.1391047 15
-1.4822136 6.781528 1.1007609 2
-1.4555938 1.8772395 1.2449323 14
-1.4132475 1.6563631 1.3112749 14
-1.489168 1.8964704 1.3681498 15
-1.4722033 3.588963 1.3690155 14
-1.4079891 1.7023205 1.5411506 15
-1.4934379 1.9079083 1.5485499 15
-1.3014615 1.2692038 -0.27108115 3
-1.3425947 1.3922342 -0.26160884 2
-1.3764598 2.05316 -0.21601939 7
-1.3060532 1.146993 -0.16915104 6
-1.3652234 1.279907 -0.16466317 5.5
-1.38174 1.6578947 -0.17430717 4
-1.3877441 1.0679669 -0.034235459 7
-1.3914419 1.4213294 -0.053923152 7
-1.3507473 1.8812339 -0.043529492 7.5
-1.3778915 2.8167453 -0.016426593 2
-1.3432366 1.1994406 0.067815341 9
-1.3913299 1.9673744 0.030742511 2
-1.3863126 2.0387943 0.098887876 8
-1.3421987 1.4568589 0.15774672 7
-1.3386315 1.5413224 0.12412439 8.5
-1.3504288 1.6790317 0.15234481 8
-1.3290671 1.7297903 0.15697549 8.833333
-1.3273067 1.8366145 0.1482271 9
-1.3224136 1.9207653 0.13223942 8
-1.3039737 3.3883388 0.15858191 0
-1.3743445 3.5080271 0.11826857 3
-1.311323 1.4937134 0.2111742 9
-1.3383373 1.5360054 0.25232768 13
-1.3476501 1.6619847 0.26917928 9
-1.3307424 1.7519222 0.21786956 10
-1.3618212 1.8530017 0.22748509 10.5
-1.3657726 1.9687344 0.24315162 12
-1.385021 2.0332673 0.26844054 10
-1.3494653 3.8579865 0.28974602 4
-1.3060398 1.3734319 0.38059291 9
-1.3257635 1.4622543 0.35193634 10.5
-1.3594068 1.6448601 0.36167842 11.666667
-1.322494 1.7290691 0.34571588 14.5
-1.3224111 1.8107846 0.32816422 11
-1.3830969 1.9612542 0.30790573 13
-1.346527 1.6456159 0.42011636 14
-1.3279763 1.7615622 0.48453301 13.25
-1.3777063 1.8805947 0.4602589 13
-1.3203679 1.5458438 0.54820859 14
-1.3195318 1.6669378 0.56946671 13
-1.3061162 1.7167791 0.59980601 13
-1.372362 1.9314674 0.59896481 11
-1.3210213 3.6927679 0.52930355 10
-1.3082274 3.8224449 0.51868814 10
-1.3552014 1.5634987 0.64218903 11
-1.3523324 1.652378 0.64912951 13.666667
-1.3810292 3.5819976 0.63324505 13.5
-1.3672757 3.6456206 0.63170576 11.333333
-1.3073601 1.4187715 0.74969625 14
-1.3210187 1.5301611 0.73821741 15
-1.3524263 1.6479669 0.74989229 13.5
-1.331715 1.7026533 0.74553943 12
-1.3105121 1.3987218 0.80805671 13
-1.3214761 1.4379244 0.84664357 13.5
-1.3375587 1.5300409 0.85057801 12
-1.3977882 1.7835746 0.81471896 13
-1.3769962 1.8865492 0.83946103 14
-1.3493758 3.7933528 0.88050389 11
-1.358791 4.8047523 0.85515887 15
-1.3424829 1.5841528 0.95263654 13.5
-1.3162371 1.6161623 0.90486282 14
-1.3240652 3.570431 0.95050943 13.333333
-1.3475289 3.728754 0.9972617 11
-1.3277371 1.4484055 1.0648514 13.5
-1.3318495 1.5018299 1.0126673 14
-1.3947463 1.8867475 1.0193139 14
-1.3204092 1.4099786 1.1276896 12
-1.3588626 1.5160395 1.1436652 14.333333
-1.3503166 1.7427187 1.1226765 15
-1.3963642 1.8538288 1.112465 15
-1.3515657 6.8363385 1.1935827 5
-1.3986844 1.9134758 1.2598143 15
-1.306879 1.3322231 1.309642 15
-1.3150138 1.4732794 1.3835131 15
-1.3481764 1.5156753 1.357342 14
-1.3074498 1.3820972 1.4366294 15
-1.3826121 1.5632225 1.4057821 14
-1.385439 1.5979563 1.5702013 15
-1.3318158 1.390052 1.8741243 14
-1.3702437 1.4608155 1.8778007 15
-1.2259709 0.87670439 -0.22757228 5
-1.2066225 1.0346165 -0.27775007 4
-1.2350365 1.6352758 -0.1470613 2
-1.2514218 0.67045373 -0.035799261 8
-1.2906178 1.0254556 -0.053907078 6.5
-1.2663854 1.2614297 -0.064109191 5
-1.2473092 1.3012075 -0.062309667 6
-1.2903261 1.6494246 -0.0051572882 7
-1.2911309 2.2373993 -0.095917061 2
-1.2602304 2.7867301 -0.015099158 1
-1.2365465 1.2281108 0.0030931018 7
-1.2535095 1.6333648 0.04627414 8.625
-1.2094309 1.822423 0.0061973934 2
-1.2829956 2.0986638 0.054721639 1
-1.2124493 2.1980023 0.06331373 0
-1.291887 3.0578961 0.02775627 1
-1.2231593 1.196799 0.16349742 11
-1.2154759 1.4471905 0.16194881 11
-1.2405877 1.5690989 0.16535848 10.166666
-1.2840034 1.7171689 0.19075458 9.5
-1.2366791 1.2729347 0.21579619 8.5
-1.2218144 1.3446141 0.27052206 12
-1.2306052 1.44776 0.26197889 12
-1.2525854 1.5845973 0.24027833 11.666667
-1.2739265 1.7010618 0.2522158 13
-1.2012818 1.3608152 0.32462943 12.5
-1.2045603 1.4542112 0.34142697 13
-1.2790195 1.5970519 0.3326152 13.75
-1.275383 1.3792511 0.4335281 13.333333
-1.2495502 1.5480857 0.43801567 13
-1.2470863 3.6787109 0.4449113 9
-1.2298442 3.746098 0.44212198 9
-1.2236423 1.1495973 0.52064759 15
-1.2036914 1.2115414 0.50844324 11
-1.2267967 1.4504641 0.57837564 12.333333
-1.2592814 1.6047904 0.50771129 9
-1.2673092 3.5764735 0.50208819 10
-1.2567174 3.7529447 0.52393645 11
-1.2074583 3.834197 0.51900899 9
-1.2564344 1.3290083 0.6529811 12
-1.2853687 1.6375819 0.61601692 15
-1.2552581 3.6459196 0.62124324 10
-1.224924 1.2594591 0.76807141 11.666667
-1.2052997 1.3537685 0.78794611 14.5
-1.2854744 1.5447376 0.78596652 12
-1.2471097 3.6695728 0.73517668 11.5
-1.2432123 3.8202691 0.79703587 10
-1.2067363 1.173618 0.82537335 14
-1.2818936 1.3922896 0.80798036 14
-1.2628088 1.509174 0.82375646 13
-1.2659578 3.7827923 0.85481375 12.5
-1.2453998 4.7953496 0.81812334 11.666667
-1.2089875 4.8494406 0.85920209 9
-1.2378147 1.0515722 0.90933478 13
-1.247774 1.2441969 0.92816359 12.5
-1.266744 1.3575529 0.98156035 11
-1.2850981 1.529139 0.94345325 13.5
-1.2329856 3.5895441 1.0835531 15
-1.2131133 3.8006449 1.0686463 14
-1.2827621 4.7116599 1.0365143 15
-1.2024194 1.0174028 1.1989928 14
-1.2991625 1.2236284 1.1914937 13
-1.2510189 1.3398856 1.1446016 13.5
-1.2193943 3.6108816 1.1699829 13
-1.2288313 0.47348949 1.2429928 14
-1.2209978 1.0246586 1.2401078 14.5
-1.2560756 1.177314 1.2522998 14
-1.2108177 1.0651797 1.346145 14
-1.2015551 1.1959721 1.3829908 13
-1.2205906 1.0237699 1.4470483 15
-1.2633624 1.2926829 1.6048505 15
-1.2498168 1.0836474 1.715531 15
-1.2447962 1.1831325 1.7253338 14
-1.1972222 0.67029357 -0.25108847 4
-1.178942 1.1307757 -0.20917302 7
-1.1765492 1.2581031 -0.14353177 8
-1.163957 1.5702474 -0.1354879 3
-1.1863793 0.82810646 -0.061887708 9
-1.1188612 1.7703789 -0.017653454 1
-1.1766392 2.4795277 -0.061247654 1.5
-1.1168268 0.2495375 0.022030903 10
-1.1680846 0.43383402 0.039423075 10
-1.1296946 0.90699303 0.085269906 8
-1.1465322 1.2290637 0.093165964 10
-1.1148866 2.9729753 0.015734136 1
-1.1651391 3.5109513 0.093365304 2
-1.1273948 3.7126646 0.095986187 8
-1.1521441 1.1252296 0.1532447 10.666667
-1.1340321 1.242479 0.18160944 12.333333
-1.1495327 3.4005475 0.10091501 2
-1.1177181 0.87094069 0.27500597 9.5
-1.1398804 1.0001354 0.28293461 12
-1.1447539 1.212859 0.26150861 10.25
-1.175384 1.3604729 0.21774952 9.5
-1.1239694 3.7391393 0.28048608 8
-1.1139321 0.81435108 0.33768687 14
-1.1157234 0.97267574 0.34395191 12.5
-1.1033815 1.0436368 0.32177776 10
-1.1522994 3.6786017 0.32525772 9
-1.1116254 0.8781454 0.49792108 9
-1.1762675 1.0213033 0.43731597 10
-1.1663728 1.3168391 0.42620683 13
-1.1193627 3.6396134 0.41267821 9
-1.1461865 3.7222018 0.40645656 9
-1.1353602 3.8997746 0.45310786 2
-1.1403567 0.96455002 0.55398005 12
-1.1953501 1.0586308 0.59576011 11
-1.1690565 1.1136945 0.5840714 13
-1.1562521 1.2467926 0.52502197 10
-1.168139 3.678838 0.54647267 10.5
-1.1852976 4.1123009 0.57248122 5
-1.1271513 0.87155151 0.6974085 12
-1.1600164 1.0023483 0.61597091 11
-1.1687417 1.2263882 0.69529718 11
-1.1816823 1.3411384 0.62619853 14.5
-1.1399446 3.6595695 0.64517498 10
-1.1882229 3.7049248 0.66955698 12.5
-1.1587393 0.99372417 0.76295066 13.5
-1.1916873 1.187971 0.76412183 12
-1.1479393 3.6940942 0.73209488 12.5
-1.1201706 3.8944712 0.72799832 9
-1.1409451 0.8512646 0.80613327 11
-1.1302906 0.98538452 0.82898629 15
-1.1490266 1.0448872 0.85980016 13
-1.1818846 1.3690256 0.83794504 13
-1.1558508 3.6386802 0.83176386 11.5
-1.1481874 3.8623269 0.80576587 10
-1.1571001 1.0473481 0.97252768 13
-1.1660211 1.1451919 0.93972486 12
-1.1486293 4.7757626 0.95803988 14
-1.1597157 6.2974768 0.92610115 2
-1.1057959 0.68492144 1.0372399 13
-1.136417 1.0960673 1.0158705 13
-1.1476963 1.1381096 1.0633562 13.5
-1.171232 3.5823288 1.0717143 15
-1.1138502 6.5519967 1.0145876 3
-1.1057173 0.62712586 1.1645839 14
-1.116406 3.7143455 1.121019 15
-1.1335448 4.7789569 1.1924914 12.5
-1.1521082 0.81653684 1.2129465 14
-1.1422836 1.0616269 1.2544416 15
-1.1926926 3.5266011 1.2102337 14
-1.1162888 3.7677345 1.2100956 13
-1.1207088 6.9391847 1.2157177 4
-1.1480422 0.74870598 1.3682112 15
-1.1663657 0.94457781 1.3368717 13
-1.1724995 1.0276729 1.3597885 15
-1.1609269 0.93490857 1.569605 15
-1.1538464 1.0196067 1.5278772 15
-1.1219403 3.7171261 1.5566032 14
-1.0227176 0.5591141 -0.35183015 2
-1.0698378 1.1456343 -0.25374722 1.5
-1.0276786 1.567046 -0.25869936 0
-1.0364193 1.728173 -0.1434129 0
-1.0828809 0.37265223 -0.037054412 7
-1.0513828 0.91304725 -0.057009146 7
-1.0279914 2.2547128 -0.093800776 1
-1.0336918 2.6161344 -0.055315241 1
-1.0129706 0.48370203 0.042749748 11.25
-1.0120112 0.57697332 0.083866306 12
-1.0724527 0.75912148 0.053063944 11
-1.0552518 0.89784479 0.087115973 12
-1.0433877 0.99295962 0.083734341 12
-1.062135 0.67540777 0.15088725 12
-1.0572107 0.76680762 0.1499662 10.75
-1.0273951 0.86892796 0.17368071 9.5
-1.0731666 0.95499796 0.16276734 13.25
-1.0773373 2.5982621 0.13732143 1
-1.0737753 3.5020945 0.17130958 0
-1.0126666 0.49925366 0.25194213 13.5
-1.0390946 0.7680788 0.26086265 13
-1.0392963 0.87637109 0.26010701 11.75
-1.0378884 0.953933 0.25734806 11.25
-1.0968173 1.1029615 0.20145908 14
-1.0396329 3.0621026 0.22237103 3
-1.015523 0.41788238 0.318189 11
-1.0619707 0.56983066 0.34529647 9.5
-1.0679438 0.7975089 0.38662571 13.5
-1.0581815 0.68971074 0.43015921 11
-1.0655452 0.89947557 0.44204894 12.5
-1.0878125 0.97539228 0.45502365 12.333333
-1.0625314 1.0569911 0.49241155 11.25
-1.0999013 3.8823147 0.41121042 8
-1.0411922 3.9739201 0.40605962 7
-1.0708902 0.77881432 0.53452998 12
-1.0338963 0.82409364 0.58695179 11
-1.0259721 0.93697655 0.53891009 12.5
-1.0974456 1.0534713 0.5221898 12
-1.0112822 0.35378325 0.6375224 11.5
-1.017646 0.44434538 0.6553241 11
-1.0159928 0.80271024 0.66042674 13
-1.0816598 0.93884367 0.67597324 12
-1.0907438 3.6919556 0.63348544 15
-1.0412457 0.64028496 0.74921113 10.5
-1.035254 0.72295576 0.75294745 12
-1.0761272 0.9715777 0.75225067 14
-1.0180818 3.655143 0.78323895 11
-1.0091506 3.7477698 0.75776339 11
-1.0899193 4.8873043 0.72546834 10
-1.0066296 0.42094278 0.80766344 13.5
-1.0506952 0.55709642 0.87028921 12
-1.0011903 0.69426548 0.80906183 12
-1.0507513 0.74889553 0.84442312 14
-1.082643 0.9418509 0.89467752 12
-1.0791967 3.6886556 0.82930583 11
-1.0487057 3.7315011 0.8013292 15
-1.0302171 0.79638422 0.99658674 12
-1.0513815 3.6962466 0.99241477 12
-1.0429821 0.44819927 1.0715842 13
-1.0445718 0.55208319 1.019089 13
-1.0410094 0.6625911 1.0913485 14.5
-1.0477567 0.81702709 1.0855377 13
-1.0114394 0.44236737 1.1253467 14
-1.0737695 0.72197312 1.194545 14
-1.0188553 0.27908641 1.2922498 15
-1.0083674 0.62612247 1.2646707 15
-1.0524434 0.56206352 1.3065339 15
-1.0355802 0.42440817 1.4229685 15
-1.0944192 0.68119884 1.4386926 13.5
-1.0923636 6.6519651 1.5956193 14
-1.0880711 0.86508065 1.6526651 15
-1.0895189 0.31894821 1.7509608 15
-1.0842804 0.71978319 2.0628452 15
-0.94606471 0.38006189 -0.4306626 0
-0.92473656 0.23476586 -0.20610555 8
-0.95908517 0.43783706 -0.21774913 8
-0.92540258 0.31013569 -0.032286495 10.5
-0.93395227 0.69878745 -0.0028278138 8
-0.9231143 2.4210606 -0.0036911333 2
-0.96986306 0.3509711 0.003993588 10
-0.94510734 0.67994195 0.092021249 14
-0.97760963 0.73426408 0.055414833 11.5
-0.91534752 3.1739614 0.047382578 0
-0.92916304 3.3150403 0.048965067 4
-0.91717368 3.417064 0.086772695 0
-0.94677037 0.26795423 0.14621517 10.666667
-0.97466326 0.32841894 0.16384774 13
-0.94486135 0.4553189 0.11271926 12.5
-0.92034549 0.56048197 0.15130807 11.25
-0.92780858 0.64022452 0.12271967 10
-0.99144113 0.75980592 0.16866556 9
-0.98928422 0.82791561 0.15155634 9.5
-0.94292712 0.25785765 0.25276136 9.5
-0.95540082 0.45921406 0.24974048 8.5
-0.96870619 0.76124948 0.24701357 10
-0.97884208 0.88089257 0.23061292 9
-0.91107184 0.15260617 0.30783898 13
-0.93653554 0.2528623 0.34633949 11.25
-0.95852071 0.3721444 0.32140192 9
-0.91289908 0.40444279 0.35109577 12
-0.9411217 0.50734144 0.39789075 14
-0.99549729 0.70711756 0.35299259 13
-0.93138522 0.24089724 0.40530467 10.5
-0.96160263 0.34989452 0.46045229 12
-0.92276424 0.43779841 0.47488841 10
-0.91371661 0.58354533 0.45526645 13
-0.97516346 0.72273535 0.47658238 13
-0.9173286 3.9174197 0.45713139 10
-0.9732632 0.29363987 0.51031101 11
-0.9695335 0.36573464 0.57858407 12
-0.93811911 0.57836622 0.54317814 12.166667
-0.95568496 0.61801368 0.53360575 13.5
-0.99127597 0.70965081 0.56265843 12
-0.99455416 3.8402517 0.57877123 10
-0.93582475 0.16184764 0.66048515 11.25
-0.94370991 0.20462331 0.60537744 12
-0.98876083 0.34194219 0.63006151 11
-0.92079967 0.52318823 0.62729651 13
-0.97617352 3.7436318 0.62980527 10.25
-0.98796076 3.8260431 0.64704829 14
-0.9602443 3.9619503 0.60946167 10
-0.93256366 0.12961602 0.7201972 13
-0.99494505 0.4489632 0.73160774 12
-0.94366992 0.55031514 0.72835612 14
-0.94973123 0.17819522 0.88628107 13
-0.93922693 0.28576174 0.83218986 11.5
-0.95190835 0.5438081 0.82814437 13
-0.9431541 3.717253 0.89620644 12
-0.96601266 3.8535993 0.87455219 9
-0.91201806 3.9096172 0.89738357 10
-0.94523245 0.2027455 0.93866885 14
-0.98753721 0.32991871 0.95813626 13
-0.98135424 0.4093194 0.90364039 15
-0.96301013 0.51126057 0.94855934 14
-0.96158135 0.64346069 0.95330811 14
-0.94422966 3.6361408 0.94532585 12
-0.97377717 4.8389225 0.94639409 14
-0.90862459 0.035236277 1.0177834 12
-0.90122604 0.10956835 1.0748886 13
-0.98292875 0.60601568 1.0804315 14
-0.93490654 0.077872366 1.1435314 14
-0.99328238 0.41410977 1.1292599 12
-0.99295384 3.7299116 1.1433752 13
-0.91636199 0.030841054 1.2148057 13
-0.97261232 0.53618163 1.2288591 15
-0.99020785 6.9682555 1.2372535 5.5
-0.9129945 -0.019433595 1.3646035 15
-0.95229661 0.051703814 1.3491668 14
-0.97369373 0.63013279 1.3370166 13
-0.96345091 3.7391086 1.3217063 15
-0.97620666 3.8132875 1.3623239 13
-0.93017262 7.0087337 1.3120923 6
-0.99417311 0.087976508 1.4772879 14
-0.97687143 0.39065501 1.405426 15
-0.94253027 0.075036652 1.5347697 15
-0.97882164 0.3674331 1.5411998 15
-0.98433024 0.31168467 1.6689963 14.5
-0.97469753 0.36183685 1.7534422 15
-0.81445605 -0.059940699 -0.42934996 3.5
-0.88331813 0.16504292 -0.4616302 1
-0.86749673 1.0099938 -0.3188282 2
-0.84513557 1.1432511 -0.30507046 1
-0.89759612 0.86472845 -0.29950976 2
-0.8206144 1.3280753 -0.28411767 0
-0.87852073 1.4562563 -0.27233443 0
-0.87289143 -0.10801794 -0.19463347 9
-0.81082481 0.0054940819 -0.1169362 9
-0.8742727 0.5945915 -0.10862227 7
-0.8508234 1.8097211 -0.10719104 2
-0.85056275 0.21498273 -0.031803884 9
-0.89647084 0.5115521 -0.010641351 10
-0.87825608 2.2217183 -0.032274514 0
-0.87667346 2.625978 -0.035164714 0
-0.8232013 -0.056879628 0.098781958 10
-0.82193643 0.17667417 0.034444772 11.5
-0.80047846 0.25053421 0.019461758 12.5
-0.87444973 0.3266528 0.020826772 9
-0.87154514 3.1564901 0.049381409 0
-0.83976775 3.5048435 0.091313407 0
-0.80011487 -0.16362871 0.17023593 11
-0.864627 0.16100103 0.15167618 12.083333
-0.85425895 0.26694664 0.14688048 10.083333
-0.85648084 0.37440935 0.11114249 8
-0.87502027 0.42829204 0.18406789 15
-0.84085786 2.7785983 0.18319592 0
-0.83256459 0.13703281 0.25093138 12.875
-0.83258033 0.2492229 0.28914052 10
-0.84482908 0.060046911 0.35840529 12
-0.85842562 0.12256696 0.37799329 13
-0.81922328 0.20522951 0.34364426 10
-0.88832015 0.5306198 0.32323673 12
-0.8133027 4.0379558 0.3074733 5
-0.8361932 0.16672766 0.44525608 10
-0.83089876 0.22244178 0.43248957 11
-0.89797223 3.7589533 0.47141623 10
-0.82332736 -0.0098433411 0.54533011 15
-0.81071794 0.032910548 0.51015669 14
-0.85126394 0.13369009 0.51363385 15
-0.86418045 3.8134625 0.51762873 9
-0.83135676 3.9704857 0.52316546 8
-0.85881662 -0.060441758 0.69811159 13
-0.86519891 0.078672789 0.64426732 12.25
-0.83886373 0.16186796 0.61807323 11.5
-0.88061082 3.7739899 0.62843275 10
-0.85909283 -0.020079991 0.79388469 12
-0.82953155 3.9809165 0.72024864 9
-0.82563764 4.1005569 0.75083435 8
-0.83192605 -0.061871849 0.83667213 13
-0.86697501 0.0084521463 0.87535805 12
-0.89928448 0.18438542 0.81415415 12
-0.80225706 3.7693925 0.82772923 13
-0.8484962 3.9574432 0.80243391 11
-0.84711993 0.045189738 0.98738384 12.75
-0.85822797 3.7563646 0.97854125 13
-0.88066405 3.8804088 0.98206508 11
-0.80696118 4.9478321 0.97337353 10
-0.80811769 -0.026105925 1.0440761 14.5
-0.88766968 0.14663829 1.0045681 13
-0.84037864 -0.02566947 1.1573824 14
-0.87551379 0.0088776182 1.1556242 14
-0.83414829 0.15699449 1.187616 14
-0.84797025 0.078102574 1.2480808 15
-0.85860193 3.7625957 1.2572886 13.75
-0.86658317 0.027614901 1.3097391 13
-0.89612001 3.6796513 1.3718797 15
-0.89943463 -0.044806875 1.4998639 15
-0.89719838 -0.06538707 1.5697805 14
-0.84778655 3.6731198 1.5202092 14
-0.83114463 3.8026149 1.5044405 15
-0.80478638 6.7161345 1.6729293 15
-0.71602714 0.24459608 -0.44307598 0
-0.7947039 0.408261 -0.42208999 0
-0.73374361 -0.17088334 -0.39191291 8
-0.71451324 1.0476139 -0.31911597 1
-0.71812207 1.3620781 -0.20902209 2
-0.70035446 -0.32040158 -0.11062485 9
-0.71400869 -0.17343058 -0.1019576 9
-0.78586125 -0.088380083 -0.17110766 9
-0.74151295 0.094906658 -0.11321906 8
-0.70318943 0.1192973 -0.15473719 7
-0.74112046 0.070905313 -0.01099277 15
-0.77337223 0.14967184 -0.030458281 11.4
-0.77885395 2.1972969 -0.042310491 0
-0.74686605 0.080261424 0.05861849 8.5
-0.72197229 0.13355212 0.075784035 12.5
-0.71645123 0.22625834 0.043941706 8
-0.79531193 2.5728164 0.0025973932 0
-0.78850067 3.3306158 0.064086735 0
-0.76399153 0.075758591 0.14654191 12
-0.76292652 0.1456662 0.15146519 10.5
-0.72114801 0.26852646 0.10183993 8
-0.78212547 0.03005122 0.26159078 11.5
-0.76381463 0.12345072 0.24211508 9.5
-0.77437043 0.24000202 0.25437453 11
-0.78672677 3.2754409 0.24893355 2
-0.71804172 4.0270314 0.29916301 6
-0.73988676 -0.10288619 0.37165278 11
-0.7674709 0.054053832 0.39614311 10
-0.78819042 0.15684918 0.38243479 11
-0.77019358 0.37372828 0.35902902 11
-0.7551561 3.9031055 0.39060676 9
-0.76015228 0.28768176 0.48684385 11
-0.7286936 3.8537166 0.45087758 8
-0.74783266 -0.03599355 0.55852032 11
-0.78070366 0.02499021 0.54552865 12.5
-0.74348223 3.8686485 0.56386125 10.666667
-0.73737097 4.0283327 0.52744722 9
-0.79562557 0.094458789 0.69782913 12
-0.78332347 3.8379831 0.66648883 12.5
-0.77701473 0.055376895 0.72403133 13
-0.79304135 3.7755849 0.78895891 11
-0.70697552 3.9460325 0.76115245 10
-0.77996558 4.0041447 0.78475577 10
-0.74660742 -0.34341606 0.82480162 13
-0.7639699 -0.06421639 0.88492459 13.5
-0.74500489 3.8314011 0.84254837 13.5
-0.7671411 -0.36083198 0.90217203 15
-0.79885465 0.31931764 0.95337844 12
-0.7654115 3.935919 0.95519423 12
-0.79193109 0.13807008 1.052917 13
-0.78626919 3.7587056 1.0943345 14
-0.72040135 3.9212613 1.0384134 12
-0.73360115 0.046859331 1.1291344 15
-0.71948111 3.7525027 1.1715519 12
-0.71537995 3.7457337 1.245242 15
-0.72040272 3.8655155 1.442031 13
-0.74245054 6.8282661 1.5867691 13
-0.78117329 6.7824535 1.6585178 14
-0.75527489 3.7744665 1.8886441 14
-0.66415191 -0.481895 -0.43504411 7
-0.67680097 -0.24166822 -0.31752294 8.5
-0.62017828 -0.60777068 -0.23742937 9
-0.66120148 0.78263319 -0.29010996 0
-0.68304539 -0.47329399 -0.19335787 11
-0.61942506 -0.30340514 -0.16338009 9
-0.667669 0.061738346 -0.10843059 11
-0.63195586 -0.61102849 -0.07799384 11
-0.6950075 -0.46079025 -0.019121272 14
-0.61217582 -0.35350642 -0.016462617 11.5
-0.60210901 0.070480123 -0.03217344 15
-0.68753588 0.23866375 -0.03468772 10.5
-0.61296004 2.7057564 -0.02863159 0
-0.68305856 2.8199384 -0.0027308748 0
-0.64055246 -0.50276875 0.043882739 12
-0.63443571 -0.022885878 0.031018477 11.5
-0.66606414 0.046267927 0.044591259 11.166667
-0.63412654 0.23670733 0.094376333 10
-0.69333154 2.88358 0.063281626 0
-0.6207571 -0.67170513 0.12032904 11.333333
-0.64263833 -0.30449656 0.19130966 15
-0.6947459 0.026288288 0.19187047 14
-0.63345695 0.13714491 0.16498272 13.166667
-0.63447386 0.23829263 0.12987772 11.25
-0.63129032 2.5224936 0.1074454 1
-0.67264581 2.9078648 0.17204629 2
-0.66474718 -0.53521061 0.21753512 14
-0.64519149 0.19149236 0.20881177 9
-0.62152636 0.24800189 0.23809564 9.5
-0.66950655 0.21232221 0.33904952 9
-0.69021237 0.039067052 0.46662709 12
-0.66662294 0.21376048 0.44112638 10.5
-0.68903989 3.8361862 0.47881055 9
-0.61537737 4.1043611 0.40218323 6
-0.62471896 -0.30739155 0.51049662 15
-0.68302709 -0.035158418 0.52115518 13
-0.65133697 0.046848994 0.52553332 14
-0.62167996 0.16228978 0.54749393 11.6
-0.64961094 -0.3120161 0.65289432 11
-0.62887424 -0.061457962 0.65176338 13
-0.63431168 0.0062800292 0.60218996 14
-0.60564941 0.15929754 0.68655819 12.5
-0.65369123 0.23791261 0.689542 11
-0.67933518 3.884902 0.68959928 12
-0.60827529 3.9003947 0.64141011 12
-0.67823946 -0.52342308 0.78823799 14
-0.6297043 -0.4519009 0.76851797 13
-0.64090371 -0.37379456 0.717049 12
-0.60098302 0.075469598 0.79624146 13
-0.61143041 0.11631966 0.71902466 12
-0.62686491 3.8644838 0.72487122 11
-0.64196539 -0.052246936 0.8029297 13
-0.61772341 0.032611739 0.81706864 14.5
-0.62467963 3.8617728 0.87038404 13
-0.62334561 -0.73091531 0.92049491 14
-0.67041236 -0.66101235 0.92190129 15
-0.63794166 -0.59560484 0.9295246 13
-0.62405419 0.1168945 0.91030872 14
-0.66459036 3.7928693 0.96285838 13
-0.61669409 4.9784269 0.99450308 12
-0.64532566 0.039543159 1.0851271 14
-0.64451998 4.9861836 1.033265 11
-0.63691062 -0.64588004 1.1926759 14
-0.67206234 0.028993655 1.1142392 15
-0.62437665 3.738775 1.1811639 14
-0.67589295 3.8860028 1.1871563 12
-0.69811082 3.7496862 1.2655503 14
-0.62876773 3.8962853 1.2760262 12
-0.67426127 4.9221101 1.2565609 14
-0.66998374 -0.13574731 1.3454661 15
-0.66333753 0.11816627 1.30004 14
-0.63822544 3.7205317 1.341493 15
-0.69127643 7.0298128 1.3608516 8
-0.61034298 -0.47837496 1.4399947 15
-0.64691734 0.00052306679 1.4198059 15
-0.60011119 -1.1204766 1.5520099 15
-0.62743676 -0.28884876 1.5361847 15
-0.69982725 -0.52653831 1.8313262 15
-0.58073419 0.33793229 -0.57571787 6
-0.53242439 -0.90311146 -0.32996619 9
-0.58725744 -0.62874931 -0.31867838 8
-0.58719981 0.09730424 -0.34838957 5
-0.50842029 -0.52890617 -0.2345337 12
-0.5203588 -0.45213577 -0.29138383 9
-0.51391011 0.0067036538 -0.2402682 8
-0.50518072 0.82918441 -0.27228257 0
-0.54316205 -0.36516923 -0.14526185 9
-0.50778943 0.12158899 -0.14589059 8
-0.50538707 0.6931864 -0.18413623 0
-0.51457548 -0.69103718 -0.00046921204 9
-0.54316086 -0.55221647 -0.037675813 12.75
-0.5548442 -0.41182324 -0.030232292 14.25
-0.5804916 -0.32694447 -0.050420187 14.5
-0.56636804 0.10498224 -0.098334789 8
-0.57411617 0.21380848 -0.041261006 9
-0.56568867 2.2901139 -0.033600423 2
-0.56970942 -0.51780003 0.096852034 13.5
-0.53056961 -0.37552395 0.066140428 10.5
-0.54298693 0.12684271 0.069934614 12
-0.53478265 0.23387085 0.07942117 10
-0.5327304 2.2839355 0.04122733 1
-0.54735392 2.5295377 0.095038295 0
-0.54921782 3.439285 0.068392992 3
-0.54974163 -0.67157352 0.10398926 10
-0.54359972 0.15447444 0.13343458 9.75
-0.50950909 4.078023 0.16960499 3
-0.51011693 -0.57581484 0.25478229 9
-0.56258577 -0.43092754 0.24292628 12.5
-0.53067768 -0.17938241 0.2897113 10
-0.53564382 0.064345695 0.25299579 11
-0.53500873 0.13325077 0.24157034 11.875
-0.59636986 0.21977675 0.27463248 12.5
-0.51000333 -0.51319838 0.34931582 12
-0.52123433 -0.44562671 0.38897622 13
-0.53969276 0.089736536 0.32849896 10.75
-0.58422369 0.14424865 0.35651958 10.666667
-0.59221417 0.23314208 0.31134185 10
-0.54986149 3.893188 0.39259547 8
-0.56978816 -0.81226069 0.48189995 12
-0.56869274 -0.67337126 0.40767339 12
-0.56086582 -0.4437061 0.40825105 14
-0.53122723 -0.39966285 0.45097965 11
-0.55653495 -0.14186463 0.47370887 10
-0.5443362 0.081255205 0.45696431 12
-0.55812442 0.13666864 0.44251359 11.6
-0.53444701 -0.76387006 0.56565493 13
-0.57353503 -0.41703171 0.5748148 14
-0.57129222 -0.20018277 0.56460363 13
-0.57799131 0.04084092 0.5801633 12
-0.54587096 3.8871715 0.56298304 9
-0.50865293 4.0377345 0.52013218 8
-0.51170641 0.087639175 0.60008711 11
-0.55256289 0.11984867 0.6751408 11.5
-0.52873701 4.0091267 0.67056286 9
-0.50540829 -0.098413944 0.72010356 11
-0.55630362 0.055627082 0.76602823 12.625
-0.57596725 3.8890438 0.76370323 15
-0.51344633 3.9294326 0.73148382 15
-0.58456808 4.0469131 0.78560692 11
-0.53137797 -0.75637108 0.84365636 14
-0.51140612 0.024384659 0.83968002 12
-0.57279837 0.12023589 0.87874669 15
-0.54187006 3.9252737 0.84584868 10
-0.53821093 -0.038020197 0.94166094 14
-0.56683666 0.061625175 0.98140484 14.5
-0.57289261 -0.28295523 1.0220798 15
-0.53772336 -0.050533582 1.0424509 13.333333
-0.59704965 0.00066634023 1.0482328 15
-0.54173005 3.9892638 1.0843788 15
-0.58024585 -0.070411108 1.1500235 14
-0.57013154 -0.062997669 1.2527431 15
-0.53516757 -0.17107499 1.3460813 13.25
-0.5986194 0.0031208182 1.3765619 15
-0.54536003 3.5016665 1.3705883 14
-0.53991073 -0.098280482 1.4002775 15
-0.50981325 3.7980545 1.4102952 14
-0.51555395 3.9135475 1.422134 14
-0.50339043 6.9122472 1.5806147 12
-0.52071691 -1.0944588 1.6120726 15
-0.59045559 -0.35106176 1.8466054 14
-0.57646954 3.8326249 1.892745 15
-0.49631622 -0.31584379 -0.34734532 8
-0.42138696 -0.83602422 -0.22093722 0
-0.42702445 -0.55386275 -0.24398962 8
-0.40431422 -0.48123816 -0.24458103 10
-0.40753764 -0.78602773 -0.14044861 9
-0.4020665 -0.67352664 -0.16007523 9
-0.45503375 -0.51779425 -0.1213043 11.5
-0.41974339 -0.46500883 -0.15024477 11.5
-0.429391 -0.34000719 -0.14150731 9
-0.47414321 -0.74245459 -0.035527095 15
-0.46598569 -0.48523119 -0.057624046 12.5
-0.434874 -0.22779088 -0.036987744 10
-0.46630427 -0.028598335 -0.064190447 14
-0.41286373 0.081476092 -0.00098625594 13.5
-0.49315462 0.16558315 -0.024739407 9.333333
-0.49626854 -0.49473384 0.019716887 15
-0.44376525 -0.35366213 0.088810734 11.5
-0.47152883 -0.28279352 0.099777341 13
-0.4612453 0.11401475 0.071988016 10.25
-0.4814626 -0.75612867 0.10031543 10
-0.419168 -0.63417703 0.1706769 13
-0.47859612 -0.4781709 0.10959919 15
-0.42341325 0.047078807 0.1488819 9
-0.48388773 0.15362512 0.13554007 10.166667
-0.43784037 -0.860394 0.2844623 12
-0.46843863 -0.64885736 0.26422277 10.5
-0.44805932 -0.41782933 0.2660847 15
-0.41941774 -0.38750082 0.21705016 13
-0.47603756 0.06528765 0.22207218 9
-0.47582516 0.12801886 0.23768613 12.166667
-0.44066039 3.9182582 0.29033697 9
-0.45786703 4.1416955 0.22955211 0
-0.41339251 -0.025175376 0.3275252 11
-0.46285734 0.074022599 0.34988725 10.583333
-0.46587205 0.10081267 0.35880211 12
-0.48632747 4.1517482 0.3101165 4
-0.48940575 -1.1621155 0.45222631 13
-0.45250639 -0.75586295 0.43043566 13
-0.42165166 -0.025559967 0.49051183 10.5
-0.44371611 0.042299408 0.46390873 11.666667
-0.49475265 -0.48183751 0.54739189 11
-0.41841862 -0.028308665 0.51220304 12
-0.44862983 0.038544081 0.55534995 12
-0.45683303 3.9445198 0.55002034 9.3999996
-0.47589293 -0.88294452 0.65456545 14
-0.4977819 -0.20768364 0.65707898 13
-0.42306128 -0.13512732 0.66841662 13.666667
-0.41925299 -0.032708716 0.66663051 12.5
-0.45996729 0.033569541 0.64967418 13.125
-0.429977 -0.7335574 0.77355731 15
-0.40893346 -0.12562293 0.76218283 13
-0.44038615 -0.044971175 0.7271232 13.666667
-0.49334112 3.897645 0.73584306 12
-0.40325373 3.9590561 0.75295955 11
-0.4741793 4.041985 0.73917019 10
-0.48155105 5.1432447 0.71120733 6
-0.47355568 -1.1547207 0.81332284 13
-0.4356004 0.0045696641 0.81936789 14.5
-0.40052238 3.8795652 0.84108299 10
-0.47806099 4.2055354 0.82725382 10
-0.43488908 5.1067019 0.85084432 10
-0.46957794 6.9603424 0.82190305 7.25
-0.43799236 -1.1727457 0.91581929 13
-0.40961146 -0.17615998 0.98896754 15
-0.44181213 -0.0757716 0.96670067 13.5
-0.49275273 0.0094095003 0.95349211 14
-0.45978487 3.8717823 0.98981082 12
-0.467448 3.9959691 0.90898836 10
-0.46116093 -0.04671482 1.0495957 14.5
-0.45428613 4.009346 1.0051901 13
-0.47702253 5.0161295 1.0260446 14
-0.42756882 6.9755774 1.014274 9
-0.44237491 7.1830049 1.0955845 4
-0.49322519 -0.57029384 1.1448239 14
-0.46121854 3.8253036 1.1273413 15
-0.46004999 -0.1488838 1.2659475 15
-0.47234851 -0.47804183 1.3068322 14
-0.41433969 7.0470958 1.364009 9
-0.48497087 3.9303317 1.4854001 14
-0.42483056 7.0119953 1.4740609 10
-0.42360327 -0.85533839 1.5894842 15
-0.4541578 6.9793501 1.5187908 11.5
-0.40573671 7.0255504 1.5716552 12
-0.43386981 7.150219 1.5494798 15
-0.40272981 3.9140916 1.6638042 15
-0.45006332 6.9255595 1.633038 15
-0.48616701 7.0111876 1.6022934 13
-0.43201089 6.9064922 1.7582009 15
-0.42158902 6.851213 1.8903481 12
-0.34515992 -0.67357361 -0.71039134 1
-0.33790115 -1.145438 -0.41734442 7
-0.31564993 -0.40853006 -0.45356181 4
-0.34030688 -0.13896206 -0.47582418 2
-0.36915454 -0.023919668 -0.46849975 3
-0.34073564 -1.0129241 -0.39266947 10
-0.38568401 -0.67920089 -0.36595109 8
-0.35713154 -0.79494548 -0.24319501 0
-0.33637807 0.94533247 -0.20233913 2
-0.31181949 -0.77715421 -0.11295742 13
-0.34910002 -0.56106102 -0.19981971 9
-0.38067979 0.64218026 -0.18685055 0
-0.3371233 -0.80205226 -0.063742332 12
-0.37173149 -0.60758966 -0.048802067 10.5
-0.3265101 -0.46550766 -0.044968996 10.833333
-0.33416867 -0.36141872 -0.055699579 14
-0.3928003 0.04642532 -0.017556505 8
-0.37034732 2.1617403 -0.059861951 3
-0.33778101 2.2354231 -0.04662551 0.25
-0.36043146 -0.71456164 0.015941551 9.75
-0.36752564 -0.60090822 0.043722373 10
-0.33799338 -0.49424934 0.096088946 11
-0.3668015 0.030200969 0.0081641916 9
-0.38520479 -0.8386426 0.17781837 11
-0.37289959 -0.42490339 0.17938362 10.5
-0.34853831 -0.060137376 0.10149933 10
-0.30514866 2.9536109 0.13918479 0
-0.33503827 3.909786 0.14826204 2
-0.36998251 -0.64547372 0.20966643 15
-0.3239134 -0.038193889 0.21953933 9.5
-0.35750213 -0.86576921 0.30033645 12
-0.39771309 -0.61729544 0.38777512 11
-0.37189841 -0.03007507 0.36202404 11
-0.3209863 3.9509134 0.37444836 9
-0.30514845 4.3126969 0.34617424 7
-0.33983964 -1.2572284 0.48998794 14
-0.31279916 -0.54358846 0.48912317 11
-0.38742748 -0.40103278 0.46905962 15
-0.37142766 -0.10518562 0.45414746 12
-0.32412422 -0.03060949 0.44775268 11
-0.36164969 4.1006341 0.49850866 8
-0.37883687 -0.77317452 0.53387922 12
-0.32927862 -0.52129555 0.55811018 11.5
-0.38586685 -0.47488716 0.52391601 12
-0.34047785 3.9887662 0.56964195 10
-0.37466368 -0.79613656 0.6016221 11
-0.35424989 -0.11520868 0.67851931 12
-0.37861103 -0.070117272 0.69318455 14.5
-0.33654958 3.9869156 0.63933575 13
-0.3332333 4.0955772 0.66433996 10
-0.36215734 4.1251469 0.6392231 12
-0.3384366 -1.3006953 0.70864218 15
-0.39143562 -0.95018411 0.71292061 13
-0.31475216 -0.6706633 0.77236557 12
-0.32657441 -0.54341209 0.79294389 13
-0.37432915 -0.76382571 0.8516342 14
-0.34926954 -0.62291557 0.8372668 14
-0.36485124 -0.17781855 0.89161479 13
-0.38040748 4.0355291 0.82908779 11
-0.32662326 3.9309812 0.95969379 14.333333
-0.36924842 4.0603313 0.92401868 10.666667
-0.33869165 4.0354762 1.0377314 11.5
-0.31922299 5.0901027 1.0274527 12
-0.37442932 3.8270676 1.1461327 14
-0.3376472 4.0146832 1.1592286 15
-0.30273271 -0.89430308 1.2652147 15
-0.38945791 7.0682521 1.2441267 8
-0.39584196 -1.7873822 1.3538719 15
-0.39604941 -0.75773394 1.3698 15
-0.38643068 7.0384789 1.3882308 10
-0.3568306 7.2277594 1.3821578 8.5
-0.3162851 -1.8946068 1.4150926 15
-0.33951521 3.8562582 1.4336132 15
-0.31504199 3.9155517 1.4172242 15
-0.36282972 6.9793148 1.4540951 9
-0.33813801 7.0536656 1.4546938 9.5
-0.3198019 7.0409927 1.5000005 11
-0.39120087 6.9750786 1.6322485 14
-0.3181178 6.9400468 1.7393564 12.5
-0.38017902 6.8998771 1.8611004 10
-0.32937974 6.9064245 2.2841399 14
-0.35788181 6.8501658 2.4508667 15
-0.21512525 -0.98071492 -0.71158189 2
-0.26639137 -0.46180648 -0.66442508 0
-0.24954168 -1.036301 -0.23145024 10
-0.24392906 -0.80332524 -0.22626184 0
-0.23931459 -0.75763589 -0.23558116 0
-0.20079814 -0.63478804 -0.28376767 11
-0.27742162 -0.39060295 -0.24089067 12
-0.23183952 1.0487646 -0.25831294 3
-0.27936795 -0.77017558 -0.15670037 11
-0.24728331 -0.6581527 -0.057075165 13.333333
-0.25544888 -0.4325344 -0.049550045 11.458333
-0.24474826 2.0125632 -0.022631839 0
-0.23878665 2.1526632 -0.016517563 2
-0.27051178 2.299746 -0.03343768 2
-0.24192065 2.9543505 -0.001260215 2
-0.26773494 -1.0785927 0.05473398 14
-0.26107675 -0.77197099 0.045691997 13
-0.20856318 -0.53901994 0.070397757 10
-0.28891504 -0.48960215 0.0065848734 12.5
-0.26755768 2.3066933 0.001014453 2
-0.26065996 2.5517154 0.064583905 0.5
-0.22445208 2.6206787 0.057829451 0
-0.25199074 -1.0107177 0.13066188 10
-0.27713317 -0.68248606 0.18060346 11
-0.27495191 -0.46880227 0.14202489 13.166667
-0.28928676 -0.0052298033 0.11045796 9.5
-0.22808307 -1.1760098 0.22471476 15
-0.21804707 -0.78940219 0.20993109 10
-0.24399835 -0.55379528 0.22960922 10
-0.26140651 -0.47764894 0.24983875 11.5
-0.27926144 4.0224299 0.25459898 8
-0.23788063 -0.76151723 0.30372474 14
-0.2724216 4.2070169 0.36162192 5
-0.24383867 -0.68158334 0.42579871 15
-0.26002571 -0.5272491 0.42775896 15
-0.22703587 3.9853914 0.4406828 10
-0.23509437 -0.56075364 0.58920676 15
-0.27697185 -0.49605772 0.55313742 12
-0.24689274 4.047821 0.57560253 9
-0.28740788 4.1960435 0.53743625 9.5
-0.24698015 -0.65446073 0.67992115 13
-0.27514854 -0.5491088 0.65958643 15
-0.29161355 3.960134 0.6987446 10
-0.23777293 4.0143423 0.62180984 11
-0.22460166 4.1322918 0.65527302 9
-0.28192094 4.341167 0.65114921 8
-0.29338881 4.1262298 0.77935135 10
-0.25062951 7.122654 0.77995551 7
-0.20175233 -0.33177599 0.82580698 12
-0.27985972 3.9088137 0.84518677 12
-0.23451914 4.0951176 0.81730086 11
-0.26585034 4.1461339 0.82416928 12
-0.24840477 4.2947392 0.82998651 11
-0.2349696 5.1458635 0.88327909 9
-0.2174302 6.4982586 0.87216949 2
-0.26597711 7.0626373 0.87035209 8
-0.25969753 6.9748907 0.95963901 8
-0.20441526 -0.71296686 1.0376763 15
-0.26951644 4.0556293 1.0539163 12
-0.24855956 7.1804662 1.0517772 8
-0.28230062 3.986187 1.1832664 13
-0.25737491 4.0490766 1.1352787 13.5
-0.25990123 7.0356936 1.3981835 10
-0.25242728 7.1014752 1.3944138 9
-0.24983452 -0.7994504 1.4224107 14
-0.28128824 3.8118019 1.5136244 15
-0.2278854 7.1674948 1.5453255 12
-0.25802171 7.021729 1.7172519 12
-0.22499861 6.9330401 1.8972716 12
-0.22461464 6.9731379 1.9910178 14
-0.21503079 6.8678775 2.6037459 15
-0.18192032 -0.55954659 -0.67597413 0
-0.15806979 -0.88976961 -0.31728926 11
-0.14256676 -0.73734498 -0.34330687 1
-0.13978504 -1.3557577 -0.19388184 10.5
-0.16926156 -0.72192991 -0.12531708 12.5
-0.18741032 -0.67738104 -0.19822724 13
-0.1828476 -0.51106632 -0.10383853 9
-0.13763021 2.0245974 -0.14445314 0
-0.17700841 -0.8233034 -0.083414614 11
-0.18467374 -0.7442227 -0.061842915 13
-0.18547274 -0.43797773 -0.078704484 12.5
-0.18660523 -0.75252283 0.050838478 15
-0.1882059 -0.46292281 0.042995296 15
-0.14239372 -0.76490211 0.12238311 13.666667
-0.19831935 -1.135527 0.28773832 11
-0.12958409 -0.86401778 0.23966025 13
-0.19801627 -0.55657542 0.25830615 11
-0.14936104 -0.25346145 0.29018414 9
-0.11063951 3.995132 0.28315967 0
-0.11875937 -0.95535469 0.34072846 11
-0.13872036 -0.86644864 0.38213763 13
-0.18058272 4.2640529 0.32242903 3.5
-0.13397996 -1.0045809 0.48804316 11
-0.16551483 3.9741125 0.45050192 9
-0.17356433 4.0534873 0.46582985 8.5
-0.17028397 4.2215886 0.49182549 9
-0.11898899 4.0863404 0.58492482 12.5
-0.1634244 4.2103853 0.5570907 9
-0.12006184 -1.0177479 0.68851471 12
-0.12492691 -0.97583926 0.61756539 11
-0.13755392 4.0560946 0.6380499 11
-0.15439434 4.1832585 0.6795966 9
-0.19964938 -0.98787445 0.75328732 12
-0.18050221 3.9536185 0.73600096 10.5
-0.16834602 4.0076303 0.78864115 11
-0.1753266 4.1887598 0.72744626 9
-0.15572114 -0.85096312 0.82199848 13.5
-0.18911621 3.9847126 0.87488729 11
-0.13309304 4.0043831 0.8462224 11
-0.17470661 4.1063414 0.82623369 10
-0.17634703 7.2139363 0.90542525 8
-0.10173443 -1.3375907 1.0982752 14
-0.14099041 -1.7906936 1.1942906 15
-0.10741363 -1.2957996 1.1570547 14
-0.14916785 3.9575448 1.1333911 15
-0.16439085 4.0968332 1.1094823 12
-0.12082958 7.2086291 1.1655841 7.5
-0.12962462 -2.6273901 1.273966 15
-0.11491212 3.9847567 1.232291 14.5
-0.1882896 4.0233321 1.2248926 13
-0.12215471 5.101974 1.2136841 15
-0.14380845 7.1503768 1.2399527 8.25
-0.19752321 4.029222 1.3287504 12
-0.1126228 7.0955606 1.3062568 10
-0.17864746 7.1089907 1.3901018 10
-0.19338179 3.9574263 1.442745 13
-0.10923099 4.0217848 1.4295305 13
-0.11085231 7.1371908 1.4894613 9
-0.17910761 7.085464 1.5468704 13.5
-0.14782861 3.9892101 1.6374733 15
-0.11113521 7.0520639 1.7673466 11.5
-0.15538245 7.0114846 1.8413401 11
-0.13869025 6.9611158 1.9931415 14
-0.16849057 6.9526787 2.0137677 13.5
-0.13919941 6.7390404 2.2727885 14
-0.10207823 6.9141426 2.3590901 15
-0.043563616 -0.3903358 -0.48694697 4
-0.092067674 0.071293503 -0.42760712 3
-0.016435746 -0.81049067 -0.31191096 8
-0.023170413 -0.94668138 -0.21166866 10
-0.0059725316 -0.86225581 -0.22808979 0
-0.024291389 -0.71287006 -0.21317843 0
-0.034306303 0.89156634 -0.28159416 0
-0.056609817 0.928352 -0.26310459 3
-0.084163889 -0.73183197 -0.1000224 12
-0.058355805 1.5211469 -0.157511 4
-0.021995543 2.0204046 -0.13607983 0.5
-0.0023907144 -0.61372536 -0.065983512 9
-0.091426671 1.7828771 -0.067678019 1
-0.018021269 2.140842 -0.057717148 2
-0.043308541 -1.3433253 0.057471957 15
-0.087744847 -0.96437532 0.053591251 11
-0.088494405 -0.81525838 0.077540733 9
-0.099116288 -0.72943676 0.06366913 15
-0.040815532 -1.1337373 0.13601317 10
-0.026760994 2.7449005 0.13284187 3
-0.04989272 -1.1064264 0.2209754 12
-0.024564687 -1.0391452 0.22719601 12.5
-0.070161588 -0.97970086 0.23094384 13
-0.067781366 -0.86526972 0.29565275 10.5
-0.055817936 4.0616422 0.24891675 8
-0.044197552 -1.2203054 0.35383675 11
-0.010823967 -1.0181894 0.31597435 14
-0.0072586089 -0.94362563 0.32565755 13
-0.081436016 -0.83938408 0.34063432 11
-0.0012858441 -1.1838013 0.48899537 12
-0.057292756 -1.0443538 0.46882564 13.5
-0.076709583 -0.99766558 0.41758743 15
-0.048314303 4.0977368 0.51627457 8
-0.013104539 4.4641275 0.52498156 6
-0.081678107 5.2820373 0.54966694 0
-0.015457957 -1.0354615 0.60582572 14
-0.09068767 3.9799078 0.6549955 10.5
-0.054768644 4.102747 0.69033867 12
-0.036505822 -1.1465883 0.72026879 13.5
-0.022962097 -1.0979843 0.72175789 15
-0.006594724 4.0666819 0.7685315 10.5
-0.042040993 -1.2038354 0.84425932 15
-0.056877494 -1.1194152 0.80819941 14
-0.037005186 3.9692309 0.89957154 12
-0.072606258 4.0304708 0.89446771 12
-0.050928414 4.1736803 0.85273761 11.5
-0.079052858 5.1917553 0.80558997 12
-0.04532855 7.0776119 0.84672177 7
-0.0085690301 -1.3983066 0.91947532 14
-0.022919485 -1.1815134 0.95078069 14.5
-0.074217469 4.1175303 0.92202967 10.5
-0.020045649 5.1923356 0.99726129 9
-0.082518555 -1.1037931 1.0601804 14
-0.084901035 7.0685811 1.0331036 8
-0.065282792 7.2561526 1.0554134 7
-0.033470329 3.9712486 1.1875201 15
-0.056894626 7.222403 1.1416622 8.5
-0.017981816 -2.8477743 1.2942597 15
-0.0069176452 4.0106668 1.2052586 14
-0.092828073 7.1231837 1.2884572 9
-0.041106947 7.2436337 1.2641476 8
-0.046253502 3.9627826 1.3039227 13
-0.049209516 4.0854707 1.3776889 13
-0.036251374 7.1690187 1.3083224 9
-0.063794158 -2.0598989 1.4561305 15
-0.056272462 4.0528369 1.404842 14
-0.075541981 7.0243735 1.4436706 11
-0.040235966 7.1594191 1.4611425 10.5
-0.059292402 7.0981755 1.5252645 11
-0.013701146 7.1419234 1.57551 13
-0.042290267 7.1128902 1.6579998 10
-0.025607977 7.1050096 1.7317332 10
-0.0052757892 3.9777572 1.8441771 15
-0.093413211 7.0495391 1.8682554 12.5
-0.070859335 7.0558038 1.9030101 15
-0.026779477 6.9510503 2.0244653 14
-0.060025323 7.0534849 2.0578332 11.5
-0.046556789 7.1070118 2.0363932 14
-0.055560533 7.0289283 2.1140919 13
-0.092404239 6.9399147 2.2416029 14
0.011521791 -0.57675749 -0.33347917 0
0.074723035 -1.3128238 -0.22208519 11
0.08436282 -1.0085698 -0.24623576 10
0.084193736 -0.95120031 -0.22666453 0.5
0.083055541 -0.68485945 -0.21853137 0
0.037385266 -0.51760244 -0.2343768 8.5
0.071443774 0.94853902 -0.2762337 0
0.094926797 1.1793984 -0.24056172 2
0.075709306 1.6056525 -0.24412061 0
0.078011841 -0.52222151 -0.11385331 9
0.016487941 1.1658671 -0.14594021 3
0.061103795 1.4606236 -0.14202307 3
0.076983064 2.1792858 -0.11500585 0
0.093918048 2.3634267 -0.10686134 2
0.052598096 -1.047623 -0.07387948 10
0.0079820743 -0.54576492 -0.089412145 10.5
0.081278026 1.9953918 -0.042693533 0.5
0.081601515 -1.0815111 0.075818755 14.5
0.0036138741 -0.94250816 0.056322578 9
0.014805024 2.5067704 0.086488754 3
0.046701383 -0.9969756 0.21584219 11
0.052395135 -1.341393 0.33696175 11.5
0.0035854867 -1.2227032 0.33770481 11
0.093903266 -1.1791124 0.38763845 11
0.081976011 4.5181241 0.35874093 2
0.099053741 -1.4047912 0.44738001 12
0.0089977905 -1.2461776 0.4549666 11
0.091934748 -1.1596488 0.48928016 11
0.065660641 -1.6518093 0.59575349 12
0.013054376 -1.2004204 0.53584486 14
0.033577673 -1.186059 0.54511338 11
0.038118288 4.3811879 0.50403011 9
0.092169791 -1.3677015 0.69388163 15
0.037937969 -1.2322909 0.65272367 13
0.035285566 4.0803137 0.6473 10
0.045638617 4.1376834 0.64507878 11.333333
0.016014008 4.2345505 0.60835755 9
0.065829761 4.4197607 0.62500519 7
0.040362597 -1.1416572 0.71788895 14
0.037119534 4.1206069 0.74508196 12.333334
0.03236074 4.2521176 0.75915456 9
0.067220248 4.4334121 0.73491442 9
0.091316968 -2.3158176 0.87854195 13
0.070806839 -1.3184572 0.82718974 13
0.030121835 -1.1860596 0.87486917 14.5
0.02909432 4.0481682 0.86756414 13.5
0.026737994 4.1518989 0.84914756 11
0.044323444 4.2112484 0.80747634 10
0.023050906 6.5741472 0.85238731 1
0.018296268 6.6699619 0.87820315 2
0.087377913 -1.5575386 0.98178655 15
0.058712441 4.1481395 0.92958736 12.5
0.082636595 4.227488 0.90035689 9
0.056188982 5.194057 0.91143143 13
0.046519596 -1.3328191 1.0198891 14
0.011337614 3.9631476 1.0064498 13
0.0095176846 4.1428056 1.0672259 15
0.050613601 -3.012639 1.1098473 14
0.059379481 4.1454153 1.1511639 13
0.038066037 7.2152524 1.116722 3
0.05767937 -2.0852563 1.2914778 14
0.058787107 7.0287938 1.2575055 9
0.062629312 7.1772175 1.485234 9.5
0.031152075 3.9558942 1.5682771 15
0.049561135 7.080018 1.5321472 11
0.052959528 7.1855249 1.55402 10
0.010157499 7.1458216 1.6828294 10
0.024616806 7.1028485 1.7310256 10
0.051822413 7.0485778 1.806336 13
0.0086829979 7.1048326 1.9531065 11
0.010186629 7.0068455 2.1883023 15
0.035845138 7.0221734 2.2625873 14
0.085791096 7.0035176 2.5267889 14
0.11342175 -0.52375269 -0.64343011 0
0.16152373 -0.74666721 -0.52473456 5
0.17604668 -0.54699218 -0.44959396 6.5
0.19546881 -0.37838924 -0.30134106 0
0.16889349 0.33005413 -0.38213918 2
0.12033141 0.67252725 -0.31756762 1
0.11618486 -0.91348869 -0.22640252 4.8333335
0.13035452 -0.89176416 -0.29176819 3
0.17170888 -0.68633169 -0.20876786 0
0.17142776 1.4073743 -0.20780486 1
0.14477704 1.6230177 -0.27518559 0.5
0.15103553 -0.63895983 -0.13433416 9.333333
0.14282663 -0.56082302 -0.16189614 11.375
0.19479434 1.0567703 -0.15233554 3
0.18274452 1.4963373 -0.15438226 4
0.11138491 1.6250684 -0.19254914 3
0.16710763 -0.71792018 -0.024143137 13
0.14185752 -0.63471657 -0.065708831 10.5
0.15245406 -0.5747894 -0.028370533 13
0.15013018 2.1001298 -0.027891899 0
0.16387148 2.5057263 -0.0077141305 0
0.16113052 2.6075954 -0.070708439 0
0.18262342 2.860975 -0.023155354 0
0.11710854 -1.0810485 0.034537088 9
0.15028125 -0.62927109 0.074808843 15
0.19064002 2.273463 0.015479424 0
0.12419708 2.62081 0.076350711 0
0.11999585 -1.2148452 0.169434 15
0.11146031 -1.0645167 0.18991448 15
0.14509532 -1.264858 0.20031649 10
0.12873369 3.4205735 0.2233375 2
0.11948142 4.0902934 0.2737526 0
0.14825799 -2.2505469 0.34787074 11
0.17704208 -1.6140071 0.3072567 11
0.19687918 -1.2306156 0.33771485 10
0.15130684 4.186677 0.38170454 2
0.14067155 -1.5010798 0.49945217 14
0.10847226 -1.2044708 0.42820695 12
0.14216284 4.1438661 0.46577883 10
0.19505881 4.5623851 0.46333301 5
0.11739471 -1.5461748 0.52451313 12
0.16642128 -1.36729 0.54967856 12
0.17311046 -1.2109157 0.56512451 12.5
0.13087384 -1.1342479 0.59504437 14.5
0.13230963 4.0935025 0.5774498 9
0.17864138 -2.316761 0.6738264 13
0.18914181 -1.6431667 0.66878444 15
0.10721695 -1.2538472 0.63325989 13
0.1750938 4.139781 0.69269282 12.25
0.14818306 -1.7918153 0.75386924 13.5
0.16975422 -1.6935654 0.75246781 11
0.14302294 -1.4923934 0.77673715 13
0.15108292 4.2413087 0.77970153 10
0.18602854 5.3013887 0.76878667 10
0.1842511 6.3501616 0.78088874 0
0.19815193 -2.307102 0.81584769 14
0.12257052 -1.1913326 0.89251453 15
0.13825373 4.0767179 0.86351281 12
0.13085531 4.206131 0.81493044 12
0.14416155 7.1647692 0.83618617 8
0.18695939 -2.0945015 0.99324363 13
0.11221682 -1.5197222 0.91155547 15
0.16314669 -1.4800935 0.93145543 14
0.13110352 4.0707417 0.98618251 13
0.12829459 4.1282277 0.98389292 15
0.11694822 -1.249139 1.0073062 14
0.12745506 7.1555791 1.0292616 8.5
0.186634 4.066834 1.1399502 14
0.19107784 4.2040758 1.1520613 12
0.18160459 4.1349287 1.281617 14
0.14189965 4.0747814 1.3962245 15
0.15541098 -2.3282142 1.4546599 15
0.11473133 4.102211 1.4282126 14
0.1072024 7.1636286 1.5818774 13
0.17247169 7.1802945 1.6788636 11.5
0.16161835 7.0484223 1.7087449 11
0.11525574 7.10502 1.7798893 14
0.17755388 7.1313829 1.9907974 12
0.19659097 7.2124071 1.9233899 15
0.17104301 7.2551832 2.0899608 14
0.16626652 7.0535479 2.1899514 14.25
0.14898756 7.1022716 2.3147886 13
0.20682879 -0.42161173 -0.6796149 6
0.28325075 -0.74825293 -0.4500967 6.5
0.24968058 -0.33086163 -0.49450457 3
0.2282352 -0.15371585 -0.49652138 3
0.21024241 -1.0120202 -0.21060188 1
0.23810084 -0.95339656 -0.23801759 6.1666665
0.27283913 -0.70156062 -0.20290637 0
0.22310637 -0.63184011 -0.20931827 7.3333335
0.22731538 -0.56031233 -0.21006906 0
0.23168735 -0.46174982 -0.20828593 8
0.26849416 0.89315128 -0.29893491 3
0.24632245 1.4105152 -0.25080961 0.5
0.20810775 -0.98619485 -0.12165207 11
0.22045296 -0.701873 -0.11050279 13
0.25544503 -0.66102904 -0.1441229 11
0.2273798 -0.59555101 -0.17559938 8
0.22432993 1.1631724 -0.1546596 3
0.27511114 2.0390985 -0.13339403 1
0.23781414 2.1969712 -0.10452955 0
0.23525052 -2.245069 -0.038582552 11
0.20976095 -0.96525383 -0.083114788 11
0.22436075 -0.70615631 -0.042762551 11.5
0.20132516 -0.67536008 -0.075181291 10.5
0.28004369 2.4190238 -0.015671678 1
0.21146813 -2.2175701 0.068330355 13
0.21114779 -1.032541 0.018768977 15
0.26379612 -0.92023706 0.057513274 15
0.26900485 -0.50478309 0.031489715 10
0.27478024 2.9172878 0.075998314 0
0.25986806 -2.3229258 0.16690192 11
0.20315717 -0.92362821 0.10398347 10
0.29663381 -2.3156204 0.28382057 12
0.21264987 -2.2656732 0.23612848 12
0.28656146 -1.6311651 0.29861215 11
0.21557924 -1.5208817 0.20456237 11
0.26057735 -2.3358817 0.34260148 12
0.26780748 -1.6398563 0.36527601 11
0.24076347 -1.3209136 0.32572258 12
0.28389078 4.164856 0.32545981 9
0.26408985 4.3933682 0.32780069 5
0.23164015 -2.3180337 0.46961462 13.2
0.21163505 -2.0927014 0.40232792 11
0.20304936 -2.3317082 0.58513588 12
0.2392173 -2.2829475 0.52768183 15
0.28161353 4.3674541 0.57443744 7.5
0.20009832 -2.3607917 0.68881816 14
0.27476031 -1.7392519 0.68038172 14
0.21106182 -1.3630356 0.64280254 13
0.2754944 -2.4355879 0.76466227 14
0.28164908 -1.5995851 0.73386091 13
0.24655704 -1.4983686 0.77406967 13
0.23342016 4.1512437 0.78750646 12.333333
0.26575753 4.244173 0.71789151 11.5
0.27697065 6.1479731 0.73086244 0
0.27972156 -2.4400446 0.85730523 14
0.2454875 -1.5396864 0.85925752 13
0.23927522 4.2482653 0.89779741 9
0.28422031 6.5824051 0.82668638 1
0.2115908 7.2797661 0.87573808 7
0.26348874 -2.4199779 0.93054241 13
0.25320551 -1.635092 0.92363751 14
0.22088405 4.2731299 0.91637576 10
0.26589978 7.3548951 0.97791976 7
0.23349677 -2.3951216 1.0042856 13
0.2366167 4.0517468 1.0966103 14
0.28159681 4.1351905 1.0039817 12.5
0.24704383 5.2582417 1.0856278 10
0.23871572 6.9254813 1.0203474 7
0.28781679 7.27881 1.059303 6
0.22763783 7.3112411 1.035547 9
0.2182173 4.1206017 1.1376816 13
0.28294405 7.3136859 1.1862737 8
0.20082739 -1.6538146 1.2365627 14
0.28269121 3.8716965 1.2762265 14
0.26166177 4.1768184 1.2554694 13
0.20853356 7.1448588 1.240423 9.5
0.29574496 7.3353486 1.2215645 7
0.25111297 -2.4638448 1.416777 13
0.20740893 4.1486387 1.4104195 14
0.23560272 4.1424785 1.5416718 14
0.22396494 -1.4177496 1.6112585 15
0.21646237 7.267303 1.6218662 13
0.25005203 7.1617026 1.7417182 12
0.24302907 7.1965961 1.8296382 11
0.20215143 7.115109 2.0592198 13
0.32414967 -0.5259648 -0.40161902 7
0.37048301 -0.3943983 -0.43790102 8
0.36824888 -0.38633198 -0.30674234 8
0.34892544 -0.91431648 -0.21402994 1
0.35836414 -0.80248469 -0.21725653 0
0.35304525 -0.66968209 -0.20757739 0
0.31585729 -0.43688381 -0.2683391 8
0.39446089 -0.386002 -0.29351881 0
0.33254448 1.2728459 -0.25196123 0.5
0.3409262 1.3931531 -0.2995663 0
0.35388577 1.4597944 -0.27238902 0
0.30562252 1.5056446 -0.27036902 0
0.3972443 -0.64851934 -0.17469592 11
0.35410878 -0.45879489 -0.14559281 10.333333
0.37102687 1.4514155 -0.12305276 3
0.36745602 1.7588084 -0.18549353 0
0.38295317 -2.3511114 -0.010388964 11
0.35987693 -0.81724554 -0.037431795 9
0.31762466 -0.63352716 -0.084152125 11.5
0.34554738 -0.51835239 -0.06402494 9
0.38752687 -0.44841695 -0.088146009 11
0.39454946 2.0450635 -0.060795233 1
0.35707796 2.2690465 -0.085402563 0.5
0.34717283 2.4465332 -0.057140052 0
0.36836088 2.5257998 -0.054857127 0.16666667
0.3828218 2.6339645 -0.035094745 0.5
0.35464489 -0.52029002 0.0045880661 10
0.30253145 2.3785143 0.016968625 0
0.33356699 2.7560678 0.057636198 0.75
0.34796339 -0.96481735 0.14232148 10
0.33849487 -2.3521695 0.29971337 15
0.3743206 -0.98340952 0.22140633 12
0.36731479 -2.4171901 0.3847701 12
0.32053044 -2.3547473 0.33722457 13
0.39340594 -1.5787268 0.32737458 11
0.31679913 4.1772475 0.38847977 9
0.34795132 -2.3805737 0.43360841 12
0.30311158 4.3825135 0.4488402 8
0.32097983 -2.4035108 0.54755211 12.5
0.35357982 -2.3778274 0.57392323 13
0.37625292 -2.1577246 0.50958163 11
0.31799164 -1.8254924 0.51589227 12
0.36716703 4.2120643 0.51684785 9
0.34722847 -2.4363313 0.67248005 13.5
0.33956227 -1.6120063 0.64314753 12
0.35323372 4.1758785 0.6175068 9.5
0.35375836 4.2354045 0.64813912 10
0.36006916 4.3812284 0.66733372 10
0.35768002 -2.4527678 0.76974696 14
0.36383241 -2.3732524 0.75580496 14
0.30243105 -1.9565698 0.76422787 13
0.37075803 -1.7085829 0.74541599 13
0.3788588 4.1609077 0.71156937 11
0.34544083 4.2044425 0.73465478 14
0.35110912 4.3323898 0.73908728 10
0.39552143 -2.0739374 0.8727653 13
0.3200393 4.1480889 0.88518256 11
0.34995273 4.2052674 0.87966424 13
0.34959781 6.8596525 0.89884382 2
0.38616851 7.4976168 0.86952597 7
0.34423888 -2.5122895 0.98991466 15
0.31969461 -1.9152982 0.91262794 14
0.31332946 -1.7717957 0.90884042 15
0.33627141 4.14782 0.91476554 12.666667
0.37675679 4.2531981 0.9944337 10
0.32100907 7.1036372 0.95760614 8
0.33472249 7.3641624 0.91505933 8
0.34687579 4.2222486 1.0346344 12.75
0.36705932 7.0852704 1.0046129 8
0.38273194 7.1534858 1.0484583 8.75
0.3446964 -1.9055032 1.1672856 15
0.37894449 4.0865436 1.1891305 15
0.38847107 4.1194606 1.1290076 12
0.35024342 4.2748828 1.1092689 11.5
0.33103669 7.2757611 1.1718 9
0.35434034 7.3660016 1.1359088 7
0.35336065 7.131402 1.2624516 10
0.3187049 7.2591357 1.2228452 9
0.38823405 7.337091 1.239231 9.5
0.33269894 4.1218138 1.3434362 15
0.34265155 7.2792387 1.3961617 10
0.39429972 4.2013545 1.4652724 15
0.34614748 7.3074641 1.475576 9
0.38193542 -2.2938912 1.5639514 15
0.39117169 7.2476454 1.5544387 13
0.33700696 7.3195295 1.5112526 12
0.37363771 7.2534618 1.6023279 11
0.32465646 4.1288452 1.8195955 15
0.38755503 7.1499066 1.9470276 15
0.39851877 7.1417742 2.1715293 15
0.32206705 6.9784808 2.3170795 14
0.37236997 7.1096625 2.3642626 15
0.47733104 -0.47168529 -0.63648653 7
0.48887017 -0.69228375 -0.42048344 6
0.4921779 -0.57304209 -0.49426392 8
0.48969007 -0.34515858 -0.48958778 3
0.47815564 -0.67216176 -0.3358691 1
0.45740414 -0.51183462 -0.36052343 8
0.49074411 0.89940256 -0.31666487 0
0.44723824 -0.9616788 -0.20719703 1.75
0.44285715 -0.74544179 -0.26057866 10.25
0.41792321 -0.67648154 -0.2096993 0
0.43839231 -0.51792294 -0.21943928 4.5
0.44158301 -0.47321841 -0.25463954 9
0.45421723 1.0879251 -0.2948707 0
0.47902799 1.3251624 -0.2519972 0.33333334
0.41563395 1.4445287 -0.2429007 0
0.48260951 -2.8111191 -0.14820455 6
0.46607426 -0.75614977 -0.10624921 13
0.46477145 -0.55098343 -0.14548248 11.833333
0.45200083 -0.4719981 -0.16204266 9.8999996
0.40681601 0.85246599 -0.13526601 3
0.49111366 1.6974878 -0.17446987 2
0.48460692 1.8353291 -0.17610809 0
0.45232168 1.9249595 -0.15438806 1
0.40803382 -0.66939229 -0.069276407 13.333333
0.46054837 -0.52993244 -0.039033957 11.625
0.4433403 -0.44689846 -0.010827716 10
0.43842429 2.4512882 -0.055121679 2
0.42875236 -2.3761523 0.047776368 11
0.43410218 -2.2776864 0.094998293 10
0.49443465 -0.64691699 0.022708656 13.5
0.44480115 -0.54743642 0.045677345 10.5
0.46190974 2.7082958 0.024575487 1
0.42885742 -2.353709 0.12114657 10.5
0.48945022 -0.91291904 0.17215909 13
0.42577428 -0.70604974 0.14117584 9
0.47383502 -0.55925876 0.15167831 11
0.48242012 3.47264 0.15905638 3
0.48557723 4.0586362 0.1439546 0
0.49558607 -2.3884995 0.25718617 13
0.41719818 4.4876037 0.29411021 4
0.46301517 -2.4066286 0.38283899 12.5
0.41681451 -1.4439039 0.39812908 11
0.43259323 4.5265169 0.3701852 7
0.42708504 -2.4259131 0.44963911 12.5
0.46373755 4.4615607 0.4118551 6.5
0.4489305 -2.4674177 0.53182751 13
0.42803633 4.2320933 0.53747189 9
0.4532786 4.3202009 0.56361407 8.333333
0.48548609 4.4538178 0.57709587 10
0.46499717 5.3288498 0.53745872 4
0.43741891 -2.4525888 0.66193366 12.5
0.48396173 4.2452569 0.61378473 9
0.45220438 4.3757439 0.60699886 8
0.42955568 6.3023868 0.69423592 2
0.40281099 -2.3594203 0.77402776 15
0.47941303 3.9963484 0.7089411 9
0.44972107 4.2534795 0.72270483 12.75
0.41239184 4.3252773 0.7663787 8
0.45068961 -2.5031886 0.86224371 15
0.42476588 -2.4246299 0.86309367 15
0.43320283 4.1709275 0.83080155 12
0.42239395 4.3325906 0.84988278 12.5
0.47067463 5.3650155 0.85169929 11.5
0.48549572 -2.5199084 0.97007704 15
0.45148575 4.2983403 0.99863708 11
0.49687177 4.3475013 0.90727323 12
0.44809464 5.3785815 0.95940483 14
0.44922754 7.1903095 0.92754662 7
0.44839507 -2.5243411 1.0434953 14
0.45505154 4.1780696 1.0744239 12.5
0.45238754 4.2910657 1.0432032 12.5
0.49676079 -2.5341387 1.118583 14
0.4157699 4.1612549 1.1918491 14
0.47919002 7.3707194 1.1533681 10
0.44654512 4.1382251 1.2529159 14
0.42336589 4.2338424 1.2070101 12
0.47335276 7.1486521 1.2777662 9.5
0.48122939 7.208005 1.367792 9
0.44772747 4.1577663 1.4180225 14.5
0.44439068 7.172493 1.4604799 12.25
0.43193081 7.2343864 1.4215012 10
0.45294315 7.087419 1.5690726 12
0.42798176 7.1588187 1.5431637 11
0.40213776 7.2230787 1.5721951 13
0.47345036 7.1300521 1.649112 15
0.46779028 7.2611842 1.6503484 14
0.43899542 7.0577221 1.7632556 14
0.42068195 7.2483644 1.7149806 12
0.48377883 7.0742421 1.8791486 13
0.47391185 7.038753 1.9115092 13
0.46759796 7.0054274 2.1657133 14
0.59744185 0.085327327 -0.49415836 0
0.50612319 0.1066068 -0.48299742 0
0.53110576 -0.60872889 -0.36664656 8
0.52149105 -0.46515563 -0.38016453 8
0.53682095 -0.96894163 -0.21274118 2
0.53690898 -0.70820081 -0.25357196 9
0.58834457 -0.6421985 -0.25255284 8.25
0.575167 -0.54620463 -0.23025306 7.5
0.59983808 -0.38030714 -0.28483778 0.5
0.53932184 -0.10389406 -0.2517401 0
0.50447047 1.3021159 -0.29662928 0
0.5423032 1.4878051 -0.26507321 0
0.53760087 -0.72295827 -0.13086805 9.25
0.52519691 -0.55844659 -0.13649204 10
0.59387553 1.0965976 -0.16609012 2
0.55103928 -2.3128061 -0.061056092 10.5
0.51697814 -0.72937232 -0.097942978 13
0.51391977 -0.60267889 -0.030739302 12.5
0.57580107 -0.57843035 -0.046819437 10.916667
0.51678282 2.8424094 -0.017588245 0
0.56097162 -0.89184034 0.090936892 10
0.57737648 -0.76603067 0.032076836 11
0.52124494 2.4129415 0.021528626 2
0.59371984 2.7699919 0.027980689 0
0.58862555 -0.81567627 0.13526818 11
0.50306892 -0.63280755 0.13796102 10
0.51049763 2.8406546 0.1091518 2
0.58625257 3.7149243 0.18126488 3
0.50167578 -2.3961279 0.20469666 10
0.54252279 -0.90962368 0.22365585 14
0.5740031 1.8117465 0.28004098 8
0.5360024 3.5612061 0.22460938 0
0.52529615 3.9768155 0.22351842 3
0.55111825 4.3868427 0.27707848 3
0.59218144 4.5620112 0.25443456 3
0.54961354 -2.4115705 0.30018723 12
0.52738196 -2.464545 0.48578626 12
0.5555501 -2.5060349 0.54371172 12
0.52225924 -2.4728916 0.54783463 12.75
0.59348291 4.2431951 0.59648854 10
0.55615228 -2.5149567 0.60316783 11
0.51372373 -2.4945068 0.64255589 12
0.55091268 4.2738266 0.6803323 11
0.57757694 4.2648821 0.73519325 10.75
0.55320597 4.3457556 0.72615075 10
0.54416066 4.5617971 0.77369493 11
0.53595549 -2.5339558 0.85031998 13
0.51557314 4.1849246 0.80283684 12
0.59671849 4.2835965 0.80910748 13
0.58996326 4.3472261 0.85868061 11
0.56241041 4.2559052 0.95900106 13.2
0.50733644 4.3609519 0.93264955 11
0.51601398 7.2390909 0.97580856 8
0.53801888 -2.5493939 1.0345415 14
0.59349489 -2.4806628 1.0614605 14
0.53939348 4.1711831 1.0195137 13
0.56105053 4.2993731 1.0067503 10
0.56928635 4.3335004 1.0624791 13
0.58735669 5.3356099 1.0072492 9
0.57748187 4.25985 1.1748555 13
0.51908672 7.1897879 1.1719158 9
0.57097417 7.27107 1.193324 8
0.58425176 7.3233509 1.1507412 7
0.54444993 7.4003329 1.1756258 8
0.51794559 4.2987723 1.203887 13
0.52250117 7.1596012 1.2842286 9
0.56358677 7.2585115 1.2921406 8.5
0.53737938 7.4129043 1.2589793 9
0.57408953 4.1846228 1.321522 14
0.54618293 4.2360106 1.3127657 13.5
0.51152825 7.1528864 1.3304801 9.5
0.57438618 7.2328954 1.3465866 9.666667
0.52792752 7.427464 1.3450842 10
0.51354134 7.1917777 1.4783534 11
0.56211972 7.2322173 1.4540788 9
0.53433108 4.2397175 1.5984606 14
0.51918405 7.1359792 1.5446327 10.833333
0.5156641 7.2141523 1.5349921 9.5
0.52031446 7.0852962 1.637108 12
0.54300743 7.1561723 1.6475109 11.666666
0.5874896 7.2168074 1.6340404 12
0.5506655 7.0949941 1.702665 13
0.57048279 7.147192 1.7331963 12.666667
0.53711122 4.1901155 1.8532706 15
0.50077558 7.0952392 1.8065869 14
0.59069556 7.1152349 1.8253042 15
0.54648197 7.0317798 1.9569365 14.5
0.54614705 7.1664276 2.0151682 12
0.56907225 7.0596356 2.1338933 14
0.55774879 7.1484189 2.1340373 14
0.5604316 7.0015721 2.4430947 15
0.5818519 6.9151568 2.5592053 15
0.51660269 6.9762754 2.7198594 14
0.62469268 -1.0103629 -0.35049781 8
0.64693761 -0.68126118 -0.33160621 8.833333
0.68961954 -1.3110811 -0.25795147 8
0.67666686 -0.86619127 -0.26267266 8
0.69619548 -0.5842607 -0.25623062 8
0.68705177 1.1284051 -0.26978427 0
0.63566327 1.2690378 -0.25310794 2
0.68538862 1.6884506 -0.21988542 0
0.62769943 -0.75396496 -0.18491919 12.166667
0.63958353 -0.64490646 -0.14201146 10.166666
0.63534778 -0.59191257 -0.12243608 9.5
0.65191334 0.80411416 -0.1110603 4
0.64171773 0.93762481 -0.18418148 1
0.64560753 -2.4249105 -0.036315612 11
0.64964193 -0.99532789 -0.0061063101 15
0.62791461 -0.85346681 -0.065161616 10
0.66348457 -0.72141331 -0.014981071 13.5
0.64868104 -0.67436826 -0.065403618 12.666667
0.64867848 -0.57406408 -0.065672733 12.458333
0.67594063 1.9098338 -0.069787651 5
0.61222363 2.44099 -0.030871136 2
0.60065603 -2.4220514 0.0092353048 12
0.65054387 -2.3971593 0.039065991 12
0.69106555 -1.0524485 0.024159783 10.333333
0.65671414 -0.98187202 0.045579895 10
0.62185663 -0.7465021 0.037315976 13
0.63876617 3.5611417 0.07739678 2
0.64752078 -2.4407825 0.161135 12
0.66124982 -0.93560565 0.17590719 12
0.63912404 -0.84709966 0.13786843 12.333333
0.66432935 -2.5117273 0.23160487 11
0.66434759 -2.4139705 0.20500505 14
0.62467426 -0.93001556 0.26375353 13
0.66577232 -0.88543195 0.22097135 11
0.63981271 -2.4314604 0.34270966 13
0.62573302 -1.037728 0.35445291 15
0.61004269 4.2579355 0.37368399 3
0.67981672 1.9366372 0.40087485 15
0.62624276 4.3125525 0.45166487 8
0.67724878 4.5109468 0.40890369 5.5
0.67317981 4.3713436 0.56996751 8.5
0.69838721 -2.6326289 0.69284004 13.5
0.6349225 -2.5641103 0.63280088 13
0.68849701 4.2679935 0.66933316 11
0.64739513 4.3189421 0.77126223 12.555556
0.66551322 4.445724 0.75961447 9
0.66601634 5.497098 0.76808107 9
0.66886747 6.1404033 0.70869184 1
0.65725583 6.3745627 0.76466483 0
0.63749075 7.2271876 0.71268821 7
0.62838185 4.2523527 0.84565181 11.333333
0.64200801 4.323194 0.8328563 12
0.64694673 4.4027839 0.84318495 15
0.62028217 6.6827888 0.81425101 1
0.65573949 7.3051295 0.84474599 7
0.68375742 -2.5913823 0.90952748 13
0.6505667 4.2341709 0.95835871 13
0.65367353 4.387166 0.91968423 12.5
0.66049159 5.475853 0.9190585 12
0.68673348 7.2669835 0.9096747 7
0.62580073 7.3671722 0.96931881 8
0.68983656 -2.633215 1.022048 15
0.65902591 5.410141 1.0672613 15
0.65602565 7.2444472 1.068058 8
0.63705772 4.2321725 1.1076035 12.5
0.65620726 4.3033533 1.1360718 15
0.63545263 7.2209411 1.18764 8
0.64733893 4.1996121 1.2993082 15
0.68063158 4.2265301 1.2499994 13.75
0.61075425 7.2784662 1.2495916 8
0.65133375 7.1740971 1.3096567 10.25
0.63453758 7.259275 1.3694909 10
0.66334313 7.3024402 1.3113495 8
0.65576506 7.1533313 1.4512855 10.5
0.62996495 7.2188058 1.4625949 10
0.622006 7.2279644 1.5667117 11
0.63774413 7.2143488 1.6669308 10
0.60688508 7.1484556 1.7270583 11.5
0.652798 7.1580744 1.8370183 13.6
0.64905071 7.2079983 1.8129907 12
0.61130285 7.0829949 1.980379 14
0.63174069 7.1476278 1.9517115 12.333333
0.61705571 7.2033992 1.9451003 14
0.69246215 7.1720667 2.0361259 12
0.6528123 7.0803456 2.133415 15
0.61032176 7.1112137 2.1775239 14
0.62274009 7.1121826 2.2701664 13
0.67007291 7.0800152 2.4438004 15
0.61694717 7.0752773 2.5148427 15
0.68884254 7.0036726 2.7062304 15
0.70200574 -0.76898658 -0.61664957 7
0.76387239 -0.86808372 -0.52621728 8
0.77655566 -0.9041034 -0.46628752 8
0.73195916 -0.372758 -0.47213858 4
0.7042461 0.20531121 -0.47342467 0
0.79170567 -1.0376914 -0.391377 9.5
0.740637 -0.8368209 -0.31308311 8
0.71799165 -0.78886127 -0.30826822 10
0.70401138 0.70456165 -0.32337123 2
0.73465163 1.1106864 -0.30603957 3
0.70960599 -2.4299383 -0.22200546 10
0.74278027 -2.2214839 -0.2307117 10
0.77655685 -1.0054468 -0.26946658 9
0.7622205 -0.94389331 -0.2483968 7.6666665
0.75018883 -0.85970235 -0.20041683 2
0.73795736 -0.79215515 -0.26893824 9
0.70394814 -0.61312068 -0.27213231 8
0.74064702 -0.53710079 -0.20199226 2
0.74312639 1.029395 -0.28315729 2
0.74855942 1.2278591 -0.29599664 0
0.72934157 1.3736058 -0.24135107 3
0.71789736 1.4652841 -0.20968504 1
0.73344034 1.5407965 -0.21609282 1
0.73379576 1.8179822 -0.2208391 2
0.77935386 -1.0583303 -0.12120961 13
0.76555747 -0.91385907 -0.12617531 9
0.7498998 -0.81960827 -0.13019902 10.875
0.74896115 -0.73871422 -0.16959275 7.4000001
0.77390534 0.69886696 -0.13743256 3
0.76745415 0.88306779 -0.1395243 4
0.75608689 0.96518421 -0.16816725 2
0.73063159 1.1622028 -0.14232838 3
0.70387137 1.7750943 -0.17961073 2
0.7370041 -2.2815347 -0.049580235 11
0.7650789 -1.1205858 -0.0083013792 12.5
0.76638311 -1.0520614 -0.076033518 14
0.7736159 -0.96245438 -0.049755432 9
0.73978692 -0.81342775 -0.072372369 10.666667
0.7528742 -0.73101068 -0.044238865 9.375
0.77747411 2.8090081 -0.023510261 2
0.75612259 -2.7718484 0.0060050255 7
0.79367578 -2.4534514 0.096595243 14
0.70672023 -2.3471267 0.0075906501 13
0.72573036 -1.011579 0.024706554 10
0.71035826 -0.98190165 0.022122363 10
0.71029407 -0.81441414 0.037559938 15
0.74917603 -0.78130841 0.0050868732 14
0.76809037 2.7039566 0.0096506421 1
0.78456581 -1.1668776 0.10055374 15
0.71046561 -1.0896838 0.14799073 13.25
0.7148298 -0.84345758 0.14963199 12.666667
0.72475439 3.4940274 0.16830985 2
0.70524043 -1.061569 0.21124718 11
0.73494238 4.3607693 0.23091833 4
0.71993804 -2.8530922 0.35533354 11
0.73130113 -2.4675035 0.3038924 11
0.7701202 -1.0078378 0.30606294 10.5
0.77394795 4.2009835 0.34234264 3
0.73867416 4.6925435 0.3372786 5
0.70079464 -2.5093579 0.40483865 11
0.77848387 1.6070825 0.43848342 14
0.74428666 4.5071015 0.42879874 8
0.76898563 4.5196481 0.54000968 9
0.70997101 4.2864127 0.68959212 10
0.72310668 4.4318027 0.6597119 9
0.72450703 6.0547485 0.64233679 0
0.79856271 6.1908488 0.66772252 0
0.75471717 -2.6531112 0.72406626 13.5
0.7785095 4.3736277 0.72796845 13.5
0.7219879 -2.6606171 0.87440318 14
0.70300198 -2.565552 0.88269693 13
0.7241506 4.2328687 0.891056 15
0.77610672 4.3587141 0.88664997 12
0.79777986 4.4440665 0.8394919 11.5
0.78910041 -2.6530793 0.98246372 15
0.78779423 4.2731433 0.97560334 11
0.76288003 7.2727423 0.95498276 8
0.76368988 7.434938 0.9895826 8
0.75346404 4.36938 1.0606047 13.333333
0.75716561 7.2645631 1.0481765 8
0.70461464 7.3981643 1.0715777 9
0.72776598 4.2352195 1.1405727 13
0.75176668 7.2425327 1.1307672 9
0.77584469 7.3541746 1.1885855 10
0.71281976 -3.2879584 1.2968042 14
0.74581861 7.3210049 1.2583587 9
0.78201592 4.2759485 1.3687204 15
0.76385522 7.2521334 1.3557421 10.25
0.76635373 7.3540668 1.3373313 9
0.78953886 4.3318772 1.4368459 15
0.71095479 7.2124314 1.4382997 10.5
0.7205435 7.1807022 1.5464945 11.5
0.78954262 7.2836556 1.5018703 11
0.74016798 7.2427135 1.6624517 11.25
0.77818835 7.1956816 1.7141252 13.5
0.73238897 7.2352967 1.7428862 10.666667
0.73378026 7.1270642 1.877987 11.5
0.75002724 7.2148218 1.8688933 11
0.70207745 7.1703582 1.918517 14
0.72971064 7.1803403 2.0630996 13.5
0.79022193 7.1934719 2.1542845 12
0.71682554 7.0670195 2.2972655 15
0.70790857 6.986546 2.3626485 14
0.79005706 7.1334076 2.3330534 14
0.7440747 7.2715759 2.423691 14
0.8299346 -1.0665646 -0.7385056 7
0.83007491 -0.2370524 -0.55588084 0
0.89442712 -1.3501247 -0.40922183 8
0.84598619 -1.2868396 -0.42119306 8
0.8976211 -1.42778 -0.30901492 9
0.84644902 0.92783755 -0.33709291 1
0.89792472 1.0600524 -0.33695793 0
0.83164847 -1.1695243 -0.2686663 11.5
0.83513874 -0.81356984 -0.24599795 10
0.88180983 -0.77528226 -0.28287506 8
0.8537907 0.93477064 -0.29628542 3
0.81027919 1.438839 -0.23846926 2.5
0.84860301 1.8263167 -0.20453201 2
0.8432284 1.9245038 -0.20427509 2
0.85979837 -1.3782915 -0.1272932 14
0.88890421 -1.2825512 -0.10733045 10
0.8494488 -1.1441383 -0.1737318 11
0.86274511 -1.0037507 -0.19920528 3
0.83954388 -0.87336344 -0.15435137 6
0.83189976 -0.7676934 -0.1659427 8.6111107
0.87660366 0.57757014 -0.14075829 3
0.88582397 1.5160081 -0.18695441 3
0.87649685 -2.4770555 -0.049137451 9
0.83947831 -1.2425117 -0.031772844 11
0.88114917 -0.807096 -0.048903029 13.5
0.84251797 -0.77154565 -0.073035985 9.3999996
0.88216299 2.3112018 -0.090833232 3
0.81112891 -2.8918753 0.057462867 10.5
0.88894498 -1.1388582 0.087502278 9
0.89465851 -1.051105 0.031991947 9
0.89520806 -0.93448967 0.03325136 9
0.85498106 -0.82741463 0.037829131 12.333333
0.83048993 -0.77327079 0.049832564 9
0.83340293 -2.9210999 0.11884809 11
0.85880142 -2.8822358 0.14954437 11
0.83838511 -1.1059809 0.18441243 10
0.84997594 -1.0239956 0.15955602 10
0.81250954 -0.86342329 0.13181202 13.25
0.82429224 1.3730489 0.11928093 12
0.8844353 -2.9349179 0.2820335 13.5
0.80506289 -2.4499831 0.27111354 11
0.83237809 -1.0270222 0.20811358 14
0.85561293 -0.90189022 0.24112277 12
0.84768498 2.1865816 0.25081059 9
0.81632537 -2.9528558 0.38667613 15
0.81464964 -2.6746273 0.33264884 11
0.87821168 -2.4649396 0.33028755 14
0.8977713 -1.222073 0.32929057 15
0.85309362 -1.176845 0.36233661 13
0.87092257 -1.0083241 0.37969562 13
0.84815603 1.4037603 0.31452262 14
0.80791247 4.6588798 0.3392742 2
0.8087734 -2.4270339 0.44714421 15
0.81194979 4.6323657 0.48957601 8.5
0.84833527 4.7474036 0.45811695 3
0.87516326 -2.5766916 0.56723601 12
0.892986 4.5982461 0.51053506 8
0.8723765 -2.6583657 0.65842777 13
0.87212598 -2.55423 0.61400139 13
0.82430333 4.3629794 0.62738359 9.833333
0.86757559 4.4413133 0.66191238 10.5
0.88274968 4.5095344 0.6266371 10
0.83210891 6.2389898 0.67588335 0
0.83576107 -2.7152827 0.70415658 13
0.81476218 -2.6670966 0.787754 15
0.8155179 -2.507266 0.71655899 15
0.84282601 4.358779 0.75369298 13.666667
0.8466934 4.4498615 0.77329123 11
0.85662389 4.5122423 0.71332633 9
0.87521571 -2.702796 0.83309793 13
0.8834911 -2.6412179 0.89280176 14
0.8739686 4.3228121 0.88478929 13
0.83433157 4.4424229 0.85864896 10.75
0.88986826 6.774838 0.8528372 0
0.87969095 -2.6675651 0.97887176 15
0.88860208 -2.5533667 1.0504676 13
0.88416559 4.2989736 1.0306787 15
0.89953303 4.3597498 1.0068318 11
0.85850447 4.4081593 1.0814471 14
0.83783412 4.3703866 1.187741 13.5
0.83885664 7.2994809 1.1274756 9
0.85240746 7.4115653 1.1530904 8
0.84029961 4.3483553 1.2741871 12
0.85487181 7.4396896 1.2377017 8.166667
0.86375386 4.3460121 1.398261 15
0.85441482 7.3632903 1.3603004 9.333333
0.84950179 7.4795961 1.307863 8
0.88645959 7.5012779 1.3574657 9
0.83856297 7.3602729 1.4599899 11
0.84102941 7.5211768 1.4360898 8
0.87354767 7.286272 1.5435311 12
0.87391001 7.3219771 1.5391847 10.166667
0.82772613 7.2646561 1.6425706 12
0.82176614 7.3700476 1.6158167 11
0.86589217 7.4090962 1.62432 10
0.82693255 7.2603145 1.7485743 12.25
0.85054547 7.3713441 1.7458954 12
0.8008827 7.1948447 1.8728551 13
0.86556095 7.2391648 1.855033 12
0.83909273 7.3222084 1.8017793 13
0.84198219 7.1433954 1.9778876 14.25
0.88948905 7.2827749 1.9091302 15
0.86569816 7.337132 1.9247231 13
0.80768836 7.1926227 2.0619533 12
0.85849613 7.2478042 2.0266221 13.833333
0.83457083 7.1342325 2.1314914 15
0.88080382 7.2894907 2.1402302 14
0.80602491 7.108593 2.2361772 14
0.83880883 7.2697377 2.2372532 13.666667
0.87295079 7.3164506 2.2454882 14
0.83749378 7.1386223 2.3504021 14.5
0.85361087 7.1357207 2.420419 15
0.82521212 7.2569284 2.4442868 14
0.83156008 7.1139183 2.570354 14
0.88974464 7.2436719 2.9712849 15
0.98171425 -1.5925808 -0.74123836 7.5
0.92476338 -1.4735169 -0.67912102 7.5
0.93754387 -1.4735801 -0.5188874 8
0.94015414 -0.65627927 -0.59868437 3
0.98002517 -1.8202988 -0.44690946 8
0.99116683 -1.6717812 -0.44647166 8
0.91839802 -1.5202326 -0.46230176 9
0.97993201 -1.645023 -0.36694145 9
0.93676805 -1.5720017 -0.34394306 10
0.94197893 -1.1336155 -0.37589556 8
0.91094965 -0.85230321 -0.32043052 8
0.93769842 0.73933744 -0.39452076 0
0.96602863 1.1696458 -0.30186546 3
0.96990526 -1.6485316 -0.28185591 10.5
0.92209065 -1.5269313 -0.26802069 12
0.99077094 -1.337209 -0.26321369 11
0.94729924 -1.1141896 -0.28958446 10
0.91975552 -1.0646394 -0.29488671 9
0.98810899 -0.93901134 -0.28884211 8
0.95822346 -0.85394323 -0.25027376 8.5
0.95422953 1.2850742 -0.25456616 0.33333334
0.98171592 -1.662204 -0.1922842 10
0.94004226 -1.1591297 -0.16847521 11.666667
0.91676921 -0.80141485 -0.15179704 10
0.9125312 -0.74901426 -0.18927911 6.5
0.9755705 -0.2873587 -0.17490263 3
0.98645341 0.18577717 -0.15963246 4
0.96962363 0.55546385 -0.13247128 4
0.97508532 0.63461518 -0.12901348 4
0.92363816 0.96005547 -0.12822527 4
0.96711689 1.0379192 -0.12106823 5
0.9488641 1.6937621 -0.1895922 0
0.97798449 1.9814872 -0.16126116 3
0.96449161 -1.2468572 -0.080097601 12
0.98545009 -1.1881747 -0.065800466 10
0.964679 -1.0070522 -0.012569017 10
0.95492667 -0.93442744 -0.068838507 9.625
0.91926146 -0.78615469 -0.013939844 13
0.9472965 -2.9246716 0.088910714 10
0.95785952 -1.4585094 0.021108778 11
0.97534049 -1.2871107 0.096212514 9.5
0.98282468 -2.8442314 0.10879116 11
0.92740685 -2.4872639 0.11558025 10
0.94730937 -1.3466936 0.18774681 13
0.92309415 -1.214933 0.10211792 11
0.91509873 -1.1436623 0.13694136 13
0.9064495 -0.92552894 0.11883534 13
0.91169244 -0.84657747 0.143626 11
0.99586791 -2.8940303 0.23228756 12
0.93866342 -1.2631173 0.20520405 12
0.90650553 -1.1353602 0.21615115 11
0.94359338 -1.0359775 0.25093859 10
0.96183002 -2.9491022 0.33965713 12
0.9807989 2.0281529 0.386381 13
0.9160549 4.6998053 0.30224767 4
0.92320693 -2.9834087 0.4542172 13
0.96116626 -2.517488 0.44802994 12
0.95269597 2.1309924 0.45338458 11
0.96267879 -3.0176418 0.55572426 13.5
0.99491566 -2.9077728 0.58824885 15
0.90579492 -2.6324432 0.57898062 13
0.91312402 -2.5467513 0.57795173 13.5
0.90538579 4.6197963 0.59744895 9
0.95645118 4.7095923 0.54966587 6
0.95831883 -2.5832853 0.62989646 13
0.96284813 4.4315295 0.65812099 10
0.92524081 4.5216556 0.65762758 8
0.9885053 -2.701416 0.75499892 13
0.93390542 4.4187851 0.76645517 10.5
0.97061014 5.5709686 0.76022267 9
0.95338953 -2.9696672 0.81843632 14.5
0.95883536 -2.7238505 0.82148612 14
0.90881407 -2.6339192 0.8201645 13
0.92155027 4.3635025 0.84014899 15
0.95020473 4.518589 0.83091342 13
0.92181295 5.51126 0.93409157 10
0.92900503 7.4416842 0.91724831 7.25
0.94826323 -2.6899574 1.043669 14
0.97123075 4.392983 1.0023302 13.5
0.96304899 4.4440541 1.0603297 13
0.91319084 7.3663559 1.0841696 8
0.9167676 7.424468 1.0555968 8.333333
0.91306877 7.5454922 1.07985 8
0.96458274 5.4683971 1.1077185 13.5
0.98811609 5.5006804 1.1069171 11
0.93083274 7.3774314 1.1488508 9
0.92262584 7.4662738 1.150439 9
0.9327296 7.5398536 1.1712666 7
0.98135233 4.1784902 1.2761837 14
0.96013618 4.4007101 1.2543286 15
0.90355808 7.3664222 1.2284961 8.5
0.9270981 7.4436173 1.2231784 10
0.91125745 4.3642678 1.3734434 14
0.91832381 7.273551 1.3982323 10
0.99777234 7.3313603 1.3412504 9
0.92248327 7.4532523 1.3720051 10
0.98191857 4.2942843 1.4497727 15
0.9930498 4.5370836 1.4602696 14
0.92152399 7.2523913 1.4741273 11
0.93883187 7.4661388 1.449581 10.5
0.91351855 7.3243632 1.5140495 13
0.95396334 7.4874911 1.5321412 9
0.99391723 7.3799119 1.6334217 12
0.94829994 7.4505897 1.6425141 10.5
0.92817372 7.3843069 1.7470765 15
0.92873025 7.4328341 1.7816226 10
0.90576595 7.1874967 1.8381085 14
0.90743613 7.2805705 1.8025527 15
0.98074496 7.4227614 1.8740739 12
0.91284764 7.2809181 2.0663106 13.5
0.93216228 7.2334414 2.1587386 13.666667
0.95584744 7.3223038 2.1819701 13.5
0.93999493 7.3582811 2.2506137 13
0.94387704 7.1478028 2.4667816 15
0.95517957 7.2848039 2.4227588 14
0.96603858 7.2590671 2.7767041 14
0.99601769 7.3054266 2.7066236 14
0.96078008 7.2577343 2.9143076 15
1.0636854 -1.800967 -0.55422068 8
1.0144806 -1.6571341 -0.55112934 8
1.0797476 -0.5519411 -0.58399701 2
1.0944222 -0.33643371 -0.54735786 0
1.0007465 -0.090309195 -0.53162354 2
1.000195 -1.7539109 -0.41770643 10
1.023537 0.15014435 -0.48631564 1
1.003799 -1.1521304 -0.36820912 7
1.0705334 0.84938824 -0.31856495 0
1.0903131 -1.6323297 -0.24410424 12
1.0405291 -1.5114213 -0.24070604 10.5
1.0654473 -1.4840095 -0.2023724 9
1.014712 1.6324011 -0.26358154 0
1.081216 1.8383721 -0.24412996 4
1.0549583 -2.2667437 -0.19993396 11
1.0059364 -1.6468673 -0.17699747 10
1.0609211 -1.4300284 -0.18389012 9
1.0903916 -1.3960793 -0.14835323 8
1.0662547 -1.186321 -0.14666913 11
1.0142177 -0.98182738 -0.10011535 8
1.0343682 -0.76129007 -0.17279756 3
1.0192165 -0.18843846 -0.16487671 3
1.0466591 0.25001645 -0.13209845 3
1.0264126 0.44648951 -0.128793 4
1.0217447 1.7197778 -0.16853067 3
1.0144802 1.8921907 -0.1504211 4
1.0216112 2.0621536 -0.15769067 3
1.0620064 -1.3967807 -0.080702253 10
1.0994419 -1.0662012 -0.014483589 9
1.0257404 -2.9397721 0.041480258 9
1.0881397 -1.5999957 0.045984808 10
1.0623416 -1.3198224 0.090409487 10
1.0118028 -1.0189366 0.016611738 9
1.0365615 2.9623308 0.046439387 1
1.0889463 3.2160153 0.087097444 0
1.0095128 -2.9589822 0.12937705 10
1.0035404 3.8697984 0.24952807 2
1.0036284 4.4139404 0.23110169 3
1.0187213 -2.9702072 0.3759082 13
1.0434494 1.6751339 0.36487383 13
1.095435 -3.0234678 0.47343698 11
1.0893201 -2.5784156 0.48217455 11
1.0130457 1.8694819 0.41389826 11
1.0454042 4.7605939 0.52453977 7
1.0418942 -3.03038 0.6331895 14.666667
1.099287 -2.7548847 0.68942481 13
1.01881 4.479876 0.66137922 10
1.0834895 4.5402956 0.6764769 9.5
1.0780869 4.7387047 0.67679793 9.666667
1.0104398 5.9044418 0.65464211 3
1.0409236 -3.0249574 0.7004298 14
1.0500358 -2.5751953 0.78452986 14.5
1.01504 4.4050593 0.77437341 10
1.0220683 4.6819267 0.7142784 10
1.0922146 6.122366 0.70209789 2.5
1.0196346 -2.6567342 0.84537184 13.5
1.0565488 4.4533029 0.85289752 10
1.0074093 5.6355519 0.85768813 10
1.0912488 7.4362364 0.87000763 7
1.0516193 4.3649077 0.94899201 13.5
1.0562793 4.5246978 0.94578403 12
1.0743363 5.4719257 0.93774623 9
1.0094656 5.5262771 0.94769758 10.25
1.0366111 7.5942035 0.93621838 8
1.0939355 5.4193406 1.0573537 10.5
1.0400689 5.5211568 1.0464258 12.5
1.0263079 4.3830523 1.1018904 12
1.06162 4.4814548 1.1235424 13.5
1.03844 5.4394674 1.1370728 12.333333
1.060704 7.5502429 1.1873875 7.6666665
1.0354793 -2.1955836 1.2414978 15
1.0818434 4.5027719 1.2554762 15
1.098527 5.2547221 1.226617 13
1.0209024 5.3635244 1.2985607 14
1.0248325 5.4807525 1.2278087 13
1.0797985 7.4503241 1.2634169 8.5
1.0537097 4.3968916 1.3625907 14
1.0822784 5.2603397 1.3583461 13
1.019511 5.3285794 1.3347304 14
1.0050484 5.4729891 1.3325694 14.5
1.0346218 7.4014874 1.3097204 9
1.0094008 7.5376053 1.3362097 7.5
1.0253724 -3.2343469 1.4160984 15
1.0449926 4.3196158 1.4697357 15
1.0635575 5.3749485 1.4885598 14
1.0892264 5.4183707 1.4269803 13.5
1.037223 7.4656892 1.4667958 10.166667
1.0102632 7.5081234 1.4692841 10
1.0935395 5.3906355 1.5755863 15
1.0793334 5.4406538 1.5592822 14
1.0346311 7.4523139 1.5604888 11
1.0774944 5.3285279 1.6068853 15
1.0634605 7.4833322 1.6856703 11
1.0616474 7.516253 1.6530098 10.666667
1.0953695 4.3809733 1.755612 15
1.0957347 5.3128762 1.7226855 15
1.0334307 7.3455491 1.7097186 11
1.036889 5.1958113 1.8699698 15
1.0589082 7.4489603 1.8590001 12.571428
1.0823939 5.2965846 1.9331278 15
1.0753453 5.336937 1.9749643 15
1.021646 7.4165344 1.9623047 12
1.030239 7.4210963 2.0465355 13.166667
1.0481166 7.3767977 2.2017028 12
1.0402778 7.4087186 2.2223012 12
1.0399225 7.4058242 2.3030965 14
1.0936974 7.3155332 2.570365 15
1.0599537 7.2429829 2.88762 15
1.1627233 -1.8067911 -0.55382788 7
1.1873022 -2.0131922 -0.4437665 10
1.1489061 0.25702217 -0.47184157 1
1.1519523 -1.8249459 -0.36654773 9
1.1800609 -1.753256 -0.31797633 8.5
1.1416895 -1.5130632 -0.3396402 8
1.1420722 -1.3350369 -0.37904793 8
1.1999562 0.8304134 -0.38761038 1.5
1.1954216 -2.2055099 -0.25357658 11
1.1041319 -2.1332238 -0.20425256 10
1.1714245 -1.6920657 -0.27018407 9
1.1798275 -1.5654762 -0.24590996 9
1.1543294 -1.3862065 -0.25765345 7
1.1272939 1.150616 -0.28121138 0
1.1383308 1.5061288 -0.24578656 2
1.190294 1.6109865 -0.23731364 3
1.1927758 1.7582372 -0.23714842 0
1.106485 -1.7448829 -0.10316855 12
1.1750624 -1.64921 -0.1915545 9
1.1806633 -1.5349094 -0.19600791 10
1.1225988 -1.3360898 -0.10318351 9
1.1310997 -0.51080674 -0.17156351 3
1.1445544 -0.11288378 -0.1420033 4
1.1670252 0.050749242 -0.14895053 4
1.1613533 -2.734832 -0.068107642 6
1.1583394 -2.1216209 -0.085525081 11
1.1228908 -1.6217995 -0.058221184 10
1.1609784 -1.5686115 -0.04727963 10
1.1067874 -2.813489 0.069803566 15
1.1338451 -2.2615736 0.044385169 15
1.1139352 2.7471189 0.017659822 1.5
1.1904036 -2.3321497 0.11623357 12
1.1268334 4.451592 0.22126105 2
1.1854354 4.9859214 0.29175854 3
1.1029441 -3.1203525 0.35692465 12
1.1280725 -3.063787 0.32829872 11
1.1098382 -2.9479282 0.34929064 11
1.1208334 1.5411118 0.35390809 11
1.1017028 4.1258726 0.3022449 1
1.1347865 4.6800389 0.36300036 5
1.1507384 5.1694531 0.37878343 4
1.1749455 -2.9873104 0.45211592 11
1.1391968 -2.4539838 0.44199127 12
1.1765314 4.4967117 0.40905154 7
1.1262475 4.7595 0.41934955 6.5
1.11742 -3.0917819 0.53977871 12
1.1538205 4.4651546 0.56138134 9
1.1000744 -2.4232252 0.60788625 13
1.1823361 4.4929142 0.68201691 11
1.1513761 4.5721283 0.62178516 9.5
1.1563535 4.6640687 0.62989378 10
1.152263 5.1503954 0.63725573 7.5
1.1915528 5.2721071 0.69331747 9
1.1313168 5.4102259 0.68655366 8
1.1641221 7.5279045 0.69864225 7
1.1822661 -2.755652 0.78871936 15
1.1142176 -2.6170928 0.74497199 12
1.1174237 4.4687018 0.77132279 13
1.1433047 4.532444 0.77490258 13
1.1513385 4.8630342 0.78527898 9
1.1907158 4.9475179 0.70457852 11.5
1.1343197 -2.6408789 0.87008911 13
1.143352 4.5386019 0.86611766 11.5
1.1406467 4.7771859 0.87818718 10
1.1634459 5.0468926 0.83144075 11.166667
1.177545 5.3817534 0.82713306 8
1.120489 7.5450058 0.85068816 7
1.1490563 4.4339533 0.92333698 11
1.1854488 4.9132042 0.94567102 12.5
1.1920204 5.0553546 0.92516094 10
1.1884171 5.1413088 0.99671495 12
1.197675 -2.6982484 1.0417265 14
1.1013192 4.3927107 1.0374871 12
1.1383121 4.4600239 1.0383948 12.5
1.1853878 4.8926339 1.0727963 14
1.1319621 5.1593957 1.0636588 11
1.161739 5.2481666 1.0415926 10.5
1.1699674 4.4268184 1.1118189 14
1.1610976 4.3947911 1.2484834 13
1.1970286 4.9512138 1.2952869 14.5
1.1855683 5.1127114 1.2314562 12
1.1809109 5.2844954 1.2065197 11
1.1028953 5.361659 1.2337596 12.5
1.1165315 4.4257655 1.3199035 15
1.192933 4.9560513 1.3164227 12
1.1096067 5.1631341 1.3795476 15
1.1985313 7.5769711 1.3316463 9
1.145304 4.3493729 1.4649405 14.5
1.1288888 4.4414158 1.4241585 13
1.1396565 5.1715994 1.411243 13
1.1257551 5.2758875 1.4661922 15
1.1343293 5.4016485 1.4476156 13
1.1312524 4.2369599 1.5236856 15
1.1596146 5.2741952 1.5212574 13.5
1.1129597 5.3723593 1.5232708 15
1.1852589 7.4609919 1.5818758 11
1.1100663 5.3650675 1.6039265 14.5
1.1599985 5.3492322 1.7083086 14.5
1.1511953 5.1695476 1.8118628 15
1.1603738 7.4466877 2.1079898 12
1.1038362 7.3950415 2.2037239 13
1.1763918 7.4100838 2.3328931 15
1.1280193 7.3816328 2.5555003 15
1.1466056 7.3669829 2.8002262 14
1.2138313 -1.9592868 -0.69701242 7
1.2956619 -0.38199228 -0.54096562 2
1.2564654 -0.12981583 -0.51054651 0
1.2573558 -2.5993147 -0.31295201 8
1.2519631 -2.2381458 -0.35007668 8
1.2711306 -2.1441488 -0.3556903 9.5
1.2811177 -2.0382104 -0.34701148 9
1.2631754 -1.7786528 -0.3773115 8
1.2203054 -1.6360904 -0.34352943 8
1.2800421 -2.0295854 -0.2928625 10
1.2543908 -1.8347729 -0.24206637 9
1.2666792 -1.7872897 -0.29068258 8
1.2658714 1.3742951 -0.23976962 2
1.29318 1.4579355 -0.29946467 0
1.2594392 1.8412266 -0.21095176 1
1.2145936 -1.6991789 -0.17948198 9
1.2122883 -0.0029145638 -0.15611008 4
1.2198961 -2.2874899 -0.022172958 11
1.2601578 -2.1048062 -0.016873932 13
1.2056265 -1.1921248 -0.026348658 9
1.2350657 3.1242394 0.079191878 0.25
1.2681997 3.4724388 0.069022857 0
1.2730542 -3.0172455 0.11271074 10
1.2277343 -2.8620527 0.16567773 12
1.2997408 3.587769 0.14153415 4
1.2794988 3.6294572 0.18353583 2
1.2472782 -2.8078079 0.20233043 11
1.2860876 -3.0506654 0.36157474 11
1.2839506 4.7757425 0.39510146 5
1.2628057 -2.9491677 0.4601962 15
1.299093 4.5522404 0.48295346 10
1.2238414 4.47996 0.5308525 9
1.2959251 4.5244989 0.59279108 10
1.2136788 4.9138203 0.59476471 7
1.2354194 -2.5180831 0.63957822 12
1.2865471 4.5377736 0.67650098 12
1.2438899 4.6533699 0.6475268 10.5
1.2363528 4.8303804 0.62991595 7.5
1.249714 4.9565659 0.66543186 9
1.2213322 5.1558867 0.66754079 8
1.231672 -2.6331348 0.70399487 15
1.2120316 -2.4824104 0.73940957 14
1.2437103 4.5418782 0.74391723 11.166667
1.2319334 4.6062965 0.73945826 10
1.2613577 4.8832192 0.73639292 9
1.2647825 4.9533205 0.77166331 9.5
1.233664 5.0615449 0.75488895 9
1.2370011 5.2840014 0.77700108 12
1.2202436 6.4021096 0.76725155 2
1.2324867 -2.6329496 0.85120356 13.5
1.2768235 4.4781704 0.84185261 11.375
1.2702798 4.5550637 0.85079485 11.1
1.2727855 4.6290464 0.84013098 12.5
1.2217175 4.7916727 0.82187939 11
1.2959914 4.8057241 0.87717992 9.5
1.2346227 4.9364166 0.84630179 10.375
1.2166137 5.0598297 0.84683979 11
1.2385705 5.1320534 0.84683895 10
1.2418528 -2.4992182 0.91380525 15
1.2728807 -2.2342389 0.96710265 14
1.2718782 4.5438213 0.93801498 12.666667
1.2590449 4.8618598 0.90050685 11
1.2238398 4.9447341 0.96321338 11.75
1.2556006 5.0698919 0.94559902 11.166667
1.2325164 5.1306629 0.94585323 10.5
1.2970974 7.6406708 0.94651324 7
1.2637759 -2.6440725 1.0346019 14.666667
1.2619171 4.4433608 1.0260605 12.5
1.2765789 4.7050261 1.0450854 13
1.2538387 4.8600841 1.0786295 11.75
1.2259736 4.9226828 1.0275714 12.833333
1.2394773 5.0308456 1.0640889 12.125
1.2843109 7.6618781 1.096197 0
1.2178893 7.7577052 1.0438489 7
1.2320838 -2.6772363 1.1116362 15
1.2852765 4.7794628 1.1478325 12.5
1.2314404 4.8535762 1.1300731 14
1.2790591 4.9067278 1.1448318 11
1.2453202 5.0257316 1.1351972 11.166667
1.2441106 5.3105378 1.1022478 13
1.2476388 4.416853 1.2743478 13
1.2764673 4.6908841 1.2382761 14
1.2149317 4.8376584 1.2149425 14
1.2540723 4.9352574 1.2451251 12
1.2526528 5.0518637 1.2451981 13.5
1.2584773 7.5356741 1.268306 9.25
1.2466927 7.6041803 1.2739692 9
1.2001836 7.7660704 1.2889926 8
1.2965286 4.4957566 1.3377699 12
1.2634079 4.5072842 1.313892 15
1.2419454 4.8498063 1.3863508 15
1.2402185 4.9640708 1.3408532 14.5
1.2120687 5.0218587 1.3668647 14
1.2111123 7.5886836 1.3012034 8
1.2605221 4.3731484 1.4700518 15
1.278222 4.4501963 1.4456644 13.666667
1.2701817 4.9594803 1.4603362 15
1.2523726 7.5002346 1.4557006 9
1.2882723 4.4656067 1.5561924 14.75
1.2797512 4.7973928 1.5616946 14
1.2191569 4.891108 1.567793 13
1.2163371 5.1053562 1.5351607 14
1.2375413 7.5530839 1.5605745 11.5
1.2773799 4.4244452 1.6700422 15
1.2928358 4.6279297 1.6803193 15
1.2356753 4.8996687 1.624035 14
1.2696826 7.4827728 1.6754683 11.5
1.2648879 7.4585824 1.7517089 14
1.2056372 4.9070573 1.8136932 15
1.2850595 7.4758353 2.0037727 14
1.2157016 7.3574967 2.1196566 15
1.2571278 7.4200239 2.1141052 13
1.3424095 -1.9687396 -0.65111339 8
1.3866724 -0.31843147 -0.52806878 1.5
1.3167893 -1.9007381 -0.45712894 7
1.3662131 -0.13027215 -0.4934108 0
1.3330927 -2.2898874 -0.31847462 7
1.3318748 -2.0583162 -0.3473981 9
1.303273 -2.0998495 -0.1782732 10
1.3466492 -0.020428902 -0.12330876 4
1.3986276 2.3505323 -0.17078103 2
1.3171368 -2.0792925 -0.099168904 12
1.3819064 -2.990746 0.064973317 10
1.3638633 -2.8510005 0.046068687 10
1.3085631 -2.1478941 0.012266364 14
1.3065312 3.2450249 0.10564401 0
1.3469731 3.4785483 0.14190701 4
1.3148322 -3.016669 0.23106055 11
1.3355709 3.8301823 0.22954547 1
1.3570879 -2.9172869 0.30844572 14
1.3564295 4.2733369 0.30756205 0
1.3808123 4.5316377 0.4913466 9
1.372064 4.5008698 0.59763294 10
1.341431 4.6687551 0.57240278 9.5
1.36042 4.9910936 0.55336833 8
1.3324329 4.4973583 0.67019624 10.5
1.3366858 4.5546331 0.63435686 8.5
1.339993 4.6516418 0.65760595 9.7857141
1.3345236 4.7573366 0.66191101 8.5
1.3443409 4.8235903 0.61891729 8
1.3231087 5.7895479 0.65068537 3
1.393808 -2.9682534 0.71385175 13
1.3065034 -2.6847272 0.7681188 13
1.3252115 4.3442173 0.73969132 9
1.31912 4.4831862 0.74472374 12
1.3518564 4.5434422 0.74616957 10.791667
1.3304421 4.6367054 0.74049354 8.5
1.3280307 4.7226753 0.74515033 8.5
1.3479532 4.8690505 0.77433372 13.5
1.3783683 5.1100645 0.77121323 10
1.3213404 -2.2684376 0.82866919 13
1.3376564 4.4809356 0.86126316 11.375
1.3590853 4.5482936 0.85429442 11.863636
1.3498172 4.6265893 0.82943881 11.833333
1.3307602 4.9424038 0.85551429 12.5
1.3947738 5.2446585 0.8659693 11.75
1.3552159 6.7772393 0.8124221 3
1.3874433 7.7205114 0.87642616 7
1.3204527 -2.5284736 0.96361363 15
1.3472111 4.488389 0.94625723 12.333333
1.3492795 4.5611029 0.94091451 11.55
1.3559936 4.6088867 0.94308138 10
1.3465679 4.743557 0.94340414 12.166667
1.3329103 4.8778329 0.9003666 15
1.3547579 4.9564767 0.97135216 11
1.3855848 5.0814319 0.98355734 12.5
1.3724473 5.1670694 0.95976549 12
1.3638083 5.2622976 0.98969311 9.5
1.3385681 4.4714146 1.041927 12
1.3498033 4.5550137 1.0577193 11.875
1.3401029 4.6369777 1.0332481 12.25
1.3037844 5.0712934 1.0781395 11
1.3512602 5.1956306 1.0498343 11
1.3040793 5.2618418 1.0453035 11
1.3974098 7.5396867 1.0652351 0
1.3307154 7.7891359 1.0968268 7
1.3318931 4.4764657 1.1354644 12.875
1.3414216 4.5447392 1.1470203 13.222222
1.3545982 4.6017699 1.1491078 14
1.3505065 4.7325654 1.142859 12.833333
1.3385124 5.1246781 1.1386869 12
1.3441317 7.6296144 1.1066524 8
1.3035456 7.9045897 1.1090058 6
1.3627391 4.4631677 1.2509465 13.65
1.3527538 4.5315242 1.2419676 13.444445
1.3393459 4.7201443 1.2974161 13
1.3708889 5.0924749 1.2995324 14
1.3466785 5.2200403 1.2134179 14
1.3319212 4.3068395 1.3472034 15
1.3496161 4.4629531 1.3586956 14.055555
1.3491814 4.5418 1.3686218 13.666667
1.3705875 4.6753092 1.3805823 15
1.3330697 4.7879825 1.3834002 13.75
1.3469898 5.0723486 1.3409246 12
1.3648788 5.1578598 1.3500421 14.5
1.3639668 5.2204151 1.3320898 14.5
1.3396705 7.5968227 1.3208551 9.5
1.3194591 7.6053686 1.3065197 8
1.3521878 4.4598064 1.4615326 14.75
1.3821867 4.557621 1.4363421 15
1.3002036 4.7625413 1.4321452 13
1.3709345 7.6229544 1.4617437 9
1.3604954 4.4462442 1.580249 15
1.3534293 4.5346837 1.5225418 14.666667
1.3480521 4.4269142 1.6766856 15
1.3663077 4.511694 1.6022121 15
1.3206341 7.6182413 1.6053309 9
1.3751266 7.541553 1.7538919 11.5
1.3892817 7.5264144 1.8746853 14
1.378631 7.5206342 1.9307351 12
1.3578471 7.3971863 2.0507593 13
1.3234736 7.4164038 2.0558341 13
1.3384078 7.4281611 2.2255418 14.333333
1.3215692 7.3821964 2.8717625 14
1.4486154 0.068925276 -0.46211779 1
1.4858094 0.50406611 -0.41294032 3
1.4537575 -2.0073266 -0.34309492 10
1.4831339 -1.9874095 -0.29799101 10
1.4975799 1.5872887 -0.26653206 0
1.4144963 1.7687359 -0.22800639 0
1.4018809 -2.1821387 -0.10267505 10
1.4273665 -2.0072715 -0.17199081 10.5
1.4753224 1.5799866 -0.17354809 0
1.4247649 1.7320259 -0.15565398 0
1.4888341 1.8277779 -0.17430997 1
1.4313442 -2.1595879 -0.081439704 10
1.4092084 2.7855983 -0.093341894 0
1.4041964 -2.1977258 0.054831546 15
1.4620367 2.8729682 0.052977625 2
1.4705323 3.0828986 0.046966769 0
1.4131235 3.74756 0.19343141 4
1.4587789 -2.9062068 0.22171703 10
1.4053769 -2.7418826 0.23623134 15
1.4573635 -2.2068048 0.27816579 12
1.4209405 4.2054896 0.23107062 3
1.4560528 4.4093008 0.2615616 3
1.4725677 4.9766841 0.38177156 2
1.4281896 -2.4720321 0.41665372 12
1.4734434 4.7975607 0.47565818 7
1.4963962 5.3258195 0.49895599 0
1.4628927 -2.5300033 0.59542137 12
1.4889342 -2.3894117 0.60797328 13
1.4533912 4.5872211 0.65884197 9
1.406423 5.0238619 0.61919641 9
1.4266795 5.2313852 0.63910466 8
1.4457058 -2.5614052 0.76588845 13
1.4387592 4.5165434 0.78381723 10.5
1.4052128 4.6547408 0.77718121 14
1.4502256 5.0517201 0.7464093 9.5
1.4770963 5.1369796 0.78895193 13
1.4839298 5.2491493 0.79492569 8
1.4721382 5.3274441 0.78970999 11
1.4591829 5.4007607 0.7685262 10
1.4899756 7.8031349 0.79853898 7
1.4701735 4.6134839 0.81784201 10
1.4534439 5.0660586 0.86877614 12.666667
1.4488698 5.1137362 0.86159801 13.166666
1.4584684 5.2644606 0.85320026 10
1.4322406 5.374187 0.87984318 9
1.4329778 6.8425941 0.81349176 2
1.4177594 7.0216103 0.84560281 3
1.4938669 7.2716274 0.89580739 3
1.4218514 5.1446686 0.92779833 12
1.4861442 5.2853327 0.91732711 9.75
1.4232874 5.340899 0.93193072 10
1.4636916 5.4062037 0.9444806 10
1.4890977 7.6529708 0.98871273 7
1.4303108 4.5125661 1.0117267 12
1.4074061 5.139328 1.0697833 14
1.406755 5.2908282 1.0340346 10
1.4861839 5.3233809 1.0347759 11
1.4373351 -2.4527216 1.1044089 13
1.4318713 -2.1189895 1.1609201 14
1.4065871 4.4965034 1.1862848 12.5
1.4603347 5.1712737 1.1286006 11.25
1.4612926 5.2242169 1.1377677 12
1.473462 7.6194367 1.1737368 9
1.4719815 5.2013721 1.2687359 12
1.4269556 7.6017179 1.2457045 9
1.4214051 7.7412219 1.2353886 7
1.4109515 7.592998 1.4986886 11
1.4889005 7.6240115 1.5450374 13
1.4590938 7.4988461 1.8029433 15
1.4706231 7.5004058 1.881608 11
1.4530257 7.4763474 2.2685094 14
1.4494582 7.3625798 2.5280273 15
1.4332317 7.4392242 2.7652876 15
1.5232841 -1.982875 -0.4650442 8
1.5445681 -0.14746378 -0.48533347 0.5
1.5600333 -2.1199799 -0.34306234 9
1.5844959 -0.079309449 -0.39469522 3
1.5596071 1.3929222 -0.26440668 1
1.5625979 1.4233679 -0.2797429 3
1.5022134 -0.30837429 -0.12833759 5
1.5468384 2.0380919 -0.18721895 2
1.5859257 2.5781856 -0.12642348 2
1.5020325 -2.6555581 -0.059674229 10
1.5015646 -2.2286358 -0.061900314 9
1.5766289 2.7580283 -0.095080033 0
1.5897535 -2.1100831 0.039261393 13
1.5048584 2.8169374 0.0067632673 2
1.5902871 3.0143943 0.046878684 1
1.5169349 3.22679 0.087115943 0
1.5258964 -2.1712849 0.11369462 11
1.5327916 3.7195656 0.15400924 3
1.5329735 4.0483084 0.2562086 0
1.5518341 -2.7386234 0.3417463 13
1.5839025 -2.9405994 0.44711086 12
1.5962307 5.0812435 0.49810842 8
1.5973089 -2.8273313 0.58373582 15
1.5566051 -2.4793749 0.63559878 13
1.5454208 -2.3813729 0.66249365 14
1.5241038 5.8644686 0.68451631 1.5
1.5785176 -2.4742043 0.71661645 15
1.5290293 5.07091 0.77753001 11
1.5357811 5.1819286 0.74446982 9
1.5056791 -2.9181085 0.83639604 15
1.5071632 5.0747747 0.84714437 11
1.5275235 5.1505175 0.85597706 11.375
1.572356 5.2071381 0.8903743 10
1.5260955 5.14922 0.93548286 13.5
1.5379874 5.2861462 0.9699114 9.333333
1.5111499 5.3391261 0.97339094 13
1.5580627 5.1187639 1.0226392 11
1.5292461 5.3228335 1.0440869 10.8
1.5389545 7.5808015 1.0686959 0
1.5042067 7.673048 1.0879896 8
1.5570518 7.7254143 1.0482448 8
1.5834274 5.1575966 1.1098071 11
1.5045222 5.309329 1.1705377 13
1.5630077 -2.6909547 1.3747919 13
1.5636737 7.6793232 1.3461301 7.5
1.5401723 7.5556827 1.7498351 11
1.5313225 7.5446448 1.8097873 13
1.5372082 7.4918451 2.0999088 14
1.5270333 7.4401188 2.177145 13
1.5580187 7.5508175 2.1494868 15
1.5651671 7.5228629 2.3896422 15
1.523285 7.4095416 2.6259973 15
1.6046507 -0.65189165 -0.56189924 2
1.6089711 -0.34080499 -0.52570301 0
1.6751586 -1.9675102 -0.43851081 8.166667
1.647814 -0.074209504 -0.4899604 2
1.6657062 0.25668052 -0.42655507 2
1.6426723 0.30161625 -0.40408945 3
1.6664889 -1.9783257 -0.346367 8.5
1.616575 0.51966912 -0.33728141 0
1.6004155 1.0616693 -0.31763813 0
1.6078917 -2.1002891 -0.21000645 9
1.6161388 -2.0942516 -0.28954858 9
1.6160167 -1.9445542 -0.29860553 9
1.6598012 1.4988767 -0.28005311 0
1.6477336 1.5229869 -0.2036425 0
1.6781589 1.8003948 -0.22033042 1
1.646292 -2.2125313 -0.14189166 9
1.688975 -2.1153729 -0.1112287 11
1.693812 -1.9831903 -0.18027444 11
1.6623877 1.8005403 -0.12966527 1
1.6403894 -2.8677089 0.048743259 7
1.6119798 -2.1451366 0.035672043 12.666667
1.6859707 3.1820004 0.07763885 3
1.601946 3.2690961 0.0924192 0
1.6555338 3.6657407 0.17700122 3
1.6169934 4.5091672 0.18746725 3
1.6486255 -2.8188188 0.20569856 9
1.6263878 3.8900883 0.21889418 0
1.6097957 4.8477278 0.32498944 3
1.6088908 -2.8224699 0.47228476 15
1.6004885 -2.3192866 0.45895919 13
1.6875862 5.2695107 0.48518968 0
1.6391852 -2.3046777 0.50639254 12
1.6632301 5.3289986 0.53033686 6
1.6589711 5.7328501 0.55568391 1
1.6845969 -2.4225442 0.65200359 12
1.6457437 -2.3235655 0.6269753 13
1.694262 -2.7513533 0.73761332 14
1.6721061 5.2062254 0.7719903 9
1.6655371 -2.4552414 0.89458728 13
1.6310967 -2.3663692 0.8060562 14
1.6127371 5.1409349 0.82462841 9
1.6755267 5.3612642 0.84380174 8
1.6137491 5.4095416 0.87873435 14
1.6995387 7.3059168 0.88615674 2
1.6818336 -2.4612317 0.93073821 14
1.6161516 -2.2919521 0.94066268 14
1.6031185 5.1349058 1.0684249 15
1.6337814 7.6942697 1.0849541 1
1.6330492 7.7550025 1.0087235 7
1.6851282 7.8064165 1.0615981 7
1.6306703 -2.899322 1.1343912 15
1.6545295 7.7504854 1.1854355 7
1.6940165 7.7421613 1.2170905 8
1.6678448 7.6418819 1.5403882 12.5
1.6231728 7.5979514 1.6381216 13
1.6640074 7.6268516 1.6226019 9
1.6522667 7.6332788 1.7462097 12.666667
1.6938013 7.560853 2.0585372 13.5
1.679389 7.5045753 2.5066235 14
1.7263302 -1.9251937 -0.66660422 7.5
1.730044 -2.0212531 -0.35998312 8
1.7733428 -1.9672623 -0.38456836 9
1.7288405 -1.8673191 -0.34424061 9
1.7592722 1.1399562 -0.31441247 1.5
1.7044885 1.3803415 -0.30825293 0
1.7468389 1.1217481 -0.28812996 0
1.7885177 1.6748807 -0.22239299 5
1.7184967 1.7232214 -0.23862255 1
1.7841442 2.1422827 -0.20980364 0
1.7533267 -2.1084695 -0.17925131 9
1.7599418 -1.9257281 -0.16766597 10
1.7730689 1.7806184 -0.14159673 1.25
1.7994624 -2.0332897 -0.098206379 9
1.7089278 2.0140982 -0.094540216 2
1.7715738 2.8504672 -0.084691107 0
1.7217778 -2.217308 0.036456864 9
1.7465749 3.2089946 0.06924659 0
1.756803 -2.6446109 0.17984398 13
1.7713362 3.6890113 0.1495824 1
1.7259099 3.7454791 0.17526001 3
1.7453959 -2.1482246 0.25931427 14
1.7615147 4.3473458 0.28752986 3
1.7182689 -2.6585793 0.3413215 12
1.7452563 5.1864719 0.32927629 2
1.7233185 5.4255996 0.36029848 2
1.7439841 -2.8431609 0.45360154 11.5
1.7753547 -2.76317 0.45028931 14
1.7196438 -2.3300211 0.54341018 13
1.7733091 -2.4125037 0.61592108 13
1.7936473 5.9370422 0.68011844 1
1.7084684 5.2924638 0.7311244 9
1.7591746 6.1567559 0.74892932 1
1.726558 -2.5187109 0.89839429 13
1.7551543 -2.3563426 0.81589878 14
1.7973418 -2.5144241 0.93950415 14
1.7274867 -2.2956924 0.99454522 12
1.7003174 5.3238654 0.90630376 10
1.7502545 7.8373022 1.1502583 3
1.7998478 7.8182068 1.2771187 7
1.7441276 7.6731377 1.5302444 10
1.721228 7.7275791 1.5525331 9.5
1.7185293 7.6603632 1.6556447 11
1.7093846 7.6336646 1.7334836 13
1.7276368 7.6325693 1.843711 13
1.7021643 7.588243 1.9044026 11.5
1.7012739 7.6297951 1.9854429 13
1.7053148 7.5283914 2.0981753 14
1.7349372 7.5958147 2.1720152 13
1.7585731 7.6252904 2.2354829 13.666667
1.7982436 7.5864964 2.3240149 13
1.7251778 7.5560927 2.4558761 14
1.7366136 7.5754814 2.6114848 14
1.7379594 7.5110435 2.853555 15
1.8428323 -1.8097395 -0.61027914 8
1.8483369 -1.8188877 -0.57175022 7.5
1.8971387 -2.0458405 -0.40530446 7
1.8111398 -0.32627282 -0.48252955 2
1.8714461 -0.14072652 -0.45803225 2
1.8998504 0.46697968 -0.46240741 0
1.8376125 -2.0500851 -0.30834445 8
1.8296603 -1.9128282 -0.34253106 8
1.8200226 -1.8507838 -0.35753283 9
1.8199928 0.99406451 -0.33146527 1
1.8059481 1.3744448 -0.24886261 0
1.8881941 -1.9025578 -0.16124892 14
1.8465898 1.2236445 -0.16946025 3
1.8690786 1.5720584 -0.16647343 0.5
1.8436234 2.2348397 -0.19715583 0
1.8611709 -1.9069263 -0.0054753199 14
1.8157519 -1.8945652 -0.067775689 10
1.8714446 2.9033616 -0.074751854 0
1.8320142 -2.028584 0.048017949 11.5
1.8659824 3.0979888 0.037290368 0
1.8809912 3.2991719 0.081533365 0
1.8517454 3.8540943 0.17758399 1.5
1.8577465 -2.6804836 0.21688631 11
1.8322337 -2.1428149 0.24410854 13
1.8757889 4.5539994 0.2199146 3
1.8187829 4.6223688 0.27745157 1
1.8385479 4.5150132 0.33880675 3
1.8216447 5.0728555 0.43809551 3
1.8205844 5.1849093 0.43907633 3
1.8605675 -2.6273363 0.58275259 12
1.8400114 -2.2556782 0.52977294 14
1.8735567 -2.7110217 0.63387525 14
1.8979039 -2.2711594 0.88802576 14
1.8257366 6.4926791 0.82067025 0
1.8264253 7.5447197 1.0460819 0
1.8520516 7.6608229 1.076921 1
1.8919401 7.8334556 1.0131029 7
1.8461384 7.9093966 1.0252141 7.5
1.8435571 -2.2675393 1.1851304 15
1.8184509 7.7957778 1.1621296 9
1.8825593 7.8151951 1.2552619 7
1.8738705 -2.9007261 1.3969048 15
1.8612435 7.7302046 1.3656211 10
1.8555553 7.7510662 1.4601543 10
1.8289553 7.6390729 1.6778696 11
1.817065 7.7162647 1.613441 12
1.8322966 7.6775951 1.7273201 12.666667
1.8712386 7.7255082 1.8596661 12.5
1.8397834 7.5935602 1.9978094 13
1.8733587 7.6723571 1.9954177 13
1.849757 7.693862 2.0008276 13
1.8292692 7.6431937 2.3348417 14
1.8175813 7.5438776 2.7662618 14
1.9318072 -1.8449831 -0.44893005 8.25
1.9654107 -0.29196742 -0.4684158 3
1.952231 -1.981302 -0.32541472 8
1.9613168 0.1741752 -0.31580237 3
1.9155208 0.24146038 -0.35947871 1
1.931258 0.74082637 -0.35346332 0
1.9771832 -1.9766649 -0.26053905 8
1.9468449 -1.8915299 -0.22953384 10
1.9401892 0.93397444 -0.20999384 3
1.9153022 1.4344985 -0.28864682 0.5
1.9795433 -2.0199075 -0.14125776 9
1.9258474 -1.9301602 -0.11272322 10
1.9924369 -1.8771563 -0.17027865 12
1.9251972 1.9497536 -0.12882474 2
1.9116714 2.4807701 -0.15985498 1
1.9700215 -1.9124031 -0.01202595 12
1.9686412 -2.1145582 0.018897021 10
1.9726619 3.1262054 0.051779423 0.5
1.9265928 -2.5679102 0.14099956 12
1.932212 -2.4207451 0.16259232 10
1.9245188 3.7397501 0.13536105 2
1.9404777 4.1049285 0.11874627 1
1.9441515 4.2409649 0.14212994 1
1.9787928 4.3807755 0.24336301 0
1.930625 5.2838764 0.33197305 1
1.9230933 -2.808146 0.4132888 12
1.9434556 5.217329 0.4672873 1
1.9247817 -2.7413161 0.64717859 14
1.9954561 -2.2473161 0.62420577 14
1.9795299 5.7997732 0.61606044 3
1.975443 -2.2755136 0.76512867 14.5
1.9308256 -2.3276732 0.82363397 15
1.970899 6.639854 0.84348321 0
1.9925183 -2.3825915 0.91284603 14
1.9680831 -2.3677993 1.0639571 15
1.9624393 -2.1274467 1.0962743 14
1.9885812 7.8319454 1.2551708 10
1.9608474 7.8223066 1.3505343 9
1.9160529 8.012557 1.3667183 6
1.9816054 7.7891502 1.4998596 9
1.9206444 7.7425985 1.5056329 8
1.9658526 7.980813 1.5444232 8
1.924542 7.6982412 1.6443195 11.5
1.9345337 7.6380706 1.7469993 11.5
1.9477257 7.7413116 1.7123213 11
1.9459554 7.7119493 1.8237543 13
1.9371109 7.6685452 1.9151127 15
1.9661691 7.732688 1.9987766 13
1.9028686 7.6410885 2.1545875 12
2.0847499 -1.7234011 -0.61303872 7
2.0042193 0.031834867 -0.51968169 2
2.0637641 0.53686947 -0.44528505 0
2.0282183 0.67299175 -0.42017236 0
2.0651915 -1.7819805 -0.34552303 9
2.0566506 0.47610539 -0.32003182 0
2.0720794 -1.8364428 -0.23860189 9
2.0388486 1.390386 -0.26458398 0.25
2.0804393 -1.9496248 -0.11224958 9
2.0687048 -1.8906237 -0.10408693 10
2.050518 1.732862 -0.14977993 0.25
2.0902493 1.8477392 -0.16346867 2
2.0253067 -2.2322659 -0.089202031 9
2.0551276 -1.9767543 -0.074924752 10
2.0858476 2.24628 -0.064161517 2
2.0271792 2.8430336 -0.038519632 1
2.0515783 -2.0249946 0.034524869 11
2.0571692 -1.8862023 0.008645596 14
2.0470109 2.9662662 0.021425487 2
2.0218835 3.8052444 0.068663195 2
2.0416791 -2.5206785 0.10089478 11
2.0088804 3.403569 0.10301831 0
2.0993657 3.8791118 0.11047279 0
2.0081456 3.9747419 0.1987948 2
2.0829608 4.4976826 0.19419031 2
2.0443609 -2.6464775 0.30205777 13
2.0791593 -2.2923326 0.44403562 13
2.0567088 -2.6989443 0.56987774 15
2.0391469 -2.2462485 0.74412 13
2.0747218 6.3533826 0.77611858 1
2.0890851 -2.067486 0.83440167 14
2.0894494 7.8993406 0.97623807 7
2.0035894 7.931911 1.0210179 8
2.015914 -2.197916 1.1243132 15
2.0459716 7.7971144 1.2164797 8
2.0152702 7.8104825 1.5796133 9
2.0184715 7.7370405 1.6497029 12
2.0787034 7.8549447 1.6258287 10
2.0138133 7.8079534 1.7898049 11
2.068989 7.7240181 1.8726312 12
2.0706062 7.7975645 2.0785427 13
2.0860374 7.6905756 2.1678944 14.5
2.049984 7.7087898 2.142622 11
2.0198247 7.5909228 2.3431742 14
2.067081 7.6942692 2.3450854 13
2.0470338 7.6589847 2.5653431 14
2.0249908 7.6201282 2.6461322 14
2.01017 7.7036891 2.6322701 15
2.147182 -1.7279092 -0.4634349 8
2.1522357 -1.9369586 -0.34283313 8.5
2.1607816 -1.7931451 -0.30538461 9
2.1906221 0.20659865 -0.34742051 1
2.1467578 0.80532044 -0.3913492 0
2.1886425 1.4561504 -0.21211927 0
2.1837764 -1.8154019 -0.14961126 12
2.1103282 1.3692253 -0.1373513 4
2.1815195 1.5785174 -0.13693571 1
2.1412811 -1.9931489 -0.055732783 10
2.1544209 2.1835866 -0.076060236 3
2.1940293 -2.1291804 0.031807914 10
2.149684 3.1600103 0.051188126 0.25
2.1844645 3.2794831 0.083833255 0
2.1740494 3.6108987 0.073397845 1
2.1712625 -2.4782674 0.1882316 13
2.1728554 -2.1128869 0.14241099 10
2.1044619 -2.0647702 0.16374403 14
2.1934657 -2.0844104 0.21019892 15
2.193943 4.5387535 0.35324347 4
2.1302059 5.3980179 0.36170134 1
2.1249974 -2.6483529 0.48724863 12
2.1100459 -2.1983101 0.47339216 13
2.194196 -2.7032545 0.50208712 12
2.1202381 -2.6424382 0.51616937 14
2.1547081 -2.5959828 0.55823249 13
2.1320724 -2.3020973 0.70335954 12
2.1683693 6.2316699 0.75107729 2
2.1028116 -2.2476609 0.83073729 13
2.172627 6.4876513 0.8029266 1
2.1448343 -2.4690068 0.91326493 13
2.1807735 -2.1938782 1.045596 14
2.1051779 -2.3448603 1.1268839 15
2.187201 7.7618628 1.3582531 9
2.1003582 7.8945556 1.3353286 10
2.1574411 7.8677683 1.4140992 9.5
2.1866505 7.7801242 1.658206 10.5
2.1561921 7.8116889 1.6335272 11
2.1415033 7.739306 1.8794308 11.5
2.1421163 7.7358484 1.9997699 11
2.1557667 7.770051 2.0793049 13
2.1459177 7.6450887 2.3356271 13.5
2.1485934 7.603085 2.7958469 15
2.2267365 -1.6671276 -0.75962418 7
2.2284222 -1.7037262 -0.65322775 8
2.2694273 -0.41648558 -0.6009146 4
2.2219903 -0.26486894 -0.56921661 3
2.2670631 0.16369121 -0.50172848 2
2.2183492 -2.0545657 -0.46827561 7
2.2412937 -1.875414 -0.43603358 7
2.2049747 0.32040486 -0.47932565 0
2.2003436 0.50199759 -0.44810039 1
2.284925 -1.8192108 -0.31714782 8
2.2299159 0.29921547 -0.32924294 0
2.2416604 -1.7690667 -0.26620558 9
2.2473302 1.424035 -0.2891902 2
2.2797353 -2.0273111 -0.12817909 9
2.2225964 1.4237537 -0.15133521 0
2.2826936 1.6791782 -0.14381254 0
2.2564254 -1.9362105 0.011564448 12
2.2126427 3.0455747 0.029282479 0.5
2.2431629 3.8901896 0.091199957 1
2.2909222 -2.4746182 0.18305132 10
2.2748203 -2.0791724 0.19228755 11
2.2579098 -1.9216441 0.12938723 11
2.2409227 3.8560612 0.1082041 0
2.226691 4.021059 0.1104292 0
2.2089407 -2.1417899 0.29502589 14
2.2295508 -1.9767305 0.2173627 13
2.2106006 -2.0550096 0.31230724 13
2.2206798 4.7046747 0.32455915 0
2.2390912 5.6196599 0.37783498 2
2.2610004 -2.5276206 0.47344181 15
2.2886322 -2.4743721 0.40196431 14
2.212709 -2.1338425 0.40708148 15
2.2415283 5.0332212 0.45917487 4
2.2695112 -2.1297565 0.56248957 13
2.2748926 6.0643463 0.58280224 3
2.2805638 -2.3836122 0.72207963 13
2.2211366 -2.2513952 0.76352543 13
2.2163734 -2.1628909 0.70236582 14
2.2551272 -2.3751092 1.0044279 15
2.2385128 7.9726248 1.0361216 7
2.2564399 7.9711399 1.2485579 7.5
2.2750998 7.9316821 1.3832777 9
2.2179344 7.8823628 1.427212 9
2.2936001 8.0344086 1.4842227 7
2.2915895 7.8571587 1.6164808 12
2.2165797 7.7714996 1.9541912 12
2.2340059 7.7533536 2.0465202 14.666667
2.2529144 7.7227345 2.1375198 13
2.2262871 7.6932168 2.4208736 15
2.2581 7.7261157 2.4524405 14
2.3322492 -1.8494028 -0.42892456 7
2.3781493 -1.7293068 -0.44513705 9
2.3078415 -0.22680441 -0.38273039 3
2.3898304 -1.8258977 -0.26163003 8.5
2.3902488 -1.6911067 -0.25783733 10
2.3297751 1.3694451 -0.20546669 0
2.3430207 -1.9745414 -0.14764655 10
2.3049176 -1.8729223 -0.10957995 9
2.3316967 2.0041194 -0.12040436 0
2.3557463 -1.9601327 -0.062035237 9
2.3522673 2.2370796 -0.056834929 3
2.3769996 2.6970923 -0.08719068 2
2.3078525 -2.4377944 0.012159803 11
2.3166804 -2.0237 0.073104076 11
2.3520515 -1.8772285 0.025790932 12
2.3960898 -1.7184725 0.0097099598 10
2.3961411 3.1366014 0.029294344 0
2.3224869 -2.4884 0.33458954 15
2.3341861 4.9179497 0.35185227 3
2.3577495 5.3978486 0.35054988 1
2.3465836 -2.1118913 0.44530916 13
2.3199906 4.9621434 0.44140685 3
2.3132408 5.6009173 0.44284943 4
2.3757167 -2.5593488 0.67242295 15
2.3975596 5.7828889 0.64230049 3
2.3067479 -2.1496582 0.76066428 14
2.3253329 -2.2972925 0.86228067 13
2.3142774 -2.2074196 0.92224091 14
2.3041146 -1.9890096 0.91226184 14
2.3376756 8.0500774 1.0225672 7.5
2.3661113 7.9774776 1.1903702 9
2.3637164 7.9428563 1.2561897 10
2.3441548 -2.2865112 1.5312655 15
2.3373997 7.9363627 1.7366625 10
2.3843892 7.8628917 1.8267596 13.25
2.3734982 7.8332076 2.1246078 14.333333
2.3633652 7.7081423 2.7626467 14
2.3361714 7.5543833 3.4195065 15
2.4268188 -1.5219275 -0.78826225 7
2.4583549 -1.7285004 -0.54324883 7.5
2.4855287 -1.715396 -0.48224035 8
2.4216852 0.1193183 -0.49773303 3
2.473491 0.3647069 -0.46575883 2
2.4848475 0.67834431 -0.41420573 2
2.4890623 -2.0809951 -0.35154259 8
2.4132738 -1.8020259 -0.3270025 8
2.4257085 -1.7895465 -0.39108005 8
2.48979 -1.6519318 -0.35957986 9
2.4938679 0.39219218 -0.35016513 2
2.4359264 0.81957716 -0.38218349 1
2.4406452 1.4586629 -0.30211329 0
2.4362841 -1.8406354 -0.2511313 8
2.438014 -1.784642 -0.23707798 10
2.4869826 -1.6760963 -0.23330171 10
2.4113352 1.6790611 -0.26582536 1
2.4134963 1.6545836 -0.13610299 0.5
2.4633017 2.2425928 -0.074590407 0
2.4191995 2.4765291 -0.040973466 1
2.4839334 2.8385015 -0.057607897 1
2.4405167 -1.738695 0.033954352 14
2.4799175 3.0074012 0.023829624 0
2.4683924 3.4529219 0.06505888 1
2.4743419 3.7268755 0.098545887 0
2.4050961 3.8337035 0.081740275 0
2.4615815 3.4562061 0.10302871 0
2.4858892 -1.8507202 0.27191177 12
2.417038 4.2513785 0.28176263 3.5
2.4240241 5.0622954 0.26431435 1
2.4158235 4.6151757 0.35042816 3
2.4233582 5.2048888 0.49653786 3
2.4108894 5.3014698 0.45090026 3
2.4008648 5.5428014 0.48509088 1
2.4920764 -2.5063438 0.55557436 15
2.4701641 5.7220931 0.5232175 0
2.4507487 -2.0662394 0.60190606 14
2.4279182 6.4374051 0.77248299 2
2.4626155 -1.9653399 0.94289333 15
2.4232283 7.9840555 1.0888785 8
2.4947777 8.0338049 1.0374331 7
2.4566305 -2.0448854 1.267355 15
2.4719346 8.0029678 1.2850385 7
2.4457901 7.9391136 1.3827804 8.5
2.4482789 8.0076485 1.5146749 9
2.4608672 7.813683 1.6465039 11
2.4403822 7.8664336 1.8893697 14
2.4078391 7.8371677 1.9937845 10
2.4192326 7.8494081 2.0323164 10.666667
2.4089315 7.7739601 2.2891729 14
2.497474 7.7793941 2.359066 12
2.4214759 7.7326097 2.48247 13.5
2.4998803 7.8166513 2.4467623 13
2.4863858 7.7577243 2.5412986 13.666667
2.4100859 7.588016 3.1984766 15
2.5644021 -1.6057801 -0.68914735 7
2.5611293 -1.7552081 -0.42667311 7
2.5146968 -1.8355443 -0.33144239 7
2.5864177 -1.6346869 -0.39454532 11
2.5858748 -0.024302209 -0.33327258 2
2.5362246 0.18227635 -0.32210359 2
2.5757461 -1.7931343 -0.27105239 9
2.5236576 -1.8411243 -0.1687075 8.5
2.5907285 1.9072933 -0.15261647 0
2.534081 -1.8072207 -0.016555004 11
2.5855684 -1.696323 -0.04681183 11
2.5848441 1.872645 -0.077614792 1
2.5814078 2.3217051 -0.060670588 0
2.5368354 3.0201821 -0.034427732 1.5
2.5901523 -1.7629858 0.038451239 10.5
2.513428 -1.8482065 0.17630659 13
2.5133083 3.8373654 0.16968158 2
2.5756099 -1.7390101 0.23787324 12.5
2.5107059 4.3914766 0.27355117 2
2.5713272 -1.869555 0.32526588 14
2.5277297 5.089026 0.45532995 3
2.5953903 5.1852236 0.40820172 2
2.5864484 5.812655 0.48177916 4
2.5216186 -2.3924353 0.51996255 15
2.5394888 -2.0826643 0.58942658 14
2.5499661 6.0955644 0.58307832 4
2.5058572 5.9984002 0.66741955 2
2.5689938 6.2950449 0.6258257 2
2.505784 8.0410881 0.6999861 6
2.5997782 -2.0912538 0.79587841 15
2.5172505 -1.9935148 0.85910034 15
2.5650532 -2.1640241 0.94830126 14
2.5950243 -2.0587237 0.95169675 14
2.5585968 8.097537 1.094267 7
2.5088341 -2.0832076 1.1258631 15
2.527092 8.0464191 1.1815261 8
2.5399592 8.0283937 1.2848557 7.6666665
2.5429075 8.1053257 1.2895436 5
2.5545897 8.0227604 1.383442 9
2.5992126 7.9356146 1.4162339 10.5
2.5190506 8.0510073 1.4206488 11
2.5265367 7.981277 1.5663855 9
2.5633206 8.0824804 1.5185308 8
2.5096838 7.8848681 1.685951 12
2.5919619 7.89922 1.8018453 13
2.5853243 7.9501767 1.8534944 12.5
2.5527997 7.8740268 1.9685544 13.5
2.5848823 7.8608136 2.1821284 11
2.536083 7.8462205 2.2645266 13
2.58389 7.9318013 2.2269161 13
2.5768566 7.9085417 2.3326278 14
2.5039272 7.7758746 2.4074602 15
2.5173872 7.6955366 3.1089993 14
2.6177502 -1.6709251 -0.74466884 7
2.6207926 -1.6315864 -0.45234507 8
2.6234016 -1.6391106 -0.39586726 9
2.6126349 -1.6540169 -0.27239975 9
2.6550231 -1.7745628 -0.1311435 9
2.6106713 -1.669075 -0.12032831 11
2.6862099 2.5376389 -0.10171393 0
2.6610126 -1.748618 -0.0528518 9.75
2.6999674 -1.6941129 -0.057056945 10
2.6086757 1.634001 -0.096824363 0
2.620363 2.0995111 -0.035841636 3
2.6456308 2.4548049 -0.035999347 1
2.6354182 -2.3193829 0.091095805 15
2.6454952 -1.767365 0.063488632 9.75
2.6907585 3.3791924 0.043626379 2
2.6293328 3.8395438 0.085562974 0
2.6826224 -1.6733575 0.14602962 15
2.6092405 3.4543805 0.11370901 0
2.6973786 3.7016809 0.12555878 2
2.6588738 -1.8187013 0.20691262 9.5
2.6519036 -1.7613385 0.24920535 12.5
2.6794674 -1.6915907 0.27893901 12
2.6918499 3.9734659 0.20597003 4
2.6231568 4.1696391 0.24477458 4
2.6587327 4.3271441 0.25658584 3
2.689975 5.1104274 0.26090348 0
2.6239007 -1.7717795 0.35804152 13
2.6360331 -1.6988984 0.30394945 12
2.6263359 4.5579739 0.33133855 4
2.6150696 -1.6811279 0.43695158 12
2.6276009 5.4199877 0.45197213 1
2.671047 5.740139 0.50141281 0
2.6212256 5.9656558 0.5675354 1
2.689204 -2.4837794 0.62212873 14
2.6450992 5.9051113 0.63089925 3
2.6160824 6.784348 0.69779044 2
2.6923833 -2.0846272 0.79175359 13
2.6438456 -1.9419122 0.70831323 14
2.6179662 -2.1161475 0.89397389 14
2.665262 -2.1108701 0.93237793 15
2.6891174 -1.9153157 1.0231955 15
2.6596575 8.0799513 1.0526288 7
2.6061282 8.1114101 1.1139411 2
2.678931 -2.0179832 1.2110784 15
2.6972525 8.1349344 1.3937072 9
2.683006 7.9643655 1.6595794 11.5
2.6321275 7.8911595 1.8955742 13
2.658262 7.9354472 1.8440132 11
2.6064365 7.917212 1.9936146 13
2.610358 7.9061971 2.0342867 15
2.6912735 7.9667115 2.35304 14.5
2.6362021 7.8139939 2.4616325 14
2.6759915 7.8177738 2.7393544 15
2.6590452 7.6059537 3.1060736 14
2.7796321 -0.30786288 -0.39938229 2
2.7803888 -0.14720793 -0.32859007 3
2.7118649 0.83444494 -0.37821525 3
2.7255352 -1.7133869 -0.20800275 9
2.7455039 -1.7491084 -0.10758448 9
2.7085183 1.4560442 -0.16553986 1
2.7572367 1.9217321 -0.12598519 0
2.7870295 2.178674 -0.13823192 0
2.7749379 2.399178 -0.10540917 0
2.7427645 -1.7229942 -0.014922289 9.5
2.784905 1.8262459 -0.087752841 3
2.78282 2.0397108 -0.022620453 2
2.7396388 2.3397434 -0.053057361 0
2.7541645 2.6681311 -0.069837682 0
2.7533848 2.7637479 -0.057390392 0
2.7597971 -1.7688178 0.079501107 11
2.7963953 -1.6758327 0.007923278 11
2.7099643 3.2374282 0.059740558 1
2.7625849 -1.8217132 0.15998645 11
2.7257645 -1.6553001 0.13046449 12.75
2.7524843 3.9528775 0.18092124 1
2.7982385 -1.7752997 0.26355851 11
2.7047317 -1.6742789 0.2640461 12
2.7168143 -2.4070311 0.39972207 15
2.7849817 -2.3562713 0.33556411 11.5
2.7624912 -1.7322255 0.3313632 11
2.7136254 4.5167093 0.3206805 3
2.765641 -1.8354217 0.46747997 14.5
2.7635951 -1.7750782 0.44441262 13
2.7046454 5.5271363 0.44907957 2
2.7650812 5.8685479 0.48925638 4
2.7699239 -2.4709978 0.56005144 14
2.7298491 -1.843739 0.57849324 15
2.7326806 -1.7842432 0.56509233 13.666667
2.7119846 -2.5012405 0.6168381 14
2.7611597 -1.8229698 0.63910282 15
2.7894428 -2.3286498 0.7885291 15
2.7844884 -2.0664577 0.71401447 14
2.7577336 -2.1118467 0.82577419 14
2.7547023 -2.0316083 0.91601908 14
2.7002521 8.0412312 1.1581216 9
2.7050307 -1.8394163 1.280082 15
2.7268968 8.1344461 1.2476152 5.5
2.7332382 7.9840069 1.4444985 12
2.7283025 8.0387344 1.4972309 10
2.7350249 7.9641142 1.5495267 9
2.7082496 8.0432739 1.5025674 10
2.7231274 7.9882751 1.6196551 11
2.715827 8.0071411 1.7815475 13
2.7802415 8.0079527 1.8087076 9
2.7673059 7.9563508 1.9262609 14
2.7373965 7.9760799 2.0644209 13.5
2.7418003 7.8895149 2.123379 13
2.7457697 7.9433532 2.1439989 12
2.7433991 7.8473287 2.7503326 14
2.7835274 7.8316345 2.9154794 15
2.8409717 -1.7848893 -0.46173614 6
2.8413839 -1.6046059 -0.31878918 7.5
2.8347092 -1.590813 -0.30228615 9
2.8685937 -0.15168783 -0.38245559 2
2.8389404 -1.6318333 -0.22442371 9
2.8331363 -1.5990871 -0.26537451 9
2.8849342 0.42001021 -0.23561771 3
2.8238792 -1.6702554 -0.14367382 9.5
2.8413887 1.6717513 -0.15276743 0
2.8756139 2.0918362 -0.14306627 0
2.8603356 -1.7351971 -0.023666281 10
2.8155055 -1.6476293 -0.033778794 13
2.8396211 2.2087493 -0.059424736 0
2.886585 2.3905561 -0.04433208 2
2.8795381 2.8876824 -0.016170498 0
2.8764629 3.0479422 -0.0044108671 0.5
2.8807065 3.1834588 -0.026184231 0
2.8247628 -1.7363867 0.074909873 10.5
2.8784058 3.3474853 0.012519475 1
2.8439658 -1.7221601 0.14475437 10.5
2.8157809 3.5820253 0.13104376 0
2.803921 3.9771523 0.16588274 1
2.8593018 -1.768816 0.24564089 11.4
2.8573127 -1.6828296 0.22433472 11
2.8279312 4.3292279 0.26467541 1.5
2.8348122 4.4506993 0.28465405 3
2.8624835 -2.3518114 0.33811089 11
2.8114135 -1.8211607 0.33011976 15
2.8708293 -1.7368952 0.3651017 13.166667
2.8133519 4.819181 0.38208583 3
2.8980064 5.051342 0.38800126 3
2.8720222 -2.0629227 0.46243963 13
2.8511739 -1.8330163 0.48076987 12.75
2.8657036 -1.7538413 0.44435307 13.125
2.8700504 -1.6961467 0.4196988 11
2.8515174 5.5927844 0.47203785 1
2.8530028 -2.358408 0.5350588 12
2.8178818 -2.0934656 0.52457732 13
2.8255355 -1.7493005 0.54359353 11
2.8387585 6.1561527 0.58980548 0
2.8304491 -1.8733386 0.69053054 15
2.8877559 -1.7649707 0.63830888 12.5
2.839375 -2.0170944 0.75407994 14
2.8454256 -1.8314419 0.70947468 13
2.836508 -2.13362 0.94730574 14
2.8215873 -1.9879876 0.97525674 14
2.8590138 -2.110177 1.072444 14
2.8443346 7.8449359 1.044306 1
2.8622217 8.1576595 1.124936 8
2.8133121 8.1104879 1.4356328 10
2.8955882 8.0424595 1.6816856 12
2.8550942 8.0320921 1.7052526 11
2.894212 7.9492784 1.9117408 14
2.8571646 8.0418062 2.0205784 12
2.808187 7.9543533 2.1629195 12
2.8011732 7.9551077 2.3841889 14
2.8128834 7.847301 2.5598464 14.5
2.8674076 7.8976388 2.6394317 12
2.8058655 7.8208637 3.1052916 15
2.95228 -1.5433857 -0.56900203 7
2.9156442 -1.6587558 -0.35278386 7
2.9202609 -1.6294684 -0.2708036 8
2.9193971 -1.5668952 -0.21658291 9
2.9255533 -1.6686227 -0.15147595 9
2.9004476 2.0047207 -0.1070584 0
2.943038 -1.7266742 -0.080458105 9
2.9873304 -1.6381688 -0.076890051 10.5
2.933774 -1.5788697 -0.06655091 10
2.9371128 1.8451648 -0.027060982 2
2.9526153 1.9192418 -0.096924648 1
2.912864 2.2357092 -0.030811025 0.5
2.9772151 2.4085212 -0.023798862 0.5
2.9049954 3.3104956 -0.029764356 4
2.9893942 -1.5303822 0.00090820255 11
2.9301996 3.3709989 0.046743345 2
2.9533069 3.62304 0.088931359 2
2.9140866 -1.736594 0.17620453 10
2.9324465 -1.7286568 0.25542378 12
2.9376109 -1.6927378 0.21358088 12
2.9818544 4.3060923 0.22903898 1
2.9400976 4.4159265 0.25708857 2
2.9507558 -2.35285 0.34423161 11.5
2.9913087 -1.7367347 0.36909544 11.5
2.9603581 -1.6564884 0.36374807 12
2.9495678 4.4666042 0.31074166 2
2.9112787 4.6926494 0.34513313 2
2.9723437 -2.3822033 0.47350776 13
2.9611046 -2.0147564 0.48317298 13
2.9476233 -1.729741 0.42294788 11
2.9735329 -1.6949018 0.43645495 12
2.9450982 5.0729446 0.42464373 3
2.9744394 5.2924194 0.46944782 2
2.941426 5.3762989 0.43550059 3
2.9221632 -2.4266393 0.5537684 14
2.9411433 -2.3561442 0.52428532 14.5
2.9222462 -1.7869352 0.51053888 14.5
2.9565036 6.0239797 0.55657887 0
2.9649179 -1.7408329 0.63590038 14
2.9611797 -1.6680832 0.69832081 14
2.9576368 6.296814 0.69909251 2
2.9107862 -2.4348583 0.72347426 15
2.9576654 6.2331362 0.71561599 0
2.918663 -2.6268978 1.1011564 15
2.9741182 8.1059217 1.4240435 9
2.9783325 8.0541811 1.5945591 8
2.9580519 8.0723438 1.646528 12
2.9030497 8.0289803 1.7376658 11.5
2.9655731 8.0390825 1.9557664 12.5
2.9210665 7.957273 2.2411089 13
2.9156499 7.9861426 2.3916223 15
2.9722421 7.7699571 3.1570601 15
2.9777098 7.6936107 3.29635 15
3.0455794 -1.3682343 -0.78631818 7
3.0818226 -1.4440873 -0.44662485 8.333333
3.0218861 -1.6209974 -0.31488982 8
3.0210824 -1.5675583 -0.35805714 9
3.072906 -1.4636309 -0.35368901 9
3.0152466 -1.6568502 -0.20107906 8
3.0556204 -1.5263369 -0.14481324 11.5
3.0542235 2.2231605 -0.17860986 4
3.0001857 -1.6505768 -0.05535391 9
3.0508831 -1.5517266 -0.053710837 10.833333
3.0289419 1.8248653 -0.044253331 0
3.0768836 2.0081437 -0.047977619 0
3.0269887 3.4215441 -0.021764444 3
3.0021112 -1.6574769 0.081476294 11
3.0462189 -1.5333756 0.062828206 11
3.0398831 2.0536232 0.012604316 3
3.0180912 2.7021074 0.016220735 2
3.0701585 3.0141039 0.0056518912 0
3.0040443 3.2838399 0.074457958 1
3.0940971 3.4956617 0.099317133 0
3.0384068 -1.6007282 0.1439115 14
3.0805225 -1.5601677 0.16310348 10
3.0146 3.612325 0.12583543 3
3.0796294 3.7775342 0.13639274 1
3.0806131 3.9135082 0.16401097 0
3.0076411 4.0147977 0.17667192 1
3.08866 -1.6485054 0.20820068 10
3.0709791 3.8128517 0.25628701 1
3.0118666 4.6669116 0.23172095 2
3.0353839 -1.6643399 0.35593563 12.666667
3.0605309 4.7785158 0.38031769 2
3.0209792 5.0719867 0.37795433 2
3.0405881 -1.6171001 0.47553211 13
3.0901115 4.9703331 0.42519847 3
3.0495715 5.3526602 0.4341372 3
3.0198398 5.6633539 0.45842469 3.5
3.0477941 -1.9684601 0.50889385 13
3.0080321 -1.7407349 0.55151242 13.5
3.047096 -1.6601664 0.55664521 14
3.0940721 5.9586401 0.53413463 2
3.0562782 -1.6431593 0.64583588 13.5
3.0303493 6.1066227 0.65948606 3
3.0776348 -2.0589426 0.78860378 14
3.0464654 -1.687356 0.75338304 15
3.0730455 -2.0326531 0.85635889 15
3.0438094 -1.6040633 0.85627168 13
3.0021017 -2.0864553 0.90272343 14
3.0687823 -2.0580924 1.0992094 15
3.0431721 7.76684 1.0289899 2
3.0685172 -2.1184578 1.1531414 15
3.0795629 -2.0991099 1.149469 14
3.0758157 -1.8248228 1.1630191 14
3.0009112 8.1420622 1.1909202 9
3.0645308 8.178421 1.5074579 10
3.0299308 8.0398607 1.6506821 15
3.0248396 8.0762568 1.8228159 13
3.0737083 8.0502815 2.0144134 14
3.0373456 8.0818892 2.2325592 15
3.0017469 7.9810081 2.3947413 15
3.1161234 -1.4156041 -0.55203509 8
3.1683197 -1.4288044 -0.44264969 8.5
3.161483 -1.4675047 -0.37884268 9
3.1812227 -1.4365659 -0.25187096 10.5
3.1880932 -1.6244591 -0.076454572 11
3.1092317 -1.5026742 -0.093970709 10
3.1758029 1.6656779 -0.093103506 0
3.1381192 2.3742981 -0.054697312 0
3.1179311 -1.7078323 0.015677685 10
3.1463823 -1.651636 0.077735797 9
3.1400008 -1.5356334 0.073743321 14
3.1591487 2.1283638 0.00280067 0.5
3.1343677 2.9246583 0.0094101531 2
3.1294022 3.0959258 0.017548025 0
3.1989675 3.4569597 0.057117213 1
3.1495361 3.6660407 0.093423694 2
3.1267147 3.5380867 0.12089359 0
3.1394761 3.6756527 0.13807118 0
3.1930776 -1.6565156 0.22066307 12
3.1386199 -1.5702186 0.27754712 15
3.137521 4.0701632 0.28999069 0
3.1448858 -1.6727889 0.31721708 15
3.1381307 5.1468129 0.39565727 2
3.1485651 -1.722226 0.46448481 14.5
3.1567822 -1.6709415 0.4325693 11.5
3.1289439 -1.5940775 0.44807723 13
3.1716719 5.4152346 0.47947952 1
3.1896155 -1.5913703 0.55132163 14
3.1474903 5.7303967 0.55575907 2
3.1344991 -1.7204155 0.61933106 12
3.1201303 -1.683813 0.66429538 14
3.1745477 8.2859983 0.68385738 6
3.1387122 -2.0907431 0.70476866 13
3.1713517 -1.7544621 0.76671773 14
3.1910686 -1.6368971 0.73200709 14
3.1578462 -2.0514669 0.85563934 13
3.1738617 -1.714977 0.89106208 15
3.1844683 -2.0445898 0.94618464 14.5
3.1489348 -1.752316 0.94733959 15
3.1095722 -2.1071029 1.0649076 14
3.1546819 -2.0375996 1.0135295 14
3.1972785 7.8070335 1.0328383 3
3.1819043 8.2261944 1.0376095 7
3.1745648 8.3370409 1.0602998 7
3.1405187 8.2795429 1.1478572 5
3.1837614 8.3429642 1.1492932 7
3.1974783 8.1634235 1.2575105 9
3.1454389 8.2644806 1.2359575 8
3.1188884 8.1494713 1.3755324 6
3.1457078 8.2165575 1.3510038 8
3.196599 8.1915178 1.4670953 9
3.1473989 8.2662392 1.4615709 10
3.1346962 8.1167536 1.6826527 14
3.1836131 8.1807709 1.8748404 12
3.1680295 8.0414667 1.9559186 15
3.1339216 8.082654 2.3525567 14
3.1825612 7.9341497 3.0150237 14
3.2310302 0.12246725 -0.31466454 2
3.2941384 1.4977385 -0.30153033 4
3.2007461 -1.5227684 -0.26933759 8
3.2428358 -1.548835 -0.10748383 9.5
3.2596006 -1.5431751 -0.043942716 10
3.2611282 1.62595 -0.094591729 4
3.2735801 1.7645416 -0.0071733389 2
3.2656708 2.0413461 -0.068870731 0
3.2793801 2.2974105 -0.03807757 1.5
3.2500947 2.3567159 -0.011866801 1.6666666
3.248399 2.8053923 -0.035416435 2
3.2842331 3.0129912 -0.025854615 2
3.2424579 -1.6249379 0.059033006 10.5
3.2455368 -1.5310271 0.072540477 9.75
3.2002244 -1.4815875 0.04083113 13
3.2549965 2.2272308 0.016908683 0
3.2995863 2.4601996 0.048274841 1
3.2244172 2.7325242 0.029908042 3
3.2851565 3.4617393 0.099007465 0
3.2385757 -1.5669203 0.14484695 11
3.2223272 3.7064581 0.11946328 2
3.2687376 3.9021139 0.14297158 0
3.2324665 3.4849601 0.20399991 2
3.285989 3.5958865 0.21689197 1
3.2452669 -1.6045885 0.38653785 11
3.2556896 -1.5888709 0.35316217 13
3.2244821 4.7435355 0.3630898 2
3.2303891 -1.5372462 0.40842998 12
3.2585015 5.5277143 0.43580624 1
3.2711818 5.7121825 0.47519487 1
3.2995355 -1.5756173 0.53370607 14.5
3.2087631 -1.7663882 0.6080724 14
3.2110202 -1.650656 0.63097435 14.666667
3.2483826 -1.710655 0.73223227 14
3.2686751 -1.6783663 0.77902836 13
3.2818029 -1.6965196 0.89395726 13
3.2421165 -2.014055 0.94034529 13
3.2322967 -1.7053516 0.90255338 13
3.2622533 8.3569317 1.031451 7
3.2291639 -1.7966446 1.1749161 15
3.223552 8.2924843 1.2029345 8
3.2640939 8.3161011 1.2072144 8
3.2868769 8.2448101 1.3566762 9
3.2229645 8.2587395 1.4266773 9
3.256671 8.3590794 1.4055954 10
3.2677331 7.5348396 1.535823 11
3.2453907 7.5649571 1.6736622 12
3.2431095 8.2265635 1.654153 10
3.2844706 7.5738206 1.7743084 13
3.283746 8.1788025 1.7578567 10.5
3.2527723 8.2289333 1.7342664 11
3.2536819 7.436914 1.8810419 13
3.2158263 8.2545404 1.8501709 13
3.2602518 8.2023573 1.9556271 13
3.2182801 7.4688578 2.0187597 15
3.2022624 8.0700159 2.0346034 12
3.2396734 8.0696917 2.1427596 11
3.2155635 8.0780315 2.215477 15
3.387795 -1.3490204 -0.64510489 7
3.3864903 -1.3284655 -0.53612763 7.5
3.392724 0.37916157 -0.43581104 0
3.34534 -1.5309209 -0.39171055 9
3.3761904 -0.0040941183 -0.31027466 3
3.3865745 -1.5234785 -0.20974013 7.5
3.3500278 -1.4699411 -0.25876293 8.3999996
3.3437154 -1.6030911 -0.1370766 9
3.3601203 -1.5150416 -0.04357326 9.5
3.3762028 -1.4561472 -0.032258678 13
3.3256063 1.9155483 -0.061000157 0.25
3.3196402 2.007247 -0.046808355 0
3.3592834 2.4403963 -0.059758805 0.5
3.331995 3.0513682 -0.014966654 0.5
3.3319559 -1.5441099 0.04610784 11
3.3194208 2.7179689 0.028924659 2
3.3686454 3.4647095 0.066491842 1
3.3541429 3.5304112 0.051463101 0
3.3235402 -1.5479814 0.1670889 11.166667
3.3849382 -1.4384602 0.13426955 11
3.339921 0.021596204 0.1874833 10
3.3312781 -1.556957 0.21544164 10
3.3312721 3.995846 0.25405258 0
3.3344147 4.1397347 0.2207672 0
3.3828773 4.3499489 0.25893745 0
3.3381071 4.4496512 0.27895629 0
3.3546119 -1.5392504 0.36652243 11
3.3851113 4.6468482 0.30958208 0
3.3231852 -1.5930923 0.47912267 14
3.3966367 5.3291326 0.45379168 0
3.306731 5.5300832 0.42077601 3
3.3470194 -1.5642066 0.52110744 12
3.3641858 5.5377831 0.52494168 1
3.3122175 5.7539191 0.57343626 0
3.3718791 5.897181 0.52776128 0.5
3.3777878 -1.6499645 0.60012013 13
3.377738 6.6077456 0.79056311 0
3.3575165 -1.6313041 0.82184052 13
3.3674238 -1.6111385 0.94900173 14
3.3057258 7.1525483 0.95429379 2
3.3924069 8.3323936 1.0360571 7
3.3357573 -1.6512176 1.1567767 15
3.3766515 8.29142 1.1551009 8
3.3222322 8.2599554 1.2581055 8.166667
3.386833 8.1636076 1.381019 7
3.3535547 8.2858286 1.3854319 8.333333
3.3376362 8.3148766 1.3502196 9
3.368922 8.2698555 1.4778455 9
3.3537831 8.3016987 1.4952999 9
3.378988 8.2506218 1.5866001 9
3.3060019 8.1766968 1.6477354 13
3.3626184 8.2434368 1.6397558 10.5
3.3783972 7.5001154 1.7146134 12
3.375731 7.381475 1.9567618 14.5
3.3265274 8.1019888 1.9370066 13
3.3271334 7.3709331 2.0063465 15
3.3989232 8.2265635 2.059299 11
3.318542 7.3381982 2.1601422 15
3.3608832 7.4222765 2.2079849 14
3.3832052 7.4842134 2.3167169 13
3.3619034 7.3527737 2.4194291 14
3.3418362 8.0282211 2.5417192 13
3.4371779 -0.0036383215 -0.48990396 2
3.4350736 -1.3676054 -0.3966811 8
3.4642177 -1.3727163 -0.27265927 9.375
3.4665082 -1.468696 -0.1642855 9
3.4440885 0.11915285 -0.17624961 3
3.4359159 -1.4804803 -0.054314092 9.5
3.4755821 -1.394907 -0.014306461 11
3.4435983 2.3993959 -0.059058104 0
3.4012327 3.1395788 -0.076428808 2
3.4397366 -1.5060986 0.084555753 9
3.4549932 2.622714 0.006305234 3
3.4384856 2.7132301 0.021850878 2
3.4238958 3.1744747 0.028311376 3
3.4592295 3.2133501 0.0372352 1
3.4093041 3.3334081 0.084057644 0
3.4458859 3.4157543 0.035665583 0
3.4206631 3.5826967 0.098835699 2
3.4970837 3.608501 0.063370138 0
3.4255488 3.7694504 0.12556879 0
3.4819729 -1.4944817 0.24270256 11
3.4760399 -0.071499959 0.25659806 9
3.4006419 3.8456895 0.23197743 0
3.430716 -1.5649354 0.36468753 12.5
3.4659529 -1.5091412 0.49456075 14
3.4363921 5.34482 0.43604308 3
3.4960246 5.5354638 0.43923432 0
3.4930241 -1.5080183 0.56182426 14
3.4392629 5.7243118 0.57739544 3
3.4023416 6.1333804 0.58361787 1
3.4834983 -1.5439192 0.62556016 14
3.4711564 -1.5688852 0.7899341 15
3.449811 6.6772876 0.71157587 2
3.4696357 6.6744399 0.80593097 0
3.4699562 8.340867 0.86051619 7
3.4914548 -1.7126803 1.1207943 15
3.4477813 -1.6458746 1.1265302 14
3.456645 8.2862892 1.1621848 8
3.4077804 8.3387794 1.1775528 7
3.4470117 8.2807388 1.2812407 8.5
3.4463925 8.3413353 1.2342695 7.5
3.456213 8.1894045 1.3523564 9
3.4290175 8.2736721 1.3571403 8.5
3.4307454 8.3091307 1.3310795 7
3.4008098 7.6571403 1.4509933 15
3.4794331 8.2844114 1.4371461 8
3.4420495 8.2483234 1.5456287 9.1000004
3.4716165 8.2542219 1.6363696 9.25
3.4340003 7.430829 1.793725 15
3.4552865 8.2055473 1.7877108 10.5
3.4196815 7.4445472 1.8280112 13
3.474206 8.1470537 1.8406755 13
3.4591076 8.2126904 1.8371185 12
3.4338787 7.3880944 1.9664575 14
3.4405873 7.4288673 1.9822764 15
3.4130213 8.2060184 1.945755 12
3.4054494 7.3879476 2.068553 14.75
3.4289544 7.4076972 2.0611908 14.5
3.4288633 8.1783447 2.0433781 15
3.4215274 7.384707 2.1305337 15
3.4555895 7.4319754 2.2820661 12
3.4344292 8.1237431 2.2375171 11
3.4918263 7.1574841 2.3082821 15
3.4818766 7.2756891 2.315593 15
3.4471533 8.1305647 2.3315897 12
3.4705834 7.3502221 2.5092933 12
3.4657834 8.0458326 2.6630101 15
3.5699704 -1.2945626 -0.51701975 8
3.5245461 -1.3246053 -0.42100328 8
3.5534995 -1.2765534 -0.47758377 8
3.5975916 -0.029438576 -0.46420786 2
3.5810626 0.21671385 -0.45261389 0
3.5643849 -1.3391678 -0.34521931 8.8999996
3.5726986 -1.2991419 -0.35950449 9.25
3.5616915 -1.3420137 -0.26778308 8.666667
3.5511694 0.22945151 -0.29331452 3
3.5154672 1.7858777 -0.25752667 5
3.5108411 -1.4528499 -0.15473734 8
3.5678968 -1.3540071 -0.14111516 10
3.5577025 1.6762463 -0.10039922 0
3.5812891 2.2683477 -0.15307826 2
3.5474524 -1.4021013 -0.077789523 11.5
3.5934415 -1.3610802 -0.003643475 12.25
3.5848737 1.6691842 -0.025665803 0
3.5097644 1.851221 -0.012591717 0.5
3.5797482 2.056282 -0.062721215 2
3.5564346 2.1069062 -0.041573245 1
3.5315857 2.4853301 -0.0075745261 2
3.5930076 3.355186 -0.032909181 0
3.5453553 -1.4575404 0.035016857 9.5
3.5716527 -1.3772306 0.0062996545 11
3.5839982 2.1376038 0.034815434 0
3.5817404 2.2299964 0.050561089 2
3.5062687 3.1494331 0.026769321 0
3.5656118 3.397593 0.043119654 0
3.5627255 3.821784 0.075066015 0
3.5579543 -1.4309287 0.14928067 11.555555
3.5415385 3.755677 0.16228637 2.5
3.532146 4.0566807 0.19992132 2
3.5865865 4.1379604 0.13957779 0
3.5758183 -1.4356965 0.22971785 11.75
3.5723724 4.7960782 0.29492089 3
3.5696087 -1.4737728 0.32380265 13.5
3.5571976 -1.5474542 0.47954807 13.5
3.5786567 -1.4776233 0.4429431 13.166667
3.5879571 5.086946 0.4038268 0
3.5157411 5.7071147 0.48223168 0
3.5444262 -1.5178772 0.53254718 13.666667
3.5175626 5.5575523 0.5030145 0
3.5268943 6.0906124 0.59124649 0
3.5691144 -1.5380368 0.65486938 14.166667
3.5791073 6.3972831 0.66092819 1
3.5842485 -1.5276862 0.79593277 14
3.57726 -1.498188 0.73459417 13
3.5301671 7.2269907 0.81376606 0
3.5757701 -1.6126577 0.97200668 14
3.5725987 -1.5486426 0.93457019 14.5
3.5461118 7.2969036 0.9646225 2
3.5480914 7.3961515 0.98645627 3
3.5212455 -1.6050272 1.0532293 13
3.570174 -1.5792289 1.0864028 15
3.5129185 8.3764687 1.1201975 7
3.5769391 8.2966881 1.2942349 8
3.5237246 8.3074198 1.2682085 6
3.5014281 -1.6973449 1.388383 15
3.5328226 8.2687769 1.330007 9
3.5564914 8.2719383 1.4655617 9.3000002
3.5352211 8.2825174 1.5915403 9
3.5561242 8.3039532 1.5466976 9
3.5929136 8.1459284 1.6690252 11.666667
3.5608859 8.2484293 1.6714091 10.25
3.5598216 8.1593952 1.7396019 12
3.5119338 7.4435506 1.8459258 13
3.5885878 8.0752287 1.8797808 14
3.5617843 8.1939144 1.826587 15
3.5400369 8.2203503 1.8405747 11
3.5427978 8.1848192 1.9068267 12
3.5696547 8.1929083 2.0604823 12
3.5574522 8.1258249 2.2107453 13
3.570591 7.9446077 3.2133031 14
3.641283 0.32828066 -0.42757845 2
3.654233 -1.5518632 -0.36570457 7.5
3.6634223 -1.33301 -0.33054471 9
3.6842599 0.86284482 -0.33913398 2
3.6954958 -1.4040651 -0.26836449 7
3.639534 -1.3228891 -0.25950596 10.75
3.6797919 0.14153303 -0.21466297 1
3.6289515 -1.3567736 -0.13861111 10.25
3.6585386 0.25186336 -0.12647471 3
3.6482775 0.70404071 -0.19991648 2
3.6115971 -1.4447724 -0.076435685 9
3.6306372 -1.3809358 -0.052113105 10.5
3.6827817 1.9132695 -0.059654493 1
3.6253121 2.9560671 -0.014454133 0
3.6479442 -1.4210685 0.080782317 9.25
3.6268239 -1.3858302 0.012665343 12.25
3.6033144 -0.67441326 0.0664085 15
3.6020744 2.7473655 0.030463563 2
3.681432 3.4247231 0.095194533 0
3.6553314 -1.4353421 0.14398189 11
3.6338394 -1.3896058 0.19046555 12
3.6075993 -1.5059906 0.22950588 10
3.6319711 -1.462217 0.24923094 10.928572
3.6483076 0.075444803 0.25897706 10
3.6898134 3.8490927 0.20199981 0
3.6436603 -1.4706972 0.34548694 11.875
3.6449223 4.9719272 0.33227068 3
3.6254718 5.2315307 0.39780611 3
3.6605821 -1.4867179 0.45671058 12.75
3.6610041 5.1450582 0.43638635 1
3.6340506 5.216362 0.40301403 3
3.6510963 -1.5551846 0.55144322 12.6
3.6552873 -1.4944042 0.52792144 14
3.6595988 5.5629497 0.50155979 0
3.6141884 -1.5469277 0.64718467 13.333333
3.6295478 -1.4861791 0.69140399 14
3.6506948 -1.564694 0.76317918 13.75
3.657871 -1.5440416 0.85081995 14.5
3.6518309 7.3671799 0.84425646 3
3.6283109 -1.6309736 0.9414978 14.5
3.6500573 -1.5830787 0.94235194 14.375
3.6867585 -1.5436922 1.0155022 14
3.6291521 -1.6290892 1.1249567 15
3.6235409 8.3835211 1.1310921 8
3.6949928 -1.6229117 1.2479421 15
3.6649861 8.1773176 1.3330055 10
3.6259735 8.2470608 1.3614584 7.5
3.6442802 8.2359257 1.4672474 10
3.6233671 8.1346407 1.555084 12.5
3.6267188 8.1539373 1.61444 12
3.6521673 8.1708479 1.7517623 10.5
3.6251073 8.203392 1.7490259 12
3.6089621 8.0986433 1.8375511 12
3.6393764 8.1799383 1.8769101 11
3.6693232 8.2422285 1.8334091 12.333333
3.6505983 8.0981321 2.0004368 12
3.6374209 8.1624403 2.017432 12
3.6064069 7.275363 2.4063079 14
3.608196 8.0290184 2.5512393 15
3.7316368 -1.2888192 -0.42520124 8
3.7339709 -1.3699596 -0.32010981 7
3.7963614 -1.3735565 -0.20495933 8
3.7810853 1.7785355 -0.25321901 2
3.7470906 -1.433266 -0.19218171 8
3.7369018 -1.3787754 -0.13952558 8.833333
3.7782524 -0.10774957 -0.16703022 9
3.7852368 0.28993797 -0.17483115 1
3.7149463 2.3853734 -0.12654263 1
3.7189257 -1.423244 -0.049657829 9.5
3.7644143 -1.3923674 -0.025444714 9.25
3.7923846 -0.48328155 -0.050563831 13
3.706748 0.65983152 -0.08139699 3
3.7419772 2.0328393 -0.030676851 2
3.7280848 2.7359371 -0.057150256 1
3.7521672 3.6910987 -0.0026739622 3
3.7832904 -1.401605 0.02922553 10
3.7850785 1.7361078 0.0077364659 0
3.7362053 2.2659972 0.072590202 3
3.7928045 2.9771614 0.048725933 1
3.7558014 3.1796179 0.012338151 3
3.7107298 3.2306361 0.06191523 0
3.7104757 3.4847479 0.099741891 0
3.7577453 -1.4214454 0.15166847 11.75
3.7458022 -1.3902798 0.1362029 10
3.7049446 -1.5196029 0.2766203 13
3.7517529 -1.4423801 0.2674754 11
3.7889845 -0.057159979 0.21197096 12
3.7714279 4.1129775 0.21668854 0
3.7469046 -1.4520656 0.35413527 12.833333
3.7901018 -0.43331334 0.30168056 14
3.7127125 4.8094811 0.36157045 0
3.7767961 5.0461292 0.39584175 0
3.7699201 -1.5293142 0.48023611 13
3.751869 -1.4555328 0.4135232 12.166667
3.7596154 -2.0775497 0.53385413 12
3.7647274 -1.5074552 0.59438235 13.25
3.7584896 -1.4588554 0.55366373 12.916667
3.7242188 -1.5202432 0.69479537 12.5
3.7729506 -1.4717265 0.63549089 15
3.7529328 -1.5294111 0.75410914 13.25
3.7570806 -1.4936064 0.7826584 15
3.736038 -1.5423248 0.85790443 14.25
3.746681 -1.5352094 0.95539927 13
3.7894473 8.2735434 1.05099 7
3.7748742 -1.5884527 1.1634676 14.5
3.7282588 -1.5821002 1.2901212 15
3.7961271 8.2278242 1.2881933 9
3.7680221 8.3202133 1.2414329 8.333333
3.7934494 7.864099 1.3098092 10
3.7186244 8.2728729 1.3293236 7.5
3.783793 8.3046684 1.4015275 8
3.7333291 8.249361 1.5550332 10.5
3.7486873 8.2213497 1.6590464 9.5
3.7775304 8.1803036 1.7997926 13
3.7742114 8.1115122 1.8884217 11
3.7564397 8.2189856 1.8675964 11
3.7173979 8.1303682 1.9217083 12
3.7190437 8.1490679 2.4386275 15
3.7274394 7.3766747 2.8410854 14
3.8574498 -1.3517617 -0.22987793 7.5
3.8995624 0.2701422 -0.25912833 8
3.8674016 0.57022244 -0.22887202 2
3.8183601 -1.3586135 -0.15723537 8.25
3.8817155 0.080480054 -0.16946296 2.5
3.8381495 0.60467601 -0.19494858 3
3.8875904 2.3558593 -0.13208295 1
3.8568766 -1.3658264 -0.05449209 9.166667
3.8783603 0.17789561 -0.048212387 12
3.8505669 3.2410235 -0.010742988 2
3.8747172 -1.9799972 0.020633657 11
3.8522272 -1.3771944 0.062645003 9.5
3.8796651 -1.2950006 0.0052126162 9
3.809109 1.8787403 0.040573686 1
3.8068752 2.6649203 0.036552634 0
3.8307793 3.2009084 0.017422223 2
3.8439374 3.4938321 0.065543085 2
3.8048964 -1.403264 0.13769889 10.5
3.8501034 -1.3875765 0.11575734 11.25
3.8538139 3.8800869 0.14342475 1
3.843982 -1.4167606 0.26955137 10
3.8458145 -1.3640913 0.2405217 10.75
3.8339601 -0.022509357 0.20913674 12.75
3.8226166 -1.4216356 0.3251524 12
3.8293903 0.076246768 0.38328281 14
3.8610516 -1.3842622 0.40984702 13
3.8424509 5.2390237 0.41411632 0
3.8984733 5.3437061 0.42937624 4
3.8705966 5.5533977 0.45149127 1
3.8187294 -1.447047 0.53245169 12.333333
3.8402271 6.3202162 0.64287424 0
3.838356 -1.5151997 0.70501453 13
3.8221283 -1.4626632 0.74658918 14
3.8122437 -1.5126376 0.88699269 14
3.805979 6.9282274 0.84709996 0
3.8513703 7.29354 0.82270437 1
3.8121972 -1.5238682 0.93926758 14
3.8067331 8.2277994 1.0497953 7
3.8114479 8.3247013 1.1772757 8
3.8799944 8.2888832 1.289893 7
3.8464396 8.2179699 1.4373111 8
3.8309429 8.2593966 1.5506043 10
3.8567564 8.2233963 1.6681795 10
3.8689306 8.200079 1.8088123 10.5
3.8111587 8.1090832 2.1730909 14
3.8713498 7.3404727 2.8624406 15
3.9298356 -1.9269921 -0.46164498 9
3.9250016 0.97925204 -0.31263956 3
3.9729674 -1.9281768 -0.22961341 10
3.9551258 0.80260223 -0.16998936 2
3.9899399 2.250078 -0.12494388 0
3.968657 1.4529673 -0.066481739 2
3.987628 2.5764558 -0.097105078 0
3.9655557 2.7175541 0.05591248 0
3.9625084 2.9927154 0.099125579 1
3.9763274 3.2184029 0.014665656 0.66666669
3.9358497 3.6365809 0.092152722 0
3.901963 -2.0697 0.19090694 11
3.9727547 0.044474378 0.10129863 10
3.9593632 3.582001 0.1423811 3
3.9369767 4.2028408 0.18850061 2
3.9805434 -2.0406687 0.27054301 12.5
3.9807839 -1.3436614 0.2734094 11
3.9402342 -0.6327163 0.28363419 13
3.9076257 4.280261 0.20489238 2
3.9550021 4.3304205 0.20340873 2
3.9509063 -1.3786902 0.38562644 11
3.9589596 0.1755605 0.31095016 9.5
3.9773738 5.1854424 0.38476384 1
3.9188344 5.076642 0.40223843 0
3.9261534 -2.0974483 0.65279877 14
3.9097788 6.9205189 0.67633027 0
3.9255519 -2.1976626 0.81105667 12
3.9623034 7.4472728 0.85274959 2
3.9577739 -1.5956026 0.94764489 15
3.9101746 7.1632223 0.90025127 1
3.9249849 8.2527504 1.0757723 8
3.9899244 7.7812333 1.1374469 8
3.9601305 7.8050179 1.1907476 8
3.901145 7.9416833 1.125862 8
3.9448225 8.2154541 1.1834044 7
3.9644918 8.0027514 1.3194761 9
3.9049306 8.2974949 1.3254524 8
3.9031909 8.3027716 1.4460995 8
3.9243929 8.0500774 1.6826386 11
3.9874003 8.1973743 1.6263787 14
3.9225905 7.4615626 1.9385536 15
3.9955573 7.463809 2.0654662 15
3.9933915 7.4558706 2.1192763 12
3.9453552 8.1270533 2.1982164 15
3.9346182 8.1134214 2.2170489 13.5
3.9560277 7.922668 2.4440773 13
4.0319715 -1.9282386 -0.38524279 9
4.0871892 0.47162214 -0.20670509 3
4.0873227 1.7168272 -0.20234382 0
4.0964127 2.0201669 -0.26619256 0
4.0375867 0.24999845 -0.13027482 2
4.0322466 0.95572853 -0.17396383 0
4.0057626 1.0791076 -0.11130049 2.5
4.0826898 2.847934 -0.044134751 0
4.0224347 3.0564342 -0.012570903 0
4.0331798 -1.9991316 0.091220871 10
4.0261383 3.1281872 0.050116781 3
4.0667157 0.14135222 0.17051165 11.5
4.0077176 3.4425349 0.10049913 1
4.0088148 3.7789001 0.12374444 0
4.0299592 4.1120801 0.19758062 0
4.093473 -1.9704516 0.22024032 12
4.0998259 4.3752508 0.24580264 2
4.0980754 -1.9830055 0.32832041 12
4.0668421 5.0525007 0.39756662 0
4.070281 5.2775297 0.39881283 0
4.069921 -2.0249221 0.49301198 13
4.0888901 0.18193322 0.40584037 13
4.0621819 5.266923 0.41690809 0
4.0172176 5.3755593 0.4552632 1
4.0490255 5.5713201 0.48348358 0
4.0247407 5.7569389 0.44121808 0
4.0471821 -2.1056523 0.52842659 13
4.0869384 -2.0565107 0.52323556 15
4.0560822 5.5779243 0.51202309 2
4.0595312 -2.1633487 0.67355651 14
4.0534921 7.234097 0.74267584 2
4.0581632 6.9534054 0.83531511 0
4.029151 8.1695623 1.1155293 8
4.0146279 8.3849659 1.1117171 7
4.0240798 8.2130108 1.2864975 7
4.082346 7.6351571 1.3624821 10.5
4.0633488 7.7778625 1.3952279 9
4.0326142 7.9598942 1.3529506 12
4.0010281 8.2364235 1.378353 10.5
4.0431256 7.6331501 1.4680245 15
4.0606966 8.2261333 1.4484943 9
4.012599 8.0286083 1.5642194 8
4.0027585 7.6253047 1.6080731 11
4.005414 8.0045252 1.8864616 12
4.0821857 7.4805007 1.9740777 14.5
4.0853896 7.1858778 2.0614786 15
4.0586557 7.4532652 2.064786 14.333333
4.1411004 -1.9070857 -0.524405 8
4.1659117 -1.8655187 -0.41945803 9
4.1321015 -0.36859655 -0.18278377 8
4.1223903 1.9520776 -0.19688745 3
4.1552668 3.5607197 -0.054147646 4
4.1130605 -1.913311 0.033375867 11
4.164844 3.4067492 0.026840262 1
4.1494784 3.5473473 0.039325707 0
4.1282339 3.6456118 0.077650115 0
4.1847801 3.2811599 0.13788162 3
4.1701846 3.5295522 0.11539267 0
4.1933837 -0.15558782 0.25006792 11
4.1689048 0.26218092 0.27965552 10
4.1973991 5.0230904 0.37840489 0
4.1346221 -2.0075581 0.46968034 13
4.1955118 5.1975031 0.41949105 0
4.1036482 5.3238101 0.44052589 1
4.1197839 5.5472207 0.48254082 2
4.1791987 5.4687123 0.5328272 4
4.1785159 5.6684337 0.51655251 3
4.1194863 -2.0476038 0.66427118 14
4.1858716 7.3614392 0.94398171 3
4.1250901 -2.1601982 1.042287 15
4.160593 7.118897 1.0245337 9
4.1729894 8.3836222 1.0240867 7.5
4.194849 7.0891371 1.1792624 10
4.1373134 7.7825813 1.1723281 8
4.190877 7.5309539 1.2848978 13
4.1218781 7.8157849 1.2509557 9
4.1847305 8.2730007 1.295181 7
4.1220865 7.3639975 1.3794496 10
4.1542115 7.381134 1.5428019 11
4.1878071 7.5261712 1.6309156 11
4.1935697 7.2413583 1.803919 11
4.1442032 7.4898601 1.8216653 13
4.1779737 6.9132471 2.113239 15
4.2537584 -1.3678759 -0.59221822 8
4.2358541 -1.862306 -0.45057866 8
4.2020526 1.0990458 -0.13083257 1
4.2471938 0.30330846 -0.024795337 11.5
4.2208929 0.56899756 -0.054602411 2
4.2514257 3.3395679 0.028813049 0.5
4.269558 3.5195889 0.027236532 1
4.2834363 0.26082176 0.12966618 15
4.2798982 0.37027901 0.12547955 10
4.2697983 2.875387 0.10297653 0
4.2678795 -1.9674083 0.26331338 12
4.2081857 4.4501529 0.26683927 3
4.2597938 -1.956913 0.35278875 11
4.2160101 4.7975211 0.33071634 3
4.2238245 5.4923053 0.45976788 2
4.2484517 5.5895758 0.50434822 3
4.2323499 -2.0500453 0.68799543 14
4.2205081 -2.1042304 0.92345303 15
4.2358007 7.1325855 1.2449003 10.5
4.2649856 7.3056383 1.2619816 11
4.2887945 7.0575228 1.3589402 10
4.2293663 7.2837963 1.3362036 11
4.2173362 7.3050876 1.3521788 10
4.2001019 7.2224669 1.4767574 15
4.2767873 7.0759373 2.0808678 12
4.2258358 7.1900463 2.0642738 11
4.2464881 6.6690516 2.1713588 14
4.2213831 7.0567164 2.1799641 14
4.2431369 7.2437806 2.1441913 13
4.2638879 7.2650046 2.5739348 14
4.3320117 -1.8462601 -0.33587214 9
4.3808527 0.45282632 -0.13381204 9
4.3449554 2.0188065 -0.14010622 2
4.3553128 -1.8326143 -0.053656749 12
4.3240571 0.38646218 -0.011662384 10
4.3734379 0.41954625 -0.045221016 3
4.3742723 3.3843498 -0.01637095 2
4.3499727 -1.8606527 0.038724579 11.25
4.3006268 0.28325349 0.044488028 14
4.3674021 0.4318755 0.026134228 10
4.3739071 2.1944447 0.064722031 2
4.3457026 3.4446201 0.016275618 1
4.3156133 0.26932096 0.18884265 8
4.3092761 0.34649119 0.25215077 10
4.3905497 0.26909739 0.30802348 13
4.3626409 0.30820984 0.31292662 10
4.3704944 4.6917243 0.32112932 3
4.3337646 5.0824242 0.36548492 0
4.3654585 5.2090659 0.37266418 0
4.3940816 -1.9108509 0.46544325 12
4.3468399 0.15456682 0.40445384 12
4.3335357 5.1742806 0.43124881 2
4.3995996 5.3525615 0.44010061 0
4.3491387 5.4403234 0.46321318 2
4.3247776 5.6466522 0.54105192 3.5
4.3614745 5.7686048 0.52929205 4
4.3346868 -2.0450494 0.76985925 15
4.346221 -2.014395 0.94446361 14
4.3815312 6.7198129 1.1856381 14.5
4.3446579 6.8942256 1.2316145 13
4.3043108 7.2635107 1.2305185 14
4.3640108 6.7894487 1.3826437 10
4.3261228 7.2782526 1.3530627 11
4.3392134 7.0379944 1.4231241 12
4.3255415 7.0656719 1.5194782 12
4.3119111 6.9039187 2.0601442 11
4.3980608 6.8095655 2.1270747 15
4.3638115 6.5847335 2.2113585 14
4.300375 6.9207578 2.3827577 12
4.4193468 -1.6170504 -0.32156304 9
4.4514418 -1.8232347 -0.29579988 10
4.4690976 -1.8676661 -0.12535307 11
4.4998965 -1.4412168 -0.18148553 8
4.4570451 0.40299734 -0.1110453 10
4.4149513 1.1384941 -0.1059603 2
4.4345117 1.8812816 -0.15164417 2
4.4834509 -1.8604592 -0.075557947 11
4.4522972 3.0618944 -0.064645827 0
4.4819345 0.39236602 0.077427059 8
4.4894061 0.40671942 0.062004782 15
4.4735575 3.189086 0.035395276 0
4.4399409 3.4973664 0.01398456 0
4.4248686 3.8118513 0.097753681 0
4.4622588 -1.8348196 0.18661861 12
4.4150014 0.083912939 0.19959524 14
4.4911976 0.24296059 0.1494818 10
4.4471407 0.36902994 0.12447828 9
4.4958301 3.0069251 0.10679517 2.5
4.4115729 0.27765828 0.26348445 12.333334
4.4472899 0.38483208 0.21779023 9.5
4.4838886 0.40833703 0.28456566 9
4.4501042 -1.9470527 0.32578161 11.5
4.4042878 0.28722981 0.39028218 15
4.4690337 0.32425356 0.34878567 13
4.44418 4.8326297 0.33995488 3
4.4410491 4.9928317 0.35788137 0
4.4473128 5.0926504 0.3849338 0
4.430707 5.2799106 0.38254821 1
4.4509215 -1.9533509 0.63387614 13
4.4853377 -1.9624288 0.91384149 14
4.4793634 6.1699777 1.1702563 12.5
4.4591141 7.7985539 1.2993238 11
4.4338083 7.0337315 1.3630624 12
4.4498324 6.3067245 1.9019712 14
4.4841413 6.3367319 2.0742424 15
4.4748011 6.4212871 2.4402733 13
4.5279903 -1.7264842 -0.44635838 8
4.5420313 -1.5214009 -0.26428777 7
4.5037112 -1.4578356 -0.2160752 8
4.5686383 -1.3999676 -0.18880323 7
4.5543504 -1.7631669 -0.0037437601 11
4.5213633 -0.00022124588 -0.039973311 4
4.5923262 0.43417758 -0.051674675 11
4.5238862 -0.0046713222 0.099855021 9
4.5691042 0.33326012 0.043100003 11
4.5365763 0.43761873 0.09219861 11
4.5838342 1.9832811 0.0020391911 3
4.563889 2.92432 0.092578083 2
4.5267377 3.5796342 0.046937171 0
4.5487347 -1.9142087 0.16959809 11
4.5379338 0.278036 0.15610437 10.333333
4.533978 0.37207174 0.18045203 10
4.5496879 3.9890916 0.15049028 0
4.589716 -1.8129364 0.28579137 13
4.5463424 0.29936516 0.274555 11.5
4.5331216 0.35047469 0.21180704 10
4.5498047 0.32604453 0.34750625 13
4.5295911 -1.9574438 0.46009696 13
4.5530105 5.1649027 0.4543356 3
4.5631075 5.3101892 0.42730758 2
4.5560174 5.4307461 0.43979785 1
4.5745287 -1.9131942 0.69685483 13
4.5394683 6.0758839 0.84859633 9
4.514936 6.1987557 0.90920419 9
4.517292 6.7586169 1.2300428 14.5
4.5366745 6.1011434 1.33909 14.5
4.512187 6.3555923 1.3782113 15
4.5498252 7.9293451 1.3285416 8
4.5586987 6.0280237 2.0341856 14
4.5204592 6.2296906 2.0104446 15
4.5717611 6.3393278 2.0072138 12
4.5952053 6.0701494 2.1928146 13
4.5099764 6.2001143 2.1358671 15
4.5595188 6.1259394 2.205631 12
4.5674372 6.2500706 2.2204103 13
4.5637393 5.9151006 2.3616323 15
4.5738149 6.1636968 2.3772266 15
4.55825 6.0915537 2.5514398 15
4.6965041 -1.2635751 -0.67688078 7
4.6397939 -1.3497015 -0.40144363 8
4.672152 -1.7453483 -0.28069371 9.5
4.623734 -1.3508908 -0.2123951 8
4.6962452 -1.7453097 -0.11634592 10
4.6919994 -1.3669815 -0.17402405 6
4.6331015 0.47678453 -0.13310149 9
4.6460123 1.2029432 -0.1072377 0
4.6891713 1.2261454 -0.073528878 3
4.6979699 2.458904 -0.02486814 1
4.6506257 0.40508136 0.060129989 14
4.6563902 1.5465084 0.048440352 2
4.6488733 1.8980278 0.06593655 0
4.6319242 2.5745926 0.067203946 0
4.6064954 2.7142048 0.073399283 0
4.6138997 3.6639485 0.053752147 1
4.6758947 -1.8604323 0.14260234 10
4.6001396 -1.7859094 0.1348138 12
4.6092248 0.26480299 0.13661312 10
4.6436644 0.5135259 0.14712179 9
4.6056681 2.4901447 0.13995987 3
4.6547165 3.1829679 0.1534647 4
4.6504588 0.3780604 0.27705225 11.666666
4.6060328 -0.33765277 0.38650981 13
4.6755118 0.38199925 0.35047683 12
4.6791124 0.44245151 0.37655768 10
4.6017938 4.7042441 0.33109471 4
4.6205106 -1.8151907 0.44332847 13
4.6250792 0.41410416 0.4998875 15
4.6858387 5.1917152 0.41076693 4
4.6069598 5.5510435 0.48797232 3
4.6372886 5.5614667 0.54452151 4
4.6544442 5.6301794 0.56626093 4
4.6360912 -1.9264286 0.87145483 15
4.6810746 6.0573206 0.87250859 9
4.6374326 6.1140604 0.86304021 10
4.649354 -1.9348681 0.9382264 13
4.654119 5.8760228 1.1273124 13.25
4.6452479 5.6173296 1.3131127 15
4.6003852 5.7810535 1.5985731 12
4.6403265 6.0217462 1.9423816 14
4.6467004 5.5170708 2.026737 15
4.6509094 8.4126978 2.3044472 13
4.7669134 -1.2107807 -0.60020787 7.5
4.7301426 -1.2340792 -0.50313663 7
4.7005267 -1.2749227 -0.44604123 9
4.7237725 -1.4138765 -0.3504149 8.5
4.7730079 -1.2996275 -0.32888538 9
4.7814693 -1.3173289 -0.20202814 10
4.756546 -1.7835426 -0.15724216 7
4.7730522 -1.3527321 -0.1074309 7.5
4.7643442 0.97123587 -0.12152787 1
4.7885346 1.7539651 -0.13983195 3
4.7140651 -1.7282236 -0.026076062 12
4.7245264 -1.6790885 -0.099632069 12
4.7023091 1.3965806 0.032175284 3
4.7315679 2.4287827 0.095633656 2
4.7050982 0.33351064 0.17131858 10
4.766284 0.42727625 0.16968286 9.5
4.7897873 0.61004347 0.14934626 9
4.7817273 2.7548835 0.14030164 3
4.7853503 2.8163617 0.10653839 2
4.7316918 3.968684 0.12847623 0
4.7523904 0.38346729 0.23848712 11
4.7192531 -1.7649097 0.32214919 13.75
4.7035646 0.38206476 0.39435446 14.5
4.729095 0.44665989 0.34411362 11
4.7222381 0.39233631 0.41125205 13
4.7178168 0.4291296 0.45079634 14
4.7584677 -1.845624 0.67147046 13.5
4.7947669 -1.7783939 0.65710032 14
4.7786417 5.4745889 0.85687608 10
4.7056651 6.7964931 0.81815118 4
4.7571449 -1.8652264 0.97456986 14.5
4.7830195 5.3959146 1.1533478 14
4.7680597 -2.0076454 1.2012711 14
4.7917933 5.395009 1.346806 14
4.7850924 5.565362 1.4228734 11
4.7265816 5.6075211 1.482327 11
4.7190952 5.7581162 1.421422 14
4.7855911 5.682394 1.5464741 12
4.7340207 5.7358608 1.5539076 13.5
4.7556415 5.8349013 1.534879 10
4.7436466 5.6291509 1.6752503 14
4.766191 5.411551 1.7668507 12
4.7521563 5.9110103 2.457288 14
4.8200665 -1.2368953 -0.46732777 8
4.8657312 -1.2944294 -0.25741372 9
4.8343801 -1.7458875 -0.10541862 10
4.8050413 -1.4915587 -0.13268477 7.5
4.8528647 -1.3488941 -0.17386344 7.5
4.8016086 0.18917793 -0.13642864 3
4.8102865 -1.7224385 -0.094172724 8
4.8591681 -1.5416813 -0.011980825 9
4.8929353 -1.7194076 0.0065742619 8
4.8636618 2.6813955 0.088016264 1
4.8825355 2.7117078 0.11195124 0
4.8083897 3.1626513 0.14521965 3
4.8082604 3.8296139 0.19557296 2
4.8642392 4.7281365 0.29700795 3
4.8206115 0.45630223 0.39740196 12
4.8262324 5.3231106 0.44222957 3
4.8059998 -1.8216283 0.57609773 12
4.8859477 -1.7825034 0.54583353 14
4.8405328 5.7456431 0.55709207 5
4.8184481 -1.8534678 0.66733098 12
4.8524408 -1.9091883 0.7259739 13
4.8565478 5.5281935 0.70040196 8
4.8201718 -1.8673584 0.87678665 13
4.8636665 -1.8153813 0.92182964 15
4.8967285 5.0165343 0.98561954 15
4.8374882 5.3076119 0.968005 12
4.8381233 5.6008859 1.0688417 14
4.8051124 -1.8866054 1.1467001 15
4.8210039 5.6138897 1.1032254 14
4.8160467 -1.9752457 1.2504389 15
4.8136568 5.5318079 1.47583 10
4.8152885 -1.9471667 1.5986557 15
4.991292 -1.6294676 -0.41430175 8
4.987926 -1.6242942 -0.30983347 10
4.9909129 -1.2562639 -0.24758446 7
4.9353824 -1.4188149 -0.13792582 8
4.9498587 -1.2997063 -0.14076233 8
4.9172077 -1.7334784 -0.075344548 10
4.9463778 -1.63711 -0.00091522647 12
4.9747047 -1.3491883 -0.035587192 9
4.9446535 -0.074313745 -0.076281063 11
4.9851575 2.4260559 -0.047118783 1
4.9931173 -1.6489769 0.026250502 11
4.9457088 0.56649542 0.04490925 10
4.9314594 2.6674516 0.018834168 0
4.9490628 -1.6878575 0.1654118 11
4.9297442 1.9845283 0.10901624 2
4.9537754 -1.758847 0.30998364 12
4.9512591 4.9182439 0.4063167 1
4.947083 5.1650643 0.45663854 3
4.9633718 5.3594985 0.48109221 4
4.9410172 0.44564804 0.52417558 14
4.913928 -1.7660071 0.63301998 12
4.9606314 -1.7588968 0.73733246 14.333333
4.9573126 -1.8290808 0.80735707 13.5
4.9492207 -1.7938497 0.89744848 15
4.9410467 5.0055609 0.87348664 13
4.9262166 5.259068 0.81498033 10
4.9598012 5.0267315 0.90814763 14.25
4.9193859 5.1123018 1.0710899 11
4.9447188 5.000834 1.124975 14
4.9522452 4.9840107 1.400368 12
4.9522982 8.7698765 1.4840913 8
4.9985299 8.9615021 1.4996462 9
4.9475226 5.009747 1.512917 13
4.9779663 4.9906783 1.678769 12
4.9896216 8.7271576 1.6644561 10
4.9487357 8.720768 1.8999776 12
4.9575644 8.7057781 1.9883029 13
5.057827 -1.5711939 -0.25246176 9
5.0640783 -1.5832984 -0.13860592 10
5.0270009 -1.3103857 -0.14552391 8
5.0558147 0.35946399 -0.14235187 9
5.0356331 -1.6840501 -0.017601812 11
5.0171385 0.55563372 -0.037670817 10.5
5.0861678 1.665406 -0.053398304 1
5.0618491 2.4197321 -0.034594618 2
5.0891352 -1.5881008 0.053117551 11
5.0538101 -1.3184901 0.084896095 9
5.0612636 -1.2479374 0.0010200704 8
5.0390997 0.5441857 0.029055525 11
5.0052295 2.017504 0.052105673 2
5.0511136 3.3319113 0.067046136 0
5.0979209 -1.5835713 0.14565749 12.5
5.0148935 0.48080602 0.1207261 9
5.0557752 0.55072516 0.1294201 13.166667
5.0757055 0.67636913 0.14155686 11
5.0443907 2.6164479 0.11433931 0
5.0262008 -1.7762841 0.26898518 11
5.0799274 -1.6590573 0.22561154 12
5.0233688 4.1651959 0.27951586 3
5.040926 4.5130544 0.25357574 2
5.0807052 -1.6961527 0.3788836 13
5.0502205 4.2891459 0.33553964 3
5.083601 4.6874728 0.31414735 2
5.0715299 5.0768256 0.40082544 3
5.0302691 -1.7509403 0.52565736 11
5.0890989 5.3185816 0.5639739 6
5.0994577 -1.7415591 0.64149582 11
5.0295448 -1.7226629 0.75541055 12
5.0578928 4.988162 0.74720627 9
5.0167398 5.2923393 0.79102266 9
5.0793715 -1.7034378 0.84520882 14
5.0372877 4.9618592 0.83180273 10
5.0203981 5.0969844 0.87906182 15
5.055182 5.0022645 0.99269104 15
5.0309162 -1.8756074 1.0197204 15
5.041729 4.9913201 1.1786857 13
5.0494061 -1.8121505 1.2673498 14
5.0489573 -1.8792311 1.4858301 15
5.1882768 -1.5164888 -0.34567484 9
5.1154528 -1.664097 -0.052148048 9
5.1805687 -1.5140254 -0.0050730095 10
5.1654911 0.36127993 -0.07487651 3
5.106945 0.65983337 -0.047771603 10
5.1157722 1.5718143 -0.0054149097 2
5.1368475 1.8322496 -0.018992383 0
5.1062951 2.3241584 -0.013891909 0
5.1022768 -1.7567424 0.098798215 10
5.133388 -1.6013936 0.0172916 9
5.1527424 0.6675896 0.055697519 9.5
5.1446686 2.3639255 0.054718979 0.5
5.1974216 3.2114456 0.045037474 0
5.1556125 -1.6310837 0.19393398 12
5.1969872 -1.5460762 0.10055567 11
5.1732535 0.45475325 0.15960948 10
5.1497588 0.58192241 0.1228499 14
5.1685338 0.64170325 0.14002484 11.833333
5.1726527 1.7014693 0.10261676 2
5.1118202 -1.6559104 0.24210589 11
5.1308379 0.49348226 0.20942941 11
5.1550064 0.58047259 0.27318043 9.5
5.1610632 0.60885847 0.26510677 9
5.1344438 3.9463975 0.25244918 2
5.1536794 -1.6599563 0.38640764 11
5.1572862 0.53460276 0.34801459 11.5
5.1449103 0.70613593 0.33271289 12
5.1283689 -1.660725 0.47036701 12.5
5.1123595 0.4997465 0.40171376 13.5
5.1636868 0.53265011 0.43838242 13
5.1058474 -1.7486992 0.58288574 13
5.1121659 -1.681412 0.51108509 15
5.1013908 0.52534997 0.5273385 13
5.166152 5.1880388 0.50712037 5
5.1136942 -1.7612196 0.63730878 13
5.1339741 5.0234394 0.68608439 8
5.1591783 -1.7354199 0.77284783 14.5
5.1034822 6.7046285 0.75651956 3
5.1837969 -1.7457076 0.97592616 13
5.1873879 5.0087352 0.92617083 11
5.1946988 -1.8261333 1.0499475 15
5.1231871 -1.8569478 1.1441107 14
5.1322474 -1.7276522 1.1551762 15
5.1363149 4.9764962 1.1744941 14
5.1926141 9.0065193 1.1473129 7
5.1191959 -1.8594563 1.2521245 14
5.1457729 9.1090202 1.2322407 8
5.1186733 -1.8043088 1.3147964 15
5.1525702 -1.7376746 1.3322926 15
5.1662402 8.8669806 1.3649238 7
5.1610589 9.0168819 1.472531 8
5.2792802 -1.4508578 -0.40661556 8
5.2496371 -1.4339499 -0.30102545 9
5.2151623 -1.5413224 -0.073826648 9.5
5.2773771 -1.4719994 -0.080264121 10
5.2170939 0.26063278 -0.076106325 4
5.2926984 1.9824113 0.011238527 0
5.2407637 2.0616241 0.04733457 1.5
5.2876801 3.0795219 0.018436732 0
5.2329779 -1.5773678 0.11685644 10
5.2688618 0.46875459 0.12721142 9
5.2919493 0.67357832 0.12392937 13
5.271306 0.73037279 0.10958589 9
5.2697535 2.7439742 0.13522483 1
5.2969165 -1.5611217 0.2536974 10.5
5.2425318 0.56762409 0.25422487 10.5
5.2966332 -1.6050277 0.3902047 11
5.2314882 0.53613394 0.32730469 12
5.2644362 0.64402896 0.36016962 10.25
5.275053 4.1529827 0.3025313 3
5.2306452 4.6638541 0.37053898 0
5.2017822 -1.6567887 0.43256983 13
5.2329035 0.57500398 0.4446176 12
5.2898631 0.68442166 0.47671118 12.5
5.2196002 5.0941634 0.49893665 3
5.2137146 -1.6381993 0.54938078 11
5.2011728 0.58796877 0.56714869 14
5.2757301 -1.6726568 0.67852789 14.5
5.2758489 -1.6405965 0.76805103 13.5
5.2383156 -1.5862746 0.76436228 15
5.208673 6.7653742 0.77284551 4
5.2817254 -1.5906008 0.99760312 15
5.2188058 -1.7205687 1.0415858 14
5.2510133 -1.6342844 1.0778887 14
5.2279682 -2.0444245 1.5099896 15
5.2635317 8.8406925 1.5699492 8
5.25421 8.561203 2.5739036 14
5.379775 0.67869818 -0.085614465 9
5.3195777 -1.5192716 0.043048397 12
5.3185453 0.51664817 0.034827769 11.5
5.3442745 0.64710653 0.032708161 10.333333
5.3726311 2.1592677 0.050762743 1
5.3210874 2.2707887 0.052495159 0
5.3580799 0.60443425 0.16747078 14
5.3979955 2.0554941 0.16573098 0
5.309463 2.9638417 0.1640491 2
5.3723278 -1.5459305 0.24962908 10
5.3805366 0.54310662 0.20798546 10
5.3105531 0.63762742 0.23104873 11.75
5.3955898 2.3129144 0.20723838 1
5.3292766 -1.6043383 0.30770746 10
5.3403721 -1.5611573 0.37660396 10.666667
5.3585224 -0.23571759 0.31826368 11
5.3154435 -1.5773724 0.4734275 12
5.3026304 0.64940035 0.45796236 12
5.3184605 5.0769434 0.41409722 4
5.3542986 -1.6039336 0.55584747 13
5.3628483 0.6353718 0.5513798 14.5
5.3342876 -1.6573178 0.64041841 13
5.3569217 -1.5859681 0.65178412 11
5.3045568 6.3431358 0.67579955 3
5.3487487 -1.6292069 0.77406758 13.333333
5.3801618 -1.5709867 0.73849773 12
5.337327 -1.6459136 0.84990597 14
5.3134146 -1.587152 0.82949924 14
5.3896599 -1.6550591 0.92308009 13
5.32054 -1.661459 1.0610986 13.25
5.357861 6.3241601 1.0108955 9
5.3764172 6.9251933 1.0240729 10
5.3776693 7.0590529 1.08544 11
5.3624396 7.1289802 1.096301 8
5.3257012 -1.77534 1.1505469 13.5
5.328527 -1.5955597 1.1797322 15
5.3161597 9.0069132 1.3046515 8
5.3588319 -1.4422164 1.42178 15
5.3253298 8.8501358 1.436113 8
5.3333941 8.939167 1.464748 7
5.346035 8.8784657 1.545761 8.5
5.3604012 8.8343506 1.678683 10
5.3834605 8.8535404 1.9156936 12
5.3292203 8.7341356 2.0620964 13
5.4286451 -1.5407821 -0.40909439 8
5.4967446 3.2267716 -0.03296867 0
5.4426308 -1.5089526 0.035400435 9
5.4926519 -1.4507502 0.038795661 9
5.4838777 1.9393235 0.011103326 1
5.4823713 3.2847378 0.059682559 1
5.4594774 -1.5179724 0.16816232 10
5.4696202 1.6741928 0.13403547 3
5.4569201 2.5486453 0.12506004 2
5.4925661 -1.4657727 0.29735571 11
5.4230952 0.56812245 0.27093723 10.333333
5.4985085 0.87276161 0.27792728 9
5.4751954 -1.5441813 0.38025236 12
5.4275665 0.65927106 0.37816808 11.611111
5.4330106 -1.6331331 0.45597139 12
5.445384 -1.5647129 0.45828003 11
5.452126 0.67313105 0.42257813 12
5.4649162 0.65053809 0.55607384 12.5
5.4306355 6.2031212 0.64985448 3
5.4414062 -1.5598382 0.79009068 13
5.4449186 -1.6406699 0.97738725 13
5.4412789 -1.4913341 0.9815619 13
5.4107642 -1.6664749 1.0315424 15
5.4603596 -1.576707 1.0203288 15
5.4959712 6.8799319 1.0831758 8
5.4120612 6.9245772 1.0701042 8
5.4237418 7.0028338 1.0358434 9
5.4153719 -1.7015909 1.1723479 14
5.4428287 -1.6867791 1.1579164 13
5.4164987 6.8923154 1.1679568 12
5.4496741 9.1015015 1.1079379 7
5.4646502 -1.6739253 1.2346932 14.5
5.4004059 6.9189506 1.2463527 12
5.4022369 -1.7287016 1.3989699 15
5.4585619 6.9254069 1.3030148 11
5.4444342 6.8586798 1.4220424 15
5.4258084 7.0929999 1.462243 14
5.4779844 7.1086454 1.406718 14
5.4486666 7.1143923 1.5801195 12
5.4527817 9.0071573 2.1524773 12
5.4652648 8.6326551 2.6667876 14
5.5361872 -1.4431342 -0.23660243 9.5
5.5862722 -1.505761 -0.063333638 8
5.5290818 -1.5201701 0.0005442152 8
5.5701685 2.0582335 0.060029414 2
5.5531168 3.7759218 0.085375547 0
5.5418453 -1.5115752 0.13310751 9
5.5274229 2.9163942 0.16143724 2
5.5697579 -1.5103899 0.2448723 9
5.5093665 0.59646088 0.21920438 10.5
5.5276508 0.66395015 0.26267806 9.25
5.5250573 -1.4372041 0.47422749 11
5.5144458 0.69200867 0.47339562 11
5.5553093 0.64497441 0.59001601 15
5.5878906 -1.584174 0.63313067 11
5.5983958 -1.5765427 0.97192603 15
5.5569057 6.7763777 0.9803986 7
5.5933142 6.9338574 0.97667426 9
5.5296454 7.1809258 0.9162063 6
5.5184836 -1.6236644 1.1151499 14
5.5757766 6.7722211 1.2115306 12
5.5054455 -1.7281665 1.5167097 15
5.5374184 -1.7456033 1.6443157 15
5.5534873 7.0240006 1.6727855 14
5.5435514 6.9575467 1.8566577 13
5.5685377 8.7901697 2.1564188 14
5.6268597 -1.4709409 -0.13614951 7
5.6937675 0.7753948 -0.069785103 9
5.6126652 3.2300172 0.058895785 2
5.6942735 -1.4565747 0.21666096 10
5.652597 0.73066121 0.211757 13
5.6221652 2.1144226 0.21476504 0
5.631814 2.4698246 0.25969559 2
5.6020908 3.7156699 0.23591729 0
5.6608601 -1.5372366 0.48238069 14
5.6151962 -1.5199265 0.50207287 11
5.6466684 0.66873693 0.55813295 14.5
5.6277256 -1.446344 0.62173265 12
5.6985455 -1.6493968 0.78159499 14
5.6546659 -1.5666413 0.86320388 13
5.6534362 7.5610123 0.85735691 7
5.6578307 -1.66926 0.91940635 15
5.6627955 -1.4559543 0.93493909 14
5.6457839 6.8308439 1.0880626 9
5.6661153 7.9397483 1.078889 7
5.6887617 5.9917326 1.2576804 13
5.6822343 6.0523448 1.2848084 12
5.6483226 6.9086585 1.2095224 11
5.7035155 -1.3417583 -0.35475513 8.5
5.7671781 -1.3531526 0.1092153 12
5.760366 1.6733248 0.17943883 4
5.7095642 2.6705155 0.14529854 2
5.7214932 4.8724766 0.36003497 1
5.7708755 -1.4223673 0.55659503 15
5.75769 -1.4596335 0.63778692 13
5.7764244 0.79513496 0.66861856 14
5.7816172 -1.5000579 0.88022339 14
5.7288756 5.8082132 0.88313138 9
5.728231 6.8072443 1.0997682 8.5
5.7430882 6.7955465 1.1057676 7
5.7562842 6.8250618 1.1521375 12
5.7206125 6.0694966 1.2942634 9
5.7170506 6.6194468 1.3049514 14
5.7140808 8.9995623 1.3124546 8
5.7030082 9.0127707 1.3691072 8
5.7408323 -1.7476368 1.7875996 15
5.7067709 6.9771371 1.7000659 11
5.770999 8.9615192 1.7209036 10
5.7539349 -1.6594466 1.8487722 15
5.8103962 -1.0829688 -0.81733078 7
5.8452382 -1.1687151 -0.76852757 6
5.898489 -1.1358745 -0.54183435 8
5.8840947 -1.2445256 -0.38273808 8
5.8466067 -1.1659833 -0.30669525 8
5.8012724 -1.1920594 -0.23952277 10
5.8989816 -1.2188733 -0.10043915 10
5.8567362 -1.2786274 0.010716875 11
5.839292 -1.327649 0.14233442 11.333333
5.8667498 -1.3556043 0.23283894 12
5.834578 1.1110175 0.24528641 8
5.8695698 2.1896093 0.24667731 1
5.8394718 -1.3390189 0.30713376 12.75
5.8594937 0.93795067 0.39647487 11
5.8025737 1.0174245 0.33153597 8
5.8963847 1.2303904 0.38899368 11
5.8391681 -1.4698316 0.47138134 12.5
5.8475733 -1.3835717 0.44574851 13.5
5.8229904 -1.437996 0.56609815 14
5.848906 -1.3940589 0.54059476 13.5
5.8199759 5.4403877 0.50371271 3
5.8720808 -1.4353366 0.68464941 12
5.8251333 -1.4558891 0.74232507 13.75
5.8453283 -1.4712226 0.8247028 14.625
5.8120365 5.7537313 0.83847004 9
5.83991 5.9631643 0.86520904 6
5.8472991 -1.549813 0.92541796 15
5.8552251 -1.4612803 0.95058662 12.5
5.8935709 -1.3649601 0.99126959 14
5.8579645 5.9211235 0.98377025 9
5.8875651 -1.5179688 1.0219164 15
5.8790112 -1.460234 1.0312555 15
5.8467612 5.9622993 1.0230386 12
5.8641758 -1.5205702 1.1146556 14.333333
5.8597398 5.9050736 1.1338536 12.5
5.8846836 -1.4911767 1.3028013 13
5.838306 -1.5532719 1.4858541 14
5.8044157 -1.7063452 1.6739963 15
5.8633337 8.6212082 3.6888909 15
5.9705009 -1.2131628 -0.41476601 7
5.9342127 -1.34902 0.031337239 10.5
5.9229641 -0.13791798 0.0095461113 11
5.9131079 2.9066505 0.0029290048 2
5.917624 3.3240664 0.074150056 3
5.9195828 -1.3106833 0.17870981 10
5.9500799 -1.2759035 0.1483233 8.5
5.9210062 0.91165602 0.16360025 10
5.953001 3.9026005 0.14034951 2
5.9361691 -1.3612436 0.24439652 11
5.9679937 -1.2938668 0.26476583 12
5.9780064 3.840292 0.25487316 0
5.9281774 -1.3552074 0.34066999 12.75
5.9074292 -1.2876546 0.39776915 11
5.9383178 -1.4102539 0.49242416 11
5.9573169 -1.3367138 0.41168788 12
5.962503 -1.2984599 0.4735927 11
5.9978967 -1.4029671 0.58876824 14
5.9699163 -1.3262087 0.52772784 10.5
5.9591827 -1.4325321 0.68133932 13.5
5.9917669 -1.3605772 0.647623 14
5.9217596 -1.4407151 0.7551558 12.5
5.9508114 -1.3761394 0.78163785 14
5.9060898 -1.5077946 0.86154199 14
5.9906116 -1.3824896 0.82037854 13
5.9387879 -1.4557559 0.93433011 14
5.9308 -1.3760172 0.94560242 12.5
5.9283204 5.6948018 0.90582877 9
5.9453592 -1.4384896 1.0320668 13
5.9621372 -1.3713605 1.0653383 14
5.9404225 6.8088078 1.0175514 7
5.9850554 -1.6208218 1.1494138 15
5.9532514 -1.4029498 1.1322019 14
5.9850082 -1.3940693 1.1779206 14
5.9103813 5.8021741 1.1103009 11
5.9704566 7.8214302 1.2818692 9
5.9160976 -1.6235539 1.3028405 15
5.9852176 -1.5556332 1.3286695 14
5.926157 -1.4687341 1.3271708 15
5.9553013 -1.3919667 1.3203491 15
5.9323101 9.2122707 1.3393059 8
5.9715333 -1.1445594 1.4401493 14
5.9458671 6.2161174 1.4315685 9
5.9401016 9.1157913 1.4575741 7
5.9548626 -1.6382736 1.5528287 15
5.973546 -1.4953076 1.5081187 15
5.9931421 -1.4044144 1.8124237 15
6.0684257 -0.0024788801 -0.21142305 9
6.0237989 -1.2255743 -0.14393379 6
6.0827665 0.89927614 -0.074918278 9
6.0388412 -0.036868066 0.022386059 8
6.0146122 3.7303936 0.071086966 2
6.015079 -1.3386856 0.27883404 10
6.036159 -1.2623428 0.24275297 10.25
6.0104938 0.87200141 0.28555503 12.5
6.0635962 0.92424017 0.20645845 12
6.0753145 2.9520183 0.26514944 3
6.0391316 4.5985389 0.23986989 4
6.0364676 -1.2839801 0.30009535 10
6.0893164 3.246347 0.30462405 4
6.0260358 -1.2948912 0.42417085 10
6.0452628 -1.3175187 0.5106231 10
6.0891514 0.94552398 0.53982168 12
6.0622282 -1.4172922 0.6106773 12
6.06599 -1.3773314 0.66814709 11
6.0372052 0.98889512 0.67270124 14.5
6.0303578 -1.3717165 0.77287066 12.166667
6.0806742 5.1734614 0.75716335 10
6.0099115 -1.5013669 0.88534349 14
6.0487213 -1.428589 0.86840785 13.5
6.0509696 -1.3638117 0.95908803 13
6.0370731 -1.4099989 1.0163378 13.5
6.0362773 -1.2355218 1.0434309 15
6.0552692 -1.4131807 1.1098675 13
6.0690155 -1.3590677 1.1305588 14.166667
6.0980554 6.8055406 1.1862423 10
6.0929027 -1.4321413 1.219751 13
6.0238514 -1.6036835 1.4325587 14
6.0301647 -1.4911718 1.4487591 14
6.0804472 -1.4874297 1.5013217 14
6.031219 -1.4844563 1.6524391 15
6.0156894 0.4828966 1.6405391 14
6.0220876 8.8858891 2.0886109 13
6.000638 8.8503075 2.9504447 14
6.0762186 8.8147058 3.45261 14
6.1332335 -1.1602538 -0.5001086 7
6.1348448 -1.2230499 -0.047739428 7
6.1082888 -1.1640208 -0.026662163 8
6.1475635 0.030422691 -0.087159425 9
6.1067553 3.0475607 0.034822084 3
6.1597037 -1.216795 0.325091 10
6.1376204 -1.3213533 0.4780668 13
6.1323376 -1.2574489 0.54286849 11.5
6.1130552 5.1538262 0.77638131 9
6.1284399 -1.5020082 0.8621999 13
6.1407218 -1.2850975 0.83452004 14
6.1801872 5.1419868 0.86406231 11
6.1724486 5.0294657 0.92145711 10
6.1088133 -1.2912394 1.0567476 14
6.1962743 6.8792348 1.0202531 8
6.1331892 5.6572509 1.2856493 9
6.1017394 -1.6273066 1.3792635 15
6.1797094 6.0497227 1.4804909 15
6.1148729 -1.4437139 1.5929521 15
6.1621814 1.4988424 1.859879 15
6.1355228 8.8139553 3.1640477 14
6.2232437 2.8223646 -0.24183048 6
6.209094 1.0188676 0.24283326 8
6.2888908 3.8487699 0.29497924 2
6.279984 -0.06496454 0.35310966 11
6.2002501 0.94195592 0.37618256 15
6.2093019 0.96097612 0.46649703 15
6.2294073 0.94996071 0.54933274 11
6.2251511 -1.415774 0.65978426 15
6.29848 0.93158209 0.66004276 13
6.2445698 -1.3343791 0.77966827 14
6.2385807 -1.2539865 0.77489465 12
6.2214808 -1.4511608 0.83820283 13
6.2201009 -1.3345132 0.82019228 14
6.2738934 4.9912901 0.86719215 8
6.2999396 5.4897032 1.0545931 11
6.279418 -1.3495303 1.1339411 15
6.211329 -1.2803899 1.1449056 15
6.248549 -1.3221824 1.2180827 15
6.2316298 6.1811361 1.5242932 12
6.2938142 -1.5087261 1.7925876 15
6.3923702 -1.10384 -0.078384496 10
6.3428059 -1.2167825 0.086881921 12
6.3712401 2.0587544 0.037952989 9
6.308497 3.0562189 0.035646431 4
6.3116603 1.9636714 0.12359818 4
6.3998041 2.3355973 0.10115122 7
6.3937755 -1.1947051 0.29591817 12
6.383358 2.4245837 0.28553936 6
6.3865399 2.7185366 0.24319243 4
6.3847976 1.1841089 0.46693969 10
6.3619165 -1.2573624 0.55934799 14.5
6.3215299 -1.1876657 0.57762474 13
6.3925385 -1.1182232 0.69472539 11
6.3370361 4.8497691 0.86892331 8
6.3148131 5.5459285 1.0481545 10
6.3446078 -1.4882554 1.1346229 14
6.3923445 -1.3361253 1.1703596 15
6.3471088 8.8247747 1.2665281 8
6.3427744 -1.5538639 1.3507581 15
6.3202114 2.206362 1.9967067 15
6.3411331 8.6189184 2.6768515 13
6.3312368 8.5225582 2.9566431 15
6.3098845 8.5020046 3.1611385 15
6.4181752 -1.0937532 -0.032727826 10
6.4087381 2.0916538 -0.076741569 8
6.4202685 1.9702299 0.0088187791 8
6.4694223 2.0478172 0.097612597 9
6.4298091 1.0529127 0.15655471 3
6.4096084 -1.1762267 0.25146401 12
6.4866309 1.4242837 0.21357708 3
6.473896 1.8285735 0.26375824 9
6.4542441 2.1547365 0.3721028 6.5
6.4140916 -1.270136 0.42617777 12
6.4984212 2.0782018 0.41075975 8
6.4305243 3.3406026 0.46385193 7
6.4864206 -1.2334219 0.64619678 13
6.4454117 -1.2763498 0.74781162 13.5
6.499229 -1.2669863 0.89596099 14
6.4754548 -1.1702985 0.80502564 12
6.4791431 -1.3312285 0.90536427 15
6.4276681 -1.1598415 0.92631108 13.5
6.4882326 -1.2605529 1.0550667 14
6.4850078 -1.1458778 1.0549437 15
6.4241729 5.4220262 1.167981 9
6.4138713 5.5266385 1.2526935 8
6.454412 -1.3735294 1.4617385 14
6.4258962 -1.2687386 1.4284209 14
6.4397564 -1.3849109 1.5277479 14
6.4161196 8.7247915 1.9182693 11
6.4402943 8.8194685 3.4628477 15
6.4454999 8.4666758 3.5464969 15
6.5682616 -1.1286304 0.20577671 12
6.5075493 2.118186 0.2991747 8
6.5758948 2.2891204 0.24097505 8
6.5680704 2.0642166 0.37932491 8.666667
6.5724244 2.9538345 0.39001349 9
6.5599017 -1.1265523 0.49546641 11
6.5571489 1.9843159 0.44675583 8.5
6.5391259 2.0328715 0.43723872 7.8000002
6.5314136 2.1335135 0.42267531 7.75
6.5592551 3.1102087 0.40940881 7
6.5354061 1.8834815 0.52340674 8
6.5434957 1.9370863 0.55194992 9
6.5378428 -1.2129533 0.69115442 12
6.5464282 -1.329408 0.81316113 14
6.5538483 -1.2472258 0.86418515 11
6.5067677 -1.1884589 0.88718826 14
6.5700722 -1.3461066 0.98893821 15
6.5324636 -1.3292086 1.284058 13
6.5729012 -1.2621975 1.236688 14
6.5856261 -1.4218237 1.6343197 15
6.5250001 -1.3861244 1.6300101 15
6.5328751 8.6865883 2.889756 13
6.6299105 -0.99258995 -0.73988384 7
6.698854 -1.0990165 -0.4074311 7
6.6125393 -1.0556778 -0.23242034 7
6.6388493 2.0380347 0.12084635 8
6.6129799 2.4725275 0.18266052 8
6.6803784 2.0804851 0.2451328 10
6.6867795 2.1933105 0.25319076 8
6.6390686 3.2393394 0.27089104 8
6.6761827 3.3407514 0.35545513 9.083333
6.618341 -1.2055463 0.42906854 13
6.6586661 2.0990653 0.40211162 9
6.6013837 2.1946197 0.40053049 9
6.6815119 3.254287 0.44309896 10.5
6.6711755 3.3186762 0.44349462 10
6.6515779 -1.2205374 0.57138926 14
6.6170607 -1.1183879 0.56667143 11
6.6763949 3.1813123 0.52745438 12
6.6973872 3.233289 0.52992713 10.5
6.6767087 3.3207157 0.52355784 10.25
6.6826982 -1.2819353 0.64790148 14
6.6671958 3.2420866 0.6541484 13.166667
6.6665845 3.3166475 0.62326461 10.75
6.6084185 -1.151044 0.73922777 11
6.6665974 3.1411843 0.75919938 14
6.6517134 3.2420001 0.72901219 10
6.6758618 -1.1145351 0.89009279 13
6.6584749 3.15063 0.80380654 15
6.6805553 3.2180388 0.85082442 14.5
6.6306109 -1.3002559 0.99895471 15
6.6166611 -1.2419041 0.92593896 13
6.6773715 -1.1478022 0.99367213 14.5
6.648356 3.1516564 0.95597547 10.5
6.6820841 3.2629719 0.93194503 14.5
6.6965637 5.8311868 0.93463165 10
6.6345601 -1.378304 1.0635525 13
6.6963434 3.0756602 1.0737739 13
6.628346 -1.1608614 1.1915784 15
6.6995025 3.0889876 1.1452568 15
6.6797318 3.1638975 1.1831065 13
6.6870389 3.3648183 1.1913702 14.5
6.6760688 3.1500142 1.2550889 13
6.6928716 3.2255135 1.216481 10
6.6001501 -1.2445437 1.3877468 14
6.64643 3.0205235 1.4242408 15
6.6962214 3.2702084 1.4669306 13
6.6850128 3.3323486 1.4016553 15
6.679862 -0.74926275 1.580472 14
6.6711783 3.138171 1.557191 14
6.6684742 3.3063276 1.581937 14
6.6922894 3.230396 1.6776657 12.5
6.6954665 3.1591012 1.7085824 15
6.6855969 3.1613417 1.8845836 15
6.6500211 3.2949977 1.8392231 15
6.6965055 3.0394676 1.9117095 13
6.6403093 2.8837624 2.1175342 15
6.6233778 8.7133417 2.2859373 11
6.6531911 8.8707609 2.2826097 11
6.6836171 3.122412 2.318939 15
6.6831856 2.9084854 2.4421413 15
6.6815591 8.6089764 2.5189509 13
6.6569514 8.592289 2.6349089 12
6.7941031 -0.92439693 -0.49699605 8
6.7427998 -1.1276219 0.18693288 11
6.700448 2.1354058 0.10222203 8
6.7924004 2.9534492 0.28115508 9
6.7427506 3.0889742 0.22775407 8
6.7121763 3.1664226 0.29302847 9
6.7098522 3.2825816 0.28520641 7
6.7072511 2.1698642 0.33581147 8
6.7905931 2.9310031 0.36152965 10.5
6.7810841 3.0267427 0.34951288 8.666667
6.742671 3.1189444 0.31716546 7.5
6.745254 3.0695086 0.44599718 7.5
6.7203379 3.1165326 0.4989177 12
6.7588315 -1.0987802 0.52084672 13
6.7963157 2.8624964 0.53943503 13.5
6.7659445 3.0616031 0.55207837 9.333333
6.7497363 3.1454535 0.50856864 10
6.7027974 3.2299287 0.50455874 10
6.7549987 3.3295758 0.53937447 10.5
6.7149034 3.4456303 0.50342953 8
6.7685409 3.5203888 0.59385753 9
6.7766647 2.964077 0.65228021 12
6.7853642 3.0372694 0.67433959 13
6.7078872 3.1766281 0.63572234 11.75
6.762929 3.2530022 0.65993589 9
6.7326541 3.3530116 0.64606434 11
6.7704401 3.4003718 0.69660574 13.5
6.7847214 2.7155533 0.78233522 15
6.7466002 3.0480404 0.72544348 11.5
6.7343783 3.1382875 0.74735188 10.5
6.7951641 3.2528021 0.75476688 13.333333
6.772913 3.3263166 0.70278829 9
6.7931995 3.5538633 0.70966321 11.5
6.7905188 5.5355392 0.78641856 8
6.7660651 -1.20445 0.80454475 14
6.760397 2.9743085 0.83291161 12.5
6.7964244 3.0207071 0.87355649 11
6.7254496 3.1467471 0.85561895 10
6.7560873 3.2230508 0.84301549 10.5
6.755095 3.3520916 0.87174857 11.125
6.7740974 3.4009106 0.83687729 12
6.7760768 2.8818724 0.97572607 13
6.7732701 2.9292037 0.97160721 15
6.7608552 3.0549176 0.97503543 11
6.7847137 3.1603723 0.97126067 10.75
6.7395859 3.2599063 0.95063072 10
6.7479739 3.308105 0.95097595 9
6.7914844 3.5280106 0.90390909 14
6.7145324 -1.2454395 1.0541071 12
6.7834668 2.8445692 1.0690829 15
6.7455373 3.0427713 1.06297 12.625
6.7454405 3.1334267 1.0540535 12.75
6.7369752 3.2601218 1.0612588 12.166667
6.7146425 3.3671494 1.0687354 12
6.7642088 3.4390123 1.0318109 12
6.7299232 5.8274822 1.0114455 10
6.7529492 -1.1428095 1.1586818 14
6.7341142 2.9644666 1.1646962 14.5
6.725368 3.0272341 1.1018788 14
6.7561898 3.143199 1.1314383 10.5
6.7229776 3.2442274 1.1562369 11
6.7437983 3.3212664 1.1433095 13.333333
6.7647238 2.8958662 1.217693 10
6.7671037 3.1348913 1.2653024 14
6.7495179 3.228888 1.2528291 13
6.711421 3.3274381 1.2854457 14
6.7320046 3.4374225 1.26624 15
6.7894497 2.9922326 1.3038801 13
6.7513847 3.0387242 1.3767344 14.5
6.7560983 3.1666055 1.3348593 11
6.7175674 3.2228963 1.3293129 12
6.7335501 3.3152084 1.3641412 12
6.7232609 2.5474737 1.4550583 15
6.7843347 2.80089 1.4230015 11.5
6.7672172 2.9659786 1.496267 11
6.7517128 3.0445952 1.435151 14
6.7239141 3.1258471 1.4505692 11.5
6.7213392 3.2558923 1.4730195 13
6.7201986 3.3178396 1.4406252 13
6.7420197 -1.2797855 1.5149745 14
6.7917266 -1.1884102 1.5095609 15
6.7978854 2.9296591 1.5981653 12
6.7674379 3.0852106 1.5407318 13.5
6.7365131 3.1737425 1.5505496 12.333333
6.7070222 -0.8634755 1.6536846 14
6.7556839 2.9574378 1.6668005 14
6.7236915 3.1401269 1.6515133 12.5
6.737464 3.2971807 1.6384687 14
6.7294111 3.0786958 1.7694899 13
6.7241139 3.1838169 1.7634288 13.5
6.7509313 3.2088811 1.7439249 13.5
6.7473745 3.4396653 1.7703662 13
6.7900763 2.9095666 1.8328969 14.5
6.7693505 2.9263339 1.9624234 14
6.7525287 2.8449285 2.0583088 14
6.7471123 2.9388087 2.0403249 14.5
6.7539973 3.0576246 2.0112612 13
6.7417617 3.1339486 2.0543125 13.5
6.7356071 2.942924 2.1786258 15
6.7996001 3.0546272 2.1649132 14
6.7557402 3.1817291 2.1454132 15
6.7042923 2.9558365 2.2556524 14
6.7631145 2.806325 2.4630105 15
6.7306895 2.9269388 2.6050911 15
6.7726455 8.5545578 3.1626885 15
6.8608065 3.4801474 -0.063165709 6
6.8340774 1.6369795 0.016111951 7
6.8229446 2.8781717 0.14865829 8
6.8347259 -1.1233261 0.24050093 11
6.8089519 1.4241378 0.24181193 7
6.8382659 2.2201726 0.26601756 8
6.8500209 2.7466891 0.25942081 10
6.8233409 2.8498609 0.24908602 8.5
6.8425007 -1.1039991 0.33491695 12
6.8497672 1.5735011 0.35271513 7
6.8726845 1.9832497 0.32367647 7
6.8814387 2.6837702 0.39204499 8.5
6.8278513 2.8441787 0.35582203 9.833333
6.8480439 3.3091528 0.3689754 8
6.8763065 -1.1933978 0.49572366 12
6.8772464 -1.0841955 0.47877258 14
6.894465 2.1403975 0.40387398 9
6.8336139 2.788542 0.4503881 10.25
6.8458648 3.1678662 0.44538641 8
6.8013287 3.2445405 0.49048895 8
6.8381486 3.4374735 0.46906522 10
6.8661728 -1.1507752 0.57752067 11
6.8276215 2.771507 0.54503769 11.5
6.8253241 2.8430989 0.54453373 11.2
6.8456297 2.9496095 0.55902469 10.25
6.8387585 3.150691 0.52952379 7.9166665
6.8833523 3.228631 0.57458806 7.5
6.8219795 3.4201334 0.58258355 10
6.8024735 3.5301626 0.52300483 9
6.85783 -1.217916 0.64525509 12
6.8691931 -1.1510869 0.62671995 13
6.8686419 2.6519701 0.60902202 11
6.845304 2.7270808 0.63394785 11.75
6.8061881 2.8651407 0.68452752 8
6.8705664 2.9744856 0.61408103 10
6.8591542 3.0484638 0.65833563 8
6.8052206 3.2167978 0.64438862 9.666667
6.8169737 3.4298568 0.66089535 9
6.8426738 -1.209915 0.79879493 14
6.8428898 -1.0724173 0.7324304 11
6.8478622 2.7484212 0.75876856 12.071428
6.8877153 2.8483024 0.77050626 9
6.887733 2.9535949 0.72625422 11
6.8793955 3.0617716 0.7622537 8.5
6.8060961 3.1364303 0.72352123 10
6.8089161 3.2075591 0.79906631 10
6.8375683 3.4500985 0.77659994 10
6.8618193 3.5057514 0.72972918 10
6.8360486 -1.0467852 0.8125186 11
6.8437529 2.6567802 0.82039422 9
6.8272161 2.7591658 0.85986745 12.75
6.8133965 2.8206785 0.85122412 14
6.8923526 2.9882355 0.88158572 10
6.8395271 3.0577521 0.84316105 11
6.8095765 3.1602035 0.84333861 9.166667
6.8069782 3.3852277 0.810094 11.5
6.882616 3.4766896 0.84569335 11.5
6.829505 5.5744052 0.83512151 9
6.8874307 -1.2310172 0.95945758 15
6.8687778 -1.1469935 0.94740522 14.5
6.8908448 2.5913351 0.98659778 13
6.8566079 2.6938274 0.91318083 15
6.8551917 2.72401 0.95289874 12.75
6.8636699 2.865114 0.95836365 11.25
6.8177819 3.0393369 0.91898936 9.5
6.8022833 3.3599806 0.91037059 9
6.8309546 3.4531682 0.93803757 10
6.8462181 5.5025258 0.95798838 10
6.8982682 -1.2503673 1.0234112 15
6.8390851 -1.1550164 1.0071073 12
6.8351254 2.6663914 1.0502311 13
6.8903823 2.7877326 1.0154771 11
6.8818851 2.8443642 1.0134931 12.5
6.8409553 2.9536278 1.0676615 12.25
6.8468423 3.4151103 1.0092973 13
6.8803334 2.6681352 1.1281706 13
6.8813167 2.766865 1.1323421 12.75
6.8449368 2.844281 1.1813647 14
6.8643837 2.9162605 1.1525369 10.333333
6.8303485 3.4777174 1.1799043 15
6.8786149 3.5153861 1.1896811 14
6.8919053 5.7176595 1.1563308 8
6.821456 -1.2046183 1.2076946 13
6.8973012 -1.154399 1.2234484 13
6.8889804 2.5915227 1.2871084 12
6.8292408 2.6114483 1.2876937 15
6.8656998 2.8523207 1.2529784 12.333333
6.8001342 2.9979453 1.2031119 12
6.8077569 3.0112941 1.2738788 15
6.861053 3.2789018 1.2356566 11
6.8261108 2.6910143 1.3353097 14
6.8564115 2.7641599 1.3245196 14
6.8196688 2.8824487 1.3308814 13
6.8289099 2.9588888 1.3673096 13.5
6.8034587 3.1202681 1.383572 12
6.8208761 5.5058308 1.3213331 14
6.8754025 -1.2096379 1.4522102 14
6.8481627 2.6619029 1.447154 13.5
6.8734989 2.7624092 1.4533627 13
6.8441191 2.9117644 1.4502211 13
6.8032317 -1.1341615 1.5946498 15
6.8906775 2.3997762 1.5738862 15
6.880712 2.5688143 1.5325657 13.5
6.8143029 2.6577313 1.5139234 15
6.8569274 2.7419682 1.581054 15
6.8776956 2.6115549 1.6054238 12
6.8707371 2.756964 1.6449198 13.5
6.8443761 2.9396379 1.6695499 12
6.8978624 3.3328714 1.6233696 13
6.8452601 2.6350317 1.7910601 13
6.8638186 2.7201362 1.7372415 13.5
6.8026309 2.5906432 1.8161907 15
6.8834548 2.7403128 1.850486 14
6.8071103 2.9349666 1.8764446 15
6.8348227 2.6194456 1.9370295 14
6.8203297 2.7823668 1.9126552 14
6.8794603 2.7067194 2.0780921 13
6.8200998 2.8503227 2.0470338 15
6.8519368 2.5874736 2.2414436 14
6.8442297 2.7942445 2.2520726 14
6.8916435 2.2779973 2.4003851 15
6.9717746 -0.88659495 -0.47181109 8
6.9353819 -0.99248421 -0.10416722 10
6.9584603 -0.93772042 0.088673636 10
6.9070091 2.1668198 0.12591098 8
6.9534683 2.6716964 0.2298135 9
6.9600482 3.1478794 0.29886937 6
6.9548588 -1.1388435 0.38570881 13
6.9126086 -1.066664 0.32100508 11
6.9133077 1.2669258 0.31275505 5.5
6.9700298 2.6656423 0.30736488 10.5
6.941256 2.7213631 0.34993452 9.5
6.935842 -1.1587723 0.44629663 11
6.9544868 -1.0397223 0.42866498 10
6.9512 2.6171041 0.44907758 12
6.9505773 2.7035725 0.40799919 8
6.9229217 3.2862749 0.41546023 9
6.9384723 -1.0403769 0.51670921 12
6.9467568 2.664887 0.5786804 11.5
6.9621434 2.7397697 0.57925254 9.666667
6.9163871 2.8491015 0.56079942 9
6.9494362 -1.1885467 0.68531716 14
6.9553165 2.5189917 0.69862711 15
6.9495535 2.6422048 0.66820729 12
6.9426861 2.7400346 0.6510011 10.75
6.9791169 2.8323476 0.60946977 8.5
6.9131336 2.9484282 0.65624869 8.5
6.9006882 3.5414388 0.6475547 10
6.9863095 -1.2525758 0.77898443 15
6.9948711 -1.1204848 0.73365158 12
6.9928207 2.5631256 0.74030703 14
6.9746065 2.6789384 0.76509577 13.5
6.9169264 2.7769434 0.75789905 8.5
6.935102 2.8223467 0.77690595 10
6.9284782 2.9130275 0.70347404 10
6.9547682 -1.2576315 0.87739313 13
6.9570827 -1.0812176 0.80592865 13
6.9933076 2.3732214 0.80226618 13
6.90801 2.863847 0.8332963 10.6
6.9132614 5.5554018 0.83717859 7
6.9859481 2.4670687 0.96742111 15
6.9508958 2.5594933 0.9223066 12
6.9161534 2.6268163 0.99494797 14.5
6.9049354 2.85969 0.940368 11
6.920701 -1.2556682 1.0698714 15
6.988759 -1.1308523 1.0401974 14
6.9109311 2.6661785 1.0383416 11
6.9105506 2.7675414 1.0276594 11.5
6.9236412 2.834228 1.0306103 13.5
6.9166908 5.4520249 1.0662237 10
6.9234753 5.5300655 1.033457 9
6.938138 5.666532 1.0774651 11
6.9722376 -1.1274337 1.1855428 14
6.9698348 2.5510256 1.145552 13
6.9019237 2.6336308 1.1800549 14
6.9248056 2.7603612 1.1344566 12
6.9083104 2.8129997 1.1123402 12
6.9331455 2.9439728 1.1631979 11
6.9282031 5.520534 1.1008593 11
6.9273601 7.3040743 1.1508811 8
6.9448752 -1.3154465 1.2018526 15
6.9651756 -1.2206281 1.2966377 15
6.9074621 2.7502491 1.2094923 14.5
6.9298291 2.8665507 1.2417496 15
6.9608903 5.3826804 1.2522006 13
6.9326477 -1.113494 1.3347596 15
6.9853334 2.6689196 1.3580978 13
6.9153481 2.7352309 1.3402238 11
6.984292 5.4425387 1.307703 13
6.9350624 5.4836192 1.4332898 15
6.9134269 2.56601 1.5917281 14
6.944006 2.7155716 1.577252 14
6.9723697 5.5606246 1.7332172 15
6.9968023 2.3932011 2.063163 15
6.9671812 2.5512683 2.0954211 14
6.9929652 2.3710511 2.1798077 14
6.9776602 2.462023 2.3235703 15
6.9509358 2.3576732 2.4845371 15
6.9306717 2.3994386 2.5441787 15
7.0173349 2.4361725 -0.030343266 7
7.0618553 2.3251791 0.089299351 8
7.0074553 2.442287 0.070954807 7
7.0563755 1.4630587 0.15065198 8
7.0098753 2.2491617 0.11504692 9.25
7.0608206 2.5139287 0.1673836 9
7.0657458 2.3281808 0.26590043 9.666667
7.0360637 2.4301291 0.23728684 9.5
7.0661082 2.1083367 0.39507544 12
7.0398493 2.2315865 0.31790099 9.5
7.0631075 2.3238969 0.35613835 10
7.028676 2.4620383 0.34084094 8.833333
7.0645165 -1.1353081 0.40940908 13
7.0558805 -0.96827894 0.47412983 11
7.0444469 2.4627845 0.44627765 8.333333
7.0016117 2.5329542 0.45452064 11.5
7.0813026 2.636297 0.45597377 8.5
7.0529289 -0.96866298 0.54516762 11
7.0797787 2.249409 0.54466337 10.5
7.0360527 2.3075907 0.5767014 11
7.0322595 2.4426086 0.55652547 13.5
7.0282369 2.5183358 0.51673168 11
7.0655308 2.6705277 0.5475741 10
7.0611238 2.7319679 0.57452345 8
7.0734215 -1.1660525 0.60476708 11
7.051199 2.4237084 0.66885799 11.5
7.0452795 2.6918163 0.63982362 9
7.0212383 2.8032146 0.66368449 9
7.078537 2.3824682 0.71892023 11.25
7.0048771 2.5703433 0.7730884 12.5
7.033555 2.7314255 0.74142587 10.75
7.0190639 2.8050609 0.79689008 9
7.0481911 -1.1107172 0.82027227 14
7.0404811 -1.0814031 0.82101464 11
7.0899868 -0.92632997 0.81912601 12
7.0644121 2.216408 0.84491551 14
7.0198145 2.37096 0.86893791 14
7.0184121 2.7716558 0.84810179 9
7.0631409 5.7484055 0.80311555 8
7.0038943 -1.1894196 0.94658047 14
7.0016026 -1.0886543 0.91002536 12
7.0770965 2.1554561 0.94890094 14
7.0417895 2.2223921 0.91758293 12
7.0531936 2.3402605 0.99389118 15
7.0946288 2.570343 0.97454214 11
7.0100298 5.4078817 0.94946659 8
7.0132327 -1.1438079 1.087009 14
7.0406342 -1.0935655 1.0086046 12
7.087111 2.3125937 1.0587846 14
7.0417171 2.6816905 1.0277627 11.5
7.0387473 5.2329555 1.0061622 12
7.0418248 -1.1279333 1.1023231 12
7.0848727 -1.0678447 1.1723228 13
7.0296311 2.7280116 1.122517 10.333333
7.0389676 5.2601023 1.156917 10
7.0541248 -1.0699565 1.2581563 15
7.028059 2.4514618 1.2479137 12
7.0599194 2.5189955 1.2236394 12
7.0494742 5.2431431 1.2780457 12
7.0268989 -1.1470182 1.3456906 13.5
7.0953932 -1.0181334 1.3591803 15
7.0121622 2.2913008 1.3731953 12
7.0923071 2.4164977 1.3458052 15
7.0512376 2.612823 1.3929145 13
7.0056381 -1.2960825 1.4474931 14
7.0878487 2.3412302 1.483001 12
7.0552959 2.5244801 1.4741155 13
7.0647192 -1.1468402 1.5707127 15
7.0365534 2.3669496 1.554436 13
7.0335898 -1.1094444 1.6619617 15
7.0611038 -1.0047753 1.6236839 14
7.0729971 -1.1936747 1.7266083 15
7.0297232 5.530931 1.7310499 10
7.0810533 2.118825 1.984586 13
7.0849833 2.2174215 2.0750325 14
7.0295196 2.2845001 2.1951182 14
7.0047622 2.4327157 2.1364539 14
7.068325 0.78679639 2.279057 15
7.0213766 2.3328838 2.368223 15
7.0514984 8.6922274 2.9606686 14
7.0863423 8.72931 3.0589116 14
7.0724354 8.7461996 3.1508136 15
7.1572595 0.62289512 -0.27685979 8
7.1818309 0.54631758 -0.15995812 8.333333
7.1698337 0.57029009 -0.053933974 9
7.1813664 0.47600162 0.079774663 10
7.1689625 0.55840141 0.030403355 10
7.1805873 0.5352723 0.13456595 11
7.1309342 2.1091664 0.15331449 9
7.118506 0.78896439 0.28209656 12
7.100183 2.124439 0.28822851 10
7.1154928 2.6054554 0.28926775 8
7.1369829 2.954212 0.25599635 8
7.1632762 -1.1143241 0.32222554 13
7.1727376 0.86016285 0.35482535 12
7.1887031 1.8499223 0.32074657 12
7.1483378 1.9696738 0.337865 9.833333
7.1416516 2.0703959 0.33665332 10
7.1955342 0.83066565 0.41537616 12
7.1108093 2.1343272 0.44267175 11
7.1440892 2.2629924 0.4363257 11.5
7.1384411 2.3583908 0.46281844 9
7.1110249 2.4322534 0.48773271 8
7.1150727 2.5491269 0.4674831 8.5
7.1828551 1.8525672 0.54688686 12.25
7.1741948 1.9470327 0.51536787 12
7.1457601 2.056874 0.57573277 13
7.1718931 2.1190622 0.54558861 14
7.1874638 2.2223074 0.55372685 10.5
7.1464648 2.3564374 0.55644673 9.5
7.1649585 2.4196267 0.58667064 8
7.1015582 -1.207862 0.61314327 13
7.198154 1.7893624 0.68556893 12.5
7.1621332 1.8574816 0.65220243 12
7.1508608 1.9122287 0.64878541 11
7.1094298 2.0491734 0.63754767 13.5
7.1334848 2.2835379 0.6303823 9
7.1349778 2.3642969 0.67014539 10.5
7.153861 2.4720132 0.63910651 9
7.1969104 -0.82519341 0.72978169 11
7.116065 1.7998388 0.75234759 15
7.1651106 2.1510005 0.71330041 10
7.1929197 2.2925029 0.7478897 10
7.1154823 5.6114745 0.72808939 8
7.1510787 -0.82025611 0.81249285 12
7.1656785 1.9393445 0.89609617 11
7.1312628 2.0644972 0.83656323 13
7.1961851 2.3355236 0.8242318 9
7.1131053 2.5112178 0.87780458 10
7.1682353 -1.0168949 0.99080163 12
7.1720719 1.8511566 0.95166445 13
7.1957173 2.0146606 0.92177552 13
7.1144094 2.1938248 0.95821142 14.5
7.1424546 2.2627983 0.92569023 12.5
7.139883 -1.0209601 1.0738981 12
7.1882348 -0.9880929 1.0931505 14
7.1753755 1.7699738 1.0866319 13
7.1215801 1.9349403 1.0273294 14.5
7.1895256 2.0211635 1.0198796 14
7.1471353 2.1643128 1.0842522 14
7.1289363 1.939253 1.1379914 14
7.100162 2.0476837 1.1465065 14
7.1663308 2.2387874 1.1229203 14
7.1443791 2.0593274 1.240212 14
7.1868005 2.1728394 1.2309618 14
7.1429329 2.2663672 1.217116 15
7.1010647 2.5230565 1.2400112 11
7.1297808 5.3228602 1.2133439 11
7.1137166 -1.0309181 1.360279 14.666667
7.1946611 1.7409884 1.3068596 15
7.1527319 1.8556901 1.3508949 14
7.166512 1.94041 1.3309621 13.166667
7.1360068 2.3930361 1.3532541 12
7.1058517 2.4024248 1.3684648 11
7.1969428 1.9097821 1.4890583 12
7.1096287 2.1263282 1.4455694 13
7.1622939 2.2319467 1.4222052 13
7.1939459 -0.69218254 1.5093309 15
7.1024008 -1.1376765 1.6495619 15
7.1362014 2.0448425 1.6834267 13
7.1908631 1.6934146 1.7250865 13.5
7.1857972 2.1807718 1.7299154 14
7.1306858 -1.2497728 1.8517382 15
7.1920948 1.7316326 1.8581609 15
7.1921439 1.8339559 1.8137169 15
7.1837945 2.0167196 1.8685825 15
7.1695414 2.0259457 2.0566154 14
7.1311555 2.2915416 2.0243518 13
7.1017704 1.8449181 2.4089816 15
7.1463304 8.6638174 3.3702266 14
7.1174679 8.6422949 3.4926836 15
7.2791886 0.23562115 -0.40138608 7
7.2438598 0.57345766 -0.20330909 8
7.2166705 0.49378344 -0.19247194 8
7.203846 0.53360868 -0.0090705017 9.5
7.2854519 0.26681668 0.045453861 10
7.2859249 0.31400812 0.094286285 9
7.2381005 0.57235938 0.040734254 10
7.2092028 0.52669066 0.14837453 11
7.2844748 1.6066597 0.19986565 8
7.2294288 1.780822 0.10872157 8
7.2953229 1.5554657 0.2319423 9
7.2260566 1.767796 0.21139093 8
7.2266288 1.8218826 0.24755532 10
7.2324367 -1.0643778 0.38257965 13
7.2622123 0.45461872 0.38286194 9
7.2583318 0.84208608 0.3467024 11
7.2330413 0.90640074 0.33446276 11
7.2141609 1.4756385 0.36803743 7.5
7.2676411 1.6423596 0.38032573 10.666667
7.21065 1.7537401 0.37788415 11
7.2102218 1.8824089 0.39723554 11
7.2157483 2.8636539 0.3119995 9
7.2735887 1.6051689 0.46392435 11
7.2304158 1.7669827 0.44482592 11
7.2245398 1.88647 0.49435028 11
7.2239203 2.2265158 0.49050355 9
7.2488256 -0.98982263 0.55911243 11
7.2886567 1.5784937 0.59892166 11
7.2267876 1.7328652 0.55967325 12.5
7.2042189 2.2116489 0.50888044 8.5
7.2133937 2.3987434 0.54552937 10
7.2519236 0.73660487 0.67792875 14.5
7.259254 1.5904834 0.69198799 12
7.2376928 1.7721659 0.62042224 12.5
7.2166133 1.8028799 0.63647658 12
7.2269969 2.0780649 0.64225858 11
7.2406969 2.1764872 0.62608033 11
7.2350502 1.3906004 0.70469105 14
7.2876883 1.4816532 0.74037927 13
7.2225389 1.6307549 0.70484912 15
7.229497 1.7140049 0.76491839 14
7.2701464 2.0548542 0.76117647 12.5
7.2581921 1.5263419 0.82659972 10
7.2651787 1.6748885 0.83257043 14
7.2969122 1.8312622 0.87833309 12
7.2224889 1.9776644 0.81117964 10
7.2040062 2.2130053 0.82687473 11
7.2664499 -1.2767764 0.95087409 14
7.2474523 1.8436906 0.93684733 14
7.2048793 1.9842741 0.93118763 12
7.2074151 2.1167815 0.98228663 11
7.2113261 2.4206688 0.91201079 10
7.2987323 1.4074163 1.0731511 15
7.2466798 1.6456928 1.036979 15
7.2074752 1.7278107 1.0187567 14
7.2120895 1.811397 1.0190902 15
7.2717972 1.9486822 1.021582 12
7.2583718 -1.1200246 1.1850433 13
7.2578788 -1.0029181 1.1653922 15
7.2320294 1.6586455 1.1596653 14
7.2018514 2.2465577 1.1583897 12
7.2795911 7.5573411 1.1255585 7
7.2167091 -1.3042953 1.2947059 14
7.2013836 1.8565495 1.2942098 12
7.2860475 1.9418162 1.2149767 13
7.2335086 5.2048535 1.2147599 13
7.2346659 1.9867214 1.3298526 13
7.2677875 1.4059637 1.4178035 15
7.2327037 1.7197874 1.4500087 13.5
7.2396507 1.923018 1.4477473 14
7.2787023 1.4273106 1.5505065 15
7.2552347 1.9276316 1.5897452 14
7.2205868 2.0207999 1.545917 12
7.2517762 1.7357565 1.6407057 13.5
7.2906246 1.8180255 1.6671103 14
7.2010126 1.9005346 1.6516217 13
7.2100501 1.6126233 1.9505132 14
7.2855439 1.4848094 2.0578649 14
7.2350159 1.5566895 2.1732323 15
7.2451835 1.4818199 2.4245105 15
7.2106247 8.7435865 3.3112783 14
7.2601953 6.837985 3.5947342 14
7.2129521 6.6011782 3.8917816 15
7.3679891 -0.30266684 -0.30566272 8
7.3098636 -0.097052492 -0.29618219 9
7.312274 0.62479848 -0.2330713 7
7.3228354 -0.0050389958 -0.19397144 7
7.3230515 0.97631699 -0.14171828 8
7.3686476 0.70669341 -0.021264656 8
7.366313 0.60134012 0.062103424 8
7.3759141 0.94552857 0.050078221 9.5
7.3906798 0.4031589 0.18877438 7
7.3421144 0.55876786 0.148929 7.75
7.3388815 0.61375451 0.17438126 9
7.3561411 1.462069 0.13955076 9
7.3409142 0.48684847 0.28013328 9
7.3693829 0.50740916 0.2231722 9
7.3474932 0.64051938 0.27380601 9.5
7.3641572 0.86912596 0.29101327 11
7.3899817 1.275038 0.2769123 11
7.323441 1.4879014 0.25794259 10
7.325706 0.53217512 0.38909864 9
7.3933277 1.0010457 0.34137228 12
7.3747315 1.2591345 0.38017541 9
7.343616 1.6696573 0.31176907 11
7.3074689 0.90717572 0.4963924 11
7.3564239 1.4477807 0.41969034 9
7.3482256 1.5716883 0.46203125 11
7.3403287 1.6259058 0.49415141 9
7.3944983 1.1220953 0.53514206 13
7.3431115 1.291008 0.52121252 12
7.3723574 1.7711927 0.53133291 9
7.3346419 1.9409226 0.50129068 10
7.3445101 0.57907838 0.65477651 10
7.3602729 0.64443594 0.65471691 11
7.3305664 0.95373863 0.66487789 10.8
7.3960514 1.5891155 0.60815972 11
7.3543067 1.8233112 0.60857064 10
7.327292 1.9224573 0.62782687 10
7.3284397 5.4510026 0.63763815 7
7.3355846 0.54289418 0.77490324 12
7.3677473 0.93309587 0.74502152 13.5
7.3588667 1.2192379 0.73632634 12
7.3380442 1.3327237 0.73883712 13.5
7.3761687 1.6581284 0.78192931 12
7.3540769 1.722319 0.75017124 10.333333
7.3403883 1.8193381 0.7334581 11
7.3500252 -1.0285953 0.84181571 12
7.3233757 0.79608476 0.8216483 14
7.3131609 0.87838715 0.85932976 12.5
7.3953362 0.90367609 0.83998191 12
7.3949909 1.1464092 0.86110526 12
7.3449869 1.3042698 0.87135661 14
7.3714042 1.4891142 0.83501059 10
7.3669214 1.5684915 0.8686741 15
7.3961754 1.7694125 0.8823123 10
7.3294683 1.8466098 0.86558509 10
7.3244481 1.2827507 0.95111609 12
7.363915 1.3438661 0.94085759 11
7.3748698 1.6399802 0.90686387 11
7.3459468 1.3977106 1.0430782 13
7.3726296 1.4455752 1.098448 14
7.3193779 1.5617656 1.065886 11
7.3856883 1.6682323 1.0436599 11.5
7.3249116 1.7551992 1.0831013 13.5
7.3157377 1.8746969 1.0154421 12
7.3399773 1.9221723 1.0693154 13
7.375186 1.4918712 1.1509975 14
7.3531528 1.5934414 1.1676872 11
7.3353887 1.6470717 1.1487352 12
7.3329229 1.7586883 1.1553527 12
7.3096147 1.8500304 1.1182193 13
7.3764491 1.5398319 1.3501966 13.666667
7.3648005 1.6379832 1.3321455 14
7.3302374 1.3841755 1.4987274 12
7.3524656 1.6408107 1.4636772 15
7.3010168 1.7617013 1.4060138 14
7.3661146 1.3571875 1.583084 13.5
7.312242 1.6813188 1.5017745 14
7.3915792 1.0286154 1.6321814 14
7.3158913 1.3993073 1.6354923 14
7.3507128 1.4604799 1.7630227 14.5
7.3055849 1.795578 1.9449025 14
7.3446336 1.4453815 2.0732431 14
7.3305035 1.1701925 2.1470735 15
7.3186374 1.2030107 2.1819592 15
7.3403025 -0.14941522 2.2224801 15
7.3849864 0.47547099 2.279314 15
7.3529267 1.2756451 2.2322249 15
7.4913063 0.67885661 -0.19452776 8
7.4292865 1.0558197 -0.18484657 8
7.4874797 1.0054049 -0.011002493 9
7.409071 0.75955021 0.094253361 8
7.4769878 0.93346846 0.076087959 10
7.4476323 0.46281338 0.17075831 8
7.400631 0.98379457 0.11099281 9
7.4743009 1.1471256 0.12808426 10
7.4279284 0.90017188 0.29098222 11
7.4901328 1.0454161 0.22399724 11
7.4494472 0.19052313 0.34353414 8
7.4257789 0.98607463 0.31156847 10
7.4291158 1.1141884 0.39890534 11
7.4046454 1.2072191 0.34110326 10
7.4852471 1.434556 0.35658425 7
7.4156375 0.49606475 0.42625621 10.5
7.4182858 0.62946451 0.46483377 10
7.466856 0.93367058 0.47067818 11.5
7.4279385 1.1459962 0.48140347 12
7.424541 1.5190432 0.49866679 10
7.4765077 0.34032059 0.53123736 10
7.4287667 0.81846368 0.52403069 10
7.4692345 0.98174864 0.58062392 12
7.457725 1.1224184 0.52379102 12
7.4548278 1.3453286 0.53832525 9.5
7.4176412 0.82857049 0.63313472 14
7.4487219 0.94343436 0.64621776 10
7.449976 1.5594723 0.67436677 10.5
7.4472327 1.6278971 0.64369392 9
7.4922237 0.89971566 0.73848838 15
7.4573336 0.96769482 0.75083768 14
7.4241648 1.0319041 0.77842414 12
7.4796042 1.2026801 0.75291282 10
7.4052858 1.8204406 0.79264319 12
7.4649534 1.4518176 0.84982127 10
7.4048657 -1.2166525 0.95181334 15
7.4751725 0.75625753 0.91451585 15
7.4735208 0.89948738 0.97255248 12
7.4217787 1.0737987 0.92542106 15
7.4627562 1.1502312 0.94604081 14
7.417419 1.2935219 0.91100383 13
7.4732766 1.432673 0.92533028 12
7.4579902 1.5019329 0.93550622 11
7.4841099 0.76410908 1.084833 14
7.4017296 1.051051 1.0630385 11
7.4127402 1.1542821 1.0596284 14
7.4829845 1.3052495 1.0866475 12
7.4180918 1.6221606 1.0443453 13
7.4523916 1.046538 1.1214828 12.666667
7.4296775 1.0000392 1.2058322 15
7.4793291 1.3492984 1.2173877 14
7.4019337 1.4666224 1.2969447 11
7.4254422 1.6268904 1.249922 12
7.4922247 0.69223195 1.3305337 15
7.4083366 1.0262035 1.351833 15
7.4955468 1.2593927 1.3089617 14
7.4296274 5.4211102 1.3441155 11
7.4878721 -1.2827371 1.4904113 15
7.4186249 1.3388873 1.431401 13
7.4138179 1.4953296 1.457525 14
7.4754858 0.87021923 1.6171494 14
7.493485 1.1589717 1.6909344 15
7.419867 1.3828794 1.7364374 13
7.4703751 0.96337897 1.8949289 14
7.461216 1.1867698 1.8671606 13
7.4284678 1.2686713 1.8115985 13
7.4705672 1.314743 1.9762174 15
7.4798427 0.73816544 2.0361521 14
7.4008374 1.3109187 2.0254366 14
7.4420524 1.4730115 2.1551356 14
7.4369931 5.831727 3.5183759 15
7.4000745 6.2662187 3.8790863 15
7.5071492 0.7102735 -0.37368146 7.5
7.5768223 0.59759438 -0.071461596 7
7.5688381 0.73379958 -0.057889793 8
7.576086 0.63927323 0.060471516 10
7.5322566 0.73355007 0.034453146 8
7.5090442 0.073280722 0.11454245 8
7.5863132 0.5868724 0.14554983 9
7.5706182 0.8987112 0.19780251 9
7.5367103 -0.34908408 0.23067611 8
7.5984354 0.62197411 0.26308253 11
7.5326958 1.0210677 0.26202068 7
7.5290904 1.1248655 0.20722976 7
7.5266733 1.3422171 0.26392698 8
7.5404916 0.70239705 0.32797602 10
7.5061851 0.99031186 0.38154992 10.5
7.5323501 0.41463906 0.40801677 13
7.5793381 0.62424344 0.49232519 11
7.5274282 1.0934204 0.40960407 8
7.5750041 1.3356351 0.40748346 7
7.5291018 0.28243026 0.52464813 9
7.5131316 0.74157047 0.5173201 12
7.5160575 0.96502542 0.541664 10
7.5152612 1.0919558 0.51103479 9
7.5977945 1.1175274 0.58898956 9
7.5679688 1.3001233 0.51852834 8
7.5665741 0.61652082 0.6818651 13
7.5342169 0.76825583 0.60928899 10
7.5448866 0.84128535 0.63532376 13
7.5005574 0.97983128 0.6633479 9
7.5594311 1.2247277 0.68140393 10
7.5391507 1.3462572 0.66868484 10
7.5787048 1.8323027 0.66628027 10
7.5699644 0.89701831 0.72176677 11
7.5205598 1.4633003 0.72245413 10
7.5764313 0.52132756 0.86057633 14.5
7.5426073 1.1351169 0.81751364 11
7.542388 1.2346164 0.85957575 12
7.5000753 1.3360847 0.82780904 11
7.5927815 0.48829311 0.94401532 12
7.5771379 0.55284941 0.9895578 14
7.5329313 0.65710312 0.95224041 14
7.5351114 0.97462201 0.98841965 12
7.5651064 0.28462946 1.0714766 12
7.5604501 0.86726397 1.0327018 10.5
7.5335865 1.0405436 1.0918217 11
7.5663543 1.1608585 1.0300578 12
7.5487108 1.232702 1.0774682 14
7.5304966 1.3594946 1.0160128 13
7.5452967 -1.1823548 1.1258326 15
7.5883727 0.96759814 1.1371679 13.5
7.5437365 1.1852493 1.134006 12
7.5230165 1.2605675 1.1590626 13
7.5652609 0.97014266 1.2549206 13
7.5474977 1.0199217 1.2824576 14
7.5109205 -1.2124821 1.3828523 14
7.5529099 0.91480887 1.3332967 15
7.5299711 1.1760818 1.3557922 12
7.5981798 0.62443852 1.4587158 12
7.5690355 0.72056073 1.4260979 13
7.5297699 1.1149035 1.4371699 13
7.5143065 1.2225772 1.4801742 15
7.570426 0.45575318 1.5160869 13
7.5210009 0.76303196 1.5079312 13
7.5160098 1.1269859 1.5717728 13
7.5286899 0.67588466 1.6056688 13
7.5795732 -0.88100177 1.7636827 14
7.5161324 0.66093004 1.8971642 14
7.5604081 0.88000977 1.8789119 15
7.5583129 1.0811833 1.8657269 14
7.505115 1.1097217 1.8290271 14
7.5175805 0.95474195 1.9642264 14
7.5397811 0.65341806 2.0086105 15
7.605536 0.70368367 -0.20625114 7
7.6634569 0.91125488 0.10978426 8.5
7.6955557 0.66122276 0.20433787 8
7.6925149 0.12296964 0.36984324 12
7.6596608 0.59664339 0.39605492 9
7.6721129 0.87396765 0.35797504 8
7.620523 0.45469254 0.48582715 12
7.6932125 0.62750018 0.46862423 10
7.6656594 0.81253129 0.42318556 8
7.6357851 1.1098186 0.46056223 8.75
7.6872416 0.84133482 0.55401444 11
7.616075 1.0508076 0.51818782 9
7.684566 0.20297344 0.68166375 11
7.6088042 1.1275367 0.67176443 9
7.677145 0.86769134 0.74987996 10.5
7.6198373 1.1678774 0.77743787 11
7.6986532 0.88015121 0.8723368 11
7.6811585 0.24848868 0.91264576 12
7.6909122 0.79623502 0.99966884 11
7.6918812 0.099750116 1.0437856 12
7.6499305 0.35865706 1.0352069 15
7.6669135 0.52463287 1.0173181 13
7.6964707 0.65479279 1.0914571 11
7.6036792 1.0592469 1.017357 11.5
7.691999 0.16972461 1.1895199 13
7.6484518 0.28558308 1.1232792 13
7.6587625 0.46992093 1.1460226 12.5
7.6222835 0.89503914 1.1423628 11
7.6248622 1.0023268 1.1363785 13
7.6737127 0.45690173 1.2043669 15
7.6063185 0.6510545 1.2242118 12
7.662384 0.7508285 1.277715 13
7.6313233 0.91713035 1.2431393 14
7.6499047 0.35468885 1.3448713 12.666667
7.6598759 0.4614324 1.3945003 13
7.6256618 0.85233408 1.3195549 14.5
7.6192002 0.62775666 1.4446366 14
7.6290555 0.95380348 1.40409 13
7.6603966 0.39887974 1.5964936 13
7.6289907 0.24560915 1.6100144 14
7.6972418 0.39671552 1.6545228 13
7.6511025 -0.37755242 1.862941 14
7.6587796 0.44599885 1.8965681 14
7.6269574 0.63577235 1.9094373 14
7.6815071 -0.83338755 2.007606 15
7.6571026 1.0696701 2.0058265 14
7.6371794 0.24941324 2.1217449 15
7.6297355 0.68935353 2.1379998 15
7.6733069 5.8720765 2.9883897 15
7.6597433 5.5156608 3.6563125 15
7.726294 0.84836411 -0.021840269 7
7.7404714 0.73345947 0.17636654 8
7.7509332 0.11416701 0.20953736 9
7.7567945 0.8192628 0.32749051 8.5
7.7760558 0.13796818 0.45075357 12
7.7112489 0.68743664 0.47214195 8.5
7.7516618 0.8592 0.46225271 9
7.7590413 0.065558374 0.58428711 10
7.7039304 0.6864562 0.53875154 9
7.7725449 0.76235539 0.58094132 10
7.7150145 0.0676727 0.69602221 13
7.7713556 0.78874707 0.62884587 10
7.7705984 0.46828651 0.72335213 10
7.7440658 -0.059717454 0.87113267 15
7.7505198 0.020776158 0.81275117 11
7.7284827 0.17092803 0.83523989 11
7.7637482 0.23834431 0.81302559 12
7.7561707 0.61328715 0.84617054 11
7.7163587 0.068325773 0.90888786 14
7.7389503 0.55326015 0.95671457 10
7.7382197 0.077947035 1.0009953 13
7.7065926 0.92132425 1.0796481 13
7.7959437 0.2623091 1.1016845 12
7.749136 0.31383288 1.1121345 11
7.7072825 0.53933603 1.1402899 12
7.7227645 0.65234196 1.1659566 13
7.7622485 -0.12253533 1.2485693 14.5
7.7773333 -0.0089904163 1.2508228 12
7.7325683 0.61405373 1.2416154 14
7.7610655 0.14745416 1.315475 13.5
7.7562723 0.47838444 1.3052073 15
7.7249179 0.5431391 1.3530983 14
7.7575464 0.44157028 1.4376981 12.5
7.726336 0.53973353 1.4567324 14
7.7583113 -0.17901088 1.6058383 15
7.7188473 0.053400684 1.6311102 13
7.7515292 0.22772528 1.6269629 15
7.7053246 0.63733602 1.6073862 14
7.751565 0.2726216 1.7732992 13
7.7458019 0.40012383 1.7155684 15
7.7981534 -0.28034011 1.8396426 14
7.7566314 -0.19926655 2.0629027 14
7.805912 0.85610098 0.1569573 7
7.8214641 -0.075569429 0.3325769 11
7.8470216 0.43911248 0.57917094 9
7.8217788 0.11850851 0.66597348 10
7.8287392 0.3461315 0.68128413 10
7.822947 -0.0041021882 0.93004262 13
7.8217316 7.0708957 0.95823747 7
7.8774214 -0.15841731 1.0158513 10
7.8906341 0.17553663 1.083503 12
7.8374667 -0.29862037 1.1351982 12
7.8948092 0.36051774 1.112464 11
7.8267126 -0.36663568 1.2571837 14
7.8365026 0.28699511 1.2032878 13
7.8759151 -0.084661506 1.3732272 12
7.8476477 -0.50032312 1.4963769 15
7.8557644 -0.073185176 1.4580405 15
7.8362198 0.28724715 1.4184003 14
7.8157697 0.39058021 1.4138509 13
7.812283 -0.11220008 1.5526682 12
7.874577 -0.083444446 1.5486319 15
7.8254733 0.20179345 1.6276685 15
7.857409 0.023994194 1.7866977 15
7.8135443 0.47386563 1.7427124 13
7.8662405 -0.33539364 1.8728381 15
7.8784933 -0.061031498 1.8577007 14.25
7.8059049 -0.11549061 2.0255766 14
7.8201871 -0.39805749 2.1304932 14
7.8953815 6.0535989 3.3492396 15
7.8531094 5.991374 3.5441225 15
7.9662662 -0.54844624 0.029653342 9
7.9500799 -0.3405216 0.86711872 13
7.9346838 -0.28949818 0.82103604 12
7.9130597 0.11390607 0.84144288 10
7.910706 7.0497656 0.87806553 7
7.9924397 -0.9969539 0.94742769 13
7.9535155 0.26875523 0.92424148 12
7.9100971 -0.54169601 1.2237872 13
7.9986286 -0.36848909 1.2533944 12
7.9024181 -0.23160309 1.3038946 15
7.9190941 -0.024448466 1.3835436 14
7.9151974 -0.16124442 1.4156086 14
7.9258494 -1.0306824 1.9148859 15
7.9352455 -0.45339316 2.0148509 15
7.9587512 4.6492944 3.3798842 15
7.9755974 5.8605466 3.393131 15
8.0353127 -1.0531642 0.90642869 13
8.0088434 -0.95474631 1.0223696 14
8.0430107 -0.30087829 1.0685525 12
8.0248747 -1.0461161 1.4590291 15
8.0424595 -0.42834499 1.5970681 15
8.0325441 -0.39690411 1.5281067 14
8.031477 -1.0190877 1.6991284 13
8.0892277 -0.31682405 1.781628 13
8.0652313 -0.50870466 1.8051864 15
8.1476221 -0.62617135 1.163045 13.5
8.1634541 -0.66181034 1.4730692 15
8.1546001 -0.74136341 1.5358256 13
8.1227493 4.0098338 2.7224259 15
8.1592913 9.6815805 3.5573583 15
8.2481432 -0.94024396 1.66242 13
8.2035341 3.5406733 1.7466958 15
8.4451056 3.7512176 0.78045422 11
8.4508781 9.5910702 3.0821745 12
8.4451418 9.3770666 3.64767 14
8.5032187 3.6944227 1.0034826 12
8.5007229 9.5710545 3.205708 13
8.7063036 3.6518302 0.39611614 8
8.7600069 3.6330631 0.45682055 7
8.7653189 7.0187984 1.0534401 8
8.742095 3.8647604 1.2524817 12
8.7770767 6.6917233 1.456128 11
8.793582 3.0594451 1.5335567 14
8.7594585 3.819375 1.57025 15
8.7652874 3.6772985 1.8070241 15
8.7176008 3.1475141 2.0496137 15
8.7526894 9.9984283 3.0227625 11
8.8710661 7.6287971 3.3552971 14
8.8740911 9.4490919 3.6961122 14
8.9123869 6.6140447 1.0996397 8
8.9444532 6.3922257 1.6410525 10
8.9608021 7.194077 3.2623699 14
8.908494 7.8361411 3.3509457 15
8.9142494 7.1595373 3.4608641 14
8.9256744 9.5373058 3.9824851 15
9.0417185 6.8505607 0.83216947 6
9.0021677 9.883956 3.5840368 13
9.1691923 7.8613081 3.4378364 15
9.1146202 8.1003494 3.4793308 14
9.1652851 9.7512903 3.7610354 13
9.2117777 6.4077229 1.1649132 8
9.2027559 10.076972 3.5173914 12
9.3094473 7.5731778 3.3365242 14
9.3219404 7.3511839 3.5066617 15
9.5112677 9.8324013 3.4973319 14
9.5467062 7.4693661 3.6332901 14
9.5883217 9.9703302 3.8965149 13
9.6856823 6.8603845 1.5615319 9
9.7449045 7.3750033 3.3444188 14
9.8723879 7.3820686 3.2238424 15
9.9803152 9.9582262 3.5758553 12
10.062541 6.5863729 1.7330104 10
10.32064 7.4363365 3.3906033 15
10.582131 6.4303708 0.87083745 8
10.570513 9.9360132 3.9271588 14
10.641475 7.7597451 3.3354754 15
10.861704 5.9332128 1.6196018 11
11.067443 6.3229456 1.4427813 9
11.46384 7.7811656 4.4968662 15
11.690344 7.7501078 3.6067059 13
11.771091 7.9964809 4.486609 15
11.971977 7.6551876 3.773479 14
12.038937 7.4316001 3.8848395 15
12.062619 7.0721874 4.0267253 13
12.005535 7.1606359 4.2372088 15
12.146279 7.1565471 3.8041997 13
12.126778 7.042666 3.9666433 14
12.133328 7.0902452 4.1942987 15
12.283172 6.7156253 3.7805622 13
12.272994 6.7201333 4.1492872 14
12.334243 6.2784462 3.4618146 15
12.558496 6.1945462 3.2093325 13
12.55179 5.8034372 3.9066494 14
12.785763 5.2716336 3.1735291 15
12.877574 4.8778968 3.2340076 15
12.808328 5.0416036 3.2608206 13
12.918175 6.2897587 3.0009561 14
12.945777 5.3772187 3.3755913 13
13.039047 6.1375785 2.8698101 12
14.292302 9.5033932 3.9816108 11
14.44825 9.2737179 2.983923 10
14.448856 9.2623568 4.0655775 11
14.570619 9.0119934 2.7831657 11
14.525349 9.1863594 2.7150273 10
14.518971 9.0473337 3.0781496 9
14.582468 8.6569262 3.3393035 11
14.515402 8.9134512 3.4142053 11
14.748313 8.6623983 2.1882648 7
14.708665 8.4924269 2.9090607 9
14.749639 8.4374352 3.2411864 10
14.754969 7.9935107 4.077095 13
14.823708 8.0895777 2.9338093 11
14.823422 8.2344208 3.0731494 11
15.130461 7.7713161 3.9351587 11
15.803484 8.6068134 4.51617 14
16.275286 6.4006901 3.3530865 13
16.525166 8.3768969 0.62607843 6
16.811808 7.4735808 0.80603999 7
16.863354 8.8651266 3.6722331 12
16.933844 7.0971518 0.64857954 7
16.97056 7.8129678 4.3356142 14
17.635155 7.8642297 2.444236 10
17.914616 7.9394279 1.8393139 8
